session_date,timestamp_utc,Open,High,Low,Close,Volume
2016-09-30,2016-09-30T00:00:00Z,183.95751953125,185.10845947265625,182.2311248779297,184.91664123535156,1272904
2016-10-03,2016-10-03T00:00:00Z,184.91664123535156,186.06756591796875,184.8207244873047,185.49209594726562,693182
2016-10-04,2016-10-04T00:00:00Z,185.5880126953125,188.08169555664062,184.34117126464844,187.50624084472656,1896810
2016-10-05,2016-10-05T00:00:00Z,186.547119140625,187.60214233398438,185.10845947265625,187.4103240966797,897788
2016-10-06,2016-10-06T00:00:00Z,188.65716552734375,189.71218872070312,187.50624084472656,189.13671875,834121
2016-10-07,2016-10-07T00:00:00Z,189.0408172607422,189.80810546875,188.1776123046875,188.84898376464844,1121782
2016-10-10,2016-10-10T00:00:00Z,188.84898376464844,189.9040069580078,188.65716552734375,189.9040069580078,1238743
2016-10-11,2016-10-11T00:00:00Z,189.61627197265625,191.91815185546875,189.32855224609375,189.80810546875,1566653
2016-10-12,2016-10-12T00:00:00Z,189.52037048339844,190.86312866210938,189.13671875,189.32855224609375,1287508
2016-10-13,2016-10-13T00:00:00Z,188.9449005126953,189.32855224609375,186.93077087402344,187.50624084472656,981585
2016-10-14,2016-10-14T00:00:00Z,188.1776123046875,190.09584045410156,187.69805908203125,189.80810546875,1005693
2016-10-17,2016-10-17T00:00:00Z,189.32855224609375,190.09584045410156,188.65716552734375,189.13671875,723482
2016-10-18,2016-10-18T00:00:00Z,189.71218872070312,190.19174194335938,188.56124877929688,189.71218872070312,790789
2016-10-19,2016-10-19T00:00:00Z,189.52037048339844,190.9590301513672,188.27352905273438,190.5753936767578,905052
2016-10-20,2016-10-20T00:00:00Z,190.19174194335938,190.86312866210938,189.32855224609375,190.38356018066406,846860
2016-10-21,2016-10-21T00:00:00Z,190.47947692871094,191.43858337402344,189.9040069580078,190.86312866210938,908550
2016-10-24,2016-10-24T00:00:00Z,191.34268188476562,192.5895233154297,190.19174194335938,190.47947692871094,989504
2016-10-25,2016-10-25T00:00:00Z,190.19174194335938,190.86312866210938,189.13671875,189.23263549804688,1383962
2016-10-26,2016-10-26T00:00:00Z,189.13671875,190.19174194335938,188.75308227539062,189.23263549804688,1094682
2016-10-27,2016-10-27T00:00:00Z,180.31289672851562,180.31289672851562,175.61325073242188,179.5456085205078,4613212
2016-10-28,2016-10-28T00:00:00Z,177.53147888183594,178.7783203125,176.188720703125,178.29876708984375,1196318
2016-10-31,2016-10-31T00:00:00Z,177.1478271484375,178.87423706054688,177.0519256591797,178.29876708984375,1122461
2016-11-01,2016-11-01T00:00:00Z,179.16197204589844,179.6415252685547,175.90098571777344,176.3805389404297,1060123
2016-11-02,2016-11-02T00:00:00Z,176.28463745117188,177.1478271484375,174.65414428710938,175.13369750976562,1178842
2016-11-03,2016-11-03T00:00:00Z,174.65414428710938,176.9560089111328,174.3664093017578,175.4214324951172,1222479
2016-11-04,2016-11-04T00:00:00Z,174.75006103515625,175.80508422851562,174.27049255371094,175.13369750976562,752202
2016-11-07,2016-11-07T00:00:00Z,178.0110321044922,181.08018493652344,177.6273956298828,180.79244995117188,1412920
2016-11-08,2016-11-08T00:00:00Z,180.79244995117188,181.2720184326172,178.29876708984375,180.12107849121094,902540
2016-11-09,2016-11-09T00:00:00Z,174.65414428710938,185.20436096191406,174.65414428710938,183.0943145751953,3162955
2016-11-10,2016-11-10T00:00:00Z,184.53298950195312,186.64303588867188,184.05343627929688,184.91664123535156,1777653
2016-11-11,2016-11-11T00:00:00Z,185.97164916992188,187.218505859375,184.34117126464844,185.30027770996094,1477365
2016-11-14,2016-11-14T00:00:00Z,186.16348266601562,188.08169555664062,184.34117126464844,185.30027770996094,1320877
2016-11-15,2016-11-15T00:00:00Z,185.20436096191406,185.97164916992188,183.66978454589844,185.87574768066406,855474
2016-11-16,2016-11-16T00:00:00Z,185.5880126953125,186.64303588867188,184.53298950195312,184.7248077392578,782059
2016-11-17,2016-11-17T00:00:00Z,184.34117126464844,185.49209594726562,184.05343627929688,185.10845947265625,1184421
2016-11-18,2016-11-18T00:00:00Z,185.5880126953125,185.5880126953125,183.1902313232422,183.8616180419922,1033341
2016-11-21,2016-11-21T00:00:00Z,184.1493377685547,184.24525451660156,181.1761016845703,182.9984130859375,1600385
2016-11-22,2016-11-22T00:00:00Z,183.47796630859375,183.8616180419922,181.84747314453125,183.0943145751953,1741737
2016-11-23,2016-11-23T00:00:00Z,182.9984130859375,183.38204956054688,181.94338989257812,183.0943145751953,1362171
2016-11-24,2016-11-24T00:00:00Z,183.0943145751953,183.47796630859375,181.5597381591797,182.1352081298828,694312
2016-11-25,2016-11-25T00:00:00Z,182.039306640625,183.0943145751953,180.79244995117188,182.8065948486328,712410
2016-11-28,2016-11-28T00:00:00Z,182.2311248779297,182.51885986328125,180.12107849121094,180.5047149658203,1236800
2016-11-29,2016-11-29T00:00:00Z,180.31289672851562,180.88836669921875,179.06605529785156,179.92926025390625,1110538
2016-11-30,2016-11-30T00:00:00Z,179.7374267578125,181.1761016845703,178.68240356445312,180.2169952392578,2607315
2016-12-01,2016-12-01T00:00:00Z,180.6006317138672,182.2311248779297,180.31289672851562,182.2311248779297,1098158
2016-12-02,2016-12-02T00:00:00Z,181.2720184326172,182.61476135253906,180.31289672851562,181.75157165527344,1092927
2016-12-05,2016-12-05T00:00:00Z,180.69654846191406,185.20436096191406,180.69654846191406,184.34117126464844,1126606
2016-12-06,2016-12-06T00:00:00Z,183.57388305664062,184.8207244873047,182.61476135253906,183.8616180419922,1351112
2016-12-07,2016-12-07T00:00:00Z,184.62890625,185.01254272460938,181.5597381591797,182.61476135253906,1570182
2016-12-08,2016-12-08T00:00:00Z,183.1902313232422,183.47796630859375,181.46383666992188,183.1902313232422,1435740
2016-12-09,2016-12-09T00:00:00Z,183.1902313232422,184.7248077392578,182.3270263671875,184.34117126464844,1149707
2016-12-12,2016-12-12T00:00:00Z,185.49209594726562,187.50624084472656,185.49209594726562,186.83485412597656,1858727
2016-12-13,2016-12-13T00:00:00Z,185.01254272460938,186.16348266601562,183.0943145751953,186.06756591796875,1747610
2016-12-14,2016-12-14T00:00:00Z,186.3553009033203,188.1776123046875,186.06756591796875,186.93077087402344,1851505
2016-12-15,2016-12-15T00:00:00Z,186.547119140625,188.75308227539062,186.16348266601562,188.75308227539062,1635884
2016-12-16,2016-12-16T00:00:00Z,187.9857940673828,189.32855224609375,187.88987731933594,189.13671875,1635965
2016-12-19,2016-12-19T00:00:00Z,188.56124877929688,189.61627197265625,187.79396057128906,188.84898376464844,1728015
2016-12-20,2016-12-20T00:00:00Z,188.75308227539062,189.9999237060547,188.56124877929688,189.52037048339844,1429500
2016-12-21,2016-12-21T00:00:00Z,188.9449005126953,189.42445373535156,185.5880126953125,186.4512176513672,1573911
2016-12-22,2016-12-22T00:00:00Z,185.49209594726562,186.16348266601562,184.91664123535156,185.87574768066406,645351
2016-12-23,2016-12-23T00:00:00Z,186.547119140625,187.69805908203125,185.68392944335938,186.06756591796875,710099
2016-12-27,2016-12-27T00:00:00Z,185.7798309326172,186.83485412597656,185.7798309326172,186.547119140625,587891
2016-12-28,2016-12-28T00:00:00Z,186.06756591796875,187.4103240966797,185.87574768066406,186.64303588867188,857685
2016-12-29,2016-12-29T00:00:00Z,186.3553009033203,186.3553009033203,184.05343627929688,184.62890625,656374
2016-12-30,2016-12-30T00:00:00Z,184.91664123535156,185.01254272460938,182.61476135253906,183.95751953125,2092737
2017-01-02,2017-01-02T00:00:00Z,183.1902313232422,185.5880126953125,182.71067810058594,185.01254272460938,578901
2017-01-03,2017-01-03T00:00:00Z,185.10845947265625,186.7389373779297,185.01254272460938,185.68392944335938,941517
2017-01-04,2017-01-04T00:00:00Z,185.68392944335938,186.3553009033203,184.7248077392578,185.87574768066406,643744
2017-01-05,2017-01-05T00:00:00Z,185.7798309326172,186.25938415527344,184.24525451660156,184.53298950195312,380405
2017-01-09,2017-01-09T00:00:00Z,186.7389373779297,187.79396057128906,185.30027770996094,186.4512176513672,1251476
2017-01-10,2017-01-10T00:00:00Z,186.7389373779297,189.23263549804688,186.3553009033203,189.13671875,1687794
2017-01-11,2017-01-11T00:00:00Z,191.5345001220703,194.9873046875,191.34268188476562,193.45272827148438,1969757
2017-01-12,2017-01-12T00:00:00Z,192.10997009277344,192.397705078125,189.42445373535156,189.71218872070312,1236991
2017-01-13,2017-01-13T00:00:00Z,189.9999237060547,192.4936065673828,189.9999237060547,192.30178833007812,1347506
2017-01-16,2017-01-16T00:00:00Z,191.82223510742188,193.3568115234375,187.9857940673828,191.15084838867188,2402645
2017-01-17,2017-01-17T00:00:00Z,190.67129516601562,191.82223510742188,188.1776123046875,191.34268188476562,2221649
2017-01-18,2017-01-18T00:00:00Z,191.34268188476562,191.82223510742188,189.71218872070312,191.82223510742188,1516442
2017-01-19,2017-01-19T00:00:00Z,191.82223510742188,194.1240997314453,191.34268188476562,193.5486297607422,1668423
2017-01-20,2017-01-20T00:00:00Z,192.97315979003906,194.60365295410156,192.87725830078125,194.31591796875,1551892
2017-01-23,2017-01-23T00:00:00Z,193.26089477539062,194.1240997314453,191.6304168701172,192.01405334472656,1181546
2017-01-24,2017-01-24T00:00:00Z,192.397705078125,194.41183471679688,192.397705078125,193.93228149414062,1137424
2017-01-25,2017-01-25T00:00:00Z,195.37094116210938,199.3032989501953,194.69956970214844,198.91966247558594,1943936
2017-01-26,2017-01-26T00:00:00Z,199.68695068359375,202.8520050048828,199.2073974609375,201.7969970703125,2332241
2017-01-27,2017-01-27T00:00:00Z,201.3174285888672,201.8928985595703,200.74197387695312,201.41334533691406,1140343
2017-01-30,2017-01-30T00:00:00Z,201.41334533691406,202.27655029296875,199.78285217285156,199.87876892089844,1016279
2017-01-31,2017-01-31T00:00:00Z,200.45423889160156,201.7969970703125,198.44009399414062,199.11148071289062,1101435
2017-02-01,2017-02-01T00:00:00Z,200.74197387695312,201.22152709960938,198.82374572753906,199.11148071289062,658263
2017-02-02,2017-02-02T00:00:00Z,198.5360107421875,198.7278289794922,196.23414611816406,198.15237426757812,1014987
2017-02-03,2017-02-03T00:00:00Z,198.05645751953125,198.82374572753906,197.48098754882812,198.63192749023438,602091
2017-02-06,2017-02-06T00:00:00Z,198.82374572753906,199.3032989501953,196.905517578125,197.48098754882812,696405
2017-02-07,2017-02-07T00:00:00Z,197.3850860595703,199.9746856689453,196.905517578125,199.01556396484375,781875
2017-02-08,2017-02-08T00:00:00Z,195.0832061767578,195.27503967285156,191.34268188476562,192.10997009277344,2818402
2017-02-09,2017-02-09T00:00:00Z,192.78134155273438,194.89138793945312,192.78134155273438,194.1240997314453,1350877
2017-02-10,2017-02-10T00:00:00Z,194.69956970214844,196.42596435546875,192.78134155273438,195.46685791015625,1417134
2017-02-13,2017-02-13T00:00:00Z,195.56277465820312,196.42596435546875,195.27503967285156,196.33006286621094,541535
2017-02-14,2017-02-14T00:00:00Z,196.42596435546875,196.42596435546875,194.69956970214844,195.1791229248047,801784
2017-02-15,2017-02-15T00:00:00Z,195.27503967285156,196.1382293701172,194.31591796875,195.65867614746094,714823
2017-02-16,2017-02-16T00:00:00Z,195.65867614746094,195.9464111328125,194.60365295410156,195.1791229248047,592570
2017-02-17,2017-02-17T00:00:00Z,195.1791229248047,195.56277465820312,193.06907653808594,194.02818298339844,717493
2017-02-20,2017-02-20T00:00:00Z,194.89138793945312,195.7545928955078,194.41183471679688,194.9873046875,861569
2017-02-21,2017-02-21T00:00:00Z,195.27503967285156,198.05645751953125,194.89138793945312,197.7687225341797,1097548
2017-02-22,2017-02-22T00:00:00Z,197.576904296875,198.91966247558594,196.04232788085938,196.52188110351562,1023236
2017-02-23,2017-02-23T00:00:00Z,197.09735107421875,197.7687225341797,195.85049438476562,196.7136993408203,854603
2017-02-24,2017-02-24T00:00:00Z,196.52188110351562,196.7136993408203,192.397705078125,194.02818298339844,1080716
2017-02-27,2017-02-27T00:00:00Z,195.0832061767578,195.37094116210938,193.26089477539062,194.50775146484375,1263546
2017-02-28,2017-02-28T00:00:00Z,195.1791229248047,195.85049438476562,194.69956970214844,195.85049438476562,738749
2017-03-01,2017-03-01T00:00:00Z,195.9464111328125,198.63192749023438,195.56277465820312,198.24827575683594,1105855
2017-03-02,2017-03-02T00:00:00Z,199.2073974609375,199.78285217285156,197.576904296875,197.86463928222656,580384
2017-03-03,2017-03-03T00:00:00Z,197.48098754882812,197.48098754882812,195.46685791015625,196.1382293701172,946240
2017-03-06,2017-03-06T00:00:00Z,195.65867614746094,195.7545928955078,193.26089477539062,194.69956970214844,771211
2017-03-07,2017-03-07T00:00:00Z,194.60365295410156,195.37094116210938,193.74046325683594,194.69956970214844,832786
2017-03-08,2017-03-08T00:00:00Z,195.37094116210938,196.1382293701172,194.2200164794922,195.9464111328125,779084
2017-03-09,2017-03-09T00:00:00Z,195.7545928955078,195.7545928955078,192.30178833007812,193.45272827148438,1234884
2017-03-10,2017-03-10T00:00:00Z,193.45272827148438,194.9873046875,193.06907653808594,194.1240997314453,979115
2017-03-13,2017-03-13T00:00:00Z,194.1240997314453,195.7545928955078,193.3568115234375,193.3568115234375,1145901
2017-03-14,2017-03-14T00:00:00Z,193.45272827148438,193.93228149414062,192.68544006347656,193.64454650878906,780021
2017-03-15,2017-03-15T00:00:00Z,193.45272827148438,195.85049438476562,193.45272827148438,195.46685791015625,870126
2017-03-16,2017-03-16T00:00:00Z,196.1382293701172,197.86463928222656,194.9873046875,195.85049438476562,1380426
2017-03-17,2017-03-17T00:00:00Z,196.04232788085938,197.09735107421875,194.50775146484375,196.7136993408203,1083919
2017-03-20,2017-03-20T00:00:00Z,196.61778259277344,198.3441925048828,196.42596435546875,197.6728057861328,735494
2017-03-21,2017-03-21T00:00:00Z,197.576904296875,198.24827575683594,195.56277465820312,196.04232788085938,1394326
2017-03-22,2017-03-22T00:00:00Z,195.1791229248047,195.56277465820312,192.87725830078125,195.56277465820312,1597683
2017-03-23,2017-03-23T00:00:00Z,194.7954864501953,198.3441925048828,194.02818298339844,198.3441925048828,894586
2017-03-24,2017-03-24T00:00:00Z,197.6728057861328,198.63192749023438,196.23414611816406,197.576904296875,653449
2017-03-27,2017-03-27T00:00:00Z,196.42596435546875,196.7136993408203,194.9873046875,195.65867614746094,1036873
2017-03-28,2017-03-28T00:00:00Z,197.09735107421875,198.5360107421875,196.52188110351562,198.24827575683594,1002985
2017-03-29,2017-03-29T00:00:00Z,198.5360107421875,199.59103393554688,198.05645751953125,198.7278289794922,991953
2017-03-30,2017-03-30T00:00:00Z,198.44009399414062,200.45423889160156,198.05645751953125,200.3583221435547,922438
2017-03-31,2017-03-31T00:00:00Z,200.45423889160156,200.83787536621094,198.05645751953125,200.83787536621094,1112670
2017-04-03,2017-04-03T00:00:00Z,200.83787536621094,201.22152709960938,199.01556396484375,199.4951171875,831926
2017-04-04,2017-04-04T00:00:00Z,200.2624053955078,202.18063354492188,200.07058715820312,201.60516357421875,792240
2017-04-05,2017-04-05T00:00:00Z,201.41334533691406,201.50926208496094,198.91966247558594,200.3583221435547,884928
2017-04-06,2017-04-06T00:00:00Z,199.4951171875,202.084716796875,198.5360107421875,202.084716796875,673265
2017-04-07,2017-04-07T00:00:00Z,201.70108032226562,202.9479217529297,199.87876892089844,202.8520050048828,829427
2017-04-10,2017-04-10T00:00:00Z,203.33157348632812,203.33157348632812,201.22152709960938,201.41334533691406,740579
2017-04-11,2017-04-11T00:00:00Z,199.01556396484375,200.45423889160156,197.86463928222656,199.3032989501953,1182799
2017-04-12,2017-04-12T00:00:00Z,198.91966247558594,199.68695068359375,197.7687225341797,198.5360107421875,541931
2017-04-13,2017-04-13T00:00:00Z,197.09735107421875,198.24827575683594,196.61778259277344,198.05645751953125,479179
2017-04-18,2017-04-18T00:00:00Z,198.05645751953125,198.63192749023438,195.0832061767578,196.1382293701172,1428764
2017-04-19,2017-04-19T00:00:00Z,191.24676513671875,192.78134155273438,190.67129516601562,192.397705078125,1326813
2017-04-20,2017-04-20T00:00:00Z,193.74046325683594,196.7136993408203,192.97315979003906,196.04232788085938,1548050
2017-04-21,2017-04-21T00:00:00Z,198.82374572753906,201.1256103515625,198.3441925048828,200.83787536621094,2815291
2017-04-24,2017-04-24T00:00:00Z,201.41334533691406,203.33157348632812,200.74197387695312,202.66018676757812,2350774
2017-04-25,2017-04-25T00:00:00Z,203.13973999023438,203.7152099609375,200.3583221435547,203.5233917236328,2297244
2017-04-26,2017-04-26T00:00:00Z,203.33157348632812,205.5375213623047,201.9888153076172,205.24978637695312,1491296
2017-04-27,2017-04-27T00:00:00Z,204.00294494628906,208.51077270507812,203.13973999023438,207.7434844970703,2194252
2017-04-28,2017-04-28T00:00:00Z,207.1680145263672,208.7985076904297,206.68846130371094,208.03121948242188,1653120
2017-05-02,2017-05-02T00:00:00Z,207.83938598632812,208.31893920898438,207.1680145263672,208.31893920898438,1297840
2017-05-03,2017-05-03T00:00:00Z,207.935302734375,208.1271209716797,206.9761962890625,208.03121948242188,962291
2017-05-04,2017-05-04T00:00:00Z,208.1271209716797,208.8944091796875,207.1680145263672,208.8944091796875,1447369
2017-05-05,2017-05-05T00:00:00Z,208.7025909423828,209.0862274169922,207.26393127441406,209.0862274169922,879165
2017-05-08,2017-05-08T00:00:00Z,208.8944091796875,208.8944091796875,206.78436279296875,208.1271209716797,1144561
2017-05-09,2017-05-09T00:00:00Z,208.1271209716797,210.62081909179688,207.83938598632812,208.99032592773438,1102454
2017-05-10,2017-05-10T00:00:00Z,208.7985076904297,210.04534912109375,207.83938598632812,209.7576141357422,1121788
2017-05-11,2017-05-11T00:00:00Z,209.94943237304688,210.3330841064453,208.31893920898438,209.27806091308594,930598
2017-05-12,2017-05-12T00:00:00Z,209.5657958984375,209.85353088378906,207.35983276367188,209.27806091308594,994471
2017-05-15,2017-05-15T00:00:00Z,209.37396240234375,209.94943237304688,207.0720977783203,209.46987915039062,875743
2017-05-16,2017-05-16T00:00:00Z,209.5657958984375,212.44313049316406,209.18214416503906,211.57992553710938,1153890
2017-05-17,2017-05-17T00:00:00Z,211.00445556640625,211.3881072998047,207.26393127441406,208.03121948242188,1462934
2017-05-18,2017-05-18T00:00:00Z,207.26393127441406,207.935302734375,204.96205139160156,207.0720977783203,1758773
2017-05-19,2017-05-19T00:00:00Z,208.1271209716797,209.85353088378906,207.7434844970703,208.99032592773438,1105800
2017-05-22,2017-05-22T00:00:00Z,209.5657958984375,210.3330841064453,208.22303771972656,208.99032592773438,1226208
2017-05-23,2017-05-23T00:00:00Z,207.83938598632812,208.1271209716797,205.82525634765625,208.03121948242188,1382629
2017-05-24,2017-05-24T00:00:00Z,205.92117309570312,208.60667419433594,205.82525634765625,207.26393127441406,420657
2017-05-26,2017-05-26T00:00:00Z,207.45574951171875,208.31893920898438,206.4966278076172,208.03121948242188,770737
2017-05-29,2017-05-29T00:00:00Z,207.935302734375,208.7985076904297,206.9761962890625,208.41485595703125,464873
2017-05-30,2017-05-30T00:00:00Z,208.1271209716797,209.18214416503906,207.64756774902344,208.51077270507812,609687
2017-05-31,2017-05-31T00:00:00Z,208.41485595703125,210.42898559570312,207.1680145263672,210.04534912109375,1924259
2017-06-01,2017-06-01T00:00:00Z,209.0862274169922,211.2921905517578,208.8944091796875,209.5657958984375,738071
2017-06-02,2017-06-02T00:00:00Z,210.23716735839844,213.68997192382812,209.94943237304688,213.49813842773438,1121398
2017-06-05,2017-06-05T00:00:00Z,211.96356201171875,213.114501953125,211.67584228515625,212.1553955078125,473125
2017-06-06,2017-06-06T00:00:00Z,212.1553955078125,212.1553955078125,212.1553955078125,212.1553955078125,0
2017-06-07,2017-06-07T00:00:00Z,211.96356201171875,212.53903198242188,211.00445556640625,211.19627380371094,1429607
2017-06-08,2017-06-08T00:00:00Z,210.81263732910156,212.2512969970703,210.62081909179688,211.3881072998047,835149
2017-06-09,2017-06-09T00:00:00Z,211.4840087890625,213.01858520507812,211.19627380371094,212.05947875976562,854912
2017-06-12,2017-06-12T00:00:00Z,211.57992553710938,211.57992553710938,208.99032592773438,210.04534912109375,959036
2017-06-13,2017-06-13T00:00:00Z,209.46987915039062,211.10037231445312,209.27806091308594,210.3330841064453,560972
2017-06-14,2017-06-14T00:00:00Z,210.81263732910156,212.2512969970703,209.37396240234375,209.7576141357422,1035516
2017-06-15,2017-06-15T00:00:00Z,209.37396240234375,209.46987915039062,206.68846130371094,208.31893920898438,1086078
2017-06-16,2017-06-16T00:00:00Z,210.3330841064453,210.52490234375,207.7434844970703,210.23716735839844,1369412
2017-06-19,2017-06-19T00:00:00Z,211.10037231445312,212.9226837158203,211.10037231445312,212.63494873046875,1112879
2017-06-20,2017-06-20T00:00:00Z,213.01858520507812,213.78587341308594,211.86766052246094,211.86766052246094,914330
2017-06-21,2017-06-21T00:00:00Z,211.3881072998047,212.73086547851562,209.5657958984375,212.1553955078125,1181328
2017-06-22,2017-06-22T00:00:00Z,211.77174377441406,212.05947875976562,210.42898559570312,211.67584228515625,910970
2017-06-23,2017-06-23T00:00:00Z,211.67584228515625,211.67584228515625,211.67584228515625,211.67584228515625,0
2017-06-26,2017-06-26T00:00:00Z,212.2512969970703,213.3063201904297,211.86766052246094,212.1553955078125,872344
2017-06-27,2017-06-27T00:00:00Z,211.86766052246094,212.05947875976562,209.6616973876953,209.6616973876953,962441
2017-06-28,2017-06-28T00:00:00Z,209.0862274169922,209.0862274169922,205.72933959960938,206.1129913330078,1207621
2017-06-29,2017-06-29T00:00:00Z,206.88027954101562,206.88027954101562,201.22152709960938,201.22152709960938,1591390
2017-06-30,2017-06-30T00:00:00Z,200.9337921142578,202.37245178222656,199.87876892089844,200.64605712890625,3476820
2017-07-03,2017-07-03T00:00:00Z,200.83787536621094,203.04383850097656,200.74197387695312,202.46836853027344,1244827
2017-07-04,2017-07-04T00:00:00Z,202.084716796875,202.46836853027344,201.1256103515625,201.3174285888672,799659
2017-07-05,2017-07-05T00:00:00Z,200.74197387695312,201.70108032226562,199.87876892089844,201.70108032226562,985841
2017-07-06,2017-07-06T00:00:00Z,200.74197387695312,201.41334533691406,198.15237426757812,200.3583221435547,1301068
2017-07-07,2017-07-07T00:00:00Z,200.2624053955078,200.64605712890625,198.91966247558594,198.91966247558594,758001
2017-07-10,2017-07-10T00:00:00Z,199.59103393554688,200.64605712890625,199.2073974609375,199.3032989501953,658406
2017-07-11,2017-07-11T00:00:00Z,199.68695068359375,200.83787536621094,198.7278289794922,199.2073974609375,1017809
2017-07-12,2017-07-12T00:00:00Z,199.3992156982422,203.9070281982422,199.3992156982422,203.33157348632812,1076695
2017-07-13,2017-07-13T00:00:00Z,203.33157348632812,203.33157348632812,200.2624053955078,200.2624053955078,1273900
2017-07-14,2017-07-14T00:00:00Z,199.87876892089844,199.87876892089844,197.96054077148438,199.4951171875,1089820
2017-07-17,2017-07-17T00:00:00Z,199.68695068359375,200.9337921142578,199.01556396484375,199.68695068359375,980618
2017-07-18,2017-07-18T00:00:00Z,198.63192749023438,200.07058715820312,197.28916931152344,197.86463928222656,1253409
2017-07-19,2017-07-19T00:00:00Z,198.3441925048828,200.07058715820312,197.96054077148438,199.11148071289062,1340024
2017-07-20,2017-07-20T00:00:00Z,194.69956970214844,195.0832061767578,191.91815185546875,193.1649932861328,3432939
2017-07-21,2017-07-21T00:00:00Z,191.24676513671875,191.43858337402344,187.69805908203125,188.08169555664062,1883147
2017-07-24,2017-07-24T00:00:00Z,187.50624084472656,188.27352905273438,184.8207244873047,184.8207244873047,1516796
2017-07-25,2017-07-25T00:00:00Z,184.8207244873047,185.7798309326172,183.66978454589844,184.62890625,1187052
2017-07-26,2017-07-26T00:00:00Z,184.62890625,185.97164916992188,183.57388305664062,183.8616180419922,1181996
2017-07-27,2017-07-27T00:00:00Z,183.8616180419922,185.20436096191406,183.47796630859375,183.7657012939453,988021
2017-07-28,2017-07-28T00:00:00Z,183.1902313232422,183.66978454589844,181.2720184326172,182.51885986328125,1445178
2017-07-31,2017-07-31T00:00:00Z,182.61476135253906,183.7657012939453,181.94338989257812,182.3270263671875,1002238
2017-08-01,2017-08-01T00:00:00Z,181.94338989257812,184.53298950195312,181.75157165527344,183.66978454589844,787555
2017-08-02,2017-08-02T00:00:00Z,184.1493377685547,184.53298950195312,182.3270263671875,182.9984130859375,1283082
2017-08-03,2017-08-03T00:00:00Z,183.38204956054688,183.47796630859375,181.94338989257812,182.51885986328125,918026
2017-08-04,2017-08-04T00:00:00Z,182.61476135253906,183.47796630859375,181.65565490722656,183.0943145751953,867004
2017-08-07,2017-08-07T00:00:00Z,182.8065948486328,183.28614807128906,181.08018493652344,181.94338989257812,990946
2017-08-08,2017-08-08T00:00:00Z,181.65565490722656,184.1493377685547,181.65565490722656,183.57388305664062,1177004
2017-08-09,2017-08-09T00:00:00Z,183.0943145751953,183.38204956054688,181.65565490722656,181.75157165527344,913355
2017-08-10,2017-08-10T00:00:00Z,181.94338989257812,182.039306640625,178.9701385498047,178.9701385498047,933881
2017-08-11,2017-08-11T00:00:00Z,178.39468383789062,179.16197204589844,177.9151153564453,178.20285034179688,1292055
2017-08-14,2017-08-14T00:00:00Z,178.39468383789062,179.6415252685547,178.29876708984375,178.68240356445312,868285
2017-08-15,2017-08-15T00:00:00Z,178.7783203125,179.83334350585938,176.47645568847656,177.0519256591797,1262855
2017-08-16,2017-08-16T00:00:00Z,176.860107421875,179.92926025390625,176.860107421875,179.7374267578125,1714373
2017-08-17,2017-08-17T00:00:00Z,179.7374267578125,180.12107849121094,178.9701385498047,179.5456085205078,1571437
2017-08-18,2017-08-18T00:00:00Z,178.5865020751953,179.16197204589844,177.24374389648438,177.33966064453125,1296726
2017-08-21,2017-08-21T00:00:00Z,176.47645568847656,177.53147888183594,175.4214324951172,176.28463745117188,1293861
2017-08-22,2017-08-22T00:00:00Z,176.76419067382812,179.7374267578125,176.76419067382812,179.6415252685547,2285526
2017-08-23,2017-08-23T00:00:00Z,179.16197204589844,179.92926025390625,178.7783203125,179.6415252685547,1612052
2017-08-24,2017-08-24T00:00:00Z,180.12107849121094,180.69654846191406,178.29876708984375,178.39468383789062,1263278
2017-08-25,2017-08-25T00:00:00Z,178.7783203125,179.44970703125,178.29876708984375,178.29876708984375,981647
2017-08-28,2017-08-28T00:00:00Z,177.6273956298828,178.0110321044922,176.28463745117188,176.57237243652344,749985
2017-08-29,2017-08-29T00:00:00Z,175.3255157470703,175.61325073242188,173.7909393310547,173.7909393310547,1446450
2017-08-30,2017-08-30T00:00:00Z,174.5582275390625,175.2296142578125,173.69503784179688,175.13369750976562,1890299
2017-08-31,2017-08-31T00:00:00Z,175.13369750976562,176.47645568847656,174.84596252441406,176.09280395507812,1301293
2017-09-01,2017-09-01T00:00:00Z,177.53147888183594,179.25787353515625,177.1478271484375,178.49058532714844,1111113
2017-09-04,2017-09-04T00:00:00Z,177.1478271484375,179.6415252685547,177.0519256591797,179.25787353515625,1228618
2017-09-05,2017-09-05T00:00:00Z,179.44970703125,181.84747314453125,179.35379028320312,180.5047149658203,2093130
2017-09-06,2017-09-06T00:00:00Z,180.02516174316406,182.039306640625,179.44970703125,181.5597381591797,1528567
2017-09-07,2017-09-07T00:00:00Z,182.2311248779297,182.8065948486328,180.6006317138672,182.8065948486328,1704745
2017-09-08,2017-09-08T00:00:00Z,182.3270263671875,183.57388305664062,181.367919921875,183.1902313232422,1108503
2017-09-11,2017-09-11T00:00:00Z,183.7657012939453,186.64303588867188,183.28614807128906,185.97164916992188,1595386
2017-09-12,2017-09-12T00:00:00Z,186.16348266601562,186.64303588867188,185.01254272460938,186.4512176513672,1295490
2017-09-13,2017-09-13T00:00:00Z,185.87574768066406,187.3144073486328,185.3961944580078,187.3144073486328,1129053
2017-09-14,2017-09-14T00:00:00Z,187.12258911132812,188.08169555664062,186.547119140625,187.88987731933594,1642559
2017-09-15,2017-09-15T00:00:00Z,187.69805908203125,188.27352905273438,185.68392944335938,186.25938415527344,1386771
2017-09-18,2017-09-18T00:00:00Z,187.02667236328125,187.69805908203125,186.547119140625,187.218505859375,1266358
2017-09-19,2017-09-19T00:00:00Z,187.218505859375,188.3694305419922,187.218505859375,187.60214233398438,1812019
2017-09-20,2017-09-20T00:00:00Z,187.02667236328125,188.65716552734375,187.02667236328125,187.88987731933594,1105212
2017-09-21,2017-09-21T00:00:00Z,188.3694305419922,188.84898376464844,187.69805908203125,188.84898376464844,925275
2017-09-22,2017-09-22T00:00:00Z,188.75308227539062,188.84898376464844,187.60214233398438,188.56124877929688,1081179
2017-09-25,2017-09-25T00:00:00Z,188.56124877929688,190.47947692871094,188.3694305419922,190.47947692871094,2128069
2017-09-26,2017-09-26T00:00:00Z,189.9040069580078,191.6304168701172,189.61627197265625,191.5345001220703,1347973
2017-09-27,2017-09-27T00:00:00Z,191.82223510742188,192.20587158203125,190.67129516601562,191.5345001220703,1369998
2017-09-28,2017-09-28T00:00:00Z,191.6304168701172,191.91815185546875,190.5753936767578,191.82223510742188,1504706
2017-09-29,2017-09-29T00:00:00Z,191.91815185546875,193.3568115234375,190.7672119140625,193.3568115234375,1611013
2017-10-02,2017-10-02T00:00:00Z,193.5486297607422,195.46685791015625,193.5486297607422,194.60365295410156,1669096
2017-10-03,2017-10-03T00:00:00Z,195.65867614746094,195.65867614746094,194.50775146484375,194.69956970214844,1796601
2017-10-04,2017-10-04T00:00:00Z,194.9873046875,195.56277465820312,192.97315979003906,195.27503967285156,1991704
2017-10-05,2017-10-05T00:00:00Z,194.60365295410156,195.46685791015625,194.50775146484375,195.27503967285156,1489349
2017-10-06,2017-10-06T00:00:00Z,195.46685791015625,195.56277465820312,194.50775146484375,194.9873046875,1320266
2017-10-09,2017-10-09T00:00:00Z,194.89138793945312,195.56277465820312,193.93228149414062,194.9873046875,1369143
2017-10-10,2017-10-10T00:00:00Z,194.50775146484375,194.7954864501953,193.45272827148438,194.1240997314453,1006601
2017-10-11,2017-10-11T00:00:00Z,193.74046325683594,194.89138793945312,192.97315979003906,194.41183471679688,1156036
2017-10-12,2017-10-12T00:00:00Z,193.74046325683594,194.41183471679688,193.1649932861328,194.02818298339844,1031816
2017-10-13,2017-10-13T00:00:00Z,194.69956970214844,195.1791229248047,194.1240997314453,195.0832061767578,1308287
2017-10-16,2017-10-16T00:00:00Z,195.27503967285156,195.65867614746094,193.83636474609375,193.93228149414062,969527
2017-10-17,2017-10-17T00:00:00Z,194.2200164794922,195.56277465820312,193.74046325683594,195.0832061767578,1288060
2017-10-18,2017-10-18T00:00:00Z,195.1791229248047,195.1791229248047,193.83636474609375,194.9873046875,1520732
2017-10-19,2017-10-19T00:00:00Z,194.69956970214844,198.15237426757812,194.41183471679688,197.96054077148438,2307522
2017-10-20,2017-10-20T00:00:00Z,198.3441925048828,200.2624053955078,198.15237426757812,199.01556396484375,2088456
2017-10-23,2017-10-23T00:00:00Z,198.7278289794922,200.07058715820312,198.44009399414062,199.2073974609375,1829403
2017-10-24,2017-10-24T00:00:00Z,198.63192749023438,199.11148071289062,196.8096160888672,197.48098754882812,1482030
2017-10-25,2017-10-25T00:00:00Z,197.48098754882812,198.5360107421875,196.7136993408203,197.3850860595703,1419739
2017-10-26,2017-10-26T00:00:00Z,199.11148071289062,203.9070281982422,198.5360107421875,202.756103515625,2997440
2017-10-27,2017-10-27T00:00:00Z,202.756103515625,203.9070281982422,201.9888153076172,203.23565673828125,1704448
2017-10-30,2017-10-30T00:00:00Z,202.37245178222656,203.42747497558594,201.60516357421875,202.9479217529297,1161878
2017-10-31,2017-10-31T00:00:00Z,206.2089080810547,210.81263732910156,205.44161987304688,210.42898559570312,3408669
2017-11-01,2017-11-01T00:00:00Z,211.4840087890625,213.3063201904297,210.90853881835938,211.4840087890625,2769415
2017-11-02,2017-11-02T00:00:00Z,211.2921905517578,211.2921905517578,208.41485595703125,209.85353088378906,1809433
2017-11-03,2017-11-03T00:00:00Z,210.04534912109375,212.1553955078125,209.27806091308594,211.19627380371094,589925
2017-11-06,2017-11-06T00:00:00Z,211.2921905517578,212.05947875976562,210.7167205810547,210.81263732910156,1206967
2017-11-07,2017-11-07T00:00:00Z,211.10037231445312,212.1553955078125,210.81263732910156,211.00445556640625,1643217
2017-11-08,2017-11-08T00:00:00Z,210.90853881835938,211.4840087890625,209.27806091308594,210.3330841064453,1341648
2017-11-09,2017-11-09T00:00:00Z,210.23716735839844,210.23716735839844,205.63343811035156,206.3048095703125,2054020
2017-11-10,2017-11-10T00:00:00Z,205.63343811035156,206.3048095703125,202.27655029296875,202.756103515625,1588700
2017-11-13,2017-11-13T00:00:00Z,203.81112670898438,204.86614990234375,202.756103515625,204.19476318359375,1449336
2017-11-14,2017-11-14T00:00:00Z,202.5642852783203,204.77023315429688,201.22152709960938,204.19476318359375,1787468
2017-11-15,2017-11-15T00:00:00Z,203.42747497558594,204.09886169433594,201.70108032226562,203.5233917236328,1260404
2017-11-16,2017-11-16T00:00:00Z,203.7152099609375,204.19476318359375,201.9888153076172,203.23565673828125,1027939
2017-11-17,2017-11-17T00:00:00Z,203.23565673828125,203.7152099609375,201.7969970703125,202.9479217529297,1356211
2017-11-20,2017-11-20T00:00:00Z,203.42747497558594,206.59254455566406,202.5642852783203,205.82525634765625,1183840
2017-11-21,2017-11-21T00:00:00Z,205.92117309570312,208.7985076904297,205.24978637695312,206.4966278076172,1875441
2017-11-22,2017-11-22T00:00:00Z,206.3048095703125,206.59254455566406,203.9070281982422,203.9070281982422,1605427
2017-11-23,2017-11-23T00:00:00Z,202.8520050048828,203.9070281982422,201.7969970703125,202.18063354492188,1022840
2017-11-24,2017-11-24T00:00:00Z,202.37245178222656,203.81112670898438,201.9888153076172,203.33157348632812,1339365
2017-11-27,2017-11-27T00:00:00Z,203.33157348632812,204.19476318359375,202.46836853027344,203.6193084716797,1186976
2017-11-28,2017-11-28T00:00:00Z,203.33157348632812,206.1129913330078,203.33157348632812,205.92117309570312,1088064
2017-11-29,2017-11-29T00:00:00Z,206.2089080810547,206.2089080810547,204.5784149169922,204.96205139160156,1085016
2017-11-30,2017-11-30T00:00:00Z,205.24978637695312,206.1129913330078,203.6193084716797,204.67431640625,1790379
2017-12-01,2017-12-01T00:00:00Z,205.1538848876953,206.3048095703125,203.6193084716797,204.3865966796875,1550769
2017-12-04,2017-12-04T00:00:00Z,206.3048095703125,209.5657958984375,206.01707458496094,208.8944091796875,1463491
2017-12-05,2017-12-05T00:00:00Z,208.1271209716797,209.0862274169922,206.88027954101562,206.88027954101562,791205
2017-12-06,2017-12-06T00:00:00Z,204.77023315429688,207.935302734375,203.6193084716797,206.88027954101562,1816036
2017-12-07,2017-12-07T00:00:00Z,206.88027954101562,209.0862274169922,206.88027954101562,208.7025909423828,1136650
2017-12-08,2017-12-08T00:00:00Z,209.37396240234375,212.2512969970703,209.37396240234375,211.77174377441406,1562450
2017-12-11,2017-12-11T00:00:00Z,211.96356201171875,212.53903198242188,210.7167205810547,211.96356201171875,1197944
2017-12-12,2017-12-12T00:00:00Z,211.96356201171875,212.44313049316406,208.60667419433594,210.62081909179688,1111485
2017-12-13,2017-12-13T00:00:00Z,209.37396240234375,211.19627380371094,209.18214416503906,210.14125061035156,1061140
2017-12-14,2017-12-14T00:00:00Z,210.62081909179688,212.73086547851562,208.41485595703125,210.7167205810547,1578373
2017-12-15,2017-12-15T00:00:00Z,211.00445556640625,212.44313049316406,209.37396240234375,212.1553955078125,1719154
2017-12-18,2017-12-18T00:00:00Z,212.53903198242188,214.45726013183594,212.44313049316406,214.16952514648438,1762541
2017-12-19,2017-12-19T00:00:00Z,213.49813842773438,215.41636657714844,213.40223693847656,214.0736083984375,998252
2017-12-20,2017-12-20T00:00:00Z,211.00445556640625,213.9777069091797,210.04534912109375,213.21041870117188,2382824
2017-12-21,2017-12-21T00:00:00Z,213.21041870117188,214.9368133544922,211.4840087890625,214.8408966064453,1228163
2017-12-22,2017-12-22T00:00:00Z,213.40223693847656,214.16952514648438,212.1553955078125,212.63494873046875,809019
2017-12-27,2017-12-27T00:00:00Z,211.96356201171875,213.3063201904297,211.00445556640625,212.1553955078125,870718
2017-12-28,2017-12-28T00:00:00Z,211.96356201171875,212.73086547851562,211.19627380371094,211.77174377441406,1144033
2017-12-29,2017-12-29T00:00:00Z,212.1553955078125,212.3472137451172,209.46987915039062,211.2921905517578,1973753
2018-01-02,2018-01-02T00:00:00Z,211.2921905517578,211.86766052246094,209.94943237304688,211.19627380371094,1271270
2018-01-03,2018-01-03T00:00:00Z,210.62081909179688,212.82676696777344,210.23716735839844,211.57992553710938,1486878
2018-01-04,2018-01-04T00:00:00Z,212.63494873046875,214.16952514648438,211.86766052246094,213.68997192382812,1154193
2018-01-05,2018-01-05T00:00:00Z,214.0736083984375,214.64907836914062,213.3063201904297,214.16952514648438,483148
2018-01-08,2018-01-08T00:00:00Z,215.80001831054688,217.23867797851562,214.26544189453125,216.95094299316406,1409092
2018-01-09,2018-01-09T00:00:00Z,215.99183654785156,217.5264129638672,214.64907836914062,217.3345947265625,1421945
2018-01-10,2018-01-10T00:00:00Z,217.23867797851562,217.23867797851562,215.03273010253906,215.8959197998047,977729
2018-01-11,2018-01-11T00:00:00Z,216.37547302246094,216.6632080078125,214.8408966064453,215.41636657714844,885260
2018-01-12,2018-01-12T00:00:00Z,215.60818481445312,217.4304962158203,214.8408966064453,216.85504150390625,974617
2018-01-15,2018-01-15T00:00:00Z,217.1427764892578,217.1427764892578,215.03273010253906,215.41636657714844,959346
2018-01-16,2018-01-16T00:00:00Z,215.32046508789062,217.71823120117188,215.12863159179688,217.23867797851562,1043544
2018-01-17,2018-01-17T00:00:00Z,215.99183654785156,217.04685974121094,214.16952514648438,214.26544189453125,1422263
2018-01-18,2018-01-18T00:00:00Z,215.41636657714844,216.27957153320312,214.55316162109375,214.8408966064453,898382
2018-01-19,2018-01-19T00:00:00Z,214.8408966064453,216.75912475585938,214.8408966064453,215.8959197998047,1172021
2018-01-22,2018-01-22T00:00:00Z,215.7041015625,216.6632080078125,214.9368133544922,215.32046508789062,1213526
2018-01-23,2018-01-23T00:00:00Z,216.5673065185547,217.23867797851562,215.5122833251953,217.04685974121094,1272008
2018-01-24,2018-01-24T00:00:00Z,216.4713897705078,218.4855194091797,216.4713897705078,217.1427764892578,1252413
2018-01-25,2018-01-25T00:00:00Z,216.75912475585938,217.5264129638672,213.68997192382812,213.8817901611328,1700158
2018-01-26,2018-01-26T00:00:00Z,213.9777069091797,215.41636657714844,213.8817901611328,214.55316162109375,1306097
2018-01-29,2018-01-29T00:00:00Z,214.8408966064453,216.6632080078125,212.82676696777344,213.114501953125,803587
2018-01-30,2018-01-30T00:00:00Z,212.2512969970703,213.21041870117188,211.19627380371094,211.4840087890625,962357
2018-01-31,2018-01-31T00:00:00Z,211.4840087890625,212.82676696777344,209.37396240234375,210.42898559570312,900346
2018-02-01,2018-02-01T00:00:00Z,211.00445556640625,212.44313049316406,210.42898559570312,211.96356201171875,1714151
2018-02-02,2018-02-02T00:00:00Z,211.00445556640625,211.3881072998047,209.0862274169922,209.0862274169922,1517893
2018-02-05,2018-02-05T00:00:00Z,207.1680145263672,207.1680145263672,203.42747497558594,203.5233917236328,1808394
2018-02-06,2018-02-06T00:00:00Z,198.5360107421875,201.02969360351562,196.04232788085938,197.3850860595703,3159036
2018-02-07,2018-02-07T00:00:00Z,200.3583221435547,202.8520050048828,197.6728057861328,201.8928985595703,1644020
2018-02-08,2018-02-08T00:00:00Z,199.4951171875,200.45423889160156,189.9999237060547,191.5345001220703,3646250
2018-02-09,2018-02-09T00:00:00Z,189.56832885742188,191.91815185546875,187.02667236328125,187.02667236328125,2759581
2018-02-12,2018-02-12T00:00:00Z,188.9449005126953,192.30178833007812,188.9449005126953,190.14378356933594,1888101
2018-02-13,2018-02-13T00:00:00Z,190.86312866210938,191.15084838867188,187.12258911132812,187.12258911132812,1890818
2018-02-14,2018-02-14T00:00:00Z,188.1776123046875,190.4315185546875,186.40325927734375,189.56832885742188,2141533
2018-02-15,2018-02-15T00:00:00Z,191.43858337402344,194.69956970214844,190.7672119140625,193.45272827148438,2489443
2018-02-16,2018-02-16T00:00:00Z,195.0832061767578,195.56277465820312,192.97315979003906,194.31591796875,833743
2018-02-19,2018-02-19T00:00:00Z,195.1791229248047,195.1791229248047,193.06907653808594,193.26089477539062,677586
2018-02-20,2018-02-20T00:00:00Z,193.74046325683594,197.576904296875,193.5486297607422,196.8096160888672,1384778
2018-02-21,2018-02-21T00:00:00Z,196.33006286621094,196.33006286621094,193.5486297607422,195.1791229248047,1507979
2018-02-22,2018-02-22T00:00:00Z,194.41183471679688,194.9873046875,192.20587158203125,194.9873046875,1085364
2018-02-23,2018-02-23T00:00:00Z,195.9464111328125,196.04232788085938,194.31591796875,195.27503967285156,716151
2018-02-26,2018-02-26T00:00:00Z,196.23414611816406,196.42596435546875,193.45272827148438,194.89138793945312,749529
2018-02-27,2018-02-27T00:00:00Z,195.27503967285156,197.09735107421875,194.1240997314453,196.1382293701172,878448
2018-02-28,2018-02-28T00:00:00Z,195.46685791015625,196.52188110351562,193.83636474609375,194.31591796875,791684
2018-03-01,2018-03-01T00:00:00Z,193.3568115234375,193.5486297607422,191.05494689941406,191.43858337402344,907476
2018-03-02,2018-03-02T00:00:00Z,190.67129516601562,191.05494689941406,188.12965393066406,188.56124877929688,1352913
2018-03-05,2018-03-05T00:00:00Z,188.3694305419922,191.58245849609375,188.3694305419922,190.81517028808594,863965
2018-03-06,2018-03-06T00:00:00Z,193.1649932861328,194.02818298339844,191.726318359375,191.726318359375,762272
2018-03-07,2018-03-07T00:00:00Z,190.4315185546875,191.00698852539062,189.23263549804688,190.2397003173828,1620289
2018-03-08,2018-03-08T00:00:00Z,190.2397003173828,192.4936065673828,189.71218872070312,192.397705078125,1033673
2018-03-09,2018-03-09T00:00:00Z,192.397705078125,194.02818298339844,191.726318359375,193.3568115234375,1068128
2018-03-12,2018-03-12T00:00:00Z,195.0832061767578,195.27503967285156,192.30178833007812,193.3568115234375,762685
2018-03-13,2018-03-13T00:00:00Z,193.26089477539062,194.89138793945312,190.7672119140625,191.24676513671875,772452
2018-03-14,2018-03-14T00:00:00Z,191.82223510742188,192.10997009277344,189.08876037597656,189.42445373535156,1631993
2018-03-15,2018-03-15T00:00:00Z,190.14378356933594,190.9590301513672,188.41738891601562,190.3356170654297,1666030
2018-03-16,2018-03-16T00:00:00Z,190.3356170654297,191.43858337402344,189.13671875,190.5753936767578,1171396
2018-03-19,2018-03-19T00:00:00Z,190.19174194335938,190.19174194335938,186.93077087402344,187.3144073486328,1025574
2018-03-20,2018-03-20T00:00:00Z,187.6501007080078,188.9449005126953,187.0746307373047,188.89694213867188,871531
2018-03-21,2018-03-21T00:00:00Z,188.9449005126953,189.2805938720703,187.6501007080078,188.80104064941406,542717
2018-03-22,2018-03-22T00:00:00Z,187.69805908203125,187.93783569335938,184.8207244873047,185.2523193359375,899199
2018-03-23,2018-03-23T00:00:00Z,184.67684936523438,185.97164916992188,183.71774291992188,184.7248077392578,879096
2018-03-26,2018-03-26T00:00:00Z,184.62890625,185.82778930664062,181.60769653320312,182.039306640625,715257
2018-03-27,2018-03-27T00:00:00Z,185.01254272460938,187.17054748535156,184.58094787597656,186.40325927734375,1203856
2018-03-28,2018-03-28T00:00:00Z,185.2523193359375,187.79396057128906,184.1013946533203,187.7460174560547,941299
2018-03-29,2018-03-29T00:00:00Z,187.79396057128906,189.80810546875,187.4103240966797,189.52037048339844,596409
2018-04-03,2018-04-03T00:00:00Z,189.52037048339844,189.9040069580078,186.16348266601562,187.45828247070312,1451036
2018-04-04,2018-04-04T00:00:00Z,181.41587829589844,181.7995147705078,176.5244140625,176.9560089111328,1423265
2018-04-05,2018-04-05T00:00:00Z,180.0731201171875,183.621826171875,179.68948364257812,183.47796630859375,1261838
2018-04-06,2018-04-06T00:00:00Z,183.47796630859375,183.47796630859375,180.55267333984375,180.69654846191406,798118
2018-04-09,2018-04-09T00:00:00Z,181.08018493652344,183.8616180419922,180.7445068359375,181.7995147705078,977619
2018-04-10,2018-04-10T00:00:00Z,183.66978454589844,185.30027770996094,183.23818969726562,183.7657012939453,1068487
2018-04-11,2018-04-11T00:00:00Z,183.66978454589844,183.66978454589844,180.79244995117188,181.75157165527344,775434
2018-04-12,2018-04-12T00:00:00Z,182.75863647460938,185.2523193359375,181.22406005859375,184.3891143798828,1254293
2018-04-13,2018-04-13T00:00:00Z,185.0605010986328,186.93077087402344,184.34117126464844,185.68392944335938,1099997
2018-04-16,2018-04-16T00:00:00Z,186.06756591796875,187.0746307373047,185.2523193359375,186.0196075439453,1007695
2018-04-17,2018-04-17T00:00:00Z,187.3144073486328,188.56124877929688,186.3553009033203,188.1776123046875,1254188
2018-04-18,2018-04-18T00:00:00Z,186.78689575195312,188.12965393066406,185.97164916992188,187.79396057128906,550475
2018-04-19,2018-04-19T00:00:00Z,196.42596435546875,197.576904296875,194.89138793945312,196.1382293701172,3030548
2018-04-20,2018-04-20T00:00:00Z,197.00143432617188,198.82374572753906,196.42596435546875,197.00143432617188,1870256
2018-04-23,2018-04-23T00:00:00Z,197.576904296875,198.5360107421875,195.27503967285156,198.5360107421875,1334240
2018-04-24,2018-04-24T00:00:00Z,198.91966247558594,199.11148071289062,195.85049438476562,196.61778259277344,1187215
2018-04-25,2018-04-25T00:00:00Z,195.65867614746094,196.1382293701172,190.3356170654297,191.67835998535156,1449845
2018-04-26,2018-04-26T00:00:00Z,191.6304168701172,195.46685791015625,191.00698852539062,194.41183471679688,1238175
2018-04-27,2018-04-27T00:00:00Z,194.7954864501953,194.7954864501953,193.26089477539062,194.1240997314453,568985
2018-04-30,2018-04-30T00:00:00Z,193.93228149414062,195.65867614746094,193.64454650878906,194.60365295410156,415687
2018-05-02,2018-05-02T00:00:00Z,197.576904296875,201.41334533691406,197.3850860595703,201.22152709960938,1646210
2018-05-03,2018-05-03T00:00:00Z,200.45423889160156,200.64605712890625,196.7136993408203,197.48098754882812,829872
2018-05-04,2018-05-04T00:00:00Z,197.48098754882812,198.7278289794922,196.42596435546875,198.05645751953125,642486
2018-05-07,2018-05-07T00:00:00Z,198.7278289794922,201.3174285888672,198.24827575683594,200.74197387695312,871569
2018-05-08,2018-05-08T00:00:00Z,200.83787536621094,202.9479217529297,199.68695068359375,202.9479217529297,1145989
2018-05-09,2018-05-09T00:00:00Z,202.37245178222656,203.9070281982422,200.83787536621094,201.41334533691406,710591
2018-05-11,2018-05-11T00:00:00Z,200.45423889160156,200.45423889160156,197.86463928222656,198.5360107421875,921075
2018-05-14,2018-05-14T00:00:00Z,198.5360107421875,198.63192749023438,196.52188110351562,197.6728057861328,790939
2018-05-15,2018-05-15T00:00:00Z,196.8096160888672,199.59103393554688,196.8096160888672,199.59103393554688,780029
2018-05-16,2018-05-16T00:00:00Z,199.59103393554688,201.41334533691406,199.2073974609375,200.55014038085938,1095396
2018-05-17,2018-05-17T00:00:00Z,200.45423889160156,201.7969970703125,198.82374572753906,201.50926208496094,725322
2018-05-18,2018-05-18T00:00:00Z,201.8928985595703,204.4824981689453,201.70108032226562,204.4824981689453,1047281
2018-05-21,2018-05-21T00:00:00Z,204.77023315429688,206.88027954101562,204.5784149169922,204.96205139160156,885159
2018-05-22,2018-05-22T00:00:00Z,204.77023315429688,205.92117309570312,203.9070281982422,205.63343811035156,890042
2018-05-23,2018-05-23T00:00:00Z,205.24978637695312,206.01707458496094,200.9337921142578,200.9337921142578,1073859
2018-05-24,2018-05-24T00:00:00Z,200.9337921142578,202.18063354492188,197.96054077148438,198.5360107421875,958893
2018-05-25,2018-05-25T00:00:00Z,200.16650390625,201.7969970703125,197.3850860595703,198.05645751953125,1003214
2018-05-28,2018-05-28T00:00:00Z,198.44009399414062,199.87876892089844,197.576904296875,198.5360107421875,614064
2018-05-29,2018-05-29T00:00:00Z,198.15237426757812,199.11148071289062,196.23414611816406,197.6728057861328,1082271
2018-05-30,2018-05-30T00:00:00Z,197.7687225341797,197.7687225341797,193.64454650878906,194.1240997314453,1141335
2018-05-31,2018-05-31T00:00:00Z,194.7954864501953,196.04232788085938,191.43858337402344,192.397705078125,1570738
2018-06-01,2018-06-01T00:00:00Z,194.1240997314453,197.00143432617188,193.06907653808594,196.33006286621094,1106737
2018-06-04,2018-06-04T00:00:00Z,197.00143432617188,197.28916931152344,193.26089477539062,194.2200164794922,1150461
2018-06-05,2018-06-05T00:00:00Z,193.3568115234375,195.85049438476562,192.10997009277344,193.74046325683594,993550
2018-06-06,2018-06-06T00:00:00Z,193.74046325683594,193.74046325683594,193.74046325683594,193.74046325683594,0
2018-06-07,2018-06-07T00:00:00Z,193.74046325683594,194.41183471679688,191.58245849609375,191.91815185546875,956068
2018-06-08,2018-06-08T00:00:00Z,191.91815185546875,193.64454650878906,191.15084838867188,192.397705078125,944375
2018-06-11,2018-06-11T00:00:00Z,192.397705078125,193.64454650878906,192.10997009277344,192.78134155273438,821830
2018-06-12,2018-06-12T00:00:00Z,193.64454650878906,193.64454650878906,192.10997009277344,192.87725830078125,948931
2018-06-13,2018-06-13T00:00:00Z,192.87725830078125,193.3568115234375,192.10997009277344,193.26089477539062,1080471
2018-06-14,2018-06-14T00:00:00Z,191.82223510742188,197.19325256347656,191.2947235107422,196.23414611816406,1545951
2018-06-15,2018-06-15T00:00:00Z,195.85049438476562,196.8096160888672,193.3568115234375,193.3568115234375,1417378
2018-06-18,2018-06-18T00:00:00Z,193.64454650878906,193.64454650878906,189.95196533203125,191.39064025878906,1050490
2018-06-19,2018-06-19T00:00:00Z,191.1029052734375,191.58245849609375,190.04788208007812,191.48654174804688,1075063
2018-06-20,2018-06-20T00:00:00Z,191.6304168701172,192.20587158203125,190.71925354003906,191.58245849609375,771866
2018-06-21,2018-06-21T00:00:00Z,191.58245849609375,192.10997009277344,188.5133056640625,188.65716552734375,1108751
2018-06-22,2018-06-22T00:00:00Z,188.65716552734375,188.65716552734375,188.65716552734375,188.65716552734375,0
2018-06-25,2018-06-25T00:00:00Z,190.7672119140625,190.7672119140625,184.86868286132812,185.01254272460938,1332336
2018-06-26,2018-06-26T00:00:00Z,185.01254272460938,185.01254272460938,182.27908325195312,183.8616180419922,1020448
2018-06-27,2018-06-27T00:00:00Z,183.47796630859375,186.64303588867188,181.5117950439453,185.73187255859375,966177
2018-06-28,2018-06-28T00:00:00Z,185.73187255859375,186.7389373779297,182.71067810058594,183.71774291992188,1023850
2018-06-29,2018-06-29T00:00:00Z,185.9237060546875,188.3694305419922,185.9237060546875,187.69805908203125,1626883
2018-07-02,2018-07-02T00:00:00Z,185.5880126953125,186.1155242919922,184.19729614257812,185.4441375732422,870875
2018-07-03,2018-07-03T00:00:00Z,185.30027770996094,185.3961944580078,182.5668182373047,182.8065948486328,1117531
2018-07-04,2018-07-04T00:00:00Z,182.3270263671875,182.3270263671875,179.01809692382812,179.68948364257812,939445
2018-07-05,2018-07-05T00:00:00Z,179.68948364257812,181.22406005859375,178.39468383789062,179.6415252685547,875461
2018-07-06,2018-07-06T00:00:00Z,179.92926025390625,180.16903686523438,177.6753387451172,179.3058319091797,926280
2018-07-09,2018-07-09T00:00:00Z,179.49765014648438,182.8065948486328,179.49765014648438,182.4709014892578,714530
2018-07-10,2018-07-10T00:00:00Z,182.4709014892578,183.47796630859375,181.84747314453125,183.0943145751953,551616
2018-07-11,2018-07-11T00:00:00Z,182.42294311523438,182.5668182373047,180.2649383544922,181.75157165527344,1113152
2018-07-12,2018-07-12T00:00:00Z,182.039306640625,182.6627197265625,180.12107849121094,182.61476135253906,845614
2018-07-13,2018-07-13T00:00:00Z,182.61476135253906,184.86868286132812,182.61476135253906,184.43707275390625,830105
2018-07-16,2018-07-16T00:00:00Z,184.1493377685547,185.20436096191406,183.23818969726562,184.24525451660156,755447
2018-07-17,2018-07-17T00:00:00Z,184.05343627929688,184.34117126464844,182.5668182373047,184.05343627929688,713648
2018-07-18,2018-07-18T00:00:00Z,184.67684936523438,187.17054748535156,183.8616180419922,186.83485412597656,1201718
2018-07-19,2018-07-19T00:00:00Z,194.69956970214844,197.6728057861328,192.5895233154297,193.3568115234375,2444449
2018-07-20,2018-07-20T00:00:00Z,193.26089477539062,193.45272827148438,188.08169555664062,190.86312866210938,1865468
2018-07-23,2018-07-23T00:00:00Z,190.04788208007812,190.38356018066406,188.12965393066406,189.2805938720703,1170502
2018-07-24,2018-07-24T00:00:00Z,189.9040069580078,191.43858337402344,189.52037048339844,190.28765869140625,1071649
2018-07-25,2018-07-25T00:00:00Z,190.28765869140625,190.62335205078125,187.93783569335938,188.56124877929688,896709
2018-07-26,2018-07-26T00:00:00Z,189.61627197265625,192.97315979003906,188.9449005126953,192.4936065673828,1033299
2018-07-27,2018-07-27T00:00:00Z,192.78134155273438,194.41183471679688,192.30178833007812,193.93228149414062,516619
2018-07-30,2018-07-30T00:00:00Z,192.78134155273438,193.26089477539062,191.82223510742188,192.68544006347656,688869
2018-07-31,2018-07-31T00:00:00Z,192.01405334472656,194.2200164794922,191.43858337402344,193.64454650878906,622591
2018-08-01,2018-08-01T00:00:00Z,194.60365295410156,195.27503967285156,192.87725830078125,192.87725830078125,1041569
2018-08-02,2018-08-02T00:00:00Z,193.45272827148438,193.45272827148438,190.09584045410156,191.15084838867188,743291
2018-08-03,2018-08-03T00:00:00Z,191.82223510742188,194.2200164794922,191.43858337402344,193.3568115234375,543499
2018-08-06,2018-08-06T00:00:00Z,194.69956970214844,197.96054077148438,193.93228149414062,196.42596435546875,1622736
2018-08-07,2018-08-07T00:00:00Z,197.09735107421875,198.63192749023438,196.8096160888672,197.86463928222656,1015610
2018-08-08,2018-08-08T00:00:00Z,197.576904296875,200.16650390625,197.00143432617188,199.11148071289062,812925
2018-08-09,2018-08-09T00:00:00Z,199.4951171875,199.4951171875,197.6728057861328,199.2073974609375,611442
2018-08-10,2018-08-10T00:00:00Z,197.3850860595703,198.5360107421875,196.7136993408203,198.3441925048828,755394
2018-08-13,2018-08-13T00:00:00Z,198.24827575683594,198.82374572753906,197.3850860595703,197.96054077148438,902309
2018-08-14,2018-08-14T00:00:00Z,198.7278289794922,199.01556396484375,196.33006286621094,197.576904296875,709026
2018-08-15,2018-08-15T00:00:00Z,197.576904296875,198.5360107421875,195.0832061767578,195.56277465820312,1117641
2018-08-16,2018-08-16T00:00:00Z,196.8096160888672,197.86463928222656,196.33006286621094,197.48098754882812,1214046
2018-08-17,2018-08-17T00:00:00Z,197.48098754882812,198.5360107421875,196.8096160888672,198.3441925048828,986243
2018-08-20,2018-08-20T00:00:00Z,198.5360107421875,201.50926208496094,198.3441925048828,200.45423889160156,1305079
2018-08-21,2018-08-21T00:00:00Z,199.9746856689453,201.8928985595703,199.01556396484375,201.1256103515625,928448
2018-08-22,2018-08-22T00:00:00Z,201.02969360351562,201.9888153076172,200.55014038085938,200.9337921142578,950347
2018-08-23,2018-08-23T00:00:00Z,200.83787536621094,206.2089080810547,200.55014038085938,205.24978637695312,2628744
2018-08-24,2018-08-24T00:00:00Z,205.24978637695312,206.88027954101562,204.67431640625,206.01707458496094,1989485
2018-08-27,2018-08-27T00:00:00Z,206.88027954101562,208.22303771972656,205.82525634765625,208.22303771972656,1666064
2018-08-28,2018-08-28T00:00:00Z,208.60667419433594,210.42898559570312,207.35983276367188,209.5657958984375,1344174
2018-08-29,2018-08-29T00:00:00Z,209.18214416503906,210.90853881835938,208.8944091796875,210.42898559570312,1122628
2018-08-30,2018-08-30T00:00:00Z,209.6616973876953,210.42898559570312,207.1680145263672,207.83938598632812,1311141
2018-08-31,2018-08-31T00:00:00Z,207.83938598632812,207.83938598632812,205.63343811035156,207.0720977783203,1177275
2018-09-03,2018-09-03T00:00:00Z,206.78436279296875,207.26393127441406,205.44161987304688,206.3048095703125,1302738
2018-09-04,2018-09-04T00:00:00Z,209.18214416503906,210.3330841064453,204.86614990234375,205.1538848876953,2495937
2018-09-05,2018-09-05T00:00:00Z,205.1538848876953,205.1538848876953,203.04383850097656,203.04383850097656,1801266
2018-09-06,2018-09-06T00:00:00Z,203.04383850097656,206.2089080810547,201.9888153076172,204.5784149169922,2380559
2018-09-07,2018-09-07T00:00:00Z,205.05796813964844,205.05796813964844,201.1256103515625,202.5642852783203,1966521
2018-09-10,2018-09-10T00:00:00Z,202.37245178222656,203.7152099609375,201.41334533691406,202.46836853027344,969777
2018-09-11,2018-09-11T00:00:00Z,202.5642852783203,202.9479217529297,201.41334533691406,202.66018676757812,737445
2018-09-12,2018-09-12T00:00:00Z,203.33157348632812,205.72933959960938,202.9479217529297,204.00294494628906,1135171
2018-09-13,2018-09-13T00:00:00Z,204.5784149169922,207.45574951171875,203.6193084716797,206.3048095703125,1380310
2018-09-14,2018-09-14T00:00:00Z,208.1271209716797,209.18214416503906,207.35983276367188,208.41485595703125,1133759
2018-09-17,2018-09-17T00:00:00Z,208.22303771972656,208.22303771972656,205.72933959960938,206.68846130371094,1349278
2018-09-18,2018-09-18T00:00:00Z,206.2089080810547,207.1680145263672,203.7152099609375,205.345703125,1127882
2018-09-19,2018-09-19T00:00:00Z,205.1538848876953,206.78436279296875,204.3865966796875,205.63343811035156,1219214
2018-09-20,2018-09-20T00:00:00Z,205.82525634765625,205.82525634765625,203.9070281982422,204.77023315429688,977027
2018-09-21,2018-09-21T00:00:00Z,205.63343811035156,207.26393127441406,205.63343811035156,205.92117309570312,1087097
2018-09-24,2018-09-24T00:00:00Z,205.72933959960938,206.40072631835938,202.9479217529297,203.5233917236328,1055854
2018-09-25,2018-09-25T00:00:00Z,202.756103515625,202.8520050048828,200.9337921142578,202.37245178222656,1374989
2018-09-26,2018-09-26T00:00:00Z,202.37245178222656,202.37245178222656,200.45423889160156,202.084716796875,1135623
2018-09-27,2018-09-27T00:00:00Z,201.60516357421875,202.18063354492188,199.9746856689453,201.8928985595703,1304583
2018-09-28,2018-09-28T00:00:00Z,201.8928985595703,203.23565673828125,200.45423889160156,202.66018676757812,1009735
2018-10-01,2018-10-01T00:00:00Z,203.04383850097656,203.04383850097656,199.68695068359375,201.3174285888672,1326225
2018-10-02,2018-10-02T00:00:00Z,200.55014038085938,201.02969360351562,198.5360107421875,199.3032989501953,1193610
2018-10-03,2018-10-03T00:00:00Z,199.59103393554688,201.41334533691406,199.59103393554688,201.22152709960938,1012462
2018-10-04,2018-10-04T00:00:00Z,199.9746856689453,200.3583221435547,198.15237426757812,199.68695068359375,677314
2018-10-05,2018-10-05T00:00:00Z,199.11148071289062,199.4951171875,197.19325256347656,197.96054077148438,913031
2018-10-08,2018-10-08T00:00:00Z,197.28916931152344,197.48098754882812,194.9873046875,195.1791229248047,988586
2018-10-09,2018-10-09T00:00:00Z,195.65867614746094,196.8096160888672,194.02818298339844,195.85049438476562,833859
2018-10-10,2018-10-10T00:00:00Z,194.9873046875,195.1791229248047,190.19174194335938,190.67129516601562,1861760
2018-10-11,2018-10-11T00:00:00Z,187.26644897460938,188.41738891601562,183.28614807128906,184.24525451660156,2874177
2018-10-12,2018-10-12T00:00:00Z,185.1564178466797,186.0196075439453,182.5668182373047,182.71067810058594,1477011
2018-10-15,2018-10-15T00:00:00Z,182.71067810058594,182.8545379638672,179.9772186279297,181.99134826660156,1442212
2018-10-16,2018-10-16T00:00:00Z,181.46383666992188,183.4300079345703,180.6006317138672,182.90249633789062,1773652
2018-10-17,2018-10-17T00:00:00Z,184.1493377685547,184.293212890625,181.84747314453125,183.0943145751953,1396197
2018-10-18,2018-10-18T00:00:00Z,184.43707275390625,185.82778930664062,182.95045471191406,183.90956115722656,1997577
2018-10-19,2018-10-19T00:00:00Z,184.1013946533203,184.77276611328125,180.88836669921875,182.039306640625,1834838
2018-10-22,2018-10-22T00:00:00Z,183.0943145751953,183.66978454589844,180.7445068359375,181.367919921875,1223213
2018-10-23,2018-10-23T00:00:00Z,180.4088134765625,180.4088134765625,177.6273956298828,178.87423706054688,1408789
2018-10-24,2018-10-24T00:00:00Z,179.25787353515625,179.59356689453125,175.85302734375,177.43556213378906,1681002
2018-10-25,2018-10-25T00:00:00Z,170.1463165283203,175.46939086914062,168.80357360839844,175.13369750976562,2808058
2018-10-26,2018-10-26T00:00:00Z,173.11956787109375,173.11956787109375,167.3169403076172,170.72178649902344,3000995
2018-10-29,2018-10-29T00:00:00Z,172.35227966308594,174.51028442382812,170.5779266357422,171.8727264404297,1332238
2018-10-30,2018-10-30T00:00:00Z,172.20840454101562,173.02365112304688,170.0504150390625,172.97569274902344,1300171
2018-10-31,2018-10-31T00:00:00Z,175.27757263183594,178.7783203125,175.27757263183594,177.09988403320312,1810526
2018-11-01,2018-11-01T00:00:00Z,176.47645568847656,177.57943725585938,174.79800415039062,176.28463745117188,1060054
2018-11-02,2018-11-02T00:00:00Z,177.72329711914062,180.31289672851562,177.72329711914062,180.31289672851562,994528
2018-11-05,2018-11-05T00:00:00Z,178.39468383789062,178.39468383789062,175.9969024658203,177.09988403320312,1269896
2018-11-06,2018-11-06T00:00:00Z,177.72329711914062,178.29876708984375,176.47645568847656,177.86717224121094,1283650
2018-11-07,2018-11-07T00:00:00Z,178.49058532714844,179.2099151611328,176.7162322998047,177.77125549316406,1330742
2018-11-08,2018-11-08T00:00:00Z,178.3467254638672,178.3467254638672,176.6203155517578,177.00396728515625,1318492
2018-11-09,2018-11-09T00:00:00Z,177.1478271484375,177.33966064453125,174.3664093017578,174.98983764648438,1000796
2018-11-12,2018-11-12T00:00:00Z,176.90805053710938,177.33966064453125,172.16046142578125,172.7359161376953,1123182
2018-11-13,2018-11-13T00:00:00Z,172.68797302246094,174.5582275390625,170.86566162109375,173.0716094970703,743794
2018-11-14,2018-11-14T00:00:00Z,171.7768096923828,173.31138610839844,170.09837341308594,172.25636291503906,948213
2018-11-15,2018-11-15T00:00:00Z,172.16046142578125,173.50320434570312,170.0504150390625,170.19427490234375,1475636
2018-11-16,2018-11-16T00:00:00Z,174.7021026611328,177.09988403320312,172.20840454101562,173.02365112304688,1847518
2018-11-19,2018-11-19T00:00:00Z,175.9969024658203,176.90805053710938,172.44818115234375,172.44818115234375,1856379
2018-11-20,2018-11-20T00:00:00Z,172.1125030517578,172.1125030517578,169.42698669433594,171.10543823242188,1636211
2018-11-21,2018-11-21T00:00:00Z,172.1125030517578,174.5582275390625,172.01658630371094,174.51028442382812,2134286
2018-11-22,2018-11-22T00:00:00Z,173.74298095703125,173.74298095703125,171.7768096923828,172.3043212890625,1118106
2018-11-23,2018-11-23T00:00:00Z,172.3043212890625,173.7909393310547,171.8727264404297,173.7909393310547,977841
2018-11-26,2018-11-26T00:00:00Z,174.27049255371094,177.38760375976562,174.27049255371094,176.42849731445312,1363101
2018-11-27,2018-11-27T00:00:00Z,176.3805389404297,177.00396728515625,174.0307159423828,175.13369750976562,1329463
2018-11-28,2018-11-28T00:00:00Z,175.51734924316406,177.0519256591797,174.65414428710938,175.3255157470703,1210987
2018-11-29,2018-11-29T00:00:00Z,176.188720703125,178.442626953125,175.4214324951172,177.09988403320312,1068361
2018-11-30,2018-11-30T00:00:00Z,177.77125549316406,178.05899047851562,175.85302734375,177.1478271484375,1587286
2018-12-03,2018-12-03T00:00:00Z,179.25787353515625,179.78538513183594,176.188720703125,176.28463745117188,1559341
2018-12-04,2018-12-04T00:00:00Z,175.27757263183594,175.3255157470703,173.45526123046875,173.50320434570312,1303039
2018-12-05,2018-12-05T00:00:00Z,172.16046142578125,172.35227966308594,168.89947509765625,168.99539184570312,1427146
2018-12-06,2018-12-06T00:00:00Z,168.32400512695312,168.419921875,164.05596923828125,164.05596923828125,1742234
2018-12-07,2018-12-07T00:00:00Z,165.92623901367188,166.74147033691406,164.77529907226562,165.54258728027344,1081611
2018-12-10,2018-12-10T00:00:00Z,165.68646240234375,166.9333038330078,163.8641357421875,163.8641357421875,1475530
2018-12-11,2018-12-11T00:00:00Z,165.92623901367188,167.9883270263672,164.58348083496094,166.74147033691406,1725454
2018-12-12,2018-12-12T00:00:00Z,166.83738708496094,174.7021026611328,164.7273406982422,173.55116271972656,3970458
2018-12-13,2018-12-13T00:00:00Z,174.31845092773438,175.2296142578125,172.92774963378906,173.11956787109375,1978220
2018-12-14,2018-12-14T00:00:00Z,172.16046142578125,172.6400146484375,169.9065399169922,171.39317321777344,1236439
2018-12-17,2018-12-17T00:00:00Z,174.8939208984375,175.94894409179688,167.94036865234375,167.94036865234375,3103978
2018-12-18,2018-12-18T00:00:00Z,167.94036865234375,170.8177032470703,167.07716369628906,169.42698669433594,1903179
2018-12-19,2018-12-19T00:00:00Z,168.80357360839844,170.29019165039062,168.419921875,168.89947509765625,1540416
2018-12-20,2018-12-20T00:00:00Z,166.50169372558594,166.50169372558594,161.99388122558594,162.3775177001953,2240371
2018-12-21,2018-12-21T00:00:00Z,162.85707092285156,163.62435913085938,161.46636962890625,162.04183959960938,2009965
2018-12-27,2018-12-27T00:00:00Z,166.30987548828125,167.74855041503906,157.6299285888672,158.30130004882812,1921641
2018-12-28,2018-12-28T00:00:00Z,160.2195281982422,165.0630340576172,160.2195281982422,163.6723175048828,2129233
2019-01-02,2019-01-02T00:00:00Z,163.48049926757812,163.48049926757812,160.5072479248047,162.2816162109375,1493199
2019-01-03,2019-01-03T00:00:00Z,161.89796447753906,164.15187072753906,161.32249450683594,161.32249450683594,1245144
2019-01-04,2019-01-04T00:00:00Z,162.18569946289062,165.54258728027344,161.8020477294922,164.58348083496094,1220417
2019-01-07,2019-01-07T00:00:00Z,166.83738708496094,166.83738708496094,163.14480590820312,163.7682342529297,897122
2019-01-08,2019-01-08T00:00:00Z,167.94036865234375,168.51583862304688,165.97418212890625,166.3578338623047,1344996
2019-01-09,2019-01-09T00:00:00Z,167.50875854492188,169.81063842773438,166.3578338623047,168.51583862304688,1171255
2019-01-10,2019-01-10T00:00:00Z,167.36489868164062,169.66676330566406,166.2619171142578,169.33106994628906,995862
2019-01-11,2019-01-11T00:00:00Z,167.5567169189453,169.09129333496094,164.82325744628906,166.0221405029297,2864391
2019-01-14,2019-01-14T00:00:00Z,165.59054565429688,166.2619171142578,164.43960571289062,165.78236389160156,1087799
2019-01-15,2019-01-15T00:00:00Z,166.21395874023438,168.084228515625,165.44667053222656,165.49462890625,1941046
2019-01-16,2019-01-16T00:00:00Z,166.5976104736328,166.88534545898438,164.1039276123047,164.9671173095703,2003940
2019-01-17,2019-01-17T00:00:00Z,164.48756408691406,164.8712158203125,162.95298767089844,163.72027587890625,3452468
2019-01-18,2019-01-18T00:00:00Z,165.44667053222656,167.6526336669922,164.9671173095703,167.36489868164062,5384994
2019-01-21,2019-01-21T00:00:00Z,167.36489868164062,169.09129333496094,166.5976104736328,167.5567169189453,1163277
2019-01-22,2019-01-22T00:00:00Z,166.83738708496094,168.13218688964844,164.5355224609375,165.6385040283203,1553861
2019-01-23,2019-01-23T00:00:00Z,165.54258728027344,166.64556884765625,164.1039276123047,164.43960571289062,1235353
2019-01-24,2019-01-24T00:00:00Z,165.0630340576172,165.87828063964844,164.24778747558594,165.73440551757812,1730569
2019-01-25,2019-01-25T00:00:00Z,166.11805725097656,169.2831268310547,165.92623901367188,168.70765686035156,1368979
2019-01-28,2019-01-28T00:00:00Z,167.41285705566406,167.41285705566406,165.73440551757812,166.07009887695312,1397924
2019-01-29,2019-01-29T00:00:00Z,165.44667053222656,167.07716369628906,164.7273406982422,165.87828063964844,1123101
2019-01-30,2019-01-30T00:00:00Z,165.68646240234375,167.79649353027344,165.59054565429688,166.21395874023438,1029809
2019-01-31,2019-01-31T00:00:00Z,166.40579223632812,167.74855041503906,164.3916473388672,165.20689392089844,1454410
2019-02-01,2019-02-01T00:00:00Z,165.35076904296875,168.084228515625,165.35076904296875,167.17308044433594,933709
2019-02-04,2019-02-04T00:00:00Z,167.41285705566406,168.2281036376953,166.11805725097656,167.9883270263672,1053138
2019-02-05,2019-02-05T00:00:00Z,168.80357360839844,171.5370330810547,168.80357360839844,171.34521484375,1299863
2019-02-06,2019-02-06T00:00:00Z,171.68089294433594,173.11956787109375,170.33815002441406,172.35227966308594,1192701
2019-02-07,2019-02-07T00:00:00Z,172.54409790039062,173.64707946777344,170.8177032470703,170.8177032470703,1660866
2019-02-08,2019-02-08T00:00:00Z,170.96156311035156,171.34521484375,168.27606201171875,168.51583862304688,1500859
2019-02-11,2019-02-11T00:00:00Z,170.38609313964844,170.38609313964844,168.9474334716797,169.42698669433594,1278696
2019-02-12,2019-02-12T00:00:00Z,170.0504150390625,170.09837341308594,167.84445190429688,169.57086181640625,1985644
2019-02-13,2019-02-13T00:00:00Z,168.99539184570312,170.72178649902344,168.80357360839844,169.76268005371094,2017731
2019-02-14,2019-02-14T00:00:00Z,171.009521484375,173.4073028564453,170.86566162109375,172.59205627441406,1853687
2019-02-15,2019-02-15T00:00:00Z,172.6400146484375,176.04486083984375,171.68089294433594,175.13369750976562,2042305
2019-02-18,2019-02-18T00:00:00Z,175.51734924316406,175.80508422851562,174.31845092773438,174.60618591308594,1235730
2019-02-19,2019-02-19T00:00:00Z,174.4623260498047,176.57237243652344,174.07867431640625,176.42849731445312,1768866
2019-02-20,2019-02-20T00:00:00Z,176.7162322998047,179.44970703125,176.28463745117188,178.82627868652344,1460672
2019-02-21,2019-02-21T00:00:00Z,179.9772186279297,181.41587829589844,178.7783203125,180.36085510253906,2301203
2019-02-22,2019-02-22T00:00:00Z,181.0322265625,181.60769653320312,180.0731201171875,181.46383666992188,1057064
2019-02-25,2019-02-25T00:00:00Z,181.65565490722656,182.37498474121094,180.31289672851562,182.039306640625,1025991
2019-02-26,2019-02-26T00:00:00Z,182.039306640625,182.71067810058594,181.08018493652344,182.4709014892578,1620341
2019-02-27,2019-02-27T00:00:00Z,181.94338989257812,181.99134826660156,179.06605529785156,179.78538513183594,1475108
2019-02-28,2019-02-28T00:00:00Z,182.2311248779297,182.27908325195312,173.74298095703125,175.4214324951172,1908867
2019-03-01,2019-03-01T00:00:00Z,175.4214324951172,175.90098571777344,173.0716094970703,173.55116271972656,1987619
2019-03-04,2019-03-04T00:00:00Z,173.74298095703125,175.03778076171875,172.7359161376953,173.263427734375,2786235
2019-03-05,2019-03-05T00:00:00Z,173.263427734375,174.1266326904297,172.1125030517578,173.59912109375,1449877
2019-03-06,2019-03-06T00:00:00Z,172.8318328857422,173.88685607910156,172.16046142578125,172.25636291503906,1498883
2019-03-07,2019-03-07T00:00:00Z,172.06454467773438,172.54409790039062,170.00245666503906,170.96156311035156,2212890
2019-03-08,2019-03-08T00:00:00Z,170.43405151367188,171.39317321777344,168.51583862304688,169.57086181640625,1661934
2019-03-11,2019-03-11T00:00:00Z,170.2422332763672,171.2013397216797,169.13925170898438,170.62586975097656,888744
2019-03-12,2019-03-12T00:00:00Z,171.58499145507812,171.63294982910156,169.85858154296875,170.09837341308594,1039626
2019-03-13,2019-03-13T00:00:00Z,170.00245666503906,170.76974487304688,169.42698669433594,170.29019165039062,1098117
2019-03-14,2019-03-14T00:00:00Z,170.2422332763672,171.9686279296875,169.9065399169922,171.5370330810547,1242410
2019-03-15,2019-03-15T00:00:00Z,171.5370330810547,171.63294982910156,169.81063842773438,170.43405151367188,2720630
2019-03-18,2019-03-18T00:00:00Z,170.1463165283203,172.7359161376953,169.95449829101562,172.6400146484375,1214132
2019-03-19,2019-03-19T00:00:00Z,172.6400146484375,174.27049255371094,172.25636291503906,173.31138610839844,998638
2019-03-20,2019-03-20T00:00:00Z,172.97569274902344,172.97569274902344,170.4820098876953,170.86566162109375,1236126
2019-03-21,2019-03-21T00:00:00Z,170.62586975097656,170.72178649902344,168.755615234375,169.76268005371094,1093460
2019-03-22,2019-03-22T00:00:00Z,169.7147216796875,170.1463165283203,165.73440551757812,165.92623901367188,1918966
2019-03-25,2019-03-25T00:00:00Z,164.9671173095703,164.9671173095703,163.48049926757812,164.5355224609375,1251631
2019-03-26,2019-03-26T00:00:00Z,165.59054565429688,165.59054565429688,162.76116943359375,164.77529907226562,869316
2019-03-27,2019-03-27T00:00:00Z,165.3028106689453,166.166015625,164.29574584960938,165.35076904296875,1108784
2019-03-28,2019-03-28T00:00:00Z,165.830322265625,166.88534545898438,165.0630340576172,165.68646240234375,1213245
2019-03-29,2019-03-29T00:00:00Z,165.830322265625,167.74855041503906,165.830322265625,167.3169403076172,1483140
2019-04-01,2019-04-01T00:00:00Z,167.6526336669922,170.58750915527344,167.40325927734375,170.26141357421875,1613899
2019-04-02,2019-04-02T00:00:00Z,170.62586975097656,172.54409790039062,170.2422332763672,172.16046142578125,1365651
2019-04-03,2019-04-03T00:00:00Z,172.54409790039062,175.6612091064453,172.40023803710938,174.60618591308594,1757092
2019-04-04,2019-04-04T00:00:00Z,174.79800415039062,175.5653076171875,173.50320434570312,174.60618591308594,1416565
2019-04-05,2019-04-05T00:00:00Z,175.3255157470703,176.04486083984375,174.4623260498047,174.51028442382812,1302872
2019-04-08,2019-04-08T00:00:00Z,174.4623260498047,175.18165588378906,173.69503784179688,174.07867431640625,2333403
2019-04-09,2019-04-09T00:00:00Z,174.75006103515625,175.18165588378906,172.8318328857422,172.97569274902344,1352836
2019-04-10,2019-04-10T00:00:00Z,173.31138610839844,173.64707946777344,172.06454467773438,172.3043212890625,1711733
2019-04-11,2019-04-11T00:00:00Z,172.35227966308594,173.74298095703125,171.5370330810547,173.4073028564453,1486730
2019-04-12,2019-04-12T00:00:00Z,173.4073028564453,177.1478271484375,173.21548461914062,175.3255157470703,1283505
2019-04-15,2019-04-15T00:00:00Z,176.3325958251953,176.6203155517578,175.2296142578125,175.7571258544922,1236821
2019-04-16,2019-04-16T00:00:00Z,176.47645568847656,177.6753387451172,175.7571258544922,177.0519256591797,1278181
2019-04-17,2019-04-17T00:00:00Z,184.1493377685547,188.27352905273438,182.37498474121094,186.59507751464844,3454469
2019-04-18,2019-04-18T00:00:00Z,186.3553009033203,188.22557067871094,184.77276611328125,187.17054748535156,893254
2019-04-23,2019-04-23T00:00:00Z,186.8828125,186.8828125,181.60769653320312,185.7798309326172,1803590
2019-04-24,2019-04-24T00:00:00Z,185.7798309326172,186.93077087402344,184.96458435058594,186.93077087402344,1239855
2019-04-25,2019-04-25T00:00:00Z,187.02667236328125,189.71218872070312,185.49209594726562,188.22557067871094,1854388
2019-04-26,2019-04-26T00:00:00Z,188.12965393066406,188.12965393066406,185.10845947265625,186.8828125,975464
2019-04-29,2019-04-29T00:00:00Z,188.84898376464844,188.84898376464844,187.218505859375,188.41738891601562,1301742
2019-04-30,2019-04-30T00:00:00Z,188.46534729003906,188.89694213867188,186.83485412597656,188.1776123046875,610055
2019-05-02,2019-05-02T00:00:00Z,188.9449005126953,188.9449005126953,186.16348266601562,187.50624084472656,1443048
2019-05-03,2019-05-03T00:00:00Z,187.88987731933594,187.88987731933594,185.68392944335938,187.26644897460938,1186071
2019-05-06,2019-05-06T00:00:00Z,178.2508087158203,180.2169952392578,177.4835205078125,179.5456085205078,1422749
2019-05-07,2019-05-07T00:00:00Z,179.5456085205078,179.68948364257812,175.0857391357422,176.09280395507812,1001829
2019-05-08,2019-05-08T00:00:00Z,174.84596252441406,177.8192138671875,174.84596252441406,176.9560089111328,1097763
2019-05-09,2019-05-09T00:00:00Z,175.27757263183594,176.188720703125,174.17459106445312,174.79800415039062,1456820
2019-05-10,2019-05-10T00:00:00Z,176.860107421875,178.1549072265625,175.9969024658203,177.0519256591797,1412644
2019-05-13,2019-05-13T00:00:00Z,177.0519256591797,177.0519256591797,172.68797302246094,173.02365112304688,1276538
2019-05-14,2019-05-14T00:00:00Z,174.07867431640625,174.98983764648438,171.34521484375,173.11956787109375,997800
2019-05-15,2019-05-15T00:00:00Z,173.263427734375,173.88685607910156,171.009521484375,173.88685607910156,825205
2019-05-16,2019-05-16T00:00:00Z,174.22254943847656,177.6273956298828,173.7909393310547,177.6273956298828,1270327
2019-05-17,2019-05-17T00:00:00Z,178.0110321044922,178.87423706054688,176.28463745117188,177.1478271484375,1507063
2019-05-20,2019-05-20T00:00:00Z,176.860107421875,176.860107421875,173.31138610839844,174.7021026611328,1200494
2019-05-21,2019-05-21T00:00:00Z,175.27757263183594,177.0519256591797,175.18165588378906,175.90098571777344,738833
2019-05-22,2019-05-22T00:00:00Z,175.51734924316406,175.90098571777344,174.17459106445312,175.4214324951172,838158
2019-05-23,2019-05-23T00:00:00Z,174.94187927246094,174.98983764648438,172.20840454101562,172.8318328857422,1507984
2019-05-24,2019-05-24T00:00:00Z,173.11956787109375,174.07867431640625,171.72885131835938,172.01658630371094,870003
2019-05-27,2019-05-27T00:00:00Z,172.78387451171875,173.64707946777344,172.3043212890625,172.78387451171875,617769
2019-05-28,2019-05-28T00:00:00Z,172.68797302246094,173.02365112304688,171.39317321777344,171.68089294433594,1387030
2019-05-29,2019-05-29T00:00:00Z,170.4820098876953,170.673828125,169.2831268310547,169.57086181640625,662395
2019-05-31,2019-05-31T00:00:00Z,168.419921875,168.56378173828125,166.45375061035156,166.7894287109375,2285099
2019-06-03,2019-06-03T00:00:00Z,165.92623901367188,167.9883270263672,165.35076904296875,167.5567169189453,1243356
2019-06-04,2019-06-04T00:00:00Z,167.84445190429688,171.10543823242188,167.07716369628906,171.10543823242188,1553164
2019-06-05,2019-06-05T00:00:00Z,170.96156311035156,173.11956787109375,170.43405151367188,171.7768096923828,1079747
2019-06-07,2019-06-07T00:00:00Z,173.263427734375,174.98983764648438,173.0716094970703,174.17459106445312,1263967
2019-06-11,2019-06-11T00:00:00Z,175.94894409179688,177.96307373046875,175.2296142578125,176.42849731445312,863543
2019-06-12,2019-06-12T00:00:00Z,175.51734924316406,176.3805389404297,174.7021026611328,175.51734924316406,947187
2019-06-13,2019-06-13T00:00:00Z,175.51734924316406,177.19578552246094,175.03778076171875,176.09280395507812,833920
2019-06-14,2019-06-14T00:00:00Z,174.60618591308594,174.94187927246094,170.72178649902344,171.68089294433594,1191528
2019-06-18,2019-06-18T00:00:00Z,171.48907470703125,175.5653076171875,169.9065399169922,175.18165588378906,1617121
2019-06-19,2019-06-19T00:00:00Z,175.80508422851562,177.77125549316406,175.80508422851562,176.3805389404297,1423338
2019-06-20,2019-06-20T00:00:00Z,177.4835205078125,179.114013671875,177.24374389648438,178.49058532714844,1717718
2019-06-24,2019-06-24T00:00:00Z,178.82627868652344,179.9772186279297,178.1549072265625,178.39468383789062,982574
2019-06-25,2019-06-25T00:00:00Z,177.8192138671875,177.8192138671875,176.09280395507812,176.57237243652344,1119598
2019-06-26,2019-06-26T00:00:00Z,176.9560089111328,177.24374389648438,175.4214324951172,176.09280395507812,697981
2019-06-27,2019-06-27T00:00:00Z,176.81214904785156,178.2508087158203,176.42849731445312,177.1478271484375,903988
2019-06-28,2019-06-28T00:00:00Z,177.43556213378906,178.5865020751953,176.860107421875,178.39468383789062,1855211
2019-07-01,2019-07-01T00:00:00Z,179.06605529785156,181.75157165527344,179.06605529785156,181.08018493652344,1885359
2019-07-02,2019-07-02T00:00:00Z,180.98428344726562,181.1761016845703,179.68948364257812,180.45677185058594,884841
2019-07-03,2019-07-03T00:00:00Z,180.02516174316406,180.7445068359375,178.29876708984375,179.16197204589844,2136589
2019-07-04,2019-07-04T00:00:00Z,179.114013671875,179.78538513183594,178.9221954345703,179.40174865722656,2229710
2019-07-05,2019-07-05T00:00:00Z,179.35379028320312,179.5456085205078,172.78387451171875,174.94187927246094,4142155
2019-07-08,2019-07-08T00:00:00Z,174.65414428710938,175.51734924316406,172.92774963378906,174.1266326904297,2013528
2019-07-09,2019-07-09T00:00:00Z,173.4073028564453,173.4073028564453,169.61880493164062,169.81063842773438,2861465
2019-07-10,2019-07-10T00:00:00Z,169.81063842773438,171.34521484375,169.33106994628906,169.9065399169922,1609246
2019-07-11,2019-07-11T00:00:00Z,169.9065399169922,170.43405151367188,167.4608154296875,168.03627014160156,1815721
2019-07-12,2019-07-12T00:00:00Z,167.84445190429688,170.1463165283203,167.5567169189453,169.2831268310547,2162811
2019-07-15,2019-07-15T00:00:00Z,169.95449829101562,171.15338134765625,169.2831268310547,170.52996826171875,1186725
2019-07-16,2019-07-16T00:00:00Z,169.76268005371094,171.68089294433594,169.76268005371094,171.10543823242188,918152
2019-07-17,2019-07-17T00:00:00Z,171.10543823242188,172.92774963378906,169.61880493164062,170.09837341308594,1623406
2019-07-18,2019-07-18T00:00:00Z,169.2831268310547,169.47494506835938,166.88534545898438,166.88534545898438,1607380
2019-07-19,2019-07-19T00:00:00Z,169.47494506835938,170.09837341308594,168.03627014160156,169.9065399169922,1403956
2019-07-22,2019-07-22T00:00:00Z,170.0504150390625,171.34521484375,170.0504150390625,170.72178649902344,936101
2019-07-23,2019-07-23T00:00:00Z,171.8727264404297,175.0857391357422,171.48907470703125,174.3664093017578,1949565
2019-07-24,2019-07-24T00:00:00Z,175.03778076171875,175.6612091064453,173.02365112304688,174.22254943847656,1706955
2019-07-25,2019-07-25T00:00:00Z,177.43556213378906,178.9701385498047,168.9474334716797,169.85858154296875,2143552
2019-07-26,2019-07-26T00:00:00Z,170.2422332763672,171.58499145507812,169.5229034423828,171.15338134765625,1700820
2019-07-29,2019-07-29T00:00:00Z,170.29019165039062,170.72178649902344,168.70765686035156,169.09129333496094,1041706
2019-07-30,2019-07-30T00:00:00Z,170.8177032470703,174.65414428710938,170.09837341308594,172.25636291503906,2142934
2019-07-31,2019-07-31T00:00:00Z,172.78387451171875,175.37347412109375,172.44818115234375,174.8939208984375,1320325
2019-08-01,2019-08-01T00:00:00Z,172.87979125976562,174.98983764648438,172.59205627441406,174.3664093017578,914985
2019-08-02,2019-08-02T00:00:00Z,172.44818115234375,173.21548461914062,169.9065399169922,171.9686279296875,2407599
2019-08-06,2019-08-06T00:00:00Z,167.84445190429688,167.94036865234375,164.3437042236328,164.8712158203125,1942959
2019-08-07,2019-08-07T00:00:00Z,165.92623901367188,166.5976104736328,163.72027587890625,165.158935546875,705254
2019-08-08,2019-08-08T00:00:00Z,167.22103881835938,167.22103881835938,165.59054565429688,166.5976104736328,589821
2019-08-09,2019-08-09T00:00:00Z,166.30987548828125,166.74147033691406,164.1039276123047,164.82325744628906,1178499
2019-08-12,2019-08-12T00:00:00Z,171.24929809570312,173.02365112304688,169.57086181640625,171.29725646972656,5655209
2019-08-13,2019-08-13T00:00:00Z,171.29725646972656,174.17459106445312,169.81063842773438,173.69503784179688,4014227
2019-08-14,2019-08-14T00:00:00Z,172.25636291503906,172.25636291503906,169.42698669433594,170.1463165283203,2055303
2019-08-15,2019-08-15T00:00:00Z,170.2422332763672,170.96156311035156,167.94036865234375,169.33106994628906,1502118
2019-08-16,2019-08-16T00:00:00Z,169.76268005371094,172.1125030517578,169.3790283203125,171.4411163330078,2703107
2019-08-19,2019-08-19T00:00:00Z,172.6400146484375,173.74298095703125,171.7768096923828,173.31138610839844,1294575
2019-08-20,2019-08-20T00:00:00Z,173.1675262451172,174.65414428710938,172.54409790039062,172.8318328857422,1114680
2019-08-21,2019-08-21T00:00:00Z,172.7359161376953,173.7909393310547,172.59205627441406,173.02365112304688,1122060
2019-08-22,2019-08-22T00:00:00Z,173.02365112304688,174.17459106445312,171.7768096923828,172.7359161376953,863390
2019-08-23,2019-08-23T00:00:00Z,173.88685607910156,174.75006103515625,171.58499145507812,171.58499145507812,692738
2019-08-26,2019-08-26T00:00:00Z,170.72178649902344,172.7359161376953,169.9065399169922,171.68089294433594,673037
2019-08-27,2019-08-27T00:00:00Z,171.68089294433594,172.06454467773438,170.2422332763672,171.68089294433594,1109098
2019-08-28,2019-08-28T00:00:00Z,170.673828125,172.40023803710938,169.66676330566406,172.40023803710938,896324
2019-08-29,2019-08-29T00:00:00Z,172.6400146484375,176.42849731445312,171.9686279296875,176.3805389404297,1871614
2019-08-30,2019-08-30T00:00:00Z,176.47645568847656,180.0731201171875,176.47645568847656,179.3058319091797,1767324
2019-09-02,2019-09-02T00:00:00Z,179.3058319091797,179.5456085205078,176.9560089111328,177.72329711914062,1682569
2019-09-03,2019-09-03T00:00:00Z,177.72329711914062,179.16197204589844,176.860107421875,177.43556213378906,1116394
2019-09-04,2019-09-04T00:00:00Z,177.43556213378906,178.29876708984375,176.47645568847656,177.72329711914062,1537317
2019-09-05,2019-09-05T00:00:00Z,179.16197204589844,180.02516174316406,178.3467254638672,179.7374267578125,1924717
2019-09-06,2019-09-06T00:00:00Z,180.02516174316406,180.02516174316406,178.20285034179688,179.92926025390625,1617786
2019-09-09,2019-09-09T00:00:00Z,179.83334350585938,181.8954315185547,179.6415252685547,181.8954315185547,1106509
2019-09-10,2019-09-10T00:00:00Z,182.1352081298828,186.7389373779297,181.94338989257812,186.30734252929688,2447699
2019-09-11,2019-09-11T00:00:00Z,186.21144104003906,188.08169555664062,185.63597106933594,188.08169555664062,2284578
2019-09-12,2019-09-12T00:00:00Z,188.3694305419922,189.0408172607422,186.6909942626953,187.69805908203125,1590610
2019-09-13,2019-09-13T00:00:00Z,187.02667236328125,188.80104064941406,187.02667236328125,188.56124877929688,707147
2019-09-16,2019-09-16T00:00:00Z,187.4103240966797,188.84898376464844,186.547119140625,188.5133056640625,1534793
2019-09-17,2019-09-17T00:00:00Z,187.3144073486328,188.80104064941406,187.3144073486328,188.5133056640625,868827
2019-09-18,2019-09-18T00:00:00Z,187.9857940673828,189.6642303466797,187.8419189453125,188.32147216796875,1096734
2019-09-19,2019-09-19T00:00:00Z,187.9857940673828,190.04788208007812,187.7460174560547,188.22557067871094,1283339
2019-09-20,2019-09-20T00:00:00Z,188.9449005126953,188.9449005126953,187.02667236328125,188.7051239013672,1076373
2019-09-23,2019-09-23T00:00:00Z,187.9857940673828,187.9857940673828,184.293212890625,185.10845947265625,2064765
2019-09-24,2019-09-24T00:00:00Z,185.10845947265625,186.06756591796875,183.04637145996094,183.04637145996094,1577424
2019-09-25,2019-09-25T00:00:00Z,181.84747314453125,181.8954315185547,179.16197204589844,180.5047149658203,1755929
2019-09-26,2019-09-26T00:00:00Z,180.5047149658203,182.6627197265625,180.5047149658203,181.5117950439453,881771
2019-09-27,2019-09-27T00:00:00Z,182.2311248779297,184.24525451660156,181.8954315185547,183.81365966796875,1221657
2019-09-30,2019-09-30T00:00:00Z,184.1493377685547,185.87574768066406,183.8616180419922,185.0605010986328,1367310
2019-10-01,2019-10-01T00:00:00Z,186.06756591796875,187.26644897460938,183.47796630859375,183.8616180419922,1701445
2019-10-02,2019-10-02T00:00:00Z,182.8065948486328,182.8065948486328,175.80508422851562,175.80508422851562,2549233
2019-10-03,2019-10-03T00:00:00Z,175.70916748046875,175.7571258544922,170.29019165039062,171.82476806640625,2511380
2019-10-04,2019-10-04T00:00:00Z,172.44818115234375,172.68797302246094,170.0504150390625,170.91360473632812,2328175
2019-10-07,2019-10-07T00:00:00Z,171.2013397216797,172.78387451171875,169.7147216796875,172.78387451171875,1397088
2019-10-08,2019-10-08T00:00:00Z,172.6400146484375,172.6400146484375,169.81063842773438,171.5370330810547,1470640
2019-10-09,2019-10-09T00:00:00Z,171.2013397216797,173.55116271972656,170.33815002441406,171.8727264404297,1397334
2019-10-10,2019-10-10T00:00:00Z,171.58499145507812,172.4961395263672,169.81063842773438,171.92066955566406,1640554
2019-10-11,2019-10-11T00:00:00Z,172.01658630371094,174.41436767578125,171.8727264404297,174.1266326904297,1563145
2019-10-14,2019-10-14T00:00:00Z,174.98983764648438,174.98983764648438,172.97569274902344,174.51028442382812,879088
2019-10-15,2019-10-15T00:00:00Z,175.3255157470703,177.6753387451172,174.41436767578125,176.7162322998047,2070993
2019-10-16,2019-10-16T00:00:00Z,176.860107421875,177.77125549316406,175.80508422851562,177.24374389648438,1407375
2019-10-17,2019-10-17T00:00:00Z,176.47645568847656,177.6753387451172,176.28463745117188,177.0519256591797,1479200
2019-10-18,2019-10-18T00:00:00Z,177.0519256591797,178.442626953125,175.3255157470703,177.09988403320312,3278584
2019-10-21,2019-10-21T00:00:00Z,177.00396728515625,181.367919921875,176.76419067382812,181.0322265625,2766337
2019-10-22,2019-10-22T00:00:00Z,181.367919921875,182.6627197265625,180.02516174316406,180.0731201171875,1702163
2019-10-23,2019-10-23T00:00:00Z,183.28614807128906,187.6501007080078,182.18316650390625,186.1155242919922,3716669
2019-10-24,2019-10-24T00:00:00Z,187.36236572265625,191.91815185546875,187.3144073486328,191.67835998535156,3303835
2019-10-25,2019-10-25T00:00:00Z,191.91815185546875,195.65867614746094,191.58245849609375,195.56277465820312,1694590
2019-10-28,2019-10-28T00:00:00Z,195.1791229248047,197.09735107421875,194.7954864501953,196.42596435546875,1293891
2019-10-29,2019-10-29T00:00:00Z,196.42596435546875,197.6728057861328,195.65867614746094,196.905517578125,2154406
2019-10-30,2019-10-30T00:00:00Z,196.61778259277344,197.7687225341797,195.0832061767578,196.23414611816406,1617004
2019-10-31,2019-10-31T00:00:00Z,196.52188110351562,196.52188110351562,193.45272827148438,193.74046325683594,1369563
2019-11-01,2019-11-01T00:00:00Z,195.27503967285156,195.27503967285156,193.74046325683594,193.93228149414062,201805
2019-11-04,2019-11-04T00:00:00Z,194.41183471679688,198.44009399414062,193.3568115234375,198.44009399414062,1781450
2019-11-05,2019-11-05T00:00:00Z,198.24827575683594,199.11148071289062,197.19325256347656,198.7278289794922,1310734
2019-11-06,2019-11-06T00:00:00Z,198.91966247558594,200.55014038085938,198.63192749023438,199.68695068359375,1601540
2019-11-07,2019-11-07T00:00:00Z,200.45423889160156,201.70108032226562,200.07058715820312,200.07058715820312,1520824
2019-11-08,2019-11-08T00:00:00Z,200.07058715820312,201.41334533691406,199.4951171875,201.1256103515625,995171
2019-11-11,2019-11-11T00:00:00Z,201.41334533691406,201.9888153076172,200.64605712890625,201.1256103515625,1547071
2019-11-12,2019-11-12T00:00:00Z,201.41334533691406,204.00294494628906,200.9337921142578,203.42747497558594,1486222
2019-11-13,2019-11-13T00:00:00Z,202.756103515625,204.09886169433594,201.02969360351562,203.81112670898438,1358047
2019-11-14,2019-11-14T00:00:00Z,203.7152099609375,204.3865966796875,202.8520050048828,203.33157348632812,1054335
2019-11-15,2019-11-15T00:00:00Z,204.77023315429688,205.63343811035156,204.00294494628906,204.86614990234375,1483957
2019-11-18,2019-11-18T00:00:00Z,204.29067993164062,204.67431640625,202.5642852783203,203.5233917236328,959133
2019-11-19,2019-11-19T00:00:00Z,203.9070281982422,205.05796813964844,202.084716796875,202.5642852783203,887066
2019-11-20,2019-11-20T00:00:00Z,201.70108032226562,202.756103515625,200.64605712890625,201.3174285888672,804227
2019-11-21,2019-11-21T00:00:00Z,200.45423889160156,200.9337921142578,198.91966247558594,200.83787536621094,1103279
2019-11-22,2019-11-22T00:00:00Z,200.2624053955078,201.7969970703125,199.3032989501953,200.9337921142578,1080527
2019-11-25,2019-11-25T00:00:00Z,200.9337921142578,203.04383850097656,200.74197387695312,202.8520050048828,818215
2019-11-26,2019-11-26T00:00:00Z,203.33157348632812,203.81112670898438,202.18063354492188,203.33157348632812,1251926
2019-11-27,2019-11-27T00:00:00Z,203.13973999023438,204.19476318359375,202.18063354492188,202.5642852783203,1026016
2019-11-28,2019-11-28T00:00:00Z,202.37245178222656,202.37245178222656,201.22152709960938,201.7969970703125,764476
2019-11-29,2019-11-29T00:00:00Z,200.3583221435547,201.1256103515625,199.4951171875,200.9337921142578,1161224
2019-12-02,2019-12-02T00:00:00Z,200.9337921142578,202.8520050048828,198.7278289794922,199.3992156982422,1763815
2019-12-03,2019-12-03T00:00:00Z,199.11148071289062,200.07058715820312,197.48098754882812,199.01556396484375,1663265
2019-12-04,2019-12-04T00:00:00Z,198.91966247558594,204.19476318359375,198.7278289794922,202.37245178222656,1585867
2019-12-05,2019-12-05T00:00:00Z,202.37245178222656,205.63343811035156,202.27655029296875,204.09886169433594,1157178
2019-12-06,2019-12-06T00:00:00Z,204.09886169433594,205.82525634765625,202.8520050048828,205.72933959960938,1165090
2019-12-09,2019-12-09T00:00:00Z,205.345703125,207.83938598632812,205.24978637695312,205.72933959960938,989753
2019-12-10,2019-12-10T00:00:00Z,209.0862274169922,209.7576141357422,203.81112670898438,206.9761962890625,2132244
2019-12-11,2019-12-11T00:00:00Z,207.1680145263672,207.83938598632812,205.1538848876953,207.83938598632812,2532927
2019-12-12,2019-12-12T00:00:00Z,208.03121948242188,212.82676696777344,207.35983276367188,212.73086547851562,3106484
2019-12-13,2019-12-13T00:00:00Z,214.9368133544922,216.08775329589844,213.114501953125,213.114501953125,2752056
2019-12-16,2019-12-16T00:00:00Z,213.40223693847656,215.22454833984375,212.53903198242188,215.22454833984375,2529731
2019-12-17,2019-12-17T00:00:00Z,214.55316162109375,216.75912475585938,213.49813842773438,216.5673065185547,2374172
2019-12-18,2019-12-18T00:00:00Z,216.37547302246094,217.04685974121094,215.41636657714844,216.95094299316406,1749393
2019-12-19,2019-12-19T00:00:00Z,217.04685974121094,218.293701171875,215.8959197998047,217.91006469726562,1935202
2019-12-20,2019-12-20T00:00:00Z,218.00596618652344,219.54054260253906,216.5673065185547,216.5673065185547,1451250
2019-12-23,2019-12-23T00:00:00Z,216.5673065185547,217.71823120117188,215.7041015625,217.5264129638672,897088
2019-12-27,2019-12-27T00:00:00Z,218.19778442382812,218.38961791992188,216.5673065185547,217.23867797851562,794442
2019-12-30,2019-12-30T00:00:00Z,217.23867797851562,217.5264129638672,215.32046508789062,215.8959197998047,907650
2020-01-02,2020-01-02T00:00:00Z,215.80001831054688,220.6914825439453,215.60818481445312,218.96507263183594,1401566
2020-01-03,2020-01-03T00:00:00Z,216.4713897705078,218.4855194091797,215.5122833251953,218.38961791992188,1238207
2020-01-07,2020-01-07T00:00:00Z,219.34872436523438,221.36285400390625,219.34872436523438,220.49966430664062,1218570
2020-01-08,2020-01-08T00:00:00Z,218.38961791992188,221.0751190185547,216.95094299316406,220.97921752929688,1536223
2020-01-09,2020-01-09T00:00:00Z,222.41787719726562,222.89743041992188,220.1160125732422,220.49966430664062,1556949
2020-01-10,2020-01-10T00:00:00Z,220.59556579589844,220.78738403320312,219.0609893798828,219.2528076171875,1129382
2020-01-13,2020-01-13T00:00:00Z,219.7323760986328,220.0200958251953,216.75912475585938,217.23867797851562,1820250
2020-01-14,2020-01-14T00:00:00Z,215.80001831054688,217.1427764892578,213.9777069091797,216.27957153320312,2480961
2020-01-15,2020-01-15T00:00:00Z,216.6632080078125,218.58143615722656,216.08775329589844,216.75912475585938,2187969
2020-01-16,2020-01-16T00:00:00Z,216.6632080078125,217.91006469726562,215.5122833251953,217.91006469726562,1129437
2020-01-17,2020-01-17T00:00:00Z,218.86917114257812,220.0200958251953,218.19778442382812,218.293701171875,2285506
2020-01-20,2020-01-20T00:00:00Z,218.19778442382812,219.34872436523438,217.23867797851562,217.62232971191406,1595270
2020-01-21,2020-01-21T00:00:00Z,217.81414794921875,218.19778442382812,215.80001831054688,217.62232971191406,1572418
2020-01-22,2020-01-22T00:00:00Z,219.44464111328125,221.7465057373047,218.4855194091797,219.2528076171875,1533549
2020-01-23,2020-01-23T00:00:00Z,217.91006469726562,218.38961791992188,215.80001831054688,216.4713897705078,1244355
2020-01-24,2020-01-24T00:00:00Z,218.86917114257812,221.8424072265625,218.00596618652344,221.0751190185547,1875705
2020-01-27,2020-01-27T00:00:00Z,218.19778442382812,218.77325439453125,215.03273010253906,215.22454833984375,2204889
2020-01-28,2020-01-28T00:00:00Z,216.18365478515625,216.75912475585938,213.01858520507812,215.12863159179688,2300681
2020-01-29,2020-01-29T00:00:00Z,215.99183654785156,218.00596618652344,215.03273010253906,218.00596618652344,1086548
2020-01-30,2020-01-30T00:00:00Z,216.27957153320312,217.91006469726562,215.32046508789062,216.95094299316406,1553318
2020-01-31,2020-01-31T00:00:00Z,218.58143615722656,218.67735290527344,214.8408966064453,215.60818481445312,1536288
2020-02-03,2020-02-03T00:00:00Z,215.03273010253906,217.81414794921875,215.03273010253906,216.75912475585938,1357893
2020-02-04,2020-02-04T00:00:00Z,216.75912475585938,221.7465057373047,216.37547302246094,221.17103576660156,2038901
2020-02-05,2020-02-05T00:00:00Z,219.2528076171875,232.39263916015625,219.2528076171875,229.99485778808594,5070098
2020-02-06,2020-02-06T00:00:00Z,230.95396423339844,232.77627563476562,228.5561981201172,229.22756958007812,2412781
2020-02-07,2020-02-07T00:00:00Z,229.03575134277344,229.03575134277344,225.39112854003906,225.8706817626953,2164833
2020-02-10,2020-02-10T00:00:00Z,225.77476501464844,226.15841674804688,224.04837036132812,225.1033935546875,1325261
2020-02-11,2020-02-11T00:00:00Z,226.35023498535156,228.652099609375,226.35023498535156,228.36436462402344,1292454
2020-02-12,2020-02-12T00:00:00Z,228.74801635742188,229.99485778808594,227.5011749267578,228.07662963867188,973406
2020-02-13,2020-02-13T00:00:00Z,228.5561981201172,229.03575134277344,225.9665985107422,226.0625,1201522
2020-02-14,2020-02-14T00:00:00Z,226.15841674804688,226.73388671875,225.1033935546875,225.39112854003906,945397
2020-02-17,2020-02-17T00:00:00Z,225.48703002929688,227.6929931640625,225.48703002929688,226.8297882080078,1236858
2020-02-18,2020-02-18T00:00:00Z,226.15841674804688,227.40525817871094,225.00747680664062,226.35023498535156,1278138
2020-02-19,2020-02-19T00:00:00Z,227.40525817871094,229.61122131347656,227.21343994140625,229.4193878173828,1383149
2020-02-20,2020-02-20T00:00:00Z,229.61122131347656,231.4335174560547,228.74801635742188,228.74801635742188,1881661
2020-02-21,2020-02-21T00:00:00Z,227.59707641601562,227.98072814941406,222.99334716796875,224.144287109375,1601549
2020-02-24,2020-02-24T00:00:00Z,219.2528076171875,219.34872436523438,211.77174377441406,213.8817901611328,3697211
2020-02-25,2020-02-25T00:00:00Z,213.8817901611328,214.7449951171875,210.81263732910156,211.2921905517578,2211681
2020-02-26,2020-02-26T00:00:00Z,208.8944091796875,213.49813842773438,204.5784149169922,213.21041870117188,3354343
2020-02-27,2020-02-27T00:00:00Z,209.0862274169922,210.7167205810547,202.27655029296875,206.1129913330078,3002821
2020-02-28,2020-02-28T00:00:00Z,199.87876892089844,202.756103515625,197.3850860595703,199.68695068359375,4330896
2020-03-02,2020-03-02T00:00:00Z,199.9746856689453,201.41334533691406,193.64454650878906,198.15237426757812,3366860
2020-03-03,2020-03-03T00:00:00Z,200.9337921142578,203.9070281982422,197.96054077148438,198.05645751953125,2499025
2020-03-04,2020-03-04T00:00:00Z,198.5360107421875,200.74197387695312,197.00143432617188,198.7278289794922,2125720
2020-03-05,2020-03-05T00:00:00Z,200.9337921142578,201.1256103515625,193.1649932861328,195.7545928955078,2581706
2020-03-06,2020-03-06T00:00:00Z,191.82223510742188,193.45272827148438,186.64303588867188,187.6501007080078,3349919
2020-03-09,2020-03-09T00:00:00Z,172.6400146484375,179.5456085205078,169.13925170898438,175.6612091064453,6284467
2020-03-10,2020-03-10T00:00:00Z,177.38760375976562,184.77276611328125,174.27049255371094,176.04486083984375,3348884
2020-03-11,2020-03-11T00:00:00Z,177.43556213378906,181.0322265625,173.02365112304688,173.50320434570312,3888576
2020-03-12,2020-03-12T00:00:00Z,165.87828063964844,167.26898193359375,154.2730255126953,155.18418884277344,7241396
2020-03-13,2020-03-13T00:00:00Z,158.73289489746094,168.37196350097656,152.3548126220703,155.08827209472656,4866655
2020-03-16,2020-03-16T00:00:00Z,147.2235565185547,152.64254760742188,138.6395263671875,149.47747802734375,6225908
2020-03-17,2020-03-17T00:00:00Z,154.46485900878906,155.9994354248047,144.05850219726562,154.51280212402344,2934259
2020-03-18,2020-03-18T00:00:00Z,149.14178466796875,152.69049072265625,146.5042266845703,150.9161376953125,2428617
2020-03-19,2020-03-19T00:00:00Z,153.21800231933594,160.8429412841797,150.53250122070312,159.06858825683594,2984762
2020-03-20,2020-03-20T00:00:00Z,171.68089294433594,171.68089294433594,160.98681640625,162.1377410888672,2707044
2020-03-23,2020-03-23T00:00:00Z,155.23214721679688,159.8838348388672,147.703125,150.19680786132812,2513053
2020-03-24,2020-03-24T00:00:00Z,156.33511352539062,164.29574584960938,154.12916564941406,164.29574584960938,2431390
2020-03-25,2020-03-25T00:00:00Z,170.2422332763672,175.2296142578125,163.0489044189453,172.6400146484375,2753430
2020-03-26,2020-03-26T00:00:00Z,169.23516845703125,181.94338989257812,168.51583862304688,181.94338989257812,1698321
2020-03-27,2020-03-27T00:00:00Z,178.39468383789062,178.73036193847656,171.92066955566406,173.4073028564453,2371140
2020-03-30,2020-03-30T00:00:00Z,167.8924102783203,170.00245666503906,164.05596923828125,166.6935272216797,1913199
2020-03-31,2020-03-31T00:00:00Z,169.2831268310547,171.8727264404297,165.01507568359375,168.13218688964844,1876432
2020-04-01,2020-04-01T00:00:00Z,164.48756408691406,165.25485229492188,160.4593048095703,161.5143280029297,931997
2020-04-02,2020-04-02T00:00:00Z,162.42547607421875,166.5976104736328,160.93885803222656,163.81619262695312,1589379
2020-04-03,2020-04-03T00:00:00Z,163.0489044189453,165.49462890625,161.1786346435547,161.85000610351562,1168864
2020-04-06,2020-04-06T00:00:00Z,167.07716369628906,170.86566162109375,164.9671173095703,169.61880493164062,1568205
2020-04-07,2020-04-07T00:00:00Z,173.7909393310547,177.38760375976562,172.16046142578125,174.4623260498047,2749400
2020-04-08,2020-04-08T00:00:00Z,172.06454467773438,173.21548461914062,168.99539184570312,170.72178649902344,1728409
2020-04-09,2020-04-09T00:00:00Z,174.27049255371094,175.3255157470703,171.5370330810547,172.44818115234375,1120564
2020-04-14,2020-04-14T00:00:00Z,175.46939086914062,176.66827392578125,172.44818115234375,175.18165588378906,1576427
2020-04-15,2020-04-15T00:00:00Z,175.03778076171875,175.03778076171875,165.87828063964844,166.45375061035156,2000676
2020-04-16,2020-04-16T00:00:00Z,167.84445190429688,169.1872100830078,163.00094604492188,164.7273406982422,1241968
2020-04-17,2020-04-17T00:00:00Z,170.00245666503906,170.72178649902344,167.50875854492188,168.46788024902344,2419199
2020-04-20,2020-04-20T00:00:00Z,170.72178649902344,170.72178649902344,165.6385040283203,170.52996826171875,1135783
2020-04-21,2020-04-21T00:00:00Z,167.41285705566406,168.46788024902344,164.48756408691406,164.8712158203125,1038176
2020-04-22,2020-04-22T00:00:00Z,164.9671173095703,166.6935272216797,163.48049926757812,165.3987274169922,1283288
2020-04-23,2020-04-23T00:00:00Z,166.64556884765625,168.51583862304688,164.24778747558594,167.1251220703125,1252044
2020-04-24,2020-04-24T00:00:00Z,165.3987274169922,167.84445190429688,163.52845764160156,166.6935272216797,1278866
2020-04-27,2020-04-27T00:00:00Z,169.1872100830078,171.7768096923828,169.09129333496094,171.72885131835938,1591030
2020-04-28,2020-04-28T00:00:00Z,175.70916748046875,180.12107849121094,174.7021026611328,178.442626953125,3120370
2020-04-29,2020-04-29T00:00:00Z,178.63446044921875,183.4300079345703,176.9560089111328,182.95045471191406,2361369
2020-04-30,2020-04-30T00:00:00Z,182.42294311523438,184.1493377685547,179.83334350585938,179.83334350585938,1437751
2020-05-04,2020-05-04T00:00:00Z,174.27049255371094,174.5582275390625,169.9065399169922,169.9065399169922,2609879
2020-05-05,2020-05-05T00:00:00Z,172.6400146484375,173.934814453125,171.05747985839844,171.72885131835938,1846022
2020-05-06,2020-05-06T00:00:00Z,171.24929809570312,171.24929809570312,167.84445190429688,167.94036865234375,1683553
2020-05-07,2020-05-07T00:00:00Z,168.70765686035156,169.76268005371094,166.83738708496094,169.23516845703125,1510136
2020-05-08,2020-05-08T00:00:00Z,171.82476806640625,172.06454467773438,169.47494506835938,171.34521484375,1392841
2020-05-11,2020-05-11T00:00:00Z,171.8727264404297,172.78387451171875,170.76974487304688,172.54409790039062,1184541
2020-05-12,2020-05-12T00:00:00Z,171.7768096923828,173.88685607910156,171.4411163330078,171.7768096923828,1313122
2020-05-13,2020-05-13T00:00:00Z,170.09837341308594,171.34521484375,168.65969848632812,169.23516845703125,1599087
2020-05-14,2020-05-14T00:00:00Z,167.36489868164062,168.2281036376953,159.30836486816406,162.905029296875,3808451
2020-05-15,2020-05-15T00:00:00Z,164.9671173095703,167.5567169189453,164.63143920898438,166.11805725097656,2389013
2020-05-18,2020-05-18T00:00:00Z,168.419921875,175.9969024658203,168.419921875,175.80508422851562,1698618
2020-05-19,2020-05-19T00:00:00Z,175.9969024658203,176.3325958251953,173.1675262451172,175.0857391357422,1866654
2020-05-20,2020-05-20T00:00:00Z,173.98277282714844,176.28463745117188,172.3043212890625,174.75006103515625,756634
2020-05-22,2020-05-22T00:00:00Z,171.7768096923828,174.51028442382812,170.62586975097656,174.27049255371094,1473820
2020-05-25,2020-05-25T00:00:00Z,175.03778076171875,178.39468383789062,174.5582275390625,178.20285034179688,1158684
2020-05-26,2020-05-26T00:00:00Z,179.5456085205078,181.5117950439453,178.73036193847656,181.22406005859375,1665667
2020-05-27,2020-05-27T00:00:00Z,181.46383666992188,182.61476135253906,179.114013671875,180.6006317138672,1841119
2020-05-28,2020-05-28T00:00:00Z,181.5597381591797,182.90249633789062,180.55267333984375,182.8065948486328,2189652
2020-05-29,2020-05-29T00:00:00Z,180.88836669921875,180.88836669921875,177.4835205078125,178.20285034179688,2767491
2020-06-01,2020-06-01T00:00:00Z,182.1352081298828,182.42294311523438,179.49765014648438,180.2169952392578,1310052
2020-06-02,2020-06-02T00:00:00Z,180.2169952392578,185.10845947265625,179.83334350585938,182.8545379638672,2554948
2020-06-03,2020-06-03T00:00:00Z,185.1564178466797,192.20587158203125,183.71774291992188,191.1988067626953,4347833
2020-06-04,2020-06-04T00:00:00Z,191.6304168701172,192.5895233154297,189.37649536132812,189.37649536132812,3948012
2020-06-05,2020-06-05T00:00:00Z,191.34268188476562,193.06907653808594,189.13671875,192.20587158203125,3343355
2020-06-08,2020-06-08T00:00:00Z,190.67129516601562,193.83636474609375,189.42445373535156,193.83636474609375,1913959
2020-06-09,2020-06-09T00:00:00Z,194.69956970214844,195.1791229248047,189.472412109375,191.82223510742188,2700331
2020-06-10,2020-06-10T00:00:00Z,192.78134155273438,196.04232788085938,190.19174194335938,193.45272827148438,4966930
2020-06-11,2020-06-11T00:00:00Z,190.04788208007812,191.77427673339844,185.97164916992188,185.97164916992188,4924185
2020-06-12,2020-06-12T00:00:00Z,183.23818969726562,190.04788208007812,183.23818969726562,186.30734252929688,2386145
2020-06-15,2020-06-15T00:00:00Z,183.1902313232422,188.03375244140625,181.94338989257812,187.93783569335938,2139467
2020-06-16,2020-06-16T00:00:00Z,191.82223510742188,193.93228149414062,188.80104064941406,192.4936065673828,3015375
2020-06-17,2020-06-17T00:00:00Z,192.30178833007812,195.27503967285156,191.34268188476562,193.3568115234375,1755775
2020-06-18,2020-06-18T00:00:00Z,192.20587158203125,194.41183471679688,190.67129516601562,193.45272827148438,1354283
2020-06-22,2020-06-22T00:00:00Z,192.87725830078125,197.19325256347656,191.77427673339844,196.7136993408203,2101861
2020-06-23,2020-06-23T00:00:00Z,198.05645751953125,199.78285217285156,197.00143432617188,198.05645751953125,2032343
2020-06-24,2020-06-24T00:00:00Z,197.48098754882812,198.24827575683594,195.27503967285156,196.42596435546875,1946270
2020-06-25,2020-06-25T00:00:00Z,194.9873046875,197.576904296875,194.2200164794922,197.09735107421875,1716515
2020-06-26,2020-06-26T00:00:00Z,199.01556396484375,200.9337921142578,196.905517578125,197.576904296875,2052147
2020-06-29,2020-06-29T00:00:00Z,196.04232788085938,199.68695068359375,194.9873046875,199.4951171875,1884352
2020-06-30,2020-06-30T00:00:00Z,199.9746856689453,201.50926208496094,198.05645751953125,200.45423889160156,2386259
2020-07-01,2020-07-01T00:00:00Z,200.9337921142578,208.22303771972656,200.74197387695312,205.92117309570312,2687981
2020-07-02,2020-07-02T00:00:00Z,207.55165100097656,211.57992553710938,207.0720977783203,211.10037231445312,2226230
2020-07-03,2020-07-03T00:00:00Z,211.10037231445312,211.96356201171875,210.3330841064453,210.81263732910156,1312042
2020-07-06,2020-07-06T00:00:00Z,212.9226837158203,215.12863159179688,211.3881072998047,215.12863159179688,1526966
2020-07-07,2020-07-07T00:00:00Z,215.03273010253906,215.8959197998047,213.114501953125,215.03273010253906,1431960
2020-07-08,2020-07-08T00:00:00Z,212.63494873046875,216.95094299316406,212.05947875976562,215.99183654785156,1321295
2020-07-09,2020-07-09T00:00:00Z,216.75912475585938,217.71823120117188,214.16952514648438,214.55316162109375,875706
2020-07-10,2020-07-10T00:00:00Z,213.68997192382812,215.8959197998047,213.01858520507812,215.03273010253906,849548
2020-07-13,2020-07-13T00:00:00Z,216.27957153320312,216.37547302246094,212.73086547851562,213.78587341308594,1527821
2020-07-14,2020-07-14T00:00:00Z,213.114501953125,214.9368133544922,212.44313049316406,214.45726013183594,1065294
2020-07-15,2020-07-15T00:00:00Z,216.75912475585938,217.4304962158203,213.8817901611328,214.64907836914062,1768474
2020-07-16,2020-07-16T00:00:00Z,214.64907836914062,215.41636657714844,212.63494873046875,214.8408966064453,1690399
2020-07-17,2020-07-17T00:00:00Z,215.80001831054688,216.08775329589844,212.82676696777344,213.9777069091797,1120202
2020-07-20,2020-07-20T00:00:00Z,213.40223693847656,214.8408966064453,211.86766052246094,213.78587341308594,1121968
2020-07-21,2020-07-21T00:00:00Z,214.36134338378906,215.22454833984375,212.2512969970703,212.53903198242188,1417762
2020-07-22,2020-07-22T00:00:00Z,218.38961791992188,220.88330078125,216.75912475585938,219.2528076171875,4071286
2020-07-23,2020-07-23T00:00:00Z,221.5546875,222.41787719726562,219.1569061279297,221.5546875,1630440
2020-07-24,2020-07-24T00:00:00Z,219.1569061279297,220.1160125732422,217.04685974121094,218.96507263183594,1503657
2020-07-27,2020-07-27T00:00:00Z,217.5264129638672,220.30783081054688,216.4713897705078,218.00596618652344,1179725
2020-07-28,2020-07-28T00:00:00Z,218.67735290527344,219.0609893798828,216.4713897705078,217.81414794921875,1170424
2020-07-29,2020-07-29T00:00:00Z,217.23867797851562,217.71823120117188,215.8959197998047,217.04685974121094,829893
2020-07-30,2020-07-30T00:00:00Z,216.6632080078125,216.85504150390625,210.04534912109375,212.73086547851562,1613819
2020-07-31,2020-07-31T00:00:00Z,212.3472137451172,213.59405517578125,209.37396240234375,209.5657958984375,1332105
2020-08-03,2020-08-03T00:00:00Z,210.14125061035156,216.85504150390625,210.14125061035156,216.37547302246094,1193150
2020-08-04,2020-08-04T00:00:00Z,216.95094299316406,217.5264129638672,214.26544189453125,215.12863159179688,1220660
2020-08-05,2020-08-05T00:00:00Z,214.8408966064453,217.5264129638672,214.26544189453125,216.27957153320312,1439995
2020-08-06,2020-08-06T00:00:00Z,216.18365478515625,217.62232971191406,214.64907836914062,216.18365478515625,1293089
2020-08-07,2020-08-07T00:00:00Z,215.41636657714844,219.0609893798828,214.9368133544922,216.85504150390625,1122832
2020-08-10,2020-08-10T00:00:00Z,218.4855194091797,219.2528076171875,216.85504150390625,217.4304962158203,861097
2020-08-11,2020-08-11T00:00:00Z,218.38961791992188,221.7465057373047,218.38961791992188,220.59556579589844,1810167
2020-08-12,2020-08-12T00:00:00Z,219.34872436523438,221.45877075195312,218.58143615722656,220.88330078125,1066930
2020-08-13,2020-08-13T00:00:00Z,219.63645935058594,222.80152893066406,219.63645935058594,220.78738403320312,1024888
2020-08-14,2020-08-14T00:00:00Z,221.0751190185547,221.0751190185547,217.3345947265625,219.0609893798828,1725432
2020-08-17,2020-08-17T00:00:00Z,218.4855194091797,221.7465057373047,217.91006469726562,221.6505889892578,1053699
2020-08-18,2020-08-18T00:00:00Z,220.6914825439453,222.7056121826172,218.77325439453125,219.1569061279297,1324953
2020-08-19,2020-08-19T00:00:00Z,219.63645935058594,220.1160125732422,218.19778442382812,219.9241943359375,1565054
2020-08-20,2020-08-20T00:00:00Z,216.75912475585938,218.19778442382812,215.8959197998047,217.62232971191406,1530619
2020-08-21,2020-08-21T00:00:00Z,217.5264129638672,218.58143615722656,214.7449951171875,216.75912475585938,1307916
2020-08-24,2020-08-24T00:00:00Z,217.91006469726562,220.40374755859375,217.91006469726562,218.96507263183594,1195609
2020-08-25,2020-08-25T00:00:00Z,219.9241943359375,220.0200958251953,217.5264129638672,217.62232971191406,1489075
2020-08-26,2020-08-26T00:00:00Z,217.04685974121094,218.4855194091797,215.7041015625,218.4855194091797,834820
2020-08-27,2020-08-27T00:00:00Z,218.67735290527344,218.96507263183594,215.32046508789062,215.60818481445312,1377100
2020-08-28,2020-08-28T00:00:00Z,215.03273010253906,215.32046508789062,212.44313049316406,213.40223693847656,2149255
2020-08-31,2020-08-31T00:00:00Z,213.21041870117188,214.55316162109375,211.19627380371094,211.19627380371094,1321746
2020-09-01,2020-09-01T00:00:00Z,211.67584228515625,213.3063201904297,210.14125061035156,212.73086547851562,1224185
2020-09-02,2020-09-02T00:00:00Z,214.36134338378906,216.95094299316406,213.8817901611328,214.64907836914062,1706828
2020-09-03,2020-09-03T00:00:00Z,215.80001831054688,216.37547302246094,211.4840087890625,211.77174377441406,1735429
2020-09-04,2020-09-04T00:00:00Z,210.42898559570312,216.6632080078125,209.85353088378906,213.59405517578125,2529014
2020-09-07,2020-09-07T00:00:00Z,214.9368133544922,218.77325439453125,214.36134338378906,218.00596618652344,1360639
2020-09-08,2020-09-08T00:00:00Z,218.4855194091797,218.67735290527344,214.8408966064453,218.1018829345703,1517961
2020-09-09,2020-09-09T00:00:00Z,218.1018829345703,221.26695251464844,218.00596618652344,221.17103576660156,1366998
2020-09-10,2020-09-10T00:00:00Z,220.6914825439453,221.8424072265625,220.0200958251953,221.45877075195312,1175000
2020-09-11,2020-09-11T00:00:00Z,220.30783081054688,221.26695251464844,218.00596618652344,221.0751190185547,1325873
2020-09-14,2020-09-14T00:00:00Z,221.7465057373047,222.7056121826172,220.49966430664062,220.49966430664062,1222521
2020-09-15,2020-09-15T00:00:00Z,220.30783081054688,223.08926391601562,220.30783081054688,220.88330078125,1589222
2020-09-16,2020-09-16T00:00:00Z,220.88330078125,222.80152893066406,220.30783081054688,221.5546875,1329733
2020-09-17,2020-09-17T00:00:00Z,218.67735290527344,220.88330078125,218.67735290527344,219.9241943359375,911184
2020-09-18,2020-09-18T00:00:00Z,219.0609893798828,221.26695251464844,218.38961791992188,220.21192932128906,2036467
2020-09-21,2020-09-21T00:00:00Z,217.71823120117188,217.91006469726562,211.86766052246094,212.44313049316406,1577484
2020-09-22,2020-09-22T00:00:00Z,212.73086547851562,214.8408966064453,212.73086547851562,214.26544189453125,1147391
2020-09-23,2020-09-23T00:00:00Z,215.80001831054688,218.293701171875,215.41636657714844,216.6632080078125,941216
2020-09-24,2020-09-24T00:00:00Z,213.8817901611328,219.34872436523438,213.78587341308594,218.38961791992188,1700920
2020-09-25,2020-09-25T00:00:00Z,218.67735290527344,219.44464111328125,215.8959197998047,218.38961791992188,1086350
2020-09-28,2020-09-28T00:00:00Z,220.59556579589844,222.3219757080078,218.86917114257812,220.88330078125,1380157
2020-09-29,2020-09-29T00:00:00Z,219.1569061279297,221.8424072265625,219.1569061279297,221.0751190185547,1161259
2020-09-30,2020-09-30T00:00:00Z,219.54054260253906,221.17103576660156,218.96507263183594,219.82827758789062,1447765
2020-10-01,2020-10-01T00:00:00Z,219.63645935058594,221.0751190185547,218.38961791992188,220.1160125732422,1075988
2020-10-02,2020-10-02T00:00:00Z,218.58143615722656,219.63645935058594,215.8959197998047,219.63645935058594,1314420
2020-10-05,2020-10-05T00:00:00Z,221.36285400390625,223.3769989013672,221.17103576660156,222.5137939453125,1504401
2020-10-06,2020-10-06T00:00:00Z,223.472900390625,225.77476501464844,222.89743041992188,223.76063537597656,1383942
2020-10-07,2020-10-07T00:00:00Z,223.76063537597656,225.00747680664062,223.08926391601562,223.472900390625,777496
2020-10-08,2020-10-08T00:00:00Z,223.85655212402344,226.44615173339844,223.472900390625,225.48703002929688,838218
2020-10-09,2020-10-09T00:00:00Z,225.77476501464844,226.44615173339844,224.62384033203125,225.58294677734375,708654
2020-10-12,2020-10-12T00:00:00Z,226.35023498535156,227.59707641601562,225.58294677734375,227.0216064453125,750975
2020-10-13,2020-10-13T00:00:00Z,227.30934143066406,228.36436462402344,226.0625,226.0625,842779
2020-10-14,2020-10-14T00:00:00Z,225.39112854003906,228.74801635742188,225.39112854003906,227.21343994140625,944640
2020-10-15,2020-10-15T00:00:00Z,225.58294677734375,225.67886352539062,222.89743041992188,225.1033935546875,1455119
2020-10-16,2020-10-16T00:00:00Z,225.8706817626953,227.78890991210938,224.3361053466797,226.9257049560547,1369747
2020-10-19,2020-10-19T00:00:00Z,226.9257049560547,227.8848114013672,225.1033935546875,225.8706817626953,1229563
2020-10-20,2020-10-20T00:00:00Z,224.4320068359375,226.54205322265625,224.2401885986328,224.3361053466797,808776
2020-10-21,2020-10-21T00:00:00Z,224.04837036132812,224.2401885986328,220.40374755859375,222.13014221191406,2034698
2020-10-22,2020-10-22T00:00:00Z,220.59556579589844,223.08926391601562,219.44464111328125,222.5137939453125,1348488
2020-10-23,2020-10-23T00:00:00Z,220.59556579589844,223.08926391601562,215.7041015625,219.0609893798828,1994329
2020-10-26,2020-10-26T00:00:00Z,215.80001831054688,218.67735290527344,215.5122833251953,216.75912475585938,2155979
2020-10-27,2020-10-27T00:00:00Z,215.99183654785156,217.5264129638672,214.36134338378906,214.55316162109375,2070640
2020-10-28,2020-10-28T00:00:00Z,212.1553955078125,212.82676696777344,207.935302734375,208.99032592773438,2459771
2020-10-29,2020-10-29T00:00:00Z,208.1271209716797,209.85353088378906,206.68846130371094,206.78436279296875,1902526
2020-10-30,2020-10-30T00:00:00Z,204.77023315429688,208.7025909423828,204.5784149169922,207.55165100097656,787656
2020-11-02,2020-11-02T00:00:00Z,207.1680145263672,214.0736083984375,205.72933959960938,213.114501953125,1846408
2020-11-03,2020-11-03T00:00:00Z,214.26544189453125,216.95094299316406,213.3063201904297,215.60818481445312,1169668
2020-11-04,2020-11-04T00:00:00Z,213.40223693847656,218.77325439453125,211.4840087890625,217.3345947265625,1290144
2020-11-05,2020-11-05T00:00:00Z,219.1569061279297,220.49966430664062,217.71823120117188,219.0609893798828,1196981
2020-11-06,2020-11-06T00:00:00Z,219.0609893798828,221.8424072265625,218.293701171875,220.88330078125,1476387
2020-11-09,2020-11-09T00:00:00Z,224.04837036132812,229.80303955078125,223.2810821533203,225.77476501464844,3247354
2020-11-10,2020-11-10T00:00:00Z,224.04837036132812,225.2952117919922,221.93832397460938,224.3361053466797,1875042
2020-11-11,2020-11-11T00:00:00Z,224.4320068359375,225.58294677734375,223.2810821533203,225.39112854003906,2401836
2020-11-12,2020-11-12T00:00:00Z,222.89743041992188,225.2952117919922,222.7056121826172,223.18516540527344,1437790
2020-11-13,2020-11-13T00:00:00Z,222.3219757080078,224.3361053466797,221.5546875,224.04837036132812,2344129
2020-11-16,2020-11-16T00:00:00Z,224.4320068359375,226.2543182373047,222.89743041992188,226.2543182373047,1415006
2020-11-17,2020-11-17T00:00:00Z,225.67886352539062,229.03575134277344,225.39112854003906,228.8439178466797,1391659
2020-11-18,2020-11-18T00:00:00Z,228.07662963867188,230.85806274414062,226.8297882080078,229.03575134277344,1616908
2020-11-19,2020-11-19T00:00:00Z,224.71974182128906,225.39112854003906,221.7465057373047,223.3769989013672,2486910
2020-11-20,2020-11-20T00:00:00Z,221.36285400390625,222.13014221191406,218.96507263183594,219.44464111328125,3743868
2020-11-23,2020-11-23T00:00:00Z,220.49966430664062,221.5546875,219.63645935058594,220.1160125732422,1591490
2020-11-24,2020-11-24T00:00:00Z,220.97921752929688,222.22605895996094,218.67735290527344,218.67735290527344,1726997
2020-11-25,2020-11-25T00:00:00Z,219.0609893798828,219.34872436523438,216.6632080078125,217.1427764892578,2386555
2020-11-26,2020-11-26T00:00:00Z,217.23867797851562,218.58143615722656,216.5673065185547,217.91006469726562,1371287
2020-11-27,2020-11-27T00:00:00Z,216.5673065185547,217.81414794921875,216.08775329589844,217.71823120117188,1206449
2020-11-30,2020-11-30T00:00:00Z,215.80001831054688,218.67735290527344,214.9368133544922,216.75912475585938,2095020
2020-12-01,2020-12-01T00:00:00Z,216.75912475585938,219.0609893798828,215.99183654785156,218.19778442382812,2045092
2020-12-02,2020-12-02T00:00:00Z,217.4304962158203,218.77325439453125,216.08775329589844,217.23867797851562,1314477
2020-12-03,2020-12-03T00:00:00Z,216.85504150390625,218.58143615722656,216.27957153320312,218.19778442382812,1149775
2020-12-04,2020-12-04T00:00:00Z,218.58143615722656,219.44464111328125,217.23867797851562,218.58143615722656,1382183
2020-12-07,2020-12-07T00:00:00Z,218.58143615722656,220.0200958251953,216.85504150390625,217.5264129638672,2140796
2020-12-08,2020-12-08T00:00:00Z,216.95094299316406,220.30783081054688,216.6632080078125,219.54054260253906,1692412
2020-12-09,2020-12-09T00:00:00Z,219.63645935058594,221.17103576660156,219.44464111328125,219.7323760986328,1458060
2020-12-10,2020-12-10T00:00:00Z,220.6914825439453,221.0751190185547,218.00596618652344,218.77325439453125,1861585
2020-12-11,2020-12-11T00:00:00Z,218.00596618652344,218.96507263183594,216.5673065185547,218.00596618652344,1793837
2020-12-14,2020-12-14T00:00:00Z,218.58143615722656,219.9241943359375,216.95094299316406,217.3345947265625,1628018
2020-12-15,2020-12-15T00:00:00Z,216.5673065185547,218.293701171875,216.08775329589844,217.5264129638672,1580124
2020-12-16,2020-12-16T00:00:00Z,218.38961791992188,219.44464111328125,215.41636657714844,217.4304962158203,1637034
2020-12-17,2020-12-17T00:00:00Z,217.5264129638672,219.1569061279297,216.4713897705078,216.4713897705078,1449142
2020-12-18,2020-12-18T00:00:00Z,215.80001831054688,218.58143615722656,215.80001831054688,217.04685974121094,2362466
2020-12-21,2020-12-21T00:00:00Z,215.60818481445312,218.00596618652344,213.114501953125,214.7449951171875,2380415
2020-12-22,2020-12-22T00:00:00Z,216.18365478515625,217.62232971191406,215.7041015625,217.4304962158203,799844
2020-12-23,2020-12-23T00:00:00Z,217.5264129638672,218.19778442382812,216.37547302246094,218.19778442382812,622343
2020-12-28,2020-12-28T00:00:00Z,218.293701171875,222.5137939453125,217.62232971191406,222.5137939453125,742907
2020-12-29,2020-12-29T00:00:00Z,222.89743041992188,223.18516540527344,219.7323760986328,220.59556579589844,838935
2020-12-30,2020-12-30T00:00:00Z,220.59556579589844,220.59556579589844,218.67735290527344,219.63645935058594,1310630
2021-01-04,2021-01-04T00:00:00Z,221.8424072265625,225.8706817626953,221.8424072265625,224.4320068359375,1418326
2021-01-05,2021-01-05T00:00:00Z,223.18516540527344,226.54205322265625,223.18516540527344,225.1033935546875,615290
2021-01-07,2021-01-07T00:00:00Z,232.1049041748047,236.80455017089844,230.2825927734375,236.13316345214844,2366486
2021-01-08,2021-01-08T00:00:00Z,237.57183837890625,239.7777862548828,236.99636840820312,237.8595733642578,1368761
2021-01-11,2021-01-11T00:00:00Z,237.95547485351562,239.4900665283203,236.2290802001953,238.53094482421875,1144342
2021-01-12,2021-01-12T00:00:00Z,239.10641479492188,240.6409912109375,238.62686157226562,240.6409912109375,1090663
2021-01-13,2021-01-13T00:00:00Z,240.6409912109375,244.0937957763672,239.58596801757812,243.32650756835938,1074853
2021-01-14,2021-01-14T00:00:00Z,243.61424255371094,244.6692657470703,242.75103759765625,243.9978790283203,1007994
2021-01-15,2021-01-15T00:00:00Z,242.0796661376953,242.84695434570312,236.61273193359375,237.09228515625,1488269
2021-01-18,2021-01-18T00:00:00Z,236.80455017089844,236.90045166015625,235.17405700683594,236.61273193359375,893248
2021-01-19,2021-01-19T00:00:00Z,237.2841033935547,237.95547485351562,234.40676879882812,235.84544372558594,1049762
2021-01-20,2021-01-20T00:00:00Z,236.61273193359375,239.010498046875,236.61273193359375,237.38002014160156,788475
2021-01-21,2021-01-21T00:00:00Z,238.14730834960938,240.4491729736328,237.66775512695312,238.0513916015625,907550
2021-01-22,2021-01-22T00:00:00Z,238.0513916015625,240.25735473632812,237.66775512695312,240.25735473632812,760596
2021-01-25,2021-01-25T00:00:00Z,241.12054443359375,242.17556762695312,237.57183837890625,238.43504333496094,1015617
2021-01-26,2021-01-26T00:00:00Z,238.53094482421875,242.3673858642578,238.33912658691406,240.06552124023438,789456
2021-01-27,2021-01-27T00:00:00Z,240.92872619628906,242.0796661376953,236.4208984375,239.7777862548828,1793183
2021-01-28,2021-01-28T00:00:00Z,239.010498046875,241.12054443359375,233.54356384277344,239.8737030029297,1555200
2021-01-29,2021-01-29T00:00:00Z,236.99636840820312,240.54507446289062,236.3249969482422,236.70863342285156,1617804
2021-02-01,2021-02-01T00:00:00Z,236.70863342285156,241.31236267089844,235.94134521484375,241.31236267089844,876835
2021-02-02,2021-02-02T00:00:00Z,242.65512084960938,245.0529022216797,242.55921936035156,244.861083984375,1057086
2021-02-03,2021-02-03T00:00:00Z,245.53245544433594,247.54660034179688,244.6692657470703,246.5874786376953,1384922
2021-02-04,2021-02-04T00:00:00Z,240.73690795898438,242.75103759765625,233.54356384277344,234.79042053222656,4746347
2021-02-05,2021-02-05T00:00:00Z,235.07815551757812,235.84544372558594,231.4335174560547,231.72125244140625,1943989
2021-02-08,2021-02-08T00:00:00Z,233.0640106201172,235.84544372558594,232.0089874267578,233.831298828125,1583095
2021-02-09,2021-02-09T00:00:00Z,233.7353973388672,234.40676879882812,231.81716918945312,233.54356384277344,1196199
2021-02-10,2021-02-10T00:00:00Z,233.6394805908203,234.40676879882812,231.24169921875,232.1049041748047,1205917
2021-02-11,2021-02-11T00:00:00Z,232.6803741455078,234.6945037841797,232.1049041748047,232.20082092285156,958046
2021-02-12,2021-02-12T00:00:00Z,232.29672241210938,234.79042053222656,231.81716918945312,234.502685546875,895518
2021-02-15,2021-02-15T00:00:00Z,234.79042053222656,235.4617919921875,233.92721557617188,234.31085205078125,1240242
2021-02-16,2021-02-16T00:00:00Z,234.502685546875,238.14730834960938,234.40676879882812,237.09228515625,1520327
2021-02-17,2021-02-17T00:00:00Z,236.61273193359375,236.61273193359375,233.25584411621094,233.35174560546875,1534849
2021-02-18,2021-02-18T00:00:00Z,233.54356384277344,237.47592163085938,233.35174560546875,235.74952697753906,2562786
2021-02-19,2021-02-19T00:00:00Z,235.94134521484375,240.4491729736328,235.55770874023438,240.4491729736328,2420449
2021-02-22,2021-02-22T00:00:00Z,239.58596801757812,239.58596801757812,235.2699737548828,237.47592163085938,1370416
2021-02-23,2021-02-23T00:00:00Z,236.90045166015625,237.2841033935547,228.36436462402344,231.0498809814453,2315209
2021-02-24,2021-02-24T00:00:00Z,231.24169921875,235.17405700683594,231.24169921875,234.6945037841797,1591183
2021-02-25,2021-02-25T00:00:00Z,235.94134521484375,236.70863342285156,233.15992736816406,234.11903381347656,1428411
2021-02-26,2021-02-26T00:00:00Z,232.6803741455078,234.6945037841797,231.1457977294922,232.0089874267578,1403633
2021-03-01,2021-03-01T00:00:00Z,233.831298828125,238.0513916015625,233.831298828125,237.8595733642578,1411280
2021-03-02,2021-03-02T00:00:00Z,237.38002014160156,241.60009765625,236.80455017089844,238.43504333496094,1245097
2021-03-03,2021-03-03T00:00:00Z,239.58596801757812,241.31236267089844,236.80455017089844,239.010498046875,1415043
2021-03-04,2021-03-04T00:00:00Z,239.010498046875,240.92872619628906,238.0513916015625,239.4900665283203,1280892
2021-03-05,2021-03-05T00:00:00Z,238.53094482421875,240.73690795898438,237.09228515625,237.66775512695312,1062720
2021-03-08,2021-03-08T00:00:00Z,241.69601440429688,248.69752502441406,241.02464294433594,248.3138885498047,1545170
2021-03-09,2021-03-09T00:00:00Z,248.3138885498047,248.79344177246094,245.6283721923828,248.79344177246094,875243
2021-03-10,2021-03-10T00:00:00Z,248.6016082763672,249.368896484375,246.6833953857422,248.79344177246094,1391373
2021-03-11,2021-03-11T00:00:00Z,248.79344177246094,251.95851135253906,248.2179718017578,251.6707763671875,1586070
2021-03-12,2021-03-12T00:00:00Z,250.13619995117188,250.51983642578125,248.79344177246094,249.65663146972656,1254154
2021-03-15,2021-03-15T00:00:00Z,249.368896484375,252.53396606445312,249.1770782470703,250.51983642578125,1270392
2021-03-16,2021-03-16T00:00:00Z,253.20535278320312,255.12356567382812,252.15032958984375,252.6298828125,1445601
2021-03-17,2021-03-17T00:00:00Z,252.6298828125,252.6298828125,249.8484649658203,251.28712463378906,1330515
2021-03-18,2021-03-18T00:00:00Z,251.28712463378906,255.50721740722656,251.28712463378906,254.93174743652344,1244530
2021-03-19,2021-03-19T00:00:00Z,252.24623107910156,255.89085388183594,251.8625946044922,255.89085388183594,1219637
2021-03-22,2021-03-22T00:00:00Z,255.89085388183594,259.5354919433594,254.64401245117188,259.24774169921875,1418252
2021-03-23,2021-03-23T00:00:00Z,258.96002197265625,260.3027648925781,256.1785888671875,258.0968017578125,1805858
2021-03-24,2021-03-24T00:00:00Z,256.1785888671875,258.48046875,255.219482421875,256.0826721191406,1165048
2021-03-25,2021-03-25T00:00:00Z,256.0826721191406,256.9458923339844,252.15032958984375,254.64401245117188,993091
2021-03-26,2021-03-26T00:00:00Z,257.61724853515625,260.9741516113281,257.04180908203125,260.7823181152344,1534808
2021-03-29,2021-03-29T00:00:00Z,253.20535278320312,253.4930877685547,250.71165466308594,253.01353454589844,1690226
2021-03-30,2021-03-30T00:00:00Z,253.78082275390625,254.54811096191406,251.28712463378906,253.78082275390625,924628
2021-03-31,2021-03-31T00:00:00Z,253.87672424316406,255.31539916992188,253.30125427246094,254.3562774658203,1129960
2021-04-01,2021-04-01T00:00:00Z,255.79495239257812,256.37042236328125,253.97264099121094,254.54811096191406,740969
2021-04-06,2021-04-06T00:00:00Z,258.8641052246094,260.87823486328125,257.9049987792969,260.398681640625,1628785
2021-04-07,2021-04-07T00:00:00Z,259.8232116699219,259.91912841796875,257.32952880859375,257.9049987792969,832517
2021-04-08,2021-04-08T00:00:00Z,257.9049987792969,260.0150451660156,257.9049987792969,258.5763854980469,758949
2021-04-09,2021-04-09T00:00:00Z,259.8232116699219,261.6455383300781,258.7681884765625,261.6455383300781,679211
2021-04-12,2021-04-12T00:00:00Z,261.9332580566406,262.6046447753906,259.91912841796875,261.1659851074219,860815
2021-04-13,2021-04-13T00:00:00Z,260.87823486328125,261.83734130859375,257.2336120605469,258.00091552734375,1252362
2021-04-14,2021-04-14T00:00:00Z,258.00091552734375,259.24774169921875,256.5622253417969,257.2336120605469,848797
2021-04-15,2021-04-15T00:00:00Z,262.50872802734375,267.8797607421875,262.1250915527344,265.577880859375,3135278
2021-04-16,2021-04-16T00:00:00Z,267.01654052734375,269.98980712890625,265.0024108886719,269.51025390625,1555158
2021-04-19,2021-04-19T00:00:00Z,270.94891357421875,271.6202697753906,266.8247375488281,267.1124572753906,1235561
2021-04-20,2021-04-20T00:00:00Z,266.8247375488281,267.40020751953125,262.6046447753906,262.8923645019531,2066904
2021-04-21,2021-04-21T00:00:00Z,263.0841979980469,265.0024108886719,261.4537048339844,262.8923645019531,1231397
2021-04-22,2021-04-22T00:00:00Z,262.50872802734375,262.6046447753906,260.7823181152344,261.7414245605469,1785480
2021-04-23,2021-04-23T00:00:00Z,261.2618713378906,263.0841979980469,260.4945983886719,263.0841979980469,1822660
2021-04-26,2021-04-26T00:00:00Z,262.79644775390625,263.0841979980469,260.6864013671875,262.6046447753906,1339339
2021-04-27,2021-04-27T00:00:00Z,266.4410705566406,268.8388671875,265.6737976074219,265.9615173339844,2176176
2021-04-28,2021-04-28T00:00:00Z,267.68792724609375,267.97564697265625,265.9615173339844,267.01654052734375,1083786
2021-04-29,2021-04-29T00:00:00Z,268.16748046875,269.60614013671875,264.0433044433594,265.09832763671875,1169369
2021-04-30,2021-04-30T00:00:00Z,266.05743408203125,267.01654052734375,262.8923645019531,262.8923645019531,571393
2021-05-03,2021-05-03T00:00:00Z,263.2760009765625,266.6329040527344,262.7005615234375,265.4819641113281,1010069
2021-05-04,2021-05-04T00:00:00Z,265.4819641113281,266.249267578125,261.9332580566406,262.4128112792969,1207684
2021-05-05,2021-05-05T00:00:00Z,264.7146911621094,274.3057861328125,264.3310241699219,273.9221496582031,1360339
2021-05-06,2021-05-06T00:00:00Z,272.7712097167969,272.9630432128906,270.27752685546875,272.3875732421875,906380
2021-05-07,2021-05-07T00:00:00Z,273.0589599609375,273.82623291015625,270.56524658203125,270.6611633300781,854198
2021-05-10,2021-05-10T00:00:00Z,272.4834899902344,272.67529296875,268.8388671875,269.51025390625,675554
2021-05-11,2021-05-11T00:00:00Z,266.6329040527344,266.9206237792969,262.50872802734375,264.2351379394531,1493423
2021-05-12,2021-05-12T00:00:00Z,264.5228576660156,266.3451843261719,263.9473876953125,264.2351379394531,505873
2021-05-14,2021-05-14T00:00:00Z,268.5511169433594,272.57940673828125,267.7838439941406,272.57940673828125,1262352
2021-05-17,2021-05-17T00:00:00Z,273.15484619140625,273.53851318359375,269.98980712890625,270.4693603515625,758355
2021-05-18,2021-05-18T00:00:00Z,271.6202697753906,273.15484619140625,269.31842041015625,270.085693359375,933147
2021-05-19,2021-05-19T00:00:00Z,267.3042907714844,267.3042907714844,260.1109619140625,261.83734130859375,1859547
2021-05-20,2021-05-20T00:00:00Z,263.2760009765625,265.6737976074219,262.8923645019531,264.906494140625,966649
2021-05-21,2021-05-21T00:00:00Z,265.9615173339844,268.5511169433594,264.6187744140625,268.16748046875,995021
2021-05-24,2021-05-24T00:00:00Z,268.16748046875,268.5511169433594,265.8656311035156,268.4552307128906,527399
2021-05-25,2021-05-25T00:00:00Z,268.16748046875,268.7429504394531,266.72882080078125,267.40020751953125,757695
2021-05-26,2021-05-26T00:00:00Z,267.40020751953125,268.7429504394531,266.05743408203125,267.7838439941406,1130735
2021-05-27,2021-05-27T00:00:00Z,267.40020751953125,271.428466796875,266.6329040527344,270.4693603515625,1610878
2021-05-28,2021-05-28T00:00:00Z,272.57940673828125,273.3466796875,271.23663330078125,272.0039367675781,1053678
2021-05-31,2021-05-31T00:00:00Z,272.2916564941406,272.9630432128906,271.3325500488281,271.3325500488281,1374059
2021-06-01,2021-06-01T00:00:00Z,272.099853515625,276.2240295410156,271.6202697753906,274.49761962890625,747819
2021-06-02,2021-06-02T00:00:00Z,274.78533935546875,276.607666015625,272.7712097167969,276.607666015625,771791
2021-06-03,2021-06-03T00:00:00Z,276.0321960449219,277.6626892089844,274.01806640625,277.279052734375,1070936
2021-06-04,2021-06-04T00:00:00Z,276.5117492675781,278.2381591796875,276.2240295410156,277.37493896484375,1132461
2021-06-07,2021-06-07T00:00:00Z,277.4708557128906,280.7318420410156,277.4708557128906,278.04632568359375,681655
2021-06-08,2021-06-08T00:00:00Z,277.9504089355469,278.71771240234375,276.8953857421875,278.71771240234375,134885
2021-06-09,2021-06-09T00:00:00Z,277.9504089355469,278.71771240234375,274.2098693847656,275.16900634765625,809559
2021-06-10,2021-06-10T00:00:00Z,275.16900634765625,275.6485595703125,273.2507629394531,273.6344299316406,998639
2021-06-11,2021-06-11T00:00:00Z,273.15484619140625,276.12811279296875,271.6202697753906,274.8812561035156,591294
2021-06-14,2021-06-14T00:00:00Z,275.264892578125,276.5117492675781,274.4017028808594,275.16900634765625,646445
2021-06-15,2021-06-15T00:00:00Z,276.7994689941406,279.00543212890625,276.12811279296875,277.75860595703125,761873
2021-06-16,2021-06-16T00:00:00Z,278.8136291503906,279.38909912109375,275.7444763183594,275.7444763183594,1061123
2021-06-17,2021-06-17T00:00:00Z,275.0730895996094,275.6485595703125,273.7303161621094,273.82623291015625,827699
2021-06-18,2021-06-18T00:00:00Z,274.9771728515625,277.75860595703125,271.8121032714844,272.099853515625,1063953
2021-06-21,2021-06-21T00:00:00Z,270.1816101074219,275.5526428222656,268.8388671875,274.8812561035156,1198277
2021-06-22,2021-06-22T00:00:00Z,275.8403625488281,277.08721923828125,273.53851318359375,276.7035827636719,602008
2021-06-23,2021-06-23T00:00:00Z,276.7035827636719,277.75860595703125,274.01806640625,274.9771728515625,889985
2021-06-24,2021-06-24T00:00:00Z,275.6485595703125,277.9504089355469,273.4425964355469,277.9504089355469,990608
2021-06-28,2021-06-28T00:00:00Z,278.71771240234375,280.8277587890625,277.75860595703125,280.0604553222656,838469
2021-06-29,2021-06-29T00:00:00Z,280.63592529296875,283.9928283691406,280.63592529296875,283.1296081542969,794597
2021-06-30,2021-06-30T00:00:00Z,281.4991149902344,282.0745849609375,276.607666015625,278.4299621582031,1171647
2021-07-01,2021-07-01T00:00:00Z,279.7727355957031,280.34820556640625,276.607666015625,278.8136291503906,757586
2021-07-02,2021-07-02T00:00:00Z,281.97869873046875,285.9110412597656,281.4991149902344,281.97869873046875,1360391
2021-07-05,2021-07-05T00:00:00Z,281.6909484863281,284.18463134765625,280.1563720703125,283.22552490234375,633084
2021-07-06,2021-07-06T00:00:00Z,283.22552490234375,285.81512451171875,281.786865234375,283.0337219238281,774724
2021-07-07,2021-07-07T00:00:00Z,284.85601806640625,290.03521728515625,284.37646484375,289.9393005371094,993314
2021-07-08,2021-07-08T00:00:00Z,289.2679138183594,290.4188537597656,286.3905944824219,289.07611083984375,744844
2021-07-09,2021-07-09T00:00:00Z,290.70660400390625,296.17352294921875,290.70660400390625,295.6939697265625,996189
2021-07-12,2021-07-12T00:00:00Z,295.7898864746094,297.2285461425781,293.3921203613281,294.73486328125,924608
2021-07-13,2021-07-13T00:00:00Z,294.92669677734375,296.4612731933594,294.54302978515625,296.0776062011719,538032
2021-07-14,2021-07-14T00:00:00Z,294.8307800292969,295.88580322265625,293.9675598144531,295.6939697265625,618887
2021-07-15,2021-07-15T00:00:00Z,295.6939697265625,296.9408264160156,294.3512268066406,295.5980529785156,532353
2021-07-16,2021-07-16T00:00:00Z,296.3653564453125,297.2285461425781,291.95343017578125,293.6798400878906,1185394
2021-07-19,2021-07-19T00:00:00Z,292.2411804199219,292.2411804199219,285.0478515625,286.6783142089844,806463
2021-07-20,2021-07-20T00:00:00Z,288.2129211425781,295.5980529785156,288.2129211425781,291.95343017578125,636904
2021-07-21,2021-07-21T00:00:00Z,292.9125671386719,297.324462890625,291.95343017578125,297.0367431640625,698435
2021-07-22,2021-07-22T00:00:00Z,301.9281921386719,305.3810119628906,298.1876525878906,300.6813659667969,1251951
2021-07-23,2021-07-23T00:00:00Z,304.5177917480469,307.1073913574219,303.175048828125,305.28509521484375,985891
2021-07-26,2021-07-26T00:00:00Z,305.28509521484375,306.91558837890625,304.0382385253906,304.5177917480469,698097
2021-07-27,2021-07-27T00:00:00Z,304.1341552734375,304.61370849609375,301.2568054199219,304.2300720214844,551167
2021-07-28,2021-07-28T00:00:00Z,304.61370849609375,304.90142822265625,302.4077453613281,303.0791320800781,458262
2021-07-29,2021-07-29T00:00:00Z,304.0382385253906,305.4768981933594,302.31182861328125,302.7913818359375,488280
2021-07-30,2021-07-30T00:00:00Z,301.4486389160156,301.9281921386719,298.76312255859375,301.06500244140625,855081
2021-08-02,2021-08-02T00:00:00Z,303.65460205078125,304.421875,299.72222900390625,300.10589599609375,570764
2021-08-03,2021-08-03T00:00:00Z,300.10589599609375,305.3810119628906,298.8590393066406,304.421875,502637
2021-08-04,2021-08-04T00:00:00Z,304.8055419921875,308.6419677734375,303.5586853027344,307.682861328125,493990
2021-08-05,2021-08-05T00:00:00Z,305.3810119628906,307.9706115722656,305.1891784667969,307.9706115722656,395739
2021-08-06,2021-08-06T00:00:00Z,307.5869445800781,309.2174377441406,306.6278381347656,306.6278381347656,305020
2021-08-09,2021-08-09T00:00:00Z,306.0523681640625,307.1073913574219,305.1891784667969,306.0523681640625,448031
2021-08-10,2021-08-10T00:00:00Z,306.0523681640625,309.50518798828125,306.0523681640625,309.12152099609375,652012
2021-08-11,2021-08-11T00:00:00Z,310.08062744140625,312.09478759765625,309.3133544921875,311.42340087890625,679349
2021-08-12,2021-08-12T00:00:00Z,311.2315673828125,312.38250732421875,309.60107421875,311.9988708496094,502208
2021-08-13,2021-08-13T00:00:00Z,312.2865905761719,313.8211669921875,311.71112060546875,312.67022705078125,550057
2021-08-16,2021-08-16T00:00:00Z,312.38250732421875,314.1089172363281,311.9029541015625,313.533447265625,783374
2021-08-17,2021-08-17T00:00:00Z,313.533447265625,316.3148498535156,311.9029541015625,315.45166015625,544241
2021-08-18,2021-08-18T00:00:00Z,315.5475769042969,317.27398681640625,314.7802734375,316.0271301269531,681123
2021-08-19,2021-08-19T00:00:00Z,314.1089172363281,316.5066833496094,311.8070373535156,314.7802734375,1352251
2021-08-20,2021-08-20T00:00:00Z,316.123046875,318.23309326171875,313.7252502441406,317.369873046875,831020
2021-08-23,2021-08-23T00:00:00Z,318.52081298828125,318.9044494628906,315.45166015625,316.6985168457031,678607
2021-08-24,2021-08-24T00:00:00Z,316.89031982421875,317.27398681640625,314.8761901855469,315.8352966308594,951254
2021-08-25,2021-08-25T00:00:00Z,315.5475769042969,315.64349365234375,310.75201416015625,311.71112060546875,461998
2021-08-26,2021-08-26T00:00:00Z,309.50518798828125,312.38250732421875,309.12152099609375,312.2865905761719,653941
2021-08-27,2021-08-27T00:00:00Z,312.4784240722656,313.6293640136719,311.1356506347656,311.2315673828125,736426
2021-08-30,2021-08-30T00:00:00Z,310.94384765625,310.94384765625,308.5460510253906,310.1765441894531,644306
2021-08-31,2021-08-31T00:00:00Z,310.1765441894531,311.9029541015625,306.3401184082031,306.6278381347656,1152181
2021-09-01,2021-09-01T00:00:00Z,307.3951416015625,307.7787780761719,304.61370849609375,306.53192138671875,657845
2021-09-02,2021-09-02T00:00:00Z,306.91558837890625,309.60107421875,306.91558837890625,308.83380126953125,635872
2021-09-03,2021-09-03T00:00:00Z,308.83380126953125,309.79290771484375,306.8196716308594,308.0664978027344,867642
2021-09-06,2021-09-06T00:00:00Z,309.12152099609375,310.2724609375,308.4501647949219,309.60107421875,638640
2021-09-07,2021-09-07T00:00:00Z,309.0256042480469,309.0256042480469,304.5177917480469,304.61370849609375,983146
2021-09-08,2021-09-08T00:00:00Z,303.175048828125,303.8464050292969,300.58544921875,301.832275390625,1158244
2021-09-09,2021-09-09T00:00:00Z,300.2017822265625,304.32598876953125,299.72222900390625,302.02410888671875,1399024
2021-09-10,2021-09-10T00:00:00Z,302.98321533203125,306.0523681640625,302.02410888671875,303.8464050292969,449098
2021-09-13,2021-09-13T00:00:00Z,303.94232177734375,306.53192138671875,303.0791320800781,303.175048828125,688873
2021-09-14,2021-09-14T00:00:00Z,303.175048828125,304.61370849609375,301.5445556640625,304.1341552734375,692009
2021-09-15,2021-09-15T00:00:00Z,302.69549560546875,304.0382385253906,299.8181457519531,300.0099792480469,792135
2021-09-16,2021-09-16T00:00:00Z,300.4895324707031,304.2300720214844,300.4895324707031,301.9281921386719,753294
2021-09-17,2021-09-17T00:00:00Z,303.3668518066406,304.61370849609375,297.6121826171875,297.6121826171875,794992
2021-09-20,2021-09-20T00:00:00Z,292.2411804199219,292.2411804199219,287.9251708984375,288.88427734375,1471710
2021-09-21,2021-09-21T00:00:00Z,287.73333740234375,295.1184997558594,287.5415344238281,290.03521728515625,1966411
2021-09-22,2021-09-22T00:00:00Z,291.0902404785156,293.8716735839844,289.74749755859375,292.5289001464844,1885471
2021-09-23,2021-09-23T00:00:00Z,295.7898864746094,297.0367431640625,294.3512268066406,296.17352294921875,1180265
2021-09-24,2021-09-24T00:00:00Z,294.6389465332031,294.6389465332031,288.7883605957031,290.32293701171875,1336097
2021-09-27,2021-09-27T00:00:00Z,291.3779602050781,291.95343017578125,286.0069580078125,288.5965576171875,954004
2021-09-28,2021-09-28T00:00:00Z,286.6783142089844,287.637451171875,280.63592529296875,282.1705017089844,1111547
2021-09-29,2021-09-29T00:00:00Z,282.8418884277344,286.1987609863281,282.6500549316406,283.3214416503906,1368373
2021-09-30,2021-09-30T00:00:00Z,286.294677734375,286.77423095703125,281.30731201171875,282.26641845703125,791162
2021-10-01,2021-10-01T00:00:00Z,278.1422424316406,279.86865234375,275.936279296875,276.7994689941406,1738851
2021-10-04,2021-10-04T00:00:00Z,276.2240295410156,277.9504089355469,274.49761962890625,275.16900634765625,1271453
2021-10-05,2021-10-05T00:00:00Z,275.0730895996094,276.607666015625,272.67529296875,276.2240295410156,1121574
2021-10-06,2021-10-06T00:00:00Z,274.5935363769531,275.7444763183594,270.085693359375,274.2098693847656,1128789
2021-10-07,2021-10-07T00:00:00Z,277.8544921875,280.9236755371094,276.8953857421875,280.444091796875,1023570
2021-10-08,2021-10-08T00:00:00Z,281.115478515625,281.4991149902344,276.7035827636719,276.9913024902344,709017
2021-10-11,2021-10-11T00:00:00Z,275.936279296875,276.7035827636719,274.2098693847656,275.936279296875,915966
2021-10-12,2021-10-12T00:00:00Z,273.9221496582031,279.00543212890625,273.15484619140625,278.3340759277344,814432
2021-10-13,2021-10-13T00:00:00Z,276.7994689941406,283.5132751464844,276.41583251953125,282.7459716796875,1267775
2021-10-14,2021-10-14T00:00:00Z,283.89691162109375,284.9519348144531,280.7318420410156,284.6641845703125,1069386
2021-10-15,2021-10-15T00:00:00Z,285.81512451171875,286.48651123046875,283.0337219238281,285.3355712890625,844019
2021-10-18,2021-10-18T00:00:00Z,283.705078125,285.14373779296875,282.26641845703125,283.705078125,616891
2021-10-19,2021-10-19T00:00:00Z,284.18463134765625,286.3905944824219,282.93780517578125,286.1028747558594,616042
2021-10-20,2021-10-20T00:00:00Z,284.9519348144531,289.1720275878906,284.7601013183594,287.637451171875,951087
2021-10-21,2021-10-21T00:00:00Z,279.38909912109375,279.96453857421875,268.4552307128906,270.94891357421875,4003283
2021-10-22,2021-10-22T00:00:00Z,271.6202697753906,273.0589599609375,269.0306701660156,272.099853515625,2242640
2021-10-25,2021-10-25T00:00:00Z,272.7712097167969,273.3466796875,267.3042907714844,269.2225036621094,1302878
2021-10-26,2021-10-26T00:00:00Z,268.4552307128906,273.53851318359375,267.5920104980469,272.4834899902344,1273054
2021-10-27,2021-10-27T00:00:00Z,272.2916564941406,274.9771728515625,271.428466796875,273.4425964355469,1131711
2021-10-28,2021-10-28T00:00:00Z,272.86712646484375,273.7303161621094,268.7429504394531,271.6202697753906,1464724
2021-10-29,2021-10-29T00:00:00Z,271.0448303222656,272.86712646484375,268.0715637207031,272.2916564941406,789917
2021-11-01,2021-11-01T00:00:00Z,273.7303161621094,274.4017028808594,272.19573974609375,272.19573974609375,718820
2021-11-02,2021-11-02T00:00:00Z,273.0589599609375,277.6626892089844,270.94891357421875,276.8953857421875,1340357
2021-11-03,2021-11-03T00:00:00Z,279.38909912109375,283.89691162109375,279.00543212890625,283.22552490234375,1123521
2021-11-04,2021-11-04T00:00:00Z,286.294677734375,287.44561767578125,283.89691162109375,285.4314880371094,692043
2021-11-05,2021-11-05T00:00:00Z,285.2396545410156,286.6783142089844,283.1296081542969,283.6091613769531,350271
2021-11-08,2021-11-08T00:00:00Z,282.93780517578125,287.5415344238281,282.0745849609375,286.48651123046875,905958
2021-11-09,2021-11-09T00:00:00Z,286.1987609863281,287.8292541503906,285.9110412597656,287.3497009277344,629256
2021-11-10,2021-11-10T00:00:00Z,288.5965576171875,290.70660400390625,287.637451171875,290.5147705078125,1315505
2021-11-11,2021-11-11T00:00:00Z,290.03521728515625,294.4471435546875,289.4597473144531,291.3779602050781,1551750
2021-11-12,2021-11-12T00:00:00Z,291.3779602050781,294.3512268066406,290.6106872558594,294.1593933105469,849275
2021-11-15,2021-11-15T00:00:00Z,294.1593933105469,294.73486328125,292.816650390625,294.25531005859375,439182
2021-11-16,2021-11-16T00:00:00Z,294.4471435546875,299.24267578125,292.816650390625,298.6672058105469,877384
2021-11-17,2021-11-17T00:00:00Z,298.6672058105469,303.2709655761719,297.6121826171875,302.31182861328125,932702
2021-11-18,2021-11-18T00:00:00Z,302.4077453613281,304.8055419921875,302.2159423828125,303.8464050292969,1119747
2021-11-19,2021-11-19T00:00:00Z,305.1891784667969,308.6419677734375,304.61370849609375,306.8196716308594,1769892
2021-11-22,2021-11-22T00:00:00Z,306.3401184082031,311.2315673828125,305.7646484375,309.79290771484375,1384972
2021-11-23,2021-11-23T00:00:00Z,307.87469482421875,309.3133544921875,305.6687316894531,307.1073913574219,920999
2021-11-24,2021-11-24T00:00:00Z,310.46429443359375,311.1356506347656,305.1891784667969,307.3951416015625,766619
2021-11-25,2021-11-25T00:00:00Z,308.4501647949219,309.2174377441406,305.1891784667969,305.9564514160156,758817
2021-11-26,2021-11-26T00:00:00Z,302.1200256347656,302.98321533203125,295.9817199707031,297.6121826171875,2191665
2021-11-29,2021-11-29T00:00:00Z,297.324462890625,303.8464050292969,296.3653564453125,301.9281921386719,1200541
2021-11-30,2021-11-30T00:00:00Z,297.324462890625,302.69549560546875,292.7207336425781,299.5304260253906,2138682
2021-12-01,2021-12-01T00:00:00Z,300.7772521972656,305.1891784667969,299.72222900390625,303.8464050292969,1245654
2021-12-02,2021-12-02T00:00:00Z,300.9690856933594,305.1891784667969,297.13262939453125,304.90142822265625,2041227
2021-12-03,2021-12-03T00:00:00Z,307.682861328125,314.97210693359375,307.20330810546875,309.3133544921875,1669669
2021-12-06,2021-12-06T00:00:00Z,311.42340087890625,313.533447265625,309.2174377441406,313.533447265625,765058
2021-12-07,2021-12-07T00:00:00Z,315.7394104003906,318.9044494628906,311.71112060546875,317.4657897949219,1655930
2021-12-08,2021-12-08T00:00:00Z,317.4657897949219,321.30224609375,317.27398681640625,317.9453430175781,1889232
2021-12-09,2021-12-09T00:00:00Z,319.86358642578125,321.78179931640625,317.4657897949219,319.0003662109375,1188565
2021-12-10,2021-12-10T00:00:00Z,317.4657897949219,320.15130615234375,316.123046875,317.9453430175781,464151
2021-12-13,2021-12-13T00:00:00Z,318.3290100097656,321.9736328125,317.4657897949219,320.0553894042969,925679
2021-12-14,2021-12-14T00:00:00Z,321.9736328125,324.4673156738281,316.79443359375,316.9862365722656,1165030
2021-12-15,2021-12-15T00:00:00Z,315.64349365234375,318.3290100097656,313.533447265625,317.1780700683594,1406333
2021-12-16,2021-12-16T00:00:00Z,321.6858825683594,327.15283203125,321.3981628417969,325.81005859375,1294210
2021-12-17,2021-12-17T00:00:00Z,325.81005859375,326.0978088378906,321.3981628417969,323.0286560058594,1021290
2021-12-20,2021-12-20T00:00:00Z,317.56170654296875,320.15130615234375,314.8761901855469,317.9453430175781,1155834
2021-12-21,2021-12-21T00:00:00Z,321.9736328125,323.0286560058594,319.86358642578125,322.3572692871094,1165440
2021-12-22,2021-12-22T00:00:00Z,322.45318603515625,323.891845703125,317.56170654296875,320.82269287109375,1131364
2021-12-23,2021-12-23T00:00:00Z,324.65911865234375,329.9342346191406,323.3163757324219,329.9342346191406,1207819
2021-12-27,2021-12-27T00:00:00Z,329.742431640625,333.77069091796875,328.0160217285156,333.09930419921875,506292
2021-12-28,2021-12-28T00:00:00Z,333.0033874511719,334.5379638671875,331.66064453125,333.578857421875,549298
2021-12-29,2021-12-29T00:00:00Z,333.578857421875,334.3461608886719,331.9483642578125,334.250244140625,306062
2021-12-30,2021-12-30T00:00:00Z,333.4829406738281,333.578857421875,331.2770080566406,331.2770080566406,557720
2022-01-03,2022-01-03T00:00:00Z,332.9075012207031,338.94989013671875,332.33203125,335.8807373046875,736696
2022-01-04,2022-01-04T00:00:00Z,335.8807373046875,340.0049133300781,335.4971008300781,339.1417236328125,853179
2022-01-05,2022-01-05T00:00:00Z,339.5253601074219,340.100830078125,336.5521240234375,336.5521240234375,429632
2022-01-07,2022-01-07T00:00:00Z,334.921630859375,335.9766540527344,329.3587646484375,330.7974548339844,955212
2022-01-10,2022-01-10T00:00:00Z,330.22198486328125,330.7974548339844,319.47991943359375,319.6717529296875,884024
2022-01-11,2022-01-11T00:00:00Z,320.9186096191406,324.08367919921875,320.4390563964844,322.9327392578125,893224
2022-01-12,2022-01-12T00:00:00Z,324.7550354003906,331.66064453125,324.7550354003906,330.3179016113281,779562
2022-01-13,2022-01-13T00:00:00Z,328.6874084472656,329.6465148925781,324.563232421875,327.8241882324219,1092873
2022-01-14,2022-01-14T00:00:00Z,325.138671875,325.6182556152344,319.7676696777344,320.4390563964844,970211
2022-01-17,2022-01-17T00:00:00Z,321.30224609375,324.4673156738281,319.86358642578125,322.549072265625,516318
2022-01-18,2022-01-18T00:00:00Z,321.8777160644531,322.06951904296875,317.0821533203125,319.7676696777344,1090397
2022-01-19,2022-01-19T00:00:00Z,320.0553894042969,326.96099853515625,319.384033203125,323.3163757324219,1004240
2022-01-20,2022-01-20T00:00:00Z,325.4264221191406,328.9751281738281,323.5082092285156,328.2078552246094,709242
2022-01-21,2022-01-21T00:00:00Z,326.96099853515625,327.15283203125,321.0144958496094,323.3163757324219,1132955
2022-01-24,2022-01-24T00:00:00Z,323.0286560058594,325.81005859375,310.94384765625,312.09478759765625,1977945
2022-01-25,2022-01-25T00:00:00Z,313.05389404296875,316.2189636230469,311.42340087890625,312.38250732421875,1089285
2022-01-26,2022-01-26T00:00:00Z,313.6293640136719,320.630859375,313.1498107910156,316.9862365722656,1269918
2022-01-27,2022-01-27T00:00:00Z,311.3274841308594,317.0821533203125,310.46429443359375,313.2456970214844,863441
2022-01-28,2022-01-28T00:00:00Z,312.7661437988281,313.6293640136719,300.2017822265625,302.2159423828125,1998555
2022-01-31,2022-01-31T00:00:00Z,305.4768981933594,308.0664978027344,304.1341552734375,305.7646484375,1719028
2022-02-01,2022-02-01T00:00:00Z,310.08062744140625,313.05389404296875,308.9297180175781,309.60107421875,1402603
2022-02-02,2022-02-02T00:00:00Z,311.8070373535156,314.1089172363281,309.9847412109375,313.6293640136719,1198861
2022-02-03,2022-02-03T00:00:00Z,309.6969909667969,311.6152038574219,299.43450927734375,301.35272216796875,2399990
2022-02-04,2022-02-04T00:00:00Z,301.35272216796875,302.503662109375,296.653076171875,297.13262939453125,1309259
2022-02-07,2022-02-07T00:00:00Z,298.47540283203125,305.8605651855469,298.2835693359375,304.7096252441406,877610
2022-02-08,2022-02-08T00:00:00Z,305.09326171875,306.7237548828125,304.32598876953125,306.1482849121094,786129
2022-02-09,2022-02-09T00:00:00Z,307.20330810546875,313.05389404296875,307.20330810546875,311.71112060546875,615973
2022-02-10,2022-02-10T00:00:00Z,312.67022705078125,316.79443359375,310.46429443359375,314.204833984375,1159831
2022-02-11,2022-02-11T00:00:00Z,312.9579772949219,313.4375305175781,309.50518798828125,311.0397644042969,875019
2022-02-14,2022-02-14T00:00:00Z,303.7505187988281,306.3401184082031,302.7913818359375,304.7096252441406,1850722
2022-02-15,2022-02-15T00:00:00Z,304.0382385253906,312.9579772949219,303.4627685546875,309.9847412109375,1193901
2022-02-16,2022-02-16T00:00:00Z,311.42340087890625,313.34161376953125,309.60107421875,312.2865905761719,1209122
2022-02-17,2022-02-17T00:00:00Z,312.67022705078125,314.68438720703125,310.5602111816406,310.5602111816406,1205167
2022-02-18,2022-02-18T00:00:00Z,309.79290771484375,311.2315673828125,308.5460510253906,309.50518798828125,1709230
2022-02-21,2022-02-21T00:00:00Z,309.3133544921875,310.6560974121094,302.4077453613281,304.8055419921875,1580170
2022-02-22,2022-02-22T00:00:00Z,298.2835693359375,305.3810119628906,297.4203796386719,302.69549560546875,1130136
2022-02-23,2022-02-23T00:00:00Z,302.5995788574219,307.682861328125,300.0099792480469,300.2017822265625,974302
2022-02-24,2022-02-24T00:00:00Z,288.7883605957031,298.1876525878906,287.0619812011719,297.324462890625,2346904
2022-02-25,2022-02-25T00:00:00Z,299.24267578125,302.5995788574219,296.84490966796875,302.31182861328125,1624045
2022-02-28,2022-02-28T00:00:00Z,298.5713195800781,307.9706115722656,297.7080993652344,307.2992248535156,1252843
2022-03-01,2022-03-01T00:00:00Z,307.9706115722656,312.7661437988281,303.175048828125,306.3401184082031,1142313
2022-03-02,2022-03-02T00:00:00Z,302.1200256347656,312.190673828125,299.24267578125,310.2724609375,1411490
2022-03-03,2022-03-03T00:00:00Z,310.2724609375,314.01300048828125,308.6419677734375,309.79290771484375,922625
2022-03-04,2022-03-04T00:00:00Z,306.53192138671875,310.3683776855469,297.995849609375,298.6672058105469,1633100
2022-03-07,2022-03-07T00:00:00Z,289.8433837890625,299.43450927734375,286.3905944824219,296.9408264160156,3254043
2022-03-08,2022-03-08T00:00:00Z,290.8025207519531,306.7237548828125,290.8025207519531,302.2159423828125,1631848
2022-03-09,2022-03-09T00:00:00Z,310.75201416015625,311.42340087890625,303.2709655761719,307.2992248535156,1792424
2022-03-10,2022-03-10T00:00:00Z,310.46429443359375,312.190673828125,303.0791320800781,304.0382385253906,1943553
2022-03-11,2022-03-11T00:00:00Z,304.9973449707031,311.5193176269531,304.9973449707031,306.8196716308594,1762243
2022-03-14,2022-03-14T00:00:00Z,309.6969909667969,311.9029541015625,307.2992248535156,307.9706115722656,1519449
2022-03-15,2022-03-15T00:00:00Z,305.4768981933594,307.011474609375,299.24267578125,305.09326171875,1133480
2022-03-16,2022-03-16T00:00:00Z,311.71112060546875,313.2456970214844,308.9297180175781,312.5743408203125,1442059
2022-03-17,2022-03-17T00:00:00Z,314.4925537109375,317.8494567871094,313.7252502441406,316.5066833496094,1251648
2022-03-18,2022-03-18T00:00:00Z,319.7676696777344,320.4390563964844,314.68438720703125,316.5066833496094,1612257
2022-03-21,2022-03-21T00:00:00Z,317.27398681640625,320.3431396484375,316.5066833496094,319.384033203125,774091
2022-03-22,2022-03-22T00:00:00Z,318.3290100097656,320.15130615234375,316.89031982421875,319.0003662109375,624623
2022-03-23,2022-03-23T00:00:00Z,319.86358642578125,320.82269287109375,315.0680236816406,318.52081298828125,788609
2022-03-24,2022-03-24T00:00:00Z,318.8085632324219,319.7676696777344,309.4092712402344,310.2724609375,946143
2022-03-25,2022-03-25T00:00:00Z,314.5884704589844,314.68438720703125,305.8605651855469,306.8196716308594,982958
2022-03-28,2022-03-28T00:00:00Z,301.4486389160156,306.0523681640625,301.06500244140625,304.32598876953125,699836
2022-03-29,2022-03-29T00:00:00Z,305.9564514160156,306.3401184082031,296.7489929199219,301.35272216796875,1310325
2022-03-30,2022-03-30T00:00:00Z,301.35272216796875,302.5995788574219,290.6106872558594,291.2820739746094,1057942
2022-03-31,2022-03-31T00:00:00Z,291.5697937011719,294.8307800292969,291.0902404785156,293.2002868652344,1080841
2022-04-01,2022-04-01T00:00:00Z,292.62481689453125,295.7898864746094,290.8984069824219,294.25531005859375,963624
2022-04-04,2022-04-04T00:00:00Z,294.54302978515625,297.6121826171875,288.0210876464844,297.6121826171875,716110
2022-04-05,2022-04-05T00:00:00Z,296.3653564453125,298.9549560546875,292.0493469238281,293.1043701171875,828668
2022-04-06,2022-04-06T00:00:00Z,291.1861572265625,291.2820739746094,283.1296081542969,286.48651123046875,1220122
2022-04-07,2022-04-07T00:00:00Z,287.9251708984375,289.07611083984375,286.1987609863281,287.0619812011719,983955
2022-04-08,2022-04-08T00:00:00Z,288.88427734375,293.9675598144531,288.11700439453125,291.5697937011719,799913
2022-04-11,2022-04-11T00:00:00Z,289.8433837890625,291.66571044921875,285.81512451171875,286.3905944824219,717074
2022-04-12,2022-04-12T00:00:00Z,284.37646484375,285.3355712890625,282.1705017089844,283.9928283691406,668120
2022-04-13,2022-04-13T00:00:00Z,281.97869873046875,285.14373779296875,281.115478515625,283.8009948730469,667606
2022-04-14,2022-04-14T00:00:00Z,283.8009948730469,284.37646484375,281.4032287597656,283.9928283691406,343715
2022-04-19,2022-04-19T00:00:00Z,284.0887145996094,289.8433837890625,283.89691162109375,288.5965576171875,1065167
2022-04-20,2022-04-20T00:00:00Z,288.0210876464844,291.2820739746094,285.4314880371094,287.5415344238281,615785
2022-04-21,2022-04-21T00:00:00Z,294.4471435546875,304.90142822265625,290.6106872558594,301.5445556640625,2329564
2022-04-22,2022-04-22T00:00:00Z,298.2835693359375,301.73638916015625,289.36383056640625,290.8025207519531,1607468
2022-04-25,2022-04-25T00:00:00Z,284.2805480957031,287.9251708984375,281.8827819824219,284.6641845703125,1112120
2022-04-26,2022-04-26T00:00:00Z,288.2129211425781,292.2411804199219,283.0337219238281,283.3214416503906,876823
2022-04-27,2022-04-27T00:00:00Z,282.93780517578125,284.85601806640625,279.1013488769531,280.34820556640625,1054029
2022-04-28,2022-04-28T00:00:00Z,282.93780517578125,284.37646484375,278.4299621582031,279.86865234375,1024995
2022-04-29,2022-04-29T00:00:00Z,282.93780517578125,289.6515808105469,282.458251953125,287.2537841796875,1146065
2022-05-02,2022-05-02T00:00:00Z,282.8418884277344,285.0478515625,276.3199157714844,278.71771240234375,871625
2022-05-03,2022-05-03T00:00:00Z,282.93780517578125,284.85601806640625,279.5809020996094,281.4032287597656,692299
2022-05-04,2022-05-04T00:00:00Z,281.4032287597656,283.8009948730469,279.7727355957031,279.96453857421875,670546
2022-05-05,2022-05-05T00:00:00Z,286.77423095703125,287.73333740234375,281.786865234375,282.6500549316406,1008223
2022-05-06,2022-05-06T00:00:00Z,282.458251953125,283.3214416503906,273.6344299316406,276.607666015625,791519
2022-05-09,2022-05-09T00:00:00Z,276.0321960449219,277.6626892089844,270.6611633300781,271.90802001953125,822973
2022-05-10,2022-05-10T00:00:00Z,272.4834899902344,278.9095153808594,272.4834899902344,273.53851318359375,938503
2022-05-11,2022-05-11T00:00:00Z,275.264892578125,276.7994689941406,269.98980712890625,274.1139831542969,1694003
2022-05-12,2022-05-12T00:00:00Z,270.3734436035156,275.0730895996094,267.40020751953125,274.3057861328125,2054330
2022-05-13,2022-05-13T00:00:00Z,275.3608093261719,279.00543212890625,274.8812561035156,278.04632568359375,620796
2022-05-16,2022-05-16T00:00:00Z,278.04632568359375,278.04632568359375,273.15484619140625,273.15484619140625,1001514
2022-05-17,2022-05-17T00:00:00Z,275.6485595703125,278.04632568359375,273.7303161621094,278.04632568359375,1026798
2022-05-18,2022-05-18T00:00:00Z,279.1013488769531,282.1705017089844,278.71771240234375,280.444091796875,1451598
2022-05-19,2022-05-19T00:00:00Z,277.8544921875,278.3340759277344,274.3057861328125,277.279052734375,937509
2022-05-20,2022-05-20T00:00:00Z,281.4032287597656,285.0478515625,279.38909912109375,279.96453857421875,1076926
2022-05-23,2022-05-23T00:00:00Z,282.93780517578125,284.85601806640625,280.63592529296875,282.8418884277344,753607
2022-05-24,2022-05-24T00:00:00Z,280.63592529296875,283.9928283691406,279.96453857421875,281.2113952636719,643564
2022-05-25,2022-05-25T00:00:00Z,283.1296081542969,285.2396545410156,281.4032287597656,281.8827819824219,307413
2022-05-27,2022-05-27T00:00:00Z,286.77423095703125,290.1311340332031,285.0478515625,289.8433837890625,750255
2022-05-30,2022-05-30T00:00:00Z,292.5289001464844,295.3103332519531,291.7616271972656,293.29620361328125,587876
2022-05-31,2022-05-31T00:00:00Z,293.29620361328125,293.4880065917969,288.2129211425781,288.2129211425781,1495221
2022-06-01,2022-06-01T00:00:00Z,290.8025207519531,291.8575439453125,287.0619812011719,288.9801940917969,700929
2022-06-02,2022-06-02T00:00:00Z,290.6106872558594,295.21441650390625,290.32293701171875,295.0225830078125,687766
2022-06-03,2022-06-03T00:00:00Z,297.324462890625,299.24267578125,294.54302978515625,294.73486328125,542668
2022-06-07,2022-06-07T00:00:00Z,296.3653564453125,296.7489929199219,292.5289001464844,294.3512268066406,677305
2022-06-08,2022-06-08T00:00:00Z,295.40625,296.0776062011719,288.5965576171875,289.4597473144531,892451
2022-06-09,2022-06-09T00:00:00Z,289.4597473144531,289.6515808105469,284.6641845703125,286.966064453125,1297527
2022-06-10,2022-06-10T00:00:00Z,283.705078125,286.5824279785156,279.96453857421875,279.96453857421875,943294
2022-06-13,2022-06-13T00:00:00Z,277.1831359863281,279.00543212890625,272.0039367675781,272.099853515625,1093970
2022-06-14,2022-06-14T00:00:00Z,274.1139831542969,274.9771728515625,267.01654052734375,269.60614013671875,902904
2022-06-15,2022-06-15T00:00:00Z,271.0448303222656,275.5526428222656,268.0715637207031,275.264892578125,1295918
2022-06-16,2022-06-16T00:00:00Z,274.78533935546875,274.78533935546875,267.1124572753906,269.51025390625,1897308
2022-06-17,2022-06-17T00:00:00Z,269.0306701660156,269.60614013671875,261.54962158203125,262.50872802734375,1745809
2022-06-20,2022-06-20T00:00:00Z,262.50872802734375,262.79644775390625,256.5622253417969,257.61724853515625,784084
2022-06-21,2022-06-21T00:00:00Z,258.7681884765625,262.7005615234375,258.0968017578125,259.8232116699219,657032
2022-06-22,2022-06-22T00:00:00Z,256.0826721191406,257.1376953125,252.53396606445312,255.219482421875,862611
2022-06-23,2022-06-23T00:00:00Z,253.5889892578125,256.4663391113281,251.8625946044922,253.97264099121094,441396
2022-06-27,2022-06-27T00:00:00Z,259.1518249511719,264.13922119140625,258.6722717285156,262.31689453125,741111
2022-06-28,2022-06-28T00:00:00Z,262.31689453125,266.72882080078125,261.9332580566406,264.5228576660156,969860
2022-06-29,2022-06-29T00:00:00Z,261.2618713378906,265.6737976074219,260.9741516113281,263.8514709472656,587043
2022-06-30,2022-06-30T00:00:00Z,263.8514709472656,265.9615173339844,257.4254455566406,261.54962158203125,1016337
2022-07-01,2022-07-01T00:00:00Z,260.7823181152344,263.5637512207031,257.5213623046875,259.727294921875,673486
2022-07-04,2022-07-04T00:00:00Z,260.9741516113281,266.3451843261719,260.9741516113281,263.65966796875,321548
2022-07-05,2022-07-05T00:00:00Z,266.72882080078125,269.4143371582031,260.6864013671875,261.6455383300781,492862
2022-07-06,2022-07-06T00:00:00Z,261.3577880859375,265.9615173339844,259.4395751953125,265.09832763671875,660200
2022-07-07,2022-07-07T00:00:00Z,267.2083740234375,272.4834899902344,267.01654052734375,272.4834899902344,514581
2022-07-08,2022-07-08T00:00:00Z,272.4834899902344,275.3608093261719,270.56524658203125,273.82623291015625,500511
2022-07-11,2022-07-11T00:00:00Z,266.6329040527344,271.7161865234375,265.6737976074219,269.2225036621094,435935
2022-07-12,2022-07-12T00:00:00Z,268.0715637207031,271.7161865234375,266.8247375488281,271.7161865234375,707709
2022-07-13,2022-07-13T00:00:00Z,269.8938903808594,273.9221496582031,265.4819641113281,267.40020751953125,776634
2022-07-14,2022-07-14T00:00:00Z,270.6611633300781,271.6202697753906,265.1942443847656,266.6329040527344,579354
2022-07-15,2022-07-15T00:00:00Z,267.5920104980469,271.428466796875,266.5369873046875,270.6611633300781,730789
2022-07-18,2022-07-18T00:00:00Z,271.3325500488281,274.5935363769531,271.0448303222656,271.7161865234375,655570
2022-07-19,2022-07-19T00:00:00Z,270.4693603515625,275.5526428222656,267.49609375,275.0730895996094,515622
2022-07-20,2022-07-20T00:00:00Z,275.7444763183594,278.3340759277344,274.8812561035156,275.8403625488281,387857
2022-07-21,2022-07-21T00:00:00Z,277.9504089355469,281.0195617675781,275.0730895996094,280.0604553222656,1423410
2022-07-22,2022-07-22T00:00:00Z,279.197265625,282.8418884277344,278.4299621582031,280.7318420410156,672308
2022-07-25,2022-07-25T00:00:00Z,280.7318420410156,280.7318420410156,276.5117492675781,278.52587890625,509367
2022-07-26,2022-07-26T00:00:00Z,279.1013488769531,282.26641845703125,278.4299621582031,281.8827819824219,404129
2022-07-27,2022-07-27T00:00:00Z,282.0745849609375,284.9519348144531,281.30731201171875,283.22552490234375,433401
2022-07-28,2022-07-28T00:00:00Z,285.81512451171875,289.36383056640625,284.7601013183594,288.0210876464844,496945
2022-07-29,2022-07-29T00:00:00Z,290.6106872558594,295.0225830078125,288.40472412109375,294.6389465332031,536046
2022-08-01,2022-08-01T00:00:00Z,295.0225830078125,297.80401611328125,291.473876953125,292.62481689453125,679199
2022-08-02,2022-08-02T00:00:00Z,291.5697937011719,293.29620361328125,287.9251708984375,292.2411804199219,438401
2022-08-03,2022-08-03T00:00:00Z,292.0493469238281,293.0084533691406,289.2679138183594,291.7616271972656,363639
2022-08-04,2022-08-04T00:00:00Z,291.5697937011719,294.92669677734375,290.8025207519531,292.5289001464844,314131
2022-08-05,2022-08-05T00:00:00Z,293.0084533691406,294.0634765625,288.6924743652344,288.9801940917969,366722
2022-08-08,2022-08-08T00:00:00Z,291.7616271972656,293.29620361328125,289.36383056640625,289.74749755859375,620111
2022-08-09,2022-08-09T00:00:00Z,289.74749755859375,289.8433837890625,284.7601013183594,287.5415344238281,481736
2022-08-10,2022-08-10T00:00:00Z,285.81512451171875,293.4880065917969,283.89691162109375,293.4880065917969,508050
2022-08-11,2022-08-11T00:00:00Z,296.17352294921875,296.17352294921875,293.0084533691406,296.0776062011719,615970
2022-08-12,2022-08-12T00:00:00Z,295.40625,299.1467590332031,294.6389465332031,298.5713195800781,456649
2022-08-15,2022-08-15T00:00:00Z,301.832275390625,302.02410888671875,298.8590393066406,301.2568054199219,496047
2022-08-16,2022-08-16T00:00:00Z,302.98321533203125,303.4627685546875,300.6813659667969,302.98321533203125,607374
2022-08-17,2022-08-17T00:00:00Z,303.0791320800781,303.8464050292969,298.9549560546875,299.0508728027344,621630
2022-08-18,2022-08-18T00:00:00Z,298.76312255859375,304.7096252441406,298.47540283203125,304.421875,1047617
2022-08-19,2022-08-19T00:00:00Z,303.8464050292969,305.7646484375,301.832275390625,302.5995788574219,560246
2022-08-22,2022-08-22T00:00:00Z,302.1200256347656,302.1200256347656,292.145263671875,293.2002868652344,585179
2022-08-23,2022-08-23T00:00:00Z,292.9125671386719,293.58392333984375,289.4597473144531,290.6106872558594,498548
2022-08-24,2022-08-24T00:00:00Z,290.6106872558594,293.0084533691406,288.5006408691406,291.66571044921875,325915
2022-08-25,2022-08-25T00:00:00Z,293.9675598144531,293.9675598144531,289.9393005371094,292.9125671386719,382146
2022-08-26,2022-08-26T00:00:00Z,294.0634765625,295.0225830078125,288.9801940917969,290.8025207519531,624930
2022-08-29,2022-08-29T00:00:00Z,286.77423095703125,290.1311340332031,284.18463134765625,289.8433837890625,711159
2022-08-30,2022-08-30T00:00:00Z,289.8433837890625,293.1043701171875,286.6783142089844,287.637451171875,583224
2022-08-31,2022-08-31T00:00:00Z,288.2129211425781,288.9801940917969,281.8827819824219,281.8827819824219,867775
2022-09-01,2022-09-01T00:00:00Z,279.4849853515625,281.115478515625,278.1422424316406,278.9095153808594,835225
2022-09-02,2022-09-02T00:00:00Z,281.30731201171875,287.5415344238281,280.0604553222656,287.5415344238281,750434
2022-09-05,2022-09-05T00:00:00Z,283.89691162109375,284.37646484375,279.86865234375,281.4991149902344,700237
2022-09-06,2022-09-06T00:00:00Z,281.115478515625,286.3905944824219,281.115478515625,284.7601013183594,731609
2022-09-07,2022-09-07T00:00:00Z,283.8009948730469,285.3355712890625,280.5400085449219,285.3355712890625,645285
2022-09-08,2022-09-08T00:00:00Z,286.3905944824219,287.73333740234375,282.6500549316406,287.15789794921875,730146
2022-09-09,2022-09-09T00:00:00Z,287.15789794921875,291.95343017578125,287.15789794921875,290.1311340332031,461070
2022-09-12,2022-09-12T00:00:00Z,290.6106872558594,295.5021667480469,289.07611083984375,294.73486328125,654655
2022-09-13,2022-09-13T00:00:00Z,295.40625,297.2285461425781,290.6106872558594,291.1861572265625,848785
2022-09-14,2022-09-14T00:00:00Z,289.74749755859375,290.6106872558594,283.3214416503906,286.77423095703125,628777
2022-09-15,2022-09-15T00:00:00Z,286.77423095703125,291.7616271972656,286.5824279785156,288.5965576171875,918721
2022-09-16,2022-09-16T00:00:00Z,286.294677734375,286.6783142089844,280.0604553222656,280.34820556640625,825375
2022-09-19,2022-09-19T00:00:00Z,279.1013488769531,283.6091613769531,275.8403625488281,282.0745849609375,561924
2022-09-20,2022-09-20T00:00:00Z,282.93780517578125,285.4314880371094,278.9095153808594,280.2522888183594,837257
2022-09-21,2022-09-21T00:00:00Z,278.71771240234375,286.5824279785156,278.4299621582031,285.0478515625,618672
2022-09-22,2022-09-22T00:00:00Z,281.115478515625,284.4723815917969,277.279052734375,277.279052734375,727873
2022-09-23,2022-09-23T00:00:00Z,276.3199157714844,278.3340759277344,274.3057861328125,277.08721923828125,983210
2022-09-26,2022-09-26T00:00:00Z,275.3608093261719,279.1013488769531,274.01806640625,275.264892578125,839243
2022-09-27,2022-09-27T00:00:00Z,278.3340759277344,281.4032287597656,275.7444763183594,279.86865234375,771117
2022-09-28,2022-09-28T00:00:00Z,276.7994689941406,283.5132751464844,274.49761962890625,282.8418884277344,888642
2022-09-29,2022-09-29T00:00:00Z,283.3214416503906,283.3214416503906,276.0321960449219,277.5667724609375,829965
2022-09-30,2022-09-30T00:00:00Z,278.1422424316406,281.30731201171875,275.0730895996094,281.30731201171875,3613221
2022-10-03,2022-10-03T00:00:00Z,280.5,281.6000061035156,269.1000061035156,270.0,3534341
2022-10-04,2022-10-04T00:00:00Z,270.0,287.20001220703125,270.0,286.5,1537193
2022-10-05,2022-10-05T00:00:00Z,284.5,287.20001220703125,280.0,285.70001220703125,735927
2022-10-06,2022-10-06T00:00:00Z,286.3999938964844,288.5,285.6000061035156,285.8999938964844,739217
2022-10-07,2022-10-07T00:00:00Z,285.0,287.8999938964844,280.1000061035156,281.1000061035156,1145987
2022-10-10,2022-10-10T00:00:00Z,280.70001220703125,285.70001220703125,279.3999938964844,283.3999938964844,603987
2022-10-11,2022-10-11T00:00:00Z,281.0,284.70001220703125,279.3999938964844,282.3999938964844,687735
2022-10-12,2022-10-12T00:00:00Z,282.8999938964844,286.3999938964844,282.3999938964844,283.6000061035156,759365
2022-10-13,2022-10-13T00:00:00Z,282.8999938964844,290.5,278.8999938964844,289.0,1122389
2022-10-14,2022-10-14T00:00:00Z,292.70001220703125,295.3999938964844,286.29998779296875,287.6000061035156,1315501
2022-10-17,2022-10-17T00:00:00Z,287.79998779296875,295.3999938964844,286.0,293.70001220703125,907998
2022-10-18,2022-10-18T00:00:00Z,295.1000061035156,301.0,295.1000061035156,297.8999938964844,901261
2022-10-19,2022-10-19T00:00:00Z,299.8999938964844,303.8999938964844,297.8999938964844,298.0,1098680
2022-10-20,2022-10-20T00:00:00Z,298.0,301.0,292.20001220703125,300.3999938964844,1285472
2022-10-21,2022-10-21T00:00:00Z,299.1000061035156,304.5,295.29998779296875,304.29998779296875,845630
2022-10-24,2022-10-24T00:00:00Z,303.70001220703125,309.79998779296875,302.1000061035156,306.3999938964844,851070
2022-10-25,2022-10-25T00:00:00Z,307.3999938964844,310.20001220703125,300.79998779296875,306.1000061035156,881659
2022-10-26,2022-10-26T00:00:00Z,305.20001220703125,309.8999938964844,305.1000061035156,308.8999938964844,701939
2022-10-27,2022-10-27T00:00:00Z,307.8999938964844,308.29998779296875,302.29998779296875,306.6000061035156,756017
2022-10-28,2022-10-28T00:00:00Z,305.0,305.6000061035156,302.29998779296875,304.70001220703125,809489
2022-10-31,2022-10-31T00:00:00Z,306.0,307.8999938964844,303.29998779296875,306.79998779296875,559238
2022-11-01,2022-11-01T00:00:00Z,308.5,313.6000061035156,307.70001220703125,308.20001220703125,704083
2022-11-02,2022-11-02T00:00:00Z,308.6000061035156,310.70001220703125,306.70001220703125,307.1000061035156,531627
2022-11-03,2022-11-03T00:00:00Z,303.5,305.1000061035156,300.6000061035156,305.1000061035156,603330
2022-11-04,2022-11-04T00:00:00Z,305.1000061035156,309.70001220703125,305.1000061035156,309.70001220703125,373182
2022-11-07,2022-11-07T00:00:00Z,309.70001220703125,313.20001220703125,308.0,312.79998779296875,592602
2022-11-08,2022-11-08T00:00:00Z,312.79998779296875,314.29998779296875,310.5,313.8999938964844,662827
2022-11-09,2022-11-09T00:00:00Z,313.29998779296875,317.20001220703125,312.6000061035156,317.20001220703125,802459
2022-11-10,2022-11-10T00:00:00Z,315.0,325.1000061035156,314.70001220703125,324.1000061035156,1236773
2022-11-11,2022-11-11T00:00:00Z,324.1000061035156,327.1000061035156,319.0,325.8999938964844,910870
2022-11-14,2022-11-14T00:00:00Z,326.0,330.6000061035156,325.1000061035156,329.29998779296875,1008604
2022-11-15,2022-11-15T00:00:00Z,328.29998779296875,329.29998779296875,325.29998779296875,328.3999938964844,836431
2022-11-16,2022-11-16T00:00:00Z,328.3999938964844,330.20001220703125,322.29998779296875,324.8999938964844,716265
2022-11-17,2022-11-17T00:00:00Z,326.79998779296875,328.5,323.3999938964844,324.0,928987
2022-11-18,2022-11-18T00:00:00Z,324.5,328.0,323.20001220703125,326.5,864772
2022-11-21,2022-11-21T00:00:00Z,326.5,329.6000061035156,325.5,328.6000061035156,736825
2022-11-22,2022-11-22T00:00:00Z,328.5,332.29998779296875,326.20001220703125,330.70001220703125,802087
2022-11-23,2022-11-23T00:00:00Z,331.5,331.6000061035156,328.20001220703125,329.8999938964844,598104
2022-11-24,2022-11-24T00:00:00Z,329.5,332.20001220703125,328.5,329.8999938964844,682088
2022-11-25,2022-11-25T00:00:00Z,329.5,331.1000061035156,328.70001220703125,329.70001220703125,392781
2022-11-28,2022-11-28T00:00:00Z,330.0,330.3999938964844,326.79998779296875,327.29998779296875,447562
2022-11-29,2022-11-29T00:00:00Z,327.0,329.6000061035156,326.1000061035156,326.8999938964844,475741
2022-11-30,2022-11-30T00:00:00Z,325.79998779296875,328.6000061035156,324.3999938964844,327.29998779296875,1685987
2022-12-01,2022-12-01T00:00:00Z,329.1000061035156,332.3999938964844,323.6000061035156,325.5,1003046
2022-12-02,2022-12-02T00:00:00Z,325.5,328.6000061035156,322.8999938964844,327.29998779296875,671938
2022-12-05,2022-12-05T00:00:00Z,327.0,327.20001220703125,323.79998779296875,325.8999938964844,564952
2022-12-06,2022-12-06T00:00:00Z,325.20001220703125,325.79998779296875,321.6000061035156,322.20001220703125,690699
2022-12-07,2022-12-07T00:00:00Z,321.79998779296875,322.79998779296875,319.20001220703125,320.70001220703125,744658
2022-12-08,2022-12-08T00:00:00Z,320.70001220703125,320.70001220703125,316.5,318.20001220703125,492822
2022-12-09,2022-12-09T00:00:00Z,318.3999938964844,323.79998779296875,318.29998779296875,322.6000061035156,577504
2022-12-12,2022-12-12T00:00:00Z,322.5,322.5,319.70001220703125,321.0,522324
2022-12-13,2022-12-13T00:00:00Z,321.6000061035156,328.20001220703125,320.5,326.0,651875
2022-12-14,2022-12-14T00:00:00Z,325.79998779296875,326.70001220703125,322.3999938964844,325.8999938964844,754309
2022-12-15,2022-12-15T00:00:00Z,323.3999938964844,324.20001220703125,315.29998779296875,316.0,834977
2022-12-16,2022-12-16T00:00:00Z,317.0,318.6000061035156,311.5,312.70001220703125,914599
2022-12-19,2022-12-19T00:00:00Z,314.20001220703125,315.79998779296875,312.20001220703125,314.3999938964844,528283
2022-12-20,2022-12-20T00:00:00Z,313.20001220703125,315.3999938964844,311.79998779296875,314.3999938964844,831366
2022-12-21,2022-12-21T00:00:00Z,314.0,317.6000061035156,314.0,317.29998779296875,518474
2022-12-22,2022-12-22T00:00:00Z,317.0,318.6000061035156,313.1000061035156,313.79998779296875,283464
2022-12-23,2022-12-23T00:00:00Z,314.0,318.20001220703125,314.0,317.70001220703125,440747
2022-12-27,2022-12-27T00:00:00Z,318.70001220703125,321.8999938964844,318.1000061035156,321.20001220703125,604872
2022-12-28,2022-12-28T00:00:00Z,321.0,321.8999938964844,317.29998779296875,317.5,544066
2022-12-29,2022-12-29T00:00:00Z,317.5,322.70001220703125,317.1000061035156,322.3999938964844,489485
2022-12-30,2022-12-30T00:00:00Z,322.0,322.0,316.0,316.20001220703125,744427
2023-01-02,2023-01-02T00:00:00Z,317.8999938964844,317.8999938964844,314.29998779296875,316.8999938964844,345684
2023-01-03,2023-01-03T00:00:00Z,320.0,325.3999938964844,319.20001220703125,323.5,864775
2023-01-04,2023-01-04T00:00:00Z,324.79998779296875,337.5,324.79998779296875,336.0,1166343
2023-01-05,2023-01-05T00:00:00Z,335.0,338.1000061035156,333.6000061035156,338.0,243935
2023-01-09,2023-01-09T00:00:00Z,339.20001220703125,345.5,339.1000061035156,344.3999938964844,969617
2023-01-10,2023-01-10T00:00:00Z,342.0,342.6000061035156,338.29998779296875,341.1000061035156,899334
2023-01-11,2023-01-11T00:00:00Z,342.79998779296875,348.6000061035156,342.1000061035156,348.0,941403
2023-01-12,2023-01-12T00:00:00Z,349.1000061035156,351.8999938964844,346.5,350.29998779296875,923952
2023-01-13,2023-01-13T00:00:00Z,350.0,350.0,346.5,348.29998779296875,611786
2023-01-16,2023-01-16T00:00:00Z,349.1000061035156,350.29998779296875,347.3999938964844,350.29998779296875,563840
2023-01-17,2023-01-17T00:00:00Z,352.0,358.79998779296875,352.0,356.8999938964844,983441
2023-01-18,2023-01-18T00:00:00Z,356.5,357.20001220703125,352.29998779296875,353.1000061035156,671114
2023-01-19,2023-01-19T00:00:00Z,350.8999938964844,352.70001220703125,345.3999938964844,347.29998779296875,806389
2023-01-20,2023-01-20T00:00:00Z,348.29998779296875,348.79998779296875,345.79998779296875,347.79998779296875,695573
2023-01-23,2023-01-23T00:00:00Z,348.0,350.1000061035156,347.1000061035156,350.0,605649
2023-01-24,2023-01-24T00:00:00Z,350.6000061035156,352.0,347.20001220703125,348.8999938964844,514843
2023-01-25,2023-01-25T00:00:00Z,350.0,351.3999938964844,348.29998779296875,349.6000061035156,382783
2023-01-26,2023-01-26T00:00:00Z,351.8999938964844,356.5,350.3999938964844,355.6000061035156,946273
2023-01-27,2023-01-27T00:00:00Z,356.79998779296875,357.70001220703125,355.5,357.5,629505
2023-01-30,2023-01-30T00:00:00Z,356.6000061035156,359.20001220703125,353.5,358.6000061035156,790122
2023-01-31,2023-01-31T00:00:00Z,358.6000061035156,363.20001220703125,356.6000061035156,361.5,942692
2023-02-01,2023-02-01T00:00:00Z,364.0,367.0,362.6000061035156,364.1000061035156,1152980
2023-02-02,2023-02-02T00:00:00Z,354.29998779296875,359.5,346.1000061035156,353.5,2242197
2023-02-03,2023-02-03T00:00:00Z,352.5,362.5,350.1000061035156,362.20001220703125,1042143
2023-02-06,2023-02-06T00:00:00Z,362.0,363.70001220703125,357.3999938964844,359.1000061035156,627101
2023-02-07,2023-02-07T00:00:00Z,361.79998779296875,363.3999938964844,356.8999938964844,356.8999938964844,1449696
2023-02-08,2023-02-08T00:00:00Z,362.1000061035156,362.1000061035156,353.20001220703125,353.20001220703125,939800
2023-02-09,2023-02-09T00:00:00Z,356.0,359.29998779296875,348.20001220703125,349.70001220703125,1179036
2023-02-10,2023-02-10T00:00:00Z,347.20001220703125,349.20001220703125,346.0,349.0,580691
2023-02-13,2023-02-13T00:00:00Z,350.20001220703125,353.1000061035156,350.20001220703125,353.1000061035156,619184
2023-02-14,2023-02-14T00:00:00Z,353.1000061035156,353.1000061035156,349.6000061035156,350.3999938964844,1085641
2023-02-15,2023-02-15T00:00:00Z,350.3999938964844,358.0,350.0,358.0,1433227
2023-02-16,2023-02-16T00:00:00Z,359.0,361.20001220703125,354.0,355.79998779296875,625201
2023-02-17,2023-02-17T00:00:00Z,355.6000061035156,356.8999938964844,351.1000061035156,356.20001220703125,820880
2023-02-20,2023-02-20T00:00:00Z,356.3999938964844,357.8999938964844,351.0,352.29998779296875,405595
2023-02-21,2023-02-21T00:00:00Z,352.1000061035156,352.70001220703125,345.3999938964844,347.20001220703125,661659
2023-02-22,2023-02-22T00:00:00Z,347.0,349.20001220703125,344.8999938964844,348.29998779296875,595218
2023-02-23,2023-02-23T00:00:00Z,348.29998779296875,351.79998779296875,347.20001220703125,350.6000061035156,536219
2023-02-24,2023-02-24T00:00:00Z,350.79998779296875,351.8999938964844,345.0,346.5,683728
2023-02-27,2023-02-27T00:00:00Z,348.1000061035156,350.8999938964844,347.70001220703125,348.79998779296875,406393
2023-02-28,2023-02-28T00:00:00Z,347.1000061035156,350.29998779296875,344.20001220703125,348.3999938964844,390202
2023-03-01,2023-03-01T00:00:00Z,349.20001220703125,352.3999938964844,348.5,349.20001220703125,594836
2023-03-02,2023-03-02T00:00:00Z,348.0,351.20001220703125,346.6000061035156,350.70001220703125,448487
2023-03-03,2023-03-03T00:00:00Z,352.3999938964844,354.8999938964844,351.20001220703125,354.3999938964844,403236
2023-03-06,2023-03-06T00:00:00Z,355.79998779296875,358.79998779296875,355.70001220703125,357.3999938964844,461344
2023-03-07,2023-03-07T00:00:00Z,357.8999938964844,360.8999938964844,357.70001220703125,360.5,716806
2023-03-08,2023-03-08T00:00:00Z,360.70001220703125,363.3999938964844,360.29998779296875,361.79998779296875,895207
2023-03-09,2023-03-09T00:00:00Z,361.8999938964844,368.8999938964844,361.6000061035156,367.70001220703125,686863
2023-03-10,2023-03-10T00:00:00Z,362.1000061035156,365.29998779296875,357.20001220703125,359.0,936771
2023-03-13,2023-03-13T00:00:00Z,357.0,357.6000061035156,348.0,349.79998779296875,1206781
2023-03-14,2023-03-14T00:00:00Z,349.79998779296875,354.3999938964844,347.1000061035156,353.0,980691
2023-03-15,2023-03-15T00:00:00Z,350.79998779296875,351.29998779296875,337.20001220703125,337.20001220703125,1216467
2023-03-16,2023-03-16T00:00:00Z,339.20001220703125,342.20001220703125,332.70001220703125,340.79998779296875,1024634
2023-03-17,2023-03-17T00:00:00Z,345.1000061035156,345.1000061035156,334.70001220703125,335.0,1240359
2023-03-20,2023-03-20T00:00:00Z,334.0,340.20001220703125,331.20001220703125,338.70001220703125,2061164
2023-03-21,2023-03-21T00:00:00Z,340.70001220703125,344.3999938964844,338.3999938964844,344.3999938964844,1038823
2023-03-22,2023-03-22T00:00:00Z,343.5,348.79998779296875,343.5,347.5,791310
2023-03-23,2023-03-23T00:00:00Z,347.29998779296875,348.3999938964844,341.0,348.3999938964844,784751
2023-03-24,2023-03-24T00:00:00Z,347.79998779296875,347.8999938964844,335.29998779296875,340.5,1380098
2023-03-27,2023-03-27T00:00:00Z,337.6000061035156,337.6000061035156,331.29998779296875,333.79998779296875,779668
2023-03-28,2023-03-28T00:00:00Z,334.79998779296875,336.1000061035156,333.3999938964844,334.3999938964844,611393
2023-03-29,2023-03-29T00:00:00Z,336.5,341.29998779296875,336.5,340.6000061035156,848888
2023-03-30,2023-03-30T00:00:00Z,345.1000061035156,350.1000061035156,345.1000061035156,349.8999938964844,897456
2023-03-31,2023-03-31T00:00:00Z,350.0,356.29998779296875,349.70001220703125,356.29998779296875,1054869
2023-04-03,2023-04-03T00:00:00Z,356.5,358.70001220703125,354.70001220703125,356.6000061035156,853024
2023-04-04,2023-04-04T00:00:00Z,357.5,358.79998779296875,350.79998779296875,351.29998779296875,701153
2023-04-05,2023-04-05T00:00:00Z,351.0,351.0,343.70001220703125,345.0,516578
2023-04-06,2023-04-06T00:00:00Z,346.1000061035156,346.29998779296875,341.70001220703125,343.0,288225
2023-04-11,2023-04-11T00:00:00Z,345.0,354.29998779296875,345.0,354.29998779296875,692149
2023-04-12,2023-04-12T00:00:00Z,354.20001220703125,357.6000061035156,354.0,357.6000061035156,925674
2023-04-13,2023-04-13T00:00:00Z,357.6000061035156,361.20001220703125,353.6000061035156,357.0,776044
2023-04-14,2023-04-14T00:00:00Z,360.0,364.1000061035156,357.3999938964844,363.5,704182
2023-04-17,2023-04-17T00:00:00Z,364.5,366.70001220703125,363.20001220703125,365.3999938964844,607991
2023-04-18,2023-04-18T00:00:00Z,365.5,367.6000061035156,363.79998779296875,366.6000061035156,869014
2023-04-19,2023-04-19T00:00:00Z,364.1000061035156,364.79998779296875,361.79998779296875,363.5,577344
2023-04-20,2023-04-20T00:00:00Z,363.1000061035156,365.20001220703125,362.3999938964844,363.3999938964844,518677
2023-04-21,2023-04-21T00:00:00Z,364.0,365.79998779296875,361.1000061035156,364.70001220703125,662180
2023-04-24,2023-04-24T00:00:00Z,366.1000061035156,368.0,364.79998779296875,366.0,630842
2023-04-25,2023-04-25T00:00:00Z,375.20001220703125,380.70001220703125,373.1000061035156,380.1000061035156,2650375
2023-04-26,2023-04-26T00:00:00Z,378.0,378.70001220703125,367.20001220703125,369.70001220703125,1198828
2023-04-27,2023-04-27T00:00:00Z,369.70001220703125,372.5,365.79998779296875,370.70001220703125,837150
2023-04-28,2023-04-28T00:00:00Z,373.5,375.1000061035156,367.29998779296875,370.29998779296875,856277
2023-05-02,2023-05-02T00:00:00Z,370.29998779296875,370.79998779296875,367.20001220703125,368.70001220703125,594145
2023-05-03,2023-05-03T00:00:00Z,369.79998779296875,372.79998779296875,369.20001220703125,370.29998779296875,750795
2023-05-04,2023-05-04T00:00:00Z,370.0,370.29998779296875,365.79998779296875,367.1000061035156,832404
2023-05-05,2023-05-05T00:00:00Z,367.79998779296875,368.1000061035156,362.70001220703125,365.3999938964844,771954
2023-05-08,2023-05-08T00:00:00Z,366.6000061035156,369.0,364.6000061035156,367.5,484979
2023-05-09,2023-05-09T00:00:00Z,370.1000061035156,371.8999938964844,365.8999938964844,371.8999938964844,989825
2023-05-10,2023-05-10T00:00:00Z,373.5,374.70001220703125,370.70001220703125,373.5,835466
2023-05-11,2023-05-11T00:00:00Z,374.5,380.29998779296875,374.5,379.79998779296875,784774
2023-05-12,2023-05-12T00:00:00Z,380.79998779296875,384.29998779296875,379.29998779296875,383.20001220703125,1118732
2023-05-15,2023-05-15T00:00:00Z,384.70001220703125,384.70001220703125,380.6000061035156,382.79998779296875,493565
2023-05-16,2023-05-16T00:00:00Z,382.79998779296875,384.20001220703125,380.70001220703125,382.3999938964844,527710
2023-05-17,2023-05-17T00:00:00Z,381.0,384.5,380.8999938964844,383.8999938964844,181285
2023-05-19,2023-05-19T00:00:00Z,391.3999938964844,398.79998779296875,389.79998779296875,396.20001220703125,835672
2023-05-22,2023-05-22T00:00:00Z,389.8999938964844,395.79998779296875,389.8999938964844,395.1000061035156,583439
2023-05-23,2023-05-23T00:00:00Z,393.0,394.3999938964844,391.6000061035156,393.0,871137
2023-05-24,2023-05-24T00:00:00Z,390.20001220703125,390.20001220703125,384.29998779296875,388.1000061035156,552881
2023-05-25,2023-05-25T00:00:00Z,388.0,398.29998779296875,387.6000061035156,395.8999938964844,1447204
2023-05-26,2023-05-26T00:00:00Z,396.8999938964844,401.8999938964844,396.3999938964844,401.5,649638
2023-05-29,2023-05-29T00:00:00Z,402.0,404.29998779296875,400.3999938964844,401.6000061035156,271959
2023-05-30,2023-05-30T00:00:00Z,402.1000061035156,408.1000061035156,401.1000061035156,405.3999938964844,767714
2023-05-31,2023-05-31T00:00:00Z,403.0,405.6000061035156,396.5,397.1000061035156,2094131
2023-06-01,2023-06-01T00:00:00Z,398.79998779296875,401.6000061035156,397.5,400.8999938964844,729649
2023-06-02,2023-06-02T00:00:00Z,402.5,404.1000061035156,398.0,403.5,623306
2023-06-05,2023-06-05T00:00:00Z,404.0,408.3999938964844,403.8999938964844,406.79998779296875,523252
2023-06-07,2023-06-07T00:00:00Z,407.20001220703125,408.8999938964844,406.0,408.0,596734
2023-06-08,2023-06-08T00:00:00Z,407.5,411.5,406.20001220703125,410.0,751876
2023-06-09,2023-06-09T00:00:00Z,410.6000061035156,414.20001220703125,409.6000061035156,414.20001220703125,543447
2023-06-12,2023-06-12T00:00:00Z,414.20001220703125,416.6000061035156,411.3999938964844,413.3999938964844,577719
2023-06-13,2023-06-13T00:00:00Z,416.20001220703125,419.20001220703125,414.6000061035156,416.6000061035156,867622
2023-06-14,2023-06-14T00:00:00Z,418.3999938964844,421.70001220703125,416.6000061035156,420.70001220703125,751237
2023-06-15,2023-06-15T00:00:00Z,419.79998779296875,424.29998779296875,416.70001220703125,420.70001220703125,966689
2023-06-16,2023-06-16T00:00:00Z,422.0,423.0,419.3999938964844,422.20001220703125,466904
2023-06-19,2023-06-19T00:00:00Z,422.0,423.20001220703125,419.70001220703125,422.70001220703125,1344966
2023-06-20,2023-06-20T00:00:00Z,422.70001220703125,422.79998779296875,416.79998779296875,419.0,797270
2023-06-21,2023-06-21T00:00:00Z,419.0,421.5,413.8999938964844,414.6000061035156,502801
2023-06-22,2023-06-22T00:00:00Z,412.8999938964844,412.8999938964844,405.20001220703125,411.1000061035156,747254
2023-06-26,2023-06-26T00:00:00Z,410.29998779296875,413.1000061035156,406.1000061035156,412.6000061035156,591617
2023-06-27,2023-06-27T00:00:00Z,412.0,416.79998779296875,411.3999938964844,416.79998779296875,444321
2023-06-28,2023-06-28T00:00:00Z,419.29998779296875,425.29998779296875,419.1000061035156,421.1000061035156,597906
2023-06-29,2023-06-29T00:00:00Z,421.0,421.0,414.0,416.3999938964844,776333
2023-06-30,2023-06-30T00:00:00Z,418.0,425.3999938964844,415.6000061035156,424.1000061035156,608035
2023-07-03,2023-07-03T00:00:00Z,423.5,424.8999938964844,416.79998779296875,419.0,493886
2023-07-04,2023-07-04T00:00:00Z,419.5,420.29998779296875,413.5,414.29998779296875,786996
2023-07-05,2023-07-05T00:00:00Z,413.5,415.5,412.20001220703125,414.6000061035156,333040
2023-07-06,2023-07-06T00:00:00Z,414.6000061035156,418.3999938964844,409.5,411.79998779296875,1133962
2023-07-07,2023-07-07T00:00:00Z,411.79998779296875,411.79998779296875,407.5,409.0,396554
2023-07-10,2023-07-10T00:00:00Z,407.5,409.3999938964844,405.70001220703125,408.8999938964844,359459
2023-07-11,2023-07-11T00:00:00Z,409.79998779296875,411.20001220703125,406.70001220703125,408.0,372338
2023-07-12,2023-07-12T00:00:00Z,408.79998779296875,412.1000061035156,408.70001220703125,410.5,543909
2023-07-13,2023-07-13T00:00:00Z,410.3999938964844,410.3999938964844,403.6000061035156,404.1000061035156,375675
2023-07-14,2023-07-14T00:00:00Z,402.5,407.29998779296875,402.5,404.79998779296875,422060
2023-07-17,2023-07-17T00:00:00Z,404.79998779296875,406.1000061035156,400.79998779296875,404.1000061035156,438262
2023-07-18,2023-07-18T00:00:00Z,404.1000061035156,406.0,401.5,406.0,417149
2023-07-19,2023-07-19T00:00:00Z,406.6000061035156,407.1000061035156,396.5,400.20001220703125,583594
2023-07-20,2023-07-20T00:00:00Z,394.8999938964844,414.70001220703125,394.20001220703125,414.1000061035156,1161045
2023-07-21,2023-07-21T00:00:00Z,415.1000061035156,422.8999938964844,411.70001220703125,419.70001220703125,673872
2023-07-24,2023-07-24T00:00:00Z,418.8999938964844,424.0,417.3999938964844,423.0,508508
2023-07-25,2023-07-25T00:00:00Z,420.3999938964844,422.5,415.1000061035156,421.5,482810
2023-07-26,2023-07-26T00:00:00Z,421.8999938964844,423.1000061035156,416.79998779296875,419.29998779296875,397945
2023-07-27,2023-07-27T00:00:00Z,419.79998779296875,429.70001220703125,415.70001220703125,426.5,633965
2023-07-28,2023-07-28T00:00:00Z,425.0,425.29998779296875,419.79998779296875,422.3999938964844,436853
2023-07-31,2023-07-31T00:00:00Z,420.79998779296875,423.5,420.20001220703125,421.20001220703125,281411
2023-08-01,2023-08-01T00:00:00Z,421.20001220703125,423.6000061035156,416.79998779296875,416.79998779296875,505368
2023-08-02,2023-08-02T00:00:00Z,418.20001220703125,424.6000061035156,412.79998779296875,423.6000061035156,1322527
2023-08-03,2023-08-03T00:00:00Z,422.1000061035156,422.1000061035156,416.5,419.0,812632
2023-08-04,2023-08-04T00:00:00Z,419.0,421.3999938964844,415.20001220703125,419.0,477831
2023-08-07,2023-08-07T00:00:00Z,417.20001220703125,419.70001220703125,414.70001220703125,418.3999938964844,909625
2023-08-08,2023-08-08T00:00:00Z,417.20001220703125,420.1000061035156,416.20001220703125,418.0,444977
2023-08-09,2023-08-09T00:00:00Z,420.0,422.0,418.79998779296875,419.3999938964844,387297
2023-08-10,2023-08-10T00:00:00Z,418.29998779296875,421.0,406.79998779296875,409.29998779296875,1129621
2023-08-11,2023-08-11T00:00:00Z,409.6000061035156,417.70001220703125,408.70001220703125,417.70001220703125,920292
2023-08-14,2023-08-14T00:00:00Z,415.70001220703125,418.70001220703125,415.70001220703125,418.20001220703125,510309
2023-08-15,2023-08-15T00:00:00Z,418.20001220703125,418.79998779296875,413.0,414.6000061035156,439758
2023-08-16,2023-08-16T00:00:00Z,412.79998779296875,416.0,411.5,413.5,414766
2023-08-17,2023-08-17T00:00:00Z,411.79998779296875,411.79998779296875,403.0,403.6000061035156,754103
2023-08-18,2023-08-18T00:00:00Z,403.0,405.5,401.0,405.0,786192
2023-08-21,2023-08-21T00:00:00Z,404.79998779296875,408.5,404.20001220703125,405.3999938964844,446550
2023-08-22,2023-08-22T00:00:00Z,407.79998779296875,409.3999938964844,405.29998779296875,407.5,570387
2023-08-23,2023-08-23T00:00:00Z,408.0,411.8999938964844,407.6000061035156,409.3999938964844,361432
2023-08-24,2023-08-24T00:00:00Z,411.79998779296875,414.20001220703125,408.0,408.1000061035156,537640
2023-08-25,2023-08-25T00:00:00Z,407.8999938964844,412.0,406.79998779296875,411.5,407385
2023-08-28,2023-08-28T00:00:00Z,413.6000061035156,416.79998779296875,413.6000061035156,415.79998779296875,310851
2023-08-29,2023-08-29T00:00:00Z,415.29998779296875,418.0,414.79998779296875,417.79998779296875,594979
2023-08-30,2023-08-30T00:00:00Z,417.79998779296875,417.79998779296875,413.29998779296875,415.20001220703125,356765
2023-08-31,2023-08-31T00:00:00Z,416.0,418.1000061035156,414.79998779296875,416.6000061035156,1207678
2023-09-01,2023-09-01T00:00:00Z,416.0,418.0,414.3999938964844,414.8999938964844,658542
2023-09-04,2023-09-04T00:00:00Z,415.0,418.0,414.6000061035156,414.6000061035156,626312
2023-09-05,2023-09-05T00:00:00Z,414.5,414.6000061035156,410.5,412.0,505917
2023-09-06,2023-09-06T00:00:00Z,410.20001220703125,418.70001220703125,408.6000061035156,417.6000061035156,607658
2023-09-07,2023-09-07T00:00:00Z,416.8999938964844,419.3999938964844,413.6000061035156,416.1000061035156,1119513
2023-09-08,2023-09-08T00:00:00Z,416.20001220703125,416.8999938964844,408.0,408.6000061035156,1351160
2023-09-11,2023-09-11T00:00:00Z,408.70001220703125,411.5,408.1000061035156,410.20001220703125,489288
2023-09-12,2023-09-12T00:00:00Z,410.29998779296875,411.79998779296875,407.3999938964844,409.70001220703125,593796
2023-09-13,2023-09-13T00:00:00Z,408.0,408.0,397.5,400.8999938964844,789097
2023-09-14,2023-09-14T00:00:00Z,400.8999938964844,407.0,398.3999938964844,405.0,732364
2023-09-15,2023-09-15T00:00:00Z,407.8999938964844,410.29998779296875,406.20001220703125,407.79998779296875,1168596
2023-09-18,2023-09-18T00:00:00Z,407.79998779296875,412.20001220703125,405.70001220703125,411.1000061035156,636846
2023-09-19,2023-09-19T00:00:00Z,409.29998779296875,409.79998779296875,403.20001220703125,405.20001220703125,503677
2023-09-20,2023-09-20T00:00:00Z,405.20001220703125,407.8999938964844,404.79998779296875,406.6000061035156,752313
2023-09-21,2023-09-21T00:00:00Z,405.0,406.29998779296875,402.6000061035156,404.3999938964844,955811
2023-09-22,2023-09-22T00:00:00Z,402.20001220703125,402.20001220703125,395.29998779296875,396.3999938964844,649275
2023-09-25,2023-09-25T00:00:00Z,395.0,397.29998779296875,390.3999938964844,394.1000061035156,614574
2023-09-26,2023-09-26T00:00:00Z,391.70001220703125,391.70001220703125,384.70001220703125,387.29998779296875,800958
2023-09-27,2023-09-27T00:00:00Z,387.29998779296875,393.8999938964844,385.79998779296875,390.1000061035156,631966
2023-09-28,2023-09-28T00:00:00Z,390.3999938964844,393.29998779296875,388.3999938964844,393.29998779296875,459186
2023-09-29,2023-09-29T00:00:00Z,394.3999938964844,395.20001220703125,389.8999938964844,391.0,621521
2023-10-02,2023-10-02T00:00:00Z,393.20001220703125,399.79998779296875,392.1000061035156,395.70001220703125,857074
2023-10-03,2023-10-03T00:00:00Z,394.20001220703125,396.29998779296875,391.0,393.0,412210
2023-10-04,2023-10-04T00:00:00Z,391.0,395.6000061035156,388.70001220703125,393.79998779296875,743940
2023-10-05,2023-10-05T00:00:00Z,393.79998779296875,397.29998779296875,393.1000061035156,394.1000061035156,616310
2023-10-06,2023-10-06T00:00:00Z,394.3999938964844,399.6000061035156,394.3999938964844,399.5,511382
2023-10-09,2023-10-09T00:00:00Z,399.5,399.5,393.1000061035156,393.29998779296875,439106
2023-10-10,2023-10-10T00:00:00Z,395.8999938964844,400.20001220703125,395.8999938964844,399.20001220703125,919575
2023-10-11,2023-10-11T00:00:00Z,399.1000061035156,403.70001220703125,396.70001220703125,403.0,652144
2023-10-12,2023-10-12T00:00:00Z,406.0,408.5,404.29998779296875,404.3999938964844,1145467
2023-10-13,2023-10-13T00:00:00Z,405.0,406.8999938964844,401.29998779296875,402.70001220703125,658002
2023-10-16,2023-10-16T00:00:00Z,401.70001220703125,402.1000061035156,395.8999938964844,397.1000061035156,714734
2023-10-17,2023-10-17T00:00:00Z,397.20001220703125,397.79998779296875,392.20001220703125,396.0,1216214
2023-10-18,2023-10-18T00:00:00Z,379.20001220703125,382.1000061035156,371.20001220703125,374.5,2887580
2023-10-19,2023-10-19T00:00:00Z,372.79998779296875,374.5,367.5,370.29998779296875,1429953
2023-10-20,2023-10-20T00:00:00Z,368.3999938964844,371.1000061035156,362.5,363.29998779296875,913985
2023-10-23,2023-10-23T00:00:00Z,363.3999938964844,369.20001220703125,362.20001220703125,368.29998779296875,1159105
2023-10-24,2023-10-24T00:00:00Z,368.29998779296875,369.29998779296875,363.3999938964844,367.29998779296875,659161
2023-10-25,2023-10-25T00:00:00Z,367.0,370.6000061035156,365.3999938964844,369.3999938964844,564778
2023-10-26,2023-10-26T00:00:00Z,364.70001220703125,372.29998779296875,363.79998779296875,371.29998779296875,1072489
2023-10-27,2023-10-27T00:00:00Z,370.70001220703125,371.20001220703125,367.5,369.3999938964844,554557
2023-10-30,2023-10-30T00:00:00Z,369.79998779296875,372.5,368.70001220703125,370.79998779296875,356963
2023-10-31,2023-10-31T00:00:00Z,369.3999938964844,375.70001220703125,369.3999938964844,374.0,438184
2023-11-01,2023-11-01T00:00:00Z,374.0,378.70001220703125,372.20001220703125,376.70001220703125,418743
2023-11-02,2023-11-02T00:00:00Z,377.0,383.20001220703125,377.0,380.79998779296875,575623
2023-11-03,2023-11-03T00:00:00Z,380.79998779296875,382.5,380.29998779296875,381.20001220703125,262111
2023-11-06,2023-11-06T00:00:00Z,379.79998779296875,380.3999938964844,375.5,376.6000061035156,581871
2023-11-07,2023-11-07T00:00:00Z,375.29998779296875,378.79998779296875,374.6000061035156,377.5,585729
2023-11-08,2023-11-08T00:00:00Z,376.1000061035156,381.5,374.0,379.79998779296875,482749
2023-11-09,2023-11-09T00:00:00Z,379.79998779296875,392.79998779296875,379.79998779296875,392.3999938964844,1021064
2023-11-10,2023-11-10T00:00:00Z,390.0,390.29998779296875,386.5,389.0,649260
2023-11-13,2023-11-13T00:00:00Z,390.0,392.0,387.1000061035156,391.29998779296875,368259
2023-11-14,2023-11-14T00:00:00Z,391.29998779296875,398.79998779296875,391.20001220703125,397.20001220703125,911655
2023-11-15,2023-11-15T00:00:00Z,397.6000061035156,400.70001220703125,396.3999938964844,399.0,977668
2023-11-16,2023-11-16T00:00:00Z,399.0,403.79998779296875,399.0,402.3999938964844,987489
2023-11-17,2023-11-17T00:00:00Z,403.29998779296875,403.79998779296875,400.8999938964844,402.0,572425
2023-11-20,2023-11-20T00:00:00Z,402.0,402.8999938964844,397.20001220703125,397.8999938964844,696394
2023-11-21,2023-11-21T00:00:00Z,397.1000061035156,400.5,395.29998779296875,399.20001220703125,948964
2023-11-22,2023-11-22T00:00:00Z,400.6000061035156,404.1000061035156,400.29998779296875,402.8999938964844,852833
2023-11-23,2023-11-23T00:00:00Z,402.20001220703125,405.29998779296875,400.5,402.3999938964844,451666
2023-11-24,2023-11-24T00:00:00Z,403.0,405.5,401.70001220703125,403.6000061035156,468560
2023-11-27,2023-11-27T00:00:00Z,402.79998779296875,404.0,399.6000061035156,401.79998779296875,491810
2023-11-28,2023-11-28T00:00:00Z,401.20001220703125,401.79998779296875,399.5,400.29998779296875,429952
2023-11-29,2023-11-29T00:00:00Z,399.29998779296875,404.8999938964844,399.20001220703125,403.6000061035156,628299
2023-11-30,2023-11-30T00:00:00Z,408.20001220703125,418.5,406.70001220703125,417.1000061035156,1416051
2023-12-01,2023-12-01T00:00:00Z,417.20001220703125,422.8999938964844,417.20001220703125,420.0,712174
2023-12-04,2023-12-04T00:00:00Z,420.0,420.0,414.3999938964844,417.6000061035156,739630
2023-12-05,2023-12-05T00:00:00Z,414.8999938964844,424.5,414.8999938964844,424.20001220703125,551615
2023-12-06,2023-12-06T00:00:00Z,424.8999938964844,426.8999938964844,422.29998779296875,424.20001220703125,628027
2023-12-07,2023-12-07T00:00:00Z,424.0,426.1000061035156,421.3999938964844,421.6000061035156,517397
2023-12-08,2023-12-08T00:00:00Z,422.1000061035156,429.70001220703125,421.6000061035156,428.1000061035156,779917
2023-12-11,2023-12-11T00:00:00Z,431.70001220703125,442.29998779296875,431.1000061035156,442.29998779296875,1469475
2023-12-12,2023-12-12T00:00:00Z,441.5,442.79998779296875,437.8999938964844,440.5,1301672
2023-12-13,2023-12-13T00:00:00Z,441.5,445.6000061035156,441.3999938964844,441.3999938964844,890471
2023-12-14,2023-12-14T00:00:00Z,442.3999938964844,443.79998779296875,437.8999938964844,442.0,1304154
2023-12-15,2023-12-15T00:00:00Z,444.6000061035156,448.0,442.8999938964844,446.79998779296875,909287
2023-12-18,2023-12-18T00:00:00Z,443.6000061035156,445.29998779296875,439.5,441.0,1016405
2023-12-19,2023-12-19T00:00:00Z,441.0,445.5,438.29998779296875,443.20001220703125,588248
2023-12-20,2023-12-20T00:00:00Z,443.29998779296875,444.29998779296875,441.1000061035156,441.6000061035156,859101
2023-12-21,2023-12-21T00:00:00Z,441.0,442.0,437.0,438.79998779296875,457896
2023-12-22,2023-12-22T00:00:00Z,438.79998779296875,439.70001220703125,434.70001220703125,435.8999938964844,397351
2023-12-27,2023-12-27T00:00:00Z,437.0,438.70001220703125,434.79998779296875,438.20001220703125,549757
2023-12-28,2023-12-28T00:00:00Z,440.0,442.3999938964844,440.0,440.5,505576
2023-12-29,2023-12-29T00:00:00Z,441.0,447.29998779296875,441.0,445.29998779296875,687145
2024-01-02,2024-01-02T00:00:00Z,445.29998779296875,450.3999938964844,442.70001220703125,444.70001220703125,500346
2024-01-03,2024-01-03T00:00:00Z,445.3999938964844,446.79998779296875,433.29998779296875,435.6000061035156,606857
2024-01-04,2024-01-04T00:00:00Z,433.0,439.1000061035156,433.0,438.29998779296875,663468
2024-01-05,2024-01-05T00:00:00Z,438.0,438.0,431.20001220703125,431.20001220703125,285116
2024-01-08,2024-01-08T00:00:00Z,431.70001220703125,438.20001220703125,431.3999938964844,438.1000061035156,543500
2024-01-09,2024-01-09T00:00:00Z,438.79998779296875,438.8999938964844,434.20001220703125,435.8999938964844,464230
2024-01-10,2024-01-10T00:00:00Z,437.0,438.0,434.79998779296875,437.0,326912
2024-01-11,2024-01-11T00:00:00Z,438.5,441.0,435.5,436.3999938964844,424158
2024-01-12,2024-01-12T00:00:00Z,437.29998779296875,442.20001220703125,437.0,440.70001220703125,478615
2024-01-15,2024-01-15T00:00:00Z,440.3999938964844,440.79998779296875,437.70001220703125,438.8999938964844,397742
2024-01-16,2024-01-16T00:00:00Z,438.70001220703125,441.0,435.5,438.8999938964844,337451
2024-01-17,2024-01-17T00:00:00Z,435.0,437.0,433.70001220703125,435.8999938964844,506563
2024-01-18,2024-01-18T00:00:00Z,436.70001220703125,442.0,434.6000061035156,441.5,511700
2024-01-19,2024-01-19T00:00:00Z,432.70001220703125,438.0,423.8999938964844,424.0,1934048
2024-01-22,2024-01-22T00:00:00Z,428.79998779296875,436.20001220703125,428.6000061035156,434.8999938964844,872214
2024-01-23,2024-01-23T00:00:00Z,439.0,439.1000061035156,432.5,433.1000061035156,453200
2024-01-24,2024-01-24T00:00:00Z,437.3999938964844,439.1000061035156,433.29998779296875,437.1000061035156,348934
2024-01-25,2024-01-25T00:00:00Z,436.70001220703125,441.0,435.5,439.6000061035156,502191
2024-01-26,2024-01-26T00:00:00Z,439.6000061035156,444.1000061035156,436.79998779296875,443.79998779296875,300463
2024-01-29,2024-01-29T00:00:00Z,442.70001220703125,449.20001220703125,442.29998779296875,448.1000061035156,498146
2024-01-30,2024-01-30T00:00:00Z,448.8999938964844,451.3999938964844,447.70001220703125,450.20001220703125,373602
2024-01-31,2024-01-31T00:00:00Z,451.0,453.79998779296875,441.5,441.79998779296875,914357
2024-02-01,2024-02-01T00:00:00Z,441.79998779296875,456.70001220703125,439.79998779296875,451.5,1194112
2024-02-02,2024-02-02T00:00:00Z,456.29998779296875,459.5,451.0,457.29998779296875,557795
2024-02-05,2024-02-05T00:00:00Z,457.29998779296875,457.29998779296875,451.3999938964844,453.0,615920
2024-02-06,2024-02-06T00:00:00Z,456.1000061035156,459.1000061035156,451.8999938964844,455.3999938964844,437560
2024-02-07,2024-02-07T00:00:00Z,455.3999938964844,456.8999938964844,452.29998779296875,454.70001220703125,473033
2024-02-08,2024-02-08T00:00:00Z,455.70001220703125,458.79998779296875,453.79998779296875,457.0,383975
2024-02-09,2024-02-09T00:00:00Z,456.70001220703125,458.29998779296875,455.0,456.0,386311
2024-02-12,2024-02-12T00:00:00Z,458.29998779296875,460.0,456.0,457.70001220703125,374084
2024-02-13,2024-02-13T00:00:00Z,457.0,457.0,450.29998779296875,454.20001220703125,512060
2024-02-14,2024-02-14T00:00:00Z,454.5,464.79998779296875,454.5,463.1000061035156,383492
2024-02-15,2024-02-15T00:00:00Z,465.20001220703125,470.20001220703125,465.20001220703125,468.70001220703125,685141
2024-02-16,2024-02-16T00:00:00Z,468.1000061035156,475.6000061035156,467.70001220703125,475.20001220703125,596219
2024-02-19,2024-02-19T00:00:00Z,471.1000061035156,473.6000061035156,467.79998779296875,473.20001220703125,450818
2024-02-20,2024-02-20T00:00:00Z,471.3999938964844,473.20001220703125,469.79998779296875,472.29998779296875,285881
2024-02-21,2024-02-21T00:00:00Z,470.29998779296875,473.8999938964844,469.6000061035156,473.8999938964844,328753
2024-02-22,2024-02-22T00:00:00Z,474.0,478.70001220703125,474.0,477.5,472509
2024-02-23,2024-02-23T00:00:00Z,469.0,476.1000061035156,460.3999938964844,473.29998779296875,924700
2024-02-26,2024-02-26T00:00:00Z,473.20001220703125,473.79998779296875,468.5,472.6000061035156,400684
2024-02-27,2024-02-27T00:00:00Z,472.79998779296875,472.8999938964844,468.70001220703125,471.6000061035156,392265
2024-02-28,2024-02-28T00:00:00Z,471.6000061035156,474.6000061035156,471.0,474.1000061035156,679461
2024-02-29,2024-02-29T00:00:00Z,474.1000061035156,478.6000061035156,473.5,478.6000061035156,563607
2024-03-01,2024-03-01T00:00:00Z,478.6000061035156,481.20001220703125,473.70001220703125,475.1000061035156,377834
2024-03-04,2024-03-04T00:00:00Z,475.0,477.70001220703125,474.3999938964844,477.29998779296875,465195
2024-03-05,2024-03-05T00:00:00Z,477.29998779296875,479.79998779296875,472.29998779296875,473.6000061035156,645389
2024-03-06,2024-03-06T00:00:00Z,474.29998779296875,474.3999938964844,471.3999938964844,473.79998779296875,740636
2024-03-07,2024-03-07T00:00:00Z,473.79998779296875,477.29998779296875,471.70001220703125,475.6000061035156,606279
2024-03-08,2024-03-08T00:00:00Z,475.6000061035156,478.1000061035156,475.6000061035156,477.29998779296875,546728
2024-03-11,2024-03-11T00:00:00Z,476.1000061035156,477.79998779296875,470.6000061035156,477.79998779296875,550506
2024-03-12,2024-03-12T00:00:00Z,478.6000061035156,484.3999938964844,474.3999938964844,484.3999938964844,941635
2024-03-13,2024-03-13T00:00:00Z,485.0,490.3999938964844,484.29998779296875,490.1000061035156,541714
2024-03-14,2024-03-14T00:00:00Z,490.20001220703125,497.70001220703125,490.20001220703125,494.8999938964844,508679
2024-03-15,2024-03-15T00:00:00Z,496.5,497.20001220703125,490.29998779296875,497.20001220703125,888041
2024-03-18,2024-03-18T00:00:00Z,497.20001220703125,499.0,494.70001220703125,498.79998779296875,514794
2024-03-19,2024-03-19T00:00:00Z,495.79998779296875,502.20001220703125,488.3999938964844,492.5,731499
2024-03-20,2024-03-20T00:00:00Z,491.8999938964844,501.3999938964844,491.8999938964844,497.3999938964844,801720
2024-03-21,2024-03-21T00:00:00Z,498.29998779296875,502.6000061035156,494.20001220703125,499.70001220703125,794711
2024-03-22,2024-03-22T00:00:00Z,498.8999938964844,503.6000061035156,495.5,503.6000061035156,546497
2024-03-25,2024-03-25T00:00:00Z,494.20001220703125,497.1000061035156,490.0,491.3999938964844,518135
2024-03-26,2024-03-26T00:00:00Z,491.3999938964844,495.70001220703125,490.79998779296875,495.0,350440
2024-03-27,2024-03-27T00:00:00Z,494.3999938964844,497.29998779296875,485.3999938964844,493.8999938964844,891896
2024-03-28,2024-03-28T00:00:00Z,495.0,497.70001220703125,494.20001220703125,494.6000061035156,281899
2024-04-02,2024-04-02T00:00:00Z,495.5,503.0,491.5,492.29998779296875,773016
2024-04-03,2024-04-03T00:00:00Z,493.0,495.3999938964844,491.6000061035156,494.1000061035156,352505
2024-04-04,2024-04-04T00:00:00Z,493.1000061035156,494.6000061035156,489.79998779296875,494.6000061035156,434937
2024-04-05,2024-04-05T00:00:00Z,492.6000061035156,493.6000061035156,486.6000061035156,493.3999938964844,580917
2024-04-08,2024-04-08T00:00:00Z,493.0,494.8999938964844,490.0,491.29998779296875,402900
2024-04-09,2024-04-09T00:00:00Z,491.0,493.8999938964844,487.79998779296875,490.20001220703125,510102
2024-04-10,2024-04-10T00:00:00Z,491.0,497.79998779296875,489.5,497.3999938964844,557965
2024-04-11,2024-04-11T00:00:00Z,497.3999938964844,499.5,490.6000061035156,497.6000061035156,856999
2024-04-12,2024-04-12T00:00:00Z,501.6000061035156,504.79998779296875,498.3999938964844,500.20001220703125,611643
2024-04-15,2024-04-15T00:00:00Z,497.5,507.79998779296875,496.3999938964844,502.0,462180
2024-04-16,2024-04-16T00:00:00Z,497.70001220703125,500.20001220703125,492.8999938964844,496.3999938964844,614946
2024-04-17,2024-04-17T00:00:00Z,496.3999938964844,505.79998779296875,496.3999938964844,501.79998779296875,601954
2024-04-18,2024-04-18T00:00:00Z,519.4000244140625,532.7999877929688,519.4000244140625,532.0,1864245
2024-04-19,2024-04-19T00:00:00Z,530.2000122070312,536.7999877929688,525.2000122070312,535.7999877929688,1109518
2024-04-22,2024-04-22T00:00:00Z,538.4000244140625,539.0,525.7999877929688,528.5999755859375,676555
2024-04-23,2024-04-23T00:00:00Z,530.0,531.5999755859375,525.2000122070312,528.7999877929688,594458
2024-04-24,2024-04-24T00:00:00Z,528.7999877929688,536.4000244140625,528.7999877929688,532.0,523975
2024-04-25,2024-04-25T00:00:00Z,531.4000244140625,532.5999755859375,526.5999755859375,532.2000122070312,533685
2024-04-26,2024-04-26T00:00:00Z,533.4000244140625,539.7999877929688,530.2000122070312,539.4000244140625,370015
2024-04-29,2024-04-29T00:00:00Z,539.5999755859375,544.0,538.7999877929688,543.4000244140625,420483
2024-04-30,2024-04-30T00:00:00Z,545.0,546.2000122070312,536.0,544.2000122070312,277918
2024-05-02,2024-05-02T00:00:00Z,539.5999755859375,541.0,534.2000122070312,537.7999877929688,658732
2024-05-03,2024-05-03T00:00:00Z,537.7999877929688,539.5999755859375,532.4000244140625,537.7999877929688,370048
2024-05-06,2024-05-06T00:00:00Z,540.0,542.0,538.4000244140625,542.0,411574
2024-05-07,2024-05-07T00:00:00Z,543.2000122070312,547.0,538.2000122070312,547.0,496930
2024-05-08,2024-05-08T00:00:00Z,551.7999877929688,557.5999755859375,550.7999877929688,556.0,332753
2024-05-10,2024-05-10T00:00:00Z,561.4000244140625,565.7999877929688,558.4000244140625,562.7999877929688,506181
2024-05-13,2024-05-13T00:00:00Z,562.5999755859375,569.4000244140625,562.0,569.4000244140625,522426
2024-05-14,2024-05-14T00:00:00Z,569.4000244140625,572.4000244140625,563.4000244140625,568.5999755859375,804575
2024-05-15,2024-05-15T00:00:00Z,570.0,572.2000122070312,566.5999755859375,570.5999755859375,663293
2024-05-16,2024-05-16T00:00:00Z,572.0,572.2000122070312,562.5999755859375,563.4000244140625,627126
2024-05-17,2024-05-17T00:00:00Z,562.4000244140625,563.4000244140625,555.2000122070312,558.4000244140625,451214
2024-05-20,2024-05-20T00:00:00Z,558.4000244140625,562.0,557.4000244140625,559.4000244140625,275616
2024-05-21,2024-05-21T00:00:00Z,559.4000244140625,567.7999877929688,558.7999877929688,567.4000244140625,421076
2024-05-22,2024-05-22T00:00:00Z,567.4000244140625,569.0,561.0,563.7999877929688,374810
2024-05-23,2024-05-23T00:00:00Z,563.0,575.2000122070312,563.0,575.0,559120
2024-05-24,2024-05-24T00:00:00Z,572.7999877929688,574.7999877929688,570.2000122070312,573.4000244140625,582683
2024-05-27,2024-05-27T00:00:00Z,573.5999755859375,578.2000122070312,572.7999877929688,578.2000122070312,318757
2024-05-28,2024-05-28T00:00:00Z,578.0,579.2000122070312,569.4000244140625,573.7999877929688,406217
2024-05-29,2024-05-29T00:00:00Z,572.7999877929688,578.5999755859375,572.2000122070312,575.2000122070312,705767
2024-05-30,2024-05-30T00:00:00Z,575.0,579.5999755859375,574.0,577.7999877929688,639295
2024-05-31,2024-05-31T00:00:00Z,577.7999877929688,578.7999877929688,573.2000122070312,575.5999755859375,764052
2024-06-03,2024-06-03T00:00:00Z,575.5999755859375,583.5999755859375,573.2000122070312,577.4000244140625,1062439
2024-06-04,2024-06-04T00:00:00Z,577.5999755859375,580.7999877929688,569.0,577.0,856629
2024-06-05,2024-06-05T00:00:00Z,577.5999755859375,584.4000244140625,576.4000244140625,584.4000244140625,458966
2024-06-07,2024-06-07T00:00:00Z,589.0,593.2000122070312,581.0,591.5999755859375,910289
2024-06-10,2024-06-10T00:00:00Z,589.2000122070312,593.5999755859375,586.2000122070312,588.5999755859375,821584
2024-06-11,2024-06-11T00:00:00Z,588.5999755859375,591.2000122070312,581.4000244140625,584.5999755859375,654306
2024-06-12,2024-06-12T00:00:00Z,587.7999877929688,596.7999877929688,586.7999877929688,596.0,589804
2024-06-13,2024-06-13T00:00:00Z,596.0,600.4000244140625,590.2000122070312,593.0,1163746
2024-06-14,2024-06-14T00:00:00Z,593.7999877929688,595.5999755859375,584.5999755859375,589.7999877929688,609515
2024-06-17,2024-06-17T00:00:00Z,592.4000244140625,596.4000244140625,591.4000244140625,593.0,691817
2024-06-18,2024-06-18T00:00:00Z,596.0,604.4000244140625,596.0,603.5999755859375,708351
2024-06-19,2024-06-19T00:00:00Z,605.4000244140625,606.2000122070312,597.5999755859375,599.0,468180
2024-06-20,2024-06-20T00:00:00Z,599.7999877929688,602.7999877929688,596.2000122070312,600.7999877929688,950145
2024-06-24,2024-06-24T00:00:00Z,585.2000122070312,592.2000122070312,582.4000244140625,587.7999877929688,1042798
2024-06-25,2024-06-25T00:00:00Z,583.0,584.5999755859375,579.5999755859375,583.2000122070312,606944
2024-06-26,2024-06-26T00:00:00Z,588.5999755859375,589.7999877929688,582.7999877929688,584.0,675272
2024-06-27,2024-06-27T00:00:00Z,589.0,592.5999755859375,587.2000122070312,590.2000122070312,619058
2024-06-28,2024-06-28T00:00:00Z,593.0,595.4000244140625,584.0,588.0,453193
2024-07-01,2024-07-01T00:00:00Z,591.2000122070312,593.0,586.5999755859375,592.5999755859375,393687
2024-07-02,2024-07-02T00:00:00Z,590.2000122070312,590.2000122070312,580.4000244140625,584.7999877929688,368470
2024-07-03,2024-07-03T00:00:00Z,586.5999755859375,589.7999877929688,584.5999755859375,585.2000122070312,621885
2024-07-04,2024-07-04T00:00:00Z,586.5999755859375,591.5999755859375,585.0,590.0,286752
2024-07-05,2024-07-05T00:00:00Z,591.0,593.0,581.4000244140625,581.4000244140625,396563
2024-07-08,2024-07-08T00:00:00Z,583.4000244140625,591.5999755859375,582.4000244140625,589.7999877929688,439030
2024-07-09,2024-07-09T00:00:00Z,588.4000244140625,594.4000244140625,583.5999755859375,588.4000244140625,450419
2024-07-10,2024-07-10T00:00:00Z,589.4000244140625,591.0,584.4000244140625,590.7999877929688,639430
2024-07-11,2024-07-11T00:00:00Z,592.7999877929688,596.0,590.4000244140625,595.7999877929688,693222
2024-07-12,2024-07-12T00:00:00Z,596.0,611.7999877929688,595.4000244140625,610.5999755859375,859834
2024-07-15,2024-07-15T00:00:00Z,610.5999755859375,619.2000122070312,610.4000244140625,611.2000122070312,473848
2024-07-16,2024-07-16T00:00:00Z,610.2000122070312,614.4000244140625,607.2000122070312,613.7999877929688,274993
2024-07-17,2024-07-17T00:00:00Z,610.0,612.2000122070312,604.5999755859375,609.5999755859375,683586
2024-07-18,2024-07-18T00:00:00Z,581.4000244140625,583.7999877929688,568.0,578.0,1528306
2024-07-19,2024-07-19T00:00:00Z,578.0,585.5999755859375,575.2000122070312,579.7999877929688,609491
2024-07-22,2024-07-22T00:00:00Z,582.0,590.7999877929688,579.7999877929688,586.2000122070312,576178
2024-07-23,2024-07-23T00:00:00Z,591.2000122070312,597.4000244140625,589.7999877929688,596.4000244140625,345080
2024-07-24,2024-07-24T00:00:00Z,594.0,601.2000122070312,587.0,587.5999755859375,322401
2024-07-25,2024-07-25T00:00:00Z,581.0,584.5999755859375,569.5999755859375,579.2000122070312,536010
2024-07-26,2024-07-26T00:00:00Z,579.2000122070312,591.0,579.0,589.7999877929688,299821
2024-07-29,2024-07-29T00:00:00Z,592.5999755859375,593.7999877929688,583.2000122070312,583.4000244140625,369704
2024-07-30,2024-07-30T00:00:00Z,585.4000244140625,589.2000122070312,583.2000122070312,586.5999755859375,464242
2024-07-31,2024-07-31T00:00:00Z,590.2000122070312,595.2000122070312,588.5999755859375,594.7999877929688,327142
2024-08-01,2024-08-01T00:00:00Z,595.0,595.0,574.4000244140625,575.0,410310
2024-08-02,2024-08-02T00:00:00Z,577.4000244140625,577.4000244140625,545.4000244140625,547.7999877929688,991005
2024-08-05,2024-08-05T00:00:00Z,532.2000122070312,544.4000244140625,510.3999938964844,540.5999755859375,2316320
2024-08-06,2024-08-06T00:00:00Z,546.5999755859375,547.7999877929688,534.5999755859375,537.5999755859375,790568
2024-08-07,2024-08-07T00:00:00Z,540.5999755859375,545.5999755859375,537.7999877929688,544.0,578861
2024-08-08,2024-08-08T00:00:00Z,538.4000244140625,553.4000244140625,536.0,549.7999877929688,432166
2024-08-09,2024-08-09T00:00:00Z,550.0,555.5999755859375,548.5999755859375,550.4000244140625,322639
2024-08-12,2024-08-12T00:00:00Z,552.5999755859375,554.5999755859375,550.2000122070312,553.0,218796
2024-08-13,2024-08-13T00:00:00Z,554.0,558.0,552.5999755859375,557.5999755859375,567652
2024-08-14,2024-08-14T00:00:00Z,560.0,562.5999755859375,558.0,561.4000244140625,270272
2024-08-15,2024-08-15T00:00:00Z,565.4000244140625,570.4000244140625,561.2000122070312,570.2000122070312,397068
2024-08-16,2024-08-16T00:00:00Z,572.5999755859375,574.2000122070312,569.7999877929688,571.7999877929688,554750
2024-08-19,2024-08-19T00:00:00Z,570.5999755859375,574.7999877929688,569.4000244140625,573.2000122070312,292028
2024-08-20,2024-08-20T00:00:00Z,574.0,578.5999755859375,571.0,573.0,267261
2024-08-21,2024-08-21T00:00:00Z,573.0,575.2000122070312,571.5999755859375,572.7999877929688,296927
2024-08-22,2024-08-22T00:00:00Z,573.0,578.4000244140625,573.0,577.2000122070312,240291
2024-08-23,2024-08-23T00:00:00Z,575.7999877929688,580.2000122070312,573.7999877929688,574.2000122070312,524612
2024-08-26,2024-08-26T00:00:00Z,576.4000244140625,581.2000122070312,575.4000244140625,578.0,464672
2024-08-27,2024-08-27T00:00:00Z,576.5999755859375,578.0,570.7999877929688,577.4000244140625,504385
2024-08-28,2024-08-28T00:00:00Z,578.4000244140625,583.7999877929688,574.7999877929688,579.7999877929688,496331
2024-08-29,2024-08-29T00:00:00Z,580.0,588.0,578.5999755859375,584.0,483770
2024-08-30,2024-08-30T00:00:00Z,583.0,588.7999877929688,581.2000122070312,587.2000122070312,474467
2024-09-02,2024-09-02T00:00:00Z,587.4000244140625,590.4000244140625,579.0,590.4000244140625,483618
2024-09-03,2024-09-03T00:00:00Z,590.4000244140625,594.0,581.7999877929688,584.5999755859375,534650
2024-09-04,2024-09-04T00:00:00Z,562.5999755859375,574.7999877929688,559.0,572.7999877929688,829384
2024-09-05,2024-09-05T00:00:00Z,570.5999755859375,574.4000244140625,561.2000122070312,561.2000122070312,635328
2024-09-06,2024-09-06T00:00:00Z,559.2000122070312,562.5999755859375,550.7999877929688,551.4000244140625,418369
2024-09-09,2024-09-09T00:00:00Z,554.5999755859375,566.5999755859375,554.2000122070312,563.7999877929688,400844
2024-09-10,2024-09-10T00:00:00Z,562.7999877929688,568.7999877929688,561.7999877929688,565.2000122070312,562133
2024-09-11,2024-09-11T00:00:00Z,566.0,568.4000244140625,560.4000244140625,562.2000122070312,404249
2024-09-12,2024-09-12T00:00:00Z,569.7999877929688,574.5999755859375,561.0,567.2000122070312,559811
2024-09-13,2024-09-13T00:00:00Z,567.2000122070312,570.2000122070312,565.4000244140625,566.2000122070312,444840
2024-09-16,2024-09-16T00:00:00Z,563.4000244140625,568.5999755859375,562.0,566.7999877929688,255393
2024-09-17,2024-09-17T00:00:00Z,568.0,578.4000244140625,567.4000244140625,575.5999755859375,522316
2024-09-18,2024-09-18T00:00:00Z,575.7999877929688,576.2000122070312,571.4000244140625,573.5999755859375,362309
2024-09-19,2024-09-19T00:00:00Z,577.0,586.5999755859375,574.0,583.5999755859375,560781
2024-09-20,2024-09-20T00:00:00Z,581.2000122070312,587.4000244140625,575.2000122070312,577.0,574785
2024-09-23,2024-09-23T00:00:00Z,577.0,583.4000244140625,575.2000122070312,578.2000122070312,383899
2024-09-24,2024-09-24T00:00:00Z,583.4000244140625,586.5999755859375,572.5999755859375,580.5999755859375,651666
2024-09-25,2024-09-25T00:00:00Z,580.0,594.7999877929688,578.5999755859375,594.7999877929688,422679
2024-09-26,2024-09-26T00:00:00Z,599.4000244140625,603.4000244140625,594.0,599.0,478608
2024-09-27,2024-09-27T00:00:00Z,600.0,601.4000244140625,590.4000244140625,591.2000122070312,530315
2024-09-30,2024-09-30T00:00:00Z,588.7999877929688,590.4000244140625,581.4000244140625,585.4000244140625,413751
2024-10-01,2024-10-01T00:00:00Z,588.5999755859375,602.0,588.5999755859375,595.0,712772
2024-10-02,2024-10-02T00:00:00Z,598.0,601.5999755859375,592.0,596.4000244140625,474026
2024-10-03,2024-10-03T00:00:00Z,595.2000122070312,596.4000244140625,589.5999755859375,591.7999877929688,307424
2024-10-04,2024-10-04T00:00:00Z,590.0,597.4000244140625,584.0,593.7999877929688,375034
2024-10-07,2024-10-07T00:00:00Z,595.0,596.4000244140625,587.0,592.0,321809
2024-10-08,2024-10-08T00:00:00Z,590.7999877929688,599.4000244140625,589.5999755859375,597.5999755859375,469199
2024-10-09,2024-10-09T00:00:00Z,596.5999755859375,603.7999877929688,595.0,603.0,409270
2024-10-10,2024-10-10T00:00:00Z,602.2000122070312,603.0,593.4000244140625,598.2000122070312,499049
2024-10-11,2024-10-11T00:00:00Z,597.7999877929688,604.2000122070312,596.5999755859375,602.2000122070312,395716
2024-10-14,2024-10-14T00:00:00Z,604.0,610.7999877929688,603.5999755859375,609.0,530129
2024-10-15,2024-10-15T00:00:00Z,613.5999755859375,616.5999755859375,594.5999755859375,597.2000122070312,627581
2024-10-16,2024-10-16T00:00:00Z,594.0,597.4000244140625,590.0,597.2000122070312,502827
2024-10-17,2024-10-17T00:00:00Z,586.0,621.4000244140625,585.0,611.5999755859375,1125216
2024-10-18,2024-10-18T00:00:00Z,606.7999877929688,610.0,599.5999755859375,602.7999877929688,551674
2024-10-21,2024-10-21T00:00:00Z,602.7999877929688,604.2000122070312,597.4000244140625,598.0,412325
2024-10-22,2024-10-22T00:00:00Z,596.5999755859375,598.5999755859375,589.5999755859375,597.7999877929688,444172
2024-10-23,2024-10-23T00:00:00Z,596.4000244140625,598.5999755859375,589.0,590.4000244140625,632871
2024-10-24,2024-10-24T00:00:00Z,592.2000122070312,595.2000122070312,589.2000122070312,591.2000122070312,877954
2024-10-25,2024-10-25T00:00:00Z,589.4000244140625,596.7999877929688,589.4000244140625,594.7999877929688,495978
2024-10-28,2024-10-28T00:00:00Z,595.5999755859375,603.7999877929688,594.0,603.2000122070312,721229
2024-10-29,2024-10-29T00:00:00Z,603.0,603.4000244140625,596.2000122070312,598.4000244140625,783174
2024-10-30,2024-10-30T00:00:00Z,597.5999755859375,600.5999755859375,593.0,598.4000244140625,1082360
2024-10-31,2024-10-31T00:00:00Z,592.5999755859375,595.5999755859375,589.2000122070312,593.0,840683
2024-11-01,2024-11-01T00:00:00Z,593.7999877929688,597.4000244140625,592.5999755859375,596.7999877929688,126549
2024-11-04,2024-11-04T00:00:00Z,596.0,600.7999877929688,595.2000122070312,598.2000122070312,713805
2024-11-05,2024-11-05T00:00:00Z,598.0,612.5999755859375,595.0,611.7999877929688,414044
2024-11-06,2024-11-06T00:00:00Z,626.4000244140625,639.4000244140625,620.2000122070312,620.4000244140625,1184457
2024-11-07,2024-11-07T00:00:00Z,620.4000244140625,623.0,610.5999755859375,616.2000122070312,776564
2024-11-08,2024-11-08T00:00:00Z,617.4000244140625,621.7999877929688,610.5999755859375,618.5999755859375,537991
2024-11-11,2024-11-11T00:00:00Z,621.5999755859375,629.7999877929688,621.5999755859375,625.7999877929688,268292
2024-11-12,2024-11-12T00:00:00Z,620.7999877929688,624.7999877929688,610.2000122070312,611.5999755859375,799066
2024-11-13,2024-11-13T00:00:00Z,610.2000122070312,616.7999877929688,608.2000122070312,616.7999877929688,551357
2024-11-14,2024-11-14T00:00:00Z,617.0,624.4000244140625,616.0,619.5999755859375,614507
2024-11-15,2024-11-15T00:00:00Z,615.2000122070312,621.2000122070312,614.4000244140625,615.0,852702
2024-11-18,2024-11-18T00:00:00Z,614.5999755859375,616.5999755859375,606.4000244140625,609.0,305915
2024-11-19,2024-11-19T00:00:00Z,609.5999755859375,611.0,596.7999877929688,606.7999877929688,753305
2024-11-20,2024-11-20T00:00:00Z,611.4000244140625,616.5999755859375,610.4000244140625,611.0,557541
2024-11-21,2024-11-21T00:00:00Z,611.0,618.5999755859375,607.4000244140625,618.5999755859375,337359
2024-11-22,2024-11-22T00:00:00Z,619.0,625.5999755859375,616.4000244140625,621.4000244140625,582139
2024-11-25,2024-11-25T00:00:00Z,622.4000244140625,624.5999755859375,614.0,617.5999755859375,1004729
2024-11-26,2024-11-26T00:00:00Z,614.0,615.4000244140625,609.7999877929688,612.4000244140625,596981
2024-11-27,2024-11-27T00:00:00Z,612.2000122070312,612.2000122070312,604.7999877929688,606.0,920693
2024-11-28,2024-11-28T00:00:00Z,607.4000244140625,614.0,607.4000244140625,611.2000122070312,211291
2024-11-29,2024-11-29T00:00:00Z,614.0,623.0,613.4000244140625,619.5999755859375,994296
2024-12-02,2024-12-02T00:00:00Z,620.0,635.4000244140625,620.0,632.7999877929688,609648
2024-12-03,2024-12-03T00:00:00Z,632.7999877929688,639.2000122070312,630.7999877929688,637.0,722959
2024-12-04,2024-12-04T00:00:00Z,638.4000244140625,646.0,638.2000122070312,644.2000122070312,410346
2024-12-05,2024-12-05T00:00:00Z,642.7999877929688,645.0,639.0,642.5999755859375,439205
2024-12-06,2024-12-06T00:00:00Z,640.2000122070312,648.5999755859375,637.7999877929688,647.0,749490
2024-12-09,2024-12-09T00:00:00Z,650.0,652.0,643.2000122070312,646.7999877929688,439766
2024-12-10,2024-12-10T00:00:00Z,644.0,646.7999877929688,638.0,638.0,349820
2024-12-11,2024-12-11T00:00:00Z,638.0,645.4000244140625,636.4000244140625,645.2000122070312,258029
2024-12-12,2024-12-12T00:00:00Z,645.0,647.4000244140625,639.7999877929688,641.2000122070312,510437
2024-12-13,2024-12-13T00:00:00Z,638.2000122070312,641.7999877929688,632.7999877929688,634.0,394949
2024-12-16,2024-12-16T00:00:00Z,634.4000244140625,637.2000122070312,631.2000122070312,634.4000244140625,765078
2024-12-17,2024-12-17T00:00:00Z,632.4000244140625,636.2000122070312,630.2000122070312,634.5999755859375,351985
2024-12-18,2024-12-18T00:00:00Z,634.0,640.7999877929688,631.2000122070312,631.5999755859375,306803
2024-12-19,2024-12-19T00:00:00Z,615.4000244140625,616.4000244140625,597.4000244140625,598.2000122070312,1059520
2024-12-20,2024-12-20T00:00:00Z,595.0,603.7999877929688,589.0,603.5999755859375,1008223
2024-12-23,2024-12-23T00:00:00Z,602.5999755859375,607.5999755859375,601.0,604.0,384261
2024-12-27,2024-12-27T00:00:00Z,604.2000122070312,607.7999877929688,602.0,604.5999755859375,364500
2024-12-30,2024-12-30T00:00:00Z,602.7999877929688,602.7999877929688,594.0,595.4000244140625,515652
2025-01-02,2025-01-02T00:00:00Z,595.4000244140625,597.5999755859375,584.2000122070312,593.2000122070312,570993
2025-01-03,2025-01-03T00:00:00Z,601.7999877929688,605.0,597.7999877929688,600.4000244140625,324246
2025-01-07,2025-01-07T00:00:00Z,602.2000122070312,606.2000122070312,596.5999755859375,603.5999755859375,973222
2025-01-08,2025-01-08T00:00:00Z,604.2000122070312,618.5999755859375,603.5999755859375,611.0,582609
2025-01-09,2025-01-09T00:00:00Z,609.2000122070312,614.5999755859375,607.2000122070312,610.5999755859375,487728
2025-01-10,2025-01-10T00:00:00Z,609.2000122070312,610.0,600.7999877929688,602.5999755859375,976897
2025-01-13,2025-01-13T00:00:00Z,599.7999877929688,601.0,594.2000122070312,597.0,421895
2025-01-14,2025-01-14T00:00:00Z,601.0,604.5999755859375,597.0,597.7999877929688,869829
2025-01-15,2025-01-15T00:00:00Z,597.5999755859375,607.4000244140625,596.4000244140625,606.2000122070312,661558
2025-01-16,2025-01-16T00:00:00Z,609.4000244140625,609.7999877929688,601.0,606.5999755859375,525305
2025-01-17,2025-01-17T00:00:00Z,609.0,620.4000244140625,609.0,617.7999877929688,1153428
2025-01-20,2025-01-20T00:00:00Z,617.7999877929688,622.5999755859375,617.0,617.0,545831
2025-01-21,2025-01-21T00:00:00Z,617.0,626.5999755859375,617.0,626.0,698029
2025-01-22,2025-01-22T00:00:00Z,627.2000122070312,650.2000122070312,627.2000122070312,650.2000122070312,950749
2025-01-23,2025-01-23T00:00:00Z,649.0,652.0,645.2000122070312,649.4000244140625,457450
2025-01-24,2025-01-24T00:00:00Z,649.5999755859375,652.5999755859375,648.0,650.5999755859375,400196
2025-01-27,2025-01-27T00:00:00Z,635.7999877929688,636.7999877929688,604.4000244140625,619.0,1110703
2025-01-28,2025-01-28T00:00:00Z,623.0,624.5999755859375,606.7999877929688,608.5999755859375,1012506
2025-01-29,2025-01-29T00:00:00Z,619.2000122070312,626.7999877929688,618.2000122070312,618.7999877929688,683545
2025-01-30,2025-01-30T00:00:00Z,628.4000244140625,642.5999755859375,603.4000244140625,606.5999755859375,1483530
2025-01-31,2025-01-31T00:00:00Z,608.7999877929688,614.5999755859375,602.7999877929688,607.2000122070312,702749
2025-02-03,2025-02-03T00:00:00Z,589.0,598.7999877929688,587.4000244140625,596.5999755859375,636578
2025-02-04,2025-02-04T00:00:00Z,595.0,601.2000122070312,589.0,597.2000122070312,701575
2025-02-05,2025-02-05T00:00:00Z,595.0,595.0,587.7999877929688,591.4000244140625,512311
2025-02-06,2025-02-06T00:00:00Z,592.0,598.4000244140625,591.0,596.0,442313
2025-02-07,2025-02-07T00:00:00Z,596.5999755859375,601.7999877929688,596.4000244140625,597.0,734403
2025-02-10,2025-02-10T00:00:00Z,597.0,601.7999877929688,593.4000244140625,599.5999755859375,680321
2025-02-11,2025-02-11T00:00:00Z,600.0,606.2000122070312,599.5999755859375,601.7999877929688,318689
2025-02-12,2025-02-12T00:00:00Z,602.2000122070312,619.0,595.7999877929688,602.4000244140625,636580
2025-02-13,2025-02-13T00:00:00Z,607.7999877929688,612.2000122070312,602.0,611.0,747466
2025-02-14,2025-02-14T00:00:00Z,607.7999877929688,613.7999877929688,606.0,608.5999755859375,487537
2025-02-17,2025-02-17T00:00:00Z,610.7999877929688,617.4000244140625,609.4000244140625,617.4000244140625,314393
2025-02-18,2025-02-18T00:00:00Z,616.5999755859375,628.2000122070312,614.0,628.2000122070312,485694
2025-02-19,2025-02-19T00:00:00Z,627.5999755859375,629.0,616.7999877929688,618.0,451516
2025-02-20,2025-02-20T00:00:00Z,622.2000122070312,631.4000244140625,619.2000122070312,620.4000244140625,478861
2025-02-21,2025-02-21T00:00:00Z,625.4000244140625,625.7999877929688,616.7999877929688,618.4000244140625,823201
2025-02-24,2025-02-24T00:00:00Z,615.7999877929688,615.7999877929688,588.7999877929688,591.4000244140625,949000
2025-02-25,2025-02-25T00:00:00Z,587.0,591.0,578.7999877929688,582.5999755859375,846272
2025-02-26,2025-02-26T00:00:00Z,588.5999755859375,594.5999755859375,587.2000122070312,588.7999877929688,722980
2025-02-27,2025-02-27T00:00:00Z,589.2000122070312,589.7999877929688,578.5999755859375,585.0,867469
2025-02-28,2025-02-28T00:00:00Z,575.0,580.2000122070312,573.5999755859375,574.4000244140625,1573124
2025-03-03,2025-03-03T00:00:00Z,576.7999877929688,586.5999755859375,572.4000244140625,573.4000244140625,1155736
2025-03-04,2025-03-04T00:00:00Z,562.5999755859375,568.0,552.0,555.0,1187948
2025-03-05,2025-03-05T00:00:00Z,565.5999755859375,573.7999877929688,559.2000122070312,560.5999755859375,1480833
2025-03-06,2025-03-06T00:00:00Z,561.2000122070312,564.4000244140625,548.4000244140625,561.7999877929688,1104431
2025-03-07,2025-03-07T00:00:00Z,558.2000122070312,569.5999755859375,554.4000244140625,565.7999877929688,945489
2025-03-10,2025-03-10T00:00:00Z,568.2000122070312,568.2000122070312,549.0,552.5999755859375,686365
2025-03-11,2025-03-11T00:00:00Z,558.0,562.4000244140625,553.4000244140625,557.7999877929688,1180388
2025-03-12,2025-03-12T00:00:00Z,563.4000244140625,569.5999755859375,559.7999877929688,562.4000244140625,720663
2025-03-13,2025-03-13T00:00:00Z,562.5999755859375,565.4000244140625,551.2000122070312,555.4000244140625,849401
2025-03-14,2025-03-14T00:00:00Z,556.5999755859375,564.7999877929688,553.0,561.2000122070312,464333
2025-03-17,2025-03-17T00:00:00Z,563.0,568.0,558.0,566.0,738464
2025-03-18,2025-03-18T00:00:00Z,567.7999877929688,573.2000122070312,564.5999755859375,567.7999877929688,561236
2025-03-19,2025-03-19T00:00:00Z,568.4000244140625,590.4000244140625,567.2000122070312,586.4000244140625,843869
2025-03-20,2025-03-20T00:00:00Z,586.5999755859375,592.0,581.5999755859375,585.4000244140625,494243
2025-03-21,2025-03-21T00:00:00Z,578.2000122070312,580.4000244140625,572.0,573.7999877929688,775816
2025-03-24,2025-03-24T00:00:00Z,578.0,578.0,571.5999755859375,573.7999877929688,495852
2025-03-25,2025-03-25T00:00:00Z,573.2000122070312,573.2000122070312,561.2000122070312,566.7999877929688,558593
2025-03-26,2025-03-26T00:00:00Z,568.0,570.5999755859375,552.4000244140625,553.2000122070312,619859
2025-03-27,2025-03-27T00:00:00Z,550.7999877929688,550.7999877929688,541.4000244140625,548.0,463065
2025-03-28,2025-03-28T00:00:00Z,542.7999877929688,545.7999877929688,533.7999877929688,535.2000122070312,723158
2025-03-31,2025-03-31T00:00:00Z,522.0,522.0,511.20001220703125,514.2000122070312,733972
2025-04-01,2025-04-01T00:00:00Z,516.7999877929688,521.0,513.4000244140625,520.4000244140625,1157141
2025-04-02,2025-04-02T00:00:00Z,521.2000122070312,523.2000122070312,505.6000061035156,513.7999877929688,1414344
2025-04-03,2025-04-03T00:00:00Z,499.70001220703125,500.6000061035156,483.0,486.70001220703125,1505516
2025-04-04,2025-04-04T00:00:00Z,484.0,491.6000061035156,466.79998779296875,479.20001220703125,1973236
2025-04-07,2025-04-07T00:00:00Z,453.6000061035156,485.0,442.20001220703125,459.70001220703125,2697386
2025-04-08,2025-04-08T00:00:00Z,472.5,488.6000061035156,466.6000061035156,481.1000061035156,1686020
2025-04-09,2025-04-09T00:00:00Z,465.5,477.3999938964844,459.8999938964844,464.8999938964844,1454385
2025-04-10,2025-04-10T00:00:00Z,500.0,512.7999877929688,484.70001220703125,489.1000061035156,1497218
2025-04-11,2025-04-11T00:00:00Z,493.79998779296875,497.1000061035156,470.3999938964844,486.20001220703125,1816718
2025-04-14,2025-04-14T00:00:00Z,495.20001220703125,497.29998779296875,483.70001220703125,492.79998779296875,898583
2025-04-15,2025-04-15T00:00:00Z,494.5,505.0,493.20001220703125,503.6000061035156,828048
2025-04-16,2025-04-16T00:00:00Z,499.70001220703125,499.79998779296875,491.1000061035156,497.6000061035156,1049158
2025-04-17,2025-04-17T00:00:00Z,520.4000244140625,523.7999877929688,498.0,498.6000061035156,996803
2025-04-22,2025-04-22T00:00:00Z,498.79998779296875,499.0,477.5,482.8999938964844,1527006
2025-04-23,2025-04-23T00:00:00Z,489.1000061035156,499.8999938964844,488.1000061035156,492.20001220703125,1484673
2025-04-24,2025-04-24T00:00:00Z,492.3999938964844,493.8999938964844,487.5,491.70001220703125,884668
2025-04-25,2025-04-25T00:00:00Z,498.20001220703125,508.6000061035156,496.0,505.0,671023
2025-04-28,2025-04-28T00:00:00Z,505.0,508.0,499.6000061035156,505.3999938964844,737390
2025-04-29,2025-04-29T00:00:00Z,506.0,506.0,496.29998779296875,497.8999938964844,897017
2025-04-30,2025-04-30T00:00:00Z,500.0,509.0,498.3999938964844,507.6000061035156,371355
2025-05-02,2025-05-02T00:00:00Z,521.2000122070312,528.4000244140625,517.7999877929688,526.2000122070312,697427
2025-05-05,2025-05-05T00:00:00Z,525.0,532.0,522.0,530.0,634785
2025-05-06,2025-05-06T00:00:00Z,531.4000244140625,532.7999877929688,516.0,520.4000244140625,706964
2025-05-07,2025-05-07T00:00:00Z,517.5999755859375,522.2000122070312,514.7999877929688,518.7999877929688,601570
2025-05-08,2025-05-08T00:00:00Z,525.7999877929688,533.0,525.2000122070312,527.4000244140625,481715
2025-05-09,2025-05-09T00:00:00Z,529.5999755859375,531.5999755859375,521.4000244140625,527.4000244140625,371529
2025-05-12,2025-05-12T00:00:00Z,533.0,544.4000244140625,533.0,541.4000244140625,1153870
2025-05-13,2025-05-13T00:00:00Z,544.0,548.0,539.7999877929688,545.2000122070312,680442
2025-05-14,2025-05-14T00:00:00Z,547.0,548.2000122070312,540.7999877929688,546.5999755859375,773045
2025-05-15,2025-05-15T00:00:00Z,545.7999877929688,554.7999877929688,543.0,554.7999877929688,756425
2025-05-16,2025-05-16T00:00:00Z,555.4000244140625,556.5999755859375,550.0,554.2000122070312,728974
2025-05-19,2025-05-19T00:00:00Z,551.2000122070312,552.5999755859375,544.7999877929688,552.5999755859375,542892
2025-05-20,2025-05-20T00:00:00Z,551.7999877929688,559.5999755859375,550.0,556.0,559566
2025-05-21,2025-05-21T00:00:00Z,557.0,557.0,547.5999755859375,551.0,826208
2025-05-22,2025-05-22T00:00:00Z,545.5999755859375,551.0,544.4000244140625,549.2000122070312,746739
2025-05-23,2025-05-23T00:00:00Z,549.2000122070312,555.4000244140625,534.2000122070312,542.5999755859375,837114
2025-05-26,2025-05-26T00:00:00Z,548.2000122070312,550.5999755859375,545.7999877929688,549.7999877929688,326737
2025-05-27,2025-05-27T00:00:00Z,549.2000122070312,558.5999755859375,547.0,556.7999877929688,499278
2025-05-28,2025-05-28T00:00:00Z,556.0,557.5999755859375,552.2000122070312,554.0,206236
2025-05-30,2025-05-30T00:00:00Z,550.2000122070312,553.2000122070312,541.7999877929688,541.7999877929688,787067
2025-06-02,2025-06-02T00:00:00Z,539.0,540.7999877929688,531.2000122070312,538.5999755859375,477870
2025-06-03,2025-06-03T00:00:00Z,540.0,545.4000244140625,538.7999877929688,545.4000244140625,456139
2025-06-04,2025-06-04T00:00:00Z,546.4000244140625,555.2000122070312,543.7999877929688,552.2000122070312,378143
2025-06-05,2025-06-05T00:00:00Z,552.2000122070312,556.4000244140625,549.0,550.5999755859375,370646
2025-06-09,2025-06-09T00:00:00Z,550.5999755859375,556.0,550.5999755859375,554.0,312424
2025-06-10,2025-06-10T00:00:00Z,554.0,558.4000244140625,550.0,557.5999755859375,636103
2025-06-11,2025-06-11T00:00:00Z,556.0,561.0,544.0,553.2000122070312,700378
2025-06-12,2025-06-12T00:00:00Z,547.4000244140625,558.2000122070312,545.5999755859375,555.0,1105846
2025-06-13,2025-06-13T00:00:00Z,546.0,563.0,546.0,557.5999755859375,1687029
2025-06-16,2025-06-16T00:00:00Z,557.2000122070312,569.5999755859375,557.2000122070312,568.5999755859375,509530
2025-06-17,2025-06-17T00:00:00Z,556.7999877929688,561.7999877929688,554.0,557.0,609443
2025-06-18,2025-06-18T00:00:00Z,557.0,560.2000122070312,554.7999877929688,557.7999877929688,395091
2025-06-19,2025-06-19T00:00:00Z,553.7999877929688,557.7999877929688,552.5999755859375,554.4000244140625,475715
2025-06-23,2025-06-23T00:00:00Z,552.5999755859375,557.2000122070312,546.0,547.0,407525
2025-06-24,2025-06-24T00:00:00Z,559.2000122070312,562.4000244140625,543.2000122070312,547.5999755859375,816775
2025-06-25,2025-06-25T00:00:00Z,551.4000244140625,556.2000122070312,540.0,540.5999755859375,517634
2025-06-26,2025-06-26T00:00:00Z,540.0,544.7999877929688,536.2000122070312,544.7999877929688,457064
2025-06-27,2025-06-27T00:00:00Z,549.0,567.5999755859375,548.7999877929688,566.7999877929688,493628
2025-06-30,2025-06-30T00:00:00Z,568.5999755859375,571.0,563.5999755859375,566.0,592598
2025-07-01,2025-07-01T00:00:00Z,564.7999877929688,568.4000244140625,558.0,559.4000244140625,365684
2025-07-02,2025-07-02T00:00:00Z,560.0,568.4000244140625,557.5999755859375,566.4000244140625,281515
2025-07-03,2025-07-03T00:00:00Z,569.2000122070312,572.0,566.0,571.2000122070312,242453
2025-07-04,2025-07-04T00:00:00Z,568.0,570.0,561.2000122070312,563.4000244140625,224190
2025-07-07,2025-07-07T00:00:00Z,563.4000244140625,563.7999877929688,558.4000244140625,561.0,184293
2025-07-08,2025-07-08T00:00:00Z,562.7999877929688,565.5999755859375,560.7999877929688,564.7999877929688,248645
2025-07-09,2025-07-09T00:00:00Z,563.2000122070312,570.7999877929688,557.0,565.2000122070312,213762
2025-07-10,2025-07-10T00:00:00Z,566.7999877929688,579.5999755859375,566.7999877929688,573.2000122070312,403243
2025-07-11,2025-07-11T00:00:00Z,570.5999755859375,571.2000122070312,563.4000244140625,568.5999755859375,406286
2025-07-14,2025-07-14T00:00:00Z,568.5999755859375,573.2000122070312,566.2000122070312,573.2000122070312,260067
2025-07-15,2025-07-15T00:00:00Z,574.0,586.4000244140625,573.7999877929688,583.0,332947
2025-07-16,2025-07-16T00:00:00Z,582.5999755859375,586.2000122070312,572.5999755859375,575.4000244140625,449807
2025-07-17,2025-07-17T00:00:00Z,605.7999877929688,630.4000244140625,602.0,630.4000244140625,1387212
2025-07-18,2025-07-18T00:00:00Z,640.5999755859375,643.7999877929688,627.2000122070312,632.4000244140625,913215
2025-07-21,2025-07-21T00:00:00Z,638.4000244140625,642.4000244140625,630.4000244140625,631.2000122070312,459093
2025-07-22,2025-07-22T00:00:00Z,629.5999755859375,630.5999755859375,616.7999877929688,619.2000122070312,373101
2025-07-23,2025-07-23T00:00:00Z,622.7999877929688,634.0,621.4000244140625,631.4000244140625,393611
2025-07-24,2025-07-24T00:00:00Z,640.4000244140625,646.5999755859375,636.0,638.7999877929688,390387
2025-07-25,2025-07-25T00:00:00Z,636.4000244140625,638.2000122070312,632.4000244140625,636.7999877929688,415483
2025-07-28,2025-07-28T00:00:00Z,644.7999877929688,644.7999877929688,630.0,633.7999877929688,318004
2025-07-29,2025-07-29T00:00:00Z,635.7999877929688,643.0,620.0,620.0,203442
2025-07-30,2025-07-30T00:00:00Z,633.0,645.2000122070312,632.5999755859375,641.4000244140625,393877
2025-07-31,2025-07-31T00:00:00Z,644.0,652.5999755859375,643.0,643.0,415873
2025-08-01,2025-08-01T00:00:00Z,635.0,640.2000122070312,620.2000122070312,624.5999755859375,471305
2025-08-04,2025-08-04T00:00:00Z,625.7999877929688,635.0,621.4000244140625,634.4000244140625,379118
2025-08-05,2025-08-05T00:00:00Z,636.4000244140625,640.5999755859375,632.0,635.4000244140625,303717
2025-08-06,2025-08-06T00:00:00Z,638.0,639.2000122070312,621.2000122070312,625.4000244140625,379715
2025-08-07,2025-08-07T00:00:00Z,629.0,638.5999755859375,628.7999877929688,632.5999755859375,335573
2025-08-08,2025-08-08T00:00:00Z,631.4000244140625,637.5999755859375,631.4000244140625,637.5999755859375,140820
2025-08-11,2025-08-11T00:00:00Z,637.5999755859375,638.0,627.4000244140625,631.7999877929688,167810
2025-08-12,2025-08-12T00:00:00Z,635.0,641.2000122070312,633.7999877929688,640.4000244140625,263241
2025-08-13,2025-08-13T00:00:00Z,643.0,645.7999877929688,638.0,638.5999755859375,249929
2025-08-14,2025-08-14T00:00:00Z,638.5999755859375,643.0,638.0,642.0,329373
2025-08-15,2025-08-15T00:00:00Z,643.4000244140625,644.5999755859375,638.0,639.2000122070312,313340
2025-08-18,2025-08-18T00:00:00Z,639.2000122070312,640.7999877929688,632.4000244140625,636.0,294383
2025-08-19,2025-08-19T00:00:00Z,636.4000244140625,645.7999877929688,636.0,643.7999877929688,715919
2025-08-20,2025-08-20T00:00:00Z,637.7999877929688,644.7999877929688,635.0,639.2000122070312,327208
2025-08-21,2025-08-21T00:00:00Z,638.2000122070312,641.2000122070312,633.0,636.0,257105
2025-08-22,2025-08-22T00:00:00Z,632.5999755859375,644.4000244140625,632.2000122070312,642.5999755859375,358834
2025-08-25,2025-08-25T00:00:00Z,638.0,642.2000122070312,638.0,639.0,234343
2025-08-26,2025-08-26T00:00:00Z,637.5999755859375,645.0,636.2000122070312,643.4000244140625,381255
2025-08-27,2025-08-27T00:00:00Z,643.4000244140625,643.7999877929688,638.2000122070312,641.7999877929688,255418
2025-08-28,2025-08-28T00:00:00Z,642.2000122070312,643.4000244140625,633.4000244140625,642.5999755859375,269774
2025-08-29,2025-08-29T00:00:00Z,641.5999755859375,643.4000244140625,635.5999755859375,636.4000244140625,283435
2025-09-01,2025-09-01T00:00:00Z,633.0,636.5999755859375,628.4000244140625,628.4000244140625,218841
2025-09-02,2025-09-02T00:00:00Z,633.0,635.0,619.5999755859375,620.2000122070312,466458
2025-09-03,2025-09-03T00:00:00Z,628.4000244140625,633.2000122070312,623.0,628.5999755859375,371581
2025-09-04,2025-09-04T00:00:00Z,636.4000244140625,648.7999877929688,636.0,648.2000122070312,500536
2025-09-05,2025-09-05T00:00:00Z,649.2000122070312,652.5999755859375,645.4000244140625,647.2000122070312,325095
2025-09-08,2025-09-08T00:00:00Z,650.5999755859375,660.4000244140625,650.4000244140625,659.0,318660
2025-09-09,2025-09-09T00:00:00Z,659.5999755859375,661.5999755859375,655.4000244140625,656.5999755859375,241301
2025-09-10,2025-09-10T00:00:00Z,667.4000244140625,670.7999877929688,659.0,662.5999755859375,464958
2025-09-11,2025-09-11T00:00:00Z,662.5999755859375,669.0,659.7999877929688,664.7999877929688,260995
2025-09-12,2025-09-12T00:00:00Z,666.2000122070312,667.7999877929688,662.7999877929688,666.0,222895
2025-09-15,2025-09-15T00:00:00Z,666.2000122070312,667.5999755859375,659.0,663.0,356856
2025-09-16,2025-09-16T00:00:00Z,663.5999755859375,666.7999877929688,653.5999755859375,654.5999755859375,405597
2025-09-17,2025-09-17T00:00:00Z,654.5999755859375,657.2000122070312,648.2000122070312,650.0,446578
2025-09-18,2025-09-18T00:00:00Z,654.0,662.0,654.0,659.4000244140625,230197
2025-09-19,2025-09-19T00:00:00Z,661.0,666.7999877929688,656.5999755859375,662.0,355960
2025-09-22,2025-09-22T00:00:00Z,664.0,669.4000244140625,663.2000122070312,668.2000122070312,326181
2025-09-23,2025-09-23T00:00:00Z,674.0,679.2000122070312,667.4000244140625,672.4000244140625,484083
2025-09-24,2025-09-24T00:00:00Z,670.5999755859375,673.4000244140625,667.4000244140625,670.2000122070312,248182
2025-09-25,2025-09-25T00:00:00Z,669.0,669.7999877929688,660.5999755859375,665.0,372420
2025-09-26,2025-09-26T00:00:00Z,665.7999877929688,680.2000122070312,665.7999877929688,669.0,337006
2025-09-29,2025-09-29T00:00:00Z,674.0,677.0,670.4000244140625,673.4000244140625,485815
2025-09-30,2025-09-30T00:00:00Z,673.4000244140625,677.4000244140625,668.4000244140625,677.2000122070312,568225
2025-10-01,2025-10-01T00:00:00Z,673.0,677.4000244140625,667.4000244140625,676.0,458527
2025-10-02,2025-10-02T00:00:00Z,679.4000244140625,689.7999877929688,679.2000122070312,688.7999877929688,295550
2025-10-03,2025-10-03T00:00:00Z,693.0,695.7999877929688,689.0,691.4000244140625,242742
2025-10-06,2025-10-06T00:00:00Z,690.0,698.4000244140625,688.4000244140625,695.2000122070312,476630
2025-10-07,2025-10-07T00:00:00Z,693.0,696.4000244140625,689.0,689.0,306693
2025-10-08,2025-10-08T00:00:00Z,705.7999877929688,712.0,681.0,693.7999877929688,1197924
2025-10-09,2025-10-09T00:00:00Z,696.0,700.2000122070312,692.7999877929688,697.2000122070312,713164
2025-10-10,2025-10-10T00:00:00Z,696.4000244140625,699.5999755859375,690.5999755859375,692.0,372529
2025-10-13,2025-10-13T00:00:00Z,691.0,703.0,688.0,695.2000122070312,665896
2025-10-14,2025-10-14T00:00:00Z,691.2000122070312,696.5999755859375,682.5999755859375,696.0,534010
2025-10-15,2025-10-15T00:00:00Z,699.2000122070312,708.5999755859375,698.7999877929688,708.2000122070312,661777
2025-10-16,2025-10-16T00:00:00Z,720.0,726.4000244140625,695.7999877929688,698.5999755859375,1251205
2025-10-17,2025-10-17T00:00:00Z,692.0,703.5999755859375,689.0,694.2000122070312,755527
2025-10-20,2025-10-20T00:00:00Z,700.7999877929688,702.0,695.5999755859375,700.2000122070312,338995
2025-10-21,2025-10-21T00:00:00Z,700.2000122070312,703.0,687.4000244140625,692.4000244140625,517796
2025-10-22,2025-10-22T00:00:00Z,690.7999877929688,704.5999755859375,679.5999755859375,680.7999877929688,588427
2025-10-23,2025-10-23T00:00:00Z,684.2000122070312,691.5999755859375,681.0,691.5999755859375,286723
2025-10-24,2025-10-24T00:00:00Z,692.0,699.0,691.0,697.2000122070312,220972
2025-10-27,2025-10-27T00:00:00Z,700.0,703.2000122070312,697.5999755859375,701.5999755859375,296136
2025-10-28,2025-10-28T00:00:00Z,700.7999877929688,703.7999877929688,697.4000244140625,703.4000244140625,376226
2025-10-29,2025-10-29T00:00:00Z,702.0,703.5999755859375,696.2000122070312,700.2000122070312,269387
2025-10-30,2025-10-30T00:00:00Z,702.4000244140625,708.4000244140625,695.0,704.4000244140625,239177
2025-10-31,2025-10-31T00:00:00Z,703.7999877929688,708.0,702.2000122070312,705.4000244140625,150946
2025-11-03,2025-11-03T00:00:00Z,704.7999877929688,705.0,695.7999877929688,696.5999755859375,364654
2025-11-04,2025-11-04T00:00:00Z,688.4000244140625,691.0,679.2000122070312,687.7999877929688,549838
2025-11-05,2025-11-05T00:00:00Z,687.0,690.0,677.7999877929688,682.4000244140625,548925
2025-11-06,2025-11-06T00:00:00Z,675.2000122070312,675.4000244140625,667.2000122070312,670.7999877929688,513780
2025-11-07,2025-11-07T00:00:00Z,672.7999877929688,675.5999755859375,663.4000244140625,668.0,334662
2025-11-10,2025-11-10T00:00:00Z,673.2000122070312,676.2000122070312,670.2000122070312,672.5999755859375,413909
2025-11-11,2025-11-11T00:00:00Z,674.0,677.2000122070312,672.5999755859375,676.4000244140625,418622
2025-11-12,2025-11-12T00:00:00Z,678.0,684.4000244140625,677.0,681.2000122070312,295399
2025-11-13,2025-11-13T00:00:00Z,679.4000244140625,680.0,663.0,665.5999755859375,421703
2025-11-14,2025-11-14T00:00:00Z,662.0,671.5999755859375,659.0,671.5999755859375,629085
2025-11-17,2025-11-17T00:00:00Z,668.7999877929688,672.7999877929688,664.0,671.5999755859375,458179
2025-11-18,2025-11-18T00:00:00Z,650.0,650.7999877929688,640.4000244140625,642.2000122070312,894575
2025-11-19,2025-11-19T00:00:00Z,640.2000122070312,649.5999755859375,638.7999877929688,646.5999755859375,708536
2025-11-20,2025-11-20T00:00:00Z,657.4000244140625,665.0,657.4000244140625,659.0,522676
2025-11-21,2025-11-21T00:00:00Z,644.7999877929688,652.5999755859375,644.0,647.2000122070312,750634
2025-11-24,2025-11-24T00:00:00Z,654.0,661.4000244140625,652.5999755859375,660.0,913662
2025-11-25,2025-11-25T00:00:00Z,658.4000244140625,663.2000122070312,652.4000244140625,658.0,863523
2025-11-26,2025-11-26T00:00:00Z,664.4000244140625,671.5999755859375,660.7999877929688,670.7999877929688,398282
2025-11-27,2025-11-27T00:00:00Z,671.0,675.2000122070312,670.0,675.0,325829
2025-11-28,2025-11-28T00:00:00Z,676.0,682.4000244140625,673.7999877929688,681.4000244140625,729525
2025-12-01,2025-12-01T00:00:00Z,675.4000244140625,676.0,668.7999877929688,673.7999877929688,611249
2025-12-02,2025-12-02T00:00:00Z,673.5999755859375,681.0,672.7999877929688,676.0,245815
2025-12-03,2025-12-03T00:00:00Z,676.7999877929688,678.2000122070312,663.4000244140625,667.7999877929688,408080
2025-12-04,2025-12-04T00:00:00Z,676.0,685.0,674.5999755859375,682.7999877929688,369180
2025-12-05,2025-12-05T00:00:00Z,685.0,691.0,683.2000122070312,685.7999877929688,202564
2025-12-08,2025-12-08T00:00:00Z,688.2000122070312,693.5999755859375,685.0,690.5999755859375,354113
2025-12-09,2025-12-09T00:00:00Z,690.7999877929688,693.5999755859375,677.7999877929688,681.5999755859375,439951
2025-12-10,2025-12-10T00:00:00Z,679.0,687.4000244140625,678.7999877929688,682.4000244140625,334453
2025-12-11,2025-12-11T00:00:00Z,684.0,687.5999755859375,677.4000244140625,684.0,377118
2025-12-12,2025-12-12T00:00:00Z,686.2000122070312,696.5999755859375,676.2000122070312,679.4000244140625,509270
2025-12-15,2025-12-15T00:00:00Z,679.5999755859375,687.7999877929688,679.0,687.5999755859375,418515
2025-12-16,2025-12-16T00:00:00Z,679.4000244140625,685.5999755859375,677.7999877929688,681.2000122070312,263984
2025-12-17,2025-12-17T00:00:00Z,685.2000122070312,687.7999877929688,669.7999877929688,670.2000122070312,334960
2025-12-18,2025-12-18T00:00:00Z,665.7999877929688,679.2000122070312,665.0,678.5999755859375,395425
2025-12-19,2025-12-19T00:00:00Z,678.0,683.0,676.4000244140625,683.0,453736
2025-12-22,2025-12-22T00:00:00Z,684.0,685.7999877929688,679.4000244140625,685.0,400756
2025-12-23,2025-12-23T00:00:00Z,685.5999755859375,688.7999877929688,683.4000244140625,688.0,278064
2025-12-29,2025-12-29T00:00:00Z,688.0,689.7999877929688,681.7999877929688,687.5999755859375,258231
2025-12-30,2025-12-30T00:00:00Z,686.2000122070312,690.7999877929688,683.5999755859375,687.7999877929688,384657
2026-01-02,2026-01-02T00:00:00Z,685.7999877929688,685.7999877929688,671.5999755859375,681.5999755859375,566687
2026-01-05,2026-01-05T00:00:00Z,690.0,705.0,690.0,700.4000244140625,509172
2026-01-07,2026-01-07T00:00:00Z,703.0,709.5999755859375,700.0,703.0,451970
2026-01-08,2026-01-08T00:00:00Z,700.0,703.5999755859375,682.5999755859375,684.0,499022
2026-01-09,2026-01-09T00:00:00Z,684.0,693.0,683.2000122070312,690.4000244140625,427272
2026-01-12,2026-01-12T00:00:00Z,690.4000244140625,698.0,690.0,697.7999877929688,468141
2026-01-13,2026-01-13T00:00:00Z,700.0,702.0,690.4000244140625,699.7999877929688,509642
2026-01-14,2026-01-14T00:00:00Z,699.0,703.0,690.0,692.2000122070312,657955
2026-01-15,2026-01-15T00:00:00Z,697.5999755859375,710.5999755859375,696.4000244140625,708.2000122070312,780422
2026-01-16,2026-01-16T00:00:00Z,708.5999755859375,710.7999877929688,704.5999755859375,709.7999877929688,485967
2026-01-19,2026-01-19T00:00:00Z,699.2000122070312,702.7999877929688,692.0,695.4000244140625,568808
2026-01-20,2026-01-20T00:00:00Z,690.5999755859375,693.0,680.0,692.2000122070312,399361
2026-01-21,2026-01-21T00:00:00Z,691.0,692.4000244140625,676.2000122070312,683.0,705824
2026-01-22,2026-01-22T00:00:00Z,686.0,691.4000244140625,678.2000122070312,678.2000122070312,573570
2026-01-23,2026-01-23T00:00:00Z,679.4000244140625,684.5999755859375,673.4000244140625,682.0,477863
2026-01-26,2026-01-26T00:00:00Z,680.0,694.2000122070312,679.4000244140625,692.5999755859375,487112
2026-01-27,2026-01-27T00:00:00Z,700.0,709.7999877929688,700.0,707.4000244140625,521304
2026-01-28,2026-01-28T00:00:00Z,710.0,714.7999877929688,703.2000122070312,705.2000122070312,586188
2026-01-29,2026-01-29T00:00:00Z,743.0,782.4000244140625,742.5999755859375,764.2000122070312,1906106
2026-01-30,2026-01-30T00:00:00Z,767.0,771.4000244140625,760.4000244140625,767.4000244140625,512547
2026-02-02,2026-02-02T00:00:00Z,759.5999755859375,778.2000122070312,756.5999755859375,776.0,695948
2026-02-03,2026-02-03T00:00:00Z,785.0,793.2000122070312,769.0,780.7999877929688,595042
2026-02-04,2026-02-04T00:00:00Z,786.2000122070312,794.2000122070312,778.0,780.2000122070312,635702
2026-02-05,2026-02-05T00:00:00Z,777.7999877929688,784.0,764.5999755859375,772.5999755859375,439830
2026-02-06,2026-02-06T00:00:00Z,775.0,779.4000244140625,767.5999755859375,779.0,488470
2026-02-09,2026-02-09T00:00:00Z,786.5999755859375,796.7999877929688,782.4000244140625,796.4000244140625,342939
2026-02-10,2026-02-10T00:00:00Z,799.7999877929688,801.2000122070312,793.2000122070312,794.2000122070312,388504
2026-02-11,2026-02-11T00:00:00Z,795.2000122070312,809.4000244140625,791.5999755859375,800.7999877929688,545760
2026-02-12,2026-02-12T00:00:00Z,807.0,815.2000122070312,803.5999755859375,806.0,589329
2026-02-13,2026-02-13T00:00:00Z,806.0,816.4000244140625,799.5999755859375,816.4000244140625,753244
2026-02-16,2026-02-16T00:00:00Z,816.4000244140625,821.7999877929688,814.0,818.4000244140625,456829
2026-02-17,2026-02-17T00:00:00Z,817.0,818.4000244140625,801.7999877929688,815.2000122070312,523397
2026-02-18,2026-02-18T00:00:00Z,814.5999755859375,823.5999755859375,809.0,823.2000122070312,496287
2026-02-19,2026-02-19T00:00:00Z,823.5999755859375,825.0,815.2000122070312,818.2000122070312,357161
2026-02-20,2026-02-20T00:00:00Z,820.2000122070312,824.0,815.4000244140625,819.0,661607
2026-02-23,2026-02-23T00:00:00Z,816.0,819.7999877929688,808.4000244140625,816.7999877929688,414994
2026-02-24,2026-02-24T00:00:00Z,818.4000244140625,829.2000122070312,813.0,826.7999877929688,380136
2026-02-25,2026-02-25T00:00:00Z,829.7999877929688,842.5999755859375,829.7999877929688,835.4000244140625,357236
2026-02-26,2026-02-26T00:00:00Z,835.4000244140625,841.7999877929688,822.4000244140625,831.0,560074
2026-02-27,2026-02-27T00:00:00Z,832.2000122070312,845.4000244140625,830.5999755859375,843.5999755859375,491643
2026-03-02,2026-03-02T00:00:00Z,835.0,837.2000122070312,819.0,828.4000244140625,458818
2026-03-03,2026-03-03T00:00:00Z,814.7999877929688,823.4000244140625,789.4000244140625,799.4000244140625,801165
2026-03-04,2026-03-04T00:00:00Z,795.0,808.0,791.7999877929688,800.4000244140625,517754
2026-03-05,2026-03-05T00:00:00Z,800.4000244140625,807.2000122070312,787.2000122070312,787.5999755859375,431782
2026-03-06,2026-03-06T00:00:00Z,789.5999755859375,793.2000122070312,771.0,785.2000122070312,441865
2026-03-09,2026-03-09T00:00:00Z,746.0,769.0,738.0,769.0,1020200
2026-03-10,2026-03-10T00:00:00Z,800.0,818.2000122070312,788.4000244140625,803.4000244140625,775095
2026-03-11,2026-03-11T00:00:00Z,803.0,803.4000244140625,789.0,800.7999877929688,396300
2026-03-12,2026-03-12T00:00:00Z,800.0,807.4000244140625,793.5999755859375,806.7999877929688,329520
2026-03-13,2026-03-13T00:00:00Z,800.4000244140625,809.4000244140625,790.4000244140625,790.4000244140625,309580
2026-03-16,2026-03-16T00:00:00Z,790.5999755859375,796.7999877929688,781.0,790.0,410118
2026-03-17,2026-03-17T00:00:00Z,783.4000244140625,792.0,779.4000244140625,787.5999755859375,551084
2026-03-18,2026-03-18T00:00:00Z,794.5999755859375,812.4000244140625,790.0,800.2000122070312,490141
2026-03-19,2026-03-19T00:00:00Z,788.7999877929688,791.0,767.7999877929688,776.0,481891
2026-03-20,2026-03-20T00:00:00Z,779.4000244140625,784.2000122070312,761.2000122070312,763.4000244140625,602804
2026-03-23,2026-03-23T00:00:00Z,742.0,778.5999755859375,733.4000244140625,769.5999755859375,744257
2026-03-24,2026-03-24T00:00:00Z,772.0,774.4000244140625,752.7999877929688,774.4000244140625,541659
2026-03-25,2026-03-25T00:00:00Z,782.2000122070312,792.7999877929688,778.5999755859375,789.5999755859375,455041
2026-03-26,2026-03-26T00:00:00Z,784.5999755859375,789.0,770.7999877929688,770.7999877929688,488633
2026-03-27,2026-03-27T00:00:00Z,763.5999755859375,763.5999755859375,734.7999877929688,749.4000244140625,606795
2026-03-30,2026-03-30T00:00:00Z,746.4000244140625,755.4000244140625,741.2000122070312,744.5999755859375,450325
2026-03-31,2026-03-31T00:00:00Z,743.0,758.4000244140625,738.0,751.7999877929688,540782
2026-04-01,2026-04-01T00:00:00Z,784.0,784.7999877929688,771.0,781.2000122070312,513099
2026-04-02,2026-04-02T00:00:00Z,761.2000122070312,773.0,761.2000122070312,768.2000122070312,196378
2026-04-07,2026-04-07T00:00:00Z,776.0,785.4000244140625,769.4000244140625,773.5999755859375,442778
2026-04-08,2026-04-08T00:00:00Z,816.5999755859375,830.0,811.4000244140625,824.2000122070312,909507
2026-04-09,2026-04-09T00:00:00Z,817.7999877929688,834.7999877929688,817.7999877929688,834.5999755859375,569915
2026-04-10,2026-04-10T00:00:00Z,840.0,847.0,838.0,843.7999877929688,465840
2026-04-13,2026-04-13T00:00:00Z,834.4000244140625,841.4000244140625,830.7999877929688,840.2000122070312,527469
2026-04-14,2026-04-14T00:00:00Z,843.4000244140625,852.7999877929688,841.5999755859375,850.0,388682
2026-04-15,2026-04-15T00:00:00Z,849.0,853.4000244140625,844.4000244140625,848.2000122070312,365673
2026-04-16,2026-04-16T00:00:00Z,854.2000122070312,854.7999877929688,844.5999755859375,851.2000122070312,325802
2026-04-17,2026-04-17T00:00:00Z,845.0,880.0,844.5999755859375,880.0,736461
2026-04-20,2026-04-20T00:00:00Z,872.0,874.4000244140625,865.5999755859375,868.7999877929688,372639
2026-04-21,2026-04-21T00:00:00Z,877.2000122070312,878.0,863.7999877929688,867.5999755859375,548358
2026-04-22,2026-04-22T00:00:00Z,914.7999877929688,928.0,884.4000244140625,900.2000122070312,1163305
2026-04-23,2026-04-23T00:00:00Z,899.7999877929688,923.4000244140625,895.7999877929688,920.0,481741
2026-04-24,2026-04-24T00:00:00Z,909.0,916.5999755859375,899.2000122070312,915.2000122070312,368794
2026-04-27,2026-04-27T00:00:00Z,914.5999755859375,920.7999877929688,903.4000244140625,910.2000122070312,438981
2026-04-28,2026-04-28T00:00:00Z,907.4000244140625,911.7999877929688,893.0,899.4000244140625,401349
2026-04-29,2026-04-29T00:00:00Z,899.0,905.7999877929688,895.5999755859375,902.7999877929688,389125
2026-04-30,2026-04-30T00:00:00Z,894.4000244140625,918.0,891.4000244140625,914.5999755859375,201430
2026-05-04,2026-05-04T00:00:00Z,925.2000122070312,941.0,924.0,927.0,432183
2026-05-05,2026-05-05T00:00:00Z,927.0,955.4000244140625,926.0,953.7999877929688,335970
2026-05-06,2026-05-06T00:00:00Z,964.0,982.0,960.7999877929688,976.4000244140625,557404
2026-05-07,2026-05-07T00:00:00Z,980.0,989.7999877929688,963.5999755859375,963.5999755859375,443881
2026-05-08,2026-05-08T00:00:00Z,957.5999755859375,976.5999755859375,956.0,974.7999877929688,498373
2026-05-11,2026-05-11T00:00:00Z,980.0,991.5999755859375,973.5999755859375,991.5999755859375,412232
2026-05-12,2026-05-12T00:00:00Z,978.0,992.7999877929688,962.7999877929688,967.4000244140625,409322
2026-05-13,2026-05-13T00:00:00Z,980.0,988.7999877929688,975.5999755859375,979.7999877929688,232307
2026-05-15,2026-05-15T00:00:00Z,983.7999877929688,985.0,969.5999755859375,983.7999877929688,595715
2026-05-18,2026-05-18T00:00:00Z,978.5999755859375,988.5999755859375,964.5999755859375,968.0,434688
2026-05-19,2026-05-19T00:00:00Z,963.2000122070312,978.5999755859375,939.7999877929688,950.5999755859375,530509
2026-05-20,2026-05-20T00:00:00Z,950.0,974.0,947.2000122070312,963.5999755859375,494862
2026-05-21,2026-05-21T00:00:00Z,964.7999877929688,979.5999755859375,964.7999877929688,977.4000244140625,427048
2026-05-22,2026-05-22T00:00:00Z,985.5999755859375,1001.0,983.7999877929688,997.7999877929688,424281
2026-05-25,2026-05-25T00:00:00Z,1002.0,1011.0,1000.0,1009.5,279549
2026-05-26,2026-05-26T00:00:00Z,1006.5,1010.5,994.4000244140625,1007.5,416404
2026-05-27,2026-05-27T00:00:00Z,1008.0,1010.0,973.5999755859375,986.7999877929688,467215
2026-05-28,2026-05-28T00:00:00Z,985.0,993.7999877929688,976.7999877929688,986.7999877929688,293682
2026-05-29,2026-05-29T00:00:00Z,986.0,993.7999877929688,978.0,988.4000244140625,685151
2026-06-01,2026-06-01T00:00:00Z,991.7999877929688,999.0,975.2000122070312,985.2000122070312,431047
2026-06-02,2026-06-02T00:00:00Z,998.0,1022.5,995.2000122070312,1019.0,550378
2026-06-03,2026-06-03T00:00:00Z,1018.0,1021.0,1010.5,1016.5,401293
2026-06-04,2026-06-04T00:00:00Z,1011.5,1017.5,990.0,1006.5,291737
2026-06-05,2026-06-05T00:00:00Z,1005.0,1005.0,980.0,987.4000244140625,379653
2026-06-08,2026-06-08T00:00:00Z,966.5999755859375,980.5999755859375,964.0,977.4000244140625,384935
2026-06-09,2026-06-09T00:00:00Z,977.4000244140625,991.5999755859375,953.5999755859375,956.4000244140625,426638
2026-06-10,2026-06-10T00:00:00Z,953.7999877929688,959.7999877929688,940.7999877929688,942.5999755859375,401401
2026-06-11,2026-06-11T00:00:00Z,948.5999755859375,974.7999877929688,948.5999755859375,970.0,527668
2026-06-12,2026-06-12T00:00:00Z,974.2000122070312,981.7999877929688,962.5999755859375,964.7999877929688,489623
2026-06-15,2026-06-15T00:00:00Z,985.0,991.7999877929688,974.4000244140625,974.7999877929688,490110
2026-06-16,2026-06-16T00:00:00Z,985.0,1001.5,983.4000244140625,990.7999877929688,436495
2026-06-17,2026-06-17T00:00:00Z,990.7999877929688,1021.0,988.0,1012.5,508461
2026-06-18,2026-06-18T00:00:00Z,1021.0,1042.5,1021.0,1037.5,475905
2026-06-22,2026-06-22T00:00:00Z,1035.0,1058.5,1028.0,1055.5,501731
2026-06-23,2026-06-23T00:00:00Z,1034.0,1039.5,1020.5,1030.0,521443
2026-06-24,2026-06-24T00:00:00Z,1035.0,1044.5,1024.5,1044.0,410467
2026-06-25,2026-06-25T00:00:00Z,1048.0,1052.5,1031.5,1039.5,398530
2026-06-26,2026-06-26T00:00:00Z,1039.5,1049.0,1011.5,1011.5,386669
2026-06-29,2026-06-29T00:00:00Z,1019.5,1025.0,1012.0,1025.0,207860
2026-06-30,2026-06-30T00:00:00Z,1036.0,1052.5,1035.5,1048.5,510865
2026-07-01,2026-07-01T00:00:00Z,1056.0,1058.5,1022.0,1034.0,317240
2026-07-02,2026-07-02T00:00:00Z,1017.0,1042.0,1012.0,1021.0,390593
2026-07-03,2026-07-03T00:00:00Z,1026.5,1049.0,1026.0,1049.0,219115
2026-07-06,2026-07-06T00:00:00Z,1040.0,1045.0,1017.0,1040.0,429369
2026-07-07,2026-07-07T00:00:00Z,1017.0,1024.0,993.7999877929688,1000.0,555329
2026-07-08,2026-07-08T00:00:00Z,999.0,1000.0,980.5999755859375,988.7999877929688,347987
2026-07-09,2026-07-09T00:00:00Z,1008.0,1026.0,999.0,1014.0,332698
2026-07-10,2026-07-10T00:00:00Z,1015.0,1015.0,994.0,998.0,427060
2026-07-13,2026-07-13T00:00:00Z,985.0,1001.5,985.0,998.7999877929688,262491
2026-07-14,2026-07-14T00:00:00Z,990.0,1019.5,986.5999755859375,1015.5,460732
2026-07-15,2026-07-15T00:00:00Z,1019.0,1022.5,988.4000244140625,988.4000244140625,326333
2026-07-16,2026-07-16T00:00:00Z,1015.0,1018.5,935.4000244140625,935.4000244140625,1207599
2026-07-17,2026-07-17T00:00:00Z,930.2000122070312,945.5999755859375,915.0,945.2000122070312,648364
2026-07-20,2026-07-20T00:00:00Z,947.0,964.5999755859375,944.7999877929688,948.5999755859375,383689
2026-07-21,2026-07-21T00:00:00Z,955.0,964.2000122070312,952.7999877929688,963.2000122070312,300898
2026-07-22,2026-07-22T00:00:00Z,962.2000122070312,971.7999877929688,950.7999877929688,961.2000122070312,563134
2026-07-23,2026-07-23T00:00:00Z,963.2000122070312,967.0,948.5999755859375,954.7999877929688,445084
2026-07-24,2026-07-24T00:00:00Z,955.4000244140625,962.2000122070312,944.4000244140625,950.4000244140625,314185
2026-07-27,2026-07-27T00:00:00Z,959.2000122070312,960.7999877929688,935.0,936.7999877929688,487093
2026-07-28,2026-07-28T00:00:00Z,936.0,937.7999877929688,910.4000244140625,918.5999755859375,594173
2026-07-29,2026-07-29T00:00:00Z,913.2000122070312,925.0,901.2000122070312,901.2000122070312,535846
2026-07-30,2026-07-30T00:00:00Z,904.5999755859375,932.2000122070312,897.4000244140625,927.0,542074
2026-07-31,2026-07-31T00:00:00Z,940.0,960.4000244140625,934.7999877929688,934.7999877929688,602038
2026-08-03,2026-08-03T00:00:00Z,946.5999755859375,950.7999877929688,919.2000122070312,941.4000244140625,558343
2026-08-04,2026-08-04T00:00:00Z,950.5999755859375,971.0,950.5999755859375,963.2000122070312,485325
2026-08-05,2026-08-05T00:00:00Z,974.0,978.4000244140625,956.4000244140625,969.0,364914
2026-08-06,2026-08-06T00:00:00Z,965.5999755859375,972.4000244140625,949.2000122070312,964.5999755859375,387789
2026-08-07,2026-08-07T00:00:00Z,959.2000122070312,968.2000122070312,954.0,959.5999755859375,341915
2026-08-10,2026-08-10T00:00:00Z,958.0,975.7999877929688,958.0,962.0,287433
2026-08-11,2026-08-11T00:00:00Z,959.5999755859375,975.7999877929688,954.5999755859375,967.7999877929688,376399
2026-08-12,2026-08-12T00:00:00Z,975.0,990.2000122070312,970.0,981.2000122070312,369557
2026-08-13,2026-08-13T00:00:00Z,982.4000244140625,986.2000122070312,977.5999755859375,981.5999755859375,209953
2026-08-14,2026-08-14T00:00:00Z,981.5999755859375,981.5999755859375,968.7999877929688,971.5999755859375,266887
2026-08-17,2026-08-17T00:00:00Z,975.5999755859375,984.4000244140625,973.5999755859375,974.2000122070312,237546
2026-08-18,2026-08-18T00:00:00Z,969.0,970.0,939.4000244140625,946.7999877929688,403937
2026-08-19,2026-08-19T00:00:00Z,947.0,961.2000122070312,939.4000244140625,949.0,422287
2026-08-20,2026-08-20T00:00:00Z,946.4000244140625,954.0,943.0,943.7999877929688,215505
2026-08-21,2026-08-21T00:00:00Z,942.7999877929688,957.2000122070312,940.2000122070312,946.2000122070312,303897
2026-08-24,2026-08-24T00:00:00Z,943.0,949.4000244140625,920.0,924.5999755859375,502070
2026-08-25,2026-08-25T00:00:00Z,931.7999877929688,948.4000244140625,931.0,938.2000122070312,555343
2026-08-26,2026-08-26T00:00:00Z,938.2000122070312,945.5999755859375,932.2000122070312,941.7999877929688,316730
2026-08-27,2026-08-27T00:00:00Z,946.0,954.0,934.7999877929688,938.4000244140625,384272
2026-08-28,2026-08-28T00:00:00Z,938.2000122070312,956.4000244140625,934.0,947.2000122070312,344225
2026-08-31,2026-08-31T00:00:00Z,949.2000122070312,951.0,932.7999877929688,934.5999755859375,613494
2026-09-01,2026-09-01T00:00:00Z,933.4000244140625,939.0,913.7999877929688,919.7999877929688,455306
2026-09-02,2026-09-02T00:00:00Z,919.7999877929688,924.2000122070312,909.7999877929688,915.5999755859375,409540
2026-09-03,2026-09-03T00:00:00Z,916.5999755859375,922.2000122070312,903.5999755859375,912.0,514408
2026-09-04,2026-09-04T00:00:00Z,912.0,919.4000244140625,906.5999755859375,916.0,418271
2026-09-07,2026-09-07T00:00:00Z,920.0,940.5999755859375,919.0,935.4000244140625,341541
2026-09-08,2026-09-08T00:00:00Z,936.2000122070312,960.0,933.0,958.4000244140625,432554
2026-09-09,2026-09-09T00:00:00Z,953.7999877929688,958.2000122070312,927.5999755859375,927.5999755859375,448712
2026-09-10,2026-09-10T00:00:00Z,931.2000122070312,935.4000244140625,919.4000244140625,926.5999755859375,266069
2026-09-11,2026-09-11T00:00:00Z,932.4000244140625,941.5999755859375,927.0,933.7999877929688,242718
2026-09-14,2026-09-14T00:00:00Z,915.2000122070312,921.0,896.5999755859375,902.7999877929688,777387
2026-09-15,2026-09-15T00:00:00Z,906.5999755859375,917.5999755859375,898.4000244140625,915.4000244140625,570999
2026-09-16,2026-09-16T00:00:00Z,923.0,937.2000122070312,911.5999755859375,934.5999755859375,463635
2026-09-17,2026-09-17T00:00:00Z,937.0,954.5999755859375,936.4000244140625,948.4000244140625,409445
2026-09-18,2026-09-18T00:00:00Z,943.4000244140625,966.0,942.2000122070312,962.5999755859375,553415
2026-09-21,2026-09-21T00:00:00Z,974.5999755859375,987.4000244140625,970.0,984.5999755859375,424313
2026-09-22,2026-09-22T00:00:00Z,989.0,1000.0,988.5999755859375,999.4000244140625,403253
2026-09-23,2026-09-23T00:00:00Z,1000.0,1004.5,988.4000244140625,993.2000122070312,325147
2026-09-24,2026-09-24T00:00:00Z,980.2000122070312,992.4000244140625,965.4000244140625,966.2000122070312,424498
2026-09-25,2026-09-25T00:00:00Z,980.0,985.0,952.5999755859375,959.7999877929688,394015
2026-09-28,2026-09-28T00:00:00Z,954.0,971.7999877929688,949.2000122070312,958.7999877929688,297438
2026-09-29,2026-09-29T00:00:00Z,961.4000244140625,977.2000122070312,961.4000244140625,967.4000244140625,379593
2026-09-30,2026-09-30T00:00:00Z,967.0,967.5999755859375,951.2000122070312,953.0,208426
