session_date,timestamp_utc,Open,High,Low,Close,Volume
2016-09-30,2016-09-30T00:00:00Z,48.16303253173828,49.133140563964844,48.010860443115234,49.133140563964844,10962774
2016-10-03,2016-10-03T00:00:00Z,49.07607650756836,49.24727249145508,48.657596588134766,48.73368453979492,6918096
2016-10-04,2016-10-04T00:00:00Z,48.88585662841797,49.133140563964844,48.657596588134766,49.095096588134766,9173800
2016-10-05,2016-10-05T00:00:00Z,48.75270462036133,49.05705261230469,48.714664459228516,48.94292449951172,7724169
2016-10-06,2016-10-06T00:00:00Z,49.05705261230469,49.4374885559082,48.94292449951172,48.961944580078125,7849715
2016-10-07,2016-10-07T00:00:00Z,49.019012451171875,49.19020462036133,48.50542449951172,49.19020462036133,8408791
2016-10-10,2016-10-10T00:00:00Z,49.266292572021484,49.970096588134766,49.11412048339844,49.79890060424805,8291120
2016-10-11,2016-10-11T00:00:00Z,49.76085662841797,50.19835662841797,49.34238052368164,49.4374885559082,10249091
2016-10-12,2016-10-12T00:00:00Z,49.4374885559082,49.98912048339844,49.4184684753418,49.68477249145508,8805127
2016-10-13,2016-10-13T00:00:00Z,49.399444580078125,49.722816467285156,48.60053253173828,48.61955261230469,13645442
2016-10-14,2016-10-14T00:00:00Z,48.90488052368164,49.36140060424805,48.86683654785156,49.209228515625,7951241
2016-10-17,2016-10-17T00:00:00Z,49.019012451171875,49.209228515625,48.695640563964844,49.019012451171875,7151124
2016-10-18,2016-10-18T00:00:00Z,49.703792572021484,50.160316467285156,49.570640563964844,49.98912048339844,15199060
2016-10-19,2016-10-19T00:00:00Z,49.970096588134766,50.17933654785156,49.665748596191406,50.103248596191406,7718933
2016-10-20,2016-10-20T00:00:00Z,50.17933654785156,52.595096588134766,48.61955261230469,52.195640563964844,33442122
2016-10-21,2016-10-21T00:00:00Z,53.24183654785156,53.24183654785156,51.73912048339844,52.00542449951172,15153449
2016-10-24,2016-10-24T00:00:00Z,52.36683654785156,52.899444580078125,51.320640563964844,51.51085662841797,12180245
2016-10-25,2016-10-25T00:00:00Z,51.37770462036133,51.73912048339844,50.67390060424805,50.78803253173828,12879408
2016-10-26,2016-10-26T00:00:00Z,50.82607650756836,51.149444580078125,50.21738052368164,51.13042449951172,12275047
2016-10-27,2016-10-27T00:00:00Z,51.13042449951172,51.37770462036133,50.50270462036133,51.22553253173828,8070394
2016-10-28,2016-10-28T00:00:00Z,50.521728515625,51.49183654785156,50.25542449951172,51.33966064453125,10025573
2016-10-31,2016-10-31T00:00:00Z,51.22553253173828,51.22553253173828,50.33150863647461,50.407596588134766,11227256
2016-11-01,2016-11-01T00:00:00Z,50.711944580078125,50.92118453979492,49.81792449951172,49.836944580078125,5771765
2016-11-02,2016-11-02T00:00:00Z,49.722816467285156,49.74183654785156,49.019012451171875,49.07607650756836,6456429
2016-11-03,2016-11-03T00:00:00Z,48.9809684753418,49.19020462036133,48.790748596191406,48.80977249145508,4713318
2016-11-04,2016-11-04T00:00:00Z,48.847816467285156,48.88585662841797,48.277164459228516,48.353248596191406,3876160
2016-11-07,2016-11-07T00:00:00Z,48.790748596191406,50.06520462036133,48.657596588134766,50.027164459228516,11579837
2016-11-08,2016-11-08T00:00:00Z,50.23640060424805,50.578792572021484,49.8559684753418,50.23640060424805,8719835
2016-11-09,2016-11-09T00:00:00Z,48.46738052368164,53.29890060424805,48.37227249145508,52.88042449951172,31698733
2016-11-10,2016-11-10T00:00:00Z,53.165748596191406,54.19292449951172,52.91846466064453,53.39400863647461,19461384
2016-11-11,2016-11-11T00:00:00Z,53.66031265258789,53.79346466064453,52.55705261230469,52.633140563964844,10980680
2016-11-14,2016-11-14T00:00:00Z,53.08966064453125,53.584228515625,52.17662048339844,52.42390060424805,14130004
2016-11-15,2016-11-15T00:00:00Z,52.40488052368164,53.01357650756836,51.92933654785156,52.9374885559082,10568499
2016-11-16,2016-11-16T00:00:00Z,53.336944580078125,54.040748596191406,52.57607650756836,52.709228515625,13426036
2016-11-17,2016-11-17T00:00:00Z,52.65216064453125,53.18477249145508,52.53803253173828,52.99455261230469,10417372
2016-11-18,2016-11-18T00:00:00Z,53.35596466064453,53.774444580078125,52.86140060424805,53.41303253173828,13809770
2016-11-21,2016-11-21T00:00:00Z,53.73640060424805,53.86955261230469,53.01357650756836,53.54618453979492,9973159
2016-11-22,2016-11-22T00:00:00Z,53.88857650756836,53.88857650756836,53.165748596191406,53.508140563964844,10660136
2016-11-23,2016-11-23T00:00:00Z,53.508140563964844,53.88857650756836,53.22281265258789,53.52716064453125,10622953
2016-11-24,2016-11-24T00:00:00Z,53.73640060424805,53.98368453979492,53.35596466064453,53.79346466064453,7171348
2016-11-25,2016-11-25T00:00:00Z,53.79346466064453,54.211944580078125,53.48911666870117,54.211944580078125,8168429
2016-11-28,2016-11-28T00:00:00Z,54.09781265258789,54.11683654785156,53.62226867675781,53.83150863647461,11145802
2016-11-29,2016-11-29T00:00:00Z,53.070640563964844,53.45107650756836,52.30977249145508,52.36683654785156,13653675
2016-11-30,2016-11-30T00:00:00Z,52.23368453979492,53.27988052368164,52.157596588134766,53.070640563964844,14711066
2016-12-01,2016-12-01T00:00:00Z,53.01357650756836,53.470096588134766,52.82335662841797,53.31792449951172,11801326
2016-12-02,2016-12-02T00:00:00Z,53.165748596191406,53.165748596191406,52.36683654785156,52.899444580078125,10221380
2016-12-05,2016-12-05T00:00:00Z,52.899444580078125,54.021728515625,52.51900863647461,53.3749885559082,9188210
2016-12-06,2016-12-06T00:00:00Z,53.641292572021484,53.641292572021484,52.80433654785156,53.10868453979492,10333105
2016-12-07,2016-12-07T00:00:00Z,53.62226867675781,53.86955261230469,53.10868453979492,53.8124885559082,10866947
2016-12-08,2016-12-08T00:00:00Z,54.19292449951172,55.16303253173828,53.71738052368164,55.16303253173828,13186867
2016-12-09,2016-12-09T00:00:00Z,54.59238052368164,54.782596588134766,53.945640563964844,54.23096466064453,13357793
2016-12-12,2016-12-12T00:00:00Z,54.19292449951172,54.83966064453125,53.83150863647461,54.55433654785156,15767226
2016-12-13,2016-12-13T00:00:00Z,54.40216064453125,54.83966064453125,53.945640563964844,54.70650863647461,9586538
2016-12-14,2016-12-14T00:00:00Z,54.383140563964844,54.459228515625,53.54618453979492,53.75542449951172,15751533
2016-12-15,2016-12-15T00:00:00Z,53.69835662841797,54.6874885559082,53.31792449951172,54.53531265258789,14613362
2016-12-16,2016-12-16T00:00:00Z,54.6874885559082,54.953792572021484,54.078792572021484,54.44020462036133,13231290
2016-12-19,2016-12-19T00:00:00Z,54.44020462036133,54.53531265258789,53.603248596191406,54.00270462036133,9944781
2016-12-20,2016-12-20T00:00:00Z,54.00270462036133,54.30705261230469,53.43205261230469,53.52716064453125,8789182
2016-12-21,2016-12-21T00:00:00Z,53.48911666870117,53.69835662841797,53.01357650756836,53.54618453979492,7702283
2016-12-22,2016-12-22T00:00:00Z,53.45107650756836,53.508140563964844,52.78531265258789,52.97553253173828,5930657
2016-12-23,2016-12-23T00:00:00Z,53.070640563964844,53.48911666870117,52.95650863647461,53.146728515625,4717219
2016-12-27,2016-12-27T00:00:00Z,53.146728515625,53.71738052368164,53.12770462036133,53.29890060424805,3380680
2016-12-28,2016-12-28T00:00:00Z,53.26085662841797,53.603248596191406,53.05161666870117,53.41303253173828,4511355
2016-12-29,2016-12-29T00:00:00Z,53.26085662841797,53.3749885559082,52.88042449951172,52.97553253173828,3386741
2016-12-30,2016-12-30T00:00:00Z,52.95650863647461,53.01357650756836,52.44292449951172,52.78531265258789,4763282
2017-01-02,2017-01-02T00:00:00Z,52.899444580078125,53.18477249145508,52.633140563964844,53.070640563964844,3309240
2017-01-03,2017-01-03T00:00:00Z,53.26085662841797,53.83150863647461,53.203792572021484,53.66031265258789,8232897
2017-01-04,2017-01-04T00:00:00Z,53.88857650756836,53.88857650756836,53.01357650756836,53.43205261230469,7084574
2017-01-05,2017-01-05T00:00:00Z,53.45107650756836,53.62226867675781,53.01357650756836,53.10868453979492,2693765
2017-01-09,2017-01-09T00:00:00Z,53.48911666870117,54.76357650756836,53.35596466064453,53.86955261230469,13777181
2017-01-10,2017-01-10T00:00:00Z,54.49726867675781,54.6874885559082,54.17390060424805,54.516292572021484,12193945
2017-01-11,2017-01-11T00:00:00Z,53.774444580078125,54.30705261230469,53.508140563964844,53.73640060424805,13195021
2017-01-12,2017-01-12T00:00:00Z,53.85053253173828,53.85053253173828,52.78531265258789,53.01357650756836,11092915
2017-01-13,2017-01-13T00:00:00Z,53.26085662841797,53.3749885559082,52.80433654785156,53.08966064453125,11046431
2017-01-16,2017-01-16T00:00:00Z,53.67933654785156,54.66846466064453,53.203792572021484,53.26085662841797,17195713
2017-01-17,2017-01-17T00:00:00Z,53.336944580078125,53.35596466064453,51.282596588134766,52.69020462036133,14636246
2017-01-18,2017-01-18T00:00:00Z,52.86140060424805,53.203792572021484,52.25270462036133,53.05161666870117,13722544
2017-01-19,2017-01-19T00:00:00Z,53.27988052368164,53.29890060424805,52.57607650756836,52.899444580078125,10276297
2017-01-20,2017-01-20T00:00:00Z,52.82335662841797,53.92661666870117,52.69020462036133,53.8124885559082,8835150
2017-01-23,2017-01-23T00:00:00Z,53.54618453979492,53.584228515625,52.55705261230469,52.84238052368164,10268127
2017-01-24,2017-01-24T00:00:00Z,52.84238052368164,54.11683654785156,52.80433654785156,53.88857650756836,11183664
2017-01-25,2017-01-25T00:00:00Z,54.40216064453125,55.353248596191406,54.40216064453125,55.04890060424805,15318355
2017-01-26,2017-01-26T00:00:00Z,55.04890060424805,55.50542068481445,54.6874885559082,55.201072692871094,13474244
2017-01-27,2017-01-27T00:00:00Z,55.16303253173828,56.68476867675781,53.43205261230469,53.584228515625,28248879
2017-01-30,2017-01-30T00:00:00Z,54.021728515625,54.17390060424805,53.54618453979492,53.85053253173828,10929092
2017-01-31,2017-01-31T00:00:00Z,54.00270462036133,54.49726867675781,53.31792449951172,53.31792449951172,15866381
2017-02-01,2017-02-01T00:00:00Z,53.67933654785156,54.2499885559082,52.709228515625,53.75542449951172,16939916
2017-02-02,2017-02-02T00:00:00Z,53.75542449951172,54.516292572021484,53.56520462036133,54.15488052368164,11280432
2017-02-03,2017-02-03T00:00:00Z,54.15488052368164,54.345096588134766,53.96466064453125,54.13585662841797,7176811
2017-02-06,2017-02-06T00:00:00Z,54.2499885559082,54.61140060424805,54.05976867675781,54.17390060424805,8478085
2017-02-07,2017-02-07T00:00:00Z,53.88857650756836,55.10596466064453,53.79346466064453,54.80161666870117,8291620
2017-02-08,2017-02-08T00:00:00Z,54.820640563964844,55.353248596191406,54.021728515625,54.345096588134766,10323932
2017-02-09,2017-02-09T00:00:00Z,54.459228515625,54.76357650756836,53.96466064453125,54.32607650756836,6769976
2017-02-10,2017-02-10T00:00:00Z,54.459228515625,54.915748596191406,54.211944580078125,54.83966064453125,6475329
2017-02-13,2017-02-13T00:00:00Z,55.086944580078125,55.90488052368164,55.01085662841797,55.84781265258789,8526777
2017-02-14,2017-02-14T00:00:00Z,55.73368453979492,56.133140563964844,55.41031265258789,55.88585662841797,9684195
2017-02-15,2017-02-15T00:00:00Z,56.11411666870117,56.28531265258789,55.67661666870117,56.076072692871094,9324969
2017-02-16,2017-02-16T00:00:00Z,56.076072692871094,56.32335662841797,55.790748596191406,55.88585662841797,7497833
2017-02-17,2017-02-17T00:00:00Z,55.94292068481445,56.15216064453125,55.086944580078125,55.29618453979492,11034971
2017-02-20,2017-02-20T00:00:00Z,55.353248596191406,55.90488052368164,55.334228515625,55.61955261230469,6210527
2017-02-21,2017-02-21T00:00:00Z,55.61955261230469,56.779876708984375,55.42933654785156,56.570640563964844,9754982
2017-02-22,2017-02-22T00:00:00Z,56.58966064453125,56.779876708984375,56.19020462036133,56.34238052368164,8930431
2017-02-23,2017-02-23T00:00:00Z,56.45650863647461,56.55161666870117,56.076072692871094,56.11411666870117,8147921
2017-02-24,2017-02-24T00:00:00Z,56.095096588134766,56.399444580078125,55.23911666870117,55.75270462036133,10465722
2017-02-27,2017-02-27T00:00:00Z,55.92390060424805,56.34238052368164,55.638572692871094,55.90488052368164,6561120
2017-02-28,2017-02-28T00:00:00Z,56.076072692871094,56.34238052368164,55.790748596191406,56.228248596191406,9266657
2017-03-01,2017-03-01T00:00:00Z,56.60868453979492,58.11140060424805,56.4374885559082,57.826072692871094,16315630
2017-03-02,2017-03-02T00:00:00Z,57.788028717041016,57.94020462036133,57.274444580078125,57.36955261230469,12475050
2017-03-03,2017-03-03T00:00:00Z,57.06520462036133,57.845096588134766,56.951072692871094,57.69292068481445,9172344
2017-03-06,2017-03-06T00:00:00Z,57.578792572021484,57.578792572021484,57.06520462036133,57.12226867675781,8385149
2017-03-07,2017-03-07T00:00:00Z,57.217376708984375,58.149444580078125,57.103248596191406,57.86411666870117,14622861
2017-03-08,2017-03-08T00:00:00Z,57.76900863647461,58.396724700927734,57.654876708984375,57.978248596191406,12198088
2017-03-09,2017-03-09T00:00:00Z,57.73096466064453,57.788028717041016,57.084224700927734,57.388572692871094,13137019
2017-03-10,2017-03-10T00:00:00Z,57.55976867675781,58.016292572021484,57.084224700927734,57.3124885559082,10503295
2017-03-13,2017-03-13T00:00:00Z,57.36955261230469,57.845096588134766,57.29346466064453,57.59781265258789,9119473
2017-03-14,2017-03-14T00:00:00Z,57.63585662841797,57.76900863647461,56.79890060424805,57.141292572021484,11359810
2017-03-15,2017-03-15T00:00:00Z,57.29346466064453,57.883140563964844,57.17933654785156,57.73096466064453,9043785
2017-03-16,2017-03-16T00:00:00Z,58.225528717041016,58.51085662841797,57.50270462036133,57.978248596191406,19331065
2017-03-17,2017-03-17T00:00:00Z,58.20650863647461,58.415748596191406,57.845096588134766,58.16846466064453,12373108
2017-03-20,2017-03-20T00:00:00Z,58.03531265258789,58.56792068481445,58.03531265258789,58.358680725097656,10434468
2017-03-21,2017-03-21T00:00:00Z,58.54890060424805,58.54890060424805,57.36955261230469,57.521724700927734,10673037
2017-03-22,2017-03-22T00:00:00Z,57.61683654785156,57.61683654785156,56.85596466064453,57.17933654785156,11050506
2017-03-23,2017-03-23T00:00:00Z,57.3124885559082,58.415748596191406,57.217376708984375,58.37770462036133,11048440
2017-03-24,2017-03-24T00:00:00Z,58.33966064453125,58.891292572021484,58.225528717041016,58.6249885559082,8772433
2017-03-27,2017-03-27T00:00:00Z,58.13042068481445,58.149444580078125,57.35053253173828,58.149444580078125,13922720
2017-03-28,2017-03-28T00:00:00Z,58.149444580078125,58.758140563964844,57.73096466064453,58.73911666870117,9258372
2017-03-29,2017-03-29T00:00:00Z,59.04346466064453,59.4999885559082,58.77716064453125,59.25270462036133,11134168
2017-03-30,2017-03-30T00:00:00Z,59.328792572021484,59.78531265258789,59.08150863647461,59.671180725097656,9326741
2017-03-31,2017-03-31T00:00:00Z,59.65216064453125,60.336944580078125,59.271724700927734,60.165748596191406,8960050
2017-04-03,2017-04-03T00:00:00Z,60.413028717041016,60.508140563964844,59.766292572021484,59.899444580078125,10099404
2017-04-04,2017-04-04T00:00:00Z,59.899444580078125,60.546180725097656,59.671180725097656,59.899444580078125,13354423
2017-04-05,2017-04-05T00:00:00Z,60.08966064453125,60.146724700927734,59.4999885559082,59.595096588134766,11782747
2017-04-06,2017-04-06T00:00:00Z,59.3668327331543,59.99455261230469,59.08150863647461,59.48096466064453,13717660
2017-04-07,2017-04-07T00:00:00Z,59.34781265258789,60.6793327331543,58.87226867675781,60.6793327331543,11565485
2017-04-10,2017-04-10T00:00:00Z,60.850528717041016,61.154876708984375,60.39400863647461,60.451072692871094,8706245
2017-04-11,2017-04-11T00:00:00Z,60.336944580078125,60.717376708984375,60.108680725097656,60.451072692871094,7687800
2017-04-12,2017-04-12T00:00:00Z,60.52716064453125,61.44020462036133,60.52716064453125,60.81248474121094,10916491
2017-04-13,2017-04-13T00:00:00Z,60.81248474121094,60.81248474121094,60.165748596191406,60.66031265258789,4764412
2017-04-18,2017-04-18T00:00:00Z,60.888572692871094,60.907596588134766,59.30976867675781,59.3668327331543,11747282
2017-04-19,2017-04-19T00:00:00Z,59.25270462036133,60.165748596191406,59.100528717041016,59.86140060424805,7536363
2017-04-20,2017-04-20T00:00:00Z,59.899444580078125,60.08966064453125,59.233680725097656,59.42390060424805,10796517
2017-04-21,2017-04-21T00:00:00Z,59.42390060424805,60.43205261230469,59.328792572021484,60.2418327331543,9991775
2017-04-24,2017-04-24T00:00:00Z,61.74455261230469,61.9918327331543,60.413028717041016,61.51628875732422,13939180
2017-04-25,2017-04-25T00:00:00Z,61.63042068481445,62.94292068481445,61.154876708984375,62.41031265258789,12889497
2017-04-26,2017-04-26T00:00:00Z,62.54346466064453,64.21737670898438,61.87770462036133,63.57063674926758,24138476
2017-04-27,2017-04-27T00:00:00Z,62.96194076538086,62.96194076538086,62.01085662841797,62.44835662841797,14296834
2017-04-28,2017-04-28T00:00:00Z,62.467376708984375,63.15216064453125,62.25813674926758,62.99998474121094,9696129
2017-05-02,2017-05-02T00:00:00Z,63.5325927734375,63.665748596191406,62.904876708984375,63.36140060424805,7870917
2017-05-03,2017-05-03T00:00:00Z,63.209224700927734,63.24726867675781,62.44835662841797,62.96194076538086,8157562
2017-05-04,2017-05-04T00:00:00Z,63.43748474121094,63.87498474121094,62.80976867675781,63.342376708984375,11207116
2017-05-05,2017-05-05T00:00:00Z,63.342376708984375,63.45650863647461,62.82878875732422,63.171180725097656,10454240
2017-05-08,2017-05-08T00:00:00Z,63.209224700927734,63.24726867675781,62.01085662841797,62.82878875732422,10182110
2017-05-09,2017-05-09T00:00:00Z,63.05705261230469,63.72281265258789,62.96194076538086,63.49455261230469,12550090
2017-05-10,2017-05-10T00:00:00Z,63.171180725097656,63.43748474121094,62.94292068481445,63.43748474121094,8431276
2017-05-11,2017-05-11T00:00:00Z,63.45650863647461,63.76085662841797,62.96194076538086,63.342376708984375,8607285
2017-05-12,2017-05-12T00:00:00Z,63.342376708984375,63.49455261230469,62.296180725097656,62.61955261230469,8469816
2017-05-15,2017-05-15T00:00:00Z,62.771724700927734,62.790748596191406,62.12498474121094,62.44835662841797,9403169
2017-05-16,2017-05-16T00:00:00Z,62.54346466064453,62.67661666870117,62.12498474121094,62.334224700927734,12250622
2017-05-17,2017-05-17T00:00:00Z,61.95378875732422,62.220096588134766,60.584224700927734,60.717376708984375,13997382
2017-05-18,2017-05-18T00:00:00Z,60.451072692871094,60.69835662841797,59.595096588134766,59.899444580078125,16431587
2017-05-19,2017-05-19T00:00:00Z,60.12770462036133,60.603248596191406,59.975528717041016,60.2418327331543,9006859
2017-05-22,2017-05-22T00:00:00Z,60.336944580078125,60.62226867675781,59.709224700927734,59.93748474121094,8325770
2017-05-23,2017-05-23T00:00:00Z,59.91846466064453,60.39400863647461,59.842376708984375,60.336944580078125,6519557
2017-05-24,2017-05-24T00:00:00Z,60.39400863647461,60.39400863647461,59.95650863647461,60.146724700927734,4794136
2017-05-26,2017-05-26T00:00:00Z,60.31792068481445,60.641292572021484,60.070640563964844,60.584224700927734,9554549
2017-05-29,2017-05-29T00:00:00Z,60.546180725097656,60.69835662841797,60.032596588134766,60.22281265258789,4122746
2017-05-30,2017-05-30T00:00:00Z,59.93748474121094,60.907596588134766,59.842376708984375,60.69835662841797,7901356
2017-05-31,2017-05-31T00:00:00Z,60.69835662841797,61.61140060424805,60.413028717041016,61.17390060424805,12203208
2017-06-01,2017-06-01T00:00:00Z,61.05976867675781,61.725528717041016,60.31792068481445,60.48911666870117,9494197
2017-06-02,2017-06-02T00:00:00Z,60.86955261230469,61.36411666870117,60.73640060424805,60.94563674926758,7751485
2017-06-05,2017-06-05T00:00:00Z,61.17390060424805,61.17390060424805,60.013572692871094,60.032596588134766,7675099
2017-06-06,2017-06-06T00:00:00Z,60.032596588134766,60.032596588134766,60.032596588134766,60.032596588134766,0
2017-06-07,2017-06-07T00:00:00Z,59.93748474121094,61.288028717041016,59.82335662841797,60.850528717041016,14411866
2017-06-08,2017-06-08T00:00:00Z,61.05976867675781,61.915748596191406,60.79346466064453,61.66846466064453,11806783
2017-06-09,2017-06-09T00:00:00Z,62.01085662841797,62.99998474121094,61.896724700927734,62.904876708984375,14710692
2017-06-12,2017-06-12T00:00:00Z,62.48640060424805,62.638572692871094,61.288028717041016,61.38313674926758,11247801
2017-06-13,2017-06-13T00:00:00Z,61.5543327331543,62.201072692871094,61.44020462036133,61.83966064453125,9099764
2017-06-14,2017-06-14T00:00:00Z,61.9918327331543,62.353248596191406,61.26900863647461,61.44020462036133,7983651
2017-06-15,2017-06-15T00:00:00Z,61.24998474121094,61.326072692871094,60.81248474121094,61.326072692871094,10717560
2017-06-16,2017-06-16T00:00:00Z,62.37226867675781,62.56248474121094,62.029876708984375,62.56248474121094,14357764
2017-06-19,2017-06-19T00:00:00Z,63.342376708984375,63.98911666870117,63.228248596191406,63.72281265258789,10437081
2017-06-20,2017-06-20T00:00:00Z,64.02716064453125,64.29346466064453,63.57063674926758,63.79890060424805,11393177
2017-06-21,2017-06-21T00:00:00Z,63.85596466064453,64.29346466064453,63.228248596191406,64.19835662841797,11738997
2017-06-22,2017-06-22T00:00:00Z,64.1032485961914,64.5407485961914,63.81792068481445,64.44564056396484,11592696
2017-06-23,2017-06-23T00:00:00Z,64.44564056396484,64.44564056396484,64.44564056396484,64.44564056396484,0
2017-06-26,2017-06-26T00:00:00Z,64.46466064453125,65.3016128540039,64.44564056396484,64.67389678955078,12272245
2017-06-27,2017-06-27T00:00:00Z,64.5407485961914,64.63585662841797,63.665748596191406,63.779876708984375,8592812
2017-06-28,2017-06-28T00:00:00Z,63.57063674926758,63.58966064453125,62.638572692871094,63.36140060424805,8846217
2017-06-29,2017-06-29T00:00:00Z,63.5325927734375,63.7418327331543,61.63042068481445,61.896724700927734,10229482
2017-06-30,2017-06-30T00:00:00Z,62.10596466064453,62.25813674926758,61.44020462036133,61.44020462036133,10142870
2017-07-03,2017-07-03T00:00:00Z,61.70650863647461,62.25813674926758,61.63042068481445,62.12498474121094,5880777
2017-07-04,2017-07-04T00:00:00Z,61.80161666870117,61.97281265258789,61.36411666870117,61.49726867675781,6141279
2017-07-05,2017-07-05T00:00:00Z,61.36411666870117,61.95378875732422,60.96466064453125,61.87770462036133,7070191
2017-07-06,2017-07-06T00:00:00Z,61.782596588134766,61.915748596191406,60.907596588134766,61.70650863647461,9164863
2017-07-07,2017-07-07T00:00:00Z,61.82063674926758,61.93476867675781,61.288028717041016,61.44020462036133,7239681
2017-07-10,2017-07-10T00:00:00Z,61.74455261230469,62.56248474121094,61.459224700927734,62.39128875732422,7317077
2017-07-11,2017-07-11T00:00:00Z,62.353248596191406,62.733680725097656,61.68748474121094,61.68748474121094,7038958
2017-07-12,2017-07-12T00:00:00Z,62.01085662841797,63.79890060424805,61.87770462036133,63.79890060424805,9359535
2017-07-13,2017-07-13T00:00:00Z,63.83694076538086,63.83694076538086,63.038028717041016,63.11411666870117,5539410
2017-07-14,2017-07-14T00:00:00Z,63.342376708984375,63.68476867675781,62.94292068481445,63.513572692871094,8626126
2017-07-17,2017-07-17T00:00:00Z,63.62770462036133,63.93205261230469,57.48368453979492,59.157596588134766,46316915
2017-07-18,2017-07-18T00:00:00Z,59.0624885559082,59.11955261230469,57.94020462036133,58.320640563964844,15955547
2017-07-19,2017-07-19T00:00:00Z,58.529876708984375,59.576072692871094,57.578792572021484,59.195640563964844,18991732
2017-07-20,2017-07-20T00:00:00Z,59.728248596191406,60.108680725097656,58.51085662841797,58.758140563964844,13000370
2017-07-21,2017-07-21T00:00:00Z,58.64400863647461,58.94835662841797,57.80705261230469,57.90216064453125,14916420
2017-07-24,2017-07-24T00:00:00Z,57.90216064453125,58.03531265258789,57.274444580078125,57.33150863647461,10521642
2017-07-25,2017-07-25T00:00:00Z,57.274444580078125,58.20650863647461,57.25542068481445,57.61683654785156,12149601
2017-07-26,2017-07-26T00:00:00Z,57.59781265258789,58.05433654785156,57.35053253173828,57.978248596191406,8060863
2017-07-27,2017-07-27T00:00:00Z,57.86411666870117,58.263572692871094,56.62770462036133,56.76085662841797,14145334
2017-07-28,2017-07-28T00:00:00Z,56.665748596191406,56.74183654785156,56.01900863647461,56.38042068481445,10372681
2017-07-31,2017-07-31T00:00:00Z,56.30433654785156,56.570640563964844,55.657596588134766,55.657596588134766,8772985
2017-08-01,2017-08-01T00:00:00Z,55.92390060424805,56.646724700927734,55.695640563964844,56.30433654785156,11550660
2017-08-02,2017-08-02T00:00:00Z,56.38042068481445,56.570640563964844,55.391292572021484,55.50542068481445,10389415
2017-08-03,2017-08-03T00:00:00Z,55.391292572021484,55.9999885559082,55.04890060424805,55.695640563964844,8889473
2017-08-04,2017-08-04T00:00:00Z,55.86683654785156,56.970096588134766,55.524444580078125,56.665748596191406,13179865
2017-08-07,2017-08-07T00:00:00Z,56.72281265258789,57.06520462036133,56.266292572021484,56.72281265258789,9141348
2017-08-08,2017-08-08T00:00:00Z,56.55161666870117,57.274444580078125,56.266292572021484,57.19835662841797,8954661
2017-08-09,2017-08-09T00:00:00Z,56.85596466064453,57.103248596191406,56.399444580078125,56.8749885559082,8541944
2017-08-10,2017-08-10T00:00:00Z,56.8749885559082,57.04618453979492,56.30433654785156,56.30433654785156,7278442
2017-08-11,2017-08-11T00:00:00Z,56.03803253173828,56.133140563964844,55.334228515625,55.790748596191406,7717755
2017-08-14,2017-08-14T00:00:00Z,56.228248596191406,56.62770462036133,55.771728515625,56.03803253173828,8282819
2017-08-15,2017-08-15T00:00:00Z,56.24726867675781,56.399444580078125,55.334228515625,55.61955261230469,7254175
2017-08-16,2017-08-16T00:00:00Z,55.790748596191406,56.36140060424805,55.771728515625,55.98096466064453,9365155
2017-08-17,2017-08-17T00:00:00Z,56.32335662841797,57.04618453979492,56.05705261230469,56.266292572021484,15573532
2017-08-18,2017-08-18T00:00:00Z,55.80976867675781,56.076072692871094,55.60053253173828,55.92390060424805,8654972
2017-08-21,2017-08-21T00:00:00Z,55.71466064453125,55.86683654785156,55.201072692871094,55.524444580078125,9420165
2017-08-22,2017-08-22T00:00:00Z,55.88585662841797,57.217376708984375,55.61955261230469,57.103248596191406,13410091
2017-08-23,2017-08-23T00:00:00Z,57.407596588134766,58.586944580078125,57.35053253173828,58.07335662841797,20747318
2017-08-24,2017-08-24T00:00:00Z,58.263572692871094,58.358680725097656,57.92118453979492,57.959224700927734,10622553
2017-08-25,2017-08-25T00:00:00Z,58.11140060424805,59.8043327331543,58.092376708984375,58.967376708984375,18280582
2017-08-28,2017-08-28T00:00:00Z,58.758140563964844,58.758140563964844,58.1874885559082,58.415748596191406,8384040
2017-08-29,2017-08-29T00:00:00Z,58.05433654785156,58.20650863647461,57.69292068481445,57.69292068481445,10278615
2017-08-30,2017-08-30T00:00:00Z,58.30161666870117,58.396724700927734,57.59781265258789,58.03531265258789,7292363
2017-08-31,2017-08-31T00:00:00Z,58.30161666870117,59.538028717041016,58.11140060424805,59.233680725097656,14957641
2017-09-01,2017-09-01T00:00:00Z,59.65216064453125,59.8043327331543,59.290748596191406,59.728248596191406,12692764
2017-09-04,2017-09-04T00:00:00Z,59.328792572021484,60.146724700927734,59.157596588134766,59.91846466064453,8819132
2017-09-05,2017-09-05T00:00:00Z,60.032596588134766,60.35596466064453,59.65216064453125,59.88042068481445,10644612
2017-09-06,2017-09-06T00:00:00Z,59.595096588134766,59.95650863647461,59.328792572021484,59.55705261230469,8905181
2017-09-07,2017-09-07T00:00:00Z,59.842376708984375,60.470096588134766,59.538028717041016,60.451072692871094,12575046
2017-09-08,2017-09-08T00:00:00Z,60.413028717041016,60.6793327331543,59.88042068481445,60.22281265258789,9955563
2017-09-11,2017-09-11T00:00:00Z,60.48911666870117,61.49726867675781,60.48911666870117,61.40216064453125,7591294
2017-09-12,2017-09-12T00:00:00Z,61.63042068481445,61.9918327331543,61.17390060424805,61.80161666870117,7800497
2017-09-13,2017-09-13T00:00:00Z,61.74455261230469,61.97281265258789,61.459224700927734,61.782596588134766,6927002
2017-09-14,2017-09-14T00:00:00Z,61.66846466064453,62.31520462036133,61.53531265258789,62.31520462036133,8881403
2017-09-15,2017-09-15T00:00:00Z,62.06792068481445,62.56248474121094,61.80161666870117,61.83966064453125,9650271
2017-09-18,2017-09-18T00:00:00Z,62.220096588134766,62.52444076538086,62.01085662841797,62.52444076538086,5329745
2017-09-19,2017-09-19T00:00:00Z,62.39128875732422,62.904876708984375,62.18205261230469,62.56248474121094,6113790
2017-09-20,2017-09-20T00:00:00Z,62.54346466064453,62.80976867675781,62.220096588134766,62.27716064453125,6685588
2017-09-21,2017-09-21T00:00:00Z,62.44835662841797,62.733680725097656,62.01085662841797,62.71466064453125,7709512
2017-09-22,2017-09-22T00:00:00Z,62.733680725097656,62.904876708984375,62.334224700927734,62.69563674926758,7104677
2017-09-25,2017-09-25T00:00:00Z,62.61955261230469,63.076072692871094,62.48640060424805,62.638572692871094,6114468
2017-09-26,2017-09-26T00:00:00Z,62.638572692871094,63.41846466064453,62.54346466064453,63.13313674926758,7512595
2017-09-27,2017-09-27T00:00:00Z,63.38042068481445,64.21737670898438,63.11411666870117,63.83694076538086,8489998
2017-09-28,2017-09-28T00:00:00Z,64.00814056396484,65.16846466064453,63.79890060424805,65.05433654785156,9922149
2017-09-29,2017-09-29T00:00:00Z,65.14944458007812,65.68205261230469,64.67389678955078,65.60596466064453,8943910
2017-10-02,2017-10-02T00:00:00Z,65.89128875732422,66.1766128540039,65.37770080566406,66.02444458007812,7162559
2017-10-03,2017-10-03T00:00:00Z,66.25270080566406,66.7282485961914,66.1385726928711,66.38585662841797,7292121
2017-10-04,2017-10-04T00:00:00Z,66.48096466064453,66.63314056396484,66.08150482177734,66.46194458007812,7796260
2017-10-05,2017-10-05T00:00:00Z,66.2907485961914,66.5760726928711,65.8532485961914,65.91030883789062,12094343
2017-10-06,2017-10-06T00:00:00Z,66.11955261230469,66.1575927734375,65.33966064453125,65.51085662841797,6902998
2017-10-09,2017-10-09T00:00:00Z,65.49183654785156,65.7200927734375,65.18748474121094,65.43476867675781,9762905
2017-10-10,2017-10-10T00:00:00Z,65.18748474121094,65.7200927734375,64.90216064453125,65.52987670898438,6961105
2017-10-11,2017-10-11T00:00:00Z,65.62498474121094,65.92933654785156,65.4157485961914,65.8532485961914,6191732
2017-10-12,2017-10-12T00:00:00Z,65.8532485961914,65.98639678955078,65.47280883789062,65.52987670898438,6547457
2017-10-13,2017-10-13T00:00:00Z,65.45378875732422,65.62498474121094,65.05433654785156,65.05433654785156,9389069
2017-10-16,2017-10-16T00:00:00Z,64.94020080566406,65.05433654785156,64.65487670898438,64.8260726928711,8894314
2017-10-17,2017-10-17T00:00:00Z,64.8260726928711,65.35868072509766,64.21737670898438,64.21737670898438,12895616
2017-10-18,2017-10-18T00:00:00Z,64.35053253173828,66.27172088623047,63.36140060424805,66.19564056396484,20788613
2017-10-19,2017-10-19T00:00:00Z,66.2907485961914,67.64128875732422,66.23368072509766,67.56520080566406,16926726
2017-10-20,2017-10-20T00:00:00Z,68.19291687011719,68.8016128540039,67.94564056396484,68.15487670898438,13812683
2017-10-23,2017-10-23T00:00:00Z,68.21194458007812,68.74455261230469,67.86955261230469,68.23096466064453,10677259
2017-10-24,2017-10-24T00:00:00Z,68.17389678955078,68.83966064453125,67.52716064453125,68.0407485961914,13279093
2017-10-25,2017-10-25T00:00:00Z,67.81248474121094,69.02987670898438,67.73639678955078,68.99182891845703,10449383
2017-10-26,2017-10-26T00:00:00Z,69.01085662841797,69.99998474121094,68.97280883789062,69.39128875732422,14133411
2017-10-27,2017-10-27T00:00:00Z,69.14400482177734,69.48639678955078,68.82064056396484,69.27716064453125,9633653
2017-10-30,2017-10-30T00:00:00Z,69.33422088623047,69.60052490234375,69.2010726928711,69.31520080566406,6798170
2017-10-31,2017-10-31T00:00:00Z,69.6385726928711,70.05705261230469,69.46737670898438,69.84780883789062,10236968
2017-11-01,2017-11-01T00:00:00Z,69.99998474121094,70.58966064453125,69.99998474121094,70.01900482177734,8738440
2017-11-02,2017-11-02T00:00:00Z,69.92389678955078,70.17118072509766,69.41030883789062,69.92389678955078,6946222
2017-11-03,2017-11-03T00:00:00Z,70.24726867675781,71.12226867675781,70.2282485961914,70.9891128540039,5109255
2017-11-06,2017-11-06T00:00:00Z,71.12226867675781,71.17932891845703,70.17118072509766,70.64672088623047,9942726
2017-11-07,2017-11-07T00:00:00Z,70.70378875732422,71.12226867675781,70.28530883789062,70.5516128540039,6315543
2017-11-08,2017-11-08T00:00:00Z,70.45650482177734,70.72280883789062,69.82878875732422,70.28530883789062,10326565
2017-11-09,2017-11-09T00:00:00Z,70.0760726928711,70.43748474121094,68.7635726928711,69.10596466064453,11653931
2017-11-10,2017-11-10T00:00:00Z,68.93476867675781,69.3532485961914,68.7635726928711,68.9157485961914,6618991
2017-11-13,2017-11-13T00:00:00Z,69.12498474121094,69.16302490234375,67.9075927734375,68.53530883789062,9526833
2017-11-14,2017-11-14T00:00:00Z,68.4782485961914,69.44835662841797,68.23096466064453,68.70650482177734,9408568
2017-11-15,2017-11-15T00:00:00Z,68.11683654785156,69.14400482177734,68.09780883789062,69.04889678955078,9350834
2017-11-16,2017-11-16T00:00:00Z,69.42932891845703,70.0950927734375,68.9157485961914,69.94291687011719,7215356
2017-11-17,2017-11-17T00:00:00Z,69.99998474121094,70.26628875732422,69.27716064453125,69.48639678955078,8229869
2017-11-20,2017-11-20T00:00:00Z,69.33422088623047,70.83694458007812,68.87770080566406,70.47552490234375,10685245
2017-11-21,2017-11-21T00:00:00Z,70.47552490234375,71.73096466064453,70.2282485961914,71.48368072509766,9761948
2017-11-22,2017-11-22T00:00:00Z,71.52172088623047,71.92118072509766,70.34237670898438,70.38041687011719,11227692
2017-11-23,2017-11-23T00:00:00Z,70.0950927734375,70.45650482177734,69.7907485961914,70.03802490234375,6604891
2017-11-24,2017-11-24T00:00:00Z,70.03802490234375,70.36139678955078,69.69564056396484,70.05705261230469,8725712
2017-11-27,2017-11-27T00:00:00Z,69.98096466064453,70.60868072509766,69.56248474121094,69.94291687011719,7668101
2017-11-28,2017-11-28T00:00:00Z,70.05705261230469,70.93205261230469,70.05705261230469,70.6657485961914,6300723
2017-11-29,2017-11-29T00:00:00Z,71.12226867675781,71.12226867675781,69.37226867675781,69.37226867675781,6854548
2017-11-30,2017-11-30T00:00:00Z,69.73368072509766,69.98096466064453,68.40216064453125,68.40216064453125,17567104
2017-12-01,2017-12-01T00:00:00Z,68.4782485961914,68.97280883789062,67.4510726928711,67.4510726928711,13413471
2017-12-04,2017-12-04T00:00:00Z,68.28802490234375,69.54346466064453,68.0407485961914,68.70650482177734,13254427
2017-12-05,2017-12-05T00:00:00Z,68.49726867675781,69.01085662841797,67.6032485961914,68.26900482177734,13007646
2017-12-06,2017-12-06T00:00:00Z,67.67933654785156,68.26900482177734,67.07064056396484,67.8885726928711,9461944
2017-12-07,2017-12-07T00:00:00Z,68.07878875732422,68.89672088623047,67.69835662841797,67.81248474121094,10834264
2017-12-08,2017-12-08T00:00:00Z,68.4782485961914,68.8016128540039,67.75541687011719,67.75541687011719,11794749
2017-12-11,2017-12-11T00:00:00Z,67.83150482177734,68.49726867675781,67.75541687011719,67.96466064453125,7769443
2017-12-12,2017-12-12T00:00:00Z,67.96466064453125,68.24998474121094,67.29889678955078,67.81248474121094,10041413
2017-12-13,2017-12-13T00:00:00Z,67.4891128540039,67.50814056396484,66.34780883789062,66.88041687011719,12146820
2017-12-14,2017-12-14T00:00:00Z,66.69020080566406,67.77444458007812,66.65216064453125,66.88041687011719,13144153
2017-12-15,2017-12-15T00:00:00Z,66.88041687011719,67.26085662841797,66.65216064453125,67.07064056396484,11823800
2017-12-18,2017-12-18T00:00:00Z,67.50814056396484,69.2200927734375,67.4510726928711,69.02987670898438,14032710
2017-12-19,2017-12-19T00:00:00Z,69.04889678955078,69.50541687011719,68.59237670898438,68.66846466064453,10551855
2017-12-20,2017-12-20T00:00:00Z,68.74455261230469,69.54346466064453,68.59237670898438,68.8016128540039,11453744
2017-12-21,2017-12-21T00:00:00Z,68.83966064453125,69.52444458007812,68.61139678955078,69.29618072509766,7885595
2017-12-22,2017-12-22T00:00:00Z,69.2200927734375,69.42932891845703,68.59237670898438,68.83966064453125,7700070
2017-12-27,2017-12-27T00:00:00Z,68.7635726928711,69.42932891845703,67.96466064453125,68.49726867675781,7279767
2017-12-28,2017-12-28T00:00:00Z,68.42118072509766,68.68748474121094,67.9266128540039,67.98368072509766,5391989
2017-12-29,2017-12-29T00:00:00Z,68.00270080566406,68.19291687011719,67.18476867675781,67.37498474121094,6650182
2018-01-02,2018-01-02T00:00:00Z,67.33694458007812,67.58422088623047,66.84237670898438,67.18476867675781,8485440
2018-01-03,2018-01-03T00:00:00Z,67.24183654785156,68.21194458007812,67.24183654785156,67.94564056396484,6354709
2018-01-04,2018-01-04T00:00:00Z,68.28802490234375,69.42932891845703,68.28802490234375,69.33422088623047,16161301
2018-01-05,2018-01-05T00:00:00Z,69.42932891845703,70.19020080566406,69.42932891845703,70.19020080566406,5631294
2018-01-08,2018-01-08T00:00:00Z,71.23639678955078,71.46466064453125,70.5325927734375,71.46466064453125,12470912
2018-01-09,2018-01-09T00:00:00Z,71.31248474121094,71.88313293457031,71.19835662841797,71.57878875732422,12327808
2018-01-10,2018-01-10T00:00:00Z,71.48368072509766,71.69291687011719,71.1032485961914,71.44563293457031,8321065
2018-01-11,2018-01-11T00:00:00Z,71.52172088623047,71.9782485961914,71.25541687011719,71.73096466064453,8841175
2018-01-12,2018-01-12T00:00:00Z,71.90216064453125,72.05432891845703,71.3885726928711,71.8450927734375,7023044
2018-01-15,2018-01-15T00:00:00Z,71.33150482177734,72.32063293457031,71.27444458007812,72.07335662841797,7958884
2018-01-16,2018-01-16T00:00:00Z,72.37770080566406,72.54889678955078,71.73096466064453,71.88313293457031,7283284
2018-01-17,2018-01-17T00:00:00Z,71.69291687011719,72.37770080566406,71.52172088623047,71.99726867675781,7722418
2018-01-18,2018-01-18T00:00:00Z,72.18748474121094,72.35868072509766,71.61682891845703,71.8450927734375,8719414
2018-01-19,2018-01-19T00:00:00Z,71.95922088623047,72.68205261230469,71.94020080566406,72.43476867675781,8462298
2018-01-22,2018-01-22T00:00:00Z,72.54889678955078,72.60596466064453,72.03530883789062,72.22552490234375,7220850
2018-01-23,2018-01-23T00:00:00Z,72.47280883789062,72.98639678955078,71.8641128540039,72.03530883789062,8616748
2018-01-24,2018-01-24T00:00:00Z,71.9782485961914,72.07335662841797,71.27444458007812,71.3885726928711,7763135
2018-01-25,2018-01-25T00:00:00Z,70.76085662841797,72.05432891845703,70.24726867675781,70.49455261230469,13086450
2018-01-26,2018-01-26T00:00:00Z,71.08422088623047,71.33150482177734,67.56520080566406,69.82878875732422,21671703
2018-01-29,2018-01-29T00:00:00Z,69.82878875732422,70.47552490234375,69.50541687011719,69.77172088623047,10445493
2018-01-30,2018-01-30T00:00:00Z,69.37226867675781,70.19020080566406,69.25814056396484,69.84780883789062,13075284
2018-01-31,2018-01-31T00:00:00Z,69.80976867675781,70.72280883789062,69.71466064453125,70.28530883789062,11738061
2018-02-01,2018-02-01T00:00:00Z,70.68476867675781,71.06520080566406,70.01900482177734,70.26628875732422,8314914
2018-02-02,2018-02-02T00:00:00Z,70.38041687011719,70.38041687011719,67.9266128540039,68.00270080566406,10803168
2018-02-05,2018-02-05T00:00:00Z,67.58422088623047,67.58422088623047,66.21466064453125,66.40487670898438,16003881
2018-02-06,2018-02-06T00:00:00Z,63.72281265258789,65.81520080566406,62.96194076538086,64.65487670898438,20687960
2018-02-07,2018-02-07T00:00:00Z,65.54889678955078,67.10868072509766,64.65487670898438,66.63314056396484,14849239
2018-02-08,2018-02-08T00:00:00Z,66.30976867675781,66.65216064453125,65.01628875732422,65.01628875732422,12335667
2018-02-09,2018-02-09T00:00:00Z,64.73096466064453,65.33966064453125,63.7418327331543,63.81792068481445,12012132
2018-02-12,2018-02-12T00:00:00Z,64.8450927734375,65.49183654785156,64.46466064453125,64.71194458007812,10232473
2018-02-13,2018-02-13T00:00:00Z,64.61683654785156,64.94020080566406,64.04618072509766,64.06520080566406,7210109
2018-02-14,2018-02-14T00:00:00Z,64.44564056396484,65.16846466064453,63.13313674926758,64.92118072509766,10640732
2018-02-15,2018-02-15T00:00:00Z,65.39672088623047,66.27172088623047,65.03530883789062,65.7010726928711,12092924
2018-02-16,2018-02-16T00:00:00Z,66.23368072509766,66.34780883789062,65.89128875732422,66.34780883789062,7598123
2018-02-19,2018-02-19T00:00:00Z,66.48096466064453,66.5950927734375,65.58694458007812,65.75814056396484,5147537
2018-02-20,2018-02-20T00:00:00Z,65.7010726928711,67.26085662841797,65.7010726928711,67.26085662841797,5758806
2018-02-21,2018-02-21T00:00:00Z,67.27987670898438,67.58422088623047,66.25270080566406,67.4891128540039,10100687
2018-02-22,2018-02-22T00:00:00Z,67.12770080566406,67.64128875732422,66.49998474121094,67.50814056396484,6140091
2018-02-23,2018-02-23T00:00:00Z,67.69835662841797,67.9075927734375,66.89944458007812,67.14672088623047,4975671
2018-02-26,2018-02-26T00:00:00Z,67.41302490234375,67.96466064453125,67.31791687011719,67.64128875732422,5049991
2018-02-27,2018-02-27T00:00:00Z,68.02172088623047,68.13585662841797,67.14672088623047,67.56520080566406,5369305
2018-02-28,2018-02-28T00:00:00Z,67.58422088623047,68.05976867675781,67.37498474121094,67.54618072509766,6763010
2018-03-01,2018-03-01T00:00:00Z,67.33694458007812,67.71737670898438,65.7200927734375,65.7200927734375,10437749
2018-03-02,2018-03-02T00:00:00Z,65.05433654785156,65.33966064453125,63.5325927734375,63.72281265258789,12406859
2018-03-05,2018-03-05T00:00:00Z,63.43748474121094,65.32064056396484,63.39944076538086,65.2635726928711,11126130
2018-03-06,2018-03-06T00:00:00Z,65.7391128540039,66.1766128540039,65.62498474121094,65.81520080566406,9322992
2018-03-07,2018-03-07T00:00:00Z,65.45378875732422,65.45378875732422,64.27444458007812,65.24455261230469,11226525
2018-03-08,2018-03-08T00:00:00Z,65.62498474121094,66.97552490234375,65.4157485961914,66.86139678955078,8868186
2018-03-09,2018-03-09T00:00:00Z,67.0325927734375,68.02172088623047,66.67118072509766,67.73639678955078,11137790
2018-03-12,2018-03-12T00:00:00Z,68.44020080566406,68.66846466064453,67.86955261230469,68.15487670898438,9217860
2018-03-13,2018-03-13T00:00:00Z,68.30705261230469,68.9157485961914,67.31791687011719,67.39400482177734,10018875
2018-03-14,2018-03-14T00:00:00Z,67.43205261230469,68.89672088623047,67.35596466064453,68.02172088623047,9726016
2018-03-15,2018-03-15T00:00:00Z,68.26900482177734,69.2010726928711,68.15487670898438,69.18205261230469,9824298
2018-03-16,2018-03-16T00:00:00Z,69.2391128540039,69.33422088623047,68.49726867675781,68.68748474121094,10544669
2018-03-19,2018-03-19T00:00:00Z,68.59237670898438,68.61139678955078,67.37498474121094,67.54618072509766,7584755
2018-03-20,2018-03-20T00:00:00Z,67.94564056396484,68.42118072509766,67.41302490234375,68.40216064453125,8105885
2018-03-21,2018-03-21T00:00:00Z,68.57335662841797,68.57335662841797,67.9075927734375,68.3260726928711,6325437
2018-03-22,2018-03-22T00:00:00Z,68.02172088623047,68.07878875732422,66.40487670898438,66.80433654785156,8838373
2018-03-23,2018-03-23T00:00:00Z,66.34780883789062,66.93748474121094,65.56791687011719,66.34780883789062,9081227
2018-03-26,2018-03-26T00:00:00Z,66.46194458007812,66.80433654785156,65.54889678955078,65.7200927734375,9789033
2018-03-27,2018-03-27T00:00:00Z,66.88041687011719,67.35596466064453,66.44291687011719,67.0516128540039,10314279
2018-03-28,2018-03-28T00:00:00Z,66.25270080566406,66.5950927734375,65.37770080566406,66.51900482177734,11955365
2018-03-29,2018-03-29T00:00:00Z,66.80433654785156,68.82064056396484,66.76628875732422,68.70650482177734,7512742
2018-04-03,2018-04-03T00:00:00Z,68.21194458007812,68.21194458007812,66.51900482177734,66.67118072509766,12022420
2018-04-04,2018-04-04T00:00:00Z,66.78530883789062,66.88041687011719,64.57878875732422,64.8641128540039,12843413
2018-04-05,2018-04-05T00:00:00Z,66.02444458007812,66.65216064453125,65.47280883789062,66.46194458007812,8956869
2018-04-06,2018-04-06T00:00:00Z,66.00541687011719,66.55705261230469,65.62498474121094,65.66303253173828,8198636
2018-04-09,2018-04-09T00:00:00Z,66.11955261230469,67.1657485961914,65.47280883789062,66.08150482177734,9482589
2018-04-10,2018-04-10T00:00:00Z,66.82335662841797,67.50814056396484,66.38585662841797,67.33694458007812,9048727
2018-04-11,2018-04-11T00:00:00Z,67.43205261230469,67.43205261230469,66.10053253173828,66.10053253173828,8417760
2018-04-12,2018-04-12T00:00:00Z,66.23368072509766,66.76628875732422,66.06248474121094,66.5950927734375,6788991
2018-04-13,2018-04-13T00:00:00Z,67.08966064453125,68.09780883789062,66.74726867675781,67.85052490234375,9647789
2018-04-16,2018-04-16T00:00:00Z,67.86955261230469,68.07878875732422,67.4700927734375,67.6032485961914,6576219
2018-04-17,2018-04-17T00:00:00Z,67.75541687011719,68.57335662841797,67.73639678955078,68.15487670898438,11676137
2018-04-18,2018-04-18T00:00:00Z,68.51628875732422,69.69564056396484,68.26900482177734,69.27716064453125,6493498
2018-04-19,2018-04-19T00:00:00Z,69.80976867675781,69.94291687011719,69.08694458007812,69.27716064453125,10625455
2018-04-20,2018-04-20T00:00:00Z,69.41030883789062,69.44835662841797,68.42118072509766,68.8016128540039,13018013
2018-04-23,2018-04-23T00:00:00Z,68.9157485961914,68.9157485961914,68.24998474121094,68.61139678955078,8240441
2018-04-24,2018-04-24T00:00:00Z,69.04889678955078,69.48639678955078,67.52716064453125,67.86955261230469,16130484
2018-04-25,2018-04-25T00:00:00Z,63.81792068481445,64.4266128540039,62.58150863647461,63.83694076538086,22790607
2018-04-26,2018-04-26T00:00:00Z,64.06520080566406,65.24455261230469,63.7418327331543,64.90216064453125,13280223
2018-04-27,2018-04-27T00:00:00Z,64.99726867675781,65.4157485961914,64.65487670898438,65.11139678955078,8567378
2018-04-30,2018-04-30T00:00:00Z,65.24455261230469,65.94835662841797,65.14944458007812,65.45378875732422,5219460
2018-05-02,2018-05-02T00:00:00Z,65.91030883789062,67.1657485961914,65.2635726928711,66.36683654785156,11742477
2018-05-03,2018-05-03T00:00:00Z,66.49998474121094,66.49998474121094,64.959228515625,65.24455261230469,8287545
2018-05-04,2018-05-04T00:00:00Z,66.19564056396484,66.19564056396484,65.32064056396484,65.77716064453125,7223105
2018-05-07,2018-05-07T00:00:00Z,65.75814056396484,67.0325927734375,65.66303253173828,66.78530883789062,6148224
2018-05-08,2018-05-08T00:00:00Z,66.5950927734375,67.4700927734375,66.40487670898438,67.39400482177734,8876414
2018-05-09,2018-05-09T00:00:00Z,66.5760726928711,68.0407485961914,66.3953628540039,67.08966064453125,8582250
2018-05-11,2018-05-11T00:00:00Z,68.27851867675781,68.27851867675781,66.76628875732422,66.76628875732422,11934000
2018-05-14,2018-05-14T00:00:00Z,67.33694458007812,67.61275482177734,66.78530883789062,67.0516128540039,12725195
2018-05-15,2018-05-15T00:00:00Z,66.96601867675781,68.2594985961914,66.77580261230469,67.96466064453125,10079522
2018-05-16,2018-05-16T00:00:00Z,68.05025482177734,69.42932891845703,67.32743072509766,68.75405883789062,13447374
2018-05-17,2018-05-17T00:00:00Z,68.88721466064453,69.05841064453125,68.24047088623047,69.01085662841797,8744402
2018-05-18,2018-05-18T00:00:00Z,68.89672088623047,69.72416687011719,68.61139678955078,69.42932891845703,11848971
2018-05-21,2018-05-21T00:00:00Z,69.53395080566406,70.23775482177734,69.49591064453125,69.81927490234375,5028121
2018-05-22,2018-05-22T00:00:00Z,70.13313293457031,70.19020080566406,69.3532485961914,69.55297088623047,7618889
2018-05-23,2018-05-23T00:00:00Z,69.2391128540039,69.30569458007812,68.19291687011719,68.68748474121094,7624919
2018-05-24,2018-05-24T00:00:00Z,68.77307891845703,69.60052490234375,68.17389678955078,68.60189056396484,5713311
2018-05-25,2018-05-25T00:00:00Z,69.01085662841797,69.30569458007812,67.6032485961914,67.93612670898438,7121201
2018-05-28,2018-05-28T00:00:00Z,68.38314056396484,68.83014678955078,67.96466064453125,68.22145080566406,4104714
2018-05-29,2018-05-29T00:00:00Z,67.69835662841797,69.03939056396484,67.59373474121094,68.77307891845703,9245634
2018-05-30,2018-05-30T00:00:00Z,68.71601867675781,68.82064056396484,66.84237670898438,67.34645080566406,8638475
2018-05-31,2018-05-31T00:00:00Z,67.6698226928711,67.84101867675781,66.3763427734375,66.5760726928711,14749054
2018-06-01,2018-06-01T00:00:00Z,66.86139678955078,67.57471466064453,66.49998474121094,67.46058654785156,9297711
2018-06-04,2018-06-04T00:00:00Z,67.97416687011719,68.09780883789062,66.74726867675781,67.0135726928711,5769988
2018-06-05,2018-06-05T00:00:00Z,66.89944458007812,67.66030883789062,66.60460662841797,67.07064056396484,8580289
2018-06-06,2018-06-06T00:00:00Z,67.07064056396484,67.07064056396484,67.07064056396484,67.07064056396484,0
2018-06-07,2018-06-07T00:00:00Z,67.62226867675781,67.99319458007812,66.76628875732422,67.21330261230469,9415697
2018-06-08,2018-06-08T00:00:00Z,66.91846466064453,67.4891128540039,66.33830261230469,67.26085662841797,6442761
2018-06-11,2018-06-11T00:00:00Z,67.99319458007812,69.02987670898438,67.34645080566406,68.85868072509766,14129257
2018-06-12,2018-06-12T00:00:00Z,69.37226867675781,70.35188293457031,68.71601867675781,69.99998474121094,19889153
2018-06-13,2018-06-13T00:00:00Z,71.0374984741211,71.0374984741211,67.7750015258789,69.23750305175781,14690344
2018-06-14,2018-06-14T00:00:00Z,68.75,69.92500305175781,68.0250015258789,69.73750305175781,11057676
2018-06-15,2018-06-15T00:00:00Z,69.63749694824219,69.9000015258789,69.25,69.4625015258789,9677160
2018-06-18,2018-06-18T00:00:00Z,69.13749694824219,69.2125015258789,67.4124984741211,68.75,9573668
2018-06-19,2018-06-19T00:00:00Z,67.92500305175781,68.3125,67.11250305175781,67.42500305175781,10447336
2018-06-20,2018-06-20T00:00:00Z,67.36250305175781,68.9749984741211,67.30000305175781,67.51249694824219,9547328
2018-06-21,2018-06-21T00:00:00Z,67.6500015258789,68.0875015258789,65.9625015258789,66.125,6478348
2018-06-22,2018-06-22T00:00:00Z,66.125,66.125,66.125,66.125,0
2018-06-25,2018-06-25T00:00:00Z,66.13749694824219,66.13749694824219,64.38749694824219,64.38749694824219,8692756
2018-06-26,2018-06-26T00:00:00Z,64.38749694824219,64.63749694824219,62.9375,63.275001525878906,10205744
2018-06-27,2018-06-27T00:00:00Z,63.224998474121094,64.63749694824219,62.650001525878906,63.6875,7660620
2018-06-28,2018-06-28T00:00:00Z,63.54999923706055,64.05000305175781,62.54999923706055,63.3125,9169200
2018-06-29,2018-06-29T00:00:00Z,64.1875,65.51249694824219,64.1875,65.19999694824219,10947028
2018-07-02,2018-07-02T00:00:00Z,64.4625015258789,64.57499694824219,63.63750076293945,64.07499694824219,7140468
2018-07-03,2018-07-03T00:00:00Z,64.25,64.73750305175781,63.32500076293945,63.32500076293945,5971712
2018-07-04,2018-07-04T00:00:00Z,63.287498474121094,63.462501525878906,60.912498474121094,60.912498474121094,7790544
2018-07-05,2018-07-05T00:00:00Z,61.11249923706055,61.36249923706055,59.57500076293945,60.13750076293945,10985356
2018-07-06,2018-07-06T00:00:00Z,60.150001525878906,60.775001525878906,59.537498474121094,60.212501525878906,8898652
2018-07-09,2018-07-09T00:00:00Z,60.474998474121094,61.04999923706055,60.26250076293945,61.0,7553128
2018-07-10,2018-07-10T00:00:00Z,61.162498474121094,61.337501525878906,60.70000076293945,61.275001525878906,6605896
2018-07-11,2018-07-11T00:00:00Z,60.75,60.75,59.73749923706055,60.04999923706055,8108072
2018-07-12,2018-07-12T00:00:00Z,60.29999923706055,61.45000076293945,60.0,60.912498474121094,6872780
2018-07-13,2018-07-13T00:00:00Z,61.1875,62.650001525878906,61.1875,62.29999923706055,7287056
2018-07-16,2018-07-16T00:00:00Z,62.38750076293945,62.82500076293945,61.88750076293945,62.32500076293945,5077756
2018-07-17,2018-07-17T00:00:00Z,62.25,63.82500076293945,61.9375,62.5,7950608
2018-07-18,2018-07-18T00:00:00Z,62.63750076293945,63.95000076293945,62.63750076293945,63.88750076293945,7649776
2018-07-19,2018-07-19T00:00:00Z,63.912498474121094,64.92500305175781,63.45000076293945,64.67500305175781,9909700
2018-07-20,2018-07-20T00:00:00Z,64.7750015258789,65.875,60.25,61.11249923706055,19445044
2018-07-23,2018-07-23T00:00:00Z,60.724998474121094,62.150001525878906,60.537498474121094,61.54999923706055,9522740
2018-07-24,2018-07-24T00:00:00Z,61.75,63.67499923706055,61.32500076293945,63.349998474121094,9701204
2018-07-25,2018-07-25T00:00:00Z,63.162498474121094,63.162498474121094,61.900001525878906,61.900001525878906,7139068
2018-07-26,2018-07-26T00:00:00Z,62.625,63.212501525878906,61.849998474121094,62.625,9039200
2018-07-27,2018-07-27T00:00:00Z,62.79999923706055,63.099998474121094,62.474998474121094,63.07500076293945,6770264
2018-07-30,2018-07-30T00:00:00Z,62.98749923706055,63.51250076293945,62.400001525878906,62.599998474121094,5512248
2018-07-31,2018-07-31T00:00:00Z,62.6875,63.537498474121094,61.849998474121094,62.95000076293945,7461420
2018-08-01,2018-08-01T00:00:00Z,63.162498474121094,63.54999923706055,62.88750076293945,63.087501525878906,7604756
2018-08-02,2018-08-02T00:00:00Z,61.86249923706055,62.650001525878906,60.8125,61.38750076293945,8940380
2018-08-03,2018-08-03T00:00:00Z,61.6875,62.25,61.587501525878906,61.650001525878906,9570304
2018-08-06,2018-08-06T00:00:00Z,61.67499923706055,61.9375,60.537498474121094,60.79999923706055,8147600
2018-08-07,2018-08-07T00:00:00Z,61.0,61.79999923706055,60.92499923706055,61.474998474121094,5403896
2018-08-08,2018-08-08T00:00:00Z,61.537498474121094,61.587501525878906,61.07500076293945,61.45000076293945,4727272
2018-08-09,2018-08-09T00:00:00Z,61.54999923706055,62.48749923706055,61.42499923706055,62.412498474121094,5478096
2018-08-10,2018-08-10T00:00:00Z,62.11249923706055,62.32500076293945,61.837501525878906,62.037498474121094,4301232
2018-08-13,2018-08-13T00:00:00Z,61.9375,62.3125,61.775001525878906,62.0,4366636
2018-08-14,2018-08-14T00:00:00Z,62.86249923706055,63.224998474121094,61.912498474121094,61.974998474121094,5958980
2018-08-15,2018-08-15T00:00:00Z,62.1875,62.525001525878906,60.67499923706055,60.98749923706055,7126252
2018-08-16,2018-08-16T00:00:00Z,61.29999923706055,61.9375,61.287498474121094,61.712501525878906,5405456
2018-08-17,2018-08-17T00:00:00Z,61.599998474121094,62.4375,61.36249923706055,62.400001525878906,6147472
2018-08-20,2018-08-20T00:00:00Z,62.5,63.275001525878906,62.224998474121094,63.087501525878906,4465424
2018-08-21,2018-08-21T00:00:00Z,63.125,63.36249923706055,62.625,62.98749923706055,6945980
2018-08-22,2018-08-22T00:00:00Z,62.75,63.337501525878906,62.73749923706055,63.150001525878906,3983184
2018-08-23,2018-08-23T00:00:00Z,63.13750076293945,63.525001525878906,62.900001525878906,63.36249923706055,4301904
2018-08-24,2018-08-24T00:00:00Z,63.375,63.650001525878906,62.98749923706055,63.38750076293945,4474168
2018-08-27,2018-08-27T00:00:00Z,63.712501525878906,64.61250305175781,63.275001525878906,64.5875015258789,3584744
2018-08-28,2018-08-28T00:00:00Z,65.125,66.13749694824219,65.05000305175781,65.875,8769632
2018-08-29,2018-08-29T00:00:00Z,65.9375,66.1875,65.4625015258789,65.86250305175781,4703864
2018-08-30,2018-08-30T00:00:00Z,65.75,66.0374984741211,65.5374984741211,65.76249694824219,6898252
2018-08-31,2018-08-31T00:00:00Z,65.51249694824219,65.6624984741211,64.8499984741211,65.17500305175781,7495236
2018-09-03,2018-09-03T00:00:00Z,65.0250015258789,66.125,65.0250015258789,65.48750305175781,4095676
2018-09-04,2018-09-04T00:00:00Z,65.75,65.82499694824219,64.92500305175781,65.2874984741211,6266996
2018-09-05,2018-09-05T00:00:00Z,65.1875,65.5625,64.8375015258789,64.8375015258789,8989384
2018-09-06,2018-09-06T00:00:00Z,64.38749694824219,65.05000305175781,63.5,63.5,9160432
2018-09-07,2018-09-07T00:00:00Z,63.525001525878906,63.6875,60.775001525878906,61.712501525878906,11112088
2018-09-10,2018-09-10T00:00:00Z,61.625,62.349998474121094,61.25,62.162498474121094,4544104
2018-09-11,2018-09-11T00:00:00Z,62.337501525878906,62.337501525878906,61.349998474121094,62.224998474121094,4544192
2018-09-12,2018-09-12T00:00:00Z,62.20000076293945,62.962501525878906,61.20000076293945,61.662498474121094,7621860
2018-09-13,2018-09-13T00:00:00Z,61.5625,62.25,61.224998474121094,61.849998474121094,4401552
2018-09-14,2018-09-14T00:00:00Z,62.11249923706055,62.849998474121094,61.98749923706055,62.76250076293945,3808392
2018-09-17,2018-09-17T00:00:00Z,62.5625,63.099998474121094,62.224998474121094,62.92499923706055,3830944
2018-09-18,2018-09-18T00:00:00Z,62.75,63.349998474121094,62.224998474121094,62.9375,6511436
2018-09-19,2018-09-19T00:00:00Z,63.037498474121094,63.88750076293945,62.9375,63.587501525878906,5427972
2018-09-20,2018-09-20T00:00:00Z,63.650001525878906,64.6875,63.587501525878906,64.1624984741211,5815820
2018-09-21,2018-09-21T00:00:00Z,64.4000015258789,64.88749694824219,64.0250015258789,64.88749694824219,9415388
2018-09-24,2018-09-24T00:00:00Z,64.61250305175781,64.88749694824219,64.4124984741211,64.61250305175781,5055308
2018-09-25,2018-09-25T00:00:00Z,64.5999984741211,64.7125015258789,64.1875,64.61250305175781,5189576
2018-09-26,2018-09-26T00:00:00Z,64.80000305175781,64.80000305175781,63.724998474121094,64.5250015258789,5074776
2018-09-27,2018-09-27T00:00:00Z,64.1875,64.76249694824219,63.98749923706055,64.76249694824219,4213276
2018-09-28,2018-09-28T00:00:00Z,64.5625,64.9000015258789,64.05000305175781,64.05000305175781,6865900
2018-10-01,2018-10-01T00:00:00Z,63.849998474121094,64.1875,63.3125,64.01249694824219,4115700
2018-10-02,2018-10-02T00:00:00Z,63.76250076293945,64.4000015258789,63.23749923706055,64.01249694824219,5064336
2018-10-03,2018-10-03T00:00:00Z,64.125,65.3499984741211,64.125,65.23750305175781,5493996
2018-10-04,2018-10-04T00:00:00Z,64.92500305175781,64.9749984741211,63.73749923706055,63.9375,5575572
2018-10-05,2018-10-05T00:00:00Z,63.962501525878906,64.1500015258789,62.61249923706055,62.75,5222896
2018-10-08,2018-10-08T00:00:00Z,62.724998474121094,62.900001525878906,61.98749923706055,62.087501525878906,5184304
2018-10-09,2018-10-09T00:00:00Z,60.5,61.974998474121094,60.26250076293945,61.92499923706055,8494944
2018-10-10,2018-10-10T00:00:00Z,61.25,61.25,58.087501525878906,58.5,19754200
2018-10-11,2018-10-11T00:00:00Z,57.349998474121094,58.474998474121094,56.92499923706055,57.724998474121094,13375292
2018-10-12,2018-10-12T00:00:00Z,58.4375,59.375,57.337501525878906,57.400001525878906,9196620
2018-10-15,2018-10-15T00:00:00Z,57.025001525878906,57.275001525878906,55.82500076293945,56.57500076293945,11863592
2018-10-16,2018-10-16T00:00:00Z,55.79999923706055,57.712501525878906,55.67499923706055,57.275001525878906,11745916
2018-10-17,2018-10-17T00:00:00Z,59.0,59.86249923706055,57.98749923706055,58.26250076293945,9961732
2018-10-18,2018-10-18T00:00:00Z,58.42499923706055,59.087501525878906,57.29999923706055,57.51250076293945,11343472
2018-10-19,2018-10-19T00:00:00Z,57.525001525878906,57.625,50.82500076293945,53.25,31114632
2018-10-22,2018-10-22T00:00:00Z,53.38750076293945,53.76250076293945,52.61249923706055,53.48749923706055,12328928
2018-10-23,2018-10-23T00:00:00Z,52.75,53.1875,52.25,52.787498474121094,16055516
2018-10-24,2018-10-24T00:00:00Z,53.13750076293945,53.587501525878906,52.13750076293945,53.025001525878906,12204420
2018-10-25,2018-10-25T00:00:00Z,52.0,53.70000076293945,52.0,53.625,13112512
2018-10-26,2018-10-26T00:00:00Z,53.125,53.125,51.36249923706055,52.25,13970632
2018-10-29,2018-10-29T00:00:00Z,52.38750076293945,54.650001525878906,52.36249923706055,53.04999923706055,8097508
2018-10-30,2018-10-30T00:00:00Z,53.26250076293945,54.23749923706055,52.625,54.23749923706055,8781948
2018-10-31,2018-10-31T00:00:00Z,54.92499923706055,56.73749923706055,54.73749923706055,56.650001525878906,17908500
2018-11-01,2018-11-01T00:00:00Z,56.25,56.70000076293945,55.5,56.087501525878906,8694168
2018-11-02,2018-11-02T00:00:00Z,56.912498474121094,58.0625,56.75,57.8125,5622896
2018-11-05,2018-11-05T00:00:00Z,57.5,57.86249923706055,56.900001525878906,57.375,11495528
2018-11-06,2018-11-06T00:00:00Z,57.599998474121094,57.962501525878906,56.837501525878906,56.962501525878906,6645040
2018-11-07,2018-11-07T00:00:00Z,57.037498474121094,57.912498474121094,55.900001525878906,56.29999923706055,7069412
2018-11-08,2018-11-08T00:00:00Z,56.79999923706055,57.412498474121094,55.29999923706055,55.29999923706055,8921020
2018-11-09,2018-11-09T00:00:00Z,55.26250076293945,55.26250076293945,54.275001525878906,54.474998474121094,8621780
2018-11-12,2018-11-12T00:00:00Z,54.61249923706055,55.13750076293945,53.54999923706055,53.75,6931888
2018-11-13,2018-11-13T00:00:00Z,53.875,54.54999923706055,52.912498474121094,54.125,6948884
2018-11-14,2018-11-14T00:00:00Z,53.5,53.75,52.5,53.1875,8194156
2018-11-15,2018-11-15T00:00:00Z,53.287498474121094,54.099998474121094,52.412498474121094,52.86249923706055,10024676
2018-11-16,2018-11-16T00:00:00Z,52.974998474121094,53.5625,52.11249923706055,52.67499923706055,9200320
2018-11-19,2018-11-19T00:00:00Z,52.474998474121094,53.037498474121094,51.20000076293945,51.3125,10580244
2018-11-20,2018-11-20T00:00:00Z,50.95000076293945,52.037498474121094,50.45000076293945,51.76250076293945,12809396
2018-11-21,2018-11-21T00:00:00Z,52.20000076293945,53.04999923706055,51.88750076293945,53.0,11196472
2018-11-22,2018-11-22T00:00:00Z,52.6875,53.087501525878906,51.98749923706055,52.04999923706055,8304348
2018-11-23,2018-11-23T00:00:00Z,52.04999923706055,52.54999923706055,51.662498474121094,52.38750076293945,6219980
2018-11-26,2018-11-26T00:00:00Z,52.625,54.01250076293945,52.625,54.0,6561060
2018-11-27,2018-11-27T00:00:00Z,53.849998474121094,54.0,52.75,53.037498474121094,8113108
2018-11-28,2018-11-28T00:00:00Z,53.349998474121094,54.275001525878906,52.75,54.17499923706055,9469192
2018-11-29,2018-11-29T00:00:00Z,54.88750076293945,55.150001525878906,54.400001525878906,54.775001525878906,5730240
2018-11-30,2018-11-30T00:00:00Z,54.8125,55.787498474121094,54.462501525878906,55.787498474121094,12815724
2018-12-03,2018-12-03T00:00:00Z,57.70000076293945,58.375,57.462501525878906,57.462501525878906,11214760
2018-12-04,2018-12-04T00:00:00Z,57.25,57.25,55.787498474121094,55.79999923706055,10086600
2018-12-05,2018-12-05T00:00:00Z,54.88750076293945,55.20000076293945,53.95000076293945,53.95000076293945,6530100
2018-12-06,2018-12-06T00:00:00Z,53.5,53.537498474121094,51.79999923706055,52.037498474121094,11898432
2018-12-07,2018-12-07T00:00:00Z,51.67499923706055,52.92499923706055,51.67499923706055,52.087501525878906,10614420
2018-12-10,2018-12-10T00:00:00Z,51.51250076293945,52.337501525878906,51.337501525878906,51.412498474121094,8823736
2018-12-11,2018-12-11T00:00:00Z,53.462501525878906,53.787498474121094,52.462501525878906,53.25,10080252
2018-12-12,2018-12-12T00:00:00Z,53.0,55.54999923706055,52.82500076293945,55.45000076293945,11455192
2018-12-13,2018-12-13T00:00:00Z,55.45000076293945,55.45000076293945,53.20000076293945,53.54999923706055,9643048
2018-12-14,2018-12-14T00:00:00Z,52.76250076293945,53.0,51.900001525878906,52.625,8615792
2018-12-17,2018-12-17T00:00:00Z,52.525001525878906,52.875,52.17499923706055,52.4375,9151016
2018-12-18,2018-12-18T00:00:00Z,52.212501525878906,53.48749923706055,51.912498474121094,52.962501525878906,6766372
2018-12-19,2018-12-19T00:00:00Z,51.32500076293945,52.599998474121094,51.25,52.45000076293945,8083928
2018-12-20,2018-12-20T00:00:00Z,51.412498474121094,52.0625,51.162498474121094,51.32500076293945,7919580
2018-12-21,2018-12-21T00:00:00Z,51.25,52.0625,51.20000076293945,51.6875,12411768
2018-12-27,2018-12-27T00:00:00Z,52.0625,53.099998474121094,51.587501525878906,51.900001525878906,8588304
2018-12-28,2018-12-28T00:00:00Z,52.25,53.025001525878906,52.23749923706055,52.625,6667712
2019-01-02,2019-01-02T00:00:00Z,52.1875,52.73749923706055,50.88750076293945,52.599998474121094,7409248
2019-01-03,2019-01-03T00:00:00Z,51.82500076293945,52.11249923706055,51.0,51.25,7322352
2019-01-04,2019-01-04T00:00:00Z,52.0,54.599998474121094,51.76250076293945,54.375,9248592
2019-01-07,2019-01-07T00:00:00Z,54.974998474121094,55.625,54.337501525878906,55.5,10340028
2019-01-08,2019-01-08T00:00:00Z,55.6875,57.0625,55.42499923706055,56.375,11522040
2019-01-09,2019-01-09T00:00:00Z,56.36249923706055,57.36249923706055,56.224998474121094,56.599998474121094,7559584
2019-01-10,2019-01-10T00:00:00Z,55.79999923706055,56.38750076293945,55.337501525878906,56.23749923706055,5310272
2019-01-11,2019-01-11T00:00:00Z,55.849998474121094,56.63750076293945,55.36249923706055,55.86249923706055,5356468
2019-01-14,2019-01-14T00:00:00Z,55.25,56.04999923706055,54.5625,55.775001525878906,6378008
2019-01-15,2019-01-15T00:00:00Z,55.787498474121094,56.4375,54.974998474121094,55.287498474121094,7451380
2019-01-16,2019-01-16T00:00:00Z,55.5,56.224998474121094,55.04999923706055,55.962501525878906,5729788
2019-01-17,2019-01-17T00:00:00Z,55.599998474121094,56.20000076293945,55.125,56.04999923706055,3885104
2019-01-18,2019-01-18T00:00:00Z,56.025001525878906,57.23749923706055,56.0,57.23749923706055,8866304
2019-01-21,2019-01-21T00:00:00Z,57.25,57.61249923706055,56.224998474121094,57.400001525878906,4024420
2019-01-22,2019-01-22T00:00:00Z,56.974998474121094,57.474998474121094,55.962501525878906,56.525001525878906,5692280
2019-01-23,2019-01-23T00:00:00Z,56.099998474121094,56.125,55.38750076293945,55.775001525878906,6631024
2019-01-24,2019-01-24T00:00:00Z,55.9375,56.900001525878906,55.724998474121094,56.8125,8958264
2019-01-25,2019-01-25T00:00:00Z,58.712501525878906,58.724998474121094,57.0,57.32500076293945,10693272
2019-01-28,2019-01-28T00:00:00Z,57.5,61.29999923706055,56.76250076293945,58.599998474121094,23459260
2019-01-29,2019-01-29T00:00:00Z,58.75,59.54999923706055,58.29999923706055,59.0,11615640
2019-01-30,2019-01-30T00:00:00Z,59.0,59.5,58.849998474121094,59.125,6469008
2019-01-31,2019-01-31T00:00:00Z,59.25,59.76250076293945,58.625,58.875,10657916
2019-02-01,2019-02-01T00:00:00Z,58.974998474121094,59.86249923706055,58.900001525878906,59.79999923706055,7222704
2019-02-04,2019-02-04T00:00:00Z,60.0,60.25,59.525001525878906,60.11249923706055,7401552
2019-02-05,2019-02-05T00:00:00Z,60.36249923706055,60.849998474121094,59.962501525878906,60.63750076293945,8139132
2019-02-06,2019-02-06T00:00:00Z,60.63750076293945,61.474998474121094,60.0,61.36249923706055,7311320
2019-02-07,2019-02-07T00:00:00Z,61.275001525878906,61.73749923706055,59.57500076293945,59.57500076293945,10198120
2019-02-08,2019-02-08T00:00:00Z,59.6875,60.837501525878906,59.5625,60.07500076293945,8904108
2019-02-11,2019-02-11T00:00:00Z,60.42499923706055,60.79999923706055,60.224998474121094,60.51250076293945,6432924
2019-02-12,2019-02-12T00:00:00Z,60.875,61.037498474121094,60.212501525878906,61.0,7623864
2019-02-13,2019-02-13T00:00:00Z,60.974998474121094,61.38750076293945,60.07500076293945,60.275001525878906,10929156
2019-02-14,2019-02-14T00:00:00Z,60.67499923706055,61.400001525878906,60.525001525878906,61.025001525878906,9934072
2019-02-15,2019-02-15T00:00:00Z,61.162498474121094,62.95000076293945,60.5625,62.88750076293945,13483116
2019-02-18,2019-02-18T00:00:00Z,62.712501525878906,63.0,62.04999923706055,62.412498474121094,4882260
2019-02-19,2019-02-19T00:00:00Z,61.75,62.51250076293945,61.75,62.36249923706055,6265036
2019-02-20,2019-02-20T00:00:00Z,62.48749923706055,63.962501525878906,62.48749923706055,63.75,7599552
2019-02-21,2019-02-21T00:00:00Z,63.92499923706055,64.30000305175781,63.01250076293945,63.01250076293945,8496180
2019-02-22,2019-02-22T00:00:00Z,63.20000076293945,63.837501525878906,63.20000076293945,63.712501525878906,5654000
2019-02-25,2019-02-25T00:00:00Z,64.0250015258789,64.25,63.412498474121094,64.07499694824219,4911876
2019-02-26,2019-02-26T00:00:00Z,63.974998474121094,64.25,63.29999923706055,63.51250076293945,6923976
2019-02-27,2019-02-27T00:00:00Z,63.20000076293945,63.724998474121094,62.787498474121094,63.212501525878906,5282184
2019-02-28,2019-02-28T00:00:00Z,62.79999923706055,63.212501525878906,61.724998474121094,62.5625,7547176
2019-03-01,2019-03-01T00:00:00Z,63.0,63.587501525878906,62.61249923706055,63.20000076293945,5940180
2019-03-04,2019-03-04T00:00:00Z,63.587501525878906,64.0250015258789,63.45000076293945,63.474998474121094,5439020
2019-03-05,2019-03-05T00:00:00Z,63.45000076293945,63.599998474121094,62.3125,63.599998474121094,7053356
2019-03-06,2019-03-06T00:00:00Z,63.17499923706055,63.29999923706055,61.86249923706055,61.9375,6655324
2019-03-07,2019-03-07T00:00:00Z,61.787498474121094,61.875,59.8125,60.23749923706055,13529396
2019-03-08,2019-03-08T00:00:00Z,59.0,60.17499923706055,59.0,60.17499923706055,9533420
2019-03-11,2019-03-11T00:00:00Z,60.32500076293945,60.962501525878906,59.837501525878906,60.95000076293945,6349284
2019-03-12,2019-03-12T00:00:00Z,61.17499923706055,61.474998474121094,60.73749923706055,61.099998474121094,3896872
2019-03-13,2019-03-13T00:00:00Z,61.13750076293945,61.63750076293945,60.67499923706055,61.5625,5943124
2019-03-14,2019-03-14T00:00:00Z,61.51250076293945,62.275001525878906,61.38750076293945,62.25,6309956
2019-03-15,2019-03-15T00:00:00Z,62.25,62.73749923706055,61.900001525878906,62.57500076293945,10340988
2019-03-18,2019-03-18T00:00:00Z,62.724998474121094,62.98749923706055,62.11249923706055,62.650001525878906,5945184
2019-03-19,2019-03-19T00:00:00Z,62.75,64.32499694824219,62.5,63.95000076293945,9434328
2019-03-20,2019-03-20T00:00:00Z,63.6875,63.974998474121094,62.73749923706055,62.75,6158848
2019-03-21,2019-03-21T00:00:00Z,62.75,63.275001525878906,62.375,63.125,5654160
2019-03-22,2019-03-22T00:00:00Z,63.45000076293945,63.775001525878906,61.537498474121094,61.5625,6266944
2019-03-25,2019-03-25T00:00:00Z,61.5,61.587501525878906,60.650001525878906,61.42499923706055,4585036
2019-03-26,2019-03-26T00:00:00Z,61.537498474121094,61.837501525878906,60.837501525878906,61.63750076293945,5843364
2019-03-27,2019-03-27T00:00:00Z,61.67499923706055,62.36249923706055,60.974998474121094,61.412498474121094,8725540
2019-03-28,2019-03-28T00:00:00Z,61.349998474121094,62.400001525878906,60.54999923706055,61.724998474121094,8598692
2019-03-29,2019-03-29T00:00:00Z,62.0,62.73749923706055,61.775001525878906,62.412498474121094,8634080
2019-04-01,2019-04-01T00:00:00Z,63.025001525878906,64.9749984741211,62.57500076293945,64.9749984741211,10022636
2019-04-02,2019-04-02T00:00:00Z,64.9749984741211,66.0250015258789,64.75,65.57499694824219,9094368
2019-04-03,2019-04-03T00:00:00Z,65.94999694824219,67.19999694824219,65.94999694824219,67.19999694824219,9280248
2019-04-04,2019-04-04T00:00:00Z,66.25,66.7750015258789,65.3499984741211,65.92500305175781,11741836
2019-04-05,2019-04-05T00:00:00Z,66.17500305175781,67.9000015258789,66.0999984741211,67.57499694824219,7949732
2019-04-08,2019-04-08T00:00:00Z,67.57499694824219,67.75,66.82499694824219,67.30000305175781,6827584
2019-04-09,2019-04-09T00:00:00Z,67.2750015258789,67.5999984741211,66.80000305175781,67.1500015258789,6149188
2019-04-10,2019-04-10T00:00:00Z,66.9749984741211,67.625,66.8499984741211,67.5250015258789,5063868
2019-04-11,2019-04-11T00:00:00Z,67.4749984741211,68.05000305175781,67.05000305175781,67.7750015258789,4304604
2019-04-12,2019-04-12T00:00:00Z,67.75,69.19999694824219,67.625,68.9000015258789,9312396
2019-04-15,2019-04-15T00:00:00Z,68.5999984741211,68.9000015258789,68.07499694824219,68.625,6468508
2019-04-16,2019-04-16T00:00:00Z,68.94999694824219,69.5,68.625,69.0,6283240
2019-04-17,2019-04-17T00:00:00Z,68.375,69.9749984741211,68.3499984741211,69.75,6978904
2019-04-18,2019-04-18T00:00:00Z,69.19999694824219,70.7249984741211,69.0,70.625,6389296
2019-04-23,2019-04-23T00:00:00Z,69.8499984741211,71.07499694824219,69.67500305175781,71.07499694824219,8999424
2019-04-24,2019-04-24T00:00:00Z,71.07499694824219,72.05000305175781,70.69999694824219,71.42500305175781,9483076
2019-04-25,2019-04-25T00:00:00Z,71.125,77.9749984741211,70.07499694824219,75.0,21605780
2019-04-26,2019-04-26T00:00:00Z,74.19999694824219,74.875,72.69999694824219,73.4000015258789,15216276
2019-04-29,2019-04-29T00:00:00Z,73.4749984741211,74.2750015258789,73.125,74.25,7173812
2019-04-30,2019-04-30T00:00:00Z,74.125,74.75,73.80000305175781,73.80000305175781,4786432
2019-05-02,2019-05-02T00:00:00Z,73.80000305175781,73.80000305175781,71.875,72.125,13603596
2019-05-03,2019-05-03T00:00:00Z,72.25,73.17500305175781,72.2249984741211,72.9000015258789,8923280
2019-05-06,2019-05-06T00:00:00Z,71.17500305175781,71.6500015258789,70.32499694824219,71.6500015258789,7815236
2019-05-07,2019-05-07T00:00:00Z,71.6500015258789,72.0,70.125,70.4000015258789,9214788
2019-05-08,2019-05-08T00:00:00Z,70.0999984741211,71.19999694824219,69.92500305175781,70.7750015258789,11590188
2019-05-09,2019-05-09T00:00:00Z,70.05000305175781,70.2750015258789,69.19999694824219,69.30000305175781,5516284
2019-05-10,2019-05-10T00:00:00Z,69.67500305175781,70.67500305175781,69.05000305175781,69.75,5779636
2019-05-13,2019-05-13T00:00:00Z,69.75,69.75,66.9749984741211,67.25,10577296
2019-05-14,2019-05-14T00:00:00Z,67.5999984741211,68.55000305175781,67.5250015258789,68.125,6162288
2019-05-15,2019-05-15T00:00:00Z,68.69999694824219,68.75,67.25,68.4000015258789,6137560
2019-05-16,2019-05-16T00:00:00Z,68.75,70.5999984741211,68.5,70.5999984741211,10167244
2019-05-17,2019-05-17T00:00:00Z,70.44999694824219,70.5999984741211,69.125,69.7249984741211,6974740
2019-05-20,2019-05-20T00:00:00Z,69.2750015258789,69.44999694824219,67.5,68.07499694824219,7900732
2019-05-21,2019-05-21T00:00:00Z,69.17500305175781,70.05000305175781,68.82499694824219,69.5250015258789,8172176
2019-05-22,2019-05-22T00:00:00Z,69.5250015258789,69.7750015258789,68.44999694824219,68.92500305175781,5482748
2019-05-23,2019-05-23T00:00:00Z,68.19999694824219,68.32499694824219,65.875,66.1500015258789,9029436
2019-05-24,2019-05-24T00:00:00Z,66.1500015258789,67.1500015258789,66.1500015258789,66.375,4844196
2019-05-27,2019-05-27T00:00:00Z,66.55000305175781,66.875,65.82499694824219,66.0250015258789,2839772
2019-05-28,2019-05-28T00:00:00Z,66.32499694824219,66.67500305175781,65.5999984741211,66.125,11844200
2019-05-29,2019-05-29T00:00:00Z,64.92500305175781,65.5999984741211,64.7249984741211,65.05000305175781,3593232
2019-05-31,2019-05-31T00:00:00Z,64.4000015258789,64.9749984741211,63.29999923706055,63.974998474121094,9420996
2019-06-03,2019-06-03T00:00:00Z,63.42499923706055,64.5999984741211,63.17499923706055,64.5999984741211,6267988
2019-06-04,2019-06-04T00:00:00Z,64.4749984741211,65.19999694824219,63.82500076293945,65.1500015258789,9373460
2019-06-05,2019-06-05T00:00:00Z,65.2249984741211,66.3499984741211,64.82499694824219,65.55000305175781,7262452
2019-06-07,2019-06-07T00:00:00Z,66.07499694824219,67.1500015258789,65.75,66.57499694824219,7327920
2019-06-11,2019-06-11T00:00:00Z,67.6500015258789,69.92500305175781,67.625,69.4749984741211,8553800
2019-06-12,2019-06-12T00:00:00Z,68.92500305175781,70.30000305175781,68.75,70.0250015258789,6515316
2019-06-13,2019-06-13T00:00:00Z,70.0,71.44999694824219,69.7249984741211,71.2249984741211,8256900
2019-06-14,2019-06-14T00:00:00Z,71.07499694824219,71.2750015258789,69.80000305175781,70.19999694824219,7925636
2019-06-18,2019-06-18T00:00:00Z,69.82499694824219,71.67500305175781,68.94999694824219,71.4749984741211,13943576
2019-06-19,2019-06-19T00:00:00Z,71.55000305175781,71.7750015258789,70.69999694824219,71.125,9183384
2019-06-20,2019-06-20T00:00:00Z,71.92500305175781,73.7249984741211,71.92500305175781,73.625,14013120
2019-06-24,2019-06-24T00:00:00Z,73.57499694824219,73.7750015258789,72.75,72.8499984741211,6109460
2019-06-25,2019-06-25T00:00:00Z,72.67500305175781,73.5250015258789,72.55000305175781,73.25,4489140
2019-06-26,2019-06-26T00:00:00Z,73.07499694824219,73.9000015258789,72.75,73.0,5825328
2019-06-27,2019-06-27T00:00:00Z,73.32499694824219,73.82499694824219,72.5,73.1500015258789,5664120
2019-06-28,2019-06-28T00:00:00Z,73.25,74.4749984741211,73.25,74.19999694824219,7321160
2019-07-01,2019-07-01T00:00:00Z,75.0,76.2750015258789,74.9000015258789,75.375,5993756
2019-07-02,2019-07-02T00:00:00Z,75.0999984741211,75.5,74.75,75.44999694824219,5182400
2019-07-03,2019-07-03T00:00:00Z,75.32499694824219,75.57499694824219,74.80000305175781,75.0999984741211,5783492
2019-07-04,2019-07-04T00:00:00Z,75.0,75.32499694824219,74.55000305175781,74.9749984741211,3037936
2019-07-05,2019-07-05T00:00:00Z,73.0250015258789,73.75,71.25,72.75,11871200
2019-07-08,2019-07-08T00:00:00Z,72.6500015258789,73.55000305175781,72.30000305175781,72.9000015258789,7872984
2019-07-09,2019-07-09T00:00:00Z,72.17500305175781,72.25,71.3499984741211,71.8499984741211,5920308
2019-07-10,2019-07-10T00:00:00Z,71.8499984741211,71.94999694824219,70.82499694824219,70.9000015258789,6523976
2019-07-11,2019-07-11T00:00:00Z,71.44999694824219,71.5250015258789,69.55000305175781,69.92500305175781,6521060
2019-07-12,2019-07-12T00:00:00Z,70.0250015258789,70.625,69.57499694824219,70.17500305175781,7461940
2019-07-15,2019-07-15T00:00:00Z,70.5,72.42500305175781,67.7750015258789,71.3499984741211,13318368
2019-07-16,2019-07-16T00:00:00Z,71.05000305175781,72.0,70.75,71.30000305175781,6284228
2019-07-17,2019-07-17T00:00:00Z,71.17500305175781,73.0250015258789,71.05000305175781,71.625,8660060
2019-07-18,2019-07-18T00:00:00Z,70.7249984741211,70.82499694824219,69.75,70.4000015258789,7321784
2019-07-19,2019-07-19T00:00:00Z,70.7249984741211,72.32499694824219,70.7249984741211,72.32499694824219,6610148
2019-07-22,2019-07-22T00:00:00Z,72.1500015258789,72.5999984741211,71.4749984741211,72.5250015258789,4585664
2019-07-23,2019-07-23T00:00:00Z,72.80000305175781,74.67500305175781,72.80000305175781,74.2750015258789,6883736
2019-07-24,2019-07-24T00:00:00Z,74.44999694824219,74.82499694824219,73.57499694824219,74.25,4543044
2019-07-25,2019-07-25T00:00:00Z,74.2750015258789,75.05000305175781,73.07499694824219,73.94999694824219,5714660
2019-07-26,2019-07-26T00:00:00Z,74.25,74.69999694824219,73.8499984741211,74.44999694824219,5175452
2019-07-29,2019-07-29T00:00:00Z,74.25,74.6500015258789,73.80000305175781,74.5,3202652
2019-07-30,2019-07-30T00:00:00Z,74.5,74.57499694824219,73.0250015258789,73.82499694824219,5044964
2019-07-31,2019-07-31T00:00:00Z,73.69999694824219,74.42500305175781,73.5,74.25,5031724
2019-08-01,2019-08-01T00:00:00Z,73.55000305175781,75.07499694824219,73.30000305175781,75.0,4529268
2019-08-02,2019-08-02T00:00:00Z,73.0,73.17500305175781,71.25,71.5250015258789,7758964
2019-08-06,2019-08-06T00:00:00Z,68.30000305175781,68.9000015258789,67.25,67.2750015258789,8628964
2019-08-07,2019-08-07T00:00:00Z,67.5,67.7750015258789,66.4749984741211,67.05000305175781,8001968
2019-08-08,2019-08-08T00:00:00Z,68.25,68.5999984741211,67.44999694824219,68.55000305175781,7905392
2019-08-09,2019-08-09T00:00:00Z,68.55000305175781,68.875,67.1500015258789,67.32499694824219,4560696
2019-08-12,2019-08-12T00:00:00Z,67.875,68.7249984741211,67.32499694824219,67.5,4835096
2019-08-13,2019-08-13T00:00:00Z,67.0999984741211,69.1500015258789,66.07499694824219,68.44999694824219,7617412
2019-08-14,2019-08-14T00:00:00Z,68.5,68.69999694824219,66.4000015258789,66.5250015258789,7442508
2019-08-15,2019-08-15T00:00:00Z,66.69999694824219,67.375,65.25,66.19999694824219,7357268
2019-08-16,2019-08-16T00:00:00Z,66.57499694824219,67.4000015258789,66.57499694824219,67.30000305175781,5916604
2019-08-19,2019-08-19T00:00:00Z,67.9000015258789,69.32499694824219,67.80000305175781,68.75,5691224
2019-08-20,2019-08-20T00:00:00Z,69.125,69.5250015258789,68.42500305175781,68.55000305175781,5326204
2019-08-21,2019-08-21T00:00:00Z,68.6500015258789,70.19999694824219,68.4749984741211,69.57499694824219,3646372
2019-08-22,2019-08-22T00:00:00Z,69.25,70.0250015258789,68.75,69.07499694824219,5502884
2019-08-23,2019-08-23T00:00:00Z,69.67500305175781,70.25,68.25,68.25,5118072
2019-08-26,2019-08-26T00:00:00Z,67.7750015258789,68.17500305175781,67.1500015258789,67.57499694824219,4382416
2019-08-27,2019-08-27T00:00:00Z,67.7750015258789,68.75,67.1500015258789,68.69999694824219,5371104
2019-08-28,2019-08-28T00:00:00Z,68.69999694824219,68.82499694824219,67.5,68.75,6160776
2019-08-29,2019-08-29T00:00:00Z,68.75,71.55000305175781,68.75,71.55000305175781,7569032
2019-08-30,2019-08-30T00:00:00Z,71.75,73.69999694824219,71.67500305175781,73.2750015258789,8526364
2019-09-02,2019-09-02T00:00:00Z,73.19999694824219,73.80000305175781,73.0250015258789,73.3499984741211,5787920
2019-09-03,2019-09-03T00:00:00Z,73.2750015258789,73.69999694824219,72.7249984741211,73.0,3938888
2019-09-04,2019-09-04T00:00:00Z,73.94999694824219,74.1500015258789,73.19999694824219,73.8499984741211,4700392
2019-09-05,2019-09-05T00:00:00Z,74.375,74.82499694824219,73.0999984741211,74.1500015258789,6792160
2019-09-06,2019-09-06T00:00:00Z,74.30000305175781,74.7249984741211,73.8499984741211,74.625,6512896
2019-09-09,2019-09-09T00:00:00Z,74.625,75.0999984741211,74.44999694824219,75.0,6510436
2019-09-10,2019-09-10T00:00:00Z,75.0,76.5,74.75,76.0250015258789,9849816
2019-09-11,2019-09-11T00:00:00Z,76.25,77.7750015258789,76.17500305175781,77.5,8708116
2019-09-12,2019-09-12T00:00:00Z,77.9749984741211,78.5,77.2249984741211,77.75,7820800
2019-09-13,2019-09-13T00:00:00Z,77.75,79.32499694824219,77.42500305175781,79.2750015258789,6475336
2019-09-16,2019-09-16T00:00:00Z,79.07499694824219,80.05000305175781,78.2249984741211,79.0250015258789,7044080
2019-09-17,2019-09-17T00:00:00Z,78.75,78.82499694824219,77.5,77.92500305175781,8076796
2019-09-18,2019-09-18T00:00:00Z,78.375,79.0999984741211,77.94999694824219,78.57499694824219,7076036
2019-09-19,2019-09-19T00:00:00Z,78.42500305175781,78.92500305175781,78.05000305175781,78.80000305175781,6587260
2019-09-20,2019-09-20T00:00:00Z,78.8499984741211,79.19999694824219,78.17500305175781,79.0,9601328
2019-09-23,2019-09-23T00:00:00Z,78.8499984741211,78.875,77.25,77.82499694824219,6236088
2019-09-24,2019-09-24T00:00:00Z,78.05000305175781,78.2249984741211,76.9000015258789,77.19999694824219,5774168
2019-09-25,2019-09-25T00:00:00Z,75.625,75.75,74.42500305175781,75.375,12101172
2019-09-26,2019-09-26T00:00:00Z,75.05000305175781,76.57499694824219,75.0250015258789,76.0,6044084
2019-09-27,2019-09-27T00:00:00Z,76.25,76.80000305175781,75.875,76.17500305175781,6053896
2019-09-30,2019-09-30T00:00:00Z,75.94999694824219,76.7750015258789,75.5999984741211,75.80000305175781,8559068
2019-10-01,2019-10-01T00:00:00Z,75.75,77.125,74.57499694824219,74.75,10255596
2019-10-02,2019-10-02T00:00:00Z,74.55000305175781,74.82499694824219,72.94999694824219,73.17500305175781,8308256
2019-10-03,2019-10-03T00:00:00Z,73.125,74.5250015258789,72.75,73.5,9409272
2019-10-04,2019-10-04T00:00:00Z,73.42500305175781,73.5250015258789,72.2249984741211,73.375,10882296
2019-10-07,2019-10-07T00:00:00Z,73.19999694824219,73.94999694824219,72.6500015258789,73.67500305175781,6957884
2019-10-08,2019-10-08T00:00:00Z,73.5999984741211,74.125,72.30000305175781,72.9749984741211,7213444
2019-10-09,2019-10-09T00:00:00Z,72.69999694824219,74.32499694824219,72.5999984741211,73.9000015258789,5628328
2019-10-10,2019-10-10T00:00:00Z,73.92500305175781,74.0,72.82499694824219,73.9000015258789,4957700
2019-10-11,2019-10-11T00:00:00Z,74.17500305175781,75.07499694824219,73.69999694824219,75.05000305175781,7661040
2019-10-14,2019-10-14T00:00:00Z,74.9749984741211,75.32499694824219,74.30000305175781,75.2750015258789,4636516
2019-10-15,2019-10-15T00:00:00Z,75.69999694824219,76.80000305175781,75.5,76.17500305175781,7046964
2019-10-16,2019-10-16T00:00:00Z,76.25,76.875,75.80000305175781,76.4000015258789,5065404
2019-10-17,2019-10-17T00:00:00Z,76.0999984741211,77.05000305175781,75.75,76.80000305175781,7250196
2019-10-18,2019-10-18T00:00:00Z,76.4749984741211,78.17500305175781,75.9749984741211,77.57499694824219,10380676
2019-10-21,2019-10-21T00:00:00Z,77.67500305175781,85.9749984741211,77.4000015258789,84.9000015258789,17597912
2019-10-22,2019-10-22T00:00:00Z,84.4749984741211,86.5,82.94999694824219,83.30000305175781,13826220
2019-10-23,2019-10-23T00:00:00Z,83.25,84.5,82.875,83.19999694824219,8619056
2019-10-24,2019-10-24T00:00:00Z,83.5,84.75,82.94999694824219,84.125,6931656
2019-10-25,2019-10-25T00:00:00Z,82.5,83.69999694824219,82.5,83.55000305175781,4803196
2019-10-28,2019-10-28T00:00:00Z,83.55000305175781,85.7750015258789,83.125,85.4749984741211,6737424
2019-10-29,2019-10-29T00:00:00Z,85.42500305175781,85.69999694824219,84.6500015258789,84.9749984741211,8322760
2019-10-30,2019-10-30T00:00:00Z,84.3499984741211,85.75,83.9749984741211,85.5250015258789,5855392
2019-10-31,2019-10-31T00:00:00Z,85.7750015258789,86.4000015258789,84.75,85.2750015258789,7496432
2019-11-01,2019-11-01T00:00:00Z,85.42500305175781,86.5,85.42500305175781,86.0,1063008
2019-11-04,2019-11-04T00:00:00Z,86.82499694824219,88.92500305175781,86.5,88.75,8565056
2019-11-05,2019-11-05T00:00:00Z,88.875,88.875,87.75,88.5999984741211,5446984
2019-11-06,2019-11-06T00:00:00Z,88.44999694824219,89.0250015258789,87.7750015258789,88.1500015258789,4199572
2019-11-07,2019-11-07T00:00:00Z,88.25,89.2249984741211,87.2249984741211,87.2750015258789,7642644
2019-11-08,2019-11-08T00:00:00Z,87.25,88.30000305175781,86.5250015258789,88.30000305175781,4844064
2019-11-11,2019-11-11T00:00:00Z,88.25,88.92500305175781,87.82499694824219,87.82499694824219,4330340
2019-11-12,2019-11-12T00:00:00Z,88.4000015258789,88.875,87.30000305175781,88.6500015258789,6502520
2019-11-13,2019-11-13T00:00:00Z,88.2249984741211,89.625,87.3499984741211,89.625,8752980
2019-11-14,2019-11-14T00:00:00Z,89.57499694824219,90.4000015258789,89.05000305175781,90.07499694824219,8564340
2019-11-15,2019-11-15T00:00:00Z,90.1500015258789,91.5,89.8499984741211,90.94999694824219,5907056
2019-11-18,2019-11-18T00:00:00Z,90.875,91.19999694824219,89.17500305175781,89.9000015258789,7796636
2019-11-19,2019-11-19T00:00:00Z,90.05000305175781,91.1500015258789,89.75,90.05000305175781,8061388
2019-11-20,2019-11-20T00:00:00Z,89.55000305175781,90.0250015258789,88.69999694824219,88.69999694824219,7807568
2019-11-21,2019-11-21T00:00:00Z,88.05000305175781,88.5,87.57499694824219,88.1500015258789,7372860
2019-11-22,2019-11-22T00:00:00Z,87.9000015258789,89.125,87.8499984741211,88.17500305175781,5759676
2019-11-25,2019-11-25T00:00:00Z,88.94999694824219,89.4000015258789,88.67500305175781,88.8499984741211,7238788
2019-11-26,2019-11-26T00:00:00Z,88.9749984741211,89.25,88.0999984741211,88.94999694824219,7570200
2019-11-27,2019-11-27T00:00:00Z,89.57499694824219,89.57499694824219,87.69999694824219,87.7750015258789,6155044
2019-11-28,2019-11-28T00:00:00Z,87.3499984741211,88.07499694824219,87.2750015258789,87.7249984741211,3563404
2019-11-29,2019-11-29T00:00:00Z,87.1500015258789,88.07499694824219,86.75,87.7249984741211,4546068
2019-12-02,2019-12-02T00:00:00Z,87.94999694824219,88.80000305175781,86.17500305175781,86.44999694824219,6234644
2019-12-03,2019-12-03T00:00:00Z,86.4000015258789,87.625,85.05000305175781,85.69999694824219,8815184
2019-12-04,2019-12-04T00:00:00Z,85.6500015258789,88.3499984741211,85.6500015258789,88.0250015258789,6715948
2019-12-05,2019-12-05T00:00:00Z,88.25,89.25,87.7249984741211,88.375,5613352
2019-12-06,2019-12-06T00:00:00Z,88.30000305175781,90.0,88.30000305175781,89.875,5481480
2019-12-09,2019-12-09T00:00:00Z,90.25,91.17500305175781,90.0,90.69999694824219,5570852
2019-12-10,2019-12-10T00:00:00Z,90.625,90.94999694824219,89.0,90.8499984741211,8775924
2019-12-11,2019-12-11T00:00:00Z,90.9000015258789,91.375,89.75,91.19999694824219,8043040
2019-12-12,2019-12-12T00:00:00Z,91.44999694824219,93.30000305175781,90.7249984741211,93.19999694824219,10508152
2019-12-13,2019-12-13T00:00:00Z,94.25,94.94999694824219,93.3499984741211,94.30000305175781,10360520
2019-12-16,2019-12-16T00:00:00Z,94.69999694824219,96.5,94.67500305175781,96.5,9591692
2019-12-17,2019-12-17T00:00:00Z,96.375,96.57499694824219,95.375,96.57499694824219,7381328
2019-12-18,2019-12-18T00:00:00Z,96.5999984741211,97.25,96.42500305175781,96.625,8182092
2019-12-19,2019-12-19T00:00:00Z,96.57499694824219,97.05000305175781,95.44999694824219,95.44999694824219,8878588
2019-12-20,2019-12-20T00:00:00Z,95.44999694824219,96.2249984741211,95.2750015258789,96.17500305175781,10566060
2019-12-23,2019-12-23T00:00:00Z,96.19999694824219,96.4749984741211,95.30000305175781,95.625,3972244
2019-12-27,2019-12-27T00:00:00Z,95.625,96.07499694824219,95.07499694824219,96.0,3245396
2019-12-30,2019-12-30T00:00:00Z,96.0,96.25,93.25,93.4000015258789,5099976
2020-01-02,2020-01-02T00:00:00Z,93.5999984741211,95.9749984741211,93.57499694824219,95.875,5086600
2020-01-03,2020-01-03T00:00:00Z,95.4000015258789,95.4000015258789,93.6500015258789,94.125,3865784
2020-01-07,2020-01-07T00:00:00Z,94.125,95.7249984741211,93.9749984741211,94.80000305175781,5788684
2020-01-08,2020-01-08T00:00:00Z,94.0,94.82499694824219,93.05000305175781,94.75,4093924
2020-01-09,2020-01-09T00:00:00Z,95.875,96.19999694824219,94.6500015258789,95.3499984741211,4511128
2020-01-10,2020-01-10T00:00:00Z,95.6500015258789,95.82499694824219,94.80000305175781,94.80000305175781,3743736
2020-01-13,2020-01-13T00:00:00Z,94.7750015258789,96.3499984741211,94.67500305175781,95.80000305175781,4120288
2020-01-14,2020-01-14T00:00:00Z,95.82499694824219,97.4000015258789,94.875,97.1500015258789,6314432
2020-01-15,2020-01-15T00:00:00Z,97.17500305175781,97.80000305175781,96.75,97.3499984741211,4961448
2020-01-16,2020-01-16T00:00:00Z,97.4000015258789,98.75,97.4000015258789,98.6500015258789,5126288
2020-01-17,2020-01-17T00:00:00Z,99.0250015258789,99.80000305175781,97.92500305175781,98.1500015258789,6864652
2020-01-20,2020-01-20T00:00:00Z,97.7249984741211,98.25,97.125,97.2750015258789,3306204
2020-01-21,2020-01-21T00:00:00Z,96.32499694824219,98.75,95.67500305175781,98.17500305175781,4525404
2020-01-22,2020-01-22T00:00:00Z,98.32499694824219,98.8499984741211,96.17500305175781,96.17500305175781,5995312
2020-01-23,2020-01-23T00:00:00Z,95.9749984741211,96.07499694824219,94.4749984741211,95.07499694824219,5375260
2020-01-24,2020-01-24T00:00:00Z,96.1500015258789,97.0250015258789,95.875,96.625,6831344
2020-01-27,2020-01-27T00:00:00Z,95.0,95.30000305175781,93.7249984741211,94.42500305175781,7878124
2020-01-28,2020-01-28T00:00:00Z,94.30000305175781,95.57499694824219,87.42500305175781,89.17500305175781,18372824
2020-01-29,2020-01-29T00:00:00Z,88.9749984741211,89.30000305175781,87.67500305175781,88.0,9719712
2020-01-30,2020-01-30T00:00:00Z,86.75,87.875,85.7249984741211,87.5250015258789,10030540
2020-01-31,2020-01-31T00:00:00Z,87.42500305175781,88.2249984741211,85.0999984741211,85.5,8196236
2020-02-03,2020-02-03T00:00:00Z,85.5,87.2750015258789,85.44999694824219,86.75,6616700
2020-02-04,2020-02-04T00:00:00Z,87.42500305175781,90.07499694824219,86.875,90.0,10306704
2020-02-05,2020-02-05T00:00:00Z,89.92500305175781,92.07499694824219,89.0999984741211,90.80000305175781,7609988
2020-02-06,2020-02-06T00:00:00Z,91.75,92.17500305175781,89.82499694824219,90.42500305175781,6442908
2020-02-07,2020-02-07T00:00:00Z,90.07499694824219,90.5999984741211,89.17500305175781,90.125,6046728
2020-02-10,2020-02-10T00:00:00Z,89.8499984741211,91.30000305175781,89.2249984741211,90.9749984741211,4918920
2020-02-11,2020-02-11T00:00:00Z,91.5250015258789,94.0250015258789,91.25,93.69999694824219,8152060
2020-02-12,2020-02-12T00:00:00Z,94.19999694824219,94.92500305175781,93.3499984741211,94.625,6105672
2020-02-13,2020-02-13T00:00:00Z,94.07499694824219,94.875,93.125,94.07499694824219,6086284
2020-02-14,2020-02-14T00:00:00Z,94.07499694824219,94.5,93.7249984741211,94.0999984741211,3871916
2020-02-17,2020-02-17T00:00:00Z,94.0999984741211,94.75,93.07499694824219,93.42500305175781,4263500
2020-02-18,2020-02-18T00:00:00Z,92.5250015258789,92.5250015258789,91.67500305175781,91.8499984741211,6914452
2020-02-19,2020-02-19T00:00:00Z,92.375,93.19999694824219,92.19999694824219,92.82499694824219,5488884
2020-02-20,2020-02-20T00:00:00Z,92.92500305175781,93.32499694824219,91.57499694824219,92.05000305175781,7009924
2020-02-21,2020-02-21T00:00:00Z,91.2249984741211,91.44999694824219,89.32499694824219,89.67500305175781,6928976
2020-02-24,2020-02-24T00:00:00Z,87.5250015258789,87.5250015258789,84.55000305175781,85.1500015258789,9585140
2020-02-25,2020-02-25T00:00:00Z,85.67500305175781,86.1500015258789,84.07499694824219,84.375,7580792
2020-02-26,2020-02-26T00:00:00Z,83.2750015258789,87.5250015258789,81.5,87.375,11564364
2020-02-27,2020-02-27T00:00:00Z,86.0,86.0250015258789,83.0250015258789,85.32499694824219,12866412
2020-02-28,2020-02-28T00:00:00Z,82.5,85.32499694824219,82.1500015258789,84.7750015258789,17477848
2020-03-02,2020-03-02T00:00:00Z,86.30000305175781,87.4749984741211,83.30000305175781,84.05000305175781,12308932
2020-03-03,2020-03-03T00:00:00Z,84.875,87.375,84.69999694824219,85.19999694824219,8409484
2020-03-04,2020-03-04T00:00:00Z,85.375,86.55000305175781,84.69999694824219,85.625,5645364
2020-03-05,2020-03-05T00:00:00Z,86.5,86.80000305175781,83.4000015258789,83.82499694824219,7903584
2020-03-06,2020-03-06T00:00:00Z,81.67500305175781,82.57499694824219,79.69999694824219,80.6500015258789,10445380
2020-03-09,2020-03-09T00:00:00Z,75.0,78.0,73.625,77.07499694824219,17134988
2020-03-10,2020-03-10T00:00:00Z,77.7249984741211,81.125,77.5,78.80000305175781,11490700
2020-03-11,2020-03-11T00:00:00Z,79.17500305175781,79.9000015258789,76.625,76.6500015258789,11355720
2020-03-12,2020-03-12T00:00:00Z,72.6500015258789,73.75,70.17500305175781,70.8499984741211,22628532
2020-03-13,2020-03-13T00:00:00Z,71.92500305175781,79.30000305175781,70.2249984741211,73.625,19999084
2020-03-16,2020-03-16T00:00:00Z,69.625,75.7249984741211,68.0999984741211,73.92500305175781,18348340
2020-03-17,2020-03-17T00:00:00Z,75.92500305175781,77.57499694824219,70.0,74.2750015258789,18822240
2020-03-18,2020-03-18T00:00:00Z,72.05000305175781,75.2750015258789,69.8499984741211,72.69999694824219,16517344
2020-03-19,2020-03-19T00:00:00Z,73.82499694824219,77.2249984741211,70.625,72.8499984741211,19306236
2020-03-20,2020-03-20T00:00:00Z,74.30000305175781,76.32499694824219,69.0250015258789,69.0250015258789,14871244
2020-03-23,2020-03-23T00:00:00Z,64.6500015258789,68.7249984741211,64.55000305175781,66.67500305175781,12632640
2020-03-24,2020-03-24T00:00:00Z,68.6500015258789,74.05000305175781,68.6500015258789,74.05000305175781,14155832
2020-03-25,2020-03-25T00:00:00Z,76.55000305175781,80.2249984741211,72.0999984741211,80.2249984741211,13178536
2020-03-26,2020-03-26T00:00:00Z,77.32499694824219,81.19999694824219,76.0,81.19999694824219,12088568
2020-03-27,2020-03-27T00:00:00Z,79.375,80.25,77.3499984741211,78.7249984741211,8477480
2020-03-30,2020-03-30T00:00:00Z,80.0,82.80000305175781,77.5,82.75,8368340
2020-03-31,2020-03-31T00:00:00Z,84.17500305175781,84.2750015258789,79.44999694824219,83.4749984741211,13520708
2020-04-01,2020-04-01T00:00:00Z,80.5,80.75,77.2249984741211,77.80000305175781,8525064
2020-04-02,2020-04-02T00:00:00Z,78.30000305175781,78.875,76.07499694824219,78.5,9237548
2020-04-03,2020-04-03T00:00:00Z,78.42500305175781,79.1500015258789,77.0999984741211,77.6500015258789,4319368
2020-04-06,2020-04-06T00:00:00Z,80.05000305175781,81.4749984741211,79.375,81.17500305175781,6618580
2020-04-07,2020-04-07T00:00:00Z,83.19999694824219,83.92500305175781,80.5250015258789,83.75,10771976
2020-04-08,2020-04-08T00:00:00Z,82.94999694824219,83.69999694824219,81.67500305175781,82.875,6193428
2020-04-09,2020-04-09T00:00:00Z,83.25,85.125,82.1500015258789,82.57499694824219,3888116
2020-04-14,2020-04-14T00:00:00Z,83.7750015258789,85.875,82.0,85.75,8991612
2020-04-15,2020-04-15T00:00:00Z,85.2750015258789,85.2750015258789,81.67500305175781,81.82499694824219,7967560
2020-04-16,2020-04-16T00:00:00Z,82.875,84.4749984741211,82.67500305175781,84.42500305175781,9248884
2020-04-17,2020-04-17T00:00:00Z,87.2249984741211,87.4000015258789,84.5999984741211,87.0250015258789,9836960
2020-04-20,2020-04-20T00:00:00Z,87.92500305175781,87.92500305175781,86.17500305175781,86.7249984741211,5687232
2020-04-21,2020-04-21T00:00:00Z,85.75,86.19999694824219,83.875,83.9749984741211,6493128
2020-04-22,2020-04-22T00:00:00Z,84.0,87.75,83.42500305175781,87.6500015258789,7168600
2020-04-23,2020-04-23T00:00:00Z,89.8499984741211,92.375,85.17500305175781,92.375,14053692
2020-04-24,2020-04-24T00:00:00Z,89.5250015258789,90.32499694824219,86.19999694824219,86.25,9546684
2020-04-27,2020-04-27T00:00:00Z,87.9000015258789,88.44999694824219,85.625,86.07499694824219,6090604
2020-04-28,2020-04-28T00:00:00Z,86.19999694824219,86.6500015258789,85.0250015258789,86.6500015258789,8696084
2020-04-29,2020-04-29T00:00:00Z,86.4749984741211,87.67500305175781,85.05000305175781,86.75,7104788
2020-04-30,2020-04-30T00:00:00Z,86.6500015258789,87.2249984741211,84.82499694824219,84.82499694824219,5071456
2020-05-04,2020-05-04T00:00:00Z,82.8499984741211,84.0,80.32499694824219,80.32499694824219,9701852
2020-05-05,2020-05-05T00:00:00Z,81.67500305175781,85.1500015258789,80.82499694824219,84.94999694824219,8202560
2020-05-06,2020-05-06T00:00:00Z,85.1500015258789,85.2249984741211,82.5,82.5250015258789,7382620
2020-05-07,2020-05-07T00:00:00Z,83.0,84.7750015258789,82.80000305175781,84.5250015258789,5076948
2020-05-08,2020-05-08T00:00:00Z,85.375,86.80000305175781,84.8499984741211,86.1500015258789,2959692
2020-05-11,2020-05-11T00:00:00Z,86.6500015258789,86.94999694824219,85.55000305175781,86.44999694824219,4495856
2020-05-12,2020-05-12T00:00:00Z,85.9749984741211,88.2249984741211,85.5,87.94999694824219,5763408
2020-05-13,2020-05-13T00:00:00Z,86.8499984741211,87.5,86.17500305175781,86.4749984741211,6508020
2020-05-14,2020-05-14T00:00:00Z,85.30000305175781,86.0250015258789,82.32499694824219,83.7249984741211,7079144
2020-05-15,2020-05-15T00:00:00Z,85.25,86.25,82.9749984741211,83.9000015258789,6826844
2020-05-18,2020-05-18T00:00:00Z,85.7249984741211,89.6500015258789,85.55000305175781,89.6500015258789,5155724
2020-05-19,2020-05-19T00:00:00Z,90.75,90.75,87.67500305175781,89.32499694824219,6648756
2020-05-20,2020-05-20T00:00:00Z,88.75,90.3499984741211,87.4000015258789,89.94999694824219,4030236
2020-05-22,2020-05-22T00:00:00Z,88.8499984741211,89.2249984741211,87.9000015258789,88.92500305175781,4841404
2020-05-25,2020-05-25T00:00:00Z,89.875,91.125,89.375,90.875,2891272
2020-05-26,2020-05-26T00:00:00Z,91.9749984741211,91.9749984741211,89.69999694824219,91.1500015258789,4844700
2020-05-27,2020-05-27T00:00:00Z,91.1500015258789,92.1500015258789,90.32499694824219,91.4000015258789,7287040
2020-05-28,2020-05-28T00:00:00Z,92.30000305175781,95.7750015258789,92.05000305175781,95.55000305175781,7050060
2020-05-29,2020-05-29T00:00:00Z,94.9749984741211,94.9749984741211,91.75,92.30000305175781,10650796
2020-06-01,2020-06-01T00:00:00Z,93.7750015258789,94.19999694824219,91.875,93.7750015258789,4754872
2020-06-02,2020-06-02T00:00:00Z,94.5250015258789,95.5250015258789,92.4749984741211,92.57499694824219,5787776
2020-06-03,2020-06-03T00:00:00Z,93.4000015258789,94.625,92.55000305175781,94.625,7184420
2020-06-04,2020-06-04T00:00:00Z,94.17500305175781,95.0,93.57499694824219,94.05000305175781,6492756
2020-06-05,2020-06-05T00:00:00Z,94.7249984741211,96.80000305175781,94.2750015258789,96.57499694824219,7485904
2020-06-08,2020-06-08T00:00:00Z,95.94999694824219,96.19999694824219,93.94999694824219,94.5999984741211,7356460
2020-06-09,2020-06-09T00:00:00Z,94.17500305175781,94.92500305175781,92.625,94.5250015258789,6029576
2020-06-10,2020-06-10T00:00:00Z,94.94999694824219,96.30000305175781,94.4749984741211,94.9000015258789,6644360
2020-06-11,2020-06-11T00:00:00Z,93.19999694824219,93.7249984741211,92.19999694824219,92.3499984741211,8540948
2020-06-12,2020-06-12T00:00:00Z,91.44999694824219,94.375,91.17500305175781,92.9000015258789,6750516
2020-06-15,2020-06-15T00:00:00Z,90.9749984741211,93.8499984741211,90.67500305175781,93.80000305175781,8487892
2020-06-16,2020-06-16T00:00:00Z,95.82499694824219,97.25,95.3499984741211,96.6500015258789,8450896
2020-06-17,2020-06-17T00:00:00Z,97.7249984741211,99.94999694824219,96.92500305175781,99.5250015258789,8911028
2020-06-18,2020-06-18T00:00:00Z,98.55000305175781,98.7249984741211,97.2750015258789,98.5,10222992
2020-06-22,2020-06-22T00:00:00Z,98.0999984741211,98.7750015258789,97.0250015258789,98.25,5015608
2020-06-23,2020-06-23T00:00:00Z,99.5,101.55000305175781,99.125,100.5999984741211,6077100
2020-06-24,2020-06-24T00:00:00Z,100.5,100.57499694824219,97.8499984741211,98.07499694824219,5213676
2020-06-25,2020-06-25T00:00:00Z,97.2249984741211,98.1500015258789,96.42500305175781,98.1500015258789,4202416
2020-06-26,2020-06-26T00:00:00Z,98.2249984741211,100.4749984741211,98.2249984741211,98.57499694824219,4006964
2020-06-29,2020-06-29T00:00:00Z,98.57499694824219,99.5999984741211,97.92500305175781,98.875,4425424
2020-06-30,2020-06-30T00:00:00Z,99.82499694824219,99.9749984741211,98.0999984741211,98.6500015258789,5924832
2020-07-01,2020-07-01T00:00:00Z,98.1500015258789,99.875,97.75,98.80000305175781,4993996
2020-07-02,2020-07-02T00:00:00Z,99.625,100.5250015258789,98.4000015258789,100.4000015258789,3997492
2020-07-03,2020-07-03T00:00:00Z,100.625,101.32499694824219,99.55000305175781,99.9749984741211,2616960
2020-07-06,2020-07-06T00:00:00Z,102.0,102.69999694824219,100.3499984741211,101.625,3269260
2020-07-07,2020-07-07T00:00:00Z,101.25,101.625,100.55000305175781,100.9749984741211,3513144
2020-07-08,2020-07-08T00:00:00Z,99.57499694824219,101.3499984741211,99.375,100.17500305175781,3478496
2020-07-09,2020-07-09T00:00:00Z,100.75,102.32499694824219,100.05000305175781,100.375,4565040
2020-07-10,2020-07-10T00:00:00Z,99.875,101.94999694824219,99.625,101.94999694824219,4319084
2020-07-13,2020-07-13T00:00:00Z,103.4000015258789,103.5999984741211,101.7249984741211,103.17500305175781,3930392
2020-07-14,2020-07-14T00:00:00Z,102.4000015258789,103.0999984741211,101.5,102.9749984741211,7019624
2020-07-15,2020-07-15T00:00:00Z,104.7249984741211,107.44999694824219,103.82499694824219,107.0,8673576
2020-07-16,2020-07-16T00:00:00Z,107.8499984741211,107.9000015258789,102.6500015258789,104.9749984741211,11202420
2020-07-17,2020-07-17T00:00:00Z,105.94999694824219,106.32499694824219,101.32499694824219,102.375,6542780
2020-07-20,2020-07-20T00:00:00Z,102.25,102.92500305175781,101.5,102.6500015258789,4123684
2020-07-21,2020-07-21T00:00:00Z,103.3499984741211,103.3499984741211,101.05000305175781,101.5250015258789,5239952
2020-07-22,2020-07-22T00:00:00Z,101.30000305175781,103.5250015258789,101.125,103.19999694824219,3177276
2020-07-23,2020-07-23T00:00:00Z,103.2249984741211,103.7750015258789,102.55000305175781,102.8499984741211,2276016
2020-07-24,2020-07-24T00:00:00Z,101.42500305175781,101.82499694824219,99.25,100.05000305175781,3956960
2020-07-27,2020-07-27T00:00:00Z,99.75,102.0999984741211,99.4000015258789,101.67500305175781,2274644
2020-07-28,2020-07-28T00:00:00Z,101.4000015258789,101.80000305175781,99.5250015258789,100.2249984741211,2804912
2020-07-29,2020-07-29T00:00:00Z,100.0250015258789,101.05000305175781,99.6500015258789,100.6500015258789,3263084
2020-07-30,2020-07-30T00:00:00Z,100.4749984741211,100.5,97.55000305175781,98.4000015258789,3423352
2020-07-31,2020-07-31T00:00:00Z,98.05000305175781,98.4749984741211,96.6500015258789,96.7249984741211,6276716
2020-08-03,2020-08-03T00:00:00Z,96.7249984741211,100.32499694824219,96.5,99.75,3630584
2020-08-04,2020-08-04T00:00:00Z,100.19999694824219,100.7750015258789,96.7750015258789,97.25,3662728
2020-08-05,2020-08-05T00:00:00Z,98.07499694824219,98.80000305175781,97.42500305175781,98.5999984741211,3046944
2020-08-06,2020-08-06T00:00:00Z,98.5999984741211,99.5250015258789,97.94999694824219,98.67500305175781,3325188
2020-08-07,2020-08-07T00:00:00Z,98.2249984741211,99.6500015258789,97.80000305175781,98.8499984741211,2654448
2020-08-10,2020-08-10T00:00:00Z,99.3499984741211,99.5250015258789,98.25,98.94999694824219,2227228
2020-08-11,2020-08-11T00:00:00Z,99.7249984741211,101.69999694824219,99.7249984741211,100.9749984741211,4334316
2020-08-12,2020-08-12T00:00:00Z,100.9749984741211,100.9749984741211,98.30000305175781,100.25,3115360
2020-08-13,2020-08-13T00:00:00Z,99.625,101.69999694824219,99.625,101.0,3001252
2020-08-14,2020-08-14T00:00:00Z,101.0,101.07499694824219,97.67500305175781,98.1500015258789,3486912
2020-08-17,2020-08-17T00:00:00Z,97.9000015258789,100.07499694824219,97.875,99.8499984741211,2519084
2020-08-18,2020-08-18T00:00:00Z,99.2249984741211,100.19999694824219,98.4749984741211,98.80000305175781,3169068
2020-08-19,2020-08-19T00:00:00Z,99.0999984741211,100.05000305175781,98.5,99.625,2233444
2020-08-20,2020-08-20T00:00:00Z,98.75,98.94999694824219,97.5,97.9000015258789,3530848
2020-08-21,2020-08-21T00:00:00Z,97.875,99.0,96.9000015258789,97.94999694824219,3617492
2020-08-24,2020-08-24T00:00:00Z,98.8499984741211,101.0999984741211,98.69999694824219,99.875,3255528
2020-08-25,2020-08-25T00:00:00Z,99.94999694824219,101.375,99.9000015258789,99.9000015258789,3701348
2020-08-26,2020-08-26T00:00:00Z,99.5250015258789,100.3499984741211,98.80000305175781,100.3499984741211,3077684
2020-08-27,2020-08-27T00:00:00Z,101.6500015258789,102.0,100.0999984741211,100.375,3865968
2020-08-28,2020-08-28T00:00:00Z,100.75,100.82499694824219,98.125,99.125,4971104
2020-08-31,2020-08-31T00:00:00Z,99.4749984741211,101.75,99.32499694824219,99.9749984741211,5735568
2020-09-01,2020-09-01T00:00:00Z,100.42500305175781,101.19999694824219,98.44999694824219,100.0250015258789,4049772
2020-09-02,2020-09-02T00:00:00Z,100.69999694824219,103.42500305175781,100.0,101.25,5535540
2020-09-03,2020-09-03T00:00:00Z,102.5,104.2249984741211,98.9000015258789,99.19999694824219,6702620
2020-09-04,2020-09-04T00:00:00Z,98.55000305175781,102.5250015258789,98.25,99.4000015258789,4633560
2020-09-07,2020-09-07T00:00:00Z,99.94999694824219,102.125,99.8499984741211,102.0999984741211,2805016
2020-09-08,2020-09-08T00:00:00Z,102.125,102.44999694824219,98.9749984741211,100.30000305175781,4458396
2020-09-09,2020-09-09T00:00:00Z,100.17500305175781,103.05000305175781,100.0,102.5999984741211,3629080
2020-09-10,2020-09-10T00:00:00Z,102.5,103.2249984741211,101.4749984741211,102.2249984741211,4282328
2020-09-11,2020-09-11T00:00:00Z,102.25,102.57499694824219,101.07499694824219,102.30000305175781,4466424
2020-09-14,2020-09-14T00:00:00Z,103.17500305175781,103.92500305175781,101.69999694824219,102.42500305175781,3961144
2020-09-15,2020-09-15T00:00:00Z,102.125,103.7249984741211,101.875,102.9749984741211,3681664
2020-09-16,2020-09-16T00:00:00Z,103.0999984741211,104.1500015258789,102.67500305175781,104.05000305175781,3884664
2020-09-17,2020-09-17T00:00:00Z,103.0,104.42500305175781,102.5250015258789,104.42500305175781,4028220
2020-09-18,2020-09-18T00:00:00Z,104.30000305175781,107.2249984741211,104.0250015258789,106.4000015258789,9253444
2020-09-21,2020-09-21T00:00:00Z,105.5250015258789,105.5999984741211,102.42500305175781,102.5,4727508
2020-09-22,2020-09-22T00:00:00Z,102.82499694824219,104.625,102.7750015258789,103.5250015258789,3738384
2020-09-23,2020-09-23T00:00:00Z,104.6500015258789,106.17500305175781,104.3499984741211,105.2249984741211,4240376
2020-09-24,2020-09-24T00:00:00Z,103.80000305175781,104.25,102.30000305175781,103.375,5312928
2020-09-25,2020-09-25T00:00:00Z,103.44999694824219,104.80000305175781,102.07499694824219,104.80000305175781,5360928
2020-09-28,2020-09-28T00:00:00Z,106.0999984741211,109.6500015258789,105.94999694824219,109.17500305175781,5776196
2020-09-29,2020-09-29T00:00:00Z,108.92500305175781,110.4000015258789,108.375,109.6500015258789,4474944
2020-09-30,2020-09-30T00:00:00Z,109.07499694824219,109.375,106.92500305175781,107.19999694824219,7592248
2020-10-01,2020-10-01T00:00:00Z,107.5250015258789,108.80000305175781,106.625,107.2750015258789,4610556
2020-10-02,2020-10-02T00:00:00Z,106.0,106.0,103.0999984741211,105.05000305175781,5054236
2020-10-05,2020-10-05T00:00:00Z,105.5250015258789,107.5250015258789,105.05000305175781,107.0999984741211,4962088
2020-10-06,2020-10-06T00:00:00Z,107.2750015258789,107.44999694824219,105.5250015258789,105.9000015258789,4463020
2020-10-07,2020-10-07T00:00:00Z,105.6500015258789,107.9000015258789,105.42500305175781,105.9749984741211,4886092
2020-10-08,2020-10-08T00:00:00Z,106.6500015258789,106.94999694824219,104.82499694824219,105.69999694824219,3048532
2020-10-09,2020-10-09T00:00:00Z,105.82499694824219,107.44999694824219,105.4000015258789,106.7750015258789,3091336
2020-10-12,2020-10-12T00:00:00Z,107.0,108.44999694824219,106.5250015258789,108.32499694824219,3106776
2020-10-13,2020-10-13T00:00:00Z,108.25,109.0,107.125,107.75,3661696
2020-10-14,2020-10-14T00:00:00Z,107.7249984741211,107.8499984741211,106.25,106.92500305175781,4743324
2020-10-15,2020-10-15T00:00:00Z,105.69999694824219,105.7249984741211,103.7750015258789,104.1500015258789,4957144
2020-10-16,2020-10-16T00:00:00Z,104.625,105.75,103.67500305175781,104.75,8106296
2020-10-19,2020-10-19T00:00:00Z,104.92500305175781,105.375,104.0,104.44999694824219,2606784
2020-10-20,2020-10-20T00:00:00Z,104.1500015258789,105.42500305175781,104.07499694824219,104.5999984741211,3499164
2020-10-21,2020-10-21T00:00:00Z,104.9000015258789,104.9000015258789,101.3499984741211,101.67500305175781,5893124
2020-10-22,2020-10-22T00:00:00Z,99.30000305175781,101.375,98.9000015258789,101.0,5384612
2020-10-23,2020-10-23T00:00:00Z,100.5250015258789,101.92500305175781,100.2750015258789,101.7249984741211,3926124
2020-10-26,2020-10-26T00:00:00Z,100.25,100.9749984741211,99.125,99.4000015258789,4011052
2020-10-27,2020-10-27T00:00:00Z,99.67500305175781,100.05000305175781,98.4749984741211,99.69999694824219,4101688
2020-10-28,2020-10-28T00:00:00Z,97.5999984741211,99.05000305175781,97.2249984741211,98.0250015258789,5655964
2020-10-29,2020-10-29T00:00:00Z,97.7249984741211,99.42500305175781,97.7249984741211,98.55000305175781,3912016
2020-10-30,2020-10-30T00:00:00Z,97.4000015258789,98.94999694824219,97.0,98.2249984741211,2721128
2020-11-02,2020-11-02T00:00:00Z,97.875,100.875,97.32499694824219,100.375,5732848
2020-11-03,2020-11-03T00:00:00Z,102.0250015258789,102.0250015258789,100.625,101.1500015258789,3649816
2020-11-04,2020-11-04T00:00:00Z,99.5999984741211,102.7249984741211,98.9749984741211,102.05000305175781,5071200
2020-11-05,2020-11-05T00:00:00Z,102.82499694824219,104.82499694824219,102.5999984741211,104.0999984741211,4628304
2020-11-06,2020-11-06T00:00:00Z,103.69999694824219,104.7750015258789,102.3499984741211,104.4000015258789,3326184
2020-11-09,2020-11-09T00:00:00Z,106.25,109.32499694824219,105.2249984741211,108.42500305175781,6840060
2020-11-10,2020-11-10T00:00:00Z,108.80000305175781,109.4000015258789,104.94999694824219,105.2750015258789,6082008
2020-11-11,2020-11-11T00:00:00Z,105.0,108.125,104.875,108.05000305175781,5766364
2020-11-12,2020-11-12T00:00:00Z,107.5,108.9000015258789,107.05000305175781,107.69999694824219,5118300
2020-11-13,2020-11-13T00:00:00Z,107.05000305175781,109.4000015258789,107.0250015258789,108.92500305175781,6252876
2020-11-16,2020-11-16T00:00:00Z,109.8499984741211,109.8499984741211,107.94999694824219,108.9749984741211,5516672
2020-11-17,2020-11-17T00:00:00Z,109.125,110.0999984741211,108.625,109.5999984741211,4884652
2020-11-18,2020-11-18T00:00:00Z,108.9749984741211,110.30000305175781,108.0250015258789,109.67500305175781,4916876
2020-11-19,2020-11-19T00:00:00Z,109.25,110.82499694824219,108.875,110.1500015258789,5075908
2020-11-20,2020-11-20T00:00:00Z,109.5,111.7249984741211,109.5,111.25,4190204
2020-11-23,2020-11-23T00:00:00Z,111.69999694824219,112.44999694824219,111.05000305175781,111.05000305175781,3245836
2020-11-24,2020-11-24T00:00:00Z,111.625,111.7750015258789,110.07499694824219,110.2249984741211,4603372
2020-11-25,2020-11-25T00:00:00Z,110.57499694824219,111.5,109.9000015258789,110.25,5312384
2020-11-26,2020-11-26T00:00:00Z,110.32499694824219,110.92500305175781,109.25,109.42500305175781,3129348
2020-11-27,2020-11-27T00:00:00Z,108.0999984741211,109.92500305175781,107.55000305175781,109.92500305175781,3925328
2020-11-30,2020-11-30T00:00:00Z,109.19999694824219,109.5,107.94999694824219,108.05000305175781,7011176
2020-12-01,2020-12-01T00:00:00Z,108.3499984741211,108.7249984741211,107.05000305175781,108.30000305175781,5020272
2020-12-02,2020-12-02T00:00:00Z,107.94999694824219,109.94999694824219,107.5999984741211,108.82499694824219,5165788
2020-12-03,2020-12-03T00:00:00Z,108.75,109.19999694824219,107.5,108.2249984741211,4183564
2020-12-04,2020-12-04T00:00:00Z,107.8499984741211,109.5250015258789,107.8499984741211,109.3499984741211,3333032
2020-12-07,2020-12-07T00:00:00Z,109.55000305175781,109.9000015258789,108.6500015258789,109.0999984741211,4328604
2020-12-08,2020-12-08T00:00:00Z,109.0,111.25,108.2249984741211,111.25,4836976
2020-12-09,2020-12-09T00:00:00Z,112.05000305175781,112.05000305175781,110.25,111.375,6659140
2020-12-10,2020-12-10T00:00:00Z,111.5,111.5,107.2750015258789,107.2750015258789,6669620
2020-12-11,2020-12-11T00:00:00Z,106.8499984741211,107.5,105.6500015258789,106.9000015258789,7050252
2020-12-14,2020-12-14T00:00:00Z,107.7249984741211,108.32499694824219,106.42500305175781,106.92500305175781,4033744
2020-12-15,2020-12-15T00:00:00Z,106.69999694824219,107.875,106.25,107.07499694824219,4107976
2020-12-16,2020-12-16T00:00:00Z,109.30000305175781,110.625,107.25,108.625,5526960
2020-12-17,2020-12-17T00:00:00Z,109.8499984741211,109.875,106.92500305175781,107.17500305175781,5757444
2020-12-18,2020-12-18T00:00:00Z,107.05000305175781,108.69999694824219,106.82499694824219,107.625,7077900
2020-12-21,2020-12-21T00:00:00Z,105.94999694824219,106.9000015258789,104.9000015258789,105.875,4862276
2020-12-22,2020-12-22T00:00:00Z,106.3499984741211,107.375,106.0999984741211,107.1500015258789,2216332
2020-12-23,2020-12-23T00:00:00Z,107.07499694824219,107.07499694824219,105.4000015258789,105.67500305175781,2942972
2020-12-28,2020-12-28T00:00:00Z,105.92500305175781,107.125,105.19999694824219,106.6500015258789,1719956
2020-12-29,2020-12-29T00:00:00Z,106.6500015258789,107.5,106.375,107.4749984741211,3079772
2020-12-30,2020-12-30T00:00:00Z,107.05000305175781,107.4749984741211,105.2750015258789,105.2750015258789,5220012
2021-01-04,2021-01-04T00:00:00Z,105.9000015258789,109.32499694824219,105.75,108.5250015258789,5354800
2021-01-05,2021-01-05T00:00:00Z,107.4000015258789,110.625,107.0250015258789,108.8499984741211,4499320
2021-01-07,2021-01-07T00:00:00Z,113.82499694824219,115.1500015258789,111.30000305175781,112.2750015258789,6881168
2021-01-08,2021-01-08T00:00:00Z,113.375,116.80000305175781,113.125,115.2249984741211,5939496
2021-01-11,2021-01-11T00:00:00Z,114.7249984741211,117.8499984741211,114.67500305175781,116.4000015258789,5768536
2021-01-12,2021-01-12T00:00:00Z,116.5999984741211,117.5250015258789,115.69999694824219,116.9749984741211,5072072
2021-01-13,2021-01-13T00:00:00Z,117.07499694824219,117.80000305175781,116.375,116.57499694824219,3542180
2021-01-14,2021-01-14T00:00:00Z,116.44999694824219,119.80000305175781,115.2750015258789,116.0,6594032
2021-01-15,2021-01-15T00:00:00Z,116.05000305175781,116.5999984741211,113.625,114.0250015258789,3942104
2021-01-18,2021-01-18T00:00:00Z,113.9000015258789,114.8499984741211,113.75,114.0250015258789,2044676
2021-01-19,2021-01-19T00:00:00Z,114.69999694824219,114.9000015258789,112.4000015258789,113.0999984741211,5273284
2021-01-20,2021-01-20T00:00:00Z,113.75,115.7249984741211,113.5,114.7249984741211,4444776
2021-01-21,2021-01-21T00:00:00Z,115.57499694824219,117.3499984741211,114.57499694824219,117.3499984741211,4010144
2021-01-22,2021-01-22T00:00:00Z,116.80000305175781,117.625,116.07499694824219,117.625,3959668
2021-01-25,2021-01-25T00:00:00Z,118.375,119.25,116.5999984741211,116.9749984741211,4107396
2021-01-26,2021-01-26T00:00:00Z,116.9749984741211,119.4000015258789,116.3499984741211,118.625,4828188
2021-01-27,2021-01-27T00:00:00Z,118.625,118.625,114.25,115.5999984741211,6488296
2021-01-28,2021-01-28T00:00:00Z,114.6500015258789,116.17500305175781,112.25,115.7249984741211,5584916
2021-01-29,2021-01-29T00:00:00Z,112.5,116.44999694824219,112.25,113.8499984741211,10226680
2021-02-01,2021-02-01T00:00:00Z,116.17500305175781,118.4749984741211,115.1500015258789,118.4749984741211,6747556
2021-02-02,2021-02-02T00:00:00Z,119.30000305175781,120.5,118.0999984741211,119.2750015258789,4842776
2021-02-03,2021-02-03T00:00:00Z,120.9000015258789,120.9000015258789,118.7249984741211,119.0250015258789,3731740
2021-02-04,2021-02-04T00:00:00Z,119.30000305175781,119.5,118.2249984741211,119.30000305175781,4113616
2021-02-05,2021-02-05T00:00:00Z,119.67500305175781,119.94999694824219,117.42500305175781,117.55000305175781,3801880
2021-02-08,2021-02-08T00:00:00Z,118.2750015258789,118.57499694824219,117.75,118.17500305175781,2953844
2021-02-09,2021-02-09T00:00:00Z,118.42500305175781,119.42500305175781,117.42500305175781,118.0250015258789,4682928
2021-02-10,2021-02-10T00:00:00Z,118.7750015258789,118.7750015258789,116.2750015258789,117.42500305175781,3115372
2021-02-11,2021-02-11T00:00:00Z,117.42500305175781,118.17500305175781,117.0,118.05000305175781,3063812
2021-02-12,2021-02-12T00:00:00Z,118.25,123.5,117.80000305175781,123.05000305175781,6495496
2021-02-15,2021-02-15T00:00:00Z,123.92500305175781,124.1500015258789,122.7249984741211,123.55000305175781,3196936
2021-02-16,2021-02-16T00:00:00Z,123.92500305175781,125.5999984741211,123.2750015258789,125.4000015258789,3814644
2021-02-17,2021-02-17T00:00:00Z,124.625,125.5999984741211,122.44999694824219,123.17500305175781,6660016
2021-02-18,2021-02-18T00:00:00Z,122.5999984741211,124.25,122.5999984741211,124.2249984741211,4995120
2021-02-19,2021-02-19T00:00:00Z,124.7249984741211,127.5999984741211,124.44999694824219,127.5999984741211,5810232
2021-02-22,2021-02-22T00:00:00Z,126.3499984741211,126.9000015258789,125.05000305175781,125.25,4756756
2021-02-23,2021-02-23T00:00:00Z,125.6500015258789,125.6500015258789,120.55000305175781,122.375,6091700
2021-02-24,2021-02-24T00:00:00Z,122.25,123.94999694824219,121.5250015258789,123.6500015258789,5357488
2021-02-25,2021-02-25T00:00:00Z,124.67500305175781,125.3499984741211,122.2249984741211,122.6500015258789,3646008
2021-02-26,2021-02-26T00:00:00Z,121.25,121.9000015258789,120.32499694824219,120.5250015258789,4712912
2021-03-01,2021-03-01T00:00:00Z,121.8499984741211,124.07499694824219,121.30000305175781,124.07499694824219,3717888
2021-03-02,2021-03-02T00:00:00Z,124.69999694824219,126.0,123.75,125.30000305175781,3239728
2021-03-03,2021-03-03T00:00:00Z,125.8499984741211,126.3499984741211,123.44999694824219,124.5,3221904
2021-03-04,2021-03-04T00:00:00Z,124.07499694824219,124.07499694824219,120.67500305175781,121.3499984741211,4894164
2021-03-05,2021-03-05T00:00:00Z,120.44999694824219,120.8499984741211,118.75,118.80000305175781,4842300
2021-03-08,2021-03-08T00:00:00Z,119.32499694824219,122.07499694824219,117.9749984741211,121.7249984741211,4667244
2021-03-09,2021-03-09T00:00:00Z,121.57499694824219,123.92500305175781,120.17500305175781,123.7750015258789,3549820
2021-03-10,2021-03-10T00:00:00Z,123.7750015258789,124.30000305175781,122.5,123.92500305175781,3394656
2021-03-11,2021-03-11T00:00:00Z,124.44999694824219,128.0500030517578,124.1500015258789,127.9000015258789,5918720
2021-03-12,2021-03-12T00:00:00Z,127.9000015258789,127.9000015258789,125.9000015258789,127.5999984741211,4488212
2021-03-15,2021-03-15T00:00:00Z,128.14999389648438,128.64999389648438,125.1500015258789,125.55000305175781,3918596
2021-03-16,2021-03-16T00:00:00Z,125.44999694824219,126.44999694824219,125.1500015258789,126.1500015258789,4754896
2021-03-17,2021-03-17T00:00:00Z,126.0,126.19999694824219,124.67500305175781,125.44999694824219,6318440
2021-03-18,2021-03-18T00:00:00Z,125.80000305175781,126.0999984741211,123.75,124.75,5124836
2021-03-19,2021-03-19T00:00:00Z,123.75,124.9749984741211,122.875,123.7249984741211,7508676
2021-03-22,2021-03-22T00:00:00Z,122.75,125.30000305175781,122.25,125.25,4697364
2021-03-23,2021-03-23T00:00:00Z,124.875,127.44999694824219,124.5,126.6500015258789,4621616
2021-03-24,2021-03-24T00:00:00Z,127.30000305175781,130.1999969482422,126.44999694824219,128.75,5696520
2021-03-25,2021-03-25T00:00:00Z,128.25,129.75,127.0999984741211,128.4499969482422,4330344
2021-03-26,2021-03-26T00:00:00Z,129.5,131.39999389648438,128.85000610351562,130.8000030517578,5793420
2021-03-29,2021-03-29T00:00:00Z,131.39999389648438,132.75,131.14999389648438,131.4499969482422,4922768
2021-03-30,2021-03-30T00:00:00Z,132.5500030517578,133.64999389648438,131.75,133.4499969482422,4451464
2021-03-31,2021-03-31T00:00:00Z,133.64999389648438,133.64999389648438,132.4499969482422,132.89999389648438,4539964
2021-04-01,2021-04-01T00:00:00Z,134.25,135.5,133.25,134.75,2644772
2021-04-06,2021-04-06T00:00:00Z,136.85000610351562,136.85000610351562,134.4499969482422,136.8000030517578,5184480
2021-04-07,2021-04-07T00:00:00Z,136.75,137.14999389648438,134.5500030517578,134.89999389648438,4244572
2021-04-08,2021-04-08T00:00:00Z,135.75,137.5,135.75,137.39999389648438,3850528
2021-04-09,2021-04-09T00:00:00Z,137.9499969482422,138.3000030517578,136.8000030517578,138.25,2998048
2021-04-12,2021-04-12T00:00:00Z,138.0500030517578,138.14999389648438,136.3000030517578,136.6999969482422,3197732
2021-04-13,2021-04-13T00:00:00Z,136.6999969482422,138.0500030517578,136.14999389648438,136.9499969482422,4197824
2021-04-14,2021-04-14T00:00:00Z,137.0,137.0,135.1999969482422,135.39999389648438,3849944
2021-04-15,2021-04-15T00:00:00Z,135.85000610351562,137.1999969482422,135.75,136.0500030517578,3951480
2021-04-16,2021-04-16T00:00:00Z,136.0500030517578,139.5,135.8000030517578,139.5,5454112
2021-04-19,2021-04-19T00:00:00Z,139.8000030517578,140.0,136.25,136.25,4652364
2021-04-20,2021-04-20T00:00:00Z,136.25,137.39999389648438,132.39999389648438,132.8000030517578,7875724
2021-04-21,2021-04-21T00:00:00Z,133.10000610351562,135.14999389648438,133.10000610351562,135.0,3964620
2021-04-22,2021-04-22T00:00:00Z,135.25,136.0500030517578,134.5500030517578,135.35000610351562,3164416
2021-04-23,2021-04-23T00:00:00Z,135.0,136.60000610351562,134.35000610351562,136.39999389648438,2808964
2021-04-26,2021-04-26T00:00:00Z,136.14999389648438,136.64999389648438,134.64999389648438,135.14999389648438,2786340
2021-04-27,2021-04-27T00:00:00Z,135.25,138.5,132.85000610351562,135.6999969482422,5454768
2021-04-28,2021-04-28T00:00:00Z,135.39999389648438,135.39999389648438,130.89999389648438,132.14999389648438,4949920
2021-04-29,2021-04-29T00:00:00Z,133.64999389648438,133.64999389648438,130.1999969482422,130.5500030517578,4715284
2021-04-30,2021-04-30T00:00:00Z,130.85000610351562,131.0500030517578,128.25,128.25,3013128
2021-05-03,2021-05-03T00:00:00Z,128.14999389648438,130.5,128.14999389648438,129.35000610351562,3885468
2021-05-04,2021-05-04T00:00:00Z,130.35000610351562,130.35000610351562,126.44999694824219,126.8499984741211,6123728
2021-05-05,2021-05-05T00:00:00Z,128.5,131.14999389648438,127.44999694824219,131.14999389648438,5494572
2021-05-06,2021-05-06T00:00:00Z,131.5500030517578,131.5500030517578,129.0,130.4499969482422,4738728
2021-05-07,2021-05-07T00:00:00Z,131.4499969482422,131.6999969482422,129.3000030517578,130.64999389648438,4048888
2021-05-10,2021-05-10T00:00:00Z,131.39999389648438,135.6999969482422,129.10000610351562,130.75,3848160
2021-05-11,2021-05-11T00:00:00Z,129.75,130.0500030517578,126.55000305175781,127.25,4239256
2021-05-12,2021-05-12T00:00:00Z,127.30000305175781,129.0,126.75,127.44999694824219,2060452
2021-05-14,2021-05-14T00:00:00Z,129.0,130.85000610351562,127.94999694824219,130.75,4104832
2021-05-17,2021-05-17T00:00:00Z,131.0,131.0,127.75,128.75,3067376
2021-05-18,2021-05-18T00:00:00Z,129.8000030517578,130.10000610351562,128.8000030517578,129.10000610351562,3275500
2021-05-19,2021-05-19T00:00:00Z,127.25,127.55000305175781,124.92500305175781,125.69999694824219,5525052
2021-05-20,2021-05-20T00:00:00Z,126.55000305175781,127.69999694824219,125.8499984741211,127.69999694824219,3460088
2021-05-21,2021-05-21T00:00:00Z,128.39999389648438,129.14999389648438,127.05000305175781,128.3000030517578,2822088
2021-05-24,2021-05-24T00:00:00Z,128.5,129.0500030517578,127.8499984741211,128.1999969482422,1255588
2021-05-25,2021-05-25T00:00:00Z,128.1999969482422,129.75,128.1999969482422,129.25,2343888
2021-05-26,2021-05-26T00:00:00Z,129.75,129.8000030517578,126.75,127.05000305175781,2563132
2021-05-27,2021-05-27T00:00:00Z,126.94999694824219,128.4499969482422,126.55000305175781,126.80000305175781,6850580
2021-05-28,2021-05-28T00:00:00Z,126.94999694824219,127.5,125.75,127.0,3245144
2021-05-31,2021-05-31T00:00:00Z,126.80000305175781,127.55000305175781,125.69999694824219,125.69999694824219,3298688
2021-06-01,2021-06-01T00:00:00Z,126.69999694824219,129.5,126.5999984741211,128.39999389648438,3467292
2021-06-02,2021-06-02T00:00:00Z,128.75,129.64999389648438,127.4000015258789,127.80000305175781,3175932
2021-06-03,2021-06-03T00:00:00Z,128.60000610351562,128.60000610351562,126.0999984741211,128.14999389648438,3300168
2021-06-04,2021-06-04T00:00:00Z,128.5,129.10000610351562,126.80000305175781,127.44999694824219,2361484
2021-06-07,2021-06-07T00:00:00Z,127.5999984741211,128.4499969482422,126.55000305175781,127.0,2553768
2021-06-08,2021-06-08T00:00:00Z,127.0,127.75,126.55000305175781,127.5,599836
2021-06-09,2021-06-09T00:00:00Z,127.0,128.5,126.55000305175781,127.44999694824219,3385836
2021-06-10,2021-06-10T00:00:00Z,127.9000015258789,127.9000015258789,127.0,127.55000305175781,3503984
2021-06-11,2021-06-11T00:00:00Z,127.75,128.85000610351562,127.0999984741211,128.0,3196604
2021-06-14,2021-06-14T00:00:00Z,128.60000610351562,129.9499969482422,127.9000015258789,128.5500030517578,2956732
2021-06-15,2021-06-15T00:00:00Z,129.1999969482422,131.5,129.14999389648438,130.75,4061824
2021-06-16,2021-06-16T00:00:00Z,130.75,133.10000610351562,130.75,131.9499969482422,4912024
2021-06-17,2021-06-17T00:00:00Z,131.0,131.8000030517578,130.0500030517578,130.5500030517578,4026332
2021-06-18,2021-06-18T00:00:00Z,130.64999389648438,133.10000610351562,130.10000610351562,130.14999389648438,5005736
2021-06-21,2021-06-21T00:00:00Z,129.35000610351562,132.9499969482422,128.89999389648438,132.39999389648438,3209096
2021-06-22,2021-06-22T00:00:00Z,132.75,133.35000610351562,130.75,131.14999389648438,4055548
2021-06-23,2021-06-23T00:00:00Z,131.3000030517578,131.9499969482422,129.0,129.0,3998660
2021-06-24,2021-06-24T00:00:00Z,129.60000610351562,131.14999389648438,129.25,130.8000030517578,3539056
2021-06-28,2021-06-28T00:00:00Z,131.85000610351562,131.9499969482422,130.35000610351562,130.8000030517578,2906068
2021-06-29,2021-06-29T00:00:00Z,130.60000610351562,133.60000610351562,130.4499969482422,133.4499969482422,3623608
2021-06-30,2021-06-30T00:00:00Z,133.4499969482422,133.6999969482422,129.6999969482422,131.0,4213572
2021-07-01,2021-07-01T00:00:00Z,132.10000610351562,132.75,129.6999969482422,130.8000030517578,2938148
2021-07-02,2021-07-02T00:00:00Z,131.1999969482422,132.75,131.0500030517578,131.9499969482422,3792872
2021-07-05,2021-07-05T00:00:00Z,131.9499969482422,132.10000610351562,130.25,131.6999969482422,1803624
2021-07-06,2021-07-06T00:00:00Z,131.5500030517578,133.10000610351562,130.35000610351562,131.39999389648438,2742300
2021-07-07,2021-07-07T00:00:00Z,132.10000610351562,135.0500030517578,131.89999389648438,135.0500030517578,3548152
2021-07-08,2021-07-08T00:00:00Z,134.89999389648438,134.89999389648438,132.0500030517578,133.0,3141296
2021-07-09,2021-07-09T00:00:00Z,134.1999969482422,136.39999389648438,133.89999389648438,135.75,4134768
2021-07-12,2021-07-12T00:00:00Z,135.85000610351562,137.4499969482422,135.39999389648438,136.60000610351562,3055720
2021-07-13,2021-07-13T00:00:00Z,136.75,137.5500030517578,136.0,136.75,3631244
2021-07-14,2021-07-14T00:00:00Z,136.64999389648438,137.4499969482422,135.8000030517578,137.39999389648438,2397240
2021-07-15,2021-07-15T00:00:00Z,137.5,138.25,136.3000030517578,137.0500030517578,2342496
2021-07-16,2021-07-16T00:00:00Z,137.5500030517578,140.39999389648438,134.9499969482422,139.75,7898120
2021-07-19,2021-07-19T00:00:00Z,140.0500030517578,141.4499969482422,138.10000610351562,139.10000610351562,3958724
2021-07-20,2021-07-20T00:00:00Z,140.60000610351562,143.6999969482422,139.85000610351562,142.89999389648438,3899832
2021-07-21,2021-07-21T00:00:00Z,144.14999389648438,144.39999389648438,141.4499969482422,142.25,3298636
2021-07-22,2021-07-22T00:00:00Z,142.8000030517578,145.10000610351562,142.8000030517578,144.5500030517578,2404708
2021-07-23,2021-07-23T00:00:00Z,144.64999389648438,146.5500030517578,144.0500030517578,146.5500030517578,2834696
2021-07-26,2021-07-26T00:00:00Z,146.25,146.9499969482422,145.5,146.3000030517578,2209344
2021-07-27,2021-07-27T00:00:00Z,145.8000030517578,147.1999969482422,144.1999969482422,145.60000610351562,2989304
2021-07-28,2021-07-28T00:00:00Z,144.89999389648438,146.0,144.1999969482422,145.5500030517578,2534428
2021-07-29,2021-07-29T00:00:00Z,146.35000610351562,146.89999389648438,145.10000610351562,145.64999389648438,2783852
2021-07-30,2021-07-30T00:00:00Z,144.75,146.0,143.5,145.5,4082188
2021-08-02,2021-08-02T00:00:00Z,146.35000610351562,146.8000030517578,145.4499969482422,146.25,2897996
2021-08-03,2021-08-03T00:00:00Z,146.35000610351562,147.0,145.0,146.5,2026772
2021-08-04,2021-08-04T00:00:00Z,147.0,148.64999389648438,146.35000610351562,148.5,2585596
2021-08-05,2021-08-05T00:00:00Z,148.4499969482422,149.60000610351562,147.89999389648438,149.35000610351562,3060148
2021-08-06,2021-08-06T00:00:00Z,149.5,149.6999969482422,148.75,149.10000610351562,2281472
2021-08-09,2021-08-09T00:00:00Z,148.85000610351562,150.35000610351562,148.5,149.85000610351562,1732568
2021-08-10,2021-08-10T00:00:00Z,149.8000030517578,151.35000610351562,149.8000030517578,151.0500030517578,2055312
2021-08-11,2021-08-11T00:00:00Z,151.5,152.9499969482422,151.0,152.64999389648438,3602964
2021-08-12,2021-08-12T00:00:00Z,152.64999389648438,153.14999389648438,151.85000610351562,152.3000030517578,2789380
2021-08-13,2021-08-13T00:00:00Z,151.8000030517578,152.4499969482422,150.5,150.75,2294716
2021-08-16,2021-08-16T00:00:00Z,150.5500030517578,150.5500030517578,148.35000610351562,149.0,2513900
2021-08-17,2021-08-17T00:00:00Z,148.3000030517578,149.35000610351562,147.75,149.0,3422940
2021-08-18,2021-08-18T00:00:00Z,149.35000610351562,149.5500030517578,146.64999389648438,147.1999969482422,2475008
2021-08-19,2021-08-19T00:00:00Z,145.4499969482422,146.1999969482422,144.3000030517578,145.8000030517578,3861948
2021-08-20,2021-08-20T00:00:00Z,146.35000610351562,149.89999389648438,145.85000610351562,149.8000030517578,3715584
2021-08-23,2021-08-23T00:00:00Z,150.35000610351562,151.60000610351562,148.0500030517578,149.9499969482422,2198204
2021-08-24,2021-08-24T00:00:00Z,151.0500030517578,151.5,149.39999389648438,150.35000610351562,2077360
2021-08-25,2021-08-25T00:00:00Z,150.25,150.60000610351562,149.4499969482422,150.4499969482422,1399804
2021-08-26,2021-08-26T00:00:00Z,149.6999969482422,150.3000030517578,148.85000610351562,149.4499969482422,1619828
2021-08-27,2021-08-27T00:00:00Z,149.60000610351562,150.39999389648438,148.5500030517578,150.0500030517578,1918092
2021-08-30,2021-08-30T00:00:00Z,149.89999389648438,150.39999389648438,149.4499969482422,150.14999389648438,1719756
2021-08-31,2021-08-31T00:00:00Z,151.0,151.6999969482422,147.89999389648438,148.10000610351562,4899312
2021-09-01,2021-09-01T00:00:00Z,149.35000610351562,150.0500030517578,146.0,147.60000610351562,2543648
2021-09-02,2021-09-02T00:00:00Z,147.4499969482422,148.8000030517578,146.75,148.6999969482422,2479952
2021-09-03,2021-09-03T00:00:00Z,148.6999969482422,149.14999389648438,147.39999389648438,147.8000030517578,2638916
2021-09-06,2021-09-06T00:00:00Z,148.1999969482422,150.64999389648438,148.1999969482422,150.14999389648438,2037072
2021-09-07,2021-09-07T00:00:00Z,149.64999389648438,149.85000610351562,147.5,148.39999389648438,3085900
2021-09-08,2021-09-08T00:00:00Z,146.89999389648438,146.89999389648438,144.5,146.14999389648438,4542336
2021-09-09,2021-09-09T00:00:00Z,144.8000030517578,148.85000610351562,144.10000610351562,147.60000610351562,3227636
2021-09-10,2021-09-10T00:00:00Z,148.0,149.9499969482422,147.64999389648438,148.85000610351562,3553152
2021-09-13,2021-09-13T00:00:00Z,149.5,151.10000610351562,148.89999389648438,148.89999389648438,3365436
2021-09-14,2021-09-14T00:00:00Z,147.85000610351562,150.8000030517578,147.85000610351562,150.75,3494472
2021-09-15,2021-09-15T00:00:00Z,151.14999389648438,152.0,148.85000610351562,149.10000610351562,3912632
2021-09-16,2021-09-16T00:00:00Z,149.35000610351562,151.0,148.5,149.8000030517578,3274680
2021-09-17,2021-09-17T00:00:00Z,151.0500030517578,151.5,148.39999389648438,148.5500030517578,4748996
2021-09-20,2021-09-20T00:00:00Z,146.0,146.4499969482422,141.1999969482422,141.25,5148400
2021-09-21,2021-09-21T00:00:00Z,141.0,142.85000610351562,140.4499969482422,140.64999389648438,3984184
2021-09-22,2021-09-22T00:00:00Z,141.8000030517578,142.5500030517578,140.14999389648438,141.64999389648438,3789688
2021-09-23,2021-09-23T00:00:00Z,143.10000610351562,144.5500030517578,142.35000610351562,144.10000610351562,3098396
2021-09-24,2021-09-24T00:00:00Z,143.39999389648438,143.64999389648438,140.64999389648438,141.5,2792452
2021-09-27,2021-09-27T00:00:00Z,142.35000610351562,142.8000030517578,138.6999969482422,139.3000030517578,2887156
2021-09-28,2021-09-28T00:00:00Z,138.5,139.10000610351562,133.0,133.5,6835620
2021-09-29,2021-09-29T00:00:00Z,133.5,135.0,132.14999389648438,132.35000610351562,4376968
2021-09-30,2021-09-30T00:00:00Z,133.0,133.75,131.60000610351562,133.0500030517578,5337472
2021-10-01,2021-10-01T00:00:00Z,130.89999389648438,134.0,130.25,132.89999389648438,4694116
2021-10-04,2021-10-04T00:00:00Z,132.35000610351562,134.75,131.5500030517578,132.5,5207636
2021-10-05,2021-10-05T00:00:00Z,133.10000610351562,136.25,132.1999969482422,136.25,4895728
2021-10-06,2021-10-06T00:00:00Z,135.25,135.75,131.85000610351562,134.0500030517578,4379164
2021-10-07,2021-10-07T00:00:00Z,135.3000030517578,136.6999969482422,133.75,136.25,4103456
2021-10-08,2021-10-08T00:00:00Z,136.25,136.89999389648438,133.0,133.6999969482422,2443664
2021-10-11,2021-10-11T00:00:00Z,133.5,134.10000610351562,131.89999389648438,132.9499969482422,2042648
2021-10-12,2021-10-12T00:00:00Z,131.14999389648438,134.1999969482422,130.6999969482422,133.89999389648438,2352276
2021-10-13,2021-10-13T00:00:00Z,133.6999969482422,136.64999389648438,132.5,135.8000030517578,4469848
2021-10-14,2021-10-14T00:00:00Z,136.85000610351562,137.89999389648438,135.4499969482422,137.85000610351562,3040992
2021-10-15,2021-10-15T00:00:00Z,138.8000030517578,139.85000610351562,137.60000610351562,139.0,4372764
2021-10-18,2021-10-18T00:00:00Z,138.0500030517578,139.35000610351562,137.35000610351562,138.5,3350348
2021-10-19,2021-10-19T00:00:00Z,139.35000610351562,140.0,138.4499969482422,139.5,2723344
2021-10-20,2021-10-20T00:00:00Z,139.39999389648438,139.8000030517578,137.4499969482422,139.75,4368912
2021-10-21,2021-10-21T00:00:00Z,136.35000610351562,138.6999969482422,131.9499969482422,135.35000610351562,7216536
2021-10-22,2021-10-22T00:00:00Z,134.64999389648438,139.85000610351562,133.1999969482422,139.39999389648438,4792080
2021-10-25,2021-10-25T00:00:00Z,139.39999389648438,140.25,137.10000610351562,138.14999389648438,2906752
2021-10-26,2021-10-26T00:00:00Z,138.14999389648438,140.64999389648438,137.5,138.75,3396924
2021-10-27,2021-10-27T00:00:00Z,138.85000610351562,139.5500030517578,135.64999389648438,136.14999389648438,3892248
2021-10-28,2021-10-28T00:00:00Z,135.4499969482422,137.85000610351562,135.4499969482422,137.85000610351562,4088924
2021-10-29,2021-10-29T00:00:00Z,137.39999389648438,138.3000030517578,135.4499969482422,137.9499969482422,4624788
2021-11-01,2021-11-01T00:00:00Z,138.39999389648438,139.10000610351562,137.4499969482422,137.6999969482422,2642888
2021-11-02,2021-11-02T00:00:00Z,137.5500030517578,138.0,136.5500030517578,137.35000610351562,3565732
2021-11-03,2021-11-03T00:00:00Z,137.5,138.5,136.9499969482422,138.10000610351562,3028268
2021-11-04,2021-11-04T00:00:00Z,138.25,138.8000030517578,136.4499969482422,138.25,2813648
2021-11-05,2021-11-05T00:00:00Z,137.35000610351562,137.8000030517578,136.10000610351562,136.6999969482422,2376728
2021-11-08,2021-11-08T00:00:00Z,136.6999969482422,141.64999389648438,136.35000610351562,141.0,3351976
2021-11-09,2021-11-09T00:00:00Z,140.6999969482422,141.9499969482422,138.6999969482422,139.14999389648438,3008932
2021-11-10,2021-11-10T00:00:00Z,139.64999389648438,140.25,137.60000610351562,139.10000610351562,3260800
2021-11-11,2021-11-11T00:00:00Z,139.39999389648438,142.5500030517578,139.0500030517578,141.0,2354024
2021-11-12,2021-11-12T00:00:00Z,140.64999389648438,141.75,140.0,141.75,2630632
2021-11-15,2021-11-15T00:00:00Z,141.10000610351562,142.10000610351562,140.60000610351562,142.0,1938664
2021-11-16,2021-11-16T00:00:00Z,142.1999969482422,143.5,140.89999389648438,143.14999389648438,2423872
2021-11-17,2021-11-17T00:00:00Z,143.0500030517578,143.89999389648438,141.5,143.85000610351562,3778908
2021-11-18,2021-11-18T00:00:00Z,143.75,143.75,141.89999389648438,142.5,2846444
2021-11-19,2021-11-19T00:00:00Z,142.5,144.60000610351562,142.0500030517578,144.60000610351562,4186552
2021-11-22,2021-11-22T00:00:00Z,144.64999389648438,147.0500030517578,144.64999389648438,145.60000610351562,3151084
2021-11-23,2021-11-23T00:00:00Z,144.8000030517578,145.1999969482422,140.6999969482422,141.10000610351562,3455008
2021-11-24,2021-11-24T00:00:00Z,141.5,143.9499969482422,140.60000610351562,142.10000610351562,3145856
2021-11-25,2021-11-25T00:00:00Z,142.14999389648438,145.3000030517578,142.14999389648438,144.25,2191176
2021-11-26,2021-11-26T00:00:00Z,139.5500030517578,141.1999969482422,137.39999389648438,138.4499969482422,5982884
2021-11-29,2021-11-29T00:00:00Z,139.5500030517578,141.39999389648438,138.89999389648438,139.39999389648438,4212412
2021-11-30,2021-11-30T00:00:00Z,136.8000030517578,141.8000030517578,135.8000030517578,138.75,3913008
2021-12-01,2021-12-01T00:00:00Z,139.5,141.39999389648438,139.14999389648438,141.39999389648438,3478048
2021-12-02,2021-12-02T00:00:00Z,139.4499969482422,140.75,138.39999389648438,140.25,3880100
2021-12-03,2021-12-03T00:00:00Z,142.25,142.85000610351562,139.4499969482422,139.4499969482422,3463020
2021-12-06,2021-12-06T00:00:00Z,141.5,143.6999969482422,140.9499969482422,143.25,4041552
2021-12-07,2021-12-07T00:00:00Z,145.0,149.6999969482422,144.39999389648438,148.9499969482422,4827356
2021-12-08,2021-12-08T00:00:00Z,148.4499969482422,151.14999389648438,148.10000610351562,150.0,5475452
2021-12-09,2021-12-09T00:00:00Z,150.64999389648438,151.10000610351562,147.4499969482422,148.10000610351562,4252388
2021-12-10,2021-12-10T00:00:00Z,147.64999389648438,148.60000610351562,147.10000610351562,147.64999389648438,2719028
2021-12-13,2021-12-13T00:00:00Z,148.0500030517578,150.1999969482422,147.64999389648438,148.5500030517578,3449708
2021-12-14,2021-12-14T00:00:00Z,149.25,150.64999389648438,144.35000610351562,144.5500030517578,4574684
2021-12-15,2021-12-15T00:00:00Z,144.64999389648438,148.64999389648438,144.64999389648438,147.85000610351562,5086716
2021-12-16,2021-12-16T00:00:00Z,150.5,151.5500030517578,148.85000610351562,150.64999389648438,6053576
2021-12-17,2021-12-17T00:00:00Z,150.5500030517578,151.4499969482422,146.9499969482422,148.0500030517578,5330924
2021-12-20,2021-12-20T00:00:00Z,144.75,147.0500030517578,144.39999389648438,146.60000610351562,2857156
2021-12-21,2021-12-21T00:00:00Z,148.8000030517578,149.64999389648438,147.60000610351562,149.4499969482422,3960180
2021-12-22,2021-12-22T00:00:00Z,149.89999389648438,152.0,149.0500030517578,152.0,3076656
2021-12-23,2021-12-23T00:00:00Z,152.5,155.85000610351562,152.0,155.64999389648438,3265796
2021-12-27,2021-12-27T00:00:00Z,155.0500030517578,155.9499969482422,154.14999389648438,155.75,1811748
2021-12-28,2021-12-28T00:00:00Z,155.5,156.9499969482422,155.10000610351562,156.85000610351562,1500116
2021-12-29,2021-12-29T00:00:00Z,157.3000030517578,157.75,156.3000030517578,157.35000610351562,1925964
2021-12-30,2021-12-30T00:00:00Z,157.35000610351562,157.4499969482422,156.25,156.4499969482422,2744924
2022-01-03,2022-01-03T00:00:00Z,157.14999389648438,159.85000610351562,156.64999389648438,158.6999969482422,2474968
2022-01-04,2022-01-04T00:00:00Z,158.8000030517578,161.60000610351562,158.60000610351562,161.14999389648438,2505356
2022-01-05,2022-01-05T00:00:00Z,162.4499969482422,162.5,159.5,159.64999389648438,1623044
2022-01-07,2022-01-07T00:00:00Z,158.0500030517578,158.5,152.6999969482422,153.35000610351562,5888800
2022-01-10,2022-01-10T00:00:00Z,154.75,155.75,146.5,146.85000610351562,3801180
2022-01-11,2022-01-11T00:00:00Z,147.60000610351562,150.14999389648438,147.5,149.75,3104844
2022-01-12,2022-01-12T00:00:00Z,151.5,154.1999969482422,151.0500030517578,153.5500030517578,3761892
2022-01-13,2022-01-13T00:00:00Z,153.5500030517578,154.75,150.14999389648438,150.89999389648438,3020948
2022-01-14,2022-01-14T00:00:00Z,149.1999969482422,149.60000610351562,144.89999389648438,145.39999389648438,3340184
2022-01-17,2022-01-17T00:00:00Z,146.35000610351562,147.0,144.5,146.0,3657176
2022-01-18,2022-01-18T00:00:00Z,145.10000610351562,145.5500030517578,142.10000610351562,142.89999389648438,3275764
2022-01-19,2022-01-19T00:00:00Z,142.0,145.64999389648438,141.5500030517578,144.0,3623668
2022-01-20,2022-01-20T00:00:00Z,144.3000030517578,146.75,142.14999389648438,146.3000030517578,3112684
2022-01-21,2022-01-21T00:00:00Z,143.89999389648438,145.0,142.3000030517578,144.6999969482422,3867048
2022-01-24,2022-01-24T00:00:00Z,143.75,145.14999389648438,134.9499969482422,135.9499969482422,6083672
2022-01-25,2022-01-25T00:00:00Z,137.0,138.89999389648438,128.35000610351562,129.0,11415384
2022-01-26,2022-01-26T00:00:00Z,132.64999389648438,136.1999969482422,130.35000610351562,135.14999389648438,6450708
2022-01-27,2022-01-27T00:00:00Z,131.9499969482422,133.35000610351562,130.75,131.1999969482422,4871444
2022-01-28,2022-01-28T00:00:00Z,131.14999389648438,132.64999389648438,127.8499984741211,131.85000610351562,5684148
2022-01-31,2022-01-31T00:00:00Z,134.6999969482422,137.14999389648438,133.5,135.8000030517578,5703816
2022-02-01,2022-02-01T00:00:00Z,137.0,139.0500030517578,136.5,137.0,4378344
2022-02-02,2022-02-02T00:00:00Z,138.85000610351562,139.5,136.60000610351562,139.35000610351562,4443628
2022-02-03,2022-02-03T00:00:00Z,138.89999389648438,139.1999969482422,134.6999969482422,135.0500030517578,4665400
2022-02-04,2022-02-04T00:00:00Z,135.0,136.60000610351562,131.0,131.75,4845964
2022-02-07,2022-02-07T00:00:00Z,132.4499969482422,133.35000610351562,130.4499969482422,132.5,3662592
2022-02-08,2022-02-08T00:00:00Z,132.3000030517578,133.35000610351562,130.35000610351562,130.9499969482422,3963496
2022-02-09,2022-02-09T00:00:00Z,132.6999969482422,135.64999389648438,132.35000610351562,134.35000610351562,4079160
2022-02-10,2022-02-10T00:00:00Z,135.1999969482422,136.1999969482422,131.10000610351562,131.5,8378548
2022-02-11,2022-02-11T00:00:00Z,129.8000030517578,130.60000610351562,127.30000305175781,127.80000305175781,4586888
2022-02-14,2022-02-14T00:00:00Z,124.55000305175781,125.19999694824219,122.80000305175781,124.4000015258789,5051736
2022-02-15,2022-02-15T00:00:00Z,124.80000305175781,128.10000610351562,124.0,127.75,7082224
2022-02-16,2022-02-16T00:00:00Z,128.25,128.5500030517578,125.75,127.0,3338868
2022-02-17,2022-02-17T00:00:00Z,127.19999694824219,128.1999969482422,125.4000015258789,125.6500015258789,3755348
2022-02-18,2022-02-18T00:00:00Z,125.5999984741211,126.19999694824219,122.82499694824219,123.5,4285628
2022-02-21,2022-02-21T00:00:00Z,124.4749984741211,125.0999984741211,120.25,121.6500015258789,3244832
2022-02-22,2022-02-22T00:00:00Z,119.17500305175781,123.19999694824219,118.94999694824219,121.625,8005692
2022-02-23,2022-02-23T00:00:00Z,121.7249984741211,123.32499694824219,120.5,120.67500305175781,4052624
2022-02-24,2022-02-24T00:00:00Z,113.9000015258789,118.8499984741211,113.125,117.4000015258789,7278172
2022-02-25,2022-02-25T00:00:00Z,119.4000015258789,122.875,118.2750015258789,122.5,7059888
2022-02-28,2022-02-28T00:00:00Z,120.2750015258789,123.7249984741211,119.75,123.5999984741211,6705716
2022-03-01,2022-03-01T00:00:00Z,123.57499694824219,124.0,119.80000305175781,119.8499984741211,5314328
2022-03-02,2022-03-02T00:00:00Z,116.9749984741211,123.8499984741211,116.9749984741211,122.7750015258789,7510180
2022-03-03,2022-03-03T00:00:00Z,121.5,122.0250015258789,117.5250015258789,117.69999694824219,6674760
2022-03-04,2022-03-04T00:00:00Z,115.94999694824219,118.05000305175781,113.4000015258789,113.9749984741211,6211132
2022-03-07,2022-03-07T00:00:00Z,108.375,119.25,108.375,117.30000305175781,9516500
2022-03-08,2022-03-08T00:00:00Z,114.125,118.75,112.4749984741211,113.82499694824219,7342840
2022-03-09,2022-03-09T00:00:00Z,117.4749984741211,119.2249984741211,113.2750015258789,119.17500305175781,8972012
2022-03-10,2022-03-10T00:00:00Z,120.1500015258789,122.19999694824219,118.07499694824219,121.0250015258789,9219980
2022-03-11,2022-03-11T00:00:00Z,121.17500305175781,124.125,120.32499694824219,123.0,7816772
2022-03-14,2022-03-14T00:00:00Z,125.75,126.44999694824219,123.5,124.19999694824219,5503664
2022-03-15,2022-03-15T00:00:00Z,123.67500305175781,124.625,120.4749984741211,123.55000305175781,3493388
2022-03-16,2022-03-16T00:00:00Z,127.69999694824219,132.14999389648438,125.94999694824219,131.0500030517578,7214052
2022-03-17,2022-03-17T00:00:00Z,131.60000610351562,133.0,129.0500030517578,131.10000610351562,6752420
2022-03-18,2022-03-18T00:00:00Z,131.25,132.8000030517578,131.14999389648438,132.64999389648438,7328600
2022-03-21,2022-03-21T00:00:00Z,132.6999969482422,133.64999389648438,131.1999969482422,132.64999389648438,3216064
2022-03-22,2022-03-22T00:00:00Z,133.14999389648438,133.14999389648438,130.89999389648438,132.1999969482422,3142964
2022-03-23,2022-03-23T00:00:00Z,132.14999389648438,132.85000610351562,128.4499969482422,130.5,3354508
2022-03-24,2022-03-24T00:00:00Z,130.5,131.35000610351562,127.5999984741211,128.35000610351562,3909828
2022-03-25,2022-03-25T00:00:00Z,128.35000610351562,128.64999389648438,120.82499694824219,121.42500305175781,5783616
2022-03-28,2022-03-28T00:00:00Z,121.94999694824219,124.19999694824219,121.19999694824219,123.32499694824219,3992384
2022-03-29,2022-03-29T00:00:00Z,124.125,125.69999694824219,122.1500015258789,123.42500305175781,6479456
2022-03-30,2022-03-30T00:00:00Z,118.82499694824219,122.375,118.4000015258789,121.75,9897884
2022-03-31,2022-03-31T00:00:00Z,123.0,123.67500305175781,120.5,122.92500305175781,9098852
2022-04-01,2022-04-01T00:00:00Z,123.67500305175781,124.0999984741211,122.1500015258789,123.75,4316968
2022-04-04,2022-04-04T00:00:00Z,123.30000305175781,124.875,121.1500015258789,123.375,3825780
2022-04-05,2022-04-05T00:00:00Z,123.375,124.42500305175781,119.94999694824219,120.80000305175781,3850464
2022-04-06,2022-04-06T00:00:00Z,121.0,121.8499984741211,114.875,116.4749984741211,7536788
2022-04-07,2022-04-07T00:00:00Z,117.375,118.7750015258789,115.875,117.625,5261460
2022-04-08,2022-04-08T00:00:00Z,119.125,119.5,117.67500305175781,118.75,4556628
2022-04-11,2022-04-11T00:00:00Z,117.94999694824219,119.07499694824219,115.1500015258789,115.6500015258789,3973772
2022-04-12,2022-04-12T00:00:00Z,113.9749984741211,117.625,112.625,116.80000305175781,4416624
2022-04-13,2022-04-13T00:00:00Z,116.25,116.625,114.125,116.30000305175781,4139192
2022-04-14,2022-04-14T00:00:00Z,115.3499984741211,116.125,114.875,116.125,2611580
2022-04-19,2022-04-19T00:00:00Z,115.67500305175781,117.7249984741211,113.7249984741211,117.57499694824219,5303220
2022-04-20,2022-04-20T00:00:00Z,117.8499984741211,120.94999694824219,117.44999694824219,119.19999694824219,5337176
2022-04-21,2022-04-21T00:00:00Z,119.67500305175781,125.0,118.9749984741211,122.875,5777144
2022-04-22,2022-04-22T00:00:00Z,120.67500305175781,121.82499694824219,119.44999694824219,120.4000015258789,4940256
2022-04-25,2022-04-25T00:00:00Z,117.69999694824219,119.25,115.07499694824219,115.6500015258789,5286352
2022-04-26,2022-04-26T00:00:00Z,116.7750015258789,119.0999984741211,108.75,108.80000305175781,10582360
2022-04-27,2022-04-27T00:00:00Z,107.19999694824219,112.67500305175781,106.9000015258789,112.2750015258789,9498700
2022-04-28,2022-04-28T00:00:00Z,111.32499694824219,113.7750015258789,110.125,111.5999984741211,6096608
2022-04-29,2022-04-29T00:00:00Z,113.2249984741211,114.69999694824219,112.5250015258789,112.9749984741211,5332916
2022-05-02,2022-05-02T00:00:00Z,112.0999984741211,112.0999984741211,101.25,108.57499694824219,6330440
2022-05-03,2022-05-03T00:00:00Z,109.32499694824219,109.44999694824219,106.7750015258789,108.5250015258789,5159172
2022-05-04,2022-05-04T00:00:00Z,108.0999984741211,109.57499694824219,106.32499694824219,108.6500015258789,3625864
2022-05-05,2022-05-05T00:00:00Z,111.44999694824219,111.44999694824219,106.75,107.0,5006220
2022-05-06,2022-05-06T00:00:00Z,106.1500015258789,107.0250015258789,103.57499694824219,104.82499694824219,5909656
2022-05-09,2022-05-09T00:00:00Z,103.92500305175781,106.4000015258789,102.625,105.30000305175781,6526972
2022-05-10,2022-05-10T00:00:00Z,107.0250015258789,110.8499984741211,106.67500305175781,107.3499984741211,7486952
2022-05-11,2022-05-11T00:00:00Z,108.05000305175781,109.4000015258789,106.82499694824219,109.19999694824219,6153640
2022-05-12,2022-05-12T00:00:00Z,106.4000015258789,108.625,106.25,108.375,6112560
2022-05-13,2022-05-13T00:00:00Z,110.55999755859375,110.55999755859375,105.95999908447266,108.5,4231108
2022-05-16,2022-05-16T00:00:00Z,107.30000305175781,108.22000122070312,103.5,103.83999633789062,5113103
2022-05-17,2022-05-17T00:00:00Z,105.0,107.31999969482422,104.63999938964844,106.58000183105469,5010603
2022-05-18,2022-05-18T00:00:00Z,106.94000244140625,107.73999786376953,103.77999877929688,104.0999984741211,4620796
2022-05-19,2022-05-19T00:00:00Z,102.26000213623047,104.55999755859375,100.5,103.9000015258789,5063473
2022-05-20,2022-05-20T00:00:00Z,104.36000061035156,106.4800033569336,102.80000305175781,103.63999938964844,5241210
2022-05-23,2022-05-23T00:00:00Z,105.68000030517578,106.94000244140625,104.66000366210938,106.31999969482422,4493288
2022-05-24,2022-05-24T00:00:00Z,104.80000305175781,105.86000061035156,104.5,105.13999938964844,3499773
2022-05-25,2022-05-25T00:00:00Z,106.36000061035156,106.36000061035156,101.4000015258789,101.4000015258789,2554793
2022-05-27,2022-05-27T00:00:00Z,104.87999725341797,107.16000366210938,103.0199966430664,107.16000366210938,5165503
2022-05-30,2022-05-30T00:00:00Z,108.41999816894531,112.22000122070312,107.77999877929688,110.18000030517578,4109548
2022-05-31,2022-05-31T00:00:00Z,109.9800033569336,112.27999877929688,109.27999877929688,109.33999633789062,13647927
2022-06-01,2022-06-01T00:00:00Z,109.5,110.0,108.0199966430664,108.0199966430664,3991391
2022-06-02,2022-06-02T00:00:00Z,109.0,113.63999938964844,108.12000274658203,113.0199966430664,3759672
2022-06-03,2022-06-03T00:00:00Z,113.62000274658203,113.94000244140625,112.0,112.0,2980525
2022-06-07,2022-06-07T00:00:00Z,113.69999694824219,114.72000122070312,110.66000366210938,112.13999938964844,5376337
2022-06-08,2022-06-08T00:00:00Z,114.45999908447266,114.58000183105469,112.4000015258789,113.18000030517578,3926278
2022-06-09,2022-06-09T00:00:00Z,112.9000015258789,112.9000015258789,109.08000183105469,109.26000213623047,3786882
2022-06-10,2022-06-10T00:00:00Z,108.44000244140625,108.62000274658203,104.94000244140625,105.62000274658203,3344953
2022-06-13,2022-06-13T00:00:00Z,103.37999725341797,104.86000061035156,101.81999969482422,102.87999725341797,4684569
2022-06-14,2022-06-14T00:00:00Z,103.73999786376953,103.95999908447266,100.26000213623047,100.36000061035156,4888485
2022-06-15,2022-06-15T00:00:00Z,101.5199966430664,101.5999984741211,98.7699966430664,100.5,5421898
2022-06-16,2022-06-16T00:00:00Z,100.0199966430664,100.86000061035156,97.48999786376953,99.3499984741211,4896960
2022-06-17,2022-06-17T00:00:00Z,100.0,100.76000213623047,96.73999786376953,96.73999786376953,10750146
2022-06-20,2022-06-20T00:00:00Z,97.12999725341797,98.1500015258789,96.37999725341797,96.79000091552734,4657919
2022-06-21,2022-06-21T00:00:00Z,97.37999725341797,100.54000091552734,97.0999984741211,98.80000305175781,4728481
2022-06-22,2022-06-22T00:00:00Z,96.68000030517578,98.2699966430664,95.66999816894531,98.2699966430664,4284021
2022-06-23,2022-06-23T00:00:00Z,97.31999969482422,97.55999755859375,94.33000183105469,94.33000183105469,4224172
2022-06-27,2022-06-27T00:00:00Z,97.0,100.41999816894531,97.0,99.58000183105469,5415311
2022-06-28,2022-06-28T00:00:00Z,100.36000061035156,101.0,98.1500015258789,98.33999633789062,4319758
2022-06-29,2022-06-29T00:00:00Z,97.13999938964844,98.80999755859375,96.37000274658203,98.11000061035156,3722065
2022-06-30,2022-06-30T00:00:00Z,96.33999633789062,96.72000122070312,94.06999969482422,95.56999969482422,6665715
2022-07-01,2022-07-01T00:00:00Z,93.16999816894531,95.86000061035156,91.3499984741211,92.48999786376953,7006888
2022-07-04,2022-07-04T00:00:00Z,93.23999786376953,96.19999694824219,93.08999633789062,95.41999816894531,3181203
2022-07-05,2022-07-05T00:00:00Z,96.02999877929688,96.87999725341797,93.5199966430664,93.55000305175781,3455847
2022-07-06,2022-07-06T00:00:00Z,95.48999786376953,99.2300033569336,94.68000030517578,98.98999786376953,5235417
2022-07-07,2022-07-07T00:00:00Z,99.4000015258789,101.58000183105469,99.08999633789062,101.0,4176315
2022-07-08,2022-07-08T00:00:00Z,102.41999816894531,102.5999984741211,100.33999633789062,102.4000015258789,3525599
2022-07-11,2022-07-11T00:00:00Z,101.08000183105469,101.33999633789062,99.0,100.0,2488252
2022-07-12,2022-07-12T00:00:00Z,99.0999984741211,102.30000305175781,98.75,102.30000305175781,3963645
2022-07-13,2022-07-13T00:00:00Z,102.54000091552734,103.9000015258789,99.63999938964844,100.37999725341797,5196140
2022-07-14,2022-07-14T00:00:00Z,99.5999984741211,101.44000244140625,98.37999725341797,100.26000213623047,4304235
2022-07-15,2022-07-15T00:00:00Z,100.36000061035156,101.18000030517578,98.01000213623047,100.63999938964844,4565285
2022-07-18,2022-07-18T00:00:00Z,101.62000274658203,103.04000091552734,100.69999694824219,101.83999633789062,3936020
2022-07-19,2022-07-19T00:00:00Z,100.81999969482422,108.0199966430664,99.69999694824219,107.36000061035156,8714198
2022-07-20,2022-07-20T00:00:00Z,107.5,109.9800033569336,107.31999969482422,109.0199966430664,5459034
2022-07-21,2022-07-21T00:00:00Z,109.0,113.12000274658203,108.72000122070312,111.08000183105469,8108859
2022-07-22,2022-07-22T00:00:00Z,110.36000061035156,111.86000061035156,109.83999633789062,110.22000122070312,2807089
2022-07-25,2022-07-25T00:00:00Z,109.73999786376953,111.0199966430664,109.12000274658203,109.63999938964844,2686329
2022-07-26,2022-07-26T00:00:00Z,109.69999694824219,111.91999816894531,109.18000030517578,109.55999755859375,3031901
2022-07-27,2022-07-27T00:00:00Z,110.0999984741211,112.18000030517578,109.62000274658203,110.9000015258789,2902129
2022-07-28,2022-07-28T00:00:00Z,111.9800033569336,114.4000015258789,111.63999938964844,113.66000366210938,3100228
2022-07-29,2022-07-29T00:00:00Z,115.0,118.30000305175781,114.4000015258789,118.0199966430664,5149389
2022-08-01,2022-08-01T00:00:00Z,117.91999816894531,119.0199966430664,114.86000061035156,115.72000122070312,3838345
2022-08-02,2022-08-02T00:00:00Z,114.5,115.66000366210938,113.73999786376953,114.41999816894531,2634665
2022-08-03,2022-08-03T00:00:00Z,114.19999694824219,115.16000366210938,113.66000366210938,114.69999694824219,3406930
2022-08-04,2022-08-04T00:00:00Z,115.19999694824219,117.23999786376953,114.83999633789062,117.0199966430664,3101165
2022-08-05,2022-08-05T00:00:00Z,117.12000274658203,118.63999938964844,114.0999984741211,114.44000244140625,2601863
2022-08-08,2022-08-08T00:00:00Z,115.9000015258789,117.13999938964844,115.0999984741211,115.4800033569336,2546597
2022-08-09,2022-08-09T00:00:00Z,115.4800033569336,115.4800033569336,110.04000091552734,111.4000015258789,5111732
2022-08-10,2022-08-10T00:00:00Z,111.26000213623047,114.62000274658203,110.04000091552734,114.62000274658203,3604884
2022-08-11,2022-08-11T00:00:00Z,115.63999938964844,116.30000305175781,113.63999938964844,115.27999877929688,2569173
2022-08-12,2022-08-12T00:00:00Z,115.86000061035156,117.18000030517578,115.37999725341797,115.4000015258789,2835546
2022-08-15,2022-08-15T00:00:00Z,115.66000366210938,117.04000091552734,115.45999908447266,116.18000030517578,1500400
2022-08-16,2022-08-16T00:00:00Z,116.76000213623047,117.69999694824219,115.77999877929688,117.27999877929688,2679431
2022-08-17,2022-08-17T00:00:00Z,117.27999877929688,118.16000366210938,114.9000015258789,115.36000061035156,3514521
2022-08-18,2022-08-18T00:00:00Z,115.5999984741211,118.37999725341797,115.33999633789062,118.31999969482422,2888407
2022-08-19,2022-08-19T00:00:00Z,118.18000030517578,118.54000091552734,116.69999694824219,116.69999694824219,3288377
2022-08-22,2022-08-22T00:00:00Z,116.44000244140625,116.54000091552734,112.63999938964844,112.63999938964844,3458154
2022-08-23,2022-08-23T00:00:00Z,111.4000015258789,114.0,111.33999633789062,113.04000091552734,3420535
2022-08-24,2022-08-24T00:00:00Z,112.37999725341797,115.26000213623047,110.80000305175781,113.83999633789062,3503796
2022-08-25,2022-08-25T00:00:00Z,114.83999633789062,114.9000015258789,112.5999984741211,114.05999755859375,2059206
2022-08-26,2022-08-26T00:00:00Z,115.0999984741211,115.4000015258789,111.0999984741211,111.5,2882307
2022-08-29,2022-08-29T00:00:00Z,110.4800033569336,111.5199966430664,109.30000305175781,111.0,2156836
2022-08-30,2022-08-30T00:00:00Z,111.22000122070312,113.95999908447266,110.95999908447266,111.54000091552734,2976021
2022-08-31,2022-08-31T00:00:00Z,112.37999725341797,112.4800033569336,108.66000366210938,108.73999786376953,5324307
2022-09-01,2022-09-01T00:00:00Z,107.9000015258789,107.9000015258789,105.58000183105469,105.58000183105469,3711536
2022-09-02,2022-09-02T00:00:00Z,107.04000091552734,110.83999633789062,106.69999694824219,110.83999633789062,2969824
2022-09-05,2022-09-05T00:00:00Z,107.58000183105469,109.18000030517578,106.5199966430664,108.63999938964844,2949054
2022-09-06,2022-09-06T00:00:00Z,108.73999786376953,110.73999786376953,107.77999877929688,109.08000183105469,4786208
2022-09-07,2022-09-07T00:00:00Z,107.83999633789062,109.12000274658203,107.0999984741211,108.58000183105469,2968366
2022-09-08,2022-09-08T00:00:00Z,109.27999877929688,109.91999816894531,106.95999908447266,109.63999938964844,3128306
2022-09-09,2022-09-09T00:00:00Z,109.91999816894531,112.66000366210938,109.58000183105469,111.80000305175781,2360299
2022-09-12,2022-09-12T00:00:00Z,112.4000015258789,114.22000122070312,112.16000366210938,113.80000305175781,2592822
2022-09-13,2022-09-13T00:00:00Z,114.87999725341797,114.91999816894531,110.54000091552734,110.54000091552734,3048223
2022-09-14,2022-09-14T00:00:00Z,109.69999694824219,110.27999877929688,108.45999908447266,109.27999877929688,3001792
2022-09-15,2022-09-15T00:00:00Z,109.30000305175781,110.13999938964844,108.26000213623047,108.76000213623047,2183487
2022-09-16,2022-09-16T00:00:00Z,107.0199966430664,107.83999633789062,105.72000122070312,105.73999786376953,5919342
2022-09-19,2022-09-19T00:00:00Z,105.72000122070312,106.4800033569336,104.13999938964844,105.5999984741211,3107803
2022-09-20,2022-09-20T00:00:00Z,106.04000091552734,106.4800033569336,102.12000274658203,102.5199966430664,4602255
2022-09-21,2022-09-21T00:00:00Z,101.73999786376953,105.63999938964844,101.13999938964844,105.41999816894531,3007257
2022-09-22,2022-09-22T00:00:00Z,102.87999725341797,104.55999755859375,101.62000274658203,101.83999633789062,3423623
2022-09-23,2022-09-23T00:00:00Z,102.0,103.08000183105469,99.87999725341797,103.0199966430664,4472680
2022-09-26,2022-09-26T00:00:00Z,102.41999816894531,105.69999694824219,101.9800033569336,103.13999938964844,5131870
2022-09-27,2022-09-27T00:00:00Z,104.04000091552734,105.9800033569336,103.0999984741211,104.41999816894531,4430968
2022-09-28,2022-09-28T00:00:00Z,102.63999938964844,105.69999694824219,100.19999694824219,105.33999633789062,6721267
2022-09-29,2022-09-29T00:00:00Z,105.0,105.13999938964844,101.33999633789062,102.22000122070312,4147158
2022-09-30,2022-09-30T00:00:00Z,103.41999816894531,105.30000305175781,100.87999725341797,104.80000305175781,6416205
2022-10-03,2022-10-03T00:00:00Z,103.94000244140625,105.0199966430664,100.76000213623047,105.0199966430664,4599026
2022-10-04,2022-10-04T00:00:00Z,106.62000274658203,111.45999908447266,105.83999633789062,111.08000183105469,4884412
2022-10-05,2022-10-05T00:00:00Z,110.81999969482422,112.19999694824219,109.94000244140625,110.66000366210938,4201248
2022-10-06,2022-10-06T00:00:00Z,110.77999877929688,113.45999908447266,110.73999786376953,111.58000183105469,4073355
2022-10-07,2022-10-07T00:00:00Z,110.9800033569336,110.9800033569336,106.0,106.0,5122711
2022-10-10,2022-10-10T00:00:00Z,106.0,107.36000061035156,105.12000274658203,105.81999969482422,4877608
2022-10-11,2022-10-11T00:00:00Z,105.0,105.66000366210938,103.66000366210938,104.62000274658203,5552375
2022-10-12,2022-10-12T00:00:00Z,104.72000122070312,105.95999908447266,103.62000274658203,104.05999755859375,4570043
2022-10-13,2022-10-13T00:00:00Z,103.55999755859375,105.31999969482422,98.86000061035156,104.62000274658203,6698673
2022-10-14,2022-10-14T00:00:00Z,107.76000213623047,108.9000015258789,104.77999877929688,105.55999755859375,6191906
2022-10-17,2022-10-17T00:00:00Z,106.5,110.19999694824219,103.83999633789062,109.13999938964844,4817684
2022-10-18,2022-10-18T00:00:00Z,111.62000274658203,113.37999725341797,110.44000244140625,111.9800033569336,5617821
2022-10-19,2022-10-19T00:00:00Z,112.4000015258789,117.83999633789062,107.77999877929688,108.69999694824219,10515621
2022-10-20,2022-10-20T00:00:00Z,110.0,110.0,107.26000213623047,109.19999694824219,6878310
2022-10-21,2022-10-21T00:00:00Z,108.27999877929688,109.87999725341797,106.76000213623047,109.36000061035156,4021176
2022-10-24,2022-10-24T00:00:00Z,110.41999816894531,114.5999984741211,109.45999908447266,113.68000030517578,3759053
2022-10-25,2022-10-25T00:00:00Z,114.0,118.27999877929688,112.76000213623047,118.27999877929688,7073237
2022-10-26,2022-10-26T00:00:00Z,117.62000274658203,119.26000213623047,115.69999694824219,118.62000274658203,5418376
2022-10-27,2022-10-27T00:00:00Z,118.0,118.4800033569336,116.16000366210938,117.80000305175781,4430360
2022-10-28,2022-10-28T00:00:00Z,116.08000183105469,119.18000030517578,115.41999816894531,118.62000274658203,3536677
2022-10-31,2022-10-31T00:00:00Z,119.63999938964844,119.68000030517578,116.9800033569336,118.04000091552734,4381071
2022-11-01,2022-11-01T00:00:00Z,119.4000015258789,120.9000015258789,117.9000015258789,118.36000061035156,3318690
2022-11-02,2022-11-02T00:00:00Z,118.62000274658203,119.54000091552734,118.22000122070312,118.81999969482422,3450491
2022-11-03,2022-11-03T00:00:00Z,115.41999816894531,117.12000274658203,114.5,116.9800033569336,5589947
2022-11-04,2022-11-04T00:00:00Z,117.4800033569336,121.27999877929688,117.18000030517578,121.27999877929688,2699629
2022-11-07,2022-11-07T00:00:00Z,120.66000366210938,123.45999908447266,119.13999938964844,122.0,4723933
2022-11-08,2022-11-08T00:00:00Z,121.91999816894531,125.72000122070312,120.81999969482422,125.18000030517578,4554430
2022-11-09,2022-11-09T00:00:00Z,124.4000015258789,125.73999786376953,123.9800033569336,125.04000091552734,3225944
2022-11-10,2022-11-10T00:00:00Z,124.0199966430664,134.5399932861328,122.83999633789062,134.02000427246094,8869664
2022-11-11,2022-11-11T00:00:00Z,133.5800018310547,136.3000030517578,130.97999572753906,134.22000122070312,5600147
2022-11-14,2022-11-14T00:00:00Z,135.33999633789062,136.4600067138672,132.13999938964844,133.97999572753906,4570209
2022-11-15,2022-11-15T00:00:00Z,133.94000244140625,134.05999755859375,128.75999450683594,130.75999450683594,4717219
2022-11-16,2022-11-16T00:00:00Z,131.02000427246094,131.97999572753906,127.55999755859375,127.87999725341797,3853453
2022-11-17,2022-11-17T00:00:00Z,128.25999450683594,130.60000610351562,127.19999694824219,128.25999450683594,3609428
2022-11-18,2022-11-18T00:00:00Z,129.13999938964844,130.25999450683594,128.10000610351562,129.4600067138672,4526158
2022-11-21,2022-11-21T00:00:00Z,129.63999938964844,130.10000610351562,127.80000305175781,128.97999572753906,2416494
2022-11-22,2022-11-22T00:00:00Z,129.0,131.16000366210938,128.22000122070312,130.39999389648438,3452662
2022-11-23,2022-11-23T00:00:00Z,130.86000061035156,132.52000427246094,130.60000610351562,131.8000030517578,3525693
2022-11-24,2022-11-24T00:00:00Z,131.32000732421875,132.39999389648438,130.63999938964844,131.05999755859375,2366906
2022-11-25,2022-11-25T00:00:00Z,131.33999633789062,131.94000244140625,130.6999969482422,131.44000244140625,2865304
2022-11-28,2022-11-28T00:00:00Z,130.1999969482422,131.5800018310547,129.60000610351562,129.67999267578125,3447373
2022-11-29,2022-11-29T00:00:00Z,130.17999267578125,130.6999969482422,128.8000030517578,128.9600067138672,3103157
2022-11-30,2022-11-30T00:00:00Z,129.66000366210938,130.86000061035156,128.9199981689453,129.16000366210938,11536481
2022-12-01,2022-12-01T00:00:00Z,130.0,131.6199951171875,129.74000549316406,130.89999389648438,4703730
2022-12-02,2022-12-02T00:00:00Z,129.0,133.82000732421875,129.0,132.3000030517578,5812538
2022-12-05,2022-12-05T00:00:00Z,132.63999938964844,134.17999267578125,131.77999877929688,133.22000122070312,2875903
2022-12-06,2022-12-06T00:00:00Z,133.13999938964844,134.67999267578125,131.74000549316406,133.0399932861328,3956545
2022-12-07,2022-12-07T00:00:00Z,132.44000244140625,132.6199951171875,126.73999786376953,128.33999633789062,6344544
2022-12-08,2022-12-08T00:00:00Z,128.27999877929688,129.77999877929688,128.17999267578125,128.86000061035156,3671903
2022-12-09,2022-12-09T00:00:00Z,129.5,131.89999389648438,129.39999389648438,131.0,3186682
2022-12-12,2022-12-12T00:00:00Z,130.0,131.32000732421875,129.5800018310547,131.32000732421875,3550007
2022-12-13,2022-12-13T00:00:00Z,131.94000244140625,135.8000030517578,130.6199951171875,134.24000549316406,5554904
2022-12-14,2022-12-14T00:00:00Z,133.86000061035156,136.25999450683594,132.39999389648438,134.75999450683594,5382609
2022-12-15,2022-12-15T00:00:00Z,132.27999877929688,132.55999755859375,128.9199981689453,128.9199981689453,6501867
2022-12-16,2022-12-16T00:00:00Z,127.22000122070312,129.0800018310547,126.27999877929688,126.54000091552734,6220333
2022-12-19,2022-12-19T00:00:00Z,127.16000366210938,128.22000122070312,125.73999786376953,126.5199966430664,3323637
2022-12-20,2022-12-20T00:00:00Z,125.77999877929688,126.44000244140625,124.58000183105469,125.22000122070312,3876764
2022-12-21,2022-12-21T00:00:00Z,125.91999816894531,127.62000274658203,125.55999755859375,127.30000305175781,3952408
2022-12-22,2022-12-22T00:00:00Z,127.16000366210938,127.73999786376953,123.81999969482422,124.05999755859375,3672260
2022-12-23,2022-12-23T00:00:00Z,123.83999633789062,124.94000244140625,123.0999984741211,124.0199966430664,2959553
2022-12-27,2022-12-27T00:00:00Z,125.66000366210938,126.18000030517578,124.44000244140625,125.08000183105469,1359745
2022-12-28,2022-12-28T00:00:00Z,125.26000213623047,125.27999877929688,123.0199966430664,123.66000366210938,2307337
2022-12-29,2022-12-29T00:00:00Z,123.66000366210938,125.69999694824219,123.12000274658203,124.94000244140625,2314231
2022-12-30,2022-12-30T00:00:00Z,124.81999969482422,125.5999984741211,122.86000061035156,123.0999984741211,3607211
2023-01-02,2023-01-02T00:00:00Z,124.9000015258789,124.9000015258789,123.5,124.76000213623047,1562738
2023-01-03,2023-01-03T00:00:00Z,124.87999725341797,126.77999877929688,124.62000274658203,126.22000122070312,3089090
2023-01-04,2023-01-04T00:00:00Z,126.12000274658203,129.22000122070312,126.12000274658203,129.22000122070312,5586868
2023-01-05,2023-01-05T00:00:00Z,128.33999633789062,131.0,127.87999725341797,131.0,2272030
2023-01-09,2023-01-09T00:00:00Z,134.0,134.8800048828125,132.44000244140625,133.97999572753906,6245834
2023-01-10,2023-01-10T00:00:00Z,133.66000366210938,133.66000366210938,130.94000244140625,131.5800018310547,3406504
2023-01-11,2023-01-11T00:00:00Z,131.5,134.5,130.63999938964844,133.75999450683594,5529495
2023-01-12,2023-01-12T00:00:00Z,134.36000061035156,134.67999267578125,130.8000030517578,133.82000732421875,5832619
2023-01-13,2023-01-13T00:00:00Z,133.72000122070312,133.94000244140625,131.83999633789062,133.6199951171875,4638027
2023-01-16,2023-01-16T00:00:00Z,131.89999389648438,132.5,130.82000732421875,131.82000732421875,4317344
2023-01-17,2023-01-17T00:00:00Z,131.82000732421875,133.36000061035156,131.4199981689453,132.10000610351562,3883192
2023-01-18,2023-01-18T00:00:00Z,132.24000549316406,135.9199981689453,132.24000549316406,134.5,4673591
2023-01-19,2023-01-19T00:00:00Z,133.25999450683594,134.05999755859375,129.1999969482422,129.1999969482422,4823456
2023-01-20,2023-01-20T00:00:00Z,129.97999572753906,132.77999877929688,129.75999450683594,132.47999572753906,4251301
2023-01-23,2023-01-23T00:00:00Z,133.1999969482422,134.94000244140625,132.9199981689453,134.67999267578125,3463460
2023-01-24,2023-01-24T00:00:00Z,135.13999938964844,135.3000030517578,132.3000030517578,132.66000366210938,4169743
2023-01-25,2023-01-25T00:00:00Z,132.8800048828125,133.25999450683594,131.83999633789062,132.4199981689453,3017801
2023-01-26,2023-01-26T00:00:00Z,131.3800048828125,136.4600067138672,124.4800033569336,124.4800033569336,12690356
2023-01-27,2023-01-27T00:00:00Z,124.18000030517578,125.9800033569336,122.13999938964844,123.87999725341797,5592815
2023-01-30,2023-01-30T00:00:00Z,123.0,124.41999816894531,121.69999694824219,123.66000366210938,4188747
2023-01-31,2023-01-31T00:00:00Z,123.04000091552734,123.95999908447266,122.23999786376953,123.33999633789062,4005211
2023-02-01,2023-02-01T00:00:00Z,123.76000213623047,125.12000274658203,122.80000305175781,123.77999877929688,4670156
2023-02-02,2023-02-02T00:00:00Z,124.77999877929688,130.4600067138672,124.5199966430664,130.0,7283782
2023-02-03,2023-02-03T00:00:00Z,129.24000549316406,130.8000030517578,128.77999877929688,130.39999389648438,3068559
2023-02-06,2023-02-06T00:00:00Z,129.4600067138672,130.17999267578125,127.45999908447266,127.58000183105469,3201436
2023-02-07,2023-02-07T00:00:00Z,127.76000213623047,128.66000366210938,126.87999725341797,127.80000305175781,3537364
2023-02-08,2023-02-08T00:00:00Z,128.52000427246094,129.5399932861328,127.44000244140625,127.5999984741211,3744955
2023-02-09,2023-02-09T00:00:00Z,128.63999938964844,130.3800048828125,127.23999786376953,127.36000061035156,3097372
2023-02-10,2023-02-10T00:00:00Z,126.44000244140625,127.22000122070312,123.54000091552734,125.08000183105469,4123254
2023-02-13,2023-02-13T00:00:00Z,126.04000091552734,127.45999908447266,125.9000015258789,127.19999694824219,2810472
2023-02-14,2023-02-14T00:00:00Z,127.0,128.89999389648438,125.62000274658203,126.0999984741211,4225948
2023-02-15,2023-02-15T00:00:00Z,125.04000091552734,128.02000427246094,125.0,127.73999786376953,2768413
2023-02-16,2023-02-16T00:00:00Z,128.33999633789062,128.72000122070312,124.54000091552734,126.08000183105469,5132717
2023-02-17,2023-02-17T00:00:00Z,125.31999969482422,126.18000030517578,123.4000015258789,125.27999877929688,3318452
2023-02-20,2023-02-20T00:00:00Z,125.68000030517578,125.86000061035156,124.0999984741211,125.62000274658203,2544383
2023-02-21,2023-02-21T00:00:00Z,125.30000305175781,125.9000015258789,123.16000366210938,124.0999984741211,3107351
2023-02-22,2023-02-22T00:00:00Z,123.9800033569336,125.04000091552734,122.76000213623047,124.77999877929688,3698451
2023-02-23,2023-02-23T00:00:00Z,124.77999877929688,125.5999984741211,124.0999984741211,124.4000015258789,2578015
2023-02-24,2023-02-24T00:00:00Z,125.37999725341797,126.16000366210938,122.26000213623047,123.33999633789062,5711813
2023-02-27,2023-02-27T00:00:00Z,123.87999725341797,125.33999633789062,123.13999938964844,123.83999633789062,2228876
2023-02-28,2023-02-28T00:00:00Z,123.83999633789062,125.58000183105469,122.73999786376953,124.68000030517578,3954514
2023-03-01,2023-03-01T00:00:00Z,125.12000274658203,126.44000244140625,123.55999755859375,123.86000061035156,4093912
2023-03-02,2023-03-02T00:00:00Z,123.08000183105469,123.31999969482422,120.68000030517578,121.86000061035156,4747237
2023-03-03,2023-03-03T00:00:00Z,122.41999816894531,125.62000274658203,122.05999755859375,125.30000305175781,3113883
2023-03-06,2023-03-06T00:00:00Z,125.55999755859375,127.12000274658203,125.36000061035156,126.26000213623047,3126046
2023-03-07,2023-03-07T00:00:00Z,126.12000274658203,127.26000213623047,124.27999877929688,124.41999816894531,3522261
2023-03-08,2023-03-08T00:00:00Z,124.05999755859375,125.18000030517578,123.5999984741211,124.5999984741211,4604946
2023-03-09,2023-03-09T00:00:00Z,124.0199966430664,125.27999877929688,122.18000030517578,124.5199966430664,3911882
2023-03-10,2023-03-10T00:00:00Z,122.81999969482422,125.12000274658203,122.04000091552734,123.0999984741211,3669533
2023-03-13,2023-03-13T00:00:00Z,123.44000244140625,123.76000213623047,119.83999633789062,121.95999908447266,5746444
2023-03-14,2023-03-14T00:00:00Z,122.13999938964844,125.9000015258789,121.31999969482422,125.44000244140625,8170427
2023-03-15,2023-03-15T00:00:00Z,125.12000274658203,125.27999877929688,119.5199966430664,119.5199966430664,8474966
2023-03-16,2023-03-16T00:00:00Z,121.08000183105469,123.4000015258789,119.44000244140625,122.66000366210938,5934495
2023-03-17,2023-03-17T00:00:00Z,123.33999633789062,124.30000305175781,119.72000122070312,120.5199966430664,8976404
2023-03-20,2023-03-20T00:00:00Z,120.69999694824219,124.94000244140625,119.4800033569336,123.55999755859375,4528484
2023-03-21,2023-03-21T00:00:00Z,124.73999786376953,124.86000061035156,122.94000244140625,123.81999969482422,3949432
2023-03-22,2023-03-22T00:00:00Z,123.58000183105469,124.94000244140625,123.36000061035156,124.36000061035156,3359858
2023-03-23,2023-03-23T00:00:00Z,125.22000122070312,127.4000015258789,123.9800033569336,127.30000305175781,4135871
2023-03-24,2023-03-24T00:00:00Z,126.55999755859375,126.91999816894531,119.81999969482422,119.94000244140625,5655387
2023-03-27,2023-03-27T00:00:00Z,121.0,124.0,120.83999633789062,123.23999786376953,3163524
2023-03-28,2023-03-28T00:00:00Z,124.26000213623047,124.94000244140625,123.44000244140625,124.18000030517578,3846292
2023-03-29,2023-03-29T00:00:00Z,125.33999633789062,126.54000091552734,124.19999694824219,125.31999969482422,4373096
2023-03-30,2023-03-30T00:00:00Z,125.72000122070312,127.86000061035156,125.37999725341797,127.5199966430664,4165164
2023-03-31,2023-03-31T00:00:00Z,128.0,131.97999572753906,127.4000015258789,131.5399932861328,6449695
2023-04-03,2023-04-03T00:00:00Z,130.10000610351562,131.3000030517578,129.39999389648438,130.5500030517578,3239758
2023-04-04,2023-04-04T00:00:00Z,131.6999969482422,132.6999969482422,130.39999389648438,130.5500030517578,3731567
2023-04-05,2023-04-05T00:00:00Z,132.10000610351562,132.4499969482422,127.19999694824219,128.1999969482422,3851218
2023-04-06,2023-04-06T00:00:00Z,128.1999969482422,128.4499969482422,125.5999984741211,126.1500015258789,1829836
2023-04-11,2023-04-11T00:00:00Z,127.05000305175781,128.8000030517578,127.0,128.5,4749560
2023-04-12,2023-04-12T00:00:00Z,129.25,130.0500030517578,127.5,127.9000015258789,5387955
2023-04-13,2023-04-13T00:00:00Z,128.0500030517578,128.10000610351562,124.6500015258789,127.5,6180840
2023-04-14,2023-04-14T00:00:00Z,128.4499969482422,129.75,127.94999694824219,129.5500030517578,4445618
2023-04-17,2023-04-17T00:00:00Z,130.4499969482422,130.5,128.39999389648438,129.75,3790990
2023-04-18,2023-04-18T00:00:00Z,129.89999389648438,132.0,129.85000610351562,130.75,2626916
2023-04-19,2023-04-19T00:00:00Z,130.1999969482422,130.35000610351562,128.75,129.1999969482422,3701994
2023-04-20,2023-04-20T00:00:00Z,128.3000030517578,130.5500030517578,128.3000030517578,130.10000610351562,3453121
2023-04-21,2023-04-21T00:00:00Z,130.14999389648438,130.89999389648438,128.1999969482422,129.9499969482422,4495931
2023-04-24,2023-04-24T00:00:00Z,130.60000610351562,131.3000030517578,129.6999969482422,131.0,2357511
2023-04-25,2023-04-25T00:00:00Z,130.6999969482422,130.9499969482422,128.3000030517578,130.4499969482422,5034763
2023-04-26,2023-04-26T00:00:00Z,130.14999389648438,130.14999389648438,127.5999984741211,128.64999389648438,5215207
2023-04-27,2023-04-27T00:00:00Z,128.60000610351562,150.0,127.4000015258789,147.25,18203944
2023-04-28,2023-04-28T00:00:00Z,148.10000610351562,149.85000610351562,143.89999389648438,148.10000610351562,9224176
2023-05-02,2023-05-02T00:00:00Z,148.1999969482422,148.60000610351562,145.3000030517578,146.0,8225608
2023-05-03,2023-05-03T00:00:00Z,147.10000610351562,149.89999389648438,146.10000610351562,146.39999389648438,5652873
2023-05-04,2023-05-04T00:00:00Z,146.35000610351562,148.14999389648438,145.0,147.5500030517578,6334138
2023-05-05,2023-05-05T00:00:00Z,148.0,148.39999389648438,145.14999389648438,148.39999389648438,3926200
2023-05-08,2023-05-08T00:00:00Z,148.1999969482422,149.0,146.1999969482422,147.5500030517578,3458022
2023-05-09,2023-05-09T00:00:00Z,147.5500030517578,147.6999969482422,145.3000030517578,147.6999969482422,4821549
2023-05-10,2023-05-10T00:00:00Z,147.64999389648438,148.0500030517578,144.89999389648438,147.1999969482422,3534210
2023-05-11,2023-05-11T00:00:00Z,147.0,150.4499969482422,147.0,150.0,5312749
2023-05-12,2023-05-12T00:00:00Z,150.64999389648438,151.0,149.5,150.1999969482422,2790923
2023-05-15,2023-05-15T00:00:00Z,151.35000610351562,151.39999389648438,149.25,150.3000030517578,3635556
2023-05-16,2023-05-16T00:00:00Z,149.9499969482422,150.5,148.60000610351562,149.35000610351562,3389661
2023-05-17,2023-05-17T00:00:00Z,149.35000610351562,151.64999389648438,148.8000030517578,151.64999389648438,2599570
2023-05-19,2023-05-19T00:00:00Z,155.85000610351562,157.9499969482422,154.75,157.1999969482422,5560844
2023-05-22,2023-05-22T00:00:00Z,156.6999969482422,157.0,154.60000610351562,155.39999389648438,3908527
2023-05-23,2023-05-23T00:00:00Z,154.8000030517578,155.14999389648438,152.10000610351562,152.3000030517578,3394811
2023-05-24,2023-05-24T00:00:00Z,151.6999969482422,151.85000610351562,149.5500030517578,150.75,3224678
2023-05-25,2023-05-25T00:00:00Z,152.64999389648438,155.9499969482422,151.89999389648438,154.75,6153068
2023-05-26,2023-05-26T00:00:00Z,155.64999389648438,161.35000610351562,155.35000610351562,161.0,6978910
2023-05-29,2023-05-29T00:00:00Z,161.1999969482422,162.0500030517578,157.39999389648438,158.5,2202456
2023-05-30,2023-05-30T00:00:00Z,158.35000610351562,161.8000030517578,157.64999389648438,159.6999969482422,4262067
2023-05-31,2023-05-31T00:00:00Z,159.89999389648438,160.8000030517578,157.4499969482422,158.0500030517578,12331972
2023-06-01,2023-06-01T00:00:00Z,158.75,158.85000610351562,154.9499969482422,157.1999969482422,5307910
2023-06-02,2023-06-02T00:00:00Z,158.35000610351562,159.8000030517578,157.35000610351562,159.8000030517578,3993507
2023-06-05,2023-06-05T00:00:00Z,159.60000610351562,161.35000610351562,158.9499969482422,159.75,3035338
2023-06-07,2023-06-07T00:00:00Z,159.8000030517578,160.14999389648438,157.35000610351562,158.35000610351562,5342485
2023-06-08,2023-06-08T00:00:00Z,157.6999969482422,159.85000610351562,157.0,159.4499969482422,4176363
2023-06-09,2023-06-09T00:00:00Z,159.39999389648438,160.0,158.25,159.0500030517578,2364200
2023-06-12,2023-06-12T00:00:00Z,159.8000030517578,161.10000610351562,158.64999389648438,159.3000030517578,2396766
2023-06-13,2023-06-13T00:00:00Z,161.64999389648438,162.6999969482422,160.9499969482422,162.4499969482422,4720212
2023-06-14,2023-06-14T00:00:00Z,162.75,165.0,161.6999969482422,162.85000610351562,3569730
2023-06-15,2023-06-15T00:00:00Z,159.75,160.5500030517578,157.5500030517578,159.9499969482422,4560402
2023-06-16,2023-06-16T00:00:00Z,160.8000030517578,160.89999389648438,155.9499969482422,156.60000610351562,10825736
2023-06-19,2023-06-19T00:00:00Z,156.60000610351562,156.60000610351562,154.6999969482422,155.6999969482422,4194014
2023-06-20,2023-06-20T00:00:00Z,155.5500030517578,156.0,154.3000030517578,154.6999969482422,4434299
2023-06-21,2023-06-21T00:00:00Z,155.10000610351562,156.0500030517578,154.0,154.75,4119803
2023-06-22,2023-06-22T00:00:00Z,154.25,154.4499969482422,152.10000610351562,153.85000610351562,4453989
2023-06-26,2023-06-26T00:00:00Z,152.5,153.5500030517578,150.89999389648438,153.5,4075580
2023-06-27,2023-06-27T00:00:00Z,153.3000030517578,154.75,152.8000030517578,154.64999389648438,2411529
2023-06-28,2023-06-28T00:00:00Z,155.6999969482422,156.5,154.39999389648438,154.64999389648438,3264667
2023-06-29,2023-06-29T00:00:00Z,154.39999389648438,155.1999969482422,152.8000030517578,153.6999969482422,3600794
2023-06-30,2023-06-30T00:00:00Z,154.4499969482422,155.8000030517578,154.3000030517578,155.39999389648438,4213254
2023-07-03,2023-07-03T00:00:00Z,155.14999389648438,155.5,152.25,152.35000610351562,2658809
2023-07-04,2023-07-04T00:00:00Z,152.14999389648438,152.8000030517578,150.60000610351562,151.4499969482422,2986145
2023-07-05,2023-07-05T00:00:00Z,151.0,153.5500030517578,150.60000610351562,151.39999389648438,4387837
2023-07-06,2023-07-06T00:00:00Z,150.10000610351562,150.64999389648438,147.3000030517578,148.1999969482422,6029611
2023-07-07,2023-07-07T00:00:00Z,148.1999969482422,150.0,147.1999969482422,149.39999389648438,3069831
2023-07-10,2023-07-10T00:00:00Z,149.0,150.0500030517578,147.8000030517578,149.64999389648438,2016228
2023-07-11,2023-07-11T00:00:00Z,151.8000030517578,151.8000030517578,147.10000610351562,148.89999389648438,3612582
2023-07-12,2023-07-12T00:00:00Z,149.25,151.14999389648438,148.0500030517578,150.6999969482422,2387850
2023-07-13,2023-07-13T00:00:00Z,151.25,151.9499969482422,150.25,151.0500030517578,3109432
2023-07-14,2023-07-14T00:00:00Z,151.0,151.5500030517578,149.5,151.1999969482422,2789480
2023-07-17,2023-07-17T00:00:00Z,150.1999969482422,151.5,149.10000610351562,151.4499969482422,3266000
2023-07-18,2023-07-18T00:00:00Z,151.4499969482422,154.14999389648438,151.0500030517578,153.85000610351562,4344081
2023-07-19,2023-07-19T00:00:00Z,154.60000610351562,155.39999389648438,145.25,145.8000030517578,7132904
2023-07-20,2023-07-20T00:00:00Z,140.85000610351562,146.25,140.85000610351562,145.8000030517578,4408589
2023-07-21,2023-07-21T00:00:00Z,144.3000030517578,147.5500030517578,143.8000030517578,147.5500030517578,4095530
2023-07-24,2023-07-24T00:00:00Z,146.5500030517578,148.64999389648438,145.9499969482422,148.14999389648438,2565529
2023-07-25,2023-07-25T00:00:00Z,148.64999389648438,149.9499969482422,147.14999389648438,149.5,2106160
2023-07-26,2023-07-26T00:00:00Z,150.9499969482422,150.9499969482422,146.6999969482422,147.14999389648438,2207420
2023-07-27,2023-07-27T00:00:00Z,147.14999389648438,150.89999389648438,146.89999389648438,149.0,2814589
2023-07-28,2023-07-28T00:00:00Z,148.5500030517578,150.10000610351562,148.5500030517578,149.25,1856081
2023-07-31,2023-07-31T00:00:00Z,149.0500030517578,150.10000610351562,148.3000030517578,149.6999969482422,2734328
2023-08-01,2023-08-01T00:00:00Z,149.6999969482422,150.60000610351562,149.25,149.60000610351562,2698205
2023-08-02,2023-08-02T00:00:00Z,149.0500030517578,149.0500030517578,145.5500030517578,147.85000610351562,3208921
2023-08-03,2023-08-03T00:00:00Z,146.9499969482422,147.0,144.14999389648438,145.60000610351562,4121611
2023-08-04,2023-08-04T00:00:00Z,145.5,147.0500030517578,144.4499969482422,146.5500030517578,2735448
2023-08-07,2023-08-07T00:00:00Z,146.35000610351562,146.85000610351562,144.89999389648438,146.8000030517578,1846700
2023-08-08,2023-08-08T00:00:00Z,146.85000610351562,146.85000610351562,144.0500030517578,144.6999969482422,2521540
2023-08-09,2023-08-09T00:00:00Z,145.89999389648438,148.25,145.64999389648438,146.5,2065874
2023-08-10,2023-08-10T00:00:00Z,146.85000610351562,147.89999389648438,145.25,146.39999389648438,2889550
2023-08-11,2023-08-11T00:00:00Z,145.9499969482422,145.9499969482422,144.1999969482422,144.89999389648438,2043314
2023-08-14,2023-08-14T00:00:00Z,144.25,144.6999969482422,143.35000610351562,144.60000610351562,3298170
2023-08-15,2023-08-15T00:00:00Z,144.25,144.64999389648438,142.10000610351562,142.8000030517578,3267230
2023-08-16,2023-08-16T00:00:00Z,141.8000030517578,143.89999389648438,141.60000610351562,143.39999389648438,2192189
2023-08-17,2023-08-17T00:00:00Z,142.39999389648438,142.4499969482422,140.4499969482422,140.60000610351562,2733232
2023-08-18,2023-08-18T00:00:00Z,140.60000610351562,140.9499969482422,138.9499969482422,140.3000030517578,2956560
2023-08-21,2023-08-21T00:00:00Z,140.0,142.85000610351562,139.64999389648438,141.35000610351562,2715645
2023-08-22,2023-08-22T00:00:00Z,142.35000610351562,144.0500030517578,141.25,143.6999969482422,2897728
2023-08-23,2023-08-23T00:00:00Z,144.35000610351562,144.35000610351562,143.0500030517578,143.9499969482422,3755121
2023-08-24,2023-08-24T00:00:00Z,145.60000610351562,147.35000610351562,144.75,145.5,5556405
2023-08-25,2023-08-25T00:00:00Z,144.5500030517578,147.35000610351562,144.3000030517578,145.75,3180987
2023-08-28,2023-08-28T00:00:00Z,147.0,148.5,145.8000030517578,147.35000610351562,2264926
2023-08-29,2023-08-29T00:00:00Z,147.85000610351562,150.1999969482422,147.8000030517578,149.5,5524350
2023-08-30,2023-08-30T00:00:00Z,149.8000030517578,150.5500030517578,148.0,149.10000610351562,3361010
2023-08-31,2023-08-31T00:00:00Z,148.5500030517578,148.9499969482422,144.35000610351562,144.9499969482422,10288176
2023-09-01,2023-09-01T00:00:00Z,144.9499969482422,146.6999969482422,143.9499969482422,145.10000610351562,3184344
2023-09-04,2023-09-04T00:00:00Z,145.75,147.39999389648438,145.5,146.35000610351562,1640655
2023-09-05,2023-09-05T00:00:00Z,146.14999389648438,148.14999389648438,145.5,147.64999389648438,2869746
2023-09-06,2023-09-06T00:00:00Z,147.5500030517578,149.6999969482422,146.3000030517578,149.0,3895280
2023-09-07,2023-09-07T00:00:00Z,148.39999389648438,149.4499969482422,146.0,147.0500030517578,2969294
2023-09-08,2023-09-08T00:00:00Z,147.3000030517578,147.9499969482422,145.64999389648438,146.75,2565254
2023-09-11,2023-09-11T00:00:00Z,147.10000610351562,150.64999389648438,146.5500030517578,149.5,4346640
2023-09-12,2023-09-12T00:00:00Z,149.64999389648438,149.75,148.0500030517578,149.35000610351562,5333340
2023-09-13,2023-09-13T00:00:00Z,148.39999389648438,148.85000610351562,146.0,147.1999969482422,4637373
2023-09-14,2023-09-14T00:00:00Z,147.1999969482422,149.64999389648438,146.14999389648438,149.35000610351562,4556254
2023-09-15,2023-09-15T00:00:00Z,150.5,152.39999389648438,148.25,148.75,10114905
2023-09-18,2023-09-18T00:00:00Z,148.75,148.8000030517578,146.89999389648438,148.6999969482422,3580534
2023-09-19,2023-09-19T00:00:00Z,148.1999969482422,148.4499969482422,146.10000610351562,147.1999969482422,3329759
2023-09-20,2023-09-20T00:00:00Z,146.89999389648438,148.75,145.64999389648438,147.3000030517578,5037545
2023-09-21,2023-09-21T00:00:00Z,145.89999389648438,146.1999969482422,143.85000610351562,145.1999969482422,4465876
2023-09-22,2023-09-22T00:00:00Z,144.64999389648438,145.25,143.39999389648438,144.0500030517578,2412567
2023-09-25,2023-09-25T00:00:00Z,143.9499969482422,145.5500030517578,143.25,145.5,3324803
2023-09-26,2023-09-26T00:00:00Z,144.64999389648438,144.64999389648438,142.25,142.60000610351562,4222391
2023-09-27,2023-09-27T00:00:00Z,143.6999969482422,144.0,142.5,142.8000030517578,3902889
2023-09-28,2023-09-28T00:00:00Z,143.35000610351562,144.6999969482422,142.25,144.64999389648438,3322870
2023-09-29,2023-09-29T00:00:00Z,145.10000610351562,148.25,145.10000610351562,147.25,5202474
2023-10-02,2023-10-02T00:00:00Z,146.9499969482422,149.8000030517578,146.6999969482422,147.25,5091974
2023-10-03,2023-10-03T00:00:00Z,145.9499969482422,147.64999389648438,145.5,145.9499969482422,3485047
2023-10-04,2023-10-04T00:00:00Z,145.3000030517578,145.39999389648438,143.5500030517578,144.64999389648438,3666939
2023-10-05,2023-10-05T00:00:00Z,144.5,148.0500030517578,143.9499969482422,146.6999969482422,4082222
2023-10-06,2023-10-06T00:00:00Z,145.5,149.14999389648438,144.5500030517578,147.8000030517578,4515446
2023-10-09,2023-10-09T00:00:00Z,147.60000610351562,147.60000610351562,144.75,144.8000030517578,3143802
2023-10-10,2023-10-10T00:00:00Z,146.25,150.9499969482422,144.0,150.60000610351562,3812504
2023-10-11,2023-10-11T00:00:00Z,150.39999389648438,150.8000030517578,148.6999969482422,150.64999389648438,3864091
2023-10-12,2023-10-12T00:00:00Z,153.0,156.39999389648438,152.64999389648438,153.64999389648438,8413980
2023-10-13,2023-10-13T00:00:00Z,152.5,153.4499969482422,150.85000610351562,151.8000030517578,3000924
2023-10-16,2023-10-16T00:00:00Z,151.64999389648438,152.1999969482422,150.35000610351562,150.39999389648438,3767054
2023-10-17,2023-10-17T00:00:00Z,150.3000030517578,150.75,147.25,149.3000030517578,4751289
2023-10-18,2023-10-18T00:00:00Z,148.1999969482422,148.3000030517578,144.1999969482422,145.3000030517578,6120420
2023-10-19,2023-10-19T00:00:00Z,143.10000610351562,147.39999389648438,142.3000030517578,142.8000030517578,5465679
2023-10-20,2023-10-20T00:00:00Z,141.60000610351562,141.60000610351562,138.89999389648438,139.1999969482422,6546865
2023-10-23,2023-10-23T00:00:00Z,139.85000610351562,140.35000610351562,136.75,138.75,5052580
2023-10-24,2023-10-24T00:00:00Z,138.5,139.35000610351562,136.39999389648438,139.10000610351562,5064645
2023-10-25,2023-10-25T00:00:00Z,139.0,145.89999389648438,137.75,143.3000030517578,7933478
2023-10-26,2023-10-26T00:00:00Z,141.39999389648438,143.89999389648438,139.75,142.89999389648438,4002636
2023-10-27,2023-10-27T00:00:00Z,143.39999389648438,144.89999389648438,142.3000030517578,144.3000030517578,4096317
2023-10-30,2023-10-30T00:00:00Z,144.3000030517578,144.75,142.0,142.89999389648438,3178075
2023-10-31,2023-10-31T00:00:00Z,143.5500030517578,145.8000030517578,142.4499969482422,144.1999969482422,4094408
2023-11-01,2023-11-01T00:00:00Z,144.6999969482422,145.14999389648438,142.6999969482422,144.5,2389225
2023-11-02,2023-11-02T00:00:00Z,145.39999389648438,149.60000610351562,145.39999389648438,147.89999389648438,3420612
2023-11-03,2023-11-03T00:00:00Z,148.14999389648438,149.75,147.8000030517578,149.1999969482422,2212192
2023-11-06,2023-11-06T00:00:00Z,151.1999969482422,151.8000030517578,147.8000030517578,149.0,3476251
2023-11-07,2023-11-07T00:00:00Z,148.85000610351562,149.60000610351562,147.9499969482422,149.39999389648438,3243444
2023-11-08,2023-11-08T00:00:00Z,148.9499969482422,149.85000610351562,148.10000610351562,149.25,3834324
2023-11-09,2023-11-09T00:00:00Z,148.9499969482422,154.0500030517578,148.60000610351562,153.8000030517578,6065370
2023-11-10,2023-11-10T00:00:00Z,152.75,152.89999389648438,150.4499969482422,152.0,2826506
2023-11-13,2023-11-13T00:00:00Z,152.0500030517578,152.85000610351562,151.25,152.0500030517578,2545602
2023-11-14,2023-11-14T00:00:00Z,152.4499969482422,155.60000610351562,151.85000610351562,155.39999389648438,5460381
2023-11-15,2023-11-15T00:00:00Z,155.8000030517578,160.10000610351562,155.5,158.60000610351562,6938780
2023-11-16,2023-11-16T00:00:00Z,158.39999389648438,158.39999389648438,156.6999969482422,157.8000030517578,6064697
2023-11-17,2023-11-17T00:00:00Z,158.39999389648438,160.0500030517578,158.0500030517578,159.10000610351562,3598377
2023-11-20,2023-11-20T00:00:00Z,159.89999389648438,161.14999389648438,158.8000030517578,160.85000610351562,3830073
2023-11-21,2023-11-21T00:00:00Z,160.4499969482422,161.0500030517578,159.5,160.3000030517578,5751754
2023-11-22,2023-11-22T00:00:00Z,160.9499969482422,162.3000030517578,160.14999389648438,161.64999389648438,5957958
2023-11-23,2023-11-23T00:00:00Z,162.0500030517578,162.85000610351562,160.85000610351562,160.89999389648438,3629826
2023-11-24,2023-11-24T00:00:00Z,158.4499969482422,160.14999389648438,157.5,159.85000610351562,3471637
2023-11-27,2023-11-27T00:00:00Z,159.60000610351562,160.75,159.35000610351562,160.39999389648438,2576328
2023-11-28,2023-11-28T00:00:00Z,159.5500030517578,160.5,159.1999969482422,160.25,2953524
2023-11-29,2023-11-29T00:00:00Z,160.0500030517578,162.9499969482422,160.0500030517578,161.75,4931374
2023-11-30,2023-11-30T00:00:00Z,162.3000030517578,163.5500030517578,161.8000030517578,161.89999389648438,11933189
2023-12-01,2023-12-01T00:00:00Z,162.3000030517578,164.5,162.0,162.85000610351562,3631343
2023-12-04,2023-12-04T00:00:00Z,162.39999389648438,163.0500030517578,160.5,161.39999389648438,3588180
2023-12-05,2023-12-05T00:00:00Z,161.4499969482422,162.1999969482422,160.64999389648438,162.10000610351562,4277278
2023-12-06,2023-12-06T00:00:00Z,162.5,165.8000030517578,161.89999389648438,165.35000610351562,4284947
2023-12-07,2023-12-07T00:00:00Z,164.75,165.1999969482422,162.75,163.4499969482422,3619479
2023-12-08,2023-12-08T00:00:00Z,163.1999969482422,165.6999969482422,162.9499969482422,165.14999389648438,3749787
2023-12-11,2023-12-11T00:00:00Z,165.0500030517578,167.5500030517578,164.8000030517578,167.4499969482422,5126143
2023-12-12,2023-12-12T00:00:00Z,166.14999389648438,167.5500030517578,166.0500030517578,167.39999389648438,5830614
2023-12-13,2023-12-13T00:00:00Z,167.4499969482422,168.14999389648438,166.10000610351562,166.14999389648438,8134177
2023-12-14,2023-12-14T00:00:00Z,168.25,169.35000610351562,166.4499969482422,167.89999389648438,6184617
2023-12-15,2023-12-15T00:00:00Z,168.6999969482422,172.0500030517578,168.60000610351562,172.0,8416175
2023-12-18,2023-12-18T00:00:00Z,170.89999389648438,170.89999389648438,168.89999389648438,169.39999389648438,5664032
2023-12-19,2023-12-19T00:00:00Z,169.85000610351562,171.75,169.60000610351562,171.35000610351562,5356750
2023-12-20,2023-12-20T00:00:00Z,171.0500030517578,172.60000610351562,170.25,171.89999389648438,7037257
2023-12-21,2023-12-21T00:00:00Z,171.64999389648438,171.85000610351562,170.0,171.14999389648438,3692756
2023-12-22,2023-12-22T00:00:00Z,169.9499969482422,172.25,169.5,171.4499969482422,3373181
2023-12-27,2023-12-27T00:00:00Z,171.8000030517578,173.60000610351562,171.6999969482422,172.39999389648438,2647480
2023-12-28,2023-12-28T00:00:00Z,172.85000610351562,173.6999969482422,172.10000610351562,172.5,2089348
2023-12-29,2023-12-29T00:00:00Z,172.4499969482422,174.14999389648438,172.4499969482422,173.5500030517578,1870031
2024-01-02,2024-01-02T00:00:00Z,173.75,174.6999969482422,170.64999389648438,171.0,2962308
2024-01-03,2024-01-03T00:00:00Z,170.5,170.5,167.0,168.25,4541380
2024-01-04,2024-01-04T00:00:00Z,167.85000610351562,168.35000610351562,164.39999389648438,166.1999969482422,5374659
2024-01-05,2024-01-05T00:00:00Z,165.14999389648438,165.1999969482422,161.64999389648438,161.64999389648438,3806477
2024-01-08,2024-01-08T00:00:00Z,162.0500030517578,163.9499969482422,161.39999389648438,163.8000030517578,5630953
2024-01-09,2024-01-09T00:00:00Z,164.5,164.5,161.8000030517578,163.14999389648438,3512106
2024-01-10,2024-01-10T00:00:00Z,163.10000610351562,164.8000030517578,162.75,163.75,4804609
2024-01-11,2024-01-11T00:00:00Z,166.0,167.5,163.4499969482422,163.85000610351562,3472422
2024-01-12,2024-01-12T00:00:00Z,164.5,166.5500030517578,164.1999969482422,166.5,3438974
2024-01-15,2024-01-15T00:00:00Z,166.75,166.75,164.75,165.10000610351562,1753745
2024-01-16,2024-01-16T00:00:00Z,164.35000610351562,167.0,163.60000610351562,166.8000030517578,3211378
2024-01-17,2024-01-17T00:00:00Z,164.14999389648438,164.9499969482422,162.5500030517578,163.9499969482422,3968898
2024-01-18,2024-01-18T00:00:00Z,163.0500030517578,165.60000610351562,163.0500030517578,164.4499969482422,5451869
2024-01-19,2024-01-19T00:00:00Z,165.25,166.5500030517578,163.9499969482422,164.4499969482422,3967499
2024-01-22,2024-01-22T00:00:00Z,166.1999969482422,169.3000030517578,165.5500030517578,168.75,4544533
2024-01-23,2024-01-23T00:00:00Z,169.5500030517578,170.14999389648438,167.14999389648438,168.5500030517578,3714542
2024-01-24,2024-01-24T00:00:00Z,170.8000030517578,172.89999389648438,169.25,170.89999389648438,4201037
2024-01-25,2024-01-25T00:00:00Z,170.8000030517578,173.85000610351562,162.25,163.89999389648438,11881240
2024-01-26,2024-01-26T00:00:00Z,159.8000030517578,164.9499969482422,159.8000030517578,163.85000610351562,4283958
2024-01-29,2024-01-29T00:00:00Z,162.9499969482422,166.9499969482422,162.14999389648438,165.8000030517578,3919443
2024-01-30,2024-01-30T00:00:00Z,165.8000030517578,166.6999969482422,164.6999969482422,165.5500030517578,2842763
2024-01-31,2024-01-31T00:00:00Z,165.85000610351562,167.4499969482422,165.3000030517578,166.9499969482422,5446803
2024-02-01,2024-02-01T00:00:00Z,167.0500030517578,170.35000610351562,166.0,169.0500030517578,3426584
2024-02-02,2024-02-02T00:00:00Z,170.85000610351562,171.8000030517578,168.75,169.3000030517578,3193816
2024-02-05,2024-02-05T00:00:00Z,168.9499969482422,169.14999389648438,166.60000610351562,167.0,3106387
2024-02-06,2024-02-06T00:00:00Z,168.4499969482422,169.9499969482422,166.9499969482422,169.35000610351562,2827914
2024-02-07,2024-02-07T00:00:00Z,169.5,169.6999969482422,167.25,168.6999969482422,3754549
2024-02-08,2024-02-08T00:00:00Z,168.8000030517578,171.0500030517578,168.14999389648438,171.0500030517578,2195437
2024-02-09,2024-02-09T00:00:00Z,171.14999389648438,173.3000030517578,170.35000610351562,171.25,2474590
2024-02-12,2024-02-12T00:00:00Z,171.89999389648438,172.5500030517578,170.75,171.3000030517578,2086803
2024-02-13,2024-02-13T00:00:00Z,171.0,171.10000610351562,165.5,168.60000610351562,4098445
2024-02-14,2024-02-14T00:00:00Z,168.8000030517578,169.9499969482422,168.0500030517578,168.5500030517578,3620270
2024-02-15,2024-02-15T00:00:00Z,170.5,172.60000610351562,168.89999389648438,170.14999389648438,4577880
2024-02-16,2024-02-16T00:00:00Z,171.35000610351562,176.8000030517578,171.3000030517578,176.8000030517578,6360631
2024-02-19,2024-02-19T00:00:00Z,175.0500030517578,177.0,174.25,176.8000030517578,1993307
2024-02-20,2024-02-20T00:00:00Z,176.39999389648438,176.85000610351562,173.14999389648438,174.5500030517578,2352031
2024-02-21,2024-02-21T00:00:00Z,175.0,175.75,173.5500030517578,175.64999389648438,2066248
2024-02-22,2024-02-22T00:00:00Z,178.0,181.0500030517578,177.89999389648438,179.60000610351562,4538892
2024-02-23,2024-02-23T00:00:00Z,179.6999969482422,180.4499969482422,177.75,178.39999389648438,3564888
2024-02-26,2024-02-26T00:00:00Z,178.0500030517578,180.75,176.60000610351562,180.60000610351562,3094092
2024-02-27,2024-02-27T00:00:00Z,180.75,181.0,178.25,179.14999389648438,3030031
2024-02-28,2024-02-28T00:00:00Z,178.6999969482422,180.3000030517578,178.10000610351562,180.0,3042552
2024-02-29,2024-02-29T00:00:00Z,181.0,181.0,178.39999389648438,179.75,6016866
2024-03-01,2024-03-01T00:00:00Z,180.89999389648438,181.10000610351562,178.8000030517578,180.10000610351562,3265844
2024-03-04,2024-03-04T00:00:00Z,181.6999969482422,181.6999969482422,178.5500030517578,180.0,5181027
2024-03-05,2024-03-05T00:00:00Z,179.39999389648438,180.35000610351562,178.14999389648438,178.85000610351562,6536593
2024-03-06,2024-03-06T00:00:00Z,178.60000610351562,179.64999389648438,176.39999389648438,179.35000610351562,10511723
2024-03-07,2024-03-07T00:00:00Z,179.6999969482422,181.85000610351562,178.14999389648438,181.0500030517578,7994074
2024-03-08,2024-03-08T00:00:00Z,181.14999389648438,184.35000610351562,180.8000030517578,182.5500030517578,5070666
2024-03-11,2024-03-11T00:00:00Z,181.75,181.75,177.64999389648438,179.10000610351562,5653429
2024-03-12,2024-03-12T00:00:00Z,179.85000610351562,183.25,179.5500030517578,182.60000610351562,7253761
2024-03-13,2024-03-13T00:00:00Z,183.89999389648438,184.0,181.75,182.60000610351562,6288227
2024-03-14,2024-03-14T00:00:00Z,183.39999389648438,183.8000030517578,182.1999969482422,182.85000610351562,4554156
2024-03-15,2024-03-15T00:00:00Z,182.5,185.64999389648438,182.0500030517578,184.1999969482422,9369700
2024-03-18,2024-03-18T00:00:00Z,184.3000030517578,184.60000610351562,181.4499969482422,182.0,4005596
2024-03-19,2024-03-19T00:00:00Z,181.5,183.10000610351562,180.8000030517578,181.75,5666453
2024-03-20,2024-03-20T00:00:00Z,181.75,183.64999389648438,180.75,181.6999969482422,6104550
2024-03-21,2024-03-21T00:00:00Z,184.75,186.5,183.1999969482422,186.25,6828371
2024-03-22,2024-03-22T00:00:00Z,185.6999969482422,187.75,184.5500030517578,187.0,6915285
2024-03-25,2024-03-25T00:00:00Z,187.0,187.75,185.39999389648438,186.0,3378145
2024-03-26,2024-03-26T00:00:00Z,186.0,186.25,182.89999389648438,185.6999969482422,4894038
2024-03-27,2024-03-27T00:00:00Z,184.9499969482422,185.0,181.3000030517578,182.14999389648438,5280686
2024-03-28,2024-03-28T00:00:00Z,182.10000610351562,182.89999389648438,180.3000030517578,180.8000030517578,2773645
2024-04-02,2024-04-02T00:00:00Z,182.0,183.35000610351562,179.10000610351562,180.0500030517578,5221871
2024-04-03,2024-04-03T00:00:00Z,180.85000610351562,181.6999969482422,180.0500030517578,181.10000610351562,2606533
2024-04-04,2024-04-04T00:00:00Z,181.0,182.3000030517578,180.14999389648438,182.3000030517578,3548476
2024-04-05,2024-04-05T00:00:00Z,178.5,181.3000030517578,177.25,181.3000030517578,4078070
2024-04-08,2024-04-08T00:00:00Z,181.64999389648438,183.8000030517578,181.60000610351562,183.14999389648438,3283845
2024-04-09,2024-04-09T00:00:00Z,182.85000610351562,183.89999389648438,181.3000030517578,182.10000610351562,3035759
2024-04-10,2024-04-10T00:00:00Z,182.3000030517578,184.0,180.39999389648438,183.35000610351562,2955617
2024-04-11,2024-04-11T00:00:00Z,182.39999389648438,185.0,179.6999969482422,181.5,4821141
2024-04-12,2024-04-12T00:00:00Z,183.0500030517578,185.60000610351562,182.60000610351562,182.8000030517578,3160774
2024-04-15,2024-04-15T00:00:00Z,185.25,188.75,184.85000610351562,186.10000610351562,4012777
2024-04-16,2024-04-16T00:00:00Z,184.0500030517578,184.60000610351562,181.9499969482422,183.85000610351562,4602283
2024-04-17,2024-04-17T00:00:00Z,181.9499969482422,185.8000030517578,180.3000030517578,183.3000030517578,4212177
2024-04-18,2024-04-18T00:00:00Z,184.14999389648438,184.25,181.5500030517578,182.64999389648438,3669600
2024-04-19,2024-04-19T00:00:00Z,180.75,181.0,178.6999969482422,179.4499969482422,3845665
2024-04-22,2024-04-22T00:00:00Z,180.0500030517578,182.0,176.0500030517578,176.0500030517578,6215589
2024-04-23,2024-04-23T00:00:00Z,176.0500030517578,179.25,175.5500030517578,177.9499969482422,5135441
2024-04-24,2024-04-24T00:00:00Z,177.89999389648438,193.75,176.60000610351562,192.9499969482422,9289559
2024-04-25,2024-04-25T00:00:00Z,192.60000610351562,192.60000610351562,186.85000610351562,189.3000030517578,4194906
2024-04-26,2024-04-26T00:00:00Z,192.35000610351562,194.10000610351562,191.64999389648438,193.89999389648438,5208294
2024-04-29,2024-04-29T00:00:00Z,194.3000030517578,196.35000610351562,194.25,195.3000030517578,3640264
2024-04-30,2024-04-30T00:00:00Z,198.14999389648438,198.39999389648438,193.6999969482422,195.4499969482422,4427128
2024-05-02,2024-05-02T00:00:00Z,193.25,195.10000610351562,192.25,193.10000610351562,4614479
2024-05-03,2024-05-03T00:00:00Z,193.6999969482422,197.10000610351562,193.5500030517578,196.0500030517578,4580956
2024-05-06,2024-05-06T00:00:00Z,196.9499969482422,197.4499969482422,194.9499969482422,197.0,2209431
2024-05-07,2024-05-07T00:00:00Z,198.0500030517578,199.25,195.39999389648438,199.25,3721710
2024-05-08,2024-05-08T00:00:00Z,198.4499969482422,201.5,198.14999389648438,199.75,2366194
2024-05-10,2024-05-10T00:00:00Z,203.10000610351562,203.89999389648438,200.8000030517578,202.5,3614908
2024-05-13,2024-05-13T00:00:00Z,202.10000610351562,202.3000030517578,199.10000610351562,199.8000030517578,2684235
2024-05-14,2024-05-14T00:00:00Z,199.35000610351562,199.9499969482422,198.1999969482422,199.4499969482422,3248742
2024-05-15,2024-05-15T00:00:00Z,200.5,201.5,198.0500030517578,201.3000030517578,2938816
2024-05-16,2024-05-16T00:00:00Z,201.60000610351562,201.8000030517578,197.75,197.89999389648438,4106945
2024-05-17,2024-05-17T00:00:00Z,197.5,198.39999389648438,195.85000610351562,197.75,2704590
2024-05-20,2024-05-20T00:00:00Z,198.64999389648438,200.1999969482422,198.14999389648438,200.10000610351562,1812609
2024-05-21,2024-05-21T00:00:00Z,199.9499969482422,200.10000610351562,198.75,199.5,3820175
2024-05-22,2024-05-22T00:00:00Z,199.8000030517578,203.8000030517578,199.5,203.3000030517578,4164143
2024-05-23,2024-05-23T00:00:00Z,204.1999969482422,206.39999389648438,203.39999389648438,205.5,3800837
2024-05-24,2024-05-24T00:00:00Z,204.10000610351562,204.10000610351562,201.89999389648438,204.0,4009793
2024-05-27,2024-05-27T00:00:00Z,203.89999389648438,203.89999389648438,201.6999969482422,203.10000610351562,1383310
2024-05-28,2024-05-28T00:00:00Z,203.1999969482422,204.10000610351562,199.8000030517578,201.60000610351562,2787897
2024-05-29,2024-05-29T00:00:00Z,201.1999969482422,201.6999969482422,197.6999969482422,199.14999389648438,3082071
2024-05-30,2024-05-30T00:00:00Z,198.1999969482422,198.89999389648438,197.25,198.6999969482422,2081692
2024-05-31,2024-05-31T00:00:00Z,198.6999969482422,201.3000030517578,197.35000610351562,200.8000030517578,11517020
2024-06-03,2024-06-03T00:00:00Z,202.8000030517578,204.39999389648438,201.1999969482422,201.89999389648438,3550649
2024-06-04,2024-06-04T00:00:00Z,201.39999389648438,201.60000610351562,199.4499969482422,200.10000610351562,2808654
2024-06-05,2024-06-05T00:00:00Z,200.89999389648438,203.10000610351562,200.1999969482422,201.8000030517578,4642302
2024-06-07,2024-06-07T00:00:00Z,203.5,205.60000610351562,202.1999969482422,204.39999389648438,3843990
2024-06-10,2024-06-10T00:00:00Z,203.10000610351562,204.0,201.10000610351562,203.6999969482422,2315341
2024-06-11,2024-06-11T00:00:00Z,204.0,204.89999389648438,200.89999389648438,202.3000030517578,2459070
2024-06-12,2024-06-12T00:00:00Z,203.1999969482422,206.10000610351562,202.3000030517578,205.8000030517578,3144693
2024-06-13,2024-06-13T00:00:00Z,206.39999389648438,206.39999389648438,202.5,202.60000610351562,4226611
2024-06-14,2024-06-14T00:00:00Z,202.5,202.6999969482422,198.5,200.1999969482422,3244439
2024-06-17,2024-06-17T00:00:00Z,200.6999969482422,201.89999389648438,199.0500030517578,200.39999389648438,4361386
2024-06-18,2024-06-18T00:00:00Z,201.60000610351562,202.0,199.75,201.6999969482422,2691189
2024-06-19,2024-06-19T00:00:00Z,201.39999389648438,202.0,198.6999969482422,198.75,2226020
2024-06-20,2024-06-20T00:00:00Z,199.64999389648438,200.0,196.64999389648438,198.35000610351562,9281799
2024-06-24,2024-06-24T00:00:00Z,197.35000610351562,202.5,196.35000610351562,202.3000030517578,3623452
2024-06-25,2024-06-25T00:00:00Z,201.0,201.0,195.39999389648438,197.14999389648438,2984102
2024-06-26,2024-06-26T00:00:00Z,198.75,202.10000610351562,198.60000610351562,199.5500030517578,2857068
2024-06-27,2024-06-27T00:00:00Z,199.35000610351562,202.10000610351562,198.64999389648438,198.64999389648438,2274262
2024-06-28,2024-06-28T00:00:00Z,200.5,201.0,198.35000610351562,199.1999969482422,2907384
2024-07-01,2024-07-01T00:00:00Z,199.75,200.6999969482422,197.89999389648438,198.8000030517578,1896172
2024-07-02,2024-07-02T00:00:00Z,198.25,198.35000610351562,196.0500030517578,197.60000610351562,2656330
2024-07-03,2024-07-03T00:00:00Z,198.39999389648438,201.39999389648438,197.0500030517578,197.75,3713419
2024-07-04,2024-07-04T00:00:00Z,198.64999389648438,198.8000030517578,190.3000030517578,195.75,3517092
2024-07-05,2024-07-05T00:00:00Z,196.0,196.1999969482422,192.9499969482422,193.89999389648438,2189317
2024-07-08,2024-07-08T00:00:00Z,194.14999389648438,196.35000610351562,193.39999389648438,196.14999389648438,2937446
2024-07-09,2024-07-09T00:00:00Z,195.14999389648438,195.8000030517578,192.6999969482422,193.39999389648438,2750685
2024-07-10,2024-07-10T00:00:00Z,193.39999389648438,193.75,191.89999389648438,192.8000030517578,2961076
2024-07-11,2024-07-11T00:00:00Z,193.1999969482422,195.4499969482422,192.8000030517578,194.39999389648438,2875394
2024-07-12,2024-07-12T00:00:00Z,194.10000610351562,201.6999969482422,194.10000610351562,201.0,3099041
2024-07-15,2024-07-15T00:00:00Z,200.1999969482422,202.3000030517578,199.75,201.1999969482422,2909461
2024-07-16,2024-07-16T00:00:00Z,200.8000030517578,201.0,198.25,200.60000610351562,2185828
2024-07-17,2024-07-17T00:00:00Z,200.10000610351562,200.1999969482422,194.3000030517578,194.5,3412785
2024-07-18,2024-07-18T00:00:00Z,194.64999389648438,195.1999969482422,182.75,184.3000030517578,8598283
2024-07-19,2024-07-19T00:00:00Z,183.6999969482422,186.75,182.8000030517578,182.9499969482422,3480621
2024-07-22,2024-07-22T00:00:00Z,183.85000610351562,186.60000610351562,183.0,184.4499969482422,4668223
2024-07-23,2024-07-23T00:00:00Z,184.5,187.25,182.3000030517578,186.5500030517578,2483693
2024-07-24,2024-07-24T00:00:00Z,184.9499969482422,185.39999389648438,183.25,184.3000030517578,2476778
2024-07-25,2024-07-25T00:00:00Z,181.35000610351562,183.5500030517578,179.10000610351562,183.14999389648438,3201987
2024-07-26,2024-07-26T00:00:00Z,183.10000610351562,184.9499969482422,182.4499969482422,184.39999389648438,2593216
2024-07-29,2024-07-29T00:00:00Z,185.35000610351562,187.14999389648438,184.6999969482422,184.6999969482422,2363847
2024-07-30,2024-07-30T00:00:00Z,185.10000610351562,187.6999969482422,184.9499969482422,186.60000610351562,2281777
2024-07-31,2024-07-31T00:00:00Z,190.35000610351562,191.8000030517578,189.5500030517578,190.60000610351562,6292304
2024-08-01,2024-08-01T00:00:00Z,190.60000610351562,190.60000610351562,181.89999389648438,182.5,3984336
2024-08-02,2024-08-02T00:00:00Z,179.60000610351562,179.6999969482422,174.5500030517578,175.35000610351562,4372837
2024-08-05,2024-08-05T00:00:00Z,169.39999389648438,172.8000030517578,167.0,172.25,5218174
2024-08-06,2024-08-06T00:00:00Z,174.0,175.1999969482422,170.25,172.0500030517578,3730040
2024-08-07,2024-08-07T00:00:00Z,173.4499969482422,176.85000610351562,172.35000610351562,176.10000610351562,3298451
2024-08-08,2024-08-08T00:00:00Z,174.5,177.39999389648438,173.35000610351562,177.0,2607122
2024-08-09,2024-08-09T00:00:00Z,177.1999969482422,178.25,175.3000030517578,176.64999389648438,2048830
2024-08-12,2024-08-12T00:00:00Z,177.0500030517578,178.5500030517578,176.60000610351562,177.14999389648438,1608644
2024-08-13,2024-08-13T00:00:00Z,177.8000030517578,179.0500030517578,177.3000030517578,178.75,1792431
2024-08-14,2024-08-14T00:00:00Z,181.3000030517578,182.1999969482422,180.14999389648438,181.3000030517578,2625217
2024-08-15,2024-08-15T00:00:00Z,182.25,183.85000610351562,180.60000610351562,182.25,3179219
2024-08-16,2024-08-16T00:00:00Z,183.10000610351562,183.5,182.14999389648438,183.10000610351562,3268051
2024-08-19,2024-08-19T00:00:00Z,183.10000610351562,184.10000610351562,182.9499969482422,183.6999969482422,1870459
2024-08-20,2024-08-20T00:00:00Z,184.14999389648438,185.10000610351562,182.9499969482422,183.3000030517578,1542324
2024-08-21,2024-08-21T00:00:00Z,183.64999389648438,184.5,182.1999969482422,183.0,1817186
2024-08-22,2024-08-22T00:00:00Z,183.39999389648438,184.89999389648438,183.1999969482422,183.5500030517578,1363458
2024-08-23,2024-08-23T00:00:00Z,183.14999389648438,186.35000610351562,182.4499969482422,185.14999389648438,2708563
2024-08-26,2024-08-26T00:00:00Z,184.89999389648438,185.8000030517578,183.6999969482422,184.35000610351562,1374913
2024-08-27,2024-08-27T00:00:00Z,184.39999389648438,184.89999389648438,182.25,182.8000030517578,1958154
2024-08-28,2024-08-28T00:00:00Z,183.3000030517578,185.60000610351562,182.3000030517578,184.35000610351562,2265301
2024-08-29,2024-08-29T00:00:00Z,184.0,187.39999389648438,183.5500030517578,187.0,1811134
2024-08-30,2024-08-30T00:00:00Z,187.0,187.14999389648438,185.75,186.14999389648438,3173123
2024-09-02,2024-09-02T00:00:00Z,185.89999389648438,186.25,184.0500030517578,185.4499969482422,2036910
2024-09-03,2024-09-03T00:00:00Z,184.39999389648438,186.64999389648438,182.0500030517578,183.14999389648438,3379813
2024-09-04,2024-09-04T00:00:00Z,179.64999389648438,181.89999389648438,178.89999389648438,180.0,2838013
2024-09-05,2024-09-05T00:00:00Z,178.89999389648438,179.60000610351562,175.60000610351562,176.0500030517578,2225011
2024-09-06,2024-09-06T00:00:00Z,174.60000610351562,176.14999389648438,172.10000610351562,172.60000610351562,2577407
2024-09-09,2024-09-09T00:00:00Z,174.39999389648438,177.3000030517578,174.25,176.3000030517578,2408536
2024-09-10,2024-09-10T00:00:00Z,176.64999389648438,178.60000610351562,175.60000610351562,176.4499969482422,2373954
2024-09-11,2024-09-11T00:00:00Z,176.85000610351562,178.5500030517578,175.25,175.75,2274567
2024-09-12,2024-09-12T00:00:00Z,179.1999969482422,180.9499969482422,177.6999969482422,178.6999969482422,2928994
2024-09-13,2024-09-13T00:00:00Z,179.25,180.25,178.60000610351562,179.85000610351562,1320797
2024-09-16,2024-09-16T00:00:00Z,179.10000610351562,180.14999389648438,178.0,178.60000610351562,2077852
2024-09-17,2024-09-17T00:00:00Z,178.8000030517578,181.5500030517578,178.8000030517578,181.10000610351562,2355794
2024-09-18,2024-09-18T00:00:00Z,180.9499969482422,180.9499969482422,178.75,179.75,2429231
2024-09-19,2024-09-19T00:00:00Z,181.75,186.3000030517578,180.75,185.1999969482422,3861567
2024-09-20,2024-09-20T00:00:00Z,183.75,184.0500030517578,181.85000610351562,182.5500030517578,6867594
2024-09-23,2024-09-23T00:00:00Z,182.85000610351562,185.35000610351562,181.6999969482422,184.6999969482422,2815315
2024-09-24,2024-09-24T00:00:00Z,187.1999969482422,188.5,184.0,186.0,2486550
2024-09-25,2024-09-25T00:00:00Z,185.4499969482422,190.3000030517578,185.14999389648438,189.64999389648438,2893600
2024-09-26,2024-09-26T00:00:00Z,195.3000030517578,197.4499969482422,194.10000610351562,196.25,4499111
2024-09-27,2024-09-27T00:00:00Z,197.0,198.39999389648438,194.9499969482422,198.0500030517578,3171103
2024-09-30,2024-09-30T00:00:00Z,197.0,199.35000610351562,196.0500030517578,196.4499969482422,4206846
2024-10-01,2024-10-01T00:00:00Z,197.0,198.10000610351562,194.25,194.6999969482422,2879862
2024-10-02,2024-10-02T00:00:00Z,195.64999389648438,197.6999969482422,195.4499969482422,197.6999969482422,2316717
2024-10-03,2024-10-03T00:00:00Z,196.39999389648438,197.10000610351562,194.6999969482422,196.0,2180226
2024-10-04,2024-10-04T00:00:00Z,196.0,197.60000610351562,193.35000610351562,195.5500030517578,2597202
2024-10-07,2024-10-07T00:00:00Z,196.75,196.75,193.85000610351562,195.3000030517578,1624200
2024-10-08,2024-10-08T00:00:00Z,193.14999389648438,194.5500030517578,191.6999969482422,193.85000610351562,2265937
2024-10-09,2024-10-09T00:00:00Z,193.9499969482422,195.5500030517578,193.3000030517578,194.64999389648438,2506608
2024-10-10,2024-10-10T00:00:00Z,194.14999389648438,194.6999969482422,190.25,192.1999969482422,3508201
2024-10-11,2024-10-11T00:00:00Z,192.0500030517578,194.75,191.64999389648438,194.1999969482422,2240663
2024-10-14,2024-10-14T00:00:00Z,194.25,196.0,193.89999389648438,195.9499969482422,1811185
2024-10-15,2024-10-15T00:00:00Z,196.14999389648438,197.8000030517578,185.9499969482422,186.14999389648438,5357770
2024-10-16,2024-10-16T00:00:00Z,183.89999389648438,186.3000030517578,181.64999389648438,184.60000610351562,4948008
2024-10-17,2024-10-17T00:00:00Z,184.3000030517578,185.4499969482422,183.25,184.0,4897815
2024-10-18,2024-10-18T00:00:00Z,183.1999969482422,185.3000030517578,182.64999389648438,183.5500030517578,3706756
2024-10-21,2024-10-21T00:00:00Z,183.25,183.60000610351562,180.75,181.4499969482422,4090772
2024-10-22,2024-10-22T00:00:00Z,181.4499969482422,181.9499969482422,178.5,179.89999389648438,4507663
2024-10-23,2024-10-23T00:00:00Z,177.5,183.5500030517578,174.25,179.89999389648438,6698407
2024-10-24,2024-10-24T00:00:00Z,179.39999389648438,182.60000610351562,178.25,179.4499969482422,3318189
2024-10-25,2024-10-25T00:00:00Z,179.1999969482422,180.64999389648438,177.9499969482422,179.5500030517578,2369018
2024-10-28,2024-10-28T00:00:00Z,180.60000610351562,183.0,179.6999969482422,181.75,3405391
2024-10-29,2024-10-29T00:00:00Z,182.25,182.9499969482422,180.75,180.75,3531768
2024-10-30,2024-10-30T00:00:00Z,180.0500030517578,180.4499969482422,176.6999969482422,177.75,4203250
2024-10-31,2024-10-31T00:00:00Z,176.1999969482422,176.8000030517578,174.3000030517578,175.39999389648438,4344094
2024-11-01,2024-11-01T00:00:00Z,175.9499969482422,176.64999389648438,174.9499969482422,175.4499969482422,1495150
2024-11-04,2024-11-04T00:00:00Z,176.0,178.39999389648438,175.60000610351562,176.60000610351562,2316121
2024-11-05,2024-11-05T00:00:00Z,176.1999969482422,178.10000610351562,175.5500030517578,178.10000610351562,2205190
2024-11-06,2024-11-06T00:00:00Z,179.4499969482422,185.0500030517578,177.6999969482422,177.75,3979835
2024-11-07,2024-11-07T00:00:00Z,177.85000610351562,183.75,177.39999389648438,183.0,6352307
2024-11-08,2024-11-08T00:00:00Z,183.4499969482422,183.8000030517578,180.0,181.1999969482422,7234086
2024-11-11,2024-11-11T00:00:00Z,182.5,185.0500030517578,182.39999389648438,184.5500030517578,3286490
2024-11-12,2024-11-12T00:00:00Z,182.60000610351562,183.35000610351562,176.25,177.0500030517578,4847541
2024-11-13,2024-11-13T00:00:00Z,177.14999389648438,178.14999389648438,175.6999969482422,178.14999389648438,4003612
2024-11-14,2024-11-14T00:00:00Z,178.64999389648438,179.8000030517578,177.4499969482422,178.4499969482422,4331302
2024-11-15,2024-11-15T00:00:00Z,176.8000030517578,177.89999389648438,175.3000030517578,175.4499969482422,4337402
2024-11-18,2024-11-18T00:00:00Z,175.3000030517578,176.14999389648438,173.5500030517578,174.5500030517578,2506809
2024-11-19,2024-11-19T00:00:00Z,174.85000610351562,175.0,170.75,173.0,3125901
2024-11-20,2024-11-20T00:00:00Z,174.1999969482422,174.9499969482422,171.39999389648438,171.5500030517578,2833290
2024-11-21,2024-11-21T00:00:00Z,171.35000610351562,172.89999389648438,170.5500030517578,172.6999969482422,2519870
2024-11-22,2024-11-22T00:00:00Z,172.9499969482422,175.0,171.85000610351562,174.14999389648438,5151579
2024-11-25,2024-11-25T00:00:00Z,175.3000030517578,175.5500030517578,172.8000030517578,173.39999389648438,7406669
2024-11-26,2024-11-26T00:00:00Z,172.14999389648438,173.5,171.35000610351562,172.89999389648438,1753978
2024-11-27,2024-11-27T00:00:00Z,172.6999969482422,173.5,171.75,172.5,2662330
2024-11-28,2024-11-28T00:00:00Z,173.39999389648438,174.8000030517578,172.3000030517578,172.3000030517578,2002379
2024-11-29,2024-11-29T00:00:00Z,172.4499969482422,174.14999389648438,171.1999969482422,174.14999389648438,4898312
2024-12-02,2024-12-02T00:00:00Z,173.3000030517578,178.75,172.89999389648438,177.0500030517578,4763690
2024-12-03,2024-12-03T00:00:00Z,177.4499969482422,180.89999389648438,177.4499969482422,178.0,3624850
2024-12-04,2024-12-04T00:00:00Z,179.6999969482422,181.14999389648438,178.60000610351562,180.6999969482422,2705680
2024-12-05,2024-12-05T00:00:00Z,180.0500030517578,180.0500030517578,177.89999389648438,178.75,2706436
2024-12-06,2024-12-06T00:00:00Z,178.25,180.9499969482422,178.14999389648438,180.3000030517578,2697008
2024-12-09,2024-12-09T00:00:00Z,185.14999389648438,185.14999389648438,180.64999389648438,181.1999969482422,3676712
2024-12-10,2024-12-10T00:00:00Z,180.0,180.75,178.6999969482422,179.5,4719802
2024-12-11,2024-12-11T00:00:00Z,178.64999389648438,180.5,178.64999389648438,179.60000610351562,4042918
2024-12-12,2024-12-12T00:00:00Z,179.60000610351562,180.64999389648438,178.5500030517578,178.9499969482422,3895148
2024-12-13,2024-12-13T00:00:00Z,178.5500030517578,179.60000610351562,176.60000610351562,177.0500030517578,4203683
2024-12-16,2024-12-16T00:00:00Z,176.8000030517578,178.4499969482422,176.5500030517578,177.25,4077108
2024-12-17,2024-12-17T00:00:00Z,176.1999969482422,178.5500030517578,175.9499969482422,176.8000030517578,4544559
2024-12-18,2024-12-18T00:00:00Z,177.25,178.0,175.35000610351562,177.10000610351562,4413086
2024-12-19,2024-12-19T00:00:00Z,173.75,174.4499969482422,170.9499969482422,171.39999389648438,5088190
2024-12-20,2024-12-20T00:00:00Z,170.0,170.5500030517578,167.64999389648438,170.10000610351562,7958378
2024-12-23,2024-12-23T00:00:00Z,169.75,169.9499969482422,168.14999389648438,168.64999389648438,3181933
2024-12-27,2024-12-27T00:00:00Z,169.1999969482422,170.75,168.60000610351562,170.0,2821169
2024-12-30,2024-12-30T00:00:00Z,169.4499969482422,169.60000610351562,167.39999389648438,168.85000610351562,3452894
2025-01-02,2025-01-02T00:00:00Z,169.39999389648438,171.6999969482422,169.3000030517578,171.64999389648438,2313730
2025-01-03,2025-01-03T00:00:00Z,171.1999969482422,172.39999389648438,171.0,171.64999389648438,2206601
2025-01-07,2025-01-07T00:00:00Z,176.6999969482422,177.4499969482422,173.8000030517578,175.0500030517578,6196251
2025-01-08,2025-01-08T00:00:00Z,174.5500030517578,178.64999389648438,174.35000610351562,176.0,4754760
2025-01-09,2025-01-09T00:00:00Z,176.6999969482422,178.85000610351562,175.5,176.85000610351562,3682007
2025-01-10,2025-01-10T00:00:00Z,177.5,178.75,175.1999969482422,175.64999389648438,2965023
2025-01-13,2025-01-13T00:00:00Z,174.5,175.4499969482422,171.9499969482422,174.85000610351562,3263691
2025-01-14,2025-01-14T00:00:00Z,176.14999389648438,177.64999389648438,175.0,176.14999389648438,3486753
2025-01-15,2025-01-15T00:00:00Z,176.14999389648438,180.75,175.85000610351562,179.9499969482422,4601656
2025-01-16,2025-01-16T00:00:00Z,182.3000030517578,184.14999389648438,181.25,182.10000610351562,4059729
2025-01-17,2025-01-17T00:00:00Z,183.0500030517578,187.35000610351562,182.64999389648438,186.25,7025528
2025-01-20,2025-01-20T00:00:00Z,186.4499969482422,187.64999389648438,184.89999389648438,185.8000030517578,2110576
2025-01-21,2025-01-21T00:00:00Z,185.5,187.14999389648438,185.35000610351562,186.14999389648438,3195161
2025-01-22,2025-01-22T00:00:00Z,186.64999389648438,189.3000030517578,186.64999389648438,188.8000030517578,4279031
2025-01-23,2025-01-23T00:00:00Z,188.8000030517578,189.64999389648438,186.89999389648438,189.64999389648438,3340405
2025-01-24,2025-01-24T00:00:00Z,190.1999969482422,192.6999969482422,190.1999969482422,192.39999389648438,3559937
2025-01-27,2025-01-27T00:00:00Z,187.1999969482422,187.60000610351562,181.85000610351562,186.89999389648438,5722031
2025-01-28,2025-01-28T00:00:00Z,187.9499969482422,195.60000610351562,180.3000030517578,180.39999389648438,12384270
2025-01-29,2025-01-29T00:00:00Z,182.25,183.75,179.8000030517578,182.0500030517578,6496762
2025-01-30,2025-01-30T00:00:00Z,182.5,185.85000610351562,182.0500030517578,184.0,4175889
2025-01-31,2025-01-31T00:00:00Z,184.5,186.9499969482422,184.35000610351562,186.1999969482422,4150910
2025-02-03,2025-02-03T00:00:00Z,180.0500030517578,183.3000030517578,179.9499969482422,183.0,4139901
2025-02-04,2025-02-04T00:00:00Z,182.75,185.1999969482422,180.1999969482422,185.1999969482422,3639168
2025-02-05,2025-02-05T00:00:00Z,182.5500030517578,185.35000610351562,182.25,184.8000030517578,3250918
2025-02-06,2025-02-06T00:00:00Z,185.89999389648438,186.5,183.6999969482422,186.4499969482422,3183525
2025-02-07,2025-02-07T00:00:00Z,186.75,186.85000610351562,183.64999389648438,183.64999389648438,2945642
2025-02-10,2025-02-10T00:00:00Z,183.8000030517578,185.75,182.89999389648438,185.5,3232411
2025-02-11,2025-02-11T00:00:00Z,185.5,185.8000030517578,183.1999969482422,184.60000610351562,3220762
2025-02-12,2025-02-12T00:00:00Z,185.35000610351562,187.0,183.8000030517578,185.14999389648438,3022128
2025-02-13,2025-02-13T00:00:00Z,186.89999389648438,190.14999389648438,186.5,189.25,4036727
2025-02-14,2025-02-14T00:00:00Z,189.0,189.60000610351562,187.0500030517578,187.64999389648438,3167866
2025-02-17,2025-02-17T00:00:00Z,187.39999389648438,187.64999389648438,186.39999389648438,187.64999389648438,2611221
2025-02-18,2025-02-18T00:00:00Z,187.85000610351562,190.6999969482422,186.9499969482422,190.5,4086800
2025-02-19,2025-02-19T00:00:00Z,190.3000030517578,190.64999389648438,184.5500030517578,184.85000610351562,5693369
2025-02-20,2025-02-20T00:00:00Z,185.5,188.0500030517578,185.0500030517578,187.39999389648438,3742479
2025-02-21,2025-02-21T00:00:00Z,187.75,188.64999389648438,185.8000030517578,185.8000030517578,6048904
2025-02-24,2025-02-24T00:00:00Z,185.89999389648438,186.35000610351562,181.25,183.0,3420280
2025-02-25,2025-02-25T00:00:00Z,180.60000610351562,183.14999389648438,180.4499969482422,182.35000610351562,3383974
2025-02-26,2025-02-26T00:00:00Z,183.8000030517578,186.35000610351562,183.14999389648438,185.8000030517578,3767174
2025-02-27,2025-02-27T00:00:00Z,183.5,184.39999389648438,181.0,182.3000030517578,3922012
2025-02-28,2025-02-28T00:00:00Z,179.60000610351562,183.14999389648438,179.35000610351562,182.75,8232733
2025-03-03,2025-03-03T00:00:00Z,182.60000610351562,184.1999969482422,181.10000610351562,181.3000030517578,5851286
2025-03-04,2025-03-04T00:00:00Z,178.35000610351562,179.3000030517578,174.39999389648438,175.39999389648438,5849265
2025-03-05,2025-03-05T00:00:00Z,179.89999389648438,185.39999389648438,177.89999389648438,184.5,6462212
2025-03-06,2025-03-06T00:00:00Z,185.89999389648438,186.35000610351562,178.8000030517578,183.14999389648438,5369088
2025-03-07,2025-03-07T00:00:00Z,181.1999969482422,184.10000610351562,179.14999389648438,183.39999389648438,6084395
2025-03-10,2025-03-10T00:00:00Z,184.35000610351562,184.60000610351562,178.5500030517578,179.14999389648438,3915631
2025-03-11,2025-03-11T00:00:00Z,181.8000030517578,181.8000030517578,174.85000610351562,175.25,4600879
2025-03-12,2025-03-12T00:00:00Z,177.5,179.1999969482422,175.64999389648438,176.60000610351562,6365358
2025-03-13,2025-03-13T00:00:00Z,175.39999389648438,177.60000610351562,173.8000030517578,175.9499969482422,3017065
2025-03-14,2025-03-14T00:00:00Z,175.25,177.4499969482422,174.89999389648438,177.1999969482422,3440299
2025-03-17,2025-03-17T00:00:00Z,177.35000610351562,178.64999389648438,176.14999389648438,178.3000030517578,3153023
2025-03-18,2025-03-18T00:00:00Z,178.5500030517578,178.89999389648438,172.75,174.1999969482422,4943707
2025-03-19,2025-03-19T00:00:00Z,173.5500030517578,174.25,172.10000610351562,173.6999969482422,6316304
2025-03-20,2025-03-20T00:00:00Z,173.85000610351562,174.5500030517578,171.5500030517578,172.39999389648438,5782469
2025-03-21,2025-03-21T00:00:00Z,171.39999389648438,171.64999389648438,166.3000030517578,167.1999969482422,8516889
2025-03-24,2025-03-24T00:00:00Z,168.39999389648438,168.39999389648438,165.9499969482422,167.5500030517578,5352079
2025-03-25,2025-03-25T00:00:00Z,167.39999389648438,169.89999389648438,165.89999389648438,169.89999389648438,3957632
2025-03-26,2025-03-26T00:00:00Z,170.25,170.75,166.14999389648438,166.85000610351562,3870897
2025-03-27,2025-03-27T00:00:00Z,164.85000610351562,166.5,163.85000610351562,166.5,4898564
2025-03-28,2025-03-28T00:00:00Z,164.6999969482422,166.1999969482422,163.39999389648438,164.0,3982997
2025-03-31,2025-03-31T00:00:00Z,161.89999389648438,162.1999969482422,158.60000610351562,159.39999389648438,6859128
2025-04-01,2025-04-01T00:00:00Z,160.85000610351562,161.1999969482422,159.0500030517578,161.10000610351562,4794223
2025-04-02,2025-04-02T00:00:00Z,159.35000610351562,160.5,157.3000030517578,160.5,7319601
2025-04-03,2025-04-03T00:00:00Z,155.5500030517578,157.5500030517578,151.64999389648438,151.9499969482422,8879032
2025-04-04,2025-04-04T00:00:00Z,150.3000030517578,150.8000030517578,140.85000610351562,143.3000030517578,9938091
2025-04-07,2025-04-07T00:00:00Z,130.5500030517578,146.35000610351562,130.0,137.1999969482422,14861937
2025-04-08,2025-04-08T00:00:00Z,140.3000030517578,143.35000610351562,139.3000030517578,141.60000610351562,8717790
2025-04-09,2025-04-09T00:00:00Z,136.0,140.5,135.60000610351562,139.75,10989064
2025-04-10,2025-04-10T00:00:00Z,155.89999389648438,156.75,148.10000610351562,150.0,11421674
2025-04-11,2025-04-11T00:00:00Z,150.10000610351562,150.39999389648438,143.35000610351562,148.5500030517578,8776716
2025-04-14,2025-04-14T00:00:00Z,152.64999389648438,152.8000030517578,149.60000610351562,151.60000610351562,5237508
2025-04-15,2025-04-15T00:00:00Z,150.8000030517578,154.14999389648438,150.8000030517578,153.75,4581619
2025-04-16,2025-04-16T00:00:00Z,151.0,152.14999389648438,149.85000610351562,151.1999969482422,10883060
2025-04-17,2025-04-17T00:00:00Z,151.0,151.5,148.10000610351562,149.35000610351562,3946519
2025-04-22,2025-04-22T00:00:00Z,150.10000610351562,150.3000030517578,146.64999389648438,149.9499969482422,4945757
2025-04-23,2025-04-23T00:00:00Z,152.4499969482422,156.25,152.0,152.6999969482422,8198034
2025-04-24,2025-04-24T00:00:00Z,152.0500030517578,153.14999389648438,150.8000030517578,153.14999389648438,5846428
2025-04-25,2025-04-25T00:00:00Z,155.25,156.39999389648438,153.8000030517578,155.39999389648438,3744255
2025-04-28,2025-04-28T00:00:00Z,154.9499969482422,155.89999389648438,153.8000030517578,154.14999389648438,6284282
2025-04-29,2025-04-29T00:00:00Z,155.6999969482422,155.6999969482422,145.1999969482422,146.64999389648438,10345218
2025-04-30,2025-04-30T00:00:00Z,145.5,149.85000610351562,143.9499969482422,149.85000610351562,7170296
2025-05-02,2025-05-02T00:00:00Z,152.75,153.0,150.25,151.9499969482422,5776520
2025-05-05,2025-05-05T00:00:00Z,151.8000030517578,151.9499969482422,150.3000030517578,151.6999969482422,3213916
2025-05-06,2025-05-06T00:00:00Z,151.39999389648438,151.6999969482422,148.5500030517578,149.6999969482422,4820921
2025-05-07,2025-05-07T00:00:00Z,149.10000610351562,150.4499969482422,148.60000610351562,149.75,4489235
2025-05-08,2025-05-08T00:00:00Z,150.8000030517578,152.9499969482422,150.35000610351562,152.10000610351562,5742762
2025-05-09,2025-05-09T00:00:00Z,152.5,153.60000610351562,150.9499969482422,151.5,4320357
2025-05-12,2025-05-12T00:00:00Z,154.0,162.5,153.8000030517578,162.25,9839395
2025-05-13,2025-05-13T00:00:00Z,162.4499969482422,163.5500030517578,160.6999969482422,163.25,7112283
2025-05-14,2025-05-14T00:00:00Z,163.1999969482422,163.4499969482422,161.5,162.1999969482422,5806063
2025-05-15,2025-05-15T00:00:00Z,161.25,164.75,160.25,164.5,7067505
2025-05-16,2025-05-16T00:00:00Z,165.3000030517578,166.64999389648438,163.9499969482422,164.64999389648438,7104621
2025-05-19,2025-05-19T00:00:00Z,163.64999389648438,165.10000610351562,163.35000610351562,165.0500030517578,4165261
2025-05-20,2025-05-20T00:00:00Z,165.35000610351562,166.0,163.64999389648438,165.10000610351562,4217629
2025-05-21,2025-05-21T00:00:00Z,163.39999389648438,164.10000610351562,160.5500030517578,163.6999969482422,5126437
2025-05-22,2025-05-22T00:00:00Z,161.75,162.64999389648438,157.6999969482422,158.3000030517578,7750226
2025-05-23,2025-05-23T00:00:00Z,158.0500030517578,159.5,153.75,155.75,4187912
2025-05-26,2025-05-26T00:00:00Z,158.39999389648438,158.5500030517578,156.8000030517578,157.89999389648438,2045606
2025-05-27,2025-05-27T00:00:00Z,158.25,159.39999389648438,157.5,158.14999389648438,3631898
2025-05-28,2025-05-28T00:00:00Z,157.85000610351562,157.9499969482422,156.8000030517578,157.0500030517578,2551287
2025-05-30,2025-05-30T00:00:00Z,155.5,156.10000610351562,153.5500030517578,153.89999389648438,12169226
2025-06-02,2025-06-02T00:00:00Z,152.5,153.1999969482422,150.9499969482422,152.0,5486815
2025-06-03,2025-06-03T00:00:00Z,152.5,154.0500030517578,151.64999389648438,154.0500030517578,4984701
2025-06-04,2025-06-04T00:00:00Z,155.0500030517578,157.9499969482422,154.89999389648438,157.39999389648438,5379848
2025-06-05,2025-06-05T00:00:00Z,157.39999389648438,159.14999389648438,156.0500030517578,157.8000030517578,5175075
2025-06-09,2025-06-09T00:00:00Z,157.75,159.10000610351562,156.9499969482422,157.39999389648438,2743805
2025-06-10,2025-06-10T00:00:00Z,157.14999389648438,158.10000610351562,156.5500030517578,158.10000610351562,5374688
2025-06-11,2025-06-11T00:00:00Z,158.0,158.89999389648438,156.60000610351562,156.64999389648438,5713471
2025-06-12,2025-06-12T00:00:00Z,155.10000610351562,155.4499969482422,152.9499969482422,155.0,4958318
2025-06-13,2025-06-13T00:00:00Z,152.10000610351562,153.35000610351562,151.4499969482422,152.9499969482422,7427837
2025-06-16,2025-06-16T00:00:00Z,152.9499969482422,154.5500030517578,152.25,153.8000030517578,3100107
2025-06-17,2025-06-17T00:00:00Z,152.75,153.4499969482422,151.5500030517578,152.0500030517578,3883886
2025-06-18,2025-06-18T00:00:00Z,151.5500030517578,152.3000030517578,148.89999389648438,149.5,4149282
2025-06-19,2025-06-19T00:00:00Z,148.10000610351562,151.6999969482422,148.10000610351562,150.9499969482422,6740032
2025-06-23,2025-06-23T00:00:00Z,149.9499969482422,150.5500030517578,147.35000610351562,148.5,3914538
2025-06-24,2025-06-24T00:00:00Z,152.5,154.89999389648438,149.39999389648438,150.5,7087553
2025-06-25,2025-06-25T00:00:00Z,151.1999969482422,152.5500030517578,149.39999389648438,149.89999389648438,3014434
2025-06-26,2025-06-26T00:00:00Z,149.0500030517578,149.5,145.85000610351562,148.60000610351562,6838498
2025-06-27,2025-06-27T00:00:00Z,150.4499969482422,154.75,150.0500030517578,154.75,6041884
2025-06-30,2025-06-30T00:00:00Z,156.75,156.75,151.3000030517578,152.85000610351562,8156634
2025-07-01,2025-07-01T00:00:00Z,152.64999389648438,154.64999389648438,151.5500030517578,153.25,3611951
2025-07-02,2025-07-02T00:00:00Z,154.3000030517578,157.5500030517578,153.9499969482422,157.35000610351562,5574634
2025-07-03,2025-07-03T00:00:00Z,158.6999969482422,159.5500030517578,157.5500030517578,157.89999389648438,3338727
2025-07-04,2025-07-04T00:00:00Z,156.5500030517578,157.35000610351562,155.9499969482422,156.8000030517578,2896281
2025-07-07,2025-07-07T00:00:00Z,156.85000610351562,158.0,155.6999969482422,157.10000610351562,2438234
2025-07-08,2025-07-08T00:00:00Z,157.64999389648438,158.0,156.0500030517578,158.0,4604198
2025-07-09,2025-07-09T00:00:00Z,158.0500030517578,161.0,157.64999389648438,160.0,4371283
2025-07-10,2025-07-10T00:00:00Z,160.9499969482422,163.9499969482422,160.60000610351562,163.4499969482422,5103401
2025-07-11,2025-07-11T00:00:00Z,162.5,162.89999389648438,160.5,160.64999389648438,3741453
2025-07-14,2025-07-14T00:00:00Z,159.10000610351562,159.5500030517578,157.85000610351562,158.35000610351562,2420732
2025-07-15,2025-07-15T00:00:00Z,159.35000610351562,161.1999969482422,158.9499969482422,159.64999389648438,2759048
2025-07-16,2025-07-16T00:00:00Z,158.39999389648438,159.3000030517578,156.35000610351562,157.3000030517578,3927051
2025-07-17,2025-07-17T00:00:00Z,159.35000610351562,163.8000030517578,159.0500030517578,162.5500030517578,4421076
2025-07-18,2025-07-18T00:00:00Z,163.8000030517578,165.64999389648438,146.0500030517578,149.89999389648438,13287357
2025-07-21,2025-07-21T00:00:00Z,151.8000030517578,153.9499969482422,151.625,152.75,3186095
2025-07-22,2025-07-22T00:00:00Z,152.1999969482422,152.39999389648438,150.25,150.64999389648438,3413866
2025-07-23,2025-07-23T00:00:00Z,153.39999389648438,154.39999389648438,150.89999389648438,152.1999969482422,4112220
2025-07-24,2025-07-24T00:00:00Z,154.1999969482422,154.4499969482422,151.64999389648438,152.14999389648438,3463726
2025-07-25,2025-07-25T00:00:00Z,151.85000610351562,152.0,149.1999969482422,151.0,4957842
2025-07-28,2025-07-28T00:00:00Z,154.8000030517578,154.89999389648438,150.25,151.1999969482422,3686014
2025-07-29,2025-07-29T00:00:00Z,151.4499969482422,154.3000030517578,151.0500030517578,152.25,2253966
2025-07-30,2025-07-30T00:00:00Z,152.5500030517578,154.8000030517578,152.0500030517578,152.85000610351562,3036439
2025-07-31,2025-07-31T00:00:00Z,153.14999389648438,154.25,149.14999389648438,149.39999389648438,3615712
2025-08-01,2025-08-01T00:00:00Z,147.5500030517578,147.8000030517578,144.14999389648438,145.10000610351562,5375603
2025-08-04,2025-08-04T00:00:00Z,145.89999389648438,146.5,144.85000610351562,145.60000610351562,3101817
2025-08-05,2025-08-05T00:00:00Z,145.89999389648438,146.9499969482422,145.5500030517578,145.85000610351562,6190953
2025-08-06,2025-08-06T00:00:00Z,146.5,147.1999969482422,143.3000030517578,144.0,3577164
2025-08-07,2025-08-07T00:00:00Z,143.60000610351562,147.89999389648438,143.60000610351562,146.64999389648438,5447017
2025-08-08,2025-08-08T00:00:00Z,146.9499969482422,147.5,146.14999389648438,147.39999389648438,1855733
2025-08-11,2025-08-11T00:00:00Z,147.6999969482422,148.10000610351562,145.0,145.0,2768291
2025-08-12,2025-08-12T00:00:00Z,145.1999969482422,146.3000030517578,144.89999389648438,146.14999389648438,3212884
2025-08-13,2025-08-13T00:00:00Z,146.89999389648438,146.9499969482422,145.4499969482422,146.6999969482422,4417803
2025-08-14,2025-08-14T00:00:00Z,146.85000610351562,150.60000610351562,146.6999969482422,149.3000030517578,4050316
2025-08-15,2025-08-15T00:00:00Z,150.10000610351562,150.64999389648438,148.5500030517578,148.8000030517578,3120868
2025-08-18,2025-08-18T00:00:00Z,148.8000030517578,149.10000610351562,146.9499969482422,147.9499969482422,1796774
2025-08-19,2025-08-19T00:00:00Z,148.1999969482422,152.6999969482422,148.1999969482422,152.25,3646295
2025-08-20,2025-08-20T00:00:00Z,151.0500030517578,151.14999389648438,149.14999389648438,149.5,2912485
2025-08-21,2025-08-21T00:00:00Z,149.3000030517578,149.4499969482422,148.1999969482422,149.1999969482422,4023768
2025-08-22,2025-08-22T00:00:00Z,148.5500030517578,152.75,148.5500030517578,152.39999389648438,3853736
2025-08-25,2025-08-25T00:00:00Z,151.9499969482422,152.14999389648438,149.9499969482422,149.9499969482422,2688591
2025-08-26,2025-08-26T00:00:00Z,149.35000610351562,152.35000610351562,149.10000610351562,151.10000610351562,5743237
2025-08-27,2025-08-27T00:00:00Z,151.39999389648438,151.75,149.5,150.25,2541328
2025-08-28,2025-08-28T00:00:00Z,151.0,153.0,150.6999969482422,152.0,2713799
2025-08-29,2025-08-29T00:00:00Z,151.64999389648438,152.1999969482422,150.14999389648438,151.0,4349481
2025-09-01,2025-09-01T00:00:00Z,151.75,154.35000610351562,151.64999389648438,153.14999389648438,3122879
2025-09-02,2025-09-02T00:00:00Z,153.14999389648438,153.5,148.4499969482422,148.5500030517578,4443329
2025-09-03,2025-09-03T00:00:00Z,149.85000610351562,152.89999389648438,149.5500030517578,151.3000030517578,5043279
2025-09-04,2025-09-04T00:00:00Z,152.8000030517578,154.64999389648438,152.25,152.5500030517578,4602519
2025-09-05,2025-09-05T00:00:00Z,153.35000610351562,156.8000030517578,153.1999969482422,155.8000030517578,4009696
2025-09-08,2025-09-08T00:00:00Z,156.39999389648438,159.85000610351562,155.89999389648438,159.5500030517578,4841628
2025-09-09,2025-09-09T00:00:00Z,159.35000610351562,160.5500030517578,157.14999389648438,157.60000610351562,3944237
2025-09-10,2025-09-10T00:00:00Z,158.5,158.75,156.10000610351562,156.10000610351562,4629348
2025-09-11,2025-09-11T00:00:00Z,156.85000610351562,157.85000610351562,153.60000610351562,157.0,7558503
2025-09-12,2025-09-12T00:00:00Z,157.25,158.6999969482422,156.8000030517578,157.3000030517578,4075300
2025-09-15,2025-09-15T00:00:00Z,157.6999969482422,158.0500030517578,155.64999389648438,156.39999389648438,3022786
2025-09-16,2025-09-16T00:00:00Z,156.8000030517578,160.9499969482422,155.4499969482422,155.4499969482422,4470924
2025-09-17,2025-09-17T00:00:00Z,156.0,156.4499969482422,154.64999389648438,154.64999389648438,3002693
2025-09-18,2025-09-18T00:00:00Z,155.8000030517578,162.0,155.8000030517578,161.0,8424436
2025-09-19,2025-09-19T00:00:00Z,161.60000610351562,161.75,159.60000610351562,161.0,6937592
2025-09-22,2025-09-22T00:00:00Z,161.1999969482422,162.85000610351562,160.4499969482422,161.3000030517578,3508092
2025-09-23,2025-09-23T00:00:00Z,161.3000030517578,163.35000610351562,159.3000030517578,162.35000610351562,3413521
2025-09-24,2025-09-24T00:00:00Z,161.64999389648438,162.5,159.1999969482422,159.85000610351562,3761017
2025-09-25,2025-09-25T00:00:00Z,159.4499969482422,160.3000030517578,158.14999389648438,158.85000610351562,2614657
2025-09-26,2025-09-26T00:00:00Z,159.0500030517578,159.60000610351562,155.39999389648438,156.60000610351562,6158980
2025-09-29,2025-09-29T00:00:00Z,157.14999389648438,157.39999389648438,155.4499969482422,156.0,3038870
2025-09-30,2025-09-30T00:00:00Z,155.5,158.89999389648438,155.25,158.89999389648438,4178266
2025-10-01,2025-10-01T00:00:00Z,159.60000610351562,160.3000030517578,157.5,159.4499969482422,4068119
2025-10-02,2025-10-02T00:00:00Z,163.0,170.14999389648438,161.4499969482422,167.9499969482422,7914433
2025-10-03,2025-10-03T00:00:00Z,169.0,170.60000610351562,168.35000610351562,170.0,4703406
2025-10-06,2025-10-06T00:00:00Z,169.6999969482422,172.39999389648438,169.14999389648438,171.25,5545127
2025-10-07,2025-10-07T00:00:00Z,171.0500030517578,172.14999389648438,169.60000610351562,170.0,4685978
2025-10-08,2025-10-08T00:00:00Z,169.75,171.75,167.85000610351562,171.0,4870105
2025-10-09,2025-10-09T00:00:00Z,171.60000610351562,172.3000030517578,167.3000030517578,167.9499969482422,3447424
2025-10-10,2025-10-10T00:00:00Z,168.0500030517578,168.64999389648438,164.60000610351562,164.64999389648438,3082894
2025-10-13,2025-10-13T00:00:00Z,165.75,167.5,164.85000610351562,166.60000610351562,3069760
2025-10-14,2025-10-14T00:00:00Z,164.85000610351562,165.0,162.5,165.0,5055743
2025-10-15,2025-10-15T00:00:00Z,168.4499969482422,169.39999389648438,166.1999969482422,167.14999389648438,5547526
2025-10-16,2025-10-16T00:00:00Z,166.0,167.75,164.1999969482422,167.5,4545566
2025-10-17,2025-10-17T00:00:00Z,164.9499969482422,166.5500030517578,164.3000030517578,164.35000610351562,4179467
2025-10-20,2025-10-20T00:00:00Z,164.5,165.75,162.39999389648438,165.35000610351562,2935879
2025-10-21,2025-10-21T00:00:00Z,165.35000610351562,166.5,164.10000610351562,166.5,2831541
2025-10-22,2025-10-22T00:00:00Z,164.85000610351562,167.0,164.1999969482422,165.89999389648438,4195984
2025-10-23,2025-10-23T00:00:00Z,165.0,169.5,160.85000610351562,164.39999389648438,10096535
2025-10-24,2025-10-24T00:00:00Z,165.0500030517578,167.0500030517578,163.60000610351562,167.0,4913615
2025-10-27,2025-10-27T00:00:00Z,167.6999969482422,171.5,167.64999389648438,170.3000030517578,5434241
2025-10-28,2025-10-28T00:00:00Z,167.64999389648438,169.0,165.35000610351562,166.6999969482422,5784793
2025-10-29,2025-10-29T00:00:00Z,165.5,166.64999389648438,163.5500030517578,164.6999969482422,3626680
2025-10-30,2025-10-30T00:00:00Z,163.64999389648438,165.5,163.60000610351562,164.9499969482422,3629129
2025-10-31,2025-10-31T00:00:00Z,163.85000610351562,164.64999389648438,160.14999389648438,160.14999389648438,5112684
2025-11-03,2025-11-03T00:00:00Z,160.10000610351562,161.0500030517578,158.75,158.75,5355435
2025-11-04,2025-11-04T00:00:00Z,156.3000030517578,158.5,155.64999389648438,157.3000030517578,3903075
2025-11-05,2025-11-05T00:00:00Z,155.85000610351562,159.39999389648438,155.35000610351562,158.64999389648438,3526856
2025-11-06,2025-11-06T00:00:00Z,157.64999389648438,159.25,156.39999389648438,156.6999969482422,3096200
2025-11-07,2025-11-07T00:00:00Z,156.60000610351562,157.25,154.10000610351562,155.39999389648438,3619306
2025-11-10,2025-11-10T00:00:00Z,157.9499969482422,158.8000030517578,157.10000610351562,157.35000610351562,3430124
2025-11-11,2025-11-11T00:00:00Z,157.39999389648438,160.10000610351562,157.10000610351562,159.64999389648438,3745577
2025-11-12,2025-11-12T00:00:00Z,160.1999969482422,161.1999969482422,159.14999389648438,160.9499969482422,2936581
2025-11-13,2025-11-13T00:00:00Z,160.89999389648438,162.0500030517578,157.0500030517578,157.5,5265287
2025-11-14,2025-11-14T00:00:00Z,156.0,156.0,152.8000030517578,155.0,3764754
2025-11-17,2025-11-17T00:00:00Z,154.60000610351562,155.35000610351562,153.0500030517578,153.60000610351562,3991810
2025-11-18,2025-11-18T00:00:00Z,151.14999389648438,152.0,149.89999389648438,150.35000610351562,4344635
2025-11-19,2025-11-19T00:00:00Z,150.0,153.1999969482422,149.89999389648438,151.25,4472451
2025-11-20,2025-11-20T00:00:00Z,155.0,155.39999389648438,152.9499969482422,153.0500030517578,3293991
2025-11-21,2025-11-21T00:00:00Z,149.6999969482422,153.0500030517578,149.4499969482422,152.85000610351562,3519479
2025-11-24,2025-11-24T00:00:00Z,153.60000610351562,154.5500030517578,152.64999389648438,153.64999389648438,5698146
2025-11-25,2025-11-25T00:00:00Z,153.8000030517578,157.60000610351562,153.35000610351562,156.9499969482422,4267439
2025-11-26,2025-11-26T00:00:00Z,158.3000030517578,158.35000610351562,155.75,156.25,2934614
2025-11-27,2025-11-27T00:00:00Z,156.25,158.6999969482422,156.25,158.64999389648438,3625970
2025-11-28,2025-11-28T00:00:00Z,158.5,160.39999389648438,158.1999969482422,160.1999969482422,7989314
2025-12-01,2025-12-01T00:00:00Z,159.9499969482422,162.9499969482422,158.6999969482422,161.4499969482422,5779425
2025-12-02,2025-12-02T00:00:00Z,161.1999969482422,161.9499969482422,160.0500030517578,161.1999969482422,4536610
2025-12-03,2025-12-03T00:00:00Z,161.0500030517578,163.5,161.0500030517578,162.9499969482422,3815780
2025-12-04,2025-12-04T00:00:00Z,169.0,170.4499969482422,166.10000610351562,168.4499969482422,6800693
2025-12-05,2025-12-05T00:00:00Z,168.5500030517578,169.3000030517578,167.10000610351562,167.8000030517578,3650244
2025-12-08,2025-12-08T00:00:00Z,169.0,170.85000610351562,168.39999389648438,169.0,5586087
2025-12-09,2025-12-09T00:00:00Z,168.9499969482422,169.3000030517578,166.5,166.85000610351562,6381177
2025-12-10,2025-12-10T00:00:00Z,167.1999969482422,167.25,165.3000030517578,166.5,3437732
2025-12-11,2025-12-11T00:00:00Z,167.10000610351562,167.64999389648438,164.85000610351562,166.14999389648438,5054914
2025-12-12,2025-12-12T00:00:00Z,167.39999389648438,169.0500030517578,166.25,166.25,5496106
2025-12-15,2025-12-15T00:00:00Z,166.0,166.89999389648438,165.0,165.85000610351562,3331978
2025-12-16,2025-12-16T00:00:00Z,164.39999389648438,165.14999389648438,163.25,164.0,4186089
2025-12-17,2025-12-17T00:00:00Z,164.35000610351562,164.64999389648438,159.8000030517578,160.10000610351562,2941768
2025-12-18,2025-12-18T00:00:00Z,159.60000610351562,163.35000610351562,159.5500030517578,163.1999969482422,3489440
2025-12-19,2025-12-19T00:00:00Z,163.75,164.6999969482422,162.8000030517578,164.0500030517578,5327339
2025-12-22,2025-12-22T00:00:00Z,163.85000610351562,165.25,163.4499969482422,164.5,2786588
2025-12-23,2025-12-23T00:00:00Z,164.10000610351562,165.5500030517578,164.0,164.9499969482422,2673352
2025-12-29,2025-12-29T00:00:00Z,165.3000030517578,166.0500030517578,164.8000030517578,165.5500030517578,2833182
2025-12-30,2025-12-30T00:00:00Z,165.10000610351562,166.9499969482422,164.8000030517578,166.0500030517578,4039026
2026-01-02,2026-01-02T00:00:00Z,166.1999969482422,168.4499969482422,165.8000030517578,167.75,3294371
2026-01-05,2026-01-05T00:00:00Z,168.75,172.9499969482422,168.1999969482422,172.5,4214426
2026-01-07,2026-01-07T00:00:00Z,188.0,188.0,177.6999969482422,179.85000610351562,10576895
2026-01-08,2026-01-08T00:00:00Z,179.1999969482422,179.39999389648438,175.75,176.10000610351562,5310963
2026-01-09,2026-01-09T00:00:00Z,176.4499969482422,178.60000610351562,175.8000030517578,178.25,4074640
2026-01-12,2026-01-12T00:00:00Z,180.14999389648438,183.39999389648438,179.89999389648438,181.64999389648438,5619890
2026-01-13,2026-01-13T00:00:00Z,182.39999389648438,183.10000610351562,179.60000610351562,181.39999389648438,5902613
2026-01-14,2026-01-14T00:00:00Z,181.75,181.9499969482422,177.5500030517578,179.0500030517578,5564951
2026-01-15,2026-01-15T00:00:00Z,183.5,188.0500030517578,183.3000030517578,188.0,10254514
2026-01-16,2026-01-16T00:00:00Z,190.0,191.39999389648438,187.6999969482422,191.10000610351562,9752324
2026-01-19,2026-01-19T00:00:00Z,186.75,187.5,185.25,186.8000030517578,4407783
2026-01-20,2026-01-20T00:00:00Z,183.25,188.39999389648438,183.10000610351562,188.39999389648438,7049859
2026-01-21,2026-01-21T00:00:00Z,187.6999969482422,189.64999389648438,185.8000030517578,189.64999389648438,7427989
2026-01-22,2026-01-22T00:00:00Z,191.9499969482422,193.3000030517578,190.5,190.5,5664231
2026-01-23,2026-01-23T00:00:00Z,190.89999389648438,190.89999389648438,187.1999969482422,189.60000610351562,4479590
2026-01-26,2026-01-26T00:00:00Z,189.25,191.3000030517578,188.75,190.3000030517578,4548184
2026-01-27,2026-01-27T00:00:00Z,191.8000030517578,192.10000610351562,180.89999389648438,186.60000610351562,8882670
2026-01-28,2026-01-28T00:00:00Z,187.39999389648438,191.64999389648438,181.9499969482422,181.9499969482422,8386119
2026-01-29,2026-01-29T00:00:00Z,182.8000030517578,187.3000030517578,182.35000610351562,183.5,5154888
2026-01-30,2026-01-30T00:00:00Z,182.89999389648438,185.35000610351562,182.3000030517578,183.75,4211012
2026-02-02,2026-02-02T00:00:00Z,181.0,187.5500030517578,180.1999969482422,187.25,7928823
2026-02-03,2026-02-03T00:00:00Z,188.3000030517578,189.35000610351562,184.35000610351562,186.9499969482422,3906530
2026-02-04,2026-02-04T00:00:00Z,188.14999389648438,190.85000610351562,186.4499969482422,189.0500030517578,6254595
2026-02-05,2026-02-05T00:00:00Z,188.35000610351562,189.0,185.60000610351562,187.35000610351562,5381255
2026-02-06,2026-02-06T00:00:00Z,186.0,188.5500030517578,185.10000610351562,187.9499969482422,3249900
2026-02-09,2026-02-09T00:00:00Z,188.35000610351562,189.89999389648438,186.5,189.60000610351562,3196715
2026-02-10,2026-02-10T00:00:00Z,190.5,191.10000610351562,189.14999389648438,190.0,3136940
2026-02-11,2026-02-11T00:00:00Z,189.4499969482422,196.25,188.64999389648438,193.35000610351562,4676976
2026-02-12,2026-02-12T00:00:00Z,195.1999969482422,195.5,190.25,190.25,4007337
2026-02-13,2026-02-13T00:00:00Z,189.35000610351562,193.0500030517578,188.35000610351562,192.39999389648438,5109437
2026-02-16,2026-02-16T00:00:00Z,192.39999389648438,194.0,192.10000610351562,193.1999969482422,4020113
2026-02-17,2026-02-17T00:00:00Z,192.3000030517578,194.0,190.64999389648438,193.75,3575992
2026-02-18,2026-02-18T00:00:00Z,193.5,196.10000610351562,193.4499969482422,194.89999389648438,3847393
2026-02-19,2026-02-19T00:00:00Z,194.39999389648438,195.1999969482422,192.8000030517578,194.85000610351562,3225223
2026-02-20,2026-02-20T00:00:00Z,194.85000610351562,196.35000610351562,194.25,195.5,4369392
2026-02-23,2026-02-23T00:00:00Z,195.14999389648438,195.64999389648438,193.10000610351562,194.85000610351562,2732413
2026-02-24,2026-02-24T00:00:00Z,194.1999969482422,196.64999389648438,194.0500030517578,196.25,4345153
2026-02-25,2026-02-25T00:00:00Z,196.39999389648438,198.75,194.5500030517578,195.85000610351562,4699012
2026-02-26,2026-02-26T00:00:00Z,195.6999969482422,198.25,194.1999969482422,194.6999969482422,3925052
2026-02-27,2026-02-27T00:00:00Z,194.6999969482422,196.64999389648438,193.0,195.0500030517578,4945596
2026-03-02,2026-03-02T00:00:00Z,190.89999389648438,192.39999389648438,188.5500030517578,190.0,5045733
2026-03-03,2026-03-03T00:00:00Z,185.89999389648438,186.1999969482422,180.60000610351562,182.89999389648438,6145914
2026-03-04,2026-03-04T00:00:00Z,182.5500030517578,185.3000030517578,182.10000610351562,184.3000030517578,5261485
2026-03-05,2026-03-05T00:00:00Z,183.64999389648438,185.3000030517578,180.6999969482422,180.85000610351562,4855276
2026-03-06,2026-03-06T00:00:00Z,181.60000610351562,182.75,174.25,174.75,5729229
2026-03-09,2026-03-09T00:00:00Z,169.60000610351562,171.10000610351562,167.25,170.60000610351562,6110920
2026-03-10,2026-03-10T00:00:00Z,176.9499969482422,180.1999969482422,176.0,178.89999389648438,6279898
2026-03-11,2026-03-11T00:00:00Z,177.4499969482422,178.60000610351562,175.1999969482422,176.75,4022051
2026-03-12,2026-03-12T00:00:00Z,176.8000030517578,177.35000610351562,172.9499969482422,175.25,4632077
2026-03-13,2026-03-13T00:00:00Z,173.60000610351562,174.0500030517578,169.85000610351562,169.85000610351562,6571878
2026-03-16,2026-03-16T00:00:00Z,170.35000610351562,171.1999969482422,168.10000610351562,169.6999969482422,4940610
2026-03-17,2026-03-17T00:00:00Z,169.39999389648438,170.10000610351562,167.85000610351562,168.1999969482422,4858787
2026-03-18,2026-03-18T00:00:00Z,169.60000610351562,173.1999969482422,169.0,169.8000030517578,5395434
2026-03-19,2026-03-19T00:00:00Z,166.10000610351562,166.3000030517578,158.85000610351562,159.75,10244147
2026-03-20,2026-03-20T00:00:00Z,160.8000030517578,162.39999389648438,157.5,158.0500030517578,9043328
2026-03-23,2026-03-23T00:00:00Z,154.0500030517578,165.10000610351562,153.4499969482422,161.75,7542542
2026-03-24,2026-03-24T00:00:00Z,162.0,162.1999969482422,158.3000030517578,161.10000610351562,5598114
2026-03-25,2026-03-25T00:00:00Z,164.39999389648438,165.25,162.14999389648438,163.64999389648438,5875733
2026-03-26,2026-03-26T00:00:00Z,163.3000030517578,163.9499969482422,160.9499969482422,162.10000610351562,4521215
2026-03-27,2026-03-27T00:00:00Z,162.0500030517578,162.14999389648438,159.39999389648438,160.1999969482422,5334912
2026-03-30,2026-03-30T00:00:00Z,161.0500030517578,163.25,159.8000030517578,161.0500030517578,4355913
2026-03-31,2026-03-31T00:00:00Z,161.35000610351562,163.64999389648438,160.64999389648438,163.14999389648438,7090096
2026-04-01,2026-04-01T00:00:00Z,168.5500030517578,170.3000030517578,167.64999389648438,168.8000030517578,6593611
2026-04-02,2026-04-02T00:00:00Z,163.6999969482422,166.39999389648438,163.6999969482422,166.35000610351562,3200286
2026-04-07,2026-04-07T00:00:00Z,167.3000030517578,169.10000610351562,165.10000610351562,166.1999969482422,5464637
2026-04-08,2026-04-08T00:00:00Z,176.10000610351562,178.85000610351562,174.39999389648438,177.75,9189188
2026-04-09,2026-04-09T00:00:00Z,177.4499969482422,178.9499969482422,176.4499969482422,178.0,4621590
2026-04-10,2026-04-10T00:00:00Z,179.0,182.14999389648438,178.5,179.5,4238950
2026-04-13,2026-04-13T00:00:00Z,177.0,179.89999389648438,176.5,179.3000030517578,4173274
2026-04-14,2026-04-14T00:00:00Z,181.0,184.25,181.0,183.35000610351562,5170037
2026-04-15,2026-04-15T00:00:00Z,183.35000610351562,185.89999389648438,182.1999969482422,182.8000030517578,6846990
2026-04-16,2026-04-16T00:00:00Z,184.64999389648438,184.85000610351562,181.9499969482422,183.39999389648438,3878672
2026-04-17,2026-04-17T00:00:00Z,182.89999389648438,190.9499969482422,182.89999389648438,190.4499969482422,7117497
2026-04-20,2026-04-20T00:00:00Z,188.0,189.64999389648438,186.9499969482422,189.0,4190741
2026-04-21,2026-04-21T00:00:00Z,190.8000030517578,191.39999389648438,187.25,187.89999389648438,2732473
2026-04-22,2026-04-22T00:00:00Z,190.0,190.25,186.8000030517578,187.10000610351562,3611897
2026-04-23,2026-04-23T00:00:00Z,185.64999389648438,187.89999389648438,184.89999389648438,186.9499969482422,3098189
2026-04-24,2026-04-24T00:00:00Z,185.8000030517578,189.85000610351562,184.10000610351562,187.9499969482422,4375808
2026-04-27,2026-04-27T00:00:00Z,189.9499969482422,190.14999389648438,185.4499969482422,185.5500030517578,3707334
2026-04-28,2026-04-28T00:00:00Z,185.5,185.64999389648438,173.0500030517578,175.3000030517578,10290425
2026-04-29,2026-04-29T00:00:00Z,174.85000610351562,175.64999389648438,171.5500030517578,172.35000610351562,5564835
2026-04-30,2026-04-30T00:00:00Z,168.5,174.1999969482422,168.5,174.1999969482422,4031456
2026-05-04,2026-05-04T00:00:00Z,175.75,176.6999969482422,169.75,170.5500030517578,5125967
2026-05-05,2026-05-05T00:00:00Z,171.0,175.25,170.6999969482422,175.14999389648438,3572949
2026-05-06,2026-05-06T00:00:00Z,177.0,186.0500030517578,177.0,185.4499969482422,7037940
2026-05-07,2026-05-07T00:00:00Z,186.25,189.14999389648438,182.75,182.75,5872453
2026-05-08,2026-05-08T00:00:00Z,181.35000610351562,182.25,178.89999389648438,180.39999389648438,4381739
2026-05-11,2026-05-11T00:00:00Z,180.39999389648438,180.60000610351562,177.85000610351562,180.0500030517578,3162050
2026-05-12,2026-05-12T00:00:00Z,178.1999969482422,178.89999389648438,175.60000610351562,176.1999969482422,3234251
2026-05-13,2026-05-13T00:00:00Z,178.0,178.9499969482422,174.4499969482422,174.4499969482422,2069922
2026-05-15,2026-05-15T00:00:00Z,175.89999389648438,176.39999389648438,171.75,172.85000610351562,4997260
2026-05-18,2026-05-18T00:00:00Z,171.0,175.0,169.89999389648438,173.10000610351562,2598508
2026-05-19,2026-05-19T00:00:00Z,172.3000030517578,174.39999389648438,170.8000030517578,171.5,3328884
2026-05-20,2026-05-20T00:00:00Z,171.0,176.5,170.1999969482422,175.0,5094007
2026-05-21,2026-05-21T00:00:00Z,174.85000610351562,177.60000610351562,174.10000610351562,176.6999969482422,3095772
2026-05-22,2026-05-22T00:00:00Z,179.0,179.8000030517578,177.0,177.1999969482422,4651627
2026-05-25,2026-05-25T00:00:00Z,179.75,182.64999389648438,179.60000610351562,182.5,1955758
2026-05-26,2026-05-26T00:00:00Z,181.5500030517578,181.5500030517578,177.85000610351562,179.6999969482422,4130928
2026-05-27,2026-05-27T00:00:00Z,179.25,181.9499969482422,178.0500030517578,179.85000610351562,3378603
2026-05-28,2026-05-28T00:00:00Z,177.64999389648438,178.0,174.1999969482422,177.10000610351562,3210922
2026-05-29,2026-05-29T00:00:00Z,177.3000030517578,178.0,174.3000030517578,177.4499969482422,18693632
2026-06-01,2026-06-01T00:00:00Z,177.35000610351562,177.64999389648438,171.5500030517578,172.8000030517578,4067643
2026-06-02,2026-06-02T00:00:00Z,175.0,182.9499969482422,174.64999389648438,182.0,4288629
2026-06-03,2026-06-03T00:00:00Z,180.39999389648438,182.39999389648438,180.25,182.39999389648438,3241711
2026-06-04,2026-06-04T00:00:00Z,182.5,183.60000610351562,180.1999969482422,181.14999389648438,2289608
2026-06-05,2026-06-05T00:00:00Z,180.0,181.0500030517578,178.14999389648438,179.25,3213576
2026-06-08,2026-06-08T00:00:00Z,175.75,181.1999969482422,175.6999969482422,180.89999389648438,3357106
2026-06-09,2026-06-09T00:00:00Z,181.60000610351562,184.1999969482422,179.25,179.25,3227353
2026-06-10,2026-06-10T00:00:00Z,179.35000610351562,183.60000610351562,176.85000610351562,179.25,2166577
2026-06-11,2026-06-11T00:00:00Z,179.6999969482422,182.39999389648438,179.3000030517578,181.60000610351562,2309066
2026-06-12,2026-06-12T00:00:00Z,186.64999389648438,188.75,184.60000610351562,185.9499969482422,4084200
2026-06-15,2026-06-15T00:00:00Z,190.3000030517578,193.39999389648438,188.1999969482422,188.1999969482422,3982991
2026-06-16,2026-06-16T00:00:00Z,190.10000610351562,193.8000030517578,190.0,192.60000610351562,4005238
2026-06-17,2026-06-17T00:00:00Z,193.0,195.89999389648438,192.0500030517578,193.4499969482422,4269442
2026-06-18,2026-06-18T00:00:00Z,194.0500030517578,196.39999389648438,194.0,195.85000610351562,7027848
2026-06-22,2026-06-22T00:00:00Z,196.1999969482422,196.25,192.5,195.8000030517578,5371738
2026-06-23,2026-06-23T00:00:00Z,193.5500030517578,193.9499969482422,188.39999389648438,190.60000610351562,4322875
2026-06-24,2026-06-24T00:00:00Z,191.1999969482422,192.1999969482422,187.5,190.14999389648438,5283532
2026-06-25,2026-06-25T00:00:00Z,192.0,196.60000610351562,192.0,194.6999969482422,4872657
2026-06-26,2026-06-26T00:00:00Z,192.85000610351562,193.8000030517578,189.25,189.4499969482422,4950153
2026-06-29,2026-06-29T00:00:00Z,189.60000610351562,192.39999389648438,189.5500030517578,191.60000610351562,2219590
2026-06-30,2026-06-30T00:00:00Z,194.25,197.0,193.85000610351562,196.14999389648438,4190142
2026-07-01,2026-07-01T00:00:00Z,196.89999389648438,197.0500030517578,193.25,194.75,3158099
2026-07-02,2026-07-02T00:00:00Z,193.0,195.0,191.89999389648438,192.8000030517578,3993960
2026-07-03,2026-07-03T00:00:00Z,195.1999969482422,197.89999389648438,194.8000030517578,197.39999389648438,2638954
2026-07-06,2026-07-06T00:00:00Z,197.39999389648438,197.39999389648438,194.1999969482422,194.75,2202423
2026-07-07,2026-07-07T00:00:00Z,194.64999389648438,194.64999389648438,188.5500030517578,188.64999389648438,5357098
2026-07-08,2026-07-08T00:00:00Z,190.60000610351562,190.60000610351562,184.85000610351562,185.3000030517578,3974053
2026-07-09,2026-07-09T00:00:00Z,188.35000610351562,191.5,187.8000030517578,190.8000030517578,2911694
2026-07-10,2026-07-10T00:00:00Z,191.1999969482422,192.0,190.0500030517578,191.10000610351562,2287128
2026-07-13,2026-07-13T00:00:00Z,189.0,189.9499969482422,187.6999969482422,189.0,2761909
2026-07-14,2026-07-14T00:00:00Z,187.5,190.39999389648438,186.39999389648438,189.4499969482422,3442012
2026-07-15,2026-07-15T00:00:00Z,190.3000030517578,191.9499969482422,186.85000610351562,186.85000610351562,5266393
2026-07-16,2026-07-16T00:00:00Z,186.10000610351562,200.0,180.85000610351562,195.14999389648438,10036162
2026-07-17,2026-07-17T00:00:00Z,196.75,196.75,191.25,195.5,5007280
2026-07-20,2026-07-20T00:00:00Z,195.5,196.89999389648438,193.1999969482422,193.85000610351562,2425488
2026-07-21,2026-07-21T00:00:00Z,196.14999389648438,197.60000610351562,193.5500030517578,197.60000610351562,4272443
2026-07-22,2026-07-22T00:00:00Z,198.0,201.39999389648438,196.8000030517578,200.89999389648438,5923839
2026-07-23,2026-07-23T00:00:00Z,201.89999389648438,202.5,198.0,200.3000030517578,4599438
2026-07-24,2026-07-24T00:00:00Z,200.60000610351562,204.8000030517578,200.5,203.89999389648438,5790706
2026-07-27,2026-07-27T00:00:00Z,205.8000030517578,208.3000030517578,201.3000030517578,201.60000610351562,4883023
2026-07-28,2026-07-28T00:00:00Z,201.3000030517578,201.5,194.0500030517578,196.60000610351562,6369336
2026-07-29,2026-07-29T00:00:00Z,195.8000030517578,197.64999389648438,193.64999389648438,194.10000610351562,3596952
2026-07-30,2026-07-30T00:00:00Z,194.10000610351562,200.39999389648438,194.0,200.1999969482422,4257420
2026-07-31,2026-07-31T00:00:00Z,201.10000610351562,206.39999389648438,200.5,201.10000610351562,5097280
2026-08-03,2026-08-03T00:00:00Z,203.0,204.3000030517578,201.89999389648438,203.10000610351562,3273896
2026-08-04,2026-08-04T00:00:00Z,204.89999389648438,209.39999389648438,204.8000030517578,208.60000610351562,3701270
2026-08-05,2026-08-05T00:00:00Z,211.5,212.0,207.39999389648438,210.1999969482422,4176875
2026-08-06,2026-08-06T00:00:00Z,210.0,212.1999969482422,208.5,210.39999389648438,3044957
2026-08-07,2026-08-07T00:00:00Z,209.1999969482422,211.5,209.10000610351562,209.60000610351562,2311184
2026-08-10,2026-08-10T00:00:00Z,209.0,211.1999969482422,208.89999389648438,210.6999969482422,3116882
2026-08-11,2026-08-11T00:00:00Z,209.5,212.1999969482422,208.60000610351562,211.5,2829655
2026-08-12,2026-08-12T00:00:00Z,211.60000610351562,212.3000030517578,208.89999389648438,210.0,2648863
2026-08-13,2026-08-13T00:00:00Z,210.89999389648438,211.5,209.1999969482422,209.6999969482422,2392150
2026-08-14,2026-08-14T00:00:00Z,210.39999389648438,210.8000030517578,207.1999969482422,208.39999389648438,1841163
2026-08-17,2026-08-17T00:00:00Z,209.5,209.8000030517578,206.6999969482422,207.8000030517578,2702757
2026-08-18,2026-08-18T00:00:00Z,205.5,205.89999389648438,202.0,202.3000030517578,3507225
2026-08-19,2026-08-19T00:00:00Z,202.3000030517578,203.10000610351562,198.8000030517578,200.1999969482422,4178482
2026-08-20,2026-08-20T00:00:00Z,200.0,201.6999969482422,199.39999389648438,201.1999969482422,4010711
2026-08-21,2026-08-21T00:00:00Z,202.10000610351562,205.60000610351562,201.3000030517578,204.6999969482422,2878291
2026-08-24,2026-08-24T00:00:00Z,204.0,206.1999969482422,203.0,203.39999389648438,2226452
2026-08-25,2026-08-25T00:00:00Z,205.5,207.1999969482422,204.10000610351562,204.10000610351562,3394632
2026-08-26,2026-08-26T00:00:00Z,204.6999969482422,208.8000030517578,204.3000030517578,206.60000610351562,4053943
2026-08-27,2026-08-27T00:00:00Z,207.10000610351562,209.6999969482422,206.60000610351562,208.5,4018956
2026-08-28,2026-08-28T00:00:00Z,208.3000030517578,209.89999389648438,206.89999389648438,207.89999389648438,4593291
2026-08-31,2026-08-31T00:00:00Z,207.3000030517578,208.10000610351562,205.3000030517578,206.0,5879983
2026-09-01,2026-09-01T00:00:00Z,206.0,206.60000610351562,198.4499969482422,199.5,5377020
2026-09-02,2026-09-02T00:00:00Z,198.1999969482422,199.89999389648438,197.10000610351562,198.64999389648438,3836923
2026-09-03,2026-09-03T00:00:00Z,198.5500030517578,201.89999389648438,197.89999389648438,200.60000610351562,4050701
2026-09-04,2026-09-04T00:00:00Z,201.10000610351562,202.10000610351562,200.0,201.8000030517578,2072707
2026-09-07,2026-09-07T00:00:00Z,202.10000610351562,206.6999969482422,202.10000610351562,205.6999969482422,2463451
2026-09-08,2026-09-08T00:00:00Z,205.5,209.1999969482422,204.89999389648438,208.8000030517578,3070654
2026-09-09,2026-09-09T00:00:00Z,207.0,208.0,202.8000030517578,204.10000610351562,3589582
2026-09-10,2026-09-10T00:00:00Z,204.10000610351562,205.1999969482422,200.1999969482422,201.5,2997181
2026-09-11,2026-09-11T00:00:00Z,202.1999969482422,204.89999389648438,201.10000610351562,202.8000030517578,2556224
2026-09-14,2026-09-14T00:00:00Z,200.0,200.5,191.85000610351562,193.25,4937704
2026-09-15,2026-09-15T00:00:00Z,193.5,194.6999969482422,190.8000030517578,193.25,3838978
2026-09-16,2026-09-16T00:00:00Z,195.0,196.39999389648438,194.1999969482422,195.75,3536168
2026-09-17,2026-09-17T00:00:00Z,196.64999389648438,199.6999969482422,196.3000030517578,199.14999389648438,4070310
2026-09-18,2026-09-18T00:00:00Z,199.14999389648438,200.89999389648438,196.3000030517578,197.1999969482422,6959345
2026-09-21,2026-09-21T00:00:00Z,199.4499969482422,202.6999969482422,199.25,202.0,2956015
2026-09-22,2026-09-22T00:00:00Z,202.60000610351562,210.60000610351562,202.60000610351562,209.0,4604692
2026-09-23,2026-09-23T00:00:00Z,209.60000610351562,210.5,205.3000030517578,207.10000610351562,2511042
2026-09-24,2026-09-24T00:00:00Z,206.10000610351562,206.5,202.89999389648438,203.1999969482422,3337454
2026-09-25,2026-09-25T00:00:00Z,205.5,208.10000610351562,204.6999969482422,205.39999389648438,2212670
2026-09-28,2026-09-28T00:00:00Z,205.5,206.60000610351562,203.39999389648438,203.60000610351562,3254764
2026-09-29,2026-09-29T00:00:00Z,205.3000030517578,210.0,204.39999389648438,208.1999969482422,3451161
2026-09-30,2026-09-30T00:00:00Z,209.60000610351562,210.6999969482422,206.89999389648438,207.10000610351562,1492039
