timestamp_utc,Open,High,Low,Close,Volume
2026-08-02T00:00:00Z,62764.19921875,62909.2109375,62743.87890625,62775.0,0
2026-08-02T01:00:00Z,62782.51171875,63004.01953125,62782.05859375,62921.05078125,0
2026-08-02T02:00:00Z,62921.05078125,63480.0,62895.0,63381.98828125,956019712
2026-08-02T03:00:00Z,63390.5,63471.87890625,63306.5,63392.87109375,204731392
2026-08-02T04:00:00Z,63407.96875,63540.25,63407.96875,63519.609375,179216384
2026-08-02T05:00:00Z,63516.19921875,63561.75,63351.01953125,63396.19921875,0
2026-08-02T06:00:00Z,63396.19140625,63437.6796875,63368.80078125,63409.73828125,0
2026-08-02T07:00:00Z,63411.01171875,63473.78125,63408.87890625,63447.62109375,293088256
2026-08-02T08:00:00Z,63441.359375,63464.98828125,63105.6015625,63130.0390625,650278912
2026-08-02T09:00:00Z,63130.0390625,63251.28125,63017.19921875,63205.2109375,253876224
2026-08-02T10:00:00Z,63201.01171875,63207.2109375,63051.78125,63142.76953125,0
2026-08-02T11:00:00Z,63142.76171875,63142.76171875,62923.46875,62962.5,199538688
2026-08-02T12:00:00Z,62965.8515625,63162.8984375,62965.8515625,63062.08984375,47333376
2026-08-02T13:00:00Z,63050.01171875,63082.44140625,62933.76953125,63054.0,134451200
2026-08-02T14:00:00Z,63053.98828125,63099.359375,62991.51171875,63002.30078125,29817856
2026-08-02T15:00:00Z,63002.30859375,63100.0,62986.140625,63041.4296875,127488000
2026-08-02T16:00:00Z,63046.08984375,63189.83984375,63000.01171875,63104.859375,0
2026-08-02T17:00:00Z,63104.859375,63265.109375,63081.46875,63228.01171875,0
2026-08-02T18:00:00Z,63229.51171875,63529.1796875,63216.4296875,63307.6015625,0
2026-08-02T19:00:00Z,63302.171875,63401.12890625,63248.55078125,63380.1796875,0
2026-08-02T20:00:00Z,63387.75,63430.16015625,63325.73046875,63423.328125,0
2026-08-02T21:00:00Z,63425.87890625,63695.05078125,63405.0,63503.80859375,201224192
2026-08-02T22:00:00Z,63589.05078125,63730.48046875,63301.6796875,63351.05078125,661208064
2026-08-02T23:00:00Z,63329.62109375,63528.76171875,63267.03125,63499.48828125,340466688
2026-08-03T00:00:00Z,63503.98046875,63512.71875,63133.5703125,63245.98046875,64495616
2026-08-03T01:00:00Z,63237.0,63280.0703125,63034.5703125,63130.87890625,338775040
2026-08-03T02:00:00Z,63127.44921875,63200.19921875,63015.19140625,63081.3203125,0
2026-08-03T03:00:00Z,63058.640625,63089.16015625,62714.109375,62780.0,76901376
2026-08-03T04:00:00Z,62781.0,62915.96875,62695.91015625,62707.78125,36328448
2026-08-03T05:00:00Z,62714.62890625,62789.30078125,62665.30859375,62743.53125,266765312
2026-08-03T06:00:00Z,62744.98828125,62784.91015625,62529.44921875,62542.5,445596672
2026-08-03T07:00:00Z,62542.62890625,62614.75,62470.0,62530.71875,807680000
2026-08-03T08:00:00Z,62537.58984375,62562.03125,62210.1484375,62457.578125,93111296
2026-08-03T09:00:00Z,62476.80078125,62778.421875,62439.140625,62749.359375,248924160
2026-08-03T10:00:00Z,62748.109375,62777.58984375,62535.55078125,62656.0,302209024
2026-08-03T11:00:00Z,62658.0703125,62697.55859375,62457.26171875,62476.98828125,0
2026-08-03T12:00:00Z,62480.0390625,62709.46875,62365.01171875,62620.55078125,359346176
2026-08-03T13:00:00Z,62617.328125,63310.1796875,62476.1015625,63292.80078125,917499904
2026-08-03T14:00:00Z,63243.44140625,63899.078125,63073.51171875,63891.19921875,2704281600
2026-08-03T15:00:00Z,63913.6015625,63913.6015625,63579.171875,63627.73046875,1932472320
2026-08-03T16:00:00Z,63628.578125,63883.5703125,63591.1484375,63707.23828125,983930880
2026-08-03T17:00:00Z,63707.53125,63994.859375,63650.0,63852.75,359000064
2026-08-03T18:00:00Z,63852.76171875,63933.1015625,63702.1015625,63811.73828125,150755328
2026-08-03T19:00:00Z,63820.21875,64018.8984375,63787.51171875,63812.5703125,352862208
2026-08-03T20:00:00Z,63824.62109375,63974.0390625,63709.80078125,63732.8984375,332605440
2026-08-03T21:00:00Z,63732.8984375,63735.0,63497.08984375,63540.41015625,217763840
2026-08-03T22:00:00Z,63528.828125,63616.0,63341.640625,63553.44921875,0
2026-08-03T23:00:00Z,63550.109375,63560.1796875,63402.01171875,63466.51171875,81174528
2026-08-04T00:00:00Z,63475.55078125,63526.73046875,63268.01171875,63291.5,0
2026-08-04T01:00:00Z,63299.421875,63842.9609375,63299.421875,63782.2890625,389627904
2026-08-04T02:00:00Z,63806.41015625,63883.05859375,63621.25,63758.98828125,334237696
2026-08-04T03:00:00Z,63758.98828125,63800.94140625,63595.0390625,63729.05078125,0
2026-08-04T04:00:00Z,63727.75,64164.0,63696.73828125,63975.44921875,436447232
2026-08-04T05:00:00Z,63979.19921875,63993.078125,63736.75,63768.8515625,0
2026-08-04T06:00:00Z,63752.1484375,63805.41015625,63592.69921875,63607.16015625,0
2026-08-04T07:00:00Z,63607.16015625,63687.28125,63437.01171875,63617.41015625,0
2026-08-04T08:00:00Z,63621.0,63683.828125,63500.0,63514.76953125,0
2026-08-04T09:00:00Z,63508.5,63536.8203125,63450.76953125,63534.578125,0
2026-08-04T10:00:00Z,63504.62109375,63774.359375,63382.671875,63694.1484375,354342912
2026-08-04T11:00:00Z,63701.140625,63884.5703125,63644.7890625,63853.3203125,0
2026-08-04T12:00:00Z,63834.2890625,63965.0,63714.01171875,63840.640625,296318976
2026-08-04T13:00:00Z,63837.4609375,64032.94140625,63589.8515625,63616.578125,0
2026-08-04T14:00:00Z,63614.48828125,64125.890625,63546.33984375,64065.0,0
2026-08-04T15:00:00Z,64087.19921875,64181.8515625,63750.01171875,64064.7109375,0
2026-08-04T16:00:00Z,64076.9296875,64079.9609375,63842.3984375,63899.7109375,0
2026-08-04T17:00:00Z,63899.7109375,64128.0703125,63852.51953125,63922.37109375,14921728
2026-08-04T18:00:00Z,63917.140625,64360.1484375,63917.140625,64261.41015625,467316736
2026-08-04T19:00:00Z,64263.05078125,64358.3984375,64182.671875,64182.671875,0
2026-08-04T20:00:00Z,64208.921875,64366.8515625,63965.75,64299.078125,314683392
2026-08-04T21:00:00Z,64299.078125,64299.078125,64128.328125,64148.51171875,0
2026-08-04T22:00:00Z,64142.30078125,64243.671875,64083.4296875,64221.8203125,0
2026-08-04T23:00:00Z,64222.0,64473.6015625,64042.03125,64050.51171875,225824768
2026-08-05T00:00:00Z,64041.6015625,64140.890625,63928.3984375,63947.37109375,137392128
2026-08-05T01:00:00Z,63946.98828125,64297.390625,63897.6015625,64284.7890625,0
2026-08-05T02:00:00Z,64291.19140625,64456.6484375,64279.16015625,64315.94921875,61159424
2026-08-05T03:00:00Z,64315.94921875,64396.78125,64007.421875,64128.0,206305280
2026-08-05T04:00:00Z,64128.0,64165.76953125,64035.2109375,64113.96875,0
2026-08-05T05:00:00Z,64111.0,64470.140625,64102.94140625,64275.21875,0
2026-08-05T06:00:00Z,64276.9609375,64319.3984375,64173.0,64199.30859375,191909888
2026-08-05T07:00:00Z,64199.30078125,64220.5390625,63946.078125,64109.98046875,0
2026-08-05T08:00:00Z,64109.96875,64215.9609375,64035.0,64063.03125,205142016
2026-08-05T09:00:00Z,64063.03125,64152.41015625,64038.4296875,64097.26953125,0
2026-08-05T10:00:00Z,64097.28125,64182.76953125,63960.0703125,64004.26953125,0
2026-08-05T11:00:00Z,64005.19140625,64092.890625,63987.51171875,64018.2890625,0
2026-08-05T12:00:00Z,64018.2890625,64525.55859375,64003.109375,64277.0390625,583636992
2026-08-05T13:00:00Z,64277.05078125,64361.23828125,63821.55078125,64361.23828125,115902464
2026-08-05T14:00:00Z,64355.33984375,64535.25,64242.1015625,64426.83984375,58828800
2026-08-05T15:00:00Z,64434.26953125,64697.01953125,64324.8984375,64328.25,0
2026-08-05T16:00:00Z,64328.26171875,64707.94140625,64328.26171875,64606.01953125,234237952
2026-08-05T17:00:00Z,64615.37890625,64737.98046875,64474.51171875,64695.3515625,0
2026-08-05T18:00:00Z,64694.25,64788.12109375,64599.640625,64741.109375,0
2026-08-05T19:00:00Z,64727.55859375,64883.3984375,64719.44921875,64794.62890625,52594688
2026-08-05T20:00:00Z,64817.2890625,64954.28125,64750.5,64778.6015625,0
2026-08-05T21:00:00Z,64779.828125,64779.828125,64600.0,64671.6796875,264816640
2026-08-05T22:00:00Z,64674.328125,64725.921875,64566.76953125,64573.53125,84234240
2026-08-05T23:00:00Z,64557.078125,64692.3984375,64524.19921875,64597.859375,0
2026-08-06T00:00:00Z,64603.609375,64651.66015625,64510.23828125,64582.30078125,0
2026-08-06T01:00:00Z,64578.1484375,64599.2109375,64431.671875,64520.62109375,0
2026-08-06T02:00:00Z,64520.62109375,64587.83984375,64386.75,64516.6796875,0
2026-08-06T03:00:00Z,64516.671875,64524.98828125,64431.0,64470.01171875,0
2026-08-06T04:00:00Z,64470.0,64674.5703125,64433.91015625,64666.2890625,83888128
2026-08-06T05:00:00Z,64674.0703125,64934.7890625,64669.44921875,64845.37890625,289581056
2026-08-06T06:00:00Z,64846.80078125,64846.80078125,64683.5390625,64798.08984375,0
2026-08-06T07:00:00Z,64793.94140625,64891.671875,64708.6484375,64744.41015625,37390336
2026-08-06T08:00:00Z,64744.76171875,64934.390625,64685.53125,64873.6015625,0
2026-08-06T09:00:00Z,64875.23046875,64877.48828125,64570.91015625,64615.94140625,346519552
2026-08-06T10:00:00Z,64615.9296875,64618.98828125,64515.46875,64546.7890625,0
2026-08-06T11:00:00Z,64558.19140625,64582.44921875,64438.3984375,64552.62109375,291227648
2026-08-06T12:00:00Z,64546.80078125,64560.0,64334.9296875,64346.01171875,0
2026-08-06T13:00:00Z,64337.80859375,64448.94921875,64091.3203125,64360.51953125,0
2026-08-06T14:00:00Z,64354.078125,64774.69921875,64285.8203125,64709.55078125,0
2026-08-06T15:00:00Z,64716.51171875,64925.44921875,64570.921875,64570.921875,0
2026-08-06T16:00:00Z,64570.94140625,64713.859375,64531.25,64690.12890625,0
2026-08-06T17:00:00Z,64699.94140625,64779.71875,64486.91015625,64557.16015625,0
2026-08-06T18:00:00Z,64558.98828125,64558.98828125,64314.0,64356.3515625,0
2026-08-06T19:00:00Z,64357.98828125,64422.12890625,64306.9296875,64397.94921875,0
2026-08-06T20:00:00Z,64396.69921875,64483.69921875,64381.3984375,64381.3984375,0
2026-08-06T21:00:00Z,64383.9296875,64461.1015625,64341.828125,64388.37109375,0
2026-08-06T22:00:00Z,64388.37109375,64397.12890625,64267.0,64296.37890625,0
2026-08-06T23:00:00Z,64285.94921875,64310.96875,64132.23828125,64267.30078125,0
2026-08-07T00:00:00Z,64262.1484375,64356.23046875,64170.41015625,64258.8203125,0
2026-08-07T01:00:00Z,64270.41015625,64416.94140625,64241.46875,64364.25,0
2026-08-07T02:00:00Z,64354.53125,64477.1484375,64192.30078125,64337.96875,3074048
2026-08-07T03:00:00Z,64337.98046875,64351.28125,64200.0,64234.48046875,0
2026-08-07T04:00:00Z,64225.66015625,64308.2109375,64113.9296875,64191.671875,7251968
2026-08-07T05:00:00Z,64191.671875,64345.76953125,64112.26953125,64276.05859375,0
2026-08-07T06:00:00Z,64269.6796875,64413.0,64225.33984375,64254.3984375,170334208
2026-08-07T07:00:00Z,64241.46875,64377.05078125,64206.98828125,64264.19921875,0
2026-08-07T08:00:00Z,64257.62890625,64619.83984375,64239.5390625,64552.890625,54499328
2026-08-07T09:00:00Z,64552.890625,64920.0,64552.890625,64794.05859375,382791680
2026-08-07T10:00:00Z,64817.73046875,64874.01953125,64758.1796875,64849.23828125,353634304
2026-08-07T11:00:00Z,64856.98828125,65164.2109375,64845.0,64975.62890625,352909312
2026-08-07T12:00:00Z,64982.01953125,65348.23828125,64935.55859375,65248.75,1301786624
2026-08-07T13:00:00Z,65254.12109375,65292.83984375,64951.19921875,64964.58984375,574025728
2026-08-07T14:00:00Z,64950.0390625,65228.76171875,64735.37890625,64902.0,572766208
2026-08-07T15:00:00Z,64915.5,65077.8515625,64850.01953125,64858.44140625,0
2026-08-07T16:00:00Z,64877.0,65026.05859375,64758.0703125,64758.078125,3729408
2026-08-07T17:00:00Z,64755.109375,64774.69921875,64470.01953125,64713.2890625,424923136
2026-08-07T18:00:00Z,64711.12890625,64837.671875,64626.94921875,64689.7109375,19681280
2026-08-07T19:00:00Z,64697.73046875,64992.078125,64693.01953125,64913.921875,82950144
2026-08-07T20:00:00Z,64917.91015625,64991.53125,64906.5703125,64935.71875,244441088
2026-08-07T21:00:00Z,64935.71875,65058.12109375,64892.8515625,64895.73046875,0
2026-08-07T22:00:00Z,64895.73046875,64916.5390625,64815.7890625,64852.171875,172249088
2026-08-07T23:00:00Z,64851.44140625,64896.48046875,64841.44921875,64891.6015625,49770496
2026-08-08T00:00:00Z,64891.609375,64925.96875,64789.890625,64888.16015625,73015296
2026-08-08T01:00:00Z,64884.359375,64924.23046875,64868.8515625,64868.859375,0
2026-08-08T02:00:00Z,64868.859375,64924.3515625,64855.19140625,64888.12109375,0
2026-08-08T03:00:00Z,64888.078125,65035.55859375,64880.0,64989.859375,94937088
2026-08-08T04:00:00Z,64989.859375,65028.37109375,64925.01171875,64974.140625,0
2026-08-08T05:00:00Z,64973.640625,64986.25,64933.8515625,64961.0,81999872
2026-08-08T06:00:00Z,64961.01171875,64981.78125,64921.73046875,64968.73046875,0
2026-08-08T07:00:00Z,64965.5,64973.55859375,64900.01953125,64928.80078125,0
2026-08-08T08:00:00Z,64915.828125,64979.0,64913.8515625,64957.71875,0
2026-08-08T09:00:00Z,64957.71875,65014.2890625,64949.73046875,64955.2890625,0
2026-08-08T10:00:00Z,64955.2890625,64986.828125,64950.140625,64966.6796875,0
2026-08-08T11:00:00Z,64966.6796875,64991.98828125,64914.69921875,64922.83984375,0
2026-08-08T12:00:00Z,64921.87109375,64999.44921875,64880.0,64960.890625,0
2026-08-08T13:00:00Z,64960.91015625,64981.0,64954.12109375,64973.609375,0
2026-08-08T14:00:00Z,64973.609375,65148.921875,64968.4296875,65082.73828125,0
2026-08-08T15:00:00Z,65091.2109375,65109.3203125,65013.828125,65029.66015625,0
2026-08-08T16:00:00Z,65029.671875,65073.05859375,64990.390625,65039.98828125,0
2026-08-08T17:00:00Z,65040.0,65107.98046875,65028.05078125,65073.140625,0
2026-08-08T18:00:00Z,65073.12890625,65083.1484375,64979.0,64992.8515625,0
2026-08-08T19:00:00Z,64992.8515625,65040.69921875,64964.859375,65025.421875,0
2026-08-08T20:00:00Z,65025.41015625,65045.390625,65011.58984375,65032.1796875,0
2026-08-08T21:00:00Z,65032.1796875,65035.46875,64941.078125,64968.03125,143378432
2026-08-08T22:00:00Z,64978.98828125,64994.98828125,64892.51171875,64892.51171875,31205376
2026-08-08T23:00:00Z,64892.51171875,64922.921875,64881.890625,64908.71875,0
2026-08-09T00:00:00Z,64908.71875,64939.1796875,64899.26171875,64922.078125,0
2026-08-09T01:00:00Z,64919.01953125,64950.01171875,64790.4609375,64806.0,0
2026-08-09T02:00:00Z,64806.23046875,64809.140625,64725.01953125,64770.0703125,4036608
2026-08-09T03:00:00Z,64767.51171875,64767.51171875,64675.21875,64734.96875,0
2026-08-09T04:00:00Z,64734.96875,64779.390625,64724.0390625,64735.4296875,0
2026-08-09T05:00:00Z,64735.33984375,64754.3203125,64717.51171875,64754.3203125,0
2026-08-09T06:00:00Z,64754.3203125,64813.8984375,64741.78125,64792.8984375,1116160
2026-08-09T07:00:00Z,64792.91015625,64803.2109375,64763.98046875,64770.87109375,297702400
2026-08-09T08:00:00Z,64770.87109375,64880.96875,64736.46875,64770.0703125,319245312
2026-08-09T09:00:00Z,64770.0703125,64832.30859375,64759.55078125,64832.30859375,0
2026-08-09T10:00:00Z,64832.30859375,64930.359375,64829.6796875,64905.4609375,182960128
2026-08-09T11:00:00Z,64905.4609375,64957.16015625,64895.75,64899.96875,0
2026-08-09T12:00:00Z,64893.87890625,64906.58984375,64866.16015625,64906.58984375,0
2026-08-09T13:00:00Z,64906.58984375,65209.5,64906.58984375,65178.6796875,284931072
2026-08-09T14:00:00Z,65178.6796875,65252.9609375,65100.3984375,65214.2890625,0
2026-08-09T15:00:00Z,65220.0,65220.0,65156.0390625,65174.98828125,137942016
2026-08-09T16:00:00Z,65175.73046875,65218.83984375,65132.2109375,65181.96875,48659456
2026-08-09T17:00:00Z,65181.96875,65191.6484375,65142.0,65142.0,0
2026-08-09T18:00:00Z,65142.01171875,65174.0703125,65138.28125,65147.12109375,0
2026-08-09T19:00:00Z,65147.12890625,65169.98828125,65130.03125,65130.73828125,0
2026-08-09T20:00:00Z,65140.48828125,65140.5,65028.16015625,65095.5703125,34034688
2026-08-09T21:00:00Z,65095.578125,65196.8203125,65077.53125,65143.69921875,126631936
2026-08-09T22:00:00Z,65160.359375,65398.26953125,64921.8984375,65023.078125,0
2026-08-09T23:00:00Z,65013.8203125,65056.421875,64788.671875,64848.69140625,979812352
2026-08-10T00:00:00Z,64839.01171875,65245.4609375,64772.66015625,64916.98046875,423720960
2026-08-10T01:00:00Z,64921.66015625,65330.140625,64845.578125,65146.8515625,177770496
2026-08-10T02:00:00Z,65163.609375,65165.3984375,64852.23828125,65043.01953125,141419520
2026-08-10T03:00:00Z,65047.94921875,65115.4609375,64852.30859375,64921.08984375,225532928
2026-08-10T04:00:00Z,64912.37109375,65038.171875,64863.171875,64950.76953125,261892096
2026-08-10T05:00:00Z,64942.69921875,65104.46875,64924.69921875,65085.6015625,25053184
2026-08-10T06:00:00Z,65087.578125,65283.0703125,65076.73828125,65248.078125,255106048
2026-08-10T07:00:00Z,65254.109375,65319.26953125,65141.66015625,65149.83984375,217287680
2026-08-10T08:00:00Z,65152.609375,65277.2890625,65138.171875,65190.3515625,0
2026-08-10T09:00:00Z,65182.98828125,65182.98828125,64897.55859375,64907.6484375,368641024
2026-08-10T10:00:00Z,64906.3515625,65012.3515625,64903.9609375,64956.26171875,232712192
2026-08-10T11:00:00Z,64960.98046875,65080.3515625,64910.73828125,65069.4609375,6216704
2026-08-10T12:00:00Z,65061.140625,65182.26171875,64794.75,64817.1015625,535363584
2026-08-10T13:00:00Z,64805.69921875,64915.7109375,64446.7109375,64494.73046875,1122759680
2026-08-10T14:00:00Z,64471.6484375,64840.55859375,64471.6484375,64562.76171875,938384384
2026-08-10T15:00:00Z,64564.12109375,64651.4296875,64145.98828125,64235.8515625,1014921216
2026-08-10T16:00:00Z,64174.01171875,64298.71875,63758.48828125,63833.921875,1191725056
2026-08-10T17:00:00Z,63863.30078125,63948.94921875,63759.66015625,63884.98046875,1634191360
2026-08-10T18:00:00Z,63884.98828125,63947.62890625,63739.28125,63815.8984375,1308930048
2026-08-10T19:00:00Z,63815.91015625,64033.03125,63810.25,63975.87890625,332916736
2026-08-10T20:00:00Z,63978.66015625,64126.4609375,63947.62890625,64096.859375,111267840
2026-08-10T21:00:00Z,64092.01171875,64092.01171875,63910.3984375,63910.421875,0
2026-08-10T22:00:00Z,63910.16015625,63997.0,63873.3515625,63959.7109375,0
2026-08-10T23:00:00Z,63959.7109375,63963.01171875,63854.8984375,63911.87890625,0
2026-08-11T00:00:00Z,63911.87109375,63989.96875,63830.28125,63972.08984375,0
2026-08-11T01:00:00Z,63970.9296875,64013.3984375,63891.69921875,63993.25,54255616
2026-08-11T02:00:00Z,63987.08984375,64024.48046875,63957.83984375,63978.05078125,0
2026-08-11T03:00:00Z,63979.8984375,64110.08984375,63979.8984375,64074.71875,0
2026-08-11T04:00:00Z,64072.01171875,64094.37109375,63960.2109375,63960.2109375,99895296
2026-08-11T05:00:00Z,63955.55859375,63992.19140625,63889.578125,63926.890625,148107264
2026-08-11T06:00:00Z,63926.890625,63985.30859375,63798.2109375,63897.94140625,0
2026-08-11T07:00:00Z,63897.94140625,64049.28125,63836.55078125,63999.171875,86181888
2026-08-11T08:00:00Z,64004.1796875,64084.19921875,63975.0,64073.8515625,0
2026-08-11T09:00:00Z,64073.859375,64242.44921875,64059.4296875,64242.44921875,0
2026-08-11T10:00:00Z,64244.2109375,64253.01953125,64141.359375,64171.171875,150532096
2026-08-11T11:00:00Z,64202.30859375,64347.55859375,64194.69140625,64327.171875,349552640
2026-08-11T12:00:00Z,64347.890625,64434.7109375,64229.6015625,64266.51953125,101439488
2026-08-11T13:00:00Z,64263.28125,64315.8515625,63988.078125,64139.98828125,5517312
2026-08-11T14:00:00Z,64129.921875,64202.30859375,63651.12890625,63713.9609375,72439808
2026-08-11T15:00:00Z,63691.51171875,63812.98046875,63386.859375,63541.37109375,464998400
2026-08-11T16:00:00Z,63486.03125,63594.140625,63392.41015625,63440.58984375,0
2026-08-11T17:00:00Z,63438.71875,63567.37890625,63390.51171875,63537.12109375,0
2026-08-11T18:00:00Z,63524.12890625,63562.23046875,63203.1484375,63305.7890625,0
2026-08-11T19:00:00Z,63304.8203125,63479.44140625,63173.62890625,63477.96875,0
2026-08-11T20:00:00Z,63476.0,63691.421875,63469.421875,63682.16015625,271638528
2026-08-11T21:00:00Z,63675.23046875,63700.6484375,63553.8984375,63615.578125,12924928
2026-08-11T22:00:00Z,63624.53125,63710.96875,63558.6484375,63604.66015625,44627968
2026-08-11T23:00:00Z,63604.66015625,63604.66015625,63480.1015625,63531.75,2052096
2026-08-12T00:00:00Z,63525.109375,63687.94921875,63466.08984375,63685.0390625,0
2026-08-12T01:00:00Z,63685.0390625,63798.55078125,63628.44140625,63760.8984375,0
2026-08-12T02:00:00Z,63775.578125,63847.96875,63665.76171875,63687.94921875,716976128
2026-08-12T03:00:00Z,63694.98828125,63784.01953125,63638.53125,63762.01953125,40464384
2026-08-12T04:00:00Z,63766.41015625,63829.98828125,63670.25,63713.62109375,0
2026-08-12T05:00:00Z,63713.62109375,63809.87109375,63663.87890625,63786.76953125,420454400
2026-08-12T06:00:00Z,63780.109375,63780.109375,63534.01171875,63650.69140625,265777152
2026-08-12T07:00:00Z,63652.0703125,63767.0390625,63570.51171875,63767.03125,84150272
2026-08-12T08:00:00Z,63767.578125,63798.8203125,63705.6015625,63730.5,271355904
2026-08-12T09:00:00Z,63730.96875,64052.33984375,63698.3984375,64052.33984375,109529088
2026-08-12T10:00:00Z,64054.7890625,64154.01171875,64002.640625,64079.98828125,597952512
2026-08-12T11:00:00Z,64096.05859375,64189.3984375,64054.578125,64175.8984375,0
2026-08-12T12:00:00Z,64187.48828125,64383.83984375,63921.0,64066.44140625,1067313152
2026-08-12T13:00:00Z,64067.23828125,64099.98828125,63770.890625,63780.55859375,0
2026-08-12T14:00:00Z,63743.109375,63848.1015625,63287.7109375,63296.7109375,279646208
2026-08-12T15:00:00Z,63296.69921875,63501.6015625,63248.91015625,63368.640625,0
2026-08-12T16:00:00Z,63367.25,63512.69921875,63283.6796875,63427.44921875,0
2026-08-12T17:00:00Z,63424.5703125,63485.078125,63335.0,63398.8203125,0
2026-08-12T18:00:00Z,63385.55859375,63453.58984375,63300.1796875,63309.609375,0
2026-08-12T19:00:00Z,63305.44921875,63395.12890625,63241.171875,63345.71875,0
2026-08-12T20:00:00Z,63350.76953125,63535.46875,63349.2109375,63535.46875,0
2026-08-12T21:00:00Z,63537.0,63577.5703125,63356.44140625,63403.19140625,51781632
2026-08-12T22:00:00Z,63392.3984375,63473.76953125,63297.51953125,63361.5703125,76079104
2026-08-12T23:00:00Z,63361.578125,63417.109375,63305.140625,63413.05859375,517941248
2026-08-13T00:00:00Z,63406.80078125,63633.66015625,63392.3984375,63489.83984375,232583168
2026-08-13T01:00:00Z,63487.30078125,63567.46875,63309.0,63385.51171875,0
2026-08-13T02:00:00Z,63381.609375,63514.80859375,63303.73046875,63479.05078125,342726656
2026-08-13T03:00:00Z,63478.76171875,63614.7109375,63445.48046875,63580.26171875,18593792
2026-08-13T04:00:00Z,63580.26171875,63698.6796875,63526.6015625,63627.44921875,0
2026-08-13T05:00:00Z,63624.390625,63947.6015625,63599.828125,63806.0,0
2026-08-13T06:00:00Z,63805.6015625,63875.76171875,63693.80078125,63875.76171875,0
2026-08-13T07:00:00Z,63879.19921875,63882.75,63788.23046875,63803.98046875,270321664
2026-08-13T08:00:00Z,63803.12890625,63853.19140625,63675.12109375,63708.01953125,3221504
2026-08-13T09:00:00Z,63709.19921875,63728.05078125,63516.44921875,63718.12109375,0
2026-08-13T10:00:00Z,63718.140625,63757.78125,63519.12109375,63582.41015625,0
2026-08-13T11:00:00Z,63582.3984375,63593.25,63273.921875,63414.8984375,0
2026-08-13T12:00:00Z,63414.8984375,63637.87109375,63371.94140625,63621.640625,0
2026-08-13T13:00:00Z,63624.51953125,63784.16015625,63482.71875,63653.0390625,0
2026-08-13T14:00:00Z,63658.94140625,63931.23828125,63613.51171875,63801.51171875,0
2026-08-13T15:00:00Z,63798.41015625,63877.140625,63358.12109375,63358.12109375,0
2026-08-13T16:00:00Z,63354.5,63508.53125,62782.2109375,63092.44140625,1650429952
2026-08-13T17:00:00Z,63033.4296875,63229.80078125,63004.0,63070.01953125,0
2026-08-13T18:00:00Z,63064.6484375,63303.140625,63037.80859375,63235.828125,0
2026-08-13T19:00:00Z,63239.98046875,63441.6484375,63239.98046875,63335.078125,0
2026-08-13T20:00:00Z,63339.4609375,63407.26953125,63301.19140625,63349.1796875,0
2026-08-13T21:00:00Z,63335.80078125,63440.16015625,63327.33984375,63409.171875,0
2026-08-13T22:00:00Z,63409.1796875,63581.37890625,63406.28125,63463.33984375,298012672
2026-08-13T23:00:00Z,63468.1796875,63475.44921875,63330.30859375,63425.3515625,0
2026-08-14T00:00:00Z,63427.23828125,63492.12109375,63343.41015625,63480.94140625,0
2026-08-14T01:00:00Z,63474.0,63527.359375,63395.01953125,63511.08984375,0
2026-08-14T02:00:00Z,63512.87890625,63555.0,63403.83984375,63403.83984375,118896640
2026-08-14T03:00:00Z,63401.0,63516.51953125,63238.5,63246.69140625,0
2026-08-14T04:00:00Z,63243.0703125,63405.87890625,63213.12890625,63307.140625,323325952
2026-08-14T05:00:00Z,63307.140625,63334.3984375,63213.12109375,63314.5,0
2026-08-14T06:00:00Z,63314.51953125,63314.51953125,62883.1796875,62904.2890625,171321344
2026-08-14T07:00:00Z,62903.16015625,63042.828125,62847.078125,62848.6796875,421163008
2026-08-14T08:00:00Z,62848.6796875,62915.73828125,62624.390625,62868.390625,822470656
2026-08-14T09:00:00Z,62871.55859375,62871.55859375,62674.98828125,62722.6484375,116989952
2026-08-14T10:00:00Z,62718.2109375,62873.5390625,62669.73046875,62746.12890625,278519808
2026-08-14T11:00:00Z,62746.12890625,62868.83984375,62735.1484375,62793.30078125,25317376
2026-08-14T12:00:00Z,62800.58984375,62834.37890625,62652.421875,62661.8515625,143765504
2026-08-14T13:00:00Z,62668.671875,62737.19921875,62516.62890625,62577.66015625,396158976
2026-08-14T14:00:00Z,62593.2890625,62725.48828125,62483.640625,62545.66015625,226076672
2026-08-14T15:00:00Z,62551.9296875,63010.37109375,62541.640625,62913.0390625,751867904
2026-08-14T16:00:00Z,62912.390625,63152.80078125,62894.19921875,63071.08984375,0
2026-08-14T17:00:00Z,63079.44921875,63183.0703125,62931.890625,62954.48828125,0
2026-08-14T18:00:00Z,62954.76953125,63016.0390625,62816.609375,62855.921875,103481344
2026-08-14T19:00:00Z,62850.26171875,62920.96875,62756.3984375,62895.828125,81668096
2026-08-14T20:00:00Z,62905.0,62952.921875,62821.98828125,62835.140625,97798144
2026-08-14T21:00:00Z,62835.1484375,62870.19921875,62801.5,62860.8984375,18022400
2026-08-14T22:00:00Z,62860.8984375,62891.9296875,62727.30859375,62814.53125,0
2026-08-14T23:00:00Z,62812.55859375,62998.98046875,62796.859375,62975.19140625,13991936
2026-08-15T00:00:00Z,62975.1796875,62996.5,62928.26953125,62950.71875,0
2026-08-15T01:00:00Z,62950.71875,62975.0,62923.859375,62972.28125,56567808
2026-08-15T02:00:00Z,62972.28125,63072.0703125,62963.2890625,63071.390625,0
2026-08-15T03:00:00Z,63071.390625,63120.7890625,62975.8515625,62988.390625,197591040
2026-08-15T04:00:00Z,62989.98828125,63087.37890625,62989.98828125,63052.01953125,0
2026-08-15T05:00:00Z,63052.01953125,63091.78125,62966.3984375,63016.1015625,0
2026-08-15T06:00:00Z,63016.1015625,63067.53125,62969.7109375,63045.5390625,0
2026-08-15T07:00:00Z,63045.5390625,63061.76953125,62972.6484375,63005.66015625,0
2026-08-15T08:00:00Z,63014.98046875,63018.890625,62863.12890625,62869.0703125,0
2026-08-15T09:00:00Z,62874.08984375,62979.859375,62847.078125,62957.640625,0
2026-08-15T10:00:00Z,62959.01171875,62984.53125,62928.58984375,62976.03125,0
2026-08-15T11:00:00Z,62966.83984375,62990.359375,62923.53125,62949.21875,0
2026-08-15T12:00:00Z,62949.21875,62987.12109375,62875.96875,62985.9296875,0
2026-08-15T13:00:00Z,62982.12890625,63012.828125,62951.83984375,62985.921875,0
2026-08-15T14:00:00Z,62985.96875,62985.98046875,62920.0,62966.421875,0
2026-08-15T15:00:00Z,62966.4296875,63051.73828125,62955.01171875,63022.94921875,0
2026-08-15T16:00:00Z,63022.94921875,63054.828125,62984.96875,63024.05859375,0
2026-08-15T17:00:00Z,63024.05859375,63034.75,62988.3984375,63000.33984375,0
2026-08-15T18:00:00Z,63000.3515625,63041.76953125,62971.171875,62989.12109375,0
2026-08-15T19:00:00Z,62989.12109375,63053.51171875,62987.80078125,63051.37890625,35456000
2026-08-15T20:00:00Z,63051.390625,63051.44140625,62999.98828125,63036.5,0
2026-08-15T21:00:00Z,63030.5390625,63097.44140625,63019.8984375,63085.921875,0
2026-08-15T22:00:00Z,63085.921875,63107.33984375,63057.5,63061.6796875,0
2026-08-15T23:00:00Z,63061.671875,63075.0,63013.51953125,63018.76171875,0
2026-08-16T00:00:00Z,63018.75,63019.66015625,62992.16015625,63012.9296875,0
2026-08-16T01:00:00Z,63012.9296875,63013.8984375,62938.171875,63013.8984375,0
2026-08-16T02:00:00Z,63010.37109375,63087.08984375,62950.640625,63054.44921875,17978368
2026-08-16T03:00:00Z,63054.4609375,63060.578125,63039.73828125,63059.4296875,0
2026-08-16T04:00:00Z,63059.421875,63082.5,63016.9296875,63016.9296875,0
2026-08-16T05:00:00Z,63016.9296875,63030.3203125,62966.91015625,62997.828125,0
2026-08-16T06:00:00Z,62995.0390625,63016.5390625,62977.69140625,62993.71875,0
2026-08-16T07:00:00Z,62993.71875,63000.01171875,62982.01171875,62991.23046875,0
2026-08-16T08:00:00Z,62991.23046875,63008.6015625,62988.03125,63001.91015625,0
2026-08-16T09:00:00Z,63001.8984375,63001.91015625,62897.48046875,62917.51953125,65421824
2026-08-16T10:00:00Z,62917.51953125,62942.9296875,62891.0703125,62940.19140625,3644928
2026-08-16T11:00:00Z,62940.19921875,62946.0390625,62906.80078125,62945.3203125,0
2026-08-16T12:00:00Z,62945.328125,62954.98046875,62921.171875,62948.0,0
2026-08-16T13:00:00Z,62948.0,63000.0,62947.140625,62993.62890625,0
2026-08-16T14:00:00Z,62993.828125,63039.0,62989.87109375,63034.5390625,0
2026-08-16T15:00:00Z,63038.37109375,63070.03125,63034.69921875,63070.03125,0
2026-08-16T16:00:00Z,63074.05859375,63313.0,63063.78125,63186.921875,319698944
2026-08-16T17:00:00Z,63195.62890625,63210.51171875,63053.12109375,63087.421875,186375168
2026-08-16T18:00:00Z,63087.41015625,63112.578125,63050.76171875,63074.2890625,0
2026-08-16T19:00:00Z,63074.2890625,63162.890625,63025.2890625,63040.171875,0
2026-08-16T20:00:00Z,63040.05859375,63073.359375,62954.2890625,63000.73046875,110647808
2026-08-16T21:00:00Z,62997.4296875,63016.7109375,62744.4609375,62862.80078125,80567296
2026-08-16T22:00:00Z,62857.0,62889.05859375,62640.87890625,62843.44921875,528695296
2026-08-16T23:00:00Z,62839.78125,62924.5703125,62756.921875,62830.578125,238403584
2026-08-17T00:00:00Z,62832.44921875,62886.44140625,62681.37890625,62840.55078125,523719680
2026-08-17T01:00:00Z,62831.3984375,63173.98828125,62831.3984375,63042.03125,548464640
2026-08-17T02:00:00Z,63060.609375,63430.6796875,62966.0390625,63335.73828125,268684288
2026-08-17T03:00:00Z,63346.51171875,63458.2890625,63277.98828125,63367.80859375,644800512
2026-08-17T04:00:00Z,63388.1796875,63521.578125,63373.359375,63479.98046875,589127680
2026-08-17T05:00:00Z,63481.37109375,63534.25,63381.109375,63456.6015625,631631872
2026-08-17T06:00:00Z,63456.6015625,63653.421875,63412.671875,63603.33984375,168604672
2026-08-17T07:00:00Z,63605.98828125,63605.98828125,63461.4609375,63461.4609375,385545216
2026-08-17T08:00:00Z,63468.91015625,63488.98046875,63278.578125,63307.859375,587085824
2026-08-17T09:00:00Z,63307.8515625,63358.48828125,63218.171875,63246.19921875,136393728
2026-08-17T10:00:00Z,63246.2109375,63627.28125,63219.44921875,63627.28125,562246656
2026-08-17T11:00:00Z,63606.578125,63713.2109375,63524.05859375,63559.890625,0
2026-08-17T12:00:00Z,63565.921875,63613.55078125,63456.26171875,63478.25,1031956480
2026-08-17T13:00:00Z,63478.23828125,63720.8203125,63357.2890625,63601.390625,683301888
2026-08-17T14:00:00Z,63591.2890625,63836.19921875,63515.9296875,63830.78125,588694528
2026-08-17T15:00:00Z,63830.66015625,64174.30078125,63750.0,64139.69921875,1396312064
2026-08-17T16:00:00Z,64150.109375,64154.98046875,63993.609375,64060.3515625,435357696
2026-08-17T17:00:00Z,64060.359375,64379.98828125,63921.01171875,64276.80859375,1444204544
2026-08-17T18:00:00Z,64293.9296875,64562.1796875,64229.0,64380.578125,1275262976
2026-08-17T19:00:00Z,64362.421875,64374.26171875,64231.01171875,64266.44140625,368891904
2026-08-17T20:00:00Z,64260.8984375,64376.41015625,64214.7109375,64341.76953125,230129664
2026-08-17T21:00:00Z,64341.76953125,64388.51953125,64245.19140625,64335.03125,210223104
2026-08-17T22:00:00Z,64340.1796875,64369.51171875,64222.9609375,64240.21875,0
2026-08-17T23:00:00Z,64240.21875,64530.0390625,64230.01171875,64477.25,51107840
2026-08-18T00:00:00Z,64486.25,64506.9609375,64300.53125,64322.2890625,0
2026-08-18T01:00:00Z,64323.62109375,64323.62109375,64097.46875,64148.44921875,0
2026-08-18T02:00:00Z,64144.328125,64217.98828125,63995.2890625,64036.12890625,41668608
2026-08-18T03:00:00Z,64043.3984375,64119.44140625,63979.37109375,64117.2109375,0
2026-08-18T04:00:00Z,64117.19921875,64181.87109375,64018.69921875,64149.69140625,137375744
2026-08-18T05:00:00Z,64149.69140625,64211.73046875,64079.7109375,64169.4609375,272480256
2026-08-18T06:00:00Z,64169.4609375,64397.37890625,64099.19921875,64266.41015625,243425280
2026-08-18T07:00:00Z,64264.41015625,64294.19921875,64104.16015625,64139.78125,0
2026-08-18T08:00:00Z,64139.78125,64278.23046875,64027.421875,64228.640625,0
2026-08-18T09:00:00Z,64203.12890625,64215.5390625,64070.87890625,64110.01171875,350208
2026-08-18T10:00:00Z,64105.01171875,64154.171875,64062.7109375,64134.5390625,0
2026-08-18T11:00:00Z,64124.7890625,64342.44140625,64124.7890625,64288.1796875,0
2026-08-18T12:00:00Z,64280.921875,64300.3203125,64161.671875,64161.671875,0
2026-08-18T13:00:00Z,64128.609375,64226.08984375,63991.25,64155.9296875,241235968
2026-08-18T14:00:00Z,64158.171875,65007.2890625,64158.171875,64668.140625,2084710400
2026-08-18T15:00:00Z,64696.3203125,64849.41015625,64601.3203125,64808.0,0
2026-08-18T16:00:00Z,64819.66015625,64853.08984375,64629.51953125,64795.1796875,0
2026-08-18T17:00:00Z,64798.19921875,64798.19921875,64629.55078125,64629.55859375,0
2026-08-18T18:00:00Z,64625.3984375,64790.91015625,64611.2890625,64737.171875,0
2026-08-18T19:00:00Z,64729.05078125,64763.05078125,64603.921875,64603.9296875,0
2026-08-18T20:00:00Z,64612.53125,64621.94921875,64523.28125,64538.48046875,0
2026-08-18T21:00:00Z,64540.16015625,64611.28125,64527.37109375,64559.328125,0
2026-08-18T22:00:00Z,64559.19140625,64615.12890625,64513.91015625,64596.41015625,0
2026-08-18T23:00:00Z,64588.2109375,64744.26953125,64584.9609375,64681.328125,0
2026-08-19T00:00:00Z,64692.2109375,64697.80078125,64445.4296875,64445.4296875,0
2026-08-19T01:00:00Z,64440.12109375,64502.98046875,64341.46875,64358.4609375,60477440
2026-08-19T02:00:00Z,64348.55078125,64367.2109375,64293.0703125,64295.83984375,0
2026-08-19T03:00:00Z,64295.8515625,64363.6484375,64218.3984375,64269.359375,0
2026-08-19T04:00:00Z,64268.109375,64336.859375,64234.37109375,64255.1015625,0
2026-08-19T05:00:00Z,64255.9296875,64357.890625,64178.28125,64185.23046875,0
2026-08-19T06:00:00Z,64186.33984375,64291.421875,64112.0390625,64289.8203125,0
2026-08-19T07:00:00Z,64289.8203125,64343.9296875,64211.23828125,64243.55078125,52691968
2026-08-19T08:00:00Z,64236.76171875,64455.6015625,64190.69921875,64357.12109375,35102720
2026-08-19T09:00:00Z,64356.46875,64418.390625,64307.171875,64371.5703125,0
2026-08-19T10:00:00Z,64367.80078125,64404.78125,64304.98828125,64393.80078125,94493696
2026-08-19T11:00:00Z,64386.7890625,64483.671875,64386.7890625,64459.109375,0
2026-08-19T12:00:00Z,64459.109375,64935.94140625,64417.140625,64830.890625,896557056
2026-08-19T13:00:00Z,64812.16015625,65170.19921875,64735.921875,64966.71875,1065179136
2026-08-19T14:00:00Z,64969.9296875,65930.828125,64966.08984375,65886.25,652589056
2026-08-19T15:00:00Z,65926.2734375,69594.25,65858.65625,68519.6328125,10297483264
2026-08-19T16:00:00Z,68588.359375,68892.6484375,68403.96875,68453.9765625,2866417664
2026-08-19T17:00:00Z,68444.3203125,68514.390625,67802.34375,68168.3125,2094526464
2026-08-19T18:00:00Z,68187.0078125,68439.5,68013.4921875,68389.1171875,871927808
2026-08-19T19:00:00Z,68367.0390625,68471.0390625,68093.3515625,68406.1328125,997826560
2026-08-19T20:00:00Z,68428.6015625,69544.90625,68373.4765625,69043.25,1756401664
2026-08-19T21:00:00Z,69038.640625,70010.9609375,68975.6171875,69700.0,4437491712
2026-08-19T22:00:00Z,69790.28125,69819.2578125,68959.609375,69219.546875,1832513536
2026-08-19T23:00:00Z,69224.703125,69421.6171875,69130.578125,69300.0078125,1161973760
2026-08-20T00:00:00Z,69298.7890625,69749.9921875,69291.6015625,69387.7734375,2000023552
2026-08-20T01:00:00Z,69385.7578125,69856.3828125,69239.65625,69678.6796875,913199104
2026-08-20T02:00:00Z,69682.296875,69787.1171875,69223.5625,69258.5703125,964894720
2026-08-20T03:00:00Z,69245.8671875,69282.921875,68857.28125,69139.9921875,1270792192
2026-08-20T04:00:00Z,69130.1875,69533.421875,69104.421875,69442.5234375,1019191296
2026-08-20T05:00:00Z,69445.640625,69633.0703125,69318.0,69374.828125,888156160
2026-08-20T06:00:00Z,69368.4609375,69866.296875,69313.96875,69813.9921875,1263570944
2026-08-20T07:00:00Z,69792.046875,69957.09375,69456.03125,69781.84375,1780432896
2026-08-20T08:00:00Z,69784.5078125,71746.5625,69736.640625,71524.28125,4352184320
2026-08-20T09:00:00Z,71532.3984375,71994.2265625,71458.3125,71740.890625,3360026624
2026-08-20T10:00:00Z,71733.2421875,72407.171875,71651.609375,71941.6875,3147587584
2026-08-20T11:00:00Z,71934.6484375,72272.6328125,71765.890625,71870.109375,1450704896
2026-08-20T12:00:00Z,71886.3515625,71950.8125,71440.046875,71894.5078125,242876416
2026-08-20T13:00:00Z,71921.15625,72025.5625,71143.1328125,71631.4609375,1817792512
2026-08-20T14:00:00Z,71632.3203125,71935.0703125,71364.3515625,71780.2890625,0
2026-08-20T15:00:00Z,71776.4921875,72781.046875,71751.640625,72443.1484375,0
2026-08-20T16:00:00Z,72437.671875,72843.2890625,72180.0078125,72829.4296875,0
2026-08-20T17:00:00Z,72820.609375,72940.40625,72540.59375,72715.328125,0
2026-08-20T18:00:00Z,72733.828125,72794.5390625,72373.5625,72413.0390625,684711936
2026-08-20T19:00:00Z,72410.921875,72768.4765625,72313.75,72626.453125,20582400
2026-08-20T20:00:00Z,72678.2265625,73002.6796875,72585.0390625,72660.2265625,0
2026-08-20T21:00:00Z,72660.2265625,72829.4375,72547.5625,72725.6328125,0
2026-08-20T22:00:00Z,72745.90625,72853.7890625,72485.0,72664.6796875,0
2026-08-20T23:00:00Z,72658.7109375,73377.8203125,72645.0,73015.9296875,88973312
2026-08-21T00:00:00Z,73010.2734375,73945.1796875,73010.2734375,73692.40625,531660800
2026-08-21T01:00:00Z,73658.7734375,75704.40625,73648.796875,75107.890625,3005939712
2026-08-21T02:00:00Z,75107.1328125,75155.9765625,74358.859375,74409.7109375,1275346944
2026-08-21T03:00:00Z,74444.28125,74832.65625,74219.6328125,74478.2734375,28532736
2026-08-21T04:00:00Z,74499.828125,75023.03125,74499.828125,74999.9921875,3575808
2026-08-21T05:00:00Z,74999.9921875,75482.921875,74888.2265625,75438.078125,320593920
2026-08-21T06:00:00Z,75391.1484375,75700.1171875,75065.3515625,75615.7890625,265400320
2026-08-21T07:00:00Z,75600.0,76845.359375,75596.9921875,76306.328125,1269219328
2026-08-21T08:00:00Z,76299.171875,79442.859375,76267.5078125,79224.703125,431730688
2026-08-21T09:00:00Z,79189.2734375,79326.21875,77267.3984375,77888.171875,4098641920
2026-08-21T10:00:00Z,77861.5234375,78236.171875,77606.1171875,77802.359375,101093376
2026-08-21T11:00:00Z,77814.40625,77840.640625,76416.4765625,76709.6171875,0
2026-08-21T12:00:00Z,76740.953125,77457.5,76521.2890625,77195.1484375,4271996928
2026-08-21T13:00:00Z,77229.71875,77671.5078125,76225.8125,77244.2265625,0
2026-08-21T14:00:00Z,77217.4921875,77432.6484375,76526.828125,77374.78125,1856126976
2026-08-21T15:00:00Z,77403.0625,77843.2734375,77136.0234375,77178.828125,0
2026-08-21T16:00:00Z,77190.75,77516.71875,76795.3671875,77451.34375,187875328
2026-08-21T17:00:00Z,77472.65625,77695.6796875,77167.8203125,77370.28125,0
2026-08-21T18:00:00Z,77380.25,77519.7578125,76623.4296875,77110.5234375,0
2026-08-21T19:00:00Z,77144.8984375,77338.90625,76837.8125,76995.203125,2632744960
2026-08-21T20:00:00Z,77028.0,77518.40625,76837.75,77497.96875,266452992
2026-08-21T21:00:00Z,77492.390625,78664.171875,77363.09375,78495.390625,1140613120
2026-08-21T22:00:00Z,78503.3828125,78747.0625,78106.6015625,78432.7734375,1738825728
2026-08-21T23:00:00Z,78459.7734375,78711.09375,78122.8203125,78325.546875,12009472
2026-08-22T00:00:00Z,78325.5390625,78495.5,77695.40625,77934.0625,0
2026-08-22T01:00:00Z,77938.3671875,78220.59375,77805.34375,77821.046875,0
2026-08-22T02:00:00Z,77840.703125,78543.8671875,77783.4609375,78462.796875,0
2026-08-22T03:00:00Z,78481.8984375,78814.4921875,78351.6015625,78402.6171875,408903680
2026-08-22T04:00:00Z,78402.6171875,78795.140625,78195.40625,78475.7109375,767688704
2026-08-22T05:00:00Z,78440.0,78562.9296875,76650.2734375,77351.1875,7252869120
2026-08-22T06:00:00Z,77343.546875,77560.6875,76992.3515625,77477.25,0
2026-08-22T07:00:00Z,77475.5703125,77645.3203125,77208.1796875,77286.2421875,0
2026-08-22T08:00:00Z,77293.890625,77429.1328125,77021.546875,77195.4921875,0
2026-08-22T09:00:00Z,77195.4921875,77366.7421875,76835.4921875,77049.3984375,0
2026-08-22T10:00:00Z,77049.390625,77179.3125,76524.3515625,76964.8828125,0
2026-08-22T11:00:00Z,76961.5390625,77206.0234375,76808.7578125,77114.3515625,0
2026-08-22T12:00:00Z,77119.921875,77373.046875,77069.0078125,77300.0078125,0
2026-08-22T13:00:00Z,77300.0078125,77359.6328125,77101.390625,77277.296875,0
2026-08-22T14:00:00Z,77277.2890625,77315.703125,76927.1796875,76995.59375,0
2026-08-22T15:00:00Z,77007.3828125,77093.828125,76884.0078125,76970.5625,0
2026-08-22T16:00:00Z,76972.4765625,77534.4921875,76944.0,77282.4609375,0
2026-08-22T17:00:00Z,77272.078125,77367.140625,77072.328125,77270.5234375,0
2026-08-22T18:00:00Z,77270.53125,77357.5,77133.9609375,77261.921875,0
2026-08-22T19:00:00Z,77261.921875,77475.78125,77196.7265625,77419.9375,0
2026-08-22T20:00:00Z,77421.578125,77459.640625,77260.0078125,77312.9765625,0
2026-08-22T21:00:00Z,77311.2265625,77312.2109375,76839.796875,76847.3671875,0
2026-08-22T22:00:00Z,76873.6796875,77146.4921875,76770.53125,76989.453125,0
2026-08-22T23:00:00Z,77005.953125,77121.96875,76888.96875,77054.4375,0
2026-08-23T00:00:00Z,77054.4609375,77343.5625,77037.9375,77289.0,0
2026-08-23T01:00:00Z,77287.4375,77397.3828125,77152.5390625,77184.53125,0
2026-08-23T02:00:00Z,77184.5390625,77206.5,76992.1015625,77064.6875,0
2026-08-23T03:00:00Z,77072.7421875,77133.4296875,76824.03125,76914.7265625,0
2026-08-23T04:00:00Z,76914.7265625,77025.0,76495.4765625,76602.46875,0
2026-08-23T05:00:00Z,76564.2734375,76707.0390625,75601.5703125,76048.5703125,0
2026-08-23T06:00:00Z,76100.0,76339.5078125,75899.578125,76089.0,0
2026-08-23T07:00:00Z,76090.8203125,76335.0078125,75899.2734375,75986.9921875,0
2026-08-23T08:00:00Z,75987.7890625,76605.8828125,75933.96875,76464.9375,0
2026-08-23T09:00:00Z,76468.46875,76629.203125,76449.671875,76540.0078125,0
2026-08-23T10:00:00Z,76533.7109375,76896.609375,76533.7109375,76776.9296875,0
2026-08-23T11:00:00Z,76776.9375,77369.140625,76729.578125,77288.15625,2861056
2026-08-23T12:00:00Z,77288.15625,77288.15625,76999.75,77201.59375,0
2026-08-23T13:00:00Z,77201.59375,77715.546875,77184.8828125,77477.2421875,715337728
2026-08-23T14:00:00Z,77481.78125,77630.578125,76829.4296875,77180.453125,1025032192
2026-08-23T15:00:00Z,77212.0078125,77320.0625,76917.921875,77133.453125,327010304
2026-08-23T16:00:00Z,77133.453125,77454.0,77133.453125,77405.671875,0
2026-08-23T17:00:00Z,77405.671875,77433.1171875,77144.90625,77175.46875,0
2026-08-23T18:00:00Z,77179.28125,77396.921875,77104.453125,77325.0,460367872
2026-08-23T19:00:00Z,77347.359375,77455.078125,77237.6328125,77328.2734375,80019456
2026-08-23T20:00:00Z,77320.6328125,77431.3984375,77186.84375,77393.1875,0
2026-08-23T21:00:00Z,77400.0,78025.8984375,77400.0,77832.5,384538624
2026-08-23T22:00:00Z,77866.8828125,77966.2421875,77560.0234375,77600.671875,481656832
2026-08-23T23:00:00Z,77612.5234375,77819.03125,77329.2578125,77725.5390625,522901504
2026-08-24T00:00:00Z,77733.703125,77740.3203125,77175.7265625,77672.046875,511672320
2026-08-24T01:00:00Z,77684.5234375,77700.2421875,76907.8515625,76907.8515625,714055680
2026-08-24T02:00:00Z,76913.0625,77542.1796875,76867.84375,77466.328125,690757632
2026-08-24T03:00:00Z,77474.15625,77519.2578125,76919.53125,76933.4609375,1072965632
2026-08-24T04:00:00Z,76969.8671875,77250.09375,76678.859375,76893.2265625,0
2026-08-24T05:00:00Z,76877.5,77213.65625,76835.4921875,77159.59375,0
2026-08-24T06:00:00Z,77152.53125,77520.09375,77064.6875,77459.1328125,0
2026-08-24T07:00:00Z,77459.7265625,77782.53125,77276.4375,77297.8671875,328226816
2026-08-24T08:00:00Z,77316.1171875,77397.96875,76819.7109375,77032.90625,109729792
2026-08-24T09:00:00Z,77025.0703125,77590.921875,77007.8984375,77540.8828125,394989568
2026-08-24T10:00:00Z,77540.7265625,78004.0703125,77523.5625,77608.859375,1007820800
2026-08-24T11:00:00Z,77614.2421875,78589.0,77449.96875,78434.0234375,1150758912
2026-08-24T12:00:00Z,78400.7109375,79279.3828125,77967.6328125,79137.0390625,2219028480
2026-08-24T13:00:00Z,79136.359375,79345.2109375,77873.2578125,78562.3984375,4471562240
2026-08-24T14:00:00Z,78578.6875,79798.1171875,78578.6875,79484.3203125,3139547136
2026-08-24T15:00:00Z,79486.1015625,79987.03125,78809.28125,79079.5,3707219968
2026-08-24T16:00:00Z,79091.3828125,79838.546875,78894.75,79041.0390625,3043389440
2026-08-24T17:00:00Z,79040.2421875,79182.640625,78469.078125,78744.9375,3124101120
2026-08-24T18:00:00Z,78763.71875,79091.3828125,78722.4375,78926.4921875,642224128
2026-08-24T19:00:00Z,78935.078125,79114.953125,78588.359375,78744.359375,1296715776
2026-08-24T20:00:00Z,78787.5234375,78984.6328125,78550.1328125,78913.78125,768851968
2026-08-24T21:00:00Z,78929.2578125,79036.8515625,78843.453125,78970.3125,0
2026-08-24T22:00:00Z,78970.3125,78977.9765625,78696.1015625,78734.6171875,0
2026-08-24T23:00:00Z,78734.6171875,79009.2109375,78635.2109375,78987.4296875,30892032
2026-08-25T00:00:00Z,78969.171875,79880.2890625,78711.4921875,79743.828125,552529920
2026-08-25T01:00:00Z,79741.6875,79969.03125,79481.8203125,79821.8984375,874496000
2026-08-25T02:00:00Z,79821.890625,81245.53125,79730.0078125,80634.3984375,3530829824
2026-08-25T03:00:00Z,80643.921875,80938.0625,80303.2109375,80468.96875,330780672
2026-08-25T04:00:00Z,80458.25,80591.5625,80126.03125,80348.0703125,0
2026-08-25T05:00:00Z,80382.7265625,80796.2421875,80303.2109375,80702.0,68665344
2026-08-25T06:00:00Z,80688.46875,80874.5625,80374.3828125,80533.7734375,2277376
2026-08-25T07:00:00Z,80533.7734375,80772.4375,79362.3125,79674.2109375,559218688
2026-08-25T08:00:00Z,79704.6328125,80226.4765625,79580.59375,79905.8125,443031552
2026-08-25T09:00:00Z,79919.3125,79930.7265625,78885.21875,79177.828125,708382720
2026-08-25T10:00:00Z,79176.859375,79466.34375,78982.6796875,79293.1796875,0
2026-08-25T11:00:00Z,79294.8828125,79434.6328125,79036.7734375,79118.9921875,0
2026-08-25T12:00:00Z,79114.109375,79167.953125,78632.7734375,78966.9609375,0
2026-08-25T13:00:00Z,78971.2890625,79200.0078125,78114.640625,78627.359375,0
2026-08-25T14:00:00Z,78626.859375,79376.09375,78541.390625,79225.0078125,0
2026-08-25T15:00:00Z,79232.7265625,79537.4609375,79031.1328125,79506.2265625,0
2026-08-25T16:00:00Z,79495.0625,79574.9921875,79065.3828125,79153.296875,0
2026-08-25T17:00:00Z,79144.5703125,79261.9375,78779.7578125,79234.1015625,0
2026-08-25T18:00:00Z,79235.7578125,79343.203125,79045.53125,79135.6796875,0
2026-08-25T19:00:00Z,79120.8125,79233.9375,78736.4375,78923.8125,0
2026-08-25T20:00:00Z,78964.0,78981.0703125,78171.1015625,78184.046875,270336000
2026-08-25T21:00:00Z,78165.2890625,78660.53125,77871.7421875,78550.578125,1512439808
2026-08-25T22:00:00Z,78552.2109375,78989.9921875,78552.2109375,78876.8671875,129847296
2026-08-25T23:00:00Z,78876.8671875,78963.3984375,78388.96875,78526.796875,262873088
2026-08-26T00:00:00Z,78574.0390625,78707.6796875,78310.8515625,78632.359375,0
2026-08-26T01:00:00Z,78613.71875,78954.4765625,78613.71875,78809.6328125,0
2026-08-26T02:00:00Z,78835.671875,79239.09375,78743.3515625,79098.25,0
2026-08-26T03:00:00Z,79092.4765625,79176.2421875,78891.1328125,79075.5234375,0
2026-08-26T04:00:00Z,79066.40625,79188.2421875,78784.75,78823.8515625,0
2026-08-26T05:00:00Z,78823.8515625,79124.3984375,78633.1015625,79080.25,0
2026-08-26T06:00:00Z,79079.25,79194.90625,78806.9296875,78934.0234375,0
2026-08-26T07:00:00Z,78931.453125,79085.796875,78855.1015625,78915.9765625,0
2026-08-26T08:00:00Z,78915.9765625,79110.7734375,78603.6328125,78690.9765625,0
2026-08-26T09:00:00Z,78695.7265625,78875.7265625,78239.1015625,78434.75,0
2026-08-26T10:00:00Z,78423.2109375,78862.3203125,78288.40625,78707.890625,0
2026-08-26T11:00:00Z,78710.140625,78770.21875,78303.3671875,78467.421875,0
2026-08-26T12:00:00Z,78488.34375,78693.171875,78135.4765625,78300.1484375,317390848
2026-08-26T13:00:00Z,78298.2734375,78545.4296875,77907.6875,78446.78125,0
2026-08-26T14:00:00Z,78410.7578125,78606.5625,77768.2265625,77787.5390625,0
2026-08-26T15:00:00Z,77787.53125,78163.390625,77632.0390625,78013.359375,1208088576
2026-08-26T16:00:00Z,78005.4375,78167.9921875,77856.2890625,77982.2265625,0
2026-08-26T17:00:00Z,77999.78125,78611.25,77997.71875,78441.453125,0
2026-08-26T18:00:00Z,78448.046875,78643.921875,78277.0390625,78471.3828125,0
2026-08-26T19:00:00Z,78471.390625,78563.4765625,78281.96875,78463.0078125,0
2026-08-26T20:00:00Z,78487.609375,78535.859375,78200.0078125,78448.546875,0
2026-08-26T21:00:00Z,78448.546875,78838.7890625,78379.0625,78720.8984375,0
2026-08-26T22:00:00Z,78718.609375,78987.671875,78553.1875,78704.171875,49297408
2026-08-26T23:00:00Z,78692.671875,79156.546875,78653.7421875,79026.1796875,327227392
2026-08-27T00:00:00Z,79019.71875,79019.71875,78692.7734375,78695.1171875,155062272
2026-08-27T01:00:00Z,78678.0078125,79024.109375,78583.4921875,78893.5,0
2026-08-27T02:00:00Z,78897.75,78978.59375,78703.859375,78725.0,0
2026-08-27T03:00:00Z,78726.4765625,78980.078125,78630.0,78820.8203125,206419968
2026-08-27T04:00:00Z,78820.828125,78887.9609375,78670.0,78765.2734375,0
2026-08-27T05:00:00Z,78770.28125,78919.3984375,78590.0,78876.53125,0
2026-08-27T06:00:00Z,78895.34375,78895.34375,78609.828125,78820.0,0
2026-08-27T07:00:00Z,78801.1171875,79093.890625,78735.359375,79067.34375,0
2026-08-27T08:00:00Z,79082.53125,80022.4296875,79034.921875,79755.2578125,1561767936
2026-08-27T09:00:00Z,79755.2578125,80500.0,79671.1484375,79988.75,1072343040
2026-08-27T10:00:00Z,79988.7421875,80163.078125,79346.609375,79619.4921875,730159104
2026-08-27T11:00:00Z,79617.9921875,79776.90625,79217.7734375,79476.34375,557361152
2026-08-27T12:00:00Z,79475.5,79577.75,79252.9375,79276.0703125,0
2026-08-27T13:00:00Z,79272.5,79553.9921875,78921.5,79533.0,0
2026-08-27T14:00:00Z,79533.1171875,80406.109375,79353.2109375,80221.296875,998203392
2026-08-27T15:00:00Z,80221.4375,80799.0,80116.5234375,80316.9609375,1218215936
2026-08-27T16:00:00Z,80332.359375,80631.671875,80205.6328125,80389.3203125,685561856
2026-08-27T17:00:00Z,80384.7890625,80816.0,80239.5078125,80445.1328125,909352960
2026-08-27T18:00:00Z,80441.2109375,80454.03125,79759.5078125,80174.53125,596121600
2026-08-27T19:00:00Z,80175.8984375,80302.8984375,79931.6796875,79932.53125,197173248
2026-08-27T20:00:00Z,79934.53125,80122.9375,79881.1875,80111.046875,188121088
2026-08-27T21:00:00Z,80108.8203125,80204.1328125,79987.1796875,80202.15625,0
2026-08-27T22:00:00Z,80210.390625,80447.9765625,80165.3984375,80322.0390625,0
2026-08-27T23:00:00Z,80308.1171875,80416.640625,80162.640625,80275.34375,0
2026-08-28T00:00:00Z,80287.390625,80720.7265625,80172.1171875,80595.140625,0
2026-08-28T01:00:00Z,80623.3515625,81435.09375,80454.359375,80519.1171875,1471275008
2026-08-28T02:00:00Z,80511.25,80511.6484375,79785.8125,79937.4921875,1737392128
2026-08-28T03:00:00Z,79937.4765625,80064.0703125,79788.390625,79824.703125,161669120
2026-08-28T04:00:00Z,79818.203125,79976.0078125,79619.859375,79649.21875,558424064
2026-08-28T05:00:00Z,79649.2265625,79887.7734375,79567.2265625,79693.7265625,139563008
2026-08-28T06:00:00Z,79698.921875,80000.0,79698.921875,79909.078125,0
2026-08-28T07:00:00Z,79909.078125,79909.078125,79595.0,79684.34375,986034176
2026-08-28T08:00:00Z,79690.4921875,79849.0,79489.3828125,79520.0625,0
2026-08-28T09:00:00Z,79520.046875,79521.3125,79275.1171875,79292.9921875,0
2026-08-28T10:00:00Z,79302.078125,79576.8984375,79025.6875,79568.6171875,0
2026-08-28T11:00:00Z,79574.421875,79768.5,79559.3203125,79604.4296875,0
2026-08-28T12:00:00Z,79606.03125,79723.359375,79300.5625,79417.59375,0
2026-08-28T13:00:00Z,79400.71875,79549.890625,79035.9296875,79490.15625,0
2026-08-28T14:00:00Z,79326.296875,79698.78125,78461.796875,79546.4609375,3327805440
2026-08-28T15:00:00Z,79578.1015625,79809.75,78324.2265625,78324.2265625,0
2026-08-28T16:00:00Z,78373.359375,78397.0,76880.0078125,77788.4921875,3045756928
2026-08-28T17:00:00Z,77791.203125,78079.5234375,77656.7265625,77900.9765625,0
2026-08-28T18:00:00Z,77901.2421875,77933.9921875,77265.7109375,77543.546875,32083968
2026-08-28T19:00:00Z,77566.4609375,77783.796875,77364.8984375,77533.640625,0
2026-08-28T20:00:00Z,77558.0625,77599.9296875,77294.296875,77399.9921875,78569472
2026-08-28T21:00:00Z,77412.3203125,77529.6484375,77287.28125,77365.4765625,15364096
2026-08-28T22:00:00Z,77349.921875,77761.140625,77342.1875,77749.34375,0
2026-08-28T23:00:00Z,77741.75,77839.5234375,77632.0703125,77838.671875,48013312
2026-08-29T00:00:00Z,77839.1875,77950.3125,77715.7421875,77734.4765625,0
2026-08-29T01:00:00Z,77717.8671875,77854.1484375,77631.0234375,77792.0390625,0
2026-08-29T02:00:00Z,77792.0390625,77825.9765625,77578.0625,77668.09375,0
2026-08-29T03:00:00Z,77668.09375,77735.859375,77501.0390625,77501.046875,0
2026-08-29T04:00:00Z,77505.703125,77674.9296875,77504.0,77640.421875,0
2026-08-29T05:00:00Z,77640.4296875,77711.9921875,77603.3828125,77635.4296875,0
2026-08-29T06:00:00Z,77641.2578125,77641.2578125,77369.4375,77459.9765625,85127168
2026-08-29T07:00:00Z,77459.9921875,77672.3984375,77433.3828125,77619.0,0
2026-08-29T08:00:00Z,77619.25,77641.78125,77475.2109375,77641.78125,0
2026-08-29T09:00:00Z,77643.828125,77752.5,77550.1875,77642.40625,0
2026-08-29T10:00:00Z,77642.40625,77727.578125,77518.46875,77628.4609375,0
2026-08-29T11:00:00Z,77628.46875,77727.1328125,77544.421875,77575.40625,0
2026-08-29T12:00:00Z,77581.75,77658.4765625,77501.3203125,77584.6171875,0
2026-08-29T13:00:00Z,77584.6171875,77720.03125,77559.6796875,77692.7578125,0
2026-08-29T14:00:00Z,77688.59375,78142.6328125,77651.1015625,78001.5625,0
2026-08-29T15:00:00Z,78013.609375,78013.609375,77797.4609375,77855.578125,0
2026-08-29T16:00:00Z,77862.078125,78108.546875,77845.96875,78018.2578125,0
2026-08-29T17:00:00Z,78019.46875,78106.25,77890.3515625,78096.40625,0
2026-08-29T18:00:00Z,78091.34375,78255.0,78007.8828125,78153.0,0
2026-08-29T19:00:00Z,78153.0,78334.4375,78138.578125,78193.6015625,0
2026-08-29T20:00:00Z,78193.6015625,78298.5625,78113.4375,78119.671875,0
2026-08-29T21:00:00Z,78119.4765625,78199.4765625,78041.6015625,78164.21875,0
2026-08-29T22:00:00Z,78163.671875,78236.59375,78079.8984375,78221.859375,0
2026-08-29T23:00:00Z,78221.1796875,78277.203125,78187.296875,78233.9296875,0
2026-08-30T00:00:00Z,78232.609375,78323.0703125,78146.140625,78175.921875,0
2026-08-30T01:00:00Z,78175.921875,78179.5234375,77980.8828125,78076.90625,101819392
2026-08-30T02:00:00Z,78076.8984375,78176.78125,78002.7265625,78097.6484375,0
2026-08-30T03:00:00Z,78097.65625,78230.0,78055.0078125,78135.1015625,0
2026-08-30T04:00:00Z,78135.0625,78223.9296875,77991.046875,78116.1484375,45350912
2026-08-30T05:00:00Z,78117.3828125,78220.0234375,78110.078125,78138.59375,0
2026-08-30T06:00:00Z,78138.59375,78297.8125,78109.4921875,78275.09375,0
2026-08-30T07:00:00Z,78280.8515625,78291.53125,78100.171875,78103.0234375,0
2026-08-30T08:00:00Z,78105.15625,78199.3515625,78021.1171875,78065.203125,0
2026-08-30T09:00:00Z,78055.0625,78117.640625,77984.390625,77992.140625,0
2026-08-30T10:00:00Z,77979.40625,78145.078125,77959.1171875,78144.9375,0
2026-08-30T11:00:00Z,78144.953125,78233.8828125,78109.5078125,78163.40625,0
2026-08-30T12:00:00Z,78171.8203125,78838.28125,78170.609375,78746.8203125,747046912
2026-08-30T13:00:00Z,78764.796875,78963.71875,78584.1015625,78849.7734375,623563776
2026-08-30T14:00:00Z,78852.3984375,78946.28125,78701.2109375,78778.3984375,0
2026-08-30T15:00:00Z,78778.390625,78894.1484375,78619.390625,78821.6875,360071168
2026-08-30T16:00:00Z,78827.1171875,79387.859375,78731.03125,79331.6796875,541491200
2026-08-30T17:00:00Z,79331.65625,79331.65625,78778.578125,79011.7421875,675948544
2026-08-30T18:00:00Z,79019.9921875,79169.84375,78787.578125,79028.046875,173987840
2026-08-30T19:00:00Z,79028.046875,79038.9765625,78704.5,78856.109375,10842112
2026-08-30T20:00:00Z,78864.90625,78922.59375,78433.3671875,78582.296875,293439488
2026-08-30T21:00:00Z,78582.3125,78723.4921875,78260.2890625,78646.7734375,700779520
2026-08-30T22:00:00Z,78601.8671875,78795.8984375,78284.6875,78425.9609375,440715264
2026-08-30T23:00:00Z,78415.8828125,78437.8671875,77049.703125,77683.5,2666158080
2026-08-31T00:00:00Z,77657.453125,78150.8515625,77428.2734375,77921.5234375,1179308032
2026-08-31T01:00:00Z,77897.7109375,77985.7109375,77540.15625,77632.203125,626155520
2026-08-31T02:00:00Z,77621.078125,77988.171875,77369.59375,77453.578125,584818688
2026-08-31T03:00:00Z,77477.15625,77849.9765625,77373.1328125,77744.828125,324796416
2026-08-31T04:00:00Z,77751.0,77763.7109375,77448.359375,77603.8984375,433309696
2026-08-31T05:00:00Z,77603.8984375,78142.7734375,77500.0,78012.1484375,815953920
2026-08-31T06:00:00Z,77995.5078125,78128.28125,77855.5,78083.5234375,756377600
2026-08-31T07:00:00Z,78067.140625,78299.9609375,78021.3828125,78178.9765625,1024468992
2026-08-31T08:00:00Z,78189.7890625,78499.9765625,77966.15625,78459.796875,948441088
2026-08-31T09:00:00Z,78454.3828125,78790.3515625,78379.5078125,78493.3125,839370752
2026-08-31T10:00:00Z,78509.34375,78675.6171875,78282.1015625,78675.6171875,709822464
2026-08-31T11:00:00Z,78675.6171875,78675.6171875,78266.6484375,78286.96875,545689600
2026-08-31T12:00:00Z,78281.203125,78506.7109375,77691.921875,77913.421875,359725056
2026-08-31T13:00:00Z,77913.3671875,78262.4921875,77720.21875,77837.3984375,945094656
2026-08-31T14:00:00Z,77844.2265625,78660.84375,77724.4296875,78548.5234375,1153599488
2026-08-31T15:00:00Z,78605.0,78749.9921875,78190.1484375,78559.078125,1390127104
2026-08-31T16:00:00Z,78566.5390625,78843.59375,78506.59375,78616.6015625,54583296
2026-08-31T17:00:00Z,78602.1328125,78982.5703125,78479.5,78888.59375,140066816
2026-08-31T18:00:00Z,78890.1484375,79196.6875,78768.5625,79003.953125,613715968
2026-08-31T19:00:00Z,79017.390625,79253.8984375,78844.65625,78878.859375,474619904
2026-08-31T20:00:00Z,78904.09375,79149.0390625,78772.5078125,78842.6875,233000960
2026-08-31T21:00:00Z,78853.2890625,79050.0,78720.0234375,78944.7734375,0
2026-08-31T22:00:00Z,78945.7578125,79000.0,78555.0078125,78568.328125,0
2026-08-31T23:00:00Z,78568.328125,78568.328125,78380.046875,78562.7265625,0
2026-09-01T00:00:00Z,78556.859375,78880.4921875,78537.71875,78628.03125,0
2026-09-01T01:00:00Z,78640.7421875,78780.296875,78353.4921875,78377.171875,564154368
2026-09-01T02:00:00Z,78351.0,78428.609375,78161.4765625,78422.4609375,176121856
2026-09-01T03:00:00Z,78422.46875,78849.9921875,78370.5234375,78653.9296875,358709248
2026-09-01T04:00:00Z,78653.9296875,78870.0625,78619.5625,78704.4765625,0
2026-09-01T05:00:00Z,78716.296875,79195.3203125,78716.296875,79136.0625,89683968
2026-09-01T06:00:00Z,79115.7890625,79115.7890625,78708.71875,78708.71875,0
2026-09-01T07:00:00Z,78702.0078125,78781.5234375,78480.609375,78609.921875,0
2026-09-01T08:00:00Z,78615.9375,78635.0,77802.9296875,77858.359375,661682176
2026-09-01T09:00:00Z,77875.0,78037.3984375,77757.3125,77893.2421875,396449792
2026-09-01T10:00:00Z,77885.3515625,78174.7734375,77740.5625,77989.078125,0
2026-09-01T11:00:00Z,77984.6328125,78168.5234375,77850.0078125,78061.7109375,0
2026-09-01T12:00:00Z,78061.71875,78121.109375,77716.84375,77968.9765625,0
2026-09-01T13:00:00Z,77959.2734375,78176.0078125,77471.9921875,78041.09375,691603456
2026-09-01T14:00:00Z,78112.109375,78397.0234375,78025.8828125,78139.75,0
2026-09-01T15:00:00Z,78129.84375,78129.84375,77691.453125,77881.4296875,0
2026-09-01T16:00:00Z,77893.71875,77947.4609375,77288.9921875,77565.4375,158550016
2026-09-01T17:00:00Z,77566.84375,77692.6015625,77224.90625,77238.203125,0
2026-09-01T18:00:00Z,77259.7578125,77294.6484375,76381.09375,77126.9296875,1509505024
2026-09-01T19:00:00Z,77111.28125,77413.5234375,77081.109375,77267.890625,176222208
2026-09-01T20:00:00Z,77277.15625,77440.8515625,77199.3828125,77403.8125,0
2026-09-01T21:00:00Z,77418.171875,77479.140625,76875.1171875,77165.9296875,64145408
2026-09-01T22:00:00Z,77166.578125,77328.796875,76985.171875,77224.9765625,235620352
2026-09-01T23:00:00Z,77231.7734375,77558.203125,77164.9609375,77398.703125,0
2026-09-02T00:00:00Z,77423.46875,77473.6875,77088.453125,77171.5625,115419136
2026-09-02T01:00:00Z,77152.453125,77317.4609375,76663.5390625,76965.7265625,7747584
2026-09-02T02:00:00Z,76962.3671875,77292.203125,76897.3125,77277.15625,209506304
2026-09-02T03:00:00Z,77277.15625,77749.9921875,77255.546875,77512.453125,139085824
2026-09-02T04:00:00Z,77501.8828125,77577.1015625,77239.7109375,77516.75,0
2026-09-02T05:00:00Z,77516.75,77722.71875,77392.8671875,77605.3984375,0
2026-09-02T06:00:00Z,77626.71875,77678.0625,77415.2890625,77573.6875,0
2026-09-02T07:00:00Z,77573.6875,77732.921875,77435.109375,77436.2421875,0
2026-09-02T08:00:00Z,77459.609375,77510.90625,76701.578125,76802.0078125,0
2026-09-02T09:00:00Z,76807.4296875,77013.0390625,76449.09375,76711.0703125,131500032
2026-09-02T10:00:00Z,76708.0,76716.703125,76244.7421875,76638.8125,0
2026-09-02T11:00:00Z,76627.9921875,76800.2265625,76310.1171875,76778.4921875,504576000
2026-09-02T12:00:00Z,76760.0390625,77011.1875,76567.9296875,76567.9375,240304128
2026-09-02T13:00:00Z,76565.40625,77375.0,76565.40625,77112.640625,0
2026-09-02T14:00:00Z,77085.0,77449.0625,76965.1484375,77025.328125,0
2026-09-02T15:00:00Z,77016.75,77349.5234375,76700.5234375,77253.0390625,354033664
2026-09-02T16:00:00Z,77244.5234375,77538.578125,77139.9375,77139.9375,258367488
2026-09-02T17:00:00Z,77144.109375,77368.9296875,76922.046875,77351.4609375,0
2026-09-02T18:00:00Z,77351.4609375,77486.328125,77264.421875,77348.28125,0
2026-09-02T19:00:00Z,77339.7734375,77394.0,77090.0078125,77324.640625,0
2026-09-02T20:00:00Z,77332.9921875,77502.1015625,77177.71875,77378.109375,122605568
2026-09-02T21:00:00Z,77378.109375,77404.2578125,77216.1484375,77264.90625,0
2026-09-02T22:00:00Z,77256.671875,77256.671875,76989.640625,77003.6015625,0
2026-09-02T23:00:00Z,77006.59375,77347.359375,76980.0,77316.1015625,0
2026-09-03T00:00:00Z,77302.84375,77363.3125,76955.75,77027.84375,63744000
2026-09-03T01:00:00Z,77035.1015625,77512.4921875,76937.859375,77323.5234375,0
2026-09-03T02:00:00Z,77319.71875,77877.1875,77200.8203125,77786.9765625,989257728
2026-09-03T03:00:00Z,77760.3125,77853.0,77606.4375,77673.9609375,89169920
2026-09-03T04:00:00Z,77673.9609375,77804.2109375,77510.0390625,77740.7109375,0
2026-09-03T05:00:00Z,77754.9921875,77798.3203125,77056.84375,77781.09375,384065536
2026-09-03T06:00:00Z,77781.09375,77818.046875,77658.8515625,77797.9921875,66244608
2026-09-03T07:00:00Z,77797.25,78147.203125,77560.8671875,77621.7109375,359268352
2026-09-03T08:00:00Z,77639.3671875,78037.421875,77639.3671875,77803.1328125,0
2026-09-03T09:00:00Z,77803.8203125,77924.359375,77571.0,77571.0,0
2026-09-03T10:00:00Z,77571.0,77745.578125,77436.28125,77708.578125,0
2026-09-03T11:00:00Z,77715.1015625,77971.6015625,77675.203125,77910.2734375,0
2026-09-03T12:00:00Z,77901.8515625,78764.9765625,77852.890625,78621.2890625,316008448
2026-09-03T13:00:00Z,78614.90625,78982.03125,78421.96875,78823.921875,692062208
2026-09-03T14:00:00Z,78785.4375,80556.1484375,78678.96875,80556.1484375,2129303552
2026-09-03T15:00:00Z,80519.4375,81391.4765625,80368.40625,81358.2109375,3609931776
2026-09-03T16:00:00Z,81366.609375,81387.1328125,80631.7421875,80973.953125,1275899904
2026-09-03T17:00:00Z,80969.7890625,81197.9921875,80880.8125,81052.4921875,946206720
2026-09-03T18:00:00Z,81048.1875,81340.046875,80904.0234375,81268.421875,691415040
2026-09-03T19:00:00Z,81253.390625,81803.078125,81174.7109375,81759.421875,878350336
2026-09-03T20:00:00Z,81771.9921875,81794.7734375,81400.0234375,81482.8515625,1215848448
2026-09-03T21:00:00Z,81468.7890625,82272.0,81314.359375,81600.1875,1717960704
2026-09-03T22:00:00Z,81603.2109375,81627.2109375,80921.203125,81155.5625,1133797376
2026-09-03T23:00:00Z,81153.3984375,81341.3125,81079.953125,81272.4609375,642990080
2026-09-04T00:00:00Z,81261.453125,81438.0,80965.0078125,80977.3125,526274560
2026-09-04T01:00:00Z,80979.109375,81094.9921875,80780.0078125,80975.296875,0
2026-09-04T02:00:00Z,80968.3984375,80974.0,80667.9375,80827.4921875,666333184
2026-09-04T03:00:00Z,80836.0078125,80999.4375,80800.0078125,80850.5078125,249188352
2026-09-04T04:00:00Z,80840.0,81281.9921875,80814.0,81071.890625,479719424
2026-09-04T05:00:00Z,81071.8828125,81138.5,80856.9375,80983.203125,0
2026-09-04T06:00:00Z,80983.203125,81082.796875,80576.046875,80792.0,0
2026-09-04T07:00:00Z,80768.796875,80955.0625,80635.34375,80650.84375,37732352
2026-09-04T08:00:00Z,80664.7421875,81223.546875,80523.609375,81140.0078125,893190144
2026-09-04T09:00:00Z,81142.9921875,81288.8515625,80926.0234375,81045.2109375,592457728
2026-09-04T10:00:00Z,81039.90625,81190.8125,80816.5,81179.09375,790847488
2026-09-04T11:00:00Z,81191.9765625,81405.3828125,81074.0625,81219.59375,132042752
2026-09-04T12:00:00Z,81221.1875,81356.0625,79195.2421875,79434.609375,3727601664
2026-09-04T13:00:00Z,79452.390625,79691.0703125,78979.5234375,79363.0,1449725952
2026-09-04T14:00:00Z,79361.3984375,79547.0703125,78627.578125,78894.6484375,0
2026-09-04T15:00:00Z,78889.6015625,79556.2890625,78783.6015625,79422.953125,0
2026-09-04T16:00:00Z,79421.359375,79869.8203125,79377.7578125,79747.96875,0
2026-09-04T17:00:00Z,79759.5703125,79763.390625,79393.4609375,79469.8515625,220561408
2026-09-04T18:00:00Z,79476.1171875,79668.2734375,79476.1171875,79617.921875,0
2026-09-04T19:00:00Z,79630.03125,79832.1796875,79627.0234375,79812.5234375,0
2026-09-04T20:00:00Z,79775.78125,79884.78125,79690.1171875,79723.4765625,0
2026-09-04T21:00:00Z,79718.65625,79846.9375,79544.4921875,79654.1171875,0
2026-09-04T22:00:00Z,79654.1328125,79734.2421875,79639.6484375,79654.1015625,0
2026-09-04T23:00:00Z,79654.1015625,79772.03125,79614.59375,79675.1171875,0
2026-09-05T00:00:00Z,79675.1171875,79732.8828125,79574.46875,79584.0078125,0
2026-09-05T01:00:00Z,79601.5,79731.5703125,79551.0078125,79551.0078125,0
2026-09-05T02:00:00Z,79551.0078125,79635.2578125,79500.0,79584.5,0
2026-09-05T03:00:00Z,79584.90625,79642.34375,79527.2578125,79596.2734375,0
2026-09-05T04:00:00Z,79606.4765625,79606.4765625,79511.0,79511.0078125,0
2026-09-05T05:00:00Z,79514.9765625,79617.453125,79463.75,79590.3203125,0
2026-09-05T06:00:00Z,79591.5,79728.7265625,79591.4921875,79660.0,0
2026-09-05T07:00:00Z,79654.1171875,79775.78125,79654.1171875,79726.796875,0
2026-09-05T08:00:00Z,79721.828125,79729.046875,79575.4921875,79653.296875,0
2026-09-05T09:00:00Z,79653.3125,79733.2578125,79613.9921875,79634.9921875,0
2026-09-05T10:00:00Z,79634.9921875,79673.1328125,79590.703125,79621.140625,0
2026-09-05T11:00:00Z,79621.1328125,79684.0390625,79612.4609375,79621.921875,0
2026-09-05T12:00:00Z,79621.921875,79788.0078125,79616.9765625,79710.7265625,0
2026-09-05T13:00:00Z,79720.4765625,79775.7109375,79563.0078125,79624.5078125,0
2026-09-05T14:00:00Z,79622.90625,79759.1171875,79622.90625,79723.1875,0
2026-09-05T15:00:00Z,79723.203125,79820.8828125,79681.9375,79802.0078125,0
2026-09-05T16:00:00Z,79802.0078125,80199.9921875,79755.7578125,80040.53125,0
2026-09-05T17:00:00Z,80056.53125,80162.8828125,79987.671875,80072.1875,746921984
2026-09-05T18:00:00Z,80064.7109375,80085.7578125,79931.0234375,80000.03125,360488960
2026-09-05T19:00:00Z,79997.75,79997.75,79715.703125,79753.2109375,0
2026-09-05T20:00:00Z,79753.2109375,79841.2265625,79688.296875,79740.078125,176429056
2026-09-05T21:00:00Z,79740.09375,79940.0,79733.390625,79910.34375,0
2026-09-05T22:00:00Z,79928.9765625,79947.0,79754.9609375,79790.3671875,0
2026-09-05T23:00:00Z,79784.03125,79899.4921875,79720.4921875,79840.6015625,534507520
2026-09-06T00:00:00Z,79835.5703125,79945.5078125,79833.9609375,79872.2421875,19673088
2026-09-06T01:00:00Z,79872.2421875,80057.5078125,79872.2421875,79954.3203125,127531008
2026-09-06T02:00:00Z,79973.9921875,80019.6171875,79875.046875,79906.8125,116350976
2026-09-06T03:00:00Z,79907.0,80113.4765625,79890.921875,80031.8671875,130453504
2026-09-06T04:00:00Z,80031.8828125,80031.8828125,79867.7578125,79867.7578125,52097024
2026-09-06T05:00:00Z,79867.7578125,80108.9765625,79798.828125,79989.6875,432795648
2026-09-06T06:00:00Z,79992.15625,79992.15625,79700.0390625,79771.828125,45502464
2026-09-06T07:00:00Z,79782.7265625,79862.2890625,79602.0078125,79810.0625,194424832
2026-09-06T08:00:00Z,79813.2421875,79892.9765625,79760.15625,79845.0,79407104
2026-09-06T09:00:00Z,79844.53125,79996.9609375,79810.0625,79890.4765625,308307968
2026-09-06T10:00:00Z,79890.4765625,80021.671875,79890.4765625,80000.6171875,0
2026-09-06T11:00:00Z,80000.6328125,80005.3125,79893.3828125,79922.9921875,173490176
2026-09-06T12:00:00Z,79922.9765625,80014.59375,79860.0078125,79920.4609375,0
2026-09-06T13:00:00Z,79920.46875,79970.96875,79761.1328125,79832.9921875,0
2026-09-06T14:00:00Z,79827.296875,79845.7265625,79333.5,79538.4921875,781266944
2026-09-06T15:00:00Z,79542.078125,79722.0078125,79393.109375,79707.6484375,2629632
2026-09-06T16:00:00Z,79706.2421875,79780.65625,79595.140625,79679.21875,0
2026-09-06T17:00:00Z,79679.21875,79770.0,79581.8125,79741.1875,0
2026-09-06T18:00:00Z,79741.1875,79966.96875,79741.1875,79941.8828125,0
2026-09-06T19:00:00Z,79943.4765625,79943.4921875,79793.0390625,79829.9765625,0
2026-09-06T20:00:00Z,79829.9921875,79973.046875,79774.2109375,79892.2578125,0
2026-09-06T21:00:00Z,79928.609375,80028.8984375,79868.2578125,79945.15625,185645056
2026-09-06T22:00:00Z,79945.15625,80088.0078125,79638.3125,80048.7421875,426878976
2026-09-06T23:00:00Z,80052.7265625,80538.28125,80010.1484375,80339.3203125,693401600
2026-09-07T00:00:00Z,80361.0625,80442.9609375,80052.28125,80148.0078125,807239680
2026-09-07T01:00:00Z,80154.8203125,80228.5625,79819.7734375,79923.046875,224387072
2026-09-07T02:00:00Z,79916.9921875,80392.703125,79784.5703125,79863.4296875,310829056
2026-09-07T03:00:00Z,79840.0078125,79970.7265625,79560.5625,79587.3125,473704448
2026-09-07T04:00:00Z,79580.5234375,79718.9921875,79535.3671875,79708.4921875,488949760
2026-09-07T05:00:00Z,79702.421875,79908.859375,79652.0078125,79740.2109375,0
2026-09-07T06:00:00Z,79734.5625,79815.078125,79643.1328125,79645.5078125,394926080
2026-09-07T07:00:00Z,79638.703125,79676.9765625,79023.5390625,79379.9375,1218529280
2026-09-07T08:00:00Z,79393.4765625,79518.65625,79380.921875,79417.8515625,0
2026-09-07T09:00:00Z,79426.578125,79538.5234375,79293.0078125,79301.3125,0
2026-09-07T10:00:00Z,79325.0,79445.9765625,79312.546875,79350.6484375,80900096
2026-09-07T11:00:00Z,79350.640625,79475.9765625,79269.109375,79409.1328125,145793024
2026-09-07T12:00:00Z,79416.7265625,79622.71875,79395.0234375,79597.7578125,30158848
2026-09-07T13:00:00Z,79584.4609375,79639.65625,79301.0,79344.84375,420917248
2026-09-07T14:00:00Z,79337.0625,79393.4296875,78955.953125,79184.1328125,0
2026-09-07T15:00:00Z,79179.0,79179.0,78680.359375,78800.0,895289344
2026-09-07T16:00:00Z,78815.046875,79019.9609375,78780.1171875,79010.9765625,476438528
2026-09-07T17:00:00Z,79010.9765625,79198.25,78995.28125,79170.0,46448640
2026-09-07T18:00:00Z,79174.921875,79238.8984375,79085.3203125,79195.0234375,148563968
2026-09-07T19:00:00Z,79195.0234375,79394.7109375,79146.6171875,79352.2109375,80259072
2026-09-07T20:00:00Z,79355.640625,79386.1875,79150.7890625,79220.5390625,0
2026-09-07T21:00:00Z,79227.421875,79252.9375,79139.4921875,79139.4921875,0
2026-09-07T22:00:00Z,79146.1171875,79193.9296875,78787.9375,78929.9296875,510029824
2026-09-07T23:00:00Z,78923.9921875,79195.4765625,78923.9921875,79091.96875,0
2026-09-08T00:00:00Z,79076.2421875,79296.7734375,78951.6875,79293.3828125,0
2026-09-08T01:00:00Z,79293.5703125,79440.0,79245.0,79413.921875,0
2026-09-08T02:00:00Z,79416.953125,79472.3203125,78914.546875,78914.5625,196890624
2026-09-08T03:00:00Z,78914.0078125,78986.9765625,78709.3125,78875.21875,396902400
2026-09-08T04:00:00Z,78875.2109375,78900.6328125,78649.8828125,78649.8828125,0
2026-09-08T05:00:00Z,78649.8828125,78851.25,78541.828125,78556.7890625,467638272
2026-09-08T06:00:00Z,78561.7578125,78609.9921875,78234.3515625,78299.28125,1552943104
2026-09-08T07:00:00Z,78310.953125,78567.6875,78162.71875,78451.0703125,2446374912
2026-09-08T08:00:00Z,78430.453125,78546.5703125,78260.7109375,78378.5,801894400
2026-09-08T09:00:00Z,78392.21875,78774.0,78314.078125,78735.7421875,895762432
2026-09-08T10:00:00Z,78725.8828125,78958.8203125,78534.15625,78534.15625,0
2026-09-08T11:00:00Z,78550.8515625,78552.9921875,78259.7578125,78401.1171875,461287424
2026-09-08T12:00:00Z,78401.8828125,78454.5234375,78189.640625,78421.90625,1061222400
2026-09-08T13:00:00Z,78421.078125,78512.890625,77629.546875,77933.046875,1989484544
2026-09-08T14:00:00Z,77975.7734375,78588.6171875,77826.140625,78538.6171875,1410002944
2026-09-08T15:00:00Z,78530.0625,78900.0,78435.2109375,78897.53125,434538496
2026-09-08T16:00:00Z,78900.0,78967.9765625,78565.859375,78730.8203125,312041472
2026-09-08T17:00:00Z,78730.8203125,78887.1171875,78483.609375,78493.1796875,0
2026-09-08T18:00:00Z,78491.7109375,78802.4609375,78280.6484375,78423.4921875,121767936
2026-09-08T19:00:00Z,78439.578125,78520.9296875,78310.3203125,78435.5703125,720578560
2026-09-08T20:00:00Z,78429.8828125,78612.9375,78387.34375,78482.453125,215629824
2026-09-08T21:00:00Z,78482.453125,78619.0390625,78391.7578125,78484.359375,121544704
2026-09-08T22:00:00Z,78475.3828125,78628.640625,78440.0,78545.40625,0
2026-09-08T23:00:00Z,78545.421875,78564.3984375,78399.1328125,78447.109375,29544448
2026-09-09T00:00:00Z,78457.7734375,78792.0390625,78447.109375,78765.5,0
2026-09-09T01:00:00Z,78768.828125,78887.6875,78624.8828125,78879.703125,141301760
2026-09-09T02:00:00Z,78892.28125,78923.390625,78680.6484375,78730.15625,0
2026-09-09T03:00:00Z,78713.140625,78713.140625,78537.1171875,78619.7109375,0
2026-09-09T04:00:00Z,78629.0625,79200.0,78628.3828125,79159.109375,0
2026-09-09T05:00:00Z,79170.9609375,79353.7421875,78823.2734375,78914.359375,0
2026-09-09T06:00:00Z,78921.796875,79269.9609375,78844.84375,79150.25,0
2026-09-09T07:00:00Z,79140.53125,79355.0,79137.25,79258.7890625,0
2026-09-09T08:00:00Z,79281.6015625,79729.15625,79254.609375,79695.390625,0
2026-09-09T09:00:00Z,79711.4296875,79711.4296875,78879.6875,78940.0,0
2026-09-09T10:00:00Z,78950.8515625,79175.7890625,78855.359375,78901.7578125,50634752
2026-09-09T11:00:00Z,78905.609375,79351.640625,78720.5078125,79294.2578125,41531392
2026-09-09T12:00:00Z,79330.2265625,79648.4609375,79267.71875,79579.9921875,457316352
2026-09-09T13:00:00Z,79588.1484375,79661.7734375,79089.21875,79117.6484375,0
2026-09-09T14:00:00Z,79050.6796875,79398.6875,78851.7109375,78941.828125,0
2026-09-09T15:00:00Z,78941.828125,79404.4609375,78036.5703125,78576.40625,2125910016
2026-09-09T16:00:00Z,78582.578125,78897.4765625,78441.578125,78783.1796875,201500672
2026-09-09T17:00:00Z,78783.171875,78915.4609375,78655.0,78754.8828125,0
2026-09-09T18:00:00Z,78759.2109375,78773.4296875,78399.3515625,78399.3515625,0
2026-09-09T19:00:00Z,78399.34375,78569.859375,78133.0390625,78216.75,0
2026-09-09T20:00:00Z,78215.546875,78325.0,77994.7265625,78303.890625,382844928
2026-09-09T21:00:00Z,78300.796875,78323.3125,77981.1171875,78128.28125,29675520
2026-09-09T22:00:00Z,78159.0078125,78182.7109375,77756.75,77897.6015625,560357376
2026-09-09T23:00:00Z,77906.421875,78291.8984375,77906.421875,78291.15625,52363264
2026-09-10T00:00:00Z,78283.9765625,78353.078125,78060.078125,78151.71875,470894592
2026-09-10T01:00:00Z,78151.71875,78484.1875,77916.890625,78070.3984375,147806208
2026-09-10T02:00:00Z,78063.71875,78346.1875,77943.953125,78326.1015625,0
2026-09-10T03:00:00Z,78326.109375,78508.8984375,78245.609375,78297.1484375,244834304
2026-09-10T04:00:00Z,78290.203125,78407.03125,78272.046875,78368.71875,0
2026-09-10T05:00:00Z,78372.640625,78525.6015625,78241.78125,78499.0390625,0
2026-09-10T06:00:00Z,78505.5390625,78506.8671875,78133.7734375,78389.703125,196124672
2026-09-10T07:00:00Z,78394.4375,78394.4375,77884.4375,78079.5078125,155901952
2026-09-10T08:00:00Z,78078.0234375,78148.4921875,78008.3515625,78085.4609375,0
2026-09-10T09:00:00Z,78085.453125,78199.7265625,77893.75,77941.96875,0
2026-09-10T10:00:00Z,77956.7890625,78021.28125,77796.0625,77825.7265625,0
2026-09-10T11:00:00Z,77828.21875,78027.7578125,77663.59375,77820.75,0
2026-09-10T12:00:00Z,77809.328125,77915.7578125,76661.3515625,76867.2421875,2557632512
2026-09-10T13:00:00Z,76855.7109375,77206.046875,76709.828125,77145.0234375,1531029504
2026-09-10T14:00:00Z,77179.1484375,77403.671875,76920.8984375,77390.796875,10958848
2026-09-10T15:00:00Z,77390.8125,77390.8125,77057.421875,77218.7421875,0
2026-09-10T16:00:00Z,77220.546875,77275.0,76757.96875,77160.21875,38973440
2026-09-10T17:00:00Z,77153.5234375,77508.796875,77079.953125,77294.2578125,406906880
2026-09-10T18:00:00Z,77286.046875,77304.34375,76950.0078125,77222.53125,0
2026-09-10T19:00:00Z,77207.0078125,77252.90625,77048.7265625,77119.53125,0
2026-09-10T20:00:00Z,77128.15625,77325.53125,77088.21875,77239.0078125,0
2026-09-10T21:00:00Z,77247.34375,77274.2421875,77087.3828125,77110.0390625,821628928
2026-09-10T22:00:00Z,77125.9765625,77193.2890625,76786.453125,76807.109375,0
2026-09-10T23:00:00Z,76805.2578125,76845.3125,76491.21875,76531.953125,899115008
2026-09-11T00:00:00Z,76530.203125,76902.1328125,76513.25,76878.71875,0
2026-09-11T01:00:00Z,76880.1171875,76974.1171875,76657.28125,76948.2734375,0
2026-09-11T02:00:00Z,76956.1171875,76977.203125,76734.2265625,76813.6796875,80640000
2026-09-11T03:00:00Z,76802.203125,76871.3671875,76672.3203125,76863.65625,412854272
2026-09-11T04:00:00Z,76865.7421875,77160.0,76857.421875,77086.0,284207104
2026-09-11T05:00:00Z,77083.28125,77225.2890625,77036.7578125,77225.28125,0
2026-09-11T06:00:00Z,77225.28125,77405.9921875,77139.2890625,77265.1171875,0
2026-09-11T07:00:00Z,77256.9921875,77379.4609375,77168.6796875,77199.53125,0
2026-09-11T08:00:00Z,77192.6171875,77474.8515625,77107.2109375,77337.0703125,0
2026-09-11T09:00:00Z,77337.0703125,77348.1875,76833.5390625,77021.9765625,72151040
2026-09-11T10:00:00Z,77004.4296875,77129.640625,76928.890625,76966.640625,0
2026-09-11T11:00:00Z,76955.6796875,77014.8828125,76726.78125,77014.8828125,0
2026-09-11T12:00:00Z,76994.6875,78090.0,76173.28125,77990.859375,0
2026-09-11T13:00:00Z,77968.3203125,79306.796875,77222.84375,79206.5625,1766649856
2026-09-11T14:00:00Z,79148.1015625,79748.3828125,78495.671875,78789.5078125,3101087744
2026-09-11T15:00:00Z,78830.0,78830.0,77363.21875,77703.3515625,201549824
2026-09-11T16:00:00Z,77664.2109375,78037.8671875,77375.8984375,77904.1171875,1710635008
2026-09-11T17:00:00Z,77899.7109375,77946.9921875,77466.671875,77505.1796875,0
2026-09-11T18:00:00Z,77505.1796875,77508.15625,76875.2265625,77017.671875,0
2026-09-11T19:00:00Z,77027.8671875,77355.140625,76980.1484375,77282.859375,1250598912
2026-09-11T20:00:00Z,77256.6171875,77461.921875,77175.1171875,77305.953125,90644480
2026-09-11T21:00:00Z,77311.4375,77411.2578125,77063.5078125,77104.1796875,0
2026-09-11T22:00:00Z,77104.6875,77215.53125,76962.5390625,77121.609375,715022336
2026-09-11T23:00:00Z,77121.609375,77210.8828125,77098.65625,77208.65625,0
2026-09-12T00:00:00Z,77207.0078125,77311.9921875,77202.09375,77271.109375,0
2026-09-12T01:00:00Z,77271.109375,77370.28125,77237.2734375,77250.0234375,0
2026-09-12T02:00:00Z,77250.0234375,77314.2578125,77206.75,77286.3515625,0
2026-09-12T03:00:00Z,77262.4609375,77333.859375,77221.9375,77259.2265625,0
2026-09-12T04:00:00Z,77263.671875,77309.84375,77206.75,77206.75,0
2026-09-12T05:00:00Z,77207.390625,77250.4921875,77152.5390625,77200.0,237608960
2026-09-12T06:00:00Z,77200.0078125,77347.6796875,77186.0078125,77279.046875,0
2026-09-12T07:00:00Z,77279.0625,77332.5703125,77242.6484375,77257.0078125,0
2026-09-12T08:00:00Z,77260.2734375,77356.5390625,77244.0390625,77340.7265625,0
2026-09-12T09:00:00Z,77340.7265625,77368.78125,77301.0,77336.0234375,0
2026-09-12T10:00:00Z,77336.0234375,77380.5390625,77289.9921875,77311.7109375,0
2026-09-12T11:00:00Z,77311.7109375,77342.03125,77268.0390625,77339.796875,0
2026-09-12T12:00:00Z,77338.2578125,77346.0703125,77261.921875,77318.0625,0
2026-09-12T13:00:00Z,77319.4765625,77376.6484375,77231.609375,77351.6015625,0
2026-09-12T14:00:00Z,77351.6015625,77483.28125,77349.0,77444.0078125,0
2026-09-12T15:00:00Z,77446.6171875,77461.7890625,77350.15625,77363.96875,0
2026-09-12T16:00:00Z,77363.96875,77403.6875,77318.6484375,77337.9609375,0
2026-09-12T17:00:00Z,77353.8984375,77379.859375,77157.0625,77191.40625,0
2026-09-12T18:00:00Z,77191.421875,77202.5625,77106.1171875,77126.28125,0
2026-09-12T19:00:00Z,77128.65625,77174.9921875,77049.5625,77105.4296875,153467904
2026-09-12T20:00:00Z,77110.859375,77206.59375,77110.859375,77152.6796875,0
2026-09-12T21:00:00Z,77152.6875,77261.9375,77136.65625,77240.7890625,280676352
2026-09-12T22:00:00Z,77240.7890625,77285.8203125,77165.546875,77219.859375,0
2026-09-12T23:00:00Z,77219.828125,77284.25,77214.1875,77266.421875,3088384
2026-09-13T00:00:00Z,77262.84375,77291.203125,77135.6328125,77252.9609375,0
2026-09-13T01:00:00Z,77252.953125,77314.296875,77222.0703125,77299.53125,170074112
2026-09-13T02:00:00Z,77299.3125,77299.3125,77215.6796875,77268.0234375,0
2026-09-13T03:00:00Z,77268.0234375,77297.5234375,77163.140625,77176.0703125,3024896
2026-09-13T04:00:00Z,77177.6171875,77237.296875,77173.7421875,77187.4296875,0
2026-09-13T05:00:00Z,77188.421875,77299.390625,77188.421875,77291.4296875,0
2026-09-13T06:00:00Z,77291.4296875,77298.75,77031.828125,77099.7421875,0
2026-09-13T07:00:00Z,77077.1484375,77154.7265625,77066.5390625,77100.1796875,284682240
2026-09-13T08:00:00Z,77093.25,77150.921875,76730.5625,76780.9765625,160171008
2026-09-13T09:00:00Z,76777.6796875,76863.703125,76532.4921875,76766.09375,515876864
2026-09-13T10:00:00Z,76758.359375,76781.8984375,76600.0,76623.9375,126042112
2026-09-13T11:00:00Z,76639.9921875,76773.53125,76497.5390625,76749.2578125,207486976
2026-09-13T12:00:00Z,76760.5390625,76828.2109375,76669.359375,76730.15625,214085632
2026-09-13T13:00:00Z,76727.0,76891.5,76521.421875,76818.1328125,0
2026-09-13T14:00:00Z,76821.0,77224.3203125,76815.140625,77177.8203125,353025024
2026-09-13T15:00:00Z,77182.09375,77182.09375,76991.359375,77105.2734375,54383616
2026-09-13T16:00:00Z,77110.203125,77332.171875,77106.2421875,77257.359375,115096576
2026-09-13T17:00:00Z,77258.84375,77393.703125,77215.0390625,77298.6015625,71178240
2026-09-13T18:00:00Z,77290.671875,77360.0,77273.2109375,77312.34375,0
2026-09-13T19:00:00Z,77312.328125,77386.25,77193.0703125,77253.71875,0
2026-09-13T20:00:00Z,77260.671875,77340.1328125,77227.3671875,77313.46875,0
2026-09-13T21:00:00Z,77323.296875,77419.046875,77276.5703125,77280.546875,0
2026-09-13T22:00:00Z,77259.1171875,77259.1171875,76623.34375,76680.171875,818782208
2026-09-13T23:00:00Z,76665.140625,76837.15625,76592.609375,76799.859375,539043840
2026-09-14T00:00:00Z,76815.1328125,77004.828125,76355.34375,76767.390625,706053120
2026-09-14T01:00:00Z,76767.390625,77126.6875,76606.828125,77076.828125,292373504
2026-09-14T02:00:00Z,77069.1796875,77672.46875,76983.953125,77568.8671875,1296845824
2026-09-14T03:00:00Z,77581.4765625,77828.7578125,77462.8125,77566.6171875,1051499520
2026-09-14T04:00:00Z,77566.5,77668.0,77494.1015625,77646.453125,416168960
2026-09-14T05:00:00Z,77648.96875,77650.0,77455.0,77576.640625,367206400
2026-09-14T06:00:00Z,77583.9921875,77862.40625,77337.9609375,77557.5390625,208156672
2026-09-14T07:00:00Z,77556.8984375,77855.5078125,77479.3828125,77855.5,220567552
2026-09-14T08:00:00Z,77859.1484375,77936.8671875,77627.3828125,77705.03125,244408320
2026-09-14T09:00:00Z,77705.0390625,78341.5078125,77567.2421875,78108.59375,47654912
2026-09-14T10:00:00Z,78130.0703125,78136.5390625,77859.5703125,77867.390625,582832128
2026-09-14T11:00:00Z,77867.4765625,77890.0703125,77654.703125,77738.7578125,237494272
2026-09-14T12:00:00Z,77741.2421875,78035.90625,77568.078125,77659.2421875,366112768
2026-09-14T13:00:00Z,77659.2421875,78441.4765625,77434.3984375,78139.7421875,1501734912
2026-09-14T14:00:00Z,78145.953125,78664.828125,78145.953125,78497.15625,1305475072
2026-09-14T15:00:00Z,78461.4765625,78662.1875,78271.6015625,78553.046875,1477193728
2026-09-14T16:00:00Z,78553.8125,78883.7109375,78402.21875,78752.828125,811405312
2026-09-14T17:00:00Z,78752.84375,79026.6796875,78701.90625,78941.796875,1079191552
2026-09-14T18:00:00Z,78941.796875,79323.296875,78838.578125,79219.7890625,1437233152
2026-09-14T19:00:00Z,79213.2265625,79241.2734375,78956.59375,78978.703125,880103424
2026-09-14T20:00:00Z,78985.0078125,79568.0390625,78968.8671875,79089.640625,1319630848
2026-09-14T21:00:00Z,79106.4921875,79106.4921875,78730.4296875,78744.140625,805912576
2026-09-14T22:00:00Z,78761.078125,78841.671875,78496.359375,78540.2578125,0
2026-09-14T23:00:00Z,78541.296875,78560.8203125,78113.046875,78192.453125,0
2026-09-15T00:00:00Z,78167.75,78242.75,77924.703125,77938.0625,0
2026-09-15T01:00:00Z,77938.0625,78059.8671875,77721.53125,77898.9765625,136802304
2026-09-15T02:00:00Z,77890.4765625,78001.0,77768.8203125,77890.6484375,0
2026-09-15T03:00:00Z,77886.78125,77886.78125,77631.25,77636.3984375,0
2026-09-15T04:00:00Z,77659.578125,77724.421875,77517.7109375,77547.75,421376000
2026-09-15T05:00:00Z,77547.7578125,77649.09375,77287.140625,77609.96875,136990720
2026-09-15T06:00:00Z,77620.84375,77711.59375,77165.109375,77247.9921875,0
2026-09-15T07:00:00Z,77261.890625,77294.1171875,76842.359375,76883.8984375,399644672
2026-09-15T08:00:00Z,76893.90625,76968.671875,76650.8984375,76955.0625,668942336
2026-09-15T09:00:00Z,76955.0625,77026.0,76816.25,76946.2734375,0
2026-09-15T10:00:00Z,76951.5234375,77134.2109375,76832.2109375,77014.578125,165881856
2026-09-15T11:00:00Z,77020.046875,77178.9765625,76802.28125,76895.1875,182851584
2026-09-15T12:00:00Z,76900.6875,77099.9921875,76818.296875,76924.9296875,0
2026-09-15T13:00:00Z,76916.25,77094.046875,76094.6796875,76571.359375,709855232
2026-09-15T14:00:00Z,76580.4921875,76642.890625,75546.34375,75853.1796875,1727789056
2026-09-15T15:00:00Z,75835.8828125,76556.5703125,75774.046875,76467.96875,829429760
2026-09-15T16:00:00Z,76493.5625,76529.9609375,76219.3671875,76330.4765625,0
2026-09-15T17:00:00Z,76329.9609375,77269.890625,76133.3203125,76917.3203125,0
2026-09-15T18:00:00Z,76896.0390625,77124.7578125,74931.0,75923.8984375,5061922816
2026-09-15T19:00:00Z,75902.546875,76250.03125,75765.578125,76129.5234375,1756332032
2026-09-15T20:00:00Z,76119.46875,76179.109375,75565.96875,75871.3984375,0
2026-09-15T21:00:00Z,75873.921875,75901.0078125,75347.65625,75414.7421875,0
2026-09-15T22:00:00Z,75404.1875,75690.21875,75110.0390625,75611.0,496640000
2026-09-15T23:00:00Z,75613.2578125,75890.4921875,75509.71875,75584.171875,102002688
2026-09-16T00:00:00Z,75594.453125,75860.7734375,75523.3515625,75712.2109375,0
2026-09-16T01:00:00Z,75715.4296875,75901.0078125,75403.0078125,75434.59375,0
2026-09-16T02:00:00Z,75431.46875,76030.2421875,75420.8671875,75824.8515625,279326720
2026-09-16T03:00:00Z,75831.2421875,76016.3671875,75694.5390625,75755.40625,17862656
2026-09-16T04:00:00Z,75769.6875,75962.0703125,75745.578125,75796.3515625,0
2026-09-16T05:00:00Z,75796.34375,75940.2421875,75610.34375,75905.8984375,0
2026-09-16T06:00:00Z,75929.15625,75972.75,75753.1875,75969.0,7962624
2026-09-16T07:00:00Z,75967.4921875,76025.15625,75665.671875,75695.03125,67428352
2026-09-16T08:00:00Z,75675.421875,75688.9921875,75284.3671875,75670.390625,0
2026-09-16T09:00:00Z,75670.3984375,75924.0390625,75664.5078125,75924.0390625,252047360
2026-09-16T10:00:00Z,75924.0390625,75980.4609375,75829.2578125,75885.5078125,0
2026-09-16T11:00:00Z,75953.8671875,76233.15625,75805.0234375,76182.140625,0
2026-09-16T12:00:00Z,76172.09375,76232.3828125,75725.8125,75901.21875,119656448
2026-09-16T13:00:00Z,75890.40625,75895.109375,75511.390625,75582.09375,0
2026-09-16T14:00:00Z,75584.3203125,75762.0,75351.5703125,75618.9765625,0
2026-09-16T15:00:00Z,75636.078125,75888.796875,75469.9609375,75729.3125,0
2026-09-16T16:00:00Z,75739.109375,75830.0,75579.421875,75701.6015625,0
2026-09-16T17:00:00Z,75701.546875,75847.0703125,75278.6171875,75778.4375,0
2026-09-16T18:00:00Z,75691.359375,76463.3828125,75006.3984375,75552.6171875,0
2026-09-16T19:00:00Z,75596.4765625,76108.2734375,75172.1484375,76010.2109375,22990848
2026-09-16T20:00:00Z,76000.0,76330.2265625,75941.7265625,76101.4609375,0
2026-09-16T21:00:00Z,76104.5078125,76148.7890625,75863.78125,75907.4609375,0
2026-09-16T22:00:00Z,75923.6875,75924.8125,75579.0625,75620.078125,0
2026-09-16T23:00:00Z,75617.25,76214.78125,75578.703125,76143.9609375,218112000
2026-09-17T00:00:00Z,76144.9921875,76445.671875,76115.1484375,76273.3203125,275181568
2026-09-17T01:00:00Z,76278.71875,76704.2578125,76148.796875,76296.8125,194291712
2026-09-17T02:00:00Z,76298.046875,76418.1796875,75991.7734375,76303.7421875,125186048
2026-09-17T03:00:00Z,76303.7421875,76461.84375,76300.953125,76364.5625,0
2026-09-17T04:00:00Z,76364.5703125,76512.2421875,76101.2265625,76460.828125,81168384
2026-09-17T05:00:00Z,76453.9765625,76560.46875,76234.9296875,76250.9765625,0
2026-09-17T06:00:00Z,76232.09375,76521.140625,76222.296875,76402.921875,0
2026-09-17T07:00:00Z,76392.6484375,76603.1484375,76342.3828125,76377.5703125,0
2026-09-17T08:00:00Z,76388.1328125,76514.921875,76311.4296875,76497.640625,0
2026-09-17T09:00:00Z,76499.859375,76695.0,76394.34375,76395.9375,53612544
2026-09-17T10:00:00Z,76394.34375,76400.9921875,76184.3828125,76329.953125,142053376
2026-09-17T11:00:00Z,76328.5234375,76400.9921875,76094.0234375,76400.9921875,0
2026-09-17T12:00:00Z,76398.6015625,77076.8984375,76329.6484375,76659.828125,783550464
2026-09-17T13:00:00Z,76646.7109375,76816.0625,75937.1015625,76612.2578125,316059648
2026-09-17T14:00:00Z,76633.578125,76966.75,76314.71875,76423.6171875,388628480
2026-09-17T15:00:00Z,76428.71875,76791.1015625,76193.75,76676.421875,0
2026-09-17T16:00:00Z,76704.34375,76740.2890625,76467.953125,76688.0078125,158914560
2026-09-17T17:00:00Z,76700.0,76900.65625,76506.296875,76606.828125,56334336
2026-09-17T18:00:00Z,76607.796875,76727.8671875,76401.0078125,76506.3984375,0
2026-09-17T19:00:00Z,76506.3984375,76623.109375,76430.9296875,76543.34375,0
2026-09-17T20:00:00Z,76524.546875,76672.4921875,76425.0078125,76498.5390625,0
2026-09-17T21:00:00Z,76498.5390625,76562.2265625,76343.2109375,76352.546875,0
2026-09-17T22:00:00Z,76343.2109375,76400.34375,76186.8828125,76359.8671875,0
2026-09-17T23:00:00Z,76359.8671875,76444.5,76320.96875,76348.7421875,0
2026-09-18T00:00:00Z,76342.5,76529.6171875,76217.109375,76526.1015625,0
2026-09-18T01:00:00Z,76529.6171875,76696.7421875,76445.171875,76659.3984375,0
2026-09-18T02:00:00Z,76664.6484375,76966.8671875,76568.4765625,76910.796875,96413696
2026-09-18T03:00:00Z,76909.34375,77516.7265625,76900.0078125,77297.703125,1096960000
2026-09-18T04:00:00Z,77312.1328125,77496.2578125,77143.09375,77496.2578125,582952960
2026-09-18T05:00:00Z,77508.4765625,77639.3125,77370.953125,77426.7734375,687865856
2026-09-18T06:00:00Z,77433.96875,77606.3671875,77332.0703125,77527.3828125,402487296
2026-09-18T07:00:00Z,77517.6796875,77774.0625,77500.7421875,77734.78125,1089269760
2026-09-18T08:00:00Z,77729.140625,78200.0,77586.9921875,78200.0,863432704
2026-09-18T09:00:00Z,78191.5625,78403.84375,77945.4296875,78148.140625,1184942080
2026-09-18T10:00:00Z,78138.46875,78296.390625,78045.59375,78221.4609375,247214080
2026-09-18T11:00:00Z,78212.3828125,78351.828125,77956.46875,77995.1875,389427200
2026-09-18T12:00:00Z,78011.3828125,78124.078125,77917.1875,77979.59375,0
2026-09-18T13:00:00Z,77977.6171875,80416.21875,77918.546875,80026.9921875,1623744512
2026-09-18T14:00:00Z,80114.609375,80947.546875,80086.3515625,80904.09375,4226422784
2026-09-18T15:00:00Z,80904.9921875,81090.640625,80504.1484375,80698.2421875,2262083584
2026-09-18T16:00:00Z,80737.59375,81236.7265625,80647.859375,80829.0,1480527872
2026-09-18T17:00:00Z,80833.5625,80996.890625,80554.0234375,80992.59375,0
2026-09-18T18:00:00Z,80982.2421875,81125.7109375,80787.3203125,80916.3828125,751058944
2026-09-18T19:00:00Z,80928.7109375,81385.5,80884.9609375,81180.0,1144340480
2026-09-18T20:00:00Z,81199.6171875,81226.7734375,80928.0390625,81096.1875,811798528
2026-09-18T21:00:00Z,81109.59375,81282.0078125,81081.0,81223.78125,576659456
2026-09-18T22:00:00Z,81223.78125,81364.4921875,81063.546875,81124.5234375,189632512
2026-09-18T23:00:00Z,81133.8828125,81192.8828125,80844.1171875,80875.1015625,332619776
2026-09-19T00:00:00Z,80891.4296875,81654.6328125,80827.4375,81654.6328125,420028416
2026-09-19T01:00:00Z,81637.5078125,81707.671875,81035.7421875,81262.5078125,457318400
2026-09-19T02:00:00Z,81267.7890625,81425.8125,81229.15625,81261.0078125,0
2026-09-19T03:00:00Z,81276.0625,81367.890625,81095.1328125,81105.03125,0
2026-09-19T04:00:00Z,81105.046875,81205.1796875,80893.6015625,81001.6796875,0
2026-09-19T05:00:00Z,80997.75,81126.0,80985.53125,81022.5,0
2026-09-19T06:00:00Z,81033.5,81077.03125,80900.0,81013.5625,0
2026-09-19T07:00:00Z,81023.6875,81217.5078125,80998.390625,81061.1484375,0
2026-09-19T08:00:00Z,81083.4296875,81374.96875,81039.0078125,81297.6484375,0
2026-09-19T09:00:00Z,81298.1796875,81493.2109375,81225.9765625,81298.84375,0
2026-09-19T10:00:00Z,81291.0,81308.9609375,81176.0625,81189.6015625,0
2026-09-19T11:00:00Z,81195.1875,81340.28125,81175.1171875,81280.0,0
2026-09-19T12:00:00Z,81280.0078125,81342.140625,81193.2109375,81309.9921875,0
2026-09-19T13:00:00Z,81291.0,81335.921875,81149.6015625,81325.0,0
2026-09-19T14:00:00Z,81324.890625,81606.0,81306.3203125,81554.890625,0
2026-09-19T15:00:00Z,81554.890625,81910.7890625,81539.96875,81610.8203125,0
2026-09-19T16:00:00Z,81639.3984375,81883.453125,81446.7734375,81813.3515625,0
2026-09-19T17:00:00Z,81806.0,81829.53125,81418.0078125,81437.1015625,0
2026-09-19T18:00:00Z,81435.3984375,81521.9921875,81311.15625,81412.2421875,0
2026-09-19T19:00:00Z,81427.3203125,81444.609375,81293.7578125,81344.0234375,0
2026-09-19T20:00:00Z,81339.03125,81414.0,81061.2890625,81129.9765625,0
2026-09-19T21:00:00Z,81129.9765625,81199.9921875,80872.46875,81063.7265625,75083776
2026-09-19T22:00:00Z,81063.71875,81240.2890625,80926.046875,81232.46875,0
2026-09-19T23:00:00Z,81232.46875,81340.7890625,81187.3828125,81233.53125,6336512
2026-09-20T00:00:00Z,81233.90625,81302.3515625,81176.15625,81277.4921875,0
2026-09-20T01:00:00Z,81261.96875,81278.2578125,81000.0,81071.7109375,0
2026-09-20T02:00:00Z,81066.8828125,81131.5,80230.03125,80312.4765625,0
2026-09-20T03:00:00Z,80295.8515625,80498.6015625,80085.0,80458.390625,2310117376
2026-09-20T04:00:00Z,80472.953125,80494.6171875,80283.0,80395.9375,147468288
2026-09-20T05:00:00Z,80404.8203125,80596.109375,80377.5078125,80456.0078125,813043712
2026-09-20T06:00:00Z,80456.0078125,80573.609375,80185.8203125,80272.5,292204544
2026-09-20T07:00:00Z,80272.5,80392.640625,80254.828125,80284.5625,0
2026-09-20T08:00:00Z,80284.5625,80428.84375,80139.640625,80228.203125,0
2026-09-20T09:00:00Z,80221.0,80541.59375,80219.9921875,80430.0078125,0
2026-09-20T10:00:00Z,80431.6171875,80483.28125,80283.0078125,80283.0078125,0
2026-09-20T11:00:00Z,80270.109375,80498.1875,80242.53125,80442.9765625,213172224
2026-09-20T12:00:00Z,80430.046875,80494.1484375,80285.78125,80451.140625,0
2026-09-20T13:00:00Z,80451.140625,80608.4765625,80392.3671875,80522.046875,0
2026-09-20T14:00:00Z,80522.046875,80737.359375,80379.109375,80639.5390625,0
2026-09-20T15:00:00Z,80639.59375,80930.9765625,80635.0703125,80874.203125,0
2026-09-20T16:00:00Z,80895.75,81472.0390625,80787.0,81311.9921875,608393216
2026-09-20T17:00:00Z,81320.421875,81437.9921875,81048.046875,81129.328125,340260864
2026-09-20T18:00:00Z,81124.1484375,81299.5390625,81000.046875,81021.21875,114518016
2026-09-20T19:00:00Z,81030.0,81279.5234375,81030.0,81162.4375,0
2026-09-20T20:00:00Z,81170.0390625,81208.65625,81052.6328125,81073.46875,0
2026-09-20T21:00:00Z,81073.4765625,81075.1015625,80605.421875,80916.046875,0
2026-09-20T22:00:00Z,80933.9921875,81275.5703125,80793.0,81196.4921875,244054016
2026-09-20T23:00:00Z,81187.78125,81312.03125,81100.53125,81159.5390625,67028992
2026-09-21T00:00:00Z,81149.25,81824.6875,81149.25,81604.8203125,900554752
2026-09-21T01:00:00Z,81588.09375,82070.25,80837.7578125,80981.78125,1371748352
2026-09-21T02:00:00Z,80976.9609375,81493.640625,80962.34375,81299.859375,0
2026-09-21T03:00:00Z,81318.3828125,81554.9921875,81218.5703125,81411.5,0
2026-09-21T04:00:00Z,81411.5078125,81488.6015625,81210.0,81374.25,0
2026-09-21T05:00:00Z,81365.609375,81772.71875,81285.3515625,81538.65625,0
2026-09-21T06:00:00Z,81541.953125,81845.90625,81386.3671875,81621.5390625,166074368
2026-09-21T07:00:00Z,81609.390625,81711.0,81450.4609375,81704.8828125,463757312
2026-09-21T08:00:00Z,81715.3828125,84094.2109375,81715.3828125,83749.140625,5294184448
2026-09-21T09:00:00Z,83763.046875,85134.140625,83667.453125,84640.5,5892583424
2026-09-21T10:00:00Z,84638.96875,84781.3984375,84113.609375,84412.7890625,3133603840
2026-09-21T11:00:00Z,84396.140625,84896.0,84388.5,84863.3984375,1124106240
2026-09-21T12:00:00Z,84873.796875,85396.546875,84800.0234375,85319.09375,2696433664
2026-09-21T13:00:00Z,85291.8984375,85811.3828125,84772.6796875,85413.59375,2517114880
2026-09-21T14:00:00Z,85432.46875,86113.671875,85025.7421875,85835.546875,4825866240
2026-09-21T15:00:00Z,85827.0,86348.9921875,85803.65625,85932.609375,2980499456
2026-09-21T16:00:00Z,85926.6796875,86136.4375,85619.1171875,85967.8828125,0
2026-09-21T17:00:00Z,85967.890625,86126.5234375,85683.4765625,85910.9921875,733741056
2026-09-21T18:00:00Z,85909.6484375,86076.6875,85814.1328125,86071.78125,705196032
2026-09-21T19:00:00Z,86076.703125,86894.9921875,85977.921875,86504.96875,2201419776
2026-09-21T20:00:00Z,86532.1484375,87394.0,86532.1484375,86989.90625,1811152896
2026-09-21T21:00:00Z,86980.0234375,86980.0234375,86528.34375,86557.3125,608829440
2026-09-21T22:00:00Z,86557.296875,86725.296875,86272.7109375,86423.1171875,631398400
2026-09-21T23:00:00Z,86410.4765625,86680.5625,86337.1015625,86594.9375,338550784
2026-09-22T00:00:00Z,86586.28125,86609.84375,85843.4765625,85895.9296875,149471232
2026-09-22T01:00:00Z,85903.5078125,85950.1484375,85414.453125,85598.671875,256626688
2026-09-22T02:00:00Z,85605.15625,85855.4375,85380.4296875,85700.0,277278720
2026-09-22T03:00:00Z,85700.0,85734.6484375,85288.1484375,85667.84375,559112192
2026-09-22T04:00:00Z,85678.6796875,85719.0078125,85402.5,85430.0,452214784
2026-09-22T05:00:00Z,85454.46875,85588.0078125,85085.28125,85392.796875,312401920
2026-09-22T06:00:00Z,85411.9609375,85559.03125,85230.0078125,85359.2265625,485023744
2026-09-22T07:00:00Z,85350.0,85485.2265625,85150.0234375,85333.5,351875072
2026-09-22T08:00:00Z,85364.9921875,86331.546875,85317.9609375,86198.7890625,0
2026-09-22T09:00:00Z,86172.859375,86259.0,85671.640625,86238.8203125,0
2026-09-22T10:00:00Z,86208.3671875,86245.7578125,85743.5390625,85875.0234375,0
2026-09-22T11:00:00Z,85867.8515625,86123.7109375,85763.5,85969.0703125,0
2026-09-22T12:00:00Z,85969.078125,86155.46875,85768.078125,86008.4296875,0
2026-09-22T13:00:00Z,86019.1796875,86358.2890625,85598.3515625,86328.7890625,0
2026-09-22T14:00:00Z,86338.2265625,86427.7734375,85452.9296875,86255.2578125,0
2026-09-22T15:00:00Z,86268.0625,86734.0,86113.6171875,86418.453125,0
2026-09-22T16:00:00Z,86416.5390625,86589.1328125,86062.671875,86451.609375,0
2026-09-22T17:00:00Z,86438.640625,86672.890625,86258.90625,86587.578125,464543744
2026-09-22T18:00:00Z,86608.1875,86665.3203125,86251.203125,86469.578125,268107776
2026-09-22T19:00:00Z,86474.453125,86606.28125,86157.328125,86236.921875,0
2026-09-22T20:00:00Z,86219.09375,86399.28125,86143.84375,86262.5703125,0
2026-09-22T21:00:00Z,86286.9765625,86360.5703125,86187.0234375,86187.0234375,0
2026-09-22T22:00:00Z,86194.421875,86304.8984375,86014.046875,86121.859375,0
2026-09-22T23:00:00Z,86129.46875,86503.390625,86086.5078125,86198.046875,0
2026-09-23T00:00:00Z,86189.21875,86584.2578125,86130.0,86451.9296875,0
2026-09-23T01:00:00Z,86470.3828125,86829.390625,86165.53125,86366.46875,0
2026-09-23T02:00:00Z,86379.7109375,86632.28125,86253.0,86544.2109375,0
2026-09-23T03:00:00Z,86533.4765625,86935.828125,86418.6484375,86696.40625,0
2026-09-23T04:00:00Z,86711.2890625,87280.828125,86623.78125,87164.8125,631566336
2026-09-23T05:00:00Z,87164.8125,87164.8125,86415.0078125,86487.4609375,0
2026-09-23T06:00:00Z,86499.9921875,86608.1875,86360.6171875,86456.5078125,0
2026-09-23T07:00:00Z,86456.5078125,86461.9921875,86001.6796875,86127.5625,0
2026-09-23T08:00:00Z,86128.203125,86273.1484375,85701.65625,85901.8125,0
2026-09-23T09:00:00Z,85901.8203125,86007.2265625,85720.0,85845.03125,685731840
2026-09-23T10:00:00Z,85858.796875,85915.453125,85638.390625,85906.7578125,0
2026-09-23T11:00:00Z,85906.671875,85947.75,85444.8671875,85634.9375,86364160
2026-09-23T12:00:00Z,85646.84375,85669.2734375,85247.859375,85482.1015625,122163200
2026-09-23T13:00:00Z,85471.1796875,85865.9296875,85265.0,85780.1796875,0
2026-09-23T14:00:00Z,85783.0,85921.21875,83855.78125,84521.3515625,7447764992
2026-09-23T15:00:00Z,84492.828125,84783.140625,83957.0,84006.1875,243994624
2026-09-23T16:00:00Z,84002.6328125,84347.3984375,83548.34375,84027.109375,3003740160
2026-09-23T17:00:00Z,84030.4375,84380.7109375,83723.640625,84316.15625,552783872
2026-09-23T18:00:00Z,84318.84375,84405.796875,84120.0,84313.0,0
2026-09-23T19:00:00Z,84313.0,84572.0,84211.4609375,84522.3515625,0
2026-09-23T20:00:00Z,84518.671875,84545.0,84208.46875,84235.609375,0
2026-09-23T21:00:00Z,84235.5,84500.0,84206.7578125,84399.3515625,91627520
2026-09-23T22:00:00Z,84408.5078125,84655.40625,84327.4296875,84546.96875,0
2026-09-23T23:00:00Z,84537.78125,84565.2890625,84332.046875,84378.3125,0
2026-09-24T00:00:00Z,84378.3125,84479.921875,84212.5390625,84301.2578125,136159232
2026-09-24T01:00:00Z,84308.796875,84463.171875,84050.0078125,84095.109375,0
2026-09-24T02:00:00Z,84103.6171875,84364.0,83727.4375,84349.8828125,249098240
2026-09-24T03:00:00Z,84354.0,84474.9921875,83831.171875,83928.15625,0
2026-09-24T04:00:00Z,83928.15625,84043.6171875,83766.5,84024.3671875,0
2026-09-24T05:00:00Z,84024.3671875,84379.6171875,83938.9609375,83962.328125,0
2026-09-24T06:00:00Z,83963.96875,84212.7734375,83905.421875,84095.609375,0
2026-09-24T07:00:00Z,84080.6875,84589.65625,83931.8125,84497.4609375,0
2026-09-24T08:00:00Z,84518.5390625,84606.0,83314.546875,83615.25,710762496
2026-09-24T09:00:00Z,83655.59375,83719.9921875,82851.7578125,83241.9765625,1564536832
2026-09-24T10:00:00Z,83226.046875,83529.4375,83126.90625,83496.9609375,687599616
2026-09-24T11:00:00Z,83512.640625,83589.9609375,83371.3203125,83461.34375,0
2026-09-24T12:00:00Z,83463.328125,83648.28125,83315.0390625,83578.9375,0
2026-09-24T13:00:00Z,83581.640625,84309.328125,83578.953125,84236.421875,220434432
2026-09-24T14:00:00Z,84234.3125,84890.6015625,83403.0234375,83657.21875,0
2026-09-24T15:00:00Z,83588.671875,84449.203125,83484.140625,84401.359375,0
2026-09-24T16:00:00Z,84408.890625,84897.0390625,84010.921875,84467.7421875,0
2026-09-24T17:00:00Z,84424.890625,84543.25,83990.9296875,84093.796875,0
2026-09-24T18:00:00Z,84085.9375,84519.0,83860.296875,84453.28125,0
2026-09-24T19:00:00Z,84454.7734375,84638.59375,84266.15625,84390.546875,0
2026-09-24T20:00:00Z,84365.28125,84471.890625,84145.09375,84354.078125,0
2026-09-24T21:00:00Z,84359.9921875,84488.5,84274.6015625,84332.0703125,1155616768
2026-09-24T22:00:00Z,84311.9609375,84361.46875,83945.359375,84263.421875,127971328
2026-09-24T23:00:00Z,84263.3984375,84454.8125,84239.0625,84385.4609375,0
2026-09-25T00:00:00Z,84388.4609375,84702.359375,84388.4609375,84577.6328125,0
2026-09-25T01:00:00Z,84573.5390625,84787.8203125,84334.3125,84597.0234375,0
2026-09-25T02:00:00Z,84596.1015625,84875.8984375,84153.0390625,84199.5234375,0
2026-09-25T03:00:00Z,84188.796875,84369.0390625,84058.0078125,84216.0,287506432
2026-09-25T04:00:00Z,84219.5078125,84285.8984375,84046.0,84191.3515625,14807040
2026-09-25T05:00:00Z,84180.4921875,84336.71875,84077.9921875,84181.75,0
2026-09-25T06:00:00Z,84178.28125,84280.3125,83924.9921875,84022.59375,0
2026-09-25T07:00:00Z,84006.1015625,84091.6875,83751.0,84023.5,12402688
2026-09-25T08:00:00Z,84028.6796875,84495.03125,84011.28125,84406.8515625,0
2026-09-25T09:00:00Z,84406.859375,84832.703125,84406.859375,84563.7265625,0
2026-09-25T10:00:00Z,84565.4296875,84860.96875,84374.6171875,84709.2578125,0
2026-09-25T11:00:00Z,84721.828125,85249.9921875,84564.4921875,84566.6796875,1235234816
2026-09-25T12:00:00Z,84580.0390625,84687.421875,83906.421875,84453.53125,1757843456
2026-09-25T13:00:00Z,84437.7734375,84556.1875,83559.75,83891.3828125,0
2026-09-25T14:00:00Z,83906.078125,84021.90625,83155.9921875,84002.578125,1402318848
2026-09-25T15:00:00Z,83976.3828125,84078.7265625,83347.0,83781.7109375,189284352
2026-09-25T16:00:00Z,83793.59375,84096.1171875,83700.0,83723.2265625,0
2026-09-25T17:00:00Z,83733.4609375,83970.5390625,83605.2265625,83761.828125,0
2026-09-25T18:00:00Z,83768.1328125,84058.7890625,83768.1328125,83949.9921875,661118976
2026-09-25T19:00:00Z,83961.3984375,84057.6015625,83909.7578125,84000.0234375,0
2026-09-25T20:00:00Z,84007.5625,84180.1015625,83831.5625,83870.859375,0
2026-09-25T21:00:00Z,83867.6328125,83909.9921875,83615.09375,83787.0625,0
2026-09-25T22:00:00Z,83782.2734375,84120.9375,83759.8671875,84069.3203125,0
2026-09-25T23:00:00Z,84058.71875,84100.0,84005.9921875,84093.1328125,91586560
2026-09-26T00:00:00Z,84089.0703125,84135.1015625,83777.7734375,83904.796875,0
2026-09-26T01:00:00Z,83893.96875,84078.2578125,83883.0703125,84072.828125,0
2026-09-26T02:00:00Z,84072.828125,84130.609375,83975.8828125,83999.75,0
2026-09-26T03:00:00Z,83999.75,84047.03125,83907.2578125,83931.1796875,0
2026-09-26T04:00:00Z,83931.3828125,84040.78125,83837.3828125,83975.53125,0
2026-09-26T05:00:00Z,83975.53125,83999.9921875,83878.359375,83918.3515625,0
2026-09-26T06:00:00Z,83918.3515625,83966.8125,83867.5234375,83882.6484375,0
2026-09-26T07:00:00Z,83887.359375,84124.8671875,83887.359375,84103.921875,0
2026-09-26T08:00:00Z,84105.8125,84323.703125,84009.78125,84194.90625,0
2026-09-26T09:00:00Z,84194.921875,84205.5625,83944.2890625,84003.0078125,0
2026-09-26T10:00:00Z,84013.28125,84175.46875,84013.28125,84171.5625,0
2026-09-26T11:00:00Z,84171.546875,84194.8671875,84115.0,84155.1328125,0
2026-09-26T12:00:00Z,84158.8203125,84190.46875,84030.7421875,84053.78125,0
2026-09-26T13:00:00Z,84035.328125,84115.2578125,83846.3984375,83935.1015625,0
2026-09-26T14:00:00Z,83932.25,84041.9296875,83894.140625,84014.5625,0
2026-09-26T15:00:00Z,84014.5625,84183.59375,83997.046875,84146.859375,0
2026-09-26T16:00:00Z,84150.3125,84150.3125,84077.0703125,84104.296875,0
2026-09-26T17:00:00Z,84104.3125,84130.5390625,84025.109375,84126.640625,0
2026-09-26T18:00:00Z,84126.640625,84156.4921875,83966.3828125,83994.609375,0
2026-09-26T19:00:00Z,83994.609375,84043.8203125,83946.703125,84000.65625,0
2026-09-26T20:00:00Z,84000.6484375,84080.3984375,83818.0078125,84016.328125,0
2026-09-26T21:00:00Z,84014.6484375,84232.0078125,84013.9921875,84137.6328125,19333120
2026-09-26T22:00:00Z,84137.6328125,84402.796875,84137.6171875,84266.359375,200155136
2026-09-26T23:00:00Z,84266.3671875,84443.9375,84266.3671875,84422.5,272494592
2026-09-27T00:00:00Z,84419.8828125,84433.90625,84233.71875,84291.2109375,0
2026-09-27T01:00:00Z,84291.2109375,84560.46875,84261.28125,84471.4765625,0
2026-09-27T02:00:00Z,84471.4765625,84522.8515625,84418.0,84435.3515625,0
2026-09-27T03:00:00Z,84432.8515625,84502.3515625,84352.921875,84375.3125,0
2026-09-27T04:00:00Z,84364.2109375,84482.59375,84274.0078125,84316.8125,0
2026-09-27T05:00:00Z,84316.796875,84626.828125,84300.4765625,84437.7578125,183984128
2026-09-27T06:00:00Z,84449.7109375,84613.8203125,84448.09375,84506.5234375,317073408
2026-09-27T07:00:00Z,84495.3828125,84779.7109375,84467.3984375,84773.2578125,18844672
2026-09-27T08:00:00Z,84786.671875,84882.3984375,84682.0,84775.6796875,992802816
2026-09-27T09:00:00Z,84779.8203125,84943.71875,84575.0390625,84942.0390625,1198971904
2026-09-27T10:00:00Z,84919.1484375,85110.9921875,84781.7890625,84872.6484375,0
2026-09-27T11:00:00Z,84854.8515625,84935.8125,84819.0703125,84877.0234375,97528832
2026-09-27T12:00:00Z,84876.9296875,85018.9921875,84778.75,84783.8828125,142131200
2026-09-27T13:00:00Z,84766.1796875,85133.453125,84616.2734375,85029.34375,416403456
2026-09-27T14:00:00Z,85011.703125,85042.1875,84437.7578125,84520.0,532604928
2026-09-27T15:00:00Z,84524.703125,84626.1015625,84346.1875,84449.4765625,372668416
2026-09-27T16:00:00Z,84446.09375,84648.640625,84361.0703125,84409.671875,120532992
2026-09-27T17:00:00Z,84410.3125,84564.2890625,84317.28125,84559.7421875,0
2026-09-27T18:00:00Z,84544.4765625,84809.6484375,84542.3515625,84798.7265625,720132096
2026-09-27T19:00:00Z,84802.9765625,84830.84375,84642.5,84717.8203125,0
2026-09-27T20:00:00Z,84719.7265625,84800.2109375,84521.0078125,84532.203125,0
2026-09-27T21:00:00Z,84538.9375,84709.0703125,84421.28125,84664.53125,0
2026-09-27T22:00:00Z,84676.40625,84736.921875,84120.0,84187.8828125,386004992
2026-09-27T23:00:00Z,84167.8515625,84525.703125,84115.0,84462.1328125,0
2026-09-28T00:00:00Z,84462.140625,84979.4375,84125.296875,84125.796875,1189986304
2026-09-28T01:00:00Z,84120.953125,84210.921875,83606.9921875,83686.7265625,1892151296
2026-09-28T02:00:00Z,83675.0,83772.46875,83370.640625,83405.0,1512824832
2026-09-28T03:00:00Z,83448.2578125,83515.171875,83190.3203125,83325.15625,979474432
2026-09-28T04:00:00Z,83338.75,83501.3125,83215.5390625,83482.46875,494530560
2026-09-28T05:00:00Z,83466.2421875,83514.671875,82713.296875,83162.296875,1711482880
2026-09-28T06:00:00Z,83160.2265625,83286.6015625,83013.171875,83134.0078125,690290688
2026-09-28T07:00:00Z,83138.8671875,83252.5,82875.0078125,82912.0390625,1185849344
2026-09-28T08:00:00Z,82898.2578125,83113.921875,82731.640625,82913.578125,1765523456
2026-09-28T09:00:00Z,82913.59375,82961.5703125,82561.203125,82624.1796875,292724736
2026-09-28T10:00:00Z,82636.21875,83000.25,82635.0625,82908.1328125,336623616
2026-09-28T11:00:00Z,82931.90625,83082.578125,82924.9296875,83058.9296875,864442368
2026-09-28T12:00:00Z,83031.6875,83615.96875,82979.15625,83539.0234375,1538537472
2026-09-28T13:00:00Z,83549.75,83803.34375,83281.078125,83629.890625,1524645888
2026-09-28T14:00:00Z,83600.0078125,83600.0078125,82566.0234375,82988.6328125,2028101632
2026-09-28T15:00:00Z,83002.5234375,83375.8203125,82773.7578125,83365.7890625,1865355264
2026-09-28T16:00:00Z,83343.6796875,84158.03125,83227.9296875,83677.390625,1578012672
2026-09-28T17:00:00Z,83698.2265625,84327.296875,83533.2890625,83846.953125,1482539008
2026-09-28T18:00:00Z,83846.953125,84030.5078125,83771.5390625,84017.421875,628916224
2026-09-28T19:00:00Z,84024.03125,84024.03125,83073.0234375,83364.84375,564469760
2026-09-28T20:00:00Z,83350.03125,83581.953125,83232.3515625,83501.4765625,261840896
2026-09-28T21:00:00Z,83516.203125,83629.4765625,83170.0,83181.03125,22646784
2026-09-28T22:00:00Z,83196.0,83513.2890625,83057.53125,83513.2890625,0
2026-09-28T23:00:00Z,83513.2890625,83602.8515625,83404.84375,83456.7421875,0
2026-09-29T00:00:00Z,83456.359375,83586.5078125,83136.8203125,83146.4765625,0
2026-09-29T01:00:00Z,83127.4765625,83205.9765625,82738.078125,83024.78125,0
2026-09-29T02:00:00Z,83024.796875,83130.15625,82859.0078125,82930.046875,0
2026-09-29T03:00:00Z,82941.328125,83182.8515625,82831.25,83038.3828125,0
2026-09-29T04:00:00Z,83038.3828125,83264.9375,82990.75,83170.5625,0
2026-09-29T05:00:00Z,83174.71875,83399.1171875,82926.4765625,83398.453125,0
2026-09-29T06:00:00Z,83401.4921875,83980.4765625,83377.0625,83976.0078125,0
2026-09-29T07:00:00Z,83951.40625,84165.9921875,83833.328125,83948.1328125,0
2026-09-29T08:00:00Z,83964.84375,84327.0,83762.078125,83845.921875,0
2026-09-29T09:00:00Z,83835.03125,84283.4921875,83729.6484375,84221.328125,0
2026-09-29T10:00:00Z,84221.328125,84312.9765625,83945.390625,84000.90625,0
2026-09-29T11:00:00Z,84000.90625,84460.078125,83900.0078125,84324.03125,0
2026-09-29T12:00:00Z,84325.9765625,84451.4609375,84100.9765625,84309.2109375,0
2026-09-29T13:00:00Z,84303.90625,84514.203125,83997.71875,84186.21875,0
2026-09-29T14:00:00Z,84192.421875,84265.7265625,83667.8828125,83717.421875,0
2026-09-29T15:00:00Z,83727.859375,83727.859375,82874.546875,83041.390625,14239744
2026-09-29T16:00:00Z,83064.09375,83275.4921875,82887.0,83034.9296875,0
2026-09-29T17:00:00Z,83026.6328125,83196.0703125,82952.5390625,83055.421875,0
2026-09-29T18:00:00Z,83099.9765625,83670.546875,83099.9765625,83609.9765625,76480512
2026-09-29T19:00:00Z,83609.2109375,83670.3203125,83379.8984375,83549.0078125,0
2026-09-29T20:00:00Z,83579.859375,83634.5390625,83472.546875,83582.671875,0
2026-09-29T21:00:00Z,83585.34375,83590.109375,83338.5703125,83473.8828125,215199744
2026-09-29T22:00:00Z,83473.9609375,83682.28125,83473.9609375,83578.828125,169230336
2026-09-29T23:00:00Z,83570.8125,83821.4921875,83570.8125,83638.40625,263245824
2026-09-30T00:00:00Z,83652.6875,83699.9921875,83307.0078125,83418.28125,0
2026-09-30T01:00:00Z,83417.0703125,83517.671875,83296.2578125,83404.7734375,0
2026-09-30T02:00:00Z,83415.828125,83584.0,83247.7109375,83347.671875,0
2026-09-30T03:00:00Z,83352.703125,83390.3515625,83129.34375,83269.15625,0
2026-09-30T04:00:00Z,83265.8515625,83386.65625,83164.6484375,83174.046875,0
2026-09-30T05:00:00Z,83179.7421875,83468.3671875,83149.9921875,83344.6875,0
2026-09-30T06:00:00Z,83351.6015625,83391.2734375,82929.9921875,83005.8828125,577761280
2026-09-30T07:00:00Z,83007.53125,83431.796875,82918.96875,83271.3828125,0
2026-09-30T08:00:00Z,83254.859375,83288.046875,82974.25,83023.1484375,654061568
2026-09-30T09:00:00Z,83023.15625,83758.5,83012.5234375,83598.1875,344741888
2026-09-30T10:00:00Z,83600.1171875,83928.0625,83600.1171875,83883.359375,10119168
2026-09-30T11:00:00Z,83874.171875,83951.1796875,83657.1015625,83879.0078125,0
2026-09-30T12:00:00Z,83890.8828125,85482.75,83716.4296875,85258.0703125,2520186880
2026-09-30T13:00:00Z,85300.1875,85599.921875,84019.5703125,84579.8203125,3775950848
2026-09-30T14:00:00Z,84612.25,84612.25,83327.5625,83754.46875,5530456064
2026-09-30T15:00:00Z,83709.34375,84233.8671875,83630.390625,84078.96875,2727432192
2026-09-30T16:00:00Z,84094.2109375,84442.6328125,84069.5234375,84299.8515625,1369767936
2026-09-30T17:00:00Z,84294.0,84390.171875,83871.2109375,83961.703125,431480832
