session_date,timestamp_utc,Open,High,Low,Close,Volume
2016-09-30,2016-09-30T00:00:00Z,48.970001220703125,49.279998779296875,48.18000030517578,49.060001373291016,387
2016-10-03,2016-10-03T00:00:00Z,49.099998474121094,49.099998474121094,49.099998474121094,49.099998474121094,27245
2016-10-04,2016-10-04T00:00:00Z,50.5,51.349998474121094,50.349998474121094,50.869998931884766,24858
2016-10-05,2016-10-05T00:00:00Z,51.380001068115234,52.09000015258789,51.22999954223633,51.86000061035156,26124
2016-10-06,2016-10-06T00:00:00Z,51.68000030517578,52.720001220703125,51.34000015258789,52.5099983215332,25994
2016-10-07,2016-10-07T00:00:00Z,52.66999816894531,52.84000015258789,51.34000015258789,51.93000030517578,26575
2016-10-11,2016-10-11T00:00:00Z,52.9900016784668,53.310001373291016,52.119998931884766,52.40999984741211,33630
2016-10-12,2016-10-12T00:00:00Z,52.619998931884766,52.849998474121094,51.61000061035156,51.810001373291016,24471
2016-10-13,2016-10-13T00:00:00Z,51.720001220703125,52.150001525878906,50.939998626708984,52.029998779296875,25642
2016-10-14,2016-10-14T00:00:00Z,52.099998474121094,52.560001373291016,51.5,51.95000076293945,22127
2016-10-17,2016-10-17T00:00:00Z,51.959999084472656,52.279998779296875,51.16999816894531,51.52000045776367,26730
2016-10-18,2016-10-18T00:00:00Z,51.689998626708984,52.119998931884766,51.27000045776367,51.68000030517578,28432
2016-10-19,2016-10-19T00:00:00Z,52.130001068115234,53.13999938964844,52.099998474121094,52.66999816894531,31624
2016-10-20,2016-10-20T00:00:00Z,52.630001068115234,52.68000030517578,51.18000030517578,51.380001068115234,29822
2016-10-21,2016-10-21T00:00:00Z,51.439998626708984,51.93000030517578,51.130001068115234,51.779998779296875,31385
2016-10-24,2016-10-24T00:00:00Z,51.959999084472656,52.0,50.5,51.459999084472656,39723
2016-10-25,2016-10-25T00:00:00Z,51.349998474121094,51.83000183105469,50.220001220703125,50.790000915527344,34420
2016-10-26,2016-10-26T00:00:00Z,50.25,50.689998626708984,49.65999984741211,49.97999954223633,50026
2016-10-27,2016-10-27T00:00:00Z,49.9900016784668,50.900001525878906,49.869998931884766,50.470001220703125,21189
2016-10-28,2016-10-28T00:00:00Z,50.310001373291016,50.56999969482422,49.34000015258789,49.709999084472656,15283
2016-10-31,2016-10-31T00:00:00Z,49.45000076293945,49.689998626708984,47.9900016784668,48.29999923706055,1765
2016-11-01,2016-11-01T00:00:00Z,48.33000183105469,48.33000183105469,48.33000183105469,48.33000183105469,56065
2016-11-02,2016-11-02T00:00:00Z,47.97999954223633,48.06999969482422,46.47999954223633,46.86000061035156,47015
2016-11-03,2016-11-03T00:00:00Z,46.959999084472656,47.5099983215332,46.0,46.349998474121094,33590
2016-11-04,2016-11-04T00:00:00Z,46.380001068115234,46.540000915527344,45.08000183105469,45.58000183105469,54210
2016-11-07,2016-11-07T00:00:00Z,46.06999969482422,46.380001068115234,45.380001068115234,46.150001525878906,30522
2016-11-08,2016-11-08T00:00:00Z,46.2400016784668,46.68000030517578,45.61000061035156,46.040000915527344,33500
2016-11-09,2016-11-09T00:00:00Z,45.95000076293945,46.95000076293945,44.38999938964844,46.36000061035156,53512
2016-11-10,2016-11-10T00:00:00Z,46.599998474121094,46.90999984741211,45.54999923706055,45.84000015258789,35421
2016-11-14,2016-11-14T00:00:00Z,44.68000030517578,44.97999954223633,43.58000183105469,44.43000030517578,37427
2016-11-15,2016-11-15T00:00:00Z,44.72999954223633,47.2599983215332,44.68000030517578,46.95000076293945,43809
2016-11-16,2016-11-16T00:00:00Z,47.0,47.560001373291016,46.27000045776367,46.630001068115234,43917
2016-11-17,2016-11-17T00:00:00Z,46.439998626708984,47.61000061035156,46.02000045776367,46.4900016784668,39989
2016-11-18,2016-11-18T00:00:00Z,46.09000015258789,46.97999954223633,45.7599983215332,46.86000061035156,39532
2016-11-21,2016-11-21T00:00:00Z,47.0099983215332,49.150001525878906,47.0,48.900001525878906,42541
2016-11-22,2016-11-22T00:00:00Z,49.099998474121094,49.970001220703125,48.13999938964844,49.119998931884766,62072
2016-11-23,2016-11-23T00:00:00Z,49.130001068115234,49.5,48.56999969482422,48.95000076293945,46018
2016-11-25,2016-11-25T00:00:00Z,49.0,49.20000076293945,47.0099983215332,47.2400016784668,27459
2016-11-28,2016-11-28T00:00:00Z,46.7599983215332,48.810001373291016,46.15999984741211,48.2400016784668,25170
2016-11-29,2016-11-29T00:00:00Z,48.09000015258789,48.099998474121094,45.91999816894531,46.380001068115234,15550
2016-11-30,2016-11-30T00:00:00Z,46.7599983215332,50.470001220703125,46.75,50.470001220703125,1083
2016-12-01,2016-12-01T00:00:00Z,50.459999084472656,50.459999084472656,50.459999084472656,50.459999084472656,71317
2016-12-02,2016-12-02T00:00:00Z,53.869998931884766,54.5,52.86000061035156,54.459999084472656,39305
2016-12-05,2016-12-05T00:00:00Z,54.22999954223633,55.33000183105469,53.810001373291016,54.939998626708984,33656
2016-12-06,2016-12-06T00:00:00Z,54.209999084472656,54.93000030517578,53.52000045776367,53.93000030517578,34688
2016-12-07,2016-12-07T00:00:00Z,53.959999084472656,54.209999084472656,52.91999816894531,53.0,34297
2016-12-08,2016-12-08T00:00:00Z,53.04999923706055,54.04999923706055,52.83000183105469,53.88999938964844,44044
2016-12-09,2016-12-09T00:00:00Z,53.95000076293945,54.439998626708984,53.77000045776367,54.33000183105469,30445
2016-12-12,2016-12-12T00:00:00Z,54.75,57.4900016784668,54.75,55.689998626708984,45732
2016-12-13,2016-12-13T00:00:00Z,55.369998931884766,56.43000030517578,55.150001525878906,55.720001220703125,38210
2016-12-14,2016-12-14T00:00:00Z,55.22999954223633,55.79999923706055,53.61000061035156,53.900001525878906,39813
2016-12-15,2016-12-15T00:00:00Z,53.720001220703125,54.5,53.150001525878906,54.02000045776367,34744
2016-12-16,2016-12-16T00:00:00Z,54.220001220703125,55.380001068115234,53.709999084472656,55.209999084472656,31303
2016-12-19,2016-12-19T00:00:00Z,55.4900016784668,55.790000915527344,54.689998626708984,54.91999816894531,30608
2016-12-20,2016-12-20T00:00:00Z,55.119998931884766,55.90999984741211,54.75,55.349998474121094,37241
2016-12-21,2016-12-21T00:00:00Z,55.599998474121094,55.86000061035156,54.31999969482422,54.459999084472656,31242
2016-12-22,2016-12-22T00:00:00Z,54.59000015258789,55.22999954223633,54.04999923706055,55.04999923706055,30938
2016-12-23,2016-12-23T00:00:00Z,54.880001068115234,55.34000015258789,54.27000045776367,55.15999984741211,15503
2016-12-27,2016-12-27T00:00:00Z,55.47999954223633,56.2599983215332,55.04999923706055,56.09000015258789,8294
2016-12-28,2016-12-28T00:00:00Z,56.08000183105469,56.560001373291016,55.88999938964844,56.220001220703125,10677
2016-12-29,2016-12-29T00:00:00Z,55.970001220703125,56.63999938964844,55.970001220703125,56.13999938964844,595
2016-12-30,2016-12-30T00:00:00Z,56.130001068115234,56.130001068115234,56.130001068115234,56.130001068115234,13775
2017-01-03,2017-01-03T00:00:00Z,57.04999923706055,58.369998931884766,55.290000915527344,55.470001220703125,42688
2017-01-04,2017-01-04T00:00:00Z,55.689998626708984,56.529998779296875,55.34000015258789,56.459999084472656,27804
2017-01-05,2017-01-05T00:00:00Z,56.540000915527344,57.34000015258789,56.0099983215332,56.88999938964844,32833
2017-01-06,2017-01-06T00:00:00Z,56.880001068115234,57.459999084472656,56.29999923706055,57.099998474121094,24948
2017-01-09,2017-01-09T00:00:00Z,56.86000061035156,56.9900016784668,54.7400016784668,54.939998626708984,25860
2017-01-10,2017-01-10T00:00:00Z,54.84000015258789,55.34000015258789,53.56999969482422,53.63999938964844,33801
2017-01-11,2017-01-11T00:00:00Z,53.70000076293945,55.66999816894531,53.65999984741211,55.099998474121094,45944
2017-01-12,2017-01-12T00:00:00Z,55.22999954223633,56.43000030517578,55.029998779296875,56.0099983215332,36424
2017-01-13,2017-01-13T00:00:00Z,56.060001373291016,56.20000076293945,55.310001373291016,55.45000076293945,25417
2017-01-17,2017-01-17T00:00:00Z,55.650001525878906,56.970001220703125,55.20000076293945,55.470001220703125,44899
2017-01-18,2017-01-18T00:00:00Z,55.470001220703125,55.88999938964844,53.779998779296875,53.91999816894531,40148
2017-01-19,2017-01-19T00:00:00Z,54.310001373291016,54.75,53.900001525878906,54.15999984741211,33327
2017-01-20,2017-01-20T00:00:00Z,54.279998779296875,55.790000915527344,54.189998626708984,55.4900016784668,29231
2017-01-23,2017-01-23T00:00:00Z,55.470001220703125,55.7400016784668,54.650001525878906,55.22999954223633,33859
2017-01-24,2017-01-24T00:00:00Z,55.38999938964844,55.849998474121094,55.04999923706055,55.439998626708984,32411
2017-01-25,2017-01-25T00:00:00Z,55.2400016784668,55.63999938964844,54.7599983215332,55.08000183105469,34247
2017-01-26,2017-01-26T00:00:00Z,55.369998931884766,56.54999923706055,55.209999084472656,56.2400016784668,45145
2017-01-27,2017-01-27T00:00:00Z,56.11000061035156,56.5,54.849998474121094,55.52000045776367,20964
2017-01-30,2017-01-30T00:00:00Z,55.400001525878906,55.63999938964844,54.970001220703125,55.22999954223633,9982
2017-01-31,2017-01-31T00:00:00Z,55.220001220703125,55.939998626708984,54.939998626708984,55.70000076293945,578
2017-02-01,2017-02-01T00:00:00Z,55.65999984741211,55.65999984741211,55.65999984741211,55.65999984741211,34772
2017-02-02,2017-02-02T00:00:00Z,56.529998779296875,57.43000030517578,56.34000015258789,56.560001373291016,31371
2017-02-03,2017-02-03T00:00:00Z,56.83000183105469,57.290000915527344,56.38999938964844,56.810001373291016,26703
2017-02-06,2017-02-06T00:00:00Z,56.79999923706055,57.11000061035156,55.650001525878906,55.720001220703125,26706
2017-02-07,2017-02-07T00:00:00Z,55.93000030517578,55.97999954223633,54.63999938964844,55.04999923706055,32659
2017-02-08,2017-02-08T00:00:00Z,54.54999923706055,55.66999816894531,54.209999084472656,55.119998931884766,44864
2017-02-09,2017-02-09T00:00:00Z,55.2599983215332,55.91999816894531,55.20000076293945,55.630001068115234,29628
2017-02-10,2017-02-10T00:00:00Z,55.689998626708984,56.869998931884766,55.58000183105469,56.70000076293945,30763
2017-02-13,2017-02-13T00:00:00Z,56.77000045776367,56.79999923706055,55.43000030517578,55.59000015258789,25049
2017-02-14,2017-02-14T00:00:00Z,55.709999084472656,56.45000076293945,55.54999923706055,55.970001220703125,25975
2017-02-15,2017-02-15T00:00:00Z,55.84000015258789,56.25,55.54999923706055,55.75,26608
2017-02-16,2017-02-16T00:00:00Z,55.66999816894531,56.22999954223633,55.130001068115234,55.650001525878906,32712
2017-02-17,2017-02-17T00:00:00Z,55.66999816894531,55.869998931884766,55.11000061035156,55.810001373291016,27599
2017-02-21,2017-02-21T00:00:00Z,55.90999984741211,57.29999923706055,55.709999084472656,56.65999984741211,57648
2017-02-22,2017-02-22T00:00:00Z,56.689998626708984,56.9900016784668,55.58000183105469,55.84000015258789,36358
2017-02-23,2017-02-23T00:00:00Z,56.189998626708984,57.349998474121094,56.150001525878906,56.58000183105469,36155
2017-02-24,2017-02-24T00:00:00Z,56.5099983215332,56.650001525878906,55.75,55.9900016784668,18720
2017-02-27,2017-02-27T00:00:00Z,56.040000915527344,56.7599983215332,55.90999984741211,55.93000030517578,10972
2017-02-28,2017-02-28T00:00:00Z,55.97999954223633,56.06999969482422,55.27000045776367,55.59000015258789,685
2017-03-01,2017-03-01T00:00:00Z,55.599998474121094,55.599998474121094,55.599998474121094,55.599998474121094,25932
2017-03-02,2017-03-02T00:00:00Z,56.310001373291016,56.439998626708984,55.0099983215332,55.08000183105469,34925
2017-03-03,2017-03-03T00:00:00Z,55.18000030517578,55.939998626708984,55.09000015258789,55.900001525878906,24688
2017-03-06,2017-03-06T00:00:00Z,55.79999923706055,56.2400016784668,55.31999969482422,56.0099983215332,25402
2017-03-07,2017-03-07T00:00:00Z,55.9900016784668,56.63999938964844,55.54999923706055,55.91999816894531,28162
2017-03-08,2017-03-08T00:00:00Z,55.61000061035156,55.7599983215332,52.939998626708984,53.11000061035156,43000
2017-03-09,2017-03-09T00:00:00Z,53.130001068115234,53.849998474121094,51.47999954223633,52.189998626708984,61215
2017-03-10,2017-03-10T00:00:00Z,52.439998626708984,53.0099983215332,51.150001525878906,51.369998931884766,41261
2017-03-13,2017-03-13T00:00:00Z,51.369998931884766,51.689998626708984,50.84000015258789,51.349998474121094,28880
2017-03-14,2017-03-14T00:00:00Z,51.400001525878906,51.83000183105469,50.25,50.91999816894531,49660
2017-03-15,2017-03-15T00:00:00Z,51.790000915527344,52.040000915527344,51.36000061035156,51.810001373291016,36290
2017-03-16,2017-03-16T00:00:00Z,52.09000015258789,52.59000015258789,51.5,51.7400016784668,28932
2017-03-17,2017-03-17T00:00:00Z,51.720001220703125,52.16999816894531,51.529998779296875,51.7599983215332,20151
2017-03-20,2017-03-20T00:00:00Z,51.75,51.93000030517578,51.0099983215332,51.619998931884766,25177
2017-03-21,2017-03-21T00:00:00Z,51.65999984741211,52.209999084472656,50.72999954223633,50.959999084472656,30377
2017-03-22,2017-03-22T00:00:00Z,50.869998931884766,50.970001220703125,49.63999938964844,50.63999938964844,39102
2017-03-23,2017-03-23T00:00:00Z,50.7599983215332,51.09000015258789,50.2599983215332,50.560001373291016,35569
2017-03-24,2017-03-24T00:00:00Z,50.599998474121094,51.04999923706055,50.400001525878906,50.79999923706055,27105
2017-03-27,2017-03-27T00:00:00Z,51.02000045776367,51.099998474121094,50.029998779296875,50.75,27398
2017-03-28,2017-03-28T00:00:00Z,50.86000061035156,51.869998931884766,50.790000915527344,51.33000183105469,27375
2017-03-29,2017-03-29T00:00:00Z,51.34000015258789,52.459999084472656,51.34000015258789,52.41999816894531,17105
2017-03-30,2017-03-30T00:00:00Z,52.400001525878906,53.09000015258789,52.029998779296875,52.959999084472656,14493
2017-03-31,2017-03-31T00:00:00Z,52.650001525878906,53.31999969482422,52.400001525878906,52.83000183105469,31997
2017-04-03,2017-04-03T00:00:00Z,53.63999938964844,53.720001220703125,53.040000915527344,53.119998931884766,18746
2017-04-04,2017-04-04T00:00:00Z,53.13999938964844,54.36000061035156,52.75,54.16999816894531,27204
2017-04-05,2017-04-05T00:00:00Z,54.27000045776367,55.08000183105469,53.97999954223633,54.36000061035156,33157
2017-04-06,2017-04-06T00:00:00Z,54.150001525878906,54.9900016784668,54.02000045776367,54.88999938964844,21011
2017-04-07,2017-04-07T00:00:00Z,54.75,56.06999969482422,54.56999969482422,55.2400016784668,34387
2017-04-10,2017-04-10T00:00:00Z,55.2400016784668,56.04999923706055,55.2400016784668,55.97999954223633,29224
2017-04-11,2017-04-11T00:00:00Z,56.04999923706055,56.279998779296875,55.459999084472656,56.22999954223633,32054
2017-04-12,2017-04-12T00:00:00Z,56.279998779296875,56.630001068115234,55.5099983215332,55.86000061035156,33978
2017-04-13,2017-04-13T00:00:00Z,55.66999816894531,56.060001373291016,55.58000183105469,55.88999938964844,27171
2017-04-17,2017-04-17T00:00:00Z,55.849998474121094,55.970001220703125,55.29999923706055,55.36000061035156,18101
2017-04-18,2017-04-18T00:00:00Z,55.47999954223633,55.4900016784668,54.619998931884766,54.88999938964844,38436
2017-04-19,2017-04-19T00:00:00Z,54.7400016784668,55.220001220703125,52.59000015258789,52.93000030517578,43655
2017-04-20,2017-04-20T00:00:00Z,53.060001373291016,53.540000915527344,52.689998626708984,52.9900016784668,48381
2017-04-21,2017-04-21T00:00:00Z,53.029998779296875,53.279998779296875,51.56999969482422,51.959999084472656,36665
2017-04-24,2017-04-24T00:00:00Z,52.04999923706055,52.58000183105469,51.43000030517578,51.599998474121094,27284
2017-04-25,2017-04-25T00:00:00Z,51.650001525878906,52.380001068115234,51.310001373291016,52.099998474121094,31348
2017-04-26,2017-04-26T00:00:00Z,51.86000061035156,52.439998626708984,51.400001525878906,51.81999969482422,24549
2017-04-27,2017-04-27T00:00:00Z,51.470001220703125,51.75,50.43000030517578,51.439998626708984,20588
2017-04-28,2017-04-28T00:00:00Z,51.43000030517578,52.099998474121094,51.40999984741211,51.72999954223633,33680
2017-05-01,2017-05-01T00:00:00Z,51.849998474121094,51.97999954223633,51.220001220703125,51.52000045776367,12936
2017-05-02,2017-05-02T00:00:00Z,51.38999938964844,52.13999938964844,50.15999984741211,50.459999084472656,38556
2017-05-03,2017-05-03T00:00:00Z,51.04999923706055,51.119998931884766,50.209999084472656,50.790000915527344,34131
2017-05-04,2017-05-04T00:00:00Z,50.619998931884766,50.720001220703125,48.18000030517578,48.380001068115234,52061
2017-05-05,2017-05-05T00:00:00Z,48.38999938964844,49.619998931884766,46.650001525878906,49.099998474121094,54485
2017-05-08,2017-05-08T00:00:00Z,49.290000915527344,49.880001068115234,48.4900016784668,49.34000015258789,35179
2017-05-09,2017-05-09T00:00:00Z,49.439998626708984,49.709999084472656,48.40999984741211,48.72999954223633,33410
2017-05-10,2017-05-10T00:00:00Z,48.9900016784668,50.619998931884766,48.849998474121094,50.220001220703125,37961
2017-05-11,2017-05-11T00:00:00Z,50.279998779296875,51.150001525878906,50.2400016784668,50.77000045776367,31243
2017-05-12,2017-05-12T00:00:00Z,50.77000045776367,51.08000183105469,50.34000015258789,50.84000015258789,29339
2017-05-15,2017-05-15T00:00:00Z,50.84000015258789,52.619998931884766,50.650001525878906,51.81999969482422,31972
2017-05-16,2017-05-16T00:00:00Z,51.86000061035156,52.349998474121094,51.189998626708984,51.650001525878906,29359
2017-05-17,2017-05-17T00:00:00Z,51.2400016784668,52.599998474121094,51.04999923706055,52.209999084472656,32800
2017-05-18,2017-05-18T00:00:00Z,52.099998474121094,52.7400016784668,51.11000061035156,52.5099983215332,41239
2017-05-19,2017-05-19T00:00:00Z,52.529998779296875,53.790000915527344,52.529998779296875,53.61000061035156,34681
2017-05-22,2017-05-22T00:00:00Z,53.869998931884766,54.369998931884766,53.650001525878906,53.869998931884766,41324
2017-05-23,2017-05-23T00:00:00Z,53.849998474121094,54.470001220703125,53.209999084472656,54.150001525878906,39671
2017-05-24,2017-05-24T00:00:00Z,54.20000076293945,54.619998931884766,53.66999816894531,53.959999084472656,52627
2017-05-25,2017-05-25T00:00:00Z,53.90999984741211,54.65999984741211,51.029998779296875,51.459999084472656,72089
2017-05-26,2017-05-26T00:00:00Z,51.369998931884766,52.2599983215332,50.709999084472656,52.150001525878906,28004
2017-05-30,2017-05-30T00:00:00Z,52.29999923706055,52.599998474121094,51.20000076293945,51.84000015258789,18705
2017-05-31,2017-05-31T00:00:00Z,51.66999816894531,51.75,49.83000183105469,50.310001373291016,545
2017-06-01,2017-06-01T00:00:00Z,50.33000183105469,50.33000183105469,50.33000183105469,50.33000183105469,43640
2017-06-02,2017-06-02T00:00:00Z,50.400001525878906,50.5099983215332,48.959999084472656,49.95000076293945,44207
2017-06-05,2017-06-05T00:00:00Z,49.959999084472656,50.72999954223633,49.04999923706055,49.470001220703125,38387
2017-06-06,2017-06-06T00:00:00Z,49.47999954223633,50.29999923706055,48.9900016784668,50.119998931884766,41397
2017-06-07,2017-06-07T00:00:00Z,49.9900016784668,50.130001068115234,47.970001220703125,48.060001373291016,50234
2017-06-08,2017-06-08T00:00:00Z,48.22999954223633,48.58000183105469,47.560001373291016,47.86000061035156,40901
2017-06-09,2017-06-09T00:00:00Z,47.90999984741211,48.540000915527344,47.439998626708984,48.150001525878906,29536
2017-06-12,2017-06-12T00:00:00Z,48.18000030517578,49.119998931884766,48.0099983215332,48.290000915527344,28229
2017-06-13,2017-06-13T00:00:00Z,48.27000045776367,48.810001373291016,47.880001068115234,48.720001220703125,26775
2017-06-14,2017-06-14T00:00:00Z,48.18000030517578,48.68000030517578,46.77000045776367,47.0,44939
2017-06-15,2017-06-15T00:00:00Z,46.9900016784668,47.189998626708984,46.70000076293945,46.91999816894531,26749
2017-06-16,2017-06-16T00:00:00Z,46.84000015258789,47.599998474121094,46.81999969482422,47.369998931884766,19728
2017-06-19,2017-06-19T00:00:00Z,47.29999923706055,47.75,46.77000045776367,46.90999984741211,19703
2017-06-20,2017-06-20T00:00:00Z,46.900001525878906,47.220001220703125,45.43000030517578,46.02000045776367,30670
2017-06-21,2017-06-21T00:00:00Z,45.84000015258789,46.61000061035156,44.36000061035156,44.81999969482422,40210
2017-06-22,2017-06-22T00:00:00Z,44.84000015258789,45.779998779296875,44.54999923706055,45.220001220703125,28351
2017-06-23,2017-06-23T00:00:00Z,45.290000915527344,45.7400016784668,45.040000915527344,45.540000915527344,27319
2017-06-26,2017-06-26T00:00:00Z,45.689998626708984,46.220001220703125,45.040000915527344,45.83000183105469,22998
2017-06-27,2017-06-27T00:00:00Z,45.959999084472656,47.040000915527344,45.81999969482422,46.650001525878906,29887
2017-06-28,2017-06-28T00:00:00Z,46.25,47.470001220703125,46.189998626708984,47.310001373291016,13352
2017-06-29,2017-06-29T00:00:00Z,47.439998626708984,48.0,47.189998626708984,47.41999816894531,9980
2017-06-30,2017-06-30T00:00:00Z,47.47999954223633,48.20000076293945,47.47999954223633,47.91999816894531,23479
2017-07-03,2017-07-03T00:00:00Z,48.88999938964844,49.70000076293945,48.540000915527344,49.68000030517578,17462
2017-07-05,2017-07-05T00:00:00Z,49.599998474121094,49.88999938964844,47.279998779296875,47.790000915527344,40863
2017-07-06,2017-07-06T00:00:00Z,48.29999923706055,49.16999816894531,47.779998779296875,48.11000061035156,25556
2017-07-07,2017-07-07T00:00:00Z,47.97999954223633,47.9900016784668,46.279998779296875,46.709999084472656,28644
2017-07-10,2017-07-10T00:00:00Z,46.900001525878906,47.369998931884766,46.119998931884766,46.880001068115234,21447
2017-07-11,2017-07-11T00:00:00Z,47.02000045776367,48.16999816894531,46.29999923706055,47.52000045776367,22689
2017-07-12,2017-07-12T00:00:00Z,48.209999084472656,48.75,47.349998474121094,47.7400016784668,31345
2017-07-13,2017-07-13T00:00:00Z,47.650001525878906,48.529998779296875,47.18000030517578,48.41999816894531,22846
2017-07-14,2017-07-14T00:00:00Z,48.400001525878906,49.08000183105469,48.15999984741211,48.90999984741211,22014
2017-07-17,2017-07-17T00:00:00Z,49.060001373291016,49.25,48.310001373291016,48.41999816894531,17905
2017-07-18,2017-07-18T00:00:00Z,48.40999984741211,49.400001525878906,48.2400016784668,48.84000015258789,20301
2017-07-19,2017-07-19T00:00:00Z,48.70000076293945,49.79999923706055,48.599998474121094,49.70000076293945,20340
2017-07-20,2017-07-20T00:00:00Z,49.599998474121094,50.18000030517578,49.189998626708984,49.29999923706055,26566
2017-07-21,2017-07-21T00:00:00Z,49.27000045776367,49.63999938964844,47.810001373291016,48.060001373291016,27053
2017-07-24,2017-07-24T00:00:00Z,47.88999938964844,48.7599983215332,47.68000030517578,48.599998474121094,25408
2017-07-25,2017-07-25T00:00:00Z,48.7400016784668,50.900001525878906,48.650001525878906,50.20000076293945,27529
2017-07-26,2017-07-26T00:00:00Z,50.7599983215332,51.029998779296875,50.08000183105469,50.970001220703125,26137
2017-07-27,2017-07-27T00:00:00Z,50.869998931884766,51.63999938964844,50.5099983215332,51.4900016784668,21851
2017-07-28,2017-07-28T00:00:00Z,51.58000183105469,52.66999816894531,51.310001373291016,52.52000045776367,12631
2017-07-31,2017-07-31T00:00:00Z,52.7599983215332,52.849998474121094,52.25,52.650001525878906,844
2017-08-01,2017-08-01T00:00:00Z,52.630001068115234,52.630001068115234,52.630001068115234,52.630001068115234,33859
2017-08-02,2017-08-02T00:00:00Z,51.56999969482422,52.41999816894531,51.189998626708984,52.36000061035156,34625
2017-08-03,2017-08-03T00:00:00Z,52.290000915527344,52.869998931884766,51.790000915527344,52.0099983215332,34779
2017-08-04,2017-08-04T00:00:00Z,51.90999984741211,52.52000045776367,51.439998626708984,52.41999816894531,26969
2017-08-07,2017-08-07T00:00:00Z,52.380001068115234,52.560001373291016,51.369998931884766,52.369998931884766,29496
2017-08-08,2017-08-08T00:00:00Z,52.2400016784668,52.72999954223633,51.81999969482422,52.13999938964844,24795
2017-08-09,2017-08-09T00:00:00Z,51.83000183105469,52.81999969482422,51.83000183105469,52.70000076293945,26143
2017-08-10,2017-08-10T00:00:00Z,52.779998779296875,53.630001068115234,51.68000030517578,51.900001525878906,52899
2017-08-11,2017-08-11T00:00:00Z,51.91999816894531,52.27000045776367,51.310001373291016,52.099998474121094,25318
2017-08-14,2017-08-14T00:00:00Z,52.0099983215332,52.38999938964844,50.58000183105469,50.72999954223633,29797
2017-08-15,2017-08-15T00:00:00Z,50.650001525878906,51.099998474121094,50.029998779296875,50.79999923706055,35111
2017-08-16,2017-08-16T00:00:00Z,50.959999084472656,51.349998474121094,50.150001525878906,50.27000045776367,33911
2017-08-17,2017-08-17T00:00:00Z,50.380001068115234,51.11000061035156,49.9900016784668,51.029998779296875,43863
2017-08-18,2017-08-18T00:00:00Z,50.86000061035156,52.95000076293945,50.779998779296875,52.720001220703125,41235
2017-08-21,2017-08-21T00:00:00Z,52.900001525878906,52.900001525878906,51.290000915527344,51.65999984741211,33088
2017-08-22,2017-08-22T00:00:00Z,51.68000030517578,52.27000045776367,51.400001525878906,51.869998931884766,36291
2017-08-23,2017-08-23T00:00:00Z,51.630001068115234,52.619998931884766,51.45000076293945,52.56999969482422,31540
2017-08-24,2017-08-24T00:00:00Z,52.54999923706055,52.709999084472656,51.61000061035156,52.040000915527344,38326
2017-08-25,2017-08-25T00:00:00Z,52.20000076293945,52.790000915527344,51.91999816894531,52.40999984741211,32957
2017-08-28,2017-08-28T00:00:00Z,52.66999816894531,53.15999984741211,51.52000045776367,51.88999938964844,23706
2017-08-29,2017-08-29T00:00:00Z,52.150001525878906,52.150001525878906,51.369998931884766,52.0,20366
2017-08-30,2017-08-30T00:00:00Z,51.880001068115234,52.02000045776367,50.630001068115234,50.86000061035156,20366
2017-08-31,2017-08-31T00:00:00Z,50.5099983215332,52.380001068115234,50.130001068115234,52.380001068115234,9938
2017-09-01,2017-09-01T00:00:00Z,52.31999969482422,52.31999969482422,52.31999969482422,52.31999969482422,43495
2017-09-05,2017-09-05T00:00:00Z,52.79999923706055,53.650001525878906,51.97999954223633,53.380001068115234,24873
2017-09-06,2017-09-06T00:00:00Z,53.18000030517578,54.29999923706055,53.09000015258789,54.20000076293945,30783
2017-09-07,2017-09-07T00:00:00Z,54.08000183105469,54.66999816894531,53.88999938964844,54.4900016784668,34793
2017-09-08,2017-09-08T00:00:00Z,54.540000915527344,54.86000061035156,53.560001373291016,53.779998779296875,28912
2017-09-11,2017-09-11T00:00:00Z,53.75,54.11000061035156,53.040000915527344,53.84000015258789,30263
2017-09-12,2017-09-12T00:00:00Z,53.86000061035156,54.439998626708984,53.43000030517578,54.27000045776367,22720
2017-09-13,2017-09-13T00:00:00Z,54.2599983215332,55.20000076293945,54.029998779296875,55.15999984741211,24868
2017-09-14,2017-09-14T00:00:00Z,55.06999969482422,56.0,54.93000030517578,55.470001220703125,27549
2017-09-15,2017-09-15T00:00:00Z,55.27000045776367,55.849998474121094,54.869998931884766,55.619998931884766,22004
2017-09-18,2017-09-18T00:00:00Z,55.529998779296875,55.939998626708984,54.81999969482422,55.47999954223633,23767
2017-09-19,2017-09-19T00:00:00Z,55.45000076293945,55.880001068115234,54.88999938964844,55.13999938964844,19337
2017-09-20,2017-09-20T00:00:00Z,55.40999984741211,56.47999954223633,55.279998779296875,56.290000915527344,27031
2017-09-21,2017-09-21T00:00:00Z,56.18000030517578,56.529998779296875,55.779998779296875,56.43000030517578,23549
2017-09-22,2017-09-22T00:00:00Z,56.5,56.900001525878906,56.22999954223633,56.86000061035156,18348
2017-09-25,2017-09-25T00:00:00Z,56.88999938964844,59.220001220703125,56.70000076293945,59.02000045776367,23811
2017-09-26,2017-09-26T00:00:00Z,59.20000076293945,59.4900016784668,57.779998779296875,58.439998626708984,28328
2017-09-27,2017-09-27T00:00:00Z,58.599998474121094,58.86000061035156,57.56999969482422,57.900001525878906,15305
2017-09-28,2017-09-28T00:00:00Z,57.66999816894531,58.619998931884766,56.849998474121094,57.40999984741211,7005
2017-09-29,2017-09-29T00:00:00Z,57.529998779296875,57.7599983215332,57.209999084472656,57.540000915527344,27369
2017-10-02,2017-10-02T00:00:00Z,56.619998931884766,56.75,55.5099983215332,56.119998931884766,19371
2017-10-03,2017-10-03T00:00:00Z,56.08000183105469,56.38999938964844,55.689998626708984,56.0,21948
2017-10-04,2017-10-04T00:00:00Z,55.70000076293945,56.189998626708984,55.38999938964844,55.79999923706055,25898
2017-10-05,2017-10-05T00:00:00Z,55.77000045776367,57.2400016784668,55.70000076293945,57.0,32050
2017-10-06,2017-10-06T00:00:00Z,56.97999954223633,57.27000045776367,55.13999938964844,55.619998931884766,33642
2017-10-09,2017-10-09T00:00:00Z,55.4900016784668,55.97999954223633,55.060001373291016,55.790000915527344,23056
2017-10-10,2017-10-10T00:00:00Z,55.70000076293945,56.90999984741211,55.689998626708984,56.61000061035156,21094
2017-10-11,2017-10-11T00:00:00Z,56.540000915527344,57.09000015258789,56.15999984741211,56.939998626708984,21840
2017-10-12,2017-10-12T00:00:00Z,56.65999984741211,56.81999969482422,55.880001068115234,56.25,22286
2017-10-13,2017-10-13T00:00:00Z,56.470001220703125,57.560001373291016,56.380001068115234,57.16999816894531,23433
2017-10-16,2017-10-16T00:00:00Z,57.119998931884766,58.470001220703125,57.119998931884766,57.81999969482422,22799
2017-10-17,2017-10-17T00:00:00Z,57.84000015258789,58.349998474121094,57.18000030517578,57.880001068115234,31599
2017-10-18,2017-10-18T00:00:00Z,58.06999969482422,58.540000915527344,57.75,58.150001525878906,25606
2017-10-19,2017-10-19T00:00:00Z,58.20000076293945,58.279998779296875,57.040000915527344,57.22999954223633,29999
2017-10-20,2017-10-20T00:00:00Z,57.290000915527344,57.900001525878906,56.599998474121094,57.75,28185
2017-10-23,2017-10-23T00:00:00Z,57.970001220703125,58.029998779296875,57.279998779296875,57.369998931884766,25947
2017-10-24,2017-10-24T00:00:00Z,57.36000061035156,58.47999954223633,57.029998779296875,58.33000183105469,32802
2017-10-25,2017-10-25T00:00:00Z,58.459999084472656,58.72999954223633,57.86000061035156,58.439998626708984,26265
2017-10-26,2017-10-26T00:00:00Z,58.47999954223633,59.54999923706055,58.040000915527344,59.29999923706055,26572
2017-10-27,2017-10-27T00:00:00Z,59.4900016784668,60.65999984741211,58.81999969482422,60.439998626708984,15873
2017-10-30,2017-10-30T00:00:00Z,60.650001525878906,61.0,60.15999984741211,60.900001525878906,14987
2017-10-31,2017-10-31T00:00:00Z,60.869998931884766,61.380001068115234,60.54999923706055,61.369998931884766,1113
2017-11-01,2017-11-01T00:00:00Z,61.290000915527344,61.290000915527344,61.290000915527344,61.290000915527344,30560
2017-11-02,2017-11-02T00:00:00Z,60.439998626708984,60.81999969482422,60.040000915527344,60.619998931884766,27721
2017-11-03,2017-11-03T00:00:00Z,60.72999954223633,62.220001220703125,60.599998474121094,62.06999969482422,25695
2017-11-06,2017-11-06T00:00:00Z,62.130001068115234,64.44000244140625,62.130001068115234,64.2699966430664,32269
2017-11-07,2017-11-07T00:00:00Z,64.08999633789062,64.63999938964844,63.4900016784668,63.689998626708984,34317
2017-11-08,2017-11-08T00:00:00Z,63.630001068115234,64.63999938964844,62.95000076293945,63.4900016784668,41527
2017-11-09,2017-11-09T00:00:00Z,63.5,64.23999786376953,63.27000045776367,63.93000030517578,24929
2017-11-10,2017-11-10T00:00:00Z,63.83000183105469,64.2699966430664,63.349998474121094,63.52000045776367,24446
2017-11-13,2017-11-13T00:00:00Z,63.619998931884766,63.72999954223633,62.619998931884766,63.15999984741211,29816
2017-11-14,2017-11-14T00:00:00Z,63.15999984741211,63.209999084472656,61.209999084472656,62.209999084472656,46259
2017-11-15,2017-11-15T00:00:00Z,61.5,62.119998931884766,61.310001373291016,61.869998931884766,27356
2017-11-16,2017-11-16T00:00:00Z,61.869998931884766,62.150001525878906,61.25,61.36000061035156,28684
2017-11-17,2017-11-17T00:00:00Z,61.45000076293945,62.900001525878906,61.09000015258789,62.720001220703125,30936
2017-11-20,2017-11-20T00:00:00Z,62.720001220703125,62.79999923706055,61.439998626708984,62.220001220703125,23428
2017-11-21,2017-11-21T00:00:00Z,62.130001068115234,62.84000015258789,62.040000915527344,62.56999969482422,30389
2017-11-22,2017-11-22T00:00:00Z,62.709999084472656,63.40999984741211,62.630001068115234,63.31999969482422,29926
2017-11-24,2017-11-24T00:00:00Z,63.22999954223633,63.95000076293945,62.88999938964844,63.86000061035156,21047
2017-11-27,2017-11-27T00:00:00Z,63.849998474121094,63.97999954223633,63.099998474121094,63.84000015258789,22019
2017-11-28,2017-11-28T00:00:00Z,63.709999084472656,63.900001525878906,63.11000061035156,63.61000061035156,15235
2017-11-29,2017-11-29T00:00:00Z,63.34000015258789,64.04000091552734,62.54999923706055,63.11000061035156,10166
2017-11-30,2017-11-30T00:00:00Z,63.34000015258789,64.19999694824219,63.20000076293945,63.56999969482422,2034
2017-12-01,2017-12-01T00:00:00Z,63.4900016784668,63.4900016784668,63.4900016784668,63.4900016784668,28073
2017-12-04,2017-12-04T00:00:00Z,63.4900016784668,63.63999938964844,62.31999969482422,62.45000076293945,27437
2017-12-05,2017-12-05T00:00:00Z,62.38999938964844,63.130001068115234,62.13999938964844,62.86000061035156,21380
2017-12-06,2017-12-06T00:00:00Z,62.77000045776367,62.91999816894531,61.13999938964844,61.220001220703125,25263
2017-12-07,2017-12-07T00:00:00Z,61.2400016784668,62.25,61.15999984741211,62.20000076293945,19281
2017-12-08,2017-12-08T00:00:00Z,61.939998626708984,63.630001068115234,61.939998626708984,63.400001525878906,28508
2017-12-11,2017-12-11T00:00:00Z,63.34000015258789,64.91999816894531,62.9900016784668,64.69000244140625,44515
2017-12-12,2017-12-12T00:00:00Z,64.73999786376953,65.81999969482422,63.09000015258789,63.34000015258789,55976
2017-12-13,2017-12-13T00:00:00Z,63.900001525878906,64.30999755859375,62.36000061035156,62.439998626708984,34080
2017-12-14,2017-12-14T00:00:00Z,62.84000015258789,63.5,62.02000045776367,63.310001373291016,29866
2017-12-15,2017-12-15T00:00:00Z,63.41999816894531,63.66999816894531,63.08000183105469,63.22999954223633,21478
2017-12-18,2017-12-18T00:00:00Z,63.31999969482422,63.90999984741211,63.0,63.40999984741211,20560
2017-12-19,2017-12-19T00:00:00Z,63.439998626708984,63.90999984741211,63.29999923706055,63.79999923706055,22157
2017-12-20,2017-12-20T00:00:00Z,63.849998474121094,64.5999984741211,63.68000030517578,64.55999755859375,26006
2017-12-21,2017-12-21T00:00:00Z,64.4800033569336,64.91999816894531,64.19000244140625,64.9000015258789,17911
2017-12-22,2017-12-22T00:00:00Z,64.5999984741211,65.27999877929688,64.38999938964844,65.25,14337
2017-12-26,2017-12-26T00:00:00Z,65.06999969482422,67.08000183105469,65.01000213623047,67.0199966430664,9850
2017-12-27,2017-12-27T00:00:00Z,66.72000122070312,66.94000244140625,66.05000305175781,66.44000244140625,11890
2017-12-28,2017-12-28T00:00:00Z,66.41999816894531,66.77999877929688,66.29000091552734,66.72000122070312,2057
2017-12-29,2017-12-29T00:00:00Z,66.5999984741211,66.5999984741211,66.5999984741211,66.5999984741211,12234
2018-01-02,2018-01-02T00:00:00Z,66.41999816894531,67.27999877929688,66.2300033569336,66.56999969482422,24294
2018-01-03,2018-01-03T00:00:00Z,66.48999786376953,68.01000213623047,66.4000015258789,67.83999633789062,25878
2018-01-04,2018-01-04T00:00:00Z,68.0,68.26000213623047,67.52999877929688,68.06999969482422,22840
2018-01-05,2018-01-05T00:00:00Z,68.05999755859375,68.08999633789062,67.2699966430664,67.62000274658203,18290
2018-01-08,2018-01-08T00:00:00Z,67.81999969482422,67.9800033569336,67.44999694824219,67.77999877929688,17704
2018-01-09,2018-01-09T00:00:00Z,67.93000030517578,69.19999694824219,67.69000244140625,68.81999969482422,25548
2018-01-10,2018-01-10T00:00:00Z,69.16999816894531,69.36000061035156,68.75,69.19999694824219,21538
2018-01-11,2018-01-11T00:00:00Z,69.08000183105469,70.02999877929688,69.0,69.26000213623047,33268
2018-01-12,2018-01-12T00:00:00Z,69.12999725341797,69.91999816894531,68.61000061035156,69.87000274658203,23032
2018-01-16,2018-01-16T00:00:00Z,69.91000366210938,70.37000274658203,68.83999633789062,69.1500015258789,33284
2018-01-17,2018-01-17T00:00:00Z,69.38999938964844,69.58999633789062,68.54000091552734,69.37999725341797,20500
2018-01-18,2018-01-18T00:00:00Z,69.43000030517578,69.66000366210938,68.80000305175781,69.30999755859375,20117
2018-01-19,2018-01-19T00:00:00Z,69.13999938964844,69.1500015258789,68.2699966430664,68.61000061035156,22077
2018-01-22,2018-01-22T00:00:00Z,68.77999877929688,69.51000213623047,68.38999938964844,69.02999877929688,23250
2018-01-23,2018-01-23T00:00:00Z,69.25,70.23999786376953,69.12000274658203,69.95999908447266,23749
2018-01-24,2018-01-24T00:00:00Z,69.87999725341797,70.91000366210938,69.54000091552734,70.52999877929688,23732
2018-01-25,2018-01-25T00:00:00Z,70.70999908447266,71.26000213623047,69.97000122070312,70.41999816894531,24111
2018-01-26,2018-01-26T00:00:00Z,70.0999984741211,70.83000183105469,69.83999633789062,70.5199966430664,30361
2018-01-29,2018-01-29T00:00:00Z,70.5199966430664,70.63999938964844,69.08000183105469,69.45999908447266,17623
2018-01-30,2018-01-30T00:00:00Z,69.5199966430664,69.5199966430664,68.41999816894531,69.0199966430664,12571
2018-01-31,2018-01-31T00:00:00Z,68.37999725341797,69.06999969482422,68.30000305175781,69.05000305175781,1494
2018-02-01,2018-02-01T00:00:00Z,69.08000183105469,69.08000183105469,69.08000183105469,69.08000183105469,29317
2018-02-02,2018-02-02T00:00:00Z,69.75,70.01000213623047,67.95999908447266,68.58000183105469,27547
2018-02-05,2018-02-05T00:00:00Z,68.19999694824219,68.45999908447266,67.0,67.62000274658203,32399
2018-02-06,2018-02-06T00:00:00Z,66.98999786376953,67.58999633789062,66.55000305175781,66.86000061035156,32169
2018-02-07,2018-02-07T00:00:00Z,67.2300033569336,67.72000122070312,65.16000366210938,65.51000213623047,56412
2018-02-08,2018-02-08T00:00:00Z,65.44000244140625,65.58999633789062,64.11000061035156,64.80999755859375,37936
2018-02-09,2018-02-09T00:00:00Z,64.37999725341797,64.62999725341797,61.77000045776367,62.790000915527344,34853
2018-02-12,2018-02-12T00:00:00Z,62.63999938964844,64.41000366210938,62.560001373291016,62.59000015258789,33192
2018-02-13,2018-02-13T00:00:00Z,62.7400016784668,63.099998474121094,61.7599983215332,62.720001220703125,38693
2018-02-14,2018-02-14T00:00:00Z,62.470001220703125,64.55999755859375,61.959999084472656,64.36000061035156,40865
2018-02-15,2018-02-15T00:00:00Z,64.31999969482422,65.0999984741211,63.119998931884766,64.33000183105469,36176
2018-02-16,2018-02-16T00:00:00Z,64.41000366210938,65.19999694824219,64.19000244140625,64.83999633789062,27034
2018-02-20,2018-02-20T00:00:00Z,64.86000061035156,65.83000183105469,64.77999877929688,65.25,34029
2018-02-21,2018-02-21T00:00:00Z,65.11000061035156,65.52999877929688,64.4000015258789,65.41999816894531,26015
2018-02-22,2018-02-22T00:00:00Z,65.01000213623047,66.55000305175781,64.63999938964844,66.38999938964844,29052
2018-02-23,2018-02-23T00:00:00Z,66.25,67.37000274658203,65.80000305175781,67.30999755859375,20948
2018-02-26,2018-02-26T00:00:00Z,67.30000305175781,67.9000015258789,66.73999786376953,67.5,20385
2018-02-27,2018-02-27T00:00:00Z,67.55999755859375,67.62999725341797,66.37000274658203,66.62999725341797,9005
2018-02-28,2018-02-28T00:00:00Z,66.33000183105469,66.87999725341797,65.54000091552734,65.77999877929688,1241
2018-03-01,2018-03-01T00:00:00Z,65.70999908447266,65.70999908447266,65.70999908447266,65.70999908447266,44819
2018-03-02,2018-03-02T00:00:00Z,64.23999786376953,64.68000030517578,63.20000076293945,64.37000274658203,39587
2018-03-05,2018-03-05T00:00:00Z,64.69000244140625,65.87000274658203,64.0999984741211,65.54000091552734,31209
2018-03-06,2018-03-06T00:00:00Z,65.58999633789062,66.1500015258789,65.30999755859375,65.79000091552734,24251
2018-03-07,2018-03-07T00:00:00Z,65.43000030517578,65.77999877929688,63.84000015258789,64.33999633789062,36313
2018-03-08,2018-03-08T00:00:00Z,64.55000305175781,64.55000305175781,63.43000030517578,63.61000061035156,44008
2018-03-09,2018-03-09T00:00:00Z,63.849998474121094,65.62000274658203,63.70000076293945,65.48999786376953,33619
2018-03-12,2018-03-12T00:00:00Z,65.54000091552734,65.83000183105469,64.18000030517578,64.94999694824219,19165
2018-03-13,2018-03-13T00:00:00Z,64.91999816894531,65.66000366210938,64.04000091552734,64.63999938964844,34247
2018-03-14,2018-03-14T00:00:00Z,64.66999816894531,65.19000244140625,64.06999969482422,64.88999938964844,29439
2018-03-15,2018-03-15T00:00:00Z,64.8499984741211,65.38999938964844,64.61000061035156,65.12000274658203,22542
2018-03-16,2018-03-16T00:00:00Z,65.05000305175781,66.41999816894531,64.88999938964844,66.20999908447266,29187
2018-03-19,2018-03-19T00:00:00Z,66.12000274658203,66.3499984741211,65.38999938964844,66.05000305175781,28050
2018-03-20,2018-03-20T00:00:00Z,66.19999694824219,67.88999938964844,66.16999816894531,67.41999816894531,35782
2018-03-21,2018-03-21T00:00:00Z,67.55999755859375,69.8499984741211,67.47000122070312,69.47000122070312,43370
2018-03-22,2018-03-22T00:00:00Z,69.7699966430664,69.91000366210938,68.58000183105469,68.91000366210938,37699
2018-03-23,2018-03-23T00:00:00Z,68.9000015258789,70.56999969482422,68.80000305175781,70.44999694824219,49285
2018-03-26,2018-03-26T00:00:00Z,70.63999938964844,71.05000305175781,69.66999816894531,70.12000274658203,28882
2018-03-27,2018-03-27T00:00:00Z,70.20999908447266,71.02999877929688,69.45999908447266,70.11000061035156,15583
2018-03-28,2018-03-28T00:00:00Z,69.68000030517578,70.25,68.77999877929688,69.52999877929688,16988
2018-03-29,2018-03-29T00:00:00Z,69.80999755859375,70.43000030517578,69.12999725341797,70.2699966430664,37805
2018-04-02,2018-04-02T00:00:00Z,69.41999816894531,70.02999877929688,67.4800033569336,67.63999938964844,25064
2018-04-03,2018-04-03T00:00:00Z,67.6500015258789,68.41999816894531,67.58999633789062,68.12000274658203,22815
2018-04-04,2018-04-04T00:00:00Z,68.13999938964844,68.2699966430664,66.69999694824219,68.0199966430664,39674
2018-04-05,2018-04-05T00:00:00Z,68.3499984741211,68.91999816894531,67.7300033569336,68.33000183105469,28888
2018-04-06,2018-04-06T00:00:00Z,68.58999633789062,68.62000274658203,66.86000061035156,67.11000061035156,30749
2018-04-09,2018-04-09T00:00:00Z,67.02999877929688,68.80000305175781,67.02999877929688,68.6500015258789,23967
2018-04-10,2018-04-10T00:00:00Z,68.55999755859375,71.31999969482422,68.4800033569336,71.04000091552734,45123
2018-04-11,2018-04-11T00:00:00Z,71.02999877929688,73.08000183105469,70.55999755859375,72.05999755859375,50064
2018-04-12,2018-04-12T00:00:00Z,71.93000030517578,72.45999908447266,71.08999633789062,72.0199966430664,38029
2018-04-13,2018-04-13T00:00:00Z,72.16999816894531,72.86000061035156,71.61000061035156,72.58000183105469,36895
2018-04-16,2018-04-16T00:00:00Z,72.62000274658203,72.87999725341797,71.12999725341797,71.41999816894531,33532
2018-04-17,2018-04-17T00:00:00Z,71.5999984741211,71.87999725341797,70.83000183105469,71.58000183105469,36784
2018-04-18,2018-04-18T00:00:00Z,71.7699966430664,73.91999816894531,71.6500015258789,73.4800033569336,34300
2018-04-19,2018-04-19T00:00:00Z,73.76000213623047,74.73999786376953,73.45999908447266,73.77999877929688,37579
2018-04-20,2018-04-20T00:00:00Z,74.0,74.19999694824219,72.83000183105469,74.05999755859375,32478
2018-04-23,2018-04-23T00:00:00Z,73.87999725341797,75.11000061035156,73.12999725341797,74.70999908447266,41835
2018-04-24,2018-04-24T00:00:00Z,74.9000015258789,75.45999908447266,73.69999694824219,73.86000061035156,46897
2018-04-25,2018-04-25T00:00:00Z,73.94999694824219,74.18000030517578,73.18000030517578,74.0,38845
2018-04-26,2018-04-26T00:00:00Z,74.06999969482422,74.94999694824219,74.05999755859375,74.73999786376953,26826
2018-04-27,2018-04-27T00:00:00Z,74.70999908447266,75.01000213623047,74.37999725341797,74.63999938964844,15535
2018-04-30,2018-04-30T00:00:00Z,74.37999725341797,75.36000061035156,73.55000305175781,75.16999816894531,1630
2018-05-01,2018-05-01T00:00:00Z,75.16999816894531,75.16999816894531,75.16999816894531,75.16999816894531,39208
2018-05-02,2018-05-02T00:00:00Z,73.20999908447266,73.62000274658203,72.37000274658203,73.36000061035156,34769
2018-05-03,2018-05-03T00:00:00Z,73.13999938964844,74.08000183105469,72.4800033569336,73.62000274658203,35839
2018-05-04,2018-05-04T00:00:00Z,73.76000213623047,75.05000305175781,73.25,74.87000274658203,30457
2018-05-07,2018-05-07T00:00:00Z,74.9800033569336,76.33000183105469,74.8499984741211,76.16999816894531,21266
2018-05-08,2018-05-08T00:00:00Z,75.66000366210938,76.18000030517578,73.0999984741211,74.8499984741211,50813
2018-05-09,2018-05-09T00:00:00Z,75.86000061035156,77.41000366210938,75.86000061035156,77.20999908447266,34902
2018-05-10,2018-05-10T00:00:00Z,77.29000091552734,77.97000122070312,76.5,77.47000122070312,32445
2018-05-11,2018-05-11T00:00:00Z,77.41000366210938,77.58999633789062,76.94999694824219,77.12000274658203,25651
2018-05-14,2018-05-14T00:00:00Z,77.08999633789062,78.5199966430664,76.54000091552734,78.2300033569336,29917
2018-05-15,2018-05-15T00:00:00Z,78.52999877929688,79.44999694824219,77.9000015258789,78.43000030517578,41100
2018-05-16,2018-05-16T00:00:00Z,78.12999725341797,79.33000183105469,77.62999725341797,79.27999877929688,31226
2018-05-17,2018-05-17T00:00:00Z,79.23999786376953,80.5,79.12000274658203,79.30000305175781,38385
2018-05-18,2018-05-18T00:00:00Z,79.51000213623047,79.86000061035156,78.33000183105469,78.51000213623047,30828
2018-05-21,2018-05-21T00:00:00Z,78.52999877929688,79.58999633789062,78.11000061035156,79.22000122070312,19520
2018-05-22,2018-05-22T00:00:00Z,79.48999786376953,80.48999786376953,79.16999816894531,79.56999969482422,29522
2018-05-23,2018-05-23T00:00:00Z,79.48999786376953,79.8499984741211,78.2300033569336,79.80000305175781,30786
2018-05-24,2018-05-24T00:00:00Z,79.70999908447266,79.83999633789062,78.56999969482422,78.79000091552734,25431
2018-05-25,2018-05-25T00:00:00Z,78.86000061035156,78.86000061035156,76.0,76.44000244140625,42387
2018-05-29,2018-05-29T00:00:00Z,75.5,76.18000030517578,74.51000213623047,75.38999938964844,19800
2018-05-30,2018-05-30T00:00:00Z,75.4000015258789,77.72000122070312,74.87999725341797,77.5,9673
2018-05-31,2018-05-31T00:00:00Z,77.54000091552734,78.72000122070312,77.08000183105469,77.58999633789062,1039
2018-06-01,2018-06-01T00:00:00Z,77.58999633789062,77.58999633789062,77.58999633789062,77.58999633789062,35684
2018-06-04,2018-06-04T00:00:00Z,76.61000061035156,76.93000030517578,75.19999694824219,75.29000091552734,31642
2018-06-05,2018-06-05T00:00:00Z,75.5199966430664,75.7300033569336,73.81999969482422,75.37999725341797,43436
2018-06-06,2018-06-06T00:00:00Z,75.08999633789062,76.26000213623047,74.47000122070312,75.36000061035156,37262
2018-06-07,2018-06-07T00:00:00Z,75.91000366210938,77.37000274658203,75.41999816894531,77.31999969482422,36710
2018-06-08,2018-06-08T00:00:00Z,77.26000213623047,77.58000183105469,76.13999938964844,76.45999908447266,21902
2018-06-11,2018-06-11T00:00:00Z,76.38999938964844,76.81999969482422,75.52999877929688,76.45999908447266,22516
2018-06-12,2018-06-12T00:00:00Z,76.44999694824219,77.06999969482422,75.44999694824219,75.87999725341797,26330
2018-06-13,2018-06-13T00:00:00Z,75.4800033569336,76.87000274658203,75.19999694824219,76.73999786376953,30468
2018-06-14,2018-06-14T00:00:00Z,76.55000305175781,76.91000366210938,75.7699966430664,75.94000244140625,24181
2018-06-15,2018-06-15T00:00:00Z,76.55000305175781,76.91000366210938,73.06999969482422,73.44000244140625,30144
2018-06-18,2018-06-18T00:00:00Z,73.05000305175781,75.54000091552734,72.44000244140625,75.33999633789062,31861
2018-06-19,2018-06-19T00:00:00Z,75.41999816894531,75.52999877929688,74.44999694824219,75.08000183105469,33282
2018-06-20,2018-06-20T00:00:00Z,75.0199966430664,75.8499984741211,74.11000061035156,74.73999786376953,47160
2018-06-21,2018-06-21T00:00:00Z,74.36000061035156,74.68000030517578,72.94000244140625,73.05000305175781,49077
2018-06-22,2018-06-22T00:00:00Z,73.37000274658203,75.80999755859375,73.18000030517578,75.55000305175781,59882
2018-06-25,2018-06-25T00:00:00Z,75.06999969482422,75.12999725341797,73.73999786376953,74.7300033569336,41565
2018-06-26,2018-06-26T00:00:00Z,74.75,76.69999694824219,74.12999725341797,76.30999755859375,41470
2018-06-27,2018-06-27T00:00:00Z,76.4800033569336,78.16999816894531,76.27999877929688,77.62000274658203,24472
2018-06-28,2018-06-28T00:00:00Z,77.51000213623047,78.4000015258789,77.11000061035156,77.8499984741211,14662
2018-06-29,2018-06-29T00:00:00Z,77.7699966430664,79.69999694824219,77.7699966430664,79.44000244140625,37117
2018-07-02,2018-07-02T00:00:00Z,78.9000015258789,78.93000030517578,77.18000030517578,77.30000305175781,30859
2018-07-03,2018-07-03T00:00:00Z,77.41999816894531,78.55999755859375,76.68000030517578,77.76000213623047,22785
2018-07-05,2018-07-05T00:00:00Z,78.11000061035156,78.48999786376953,77.30999755859375,77.38999938964844,27678
2018-07-06,2018-07-06T00:00:00Z,77.58000183105469,77.69999694824219,76.37000274658203,77.11000061035156,25487
2018-07-09,2018-07-09T00:00:00Z,77.23999786376953,78.30999755859375,77.06999969482422,78.06999969482422,14925
2018-07-10,2018-07-10T00:00:00Z,78.25,79.5,78.20999908447266,78.86000061035156,19767
2018-07-11,2018-07-11T00:00:00Z,78.83000183105469,78.88999938964844,73.04000091552734,73.4000015258789,48913
2018-07-12,2018-07-12T00:00:00Z,73.77999877929688,75.12999725341797,72.68000030517578,74.44999694824219,46443
2018-07-13,2018-07-13T00:00:00Z,74.33000183105469,75.91999816894531,73.2300033569336,75.33000183105469,27308
2018-07-16,2018-07-16T00:00:00Z,75.0,75.37000274658203,71.52999877929688,71.83999633789062,27134
2018-07-17,2018-07-17T00:00:00Z,71.9000015258789,72.77999877929688,71.36000061035156,72.16000366210938,28197
2018-07-18,2018-07-18T00:00:00Z,71.63999938964844,73.2699966430664,71.19999694824219,72.9000015258789,25625
2018-07-19,2018-07-19T00:00:00Z,72.9800033569336,73.80000305175781,71.83000183105469,72.58000183105469,31672
2018-07-20,2018-07-20T00:00:00Z,72.58999633789062,73.47000122070312,72.29000091552734,73.06999969482422,24861
2018-07-23,2018-07-23T00:00:00Z,72.91999816894531,74.48999786376953,72.52999877929688,73.05999755859375,29479
2018-07-24,2018-07-24T00:00:00Z,73.0,74.01000213623047,72.68000030517578,73.44000244140625,21747
2018-07-25,2018-07-25T00:00:00Z,73.66000366210938,74.30000305175781,73.08000183105469,73.93000030517578,25329
2018-07-26,2018-07-26T00:00:00Z,74.3499984741211,74.81999969482422,73.77999877929688,74.54000091552734,26293
2018-07-27,2018-07-27T00:00:00Z,74.47000122070312,74.8499984741211,73.83000183105469,74.29000091552734,15109
2018-07-30,2018-07-30T00:00:00Z,74.3499984741211,75.2699966430664,74.1500015258789,74.97000122070312,9053
2018-07-31,2018-07-31T00:00:00Z,74.88999938964844,75.0999984741211,74.18000030517578,74.25,1463
2018-08-01,2018-08-01T00:00:00Z,74.25,74.25,74.25,74.25,23660
2018-08-02,2018-08-02T00:00:00Z,72.5999984741211,73.73999786376953,71.83999633789062,73.44999694824219,21038
2018-08-03,2018-08-03T00:00:00Z,73.44000244140625,73.7300033569336,72.4800033569336,73.20999908447266,15946
2018-08-06,2018-08-06T00:00:00Z,73.29000091552734,74.45999908447266,73.13999938964844,73.75,20253
2018-08-07,2018-08-07T00:00:00Z,73.66000366210938,74.9000015258789,73.5999984741211,74.6500015258789,18289
2018-08-08,2018-08-08T00:00:00Z,74.52999877929688,74.86000061035156,71.66000366210938,72.27999877929688,23735
2018-08-09,2018-08-09T00:00:00Z,72.12999725341797,72.87999725341797,71.8499984741211,72.06999969482422,15939
2018-08-10,2018-08-10T00:00:00Z,72.0,73.13999938964844,71.41000366210938,72.80999755859375,16195
2018-08-13,2018-08-13T00:00:00Z,72.98999786376953,73.08999633789062,71.04000091552734,72.61000061035156,17644
2018-08-14,2018-08-14T00:00:00Z,72.87999725341797,73.93000030517578,72.0999984741211,72.45999908447266,20737
2018-08-15,2018-08-15T00:00:00Z,72.16999816894531,72.44000244140625,70.30000305175781,70.76000213623047,25245
2018-08-16,2018-08-16T00:00:00Z,70.7699966430664,71.51000213623047,70.4000015258789,71.43000030517578,18403
2018-08-17,2018-08-17T00:00:00Z,71.3499984741211,72.4800033569336,71.2699966430664,71.83000183105469,15051
2018-08-20,2018-08-20T00:00:00Z,71.77999877929688,72.73999786376953,71.44999694824219,72.20999908447266,18514
2018-08-21,2018-08-21T00:00:00Z,72.12999725341797,72.94999694824219,72.05999755859375,72.62999725341797,15578
2018-08-22,2018-08-22T00:00:00Z,72.75,74.98999786376953,72.68000030517578,74.77999877929688,19801
2018-08-23,2018-08-23T00:00:00Z,74.88999938964844,74.88999938964844,74.20999908447266,74.7300033569336,14222
2018-08-24,2018-08-24T00:00:00Z,74.73999786376953,76.4000015258789,74.69999694824219,75.81999969482422,19745
2018-08-27,2018-08-27T00:00:00Z,75.61000061035156,76.3499984741211,75.4000015258789,76.20999908447266,9993
2018-08-28,2018-08-28T00:00:00Z,76.29000091552734,76.95999908447266,75.7300033569336,75.94999694824219,17281
2018-08-29,2018-08-29T00:00:00Z,75.91000366210938,77.41999816894531,75.69999694824219,77.13999938964844,8895
2018-08-30,2018-08-30T00:00:00Z,77.30999755859375,78.0,77.20999908447266,77.7699966430664,9125
2018-08-31,2018-08-31T00:00:00Z,77.5,77.79000091552734,77.0999984741211,77.41999816894531,17690
2018-09-04,2018-09-04T00:00:00Z,78.19000244140625,79.70999908447266,77.45999908447266,78.16999816894531,36059
2018-09-05,2018-09-05T00:00:00Z,77.88999938964844,78.05999755859375,76.91999816894531,77.2699966430664,27811
2018-09-06,2018-09-06T00:00:00Z,77.13999938964844,77.75,75.63999938964844,76.5,31739
2018-09-07,2018-09-07T00:00:00Z,76.58000183105469,77.08000183105469,75.88999938964844,76.83000183105469,17798
2018-09-10,2018-09-10T00:00:00Z,76.8499984741211,77.91000366210938,76.8499984741211,77.37000274658203,23036
2018-09-11,2018-09-11T00:00:00Z,77.36000061035156,79.5199966430664,77.36000061035156,79.05999755859375,29921
2018-09-12,2018-09-12T00:00:00Z,79.47000122070312,80.11000061035156,78.75,79.73999786376953,29906
2018-09-13,2018-09-13T00:00:00Z,79.7699966430664,79.7699966430664,77.87000274658203,78.18000030517578,28501
2018-09-14,2018-09-14T00:00:00Z,78.36000061035156,78.93000030517578,77.37999725341797,78.08999633789062,24296
2018-09-17,2018-09-17T00:00:00Z,78.06999969482422,78.88999938964844,77.7300033569336,78.05000305175781,21749
2018-09-18,2018-09-18T00:00:00Z,77.88999938964844,79.72000122070312,77.5,79.02999877929688,22637
2018-09-19,2018-09-19T00:00:00Z,78.86000061035156,79.5,78.5199966430664,79.4000015258789,19118
2018-09-20,2018-09-20T00:00:00Z,79.33000183105469,79.81999969482422,78.5199966430664,78.69999694824219,22855
2018-09-21,2018-09-21T00:00:00Z,78.69999694824219,80.12000274658203,78.23999786376953,78.80000305175781,36594
2018-09-24,2018-09-24T00:00:00Z,79.0999984741211,81.4800033569336,79.0999984741211,81.19999694824219,21939
2018-09-25,2018-09-25T00:00:00Z,81.44999694824219,82.54000091552734,81.16999816894531,81.87000274658203,30081
2018-09-26,2018-09-26T00:00:00Z,81.51000213623047,82.19000244140625,81.12000274658203,81.33999633789062,17271
2018-09-27,2018-09-27T00:00:00Z,81.80999755859375,82.41999816894531,81.33999633789062,81.72000122070312,14317
2018-09-28,2018-09-28T00:00:00Z,81.54000091552734,82.8499984741211,81.54000091552734,82.72000122070312,38868
2018-10-01,2018-10-01T00:00:00Z,82.91999816894531,85.44000244140625,82.55999755859375,84.9800033569336,34024
2018-10-02,2018-10-02T00:00:00Z,85.05999755859375,85.37000274658203,84.31999969482422,84.80000305175781,25338
2018-10-03,2018-10-03T00:00:00Z,84.70999908447266,86.72000122070312,84.01000213623047,86.29000091552734,31424
2018-10-04,2018-10-04T00:00:00Z,86.12999725341797,86.41999816894531,84.1500015258789,84.58000183105469,35552
2018-10-05,2018-10-05T00:00:00Z,84.70999908447266,85.11000061035156,83.91999816894531,84.16000366210938,27778
2018-10-08,2018-10-08T00:00:00Z,84.11000061035156,84.30999755859375,82.66000366210938,83.91000366210938,31603
2018-10-09,2018-10-09T00:00:00Z,83.7699966430664,85.44000244140625,83.72000122070312,85.0,39232
2018-10-10,2018-10-10T00:00:00Z,84.87999725341797,85.16000366210938,82.27999877929688,83.08999633789062,31715
2018-10-11,2018-10-11T00:00:00Z,82.58999633789062,82.61000061035156,79.80000305175781,80.26000213623047,48195
2018-10-12,2018-10-12T00:00:00Z,80.27999877929688,81.47000122070312,79.22000122070312,80.43000030517578,37537
2018-10-15,2018-10-15T00:00:00Z,80.97000122070312,81.91000366210938,79.8499984741211,80.77999877929688,31577
2018-10-16,2018-10-16T00:00:00Z,80.69999694824219,81.73999786376953,79.80000305175781,81.41000366210938,33816
2018-10-17,2018-10-17T00:00:00Z,81.5999984741211,81.83999633789062,79.16999816894531,80.05000305175781,38202
2018-10-18,2018-10-18T00:00:00Z,80.33000183105469,80.33000183105469,78.69000244140625,79.29000091552734,41270
2018-10-19,2018-10-19T00:00:00Z,79.33999633789062,80.88999938964844,79.22000122070312,79.77999877929688,34401
2018-10-22,2018-10-22T00:00:00Z,80.08000183105469,80.38999938964844,78.97000122070312,79.83000183105469,37080
2018-10-23,2018-10-23T00:00:00Z,80.0199966430664,80.12000274658203,75.87999725341797,76.44000244140625,60226
2018-10-24,2018-10-24T00:00:00Z,76.19000244140625,77.55999755859375,75.12999725341797,76.16999816894531,57413
2018-10-25,2018-10-25T00:00:00Z,75.69999694824219,77.05000305175781,75.37000274658203,76.88999938964844,33325
2018-10-26,2018-10-26T00:00:00Z,76.62000274658203,77.91000366210938,75.7699966430664,77.62000274658203,33549
2018-10-29,2018-10-29T00:00:00Z,77.69000244140625,78.01000213623047,76.55000305175781,77.33999633789062,17057
2018-10-30,2018-10-30T00:00:00Z,76.83999633789062,77.31999969482422,75.11000061035156,75.91000366210938,19196
2018-10-31,2018-10-31T00:00:00Z,76.18000030517578,76.88999938964844,75.47000122070312,75.47000122070312,2451
2018-11-01,2018-11-01T00:00:00Z,75.5,75.5,75.5,75.5,33938
2018-11-02,2018-11-02T00:00:00Z,72.66000366210938,73.4800033569336,72.16999816894531,72.83000183105469,36090
2018-11-05,2018-11-05T00:00:00Z,72.75,74.12000274658203,72.2300033569336,73.16999816894531,28438
2018-11-06,2018-11-06T00:00:00Z,72.72000122070312,73.2699966430664,71.18000030517578,72.12999725341797,32871
2018-11-07,2018-11-07T00:00:00Z,71.75,73.52999877929688,71.3499984741211,72.06999969482422,36648
2018-11-08,2018-11-08T00:00:00Z,72.13999938964844,73.05999755859375,70.51000213623047,70.6500015258789,39896
2018-11-09,2018-11-09T00:00:00Z,70.94999694824219,70.9800033569336,69.16000366210938,70.18000030517578,32611
2018-11-12,2018-11-12T00:00:00Z,70.54000091552734,71.86000061035156,68.88999938964844,70.12000274658203,39814
2018-11-13,2018-11-13T00:00:00Z,69.13999938964844,69.66999816894531,64.63999938964844,65.47000122070312,56981
2018-11-14,2018-11-14T00:00:00Z,65.27999877929688,67.62000274658203,65.01000213623047,66.12000274658203,47372
2018-11-15,2018-11-15T00:00:00Z,65.91999816894531,67.4000015258789,65.75,66.62000274658203,35140
2018-11-16,2018-11-16T00:00:00Z,66.75,68.37999725341797,66.0999984741211,66.76000213623047,37139
2018-11-19,2018-11-19T00:00:00Z,67.01000213623047,67.62000274658203,65.2699966430664,66.79000091552734,29353
2018-11-20,2018-11-20T00:00:00Z,66.91000366210938,66.95999908447266,61.7599983215332,62.529998779296875,44030
2018-11-21,2018-11-21T00:00:00Z,62.40999984741211,64.45999908447266,62.40999984741211,63.47999954223633,41292
2018-11-23,2018-11-23T00:00:00Z,62.619998931884766,62.810001373291016,58.43000030517578,58.79999923706055,56080
2018-11-26,2018-11-26T00:00:00Z,59.150001525878906,61.09000015258789,58.599998474121094,60.47999954223633,35607
2018-11-27,2018-11-27T00:00:00Z,60.40999984741211,61.400001525878906,58.95000076293945,60.209999084472656,47106
2018-11-28,2018-11-28T00:00:00Z,60.83000183105469,61.2599983215332,58.560001373291016,58.7599983215332,18435
2018-11-29,2018-11-29T00:00:00Z,58.77000045776367,60.369998931884766,57.52000045776367,59.5099983215332,8794
2018-11-30,2018-11-30T00:00:00Z,59.22999954223633,59.88999938964844,58.25,58.709999084472656,39344
2018-12-03,2018-12-03T00:00:00Z,59.88999938964844,62.59000015258789,59.5,61.689998626708984,33207
2018-12-04,2018-12-04T00:00:00Z,61.86000061035156,63.560001373291016,61.2400016784668,62.08000183105469,35475
2018-12-06,2018-12-06T00:00:00Z,61.70000076293945,61.959999084472656,58.38999938964844,60.060001373291016,60772
2018-12-07,2018-12-07T00:00:00Z,60.310001373291016,63.709999084472656,59.099998474121094,61.66999816894531,59861
2018-12-10,2018-12-10T00:00:00Z,61.45000076293945,62.310001373291016,59.560001373291016,59.970001220703125,34114
2018-12-11,2018-12-11T00:00:00Z,59.88999938964844,61.09000015258789,59.619998931884766,60.20000076293945,31823
2018-12-12,2018-12-12T00:00:00Z,60.5099983215332,61.41999816894531,59.9900016784668,60.150001525878906,31651
2018-12-13,2018-12-13T00:00:00Z,60.310001373291016,62.02000045776367,59.34000015258789,61.45000076293945,29600
2018-12-14,2018-12-14T00:00:00Z,61.65999984741211,61.75,59.91999816894531,60.279998779296875,24871
2018-12-17,2018-12-17T00:00:00Z,60.369998931884766,61.189998626708984,58.630001068115234,59.61000061035156,32165
2018-12-18,2018-12-18T00:00:00Z,58.810001373291016,59.220001220703125,55.66999816894531,56.2599983215332,41690
2018-12-19,2018-12-19T00:00:00Z,56.209999084472656,58.099998474121094,56.029998779296875,57.2400016784668,47399
2018-12-20,2018-12-20T00:00:00Z,56.54999923706055,56.7400016784668,54.279998779296875,54.349998474121094,40553
2018-12-21,2018-12-21T00:00:00Z,54.81999969482422,55.29999923706055,52.810001373291016,53.81999969482422,40930
2018-12-24,2018-12-24T00:00:00Z,53.58000183105469,54.63999938964844,50.380001068115234,50.470001220703125,19160
2018-12-26,2018-12-26T00:00:00Z,51.130001068115234,55.279998779296875,49.959999084472656,54.470001220703125,16444
2018-12-27,2018-12-27T00:00:00Z,54.91999816894531,54.91999816894531,51.9900016784668,52.15999984741211,8946
2018-12-28,2018-12-28T00:00:00Z,53.029998779296875,53.5099983215332,51.630001068115234,52.20000076293945,31833
2018-12-31,2018-12-31T00:00:00Z,53.060001373291016,54.790000915527344,52.65999984741211,53.79999923706055,21966
2019-01-02,2019-01-02T00:00:00Z,54.25,56.560001373291016,52.5,54.90999984741211,43517
2019-01-03,2019-01-03T00:00:00Z,54.77000045776367,56.290000915527344,53.93000030517578,55.95000076293945,36535
2019-01-04,2019-01-04T00:00:00Z,55.58000183105469,58.29999923706055,55.36000061035156,57.060001373291016,42426
2019-01-07,2019-01-07T00:00:00Z,57.369998931884766,58.91999816894531,57.279998779296875,57.33000183105469,41677
2019-01-08,2019-01-08T00:00:00Z,57.630001068115234,58.86000061035156,57.11000061035156,58.720001220703125,34135
2019-01-09,2019-01-09T00:00:00Z,58.650001525878906,61.68000030517578,58.619998931884766,61.439998626708984,38989
2019-01-10,2019-01-10T00:00:00Z,61.33000183105469,61.900001525878906,60.45000076293945,61.68000030517578,31333
2019-01-11,2019-01-11T00:00:00Z,61.25,62.470001220703125,60.08000183105469,60.47999954223633,31369
2019-01-14,2019-01-14T00:00:00Z,60.540000915527344,61.02000045776367,58.90999984741211,58.9900016784668,31241
2019-01-15,2019-01-15T00:00:00Z,59.2599983215332,60.849998474121094,59.11000061035156,60.63999938964844,29948
2019-01-16,2019-01-16T00:00:00Z,60.63999938964844,61.43000030517578,60.040000915527344,61.31999969482422,32025
2019-01-17,2019-01-17T00:00:00Z,61.18000030517578,61.540000915527344,60.040000915527344,61.18000030517578,30131
2019-01-18,2019-01-18T00:00:00Z,61.189998626708984,62.9900016784668,61.060001373291016,62.70000076293945,39637
2019-01-22,2019-01-22T00:00:00Z,62.7400016784668,63.119998931884766,60.58000183105469,61.5,53602
2019-01-23,2019-01-23T00:00:00Z,61.56999969482422,62.29999923706055,60.220001220703125,61.13999938964844,35364
2019-01-24,2019-01-24T00:00:00Z,61.02000045776367,61.5,60.40999984741211,61.09000015258789,35861
2019-01-25,2019-01-25T00:00:00Z,61.13999938964844,61.90999984741211,60.709999084472656,61.63999938964844,30262
2019-01-28,2019-01-28T00:00:00Z,61.33000183105469,61.66999816894531,59.47999954223633,59.93000030517578,34315
2019-01-29,2019-01-29T00:00:00Z,59.97999954223633,61.790000915527344,59.7599983215332,61.31999969482422,18715
2019-01-30,2019-01-30T00:00:00Z,61.25,62.63999938964844,61.06999969482422,61.650001525878906,12039
2019-01-31,2019-01-31T00:00:00Z,61.689998626708984,62.31999969482422,61.63999938964844,61.88999938964844,1288
2019-02-01,2019-02-01T00:00:00Z,61.869998931884766,61.869998931884766,61.869998931884766,61.869998931884766,30044
2019-02-04,2019-02-04T00:00:00Z,62.70000076293945,63.630001068115234,61.279998779296875,62.5099983215332,36025
2019-02-05,2019-02-05T00:00:00Z,62.779998779296875,63.02000045776367,61.720001220703125,61.97999954223633,27285
2019-02-06,2019-02-06T00:00:00Z,62.040000915527344,62.79999923706055,61.04999923706055,62.689998626708984,26542
2019-02-07,2019-02-07T00:00:00Z,62.65999984741211,62.900001525878906,60.61000061035156,61.630001068115234,33982
2019-02-08,2019-02-08T00:00:00Z,61.599998474121094,62.349998474121094,61.04999923706055,62.099998474121094,36111
2019-02-11,2019-02-11T00:00:00Z,62.0,62.34000015258789,60.900001525878906,61.5099983215332,35285
2019-02-12,2019-02-12T00:00:00Z,61.599998474121094,63.31999969482422,61.540000915527344,62.41999816894531,36801
2019-02-13,2019-02-13T00:00:00Z,62.650001525878906,63.959999084472656,62.650001525878906,63.61000061035156,33859
2019-02-14,2019-02-14T00:00:00Z,63.630001068115234,64.80999755859375,63.279998779296875,64.56999969482422,39526
2019-02-15,2019-02-15T00:00:00Z,64.61000061035156,66.4000015258789,64.43000030517578,66.25,36154
2019-02-19,2019-02-19T00:00:00Z,66.30999755859375,66.83000183105469,65.58000183105469,66.44999694824219,46238
2019-02-20,2019-02-20T00:00:00Z,66.36000061035156,67.37000274658203,65.62999725341797,67.08000183105469,29155
2019-02-21,2019-02-21T00:00:00Z,67.1500015258789,67.31999969482422,66.69999694824219,67.06999969482422,27113
2019-02-22,2019-02-22T00:00:00Z,66.88999938964844,67.7300033569336,66.83000183105469,67.12000274658203,23973
2019-02-25,2019-02-25T00:00:00Z,66.80000305175781,67.47000122070312,64.55999755859375,64.76000213623047,31914
2019-02-26,2019-02-26T00:00:00Z,64.72000122070312,65.72000122070312,64.33999633789062,65.20999908447266,18661
2019-02-27,2019-02-27T00:00:00Z,65.54000091552734,66.69999694824219,65.30000305175781,66.38999938964844,10200
2019-02-28,2019-02-28T00:00:00Z,66.31999969482422,66.36000061035156,65.75,66.02999877929688,28959
2019-03-01,2019-03-01T00:00:00Z,66.41000366210938,67.13999938964844,64.58999633789062,65.06999969482422,38355
2019-03-04,2019-03-04T00:00:00Z,65.01000213623047,66.33999633789062,65.01000213623047,65.66999816894531,28931
2019-03-05,2019-03-05T00:00:00Z,65.72000122070312,66.22000122070312,65.04000091552734,65.86000061035156,28346
2019-03-06,2019-03-06T00:00:00Z,65.62999725341797,66.16999816894531,65.2300033569336,65.98999786376953,41210
2019-03-07,2019-03-07T00:00:00Z,65.93000030517578,66.98999786376953,65.76000213623047,66.30000305175781,35738
2019-03-08,2019-03-08T00:00:00Z,66.06999969482422,66.08000183105469,64.01000213623047,65.73999786376953,49867
2019-03-11,2019-03-11T00:00:00Z,65.7300033569336,66.77999877929688,65.6500015258789,66.58000183105469,37538
2019-03-12,2019-03-12T00:00:00Z,66.68000030517578,67.38999938964844,66.3499984741211,66.66999816894531,37897
2019-03-13,2019-03-13T00:00:00Z,66.87999725341797,67.75,66.70999908447266,67.55000305175781,36739
2019-03-14,2019-03-14T00:00:00Z,67.58999633789062,68.12999725341797,67.02999877929688,67.2300033569336,32817
2019-03-15,2019-03-15T00:00:00Z,67.12999725341797,67.70999908447266,66.13999938964844,67.16000366210938,34969
2019-03-18,2019-03-18T00:00:00Z,67.05000305175781,67.69000244140625,66.69999694824219,67.54000091552734,31752
2019-03-19,2019-03-19T00:00:00Z,67.44999694824219,68.22000122070312,67.13999938964844,67.61000061035156,30329
2019-03-20,2019-03-20T00:00:00Z,67.5199966430664,68.56999969482422,67.19000244140625,68.5,35132
2019-03-21,2019-03-21T00:00:00Z,68.31999969482422,68.69999694824219,67.61000061035156,67.86000061035156,35417
2019-03-22,2019-03-22T00:00:00Z,67.70999908447266,67.97000122070312,66.20999908447266,67.02999877929688,45565
2019-03-25,2019-03-25T00:00:00Z,66.93000030517578,67.63999938964844,66.37000274658203,67.20999908447266,36691
2019-03-26,2019-03-26T00:00:00Z,67.25,68.22000122070312,67.25,67.97000122070312,38187
2019-03-27,2019-03-27T00:00:00Z,67.87000274658203,68.3499984741211,67.19999694824219,67.83000183105469,26692
2019-03-28,2019-03-28T00:00:00Z,67.87000274658203,68.0,66.55000305175781,67.81999969482422,11876
2019-03-29,2019-03-29T00:00:00Z,68.0,68.87999725341797,67.81999969482422,68.38999938964844,43566
2019-04-01,2019-04-01T00:00:00Z,67.54000091552734,69.19000244140625,67.54000091552734,69.01000213623047,49439
2019-04-02,2019-04-02T00:00:00Z,69.20999908447266,69.5199966430664,68.69000244140625,69.37000274658203,46166
2019-04-03,2019-04-03T00:00:00Z,69.79000091552734,69.95999908447266,68.80000305175781,69.30999755859375,46550
2019-04-04,2019-04-04T00:00:00Z,69.48999786376953,70.01000213623047,68.87999725341797,69.4000015258789,37531
2019-04-05,2019-04-05T00:00:00Z,69.26000213623047,70.47000122070312,68.93000030517578,70.33999633789062,36491
2019-04-08,2019-04-08T00:00:00Z,70.5,71.19000244140625,70.44000244140625,71.0999984741211,40966
2019-04-09,2019-04-09T00:00:00Z,71.08000183105469,71.33999633789062,70.30000305175781,70.61000061035156,37189
2019-04-10,2019-04-10T00:00:00Z,70.83000183105469,71.79000091552734,70.58000183105469,71.7300033569336,46506
2019-04-11,2019-04-11T00:00:00Z,71.66000366210938,71.68000030517578,70.58000183105469,70.83000183105469,39968
2019-04-12,2019-04-12T00:00:00Z,70.91999816894531,71.86000061035156,70.9000015258789,71.55000305175781,32729
2019-04-15,2019-04-15T00:00:00Z,71.62000274658203,71.6500015258789,70.77999877929688,71.18000030517578,28582
2019-04-16,2019-04-16T00:00:00Z,71.2699966430664,71.94000244140625,70.75,71.72000122070312,43907
2019-04-17,2019-04-17T00:00:00Z,71.83999633789062,72.26000213623047,71.45999908447266,71.62000274658203,40910
2019-04-18,2019-04-18T00:00:00Z,71.55000305175781,72.02999877929688,71.20999908447266,71.97000122070312,38122
2019-04-22,2019-04-22T00:00:00Z,72.05000305175781,74.51000213623047,71.9000015258789,74.04000091552734,48893
2019-04-23,2019-04-23T00:00:00Z,74.19999694824219,74.7300033569336,73.98999786376953,74.51000213623047,50165
2019-04-24,2019-04-24T00:00:00Z,74.31999969482422,74.72000122070312,74.0,74.56999969482422,46326
2019-04-25,2019-04-25T00:00:00Z,74.52999877929688,75.58999633789062,74.0,74.3499984741211,62237
2019-04-26,2019-04-26T00:00:00Z,74.30000305175781,74.41000366210938,71.29000091552734,72.1500015258789,32803
2019-04-29,2019-04-29T00:00:00Z,71.69999694824219,72.5,71.11000061035156,72.04000091552734,16694
2019-04-30,2019-04-30T00:00:00Z,72.0999984741211,73.19999694824219,71.7300033569336,72.80000305175781,43783
2019-05-01,2019-05-01T00:00:00Z,71.5199966430664,72.36000061035156,71.29000091552734,72.18000030517578,32617
2019-05-02,2019-05-02T00:00:00Z,72.1500015258789,72.22000122070312,69.68000030517578,70.75,51722
2019-05-03,2019-05-03T00:00:00Z,70.31999969482422,71.54000091552734,69.95999908447266,70.8499984741211,39000
2019-05-06,2019-05-06T00:00:00Z,70.5999984741211,71.79000091552734,68.76000213623047,71.23999786376953,36208
2019-05-07,2019-05-07T00:00:00Z,71.16000366210938,71.30999755859375,69.38999938964844,69.87999725341797,48729
2019-05-08,2019-05-08T00:00:00Z,69.81999969482422,70.80000305175781,69.31999969482422,70.37000274658203,45312
2019-05-09,2019-05-09T00:00:00Z,70.2300033569336,70.63999938964844,69.4000015258789,70.38999938964844,46554
2019-05-10,2019-05-10T00:00:00Z,70.30000305175781,71.2300033569336,70.16999816894531,70.62000274658203,50395
2019-05-13,2019-05-13T00:00:00Z,70.9000015258789,72.56999969482422,69.7300033569336,70.2300033569336,62747
2019-05-14,2019-05-14T00:00:00Z,69.98999786376953,71.63999938964844,69.93000030517578,71.23999786376953,57905
2019-05-15,2019-05-15T00:00:00Z,70.9800033569336,72.25,70.41999816894531,71.7699966430664,48596
2019-05-16,2019-05-16T00:00:00Z,71.94999694824219,73.3499984741211,71.81999969482422,72.62000274658203,56835
2019-05-17,2019-05-17T00:00:00Z,72.86000061035156,73.2300033569336,71.77999877929688,72.20999908447266,43365
2019-05-20,2019-05-20T00:00:00Z,73.0999984741211,73.38999938964844,71.58999633789062,71.97000122070312,48963
2019-05-21,2019-05-21T00:00:00Z,72.02999877929688,72.5199966430664,71.61000061035156,72.18000030517578,55652
2019-05-22,2019-05-22T00:00:00Z,71.87999725341797,72.0199966430664,70.41999816894531,70.98999786376953,57458
2019-05-23,2019-05-23T00:00:00Z,70.69999694824219,70.7300033569336,67.0,67.76000213623047,80487
2019-05-24,2019-05-24T00:00:00Z,68.01000213623047,69.30000305175781,67.31999969482422,68.69000244140625,66452
2019-05-28,2019-05-28T00:00:00Z,69.0999984741211,70.58000183105469,68.55000305175781,70.11000061035156,65297
2019-05-29,2019-05-29T00:00:00Z,70.05000305175781,70.08999633789062,68.06999969482422,69.44999694824219,32769
2019-05-30,2019-05-30T00:00:00Z,69.7300033569336,69.94999694824219,66.30000305175781,66.87000274658203,19076
2019-05-31,2019-05-31T00:00:00Z,66.70999908447266,66.7300033569336,64.41999816894531,64.48999786376953,67969
2019-06-03,2019-06-03T00:00:00Z,61.599998474121094,62.83000183105469,60.459999084472656,61.279998779296875,60640
2019-06-04,2019-06-04T00:00:00Z,60.84000015258789,62.099998474121094,60.220001220703125,61.970001220703125,58666
2019-06-05,2019-06-05T00:00:00Z,61.47999954223633,62.2599983215332,59.45000076293945,60.630001068115234,67012
2019-06-06,2019-06-06T00:00:00Z,60.58000183105469,62.41999816894531,60.13999938964844,61.66999816894531,51701
2019-06-07,2019-06-07T00:00:00Z,62.220001220703125,63.58000183105469,61.779998779296875,63.290000915527344,44888
2019-06-10,2019-06-10T00:00:00Z,63.689998626708984,64.12999725341797,62.04999923706055,62.290000915527344,34096
2019-06-11,2019-06-11T00:00:00Z,62.36000061035156,62.869998931884766,62.0099983215332,62.290000915527344,41448
2019-06-12,2019-06-12T00:00:00Z,62.11000061035156,62.11000061035156,59.56999969482422,59.970001220703125,47691
2019-06-13,2019-06-13T00:00:00Z,59.81999969482422,62.63999938964844,59.7599983215332,61.310001373291016,72728
2019-06-14,2019-06-14T00:00:00Z,61.380001068115234,62.56999969482422,60.7400016784668,62.0099983215332,38166
2019-06-17,2019-06-17T00:00:00Z,61.970001220703125,62.349998474121094,60.720001220703125,60.939998626708984,46699
2019-06-18,2019-06-18T00:00:00Z,61.02000045776367,62.83000183105469,60.25,62.13999938964844,46430
2019-06-19,2019-06-19T00:00:00Z,62.25,62.52000045776367,61.38999938964844,61.81999969482422,51499
2019-06-20,2019-06-20T00:00:00Z,62.209999084472656,64.80999755859375,62.16999816894531,64.44999694824219,64896
2019-06-21,2019-06-21T00:00:00Z,64.73999786376953,65.75,63.9900016784668,65.19999694824219,51282
2019-06-24,2019-06-24T00:00:00Z,65.54000091552734,65.80000305175781,64.0999984741211,64.86000061035156,39427
2019-06-25,2019-06-25T00:00:00Z,64.72000122070312,65.95999908447266,64.18000030517578,65.05000305175781,37722
2019-06-26,2019-06-26T00:00:00Z,65.7699966430664,66.86000061035156,65.61000061035156,66.48999786376953,26217
2019-06-27,2019-06-27T00:00:00Z,66.08999633789062,66.79000091552734,65.6500015258789,66.55000305175781,13127
2019-06-28,2019-06-28T00:00:00Z,66.6500015258789,66.77999877929688,66.05999755859375,66.55000305175781,32575
2019-07-01,2019-07-01T00:00:00Z,65.27999877929688,66.73999786376953,64.22000122070312,65.05999755859375,46308
2019-07-02,2019-07-02T00:00:00Z,65.19000244140625,65.5,62.22999954223633,62.400001525878906,47774
2019-07-03,2019-07-03T00:00:00Z,62.75,64.0,62.06999969482422,63.81999969482422,35881
2019-07-05,2019-07-05T00:00:00Z,63.880001068115234,64.5199966430664,62.90999984741211,64.2300033569336,34614
2019-07-08,2019-07-08T00:00:00Z,64.37000274658203,65.12999725341797,63.79999923706055,64.11000061035156,29582
2019-07-09,2019-07-09T00:00:00Z,63.91999816894531,65.0199966430664,63.7400016784668,64.16000366210938,28731
2019-07-10,2019-07-10T00:00:00Z,64.48999786376953,67.12999725341797,64.48999786376953,67.01000213623047,40838
2019-07-11,2019-07-11T00:00:00Z,66.72000122070312,67.63999938964844,66.44000244140625,66.5199966430664,37676
2019-07-12,2019-07-12T00:00:00Z,66.77999877929688,67.2699966430664,66.51000213623047,66.72000122070312,31996
2019-07-15,2019-07-15T00:00:00Z,66.6500015258789,67.45999908447266,66.06999969482422,66.4800033569336,35583
2019-07-16,2019-07-16T00:00:00Z,66.12999725341797,67.08000183105469,63.849998474121094,64.3499984741211,41087
2019-07-17,2019-07-17T00:00:00Z,64.33000183105469,65.27999877929688,63.22999954223633,63.65999984741211,34392
2019-07-18,2019-07-18T00:00:00Z,63.630001068115234,64.45999908447266,61.290000915527344,61.93000030517578,48628
2019-07-19,2019-07-19T00:00:00Z,62.58000183105469,63.34000015258789,61.84000015258789,62.470001220703125,36709
2019-07-22,2019-07-22T00:00:00Z,62.90999984741211,64.0199966430664,62.77000045776367,63.2599983215332,33851
2019-07-23,2019-07-23T00:00:00Z,63.290000915527344,64.44999694824219,62.65999984741211,63.83000183105469,31220
2019-07-24,2019-07-24T00:00:00Z,64.23999786376953,64.66000366210938,62.59000015258789,63.18000030517578,42616
2019-07-25,2019-07-25T00:00:00Z,63.150001525878906,64.2300033569336,63.029998779296875,63.38999938964844,27929
2019-07-26,2019-07-26T00:00:00Z,63.2400016784668,63.959999084472656,63.02000045776367,63.459999084472656,26232
2019-07-29,2019-07-29T00:00:00Z,63.119998931884766,63.90999984741211,62.90999984741211,63.709999084472656,14517
2019-07-30,2019-07-30T00:00:00Z,63.849998474121094,65.04000091552734,63.849998474121094,64.72000122070312,11005
2019-07-31,2019-07-31T00:00:00Z,64.61000061035156,65.36000061035156,64.54000091552734,65.16999816894531,34287
2019-08-01,2019-08-01T00:00:00Z,64.29000091552734,64.5199966430664,60.029998779296875,60.5,63060
2019-08-02,2019-08-02T00:00:00Z,61.099998474121094,62.93000030517578,60.88999938964844,61.88999938964844,47421
2019-08-05,2019-08-05T00:00:00Z,61.54999923706055,61.54999923706055,59.66999816894531,59.810001373291016,47722
2019-08-06,2019-08-06T00:00:00Z,60.0,60.540000915527344,58.56999969482422,58.939998626708984,34335
2019-08-07,2019-08-07T00:00:00Z,58.560001373291016,59.189998626708984,55.880001068115234,56.22999954223633,52628
2019-08-08,2019-08-08T00:00:00Z,57.369998931884766,58.0099983215332,56.77000045776367,57.380001068115234,36965
2019-08-09,2019-08-09T00:00:00Z,57.650001525878906,59.099998474121094,57.119998931884766,58.529998779296875,34015
2019-08-12,2019-08-12T00:00:00Z,58.36000061035156,58.869998931884766,57.880001068115234,58.56999969482422,30960
2019-08-13,2019-08-13T00:00:00Z,58.400001525878906,61.5,57.97999954223633,61.29999923706055,45522
2019-08-14,2019-08-14T00:00:00Z,60.97999954223633,61.08000183105469,58.22999954223633,59.47999954223633,45545
2019-08-15,2019-08-15T00:00:00Z,59.04999923706055,59.41999816894531,57.689998626708984,58.22999954223633,45864
2019-08-16,2019-08-16T00:00:00Z,58.41999816894531,59.5,58.290000915527344,58.63999938964844,25244
2019-08-19,2019-08-19T00:00:00Z,58.630001068115234,59.91999816894531,58.59000015258789,59.7400016784668,30652
2019-08-20,2019-08-20T00:00:00Z,59.7400016784668,60.31999969482422,58.959999084472656,60.029998779296875,30782
2019-08-21,2019-08-21T00:00:00Z,60.060001373291016,61.40999984741211,60.04999923706055,60.29999923706055,33717
2019-08-22,2019-08-22T00:00:00Z,60.41999816894531,60.88999938964844,59.470001220703125,59.91999816894531,33800
2019-08-23,2019-08-23T00:00:00Z,60.040000915527344,60.279998779296875,58.31999969482422,59.34000015258789,41613
2019-08-26,2019-08-26T00:00:00Z,58.400001525878906,60.16999816894531,58.27000045776367,58.70000076293945,26628
2019-08-27,2019-08-27T00:00:00Z,58.709999084472656,60.13999938964844,58.5099983215332,59.5099983215332,30198
2019-08-28,2019-08-28T00:00:00Z,60.13999938964844,61.04999923706055,59.81999969482422,60.4900016784668,17141
2019-08-29,2019-08-29T00:00:00Z,60.4900016784668,61.18000030517578,60.0099983215332,61.08000183105469,10658
2019-08-30,2019-08-30T00:00:00Z,61.029998779296875,61.13999938964844,60.29999923706055,60.43000030517578,41940
2019-09-03,2019-09-03T00:00:00Z,59.06999969482422,59.25,57.220001220703125,58.2599983215332,51149
2019-09-04,2019-09-04T00:00:00Z,58.2400016784668,60.959999084472656,58.09000015258789,60.70000076293945,36192
2019-09-05,2019-09-05T00:00:00Z,60.5099983215332,62.38999938964844,60.25,60.95000076293945,37813
2019-09-06,2019-09-06T00:00:00Z,60.810001373291016,61.880001068115234,59.40999984741211,61.540000915527344,37585
2019-09-09,2019-09-09T00:00:00Z,61.540000915527344,62.9900016784668,61.540000915527344,62.59000015258789,31505
2019-09-10,2019-09-10T00:00:00Z,62.7400016784668,63.77000045776367,62.16999816894531,62.380001068115234,32170
2019-09-11,2019-09-11T00:00:00Z,62.68000030517578,63.25,60.52000045776367,60.810001373291016,37485
2019-09-12,2019-09-12T00:00:00Z,61.029998779296875,61.38999938964844,58.90999984741211,60.380001068115234,44952
2019-09-13,2019-09-13T00:00:00Z,60.40999984741211,60.79999923706055,59.599998474121094,60.220001220703125,26153
2019-09-16,2019-09-16T00:00:00Z,67.0,71.0,64.77999877929688,69.0199966430664,69899
2019-09-17,2019-09-17T00:00:00Z,68.16999816894531,69.25,63.560001373291016,64.55000305175781,87185
2019-09-18,2019-09-18T00:00:00Z,64.25,64.98999786376953,63.06999969482422,63.599998474121094,37459
2019-09-19,2019-09-19T00:00:00Z,63.650001525878906,65.56999969482422,63.470001220703125,64.4000015258789,36971
2019-09-20,2019-09-20T00:00:00Z,64.9800033569336,65.2699966430664,64.05000305175781,64.27999877929688,23355
2019-09-23,2019-09-23T00:00:00Z,65.31999969482422,65.31999969482422,63.540000915527344,64.7699966430664,25895
2019-09-24,2019-09-24T00:00:00Z,64.4800033569336,64.52999877929688,62.349998474121094,63.099998474121094,30503
2019-09-25,2019-09-25T00:00:00Z,62.43000030517578,62.810001373291016,61.220001220703125,62.38999938964844,25272
2019-09-26,2019-09-26T00:00:00Z,62.58000183105469,62.91999816894531,61.459999084472656,62.7400016784668,11043
2019-09-27,2019-09-27T00:00:00Z,62.529998779296875,62.720001220703125,60.77000045776367,61.90999984741211,9063
2019-09-30,2019-09-30T00:00:00Z,61.880001068115234,62.08000183105469,60.77000045776367,60.779998779296875,34510
2019-10-01,2019-10-01T00:00:00Z,59.529998779296875,60.09000015258789,58.40999984741211,58.88999938964844,41174
2019-10-02,2019-10-02T00:00:00Z,59.220001220703125,59.4900016784668,57.22999954223633,57.689998626708984,40386
2019-10-03,2019-10-03T00:00:00Z,57.5,57.9900016784668,56.150001525878906,57.709999084472656,49093
2019-10-04,2019-10-04T00:00:00Z,57.599998474121094,58.95000076293945,57.599998474121094,58.369998931884766,41717
2019-10-07,2019-10-07T00:00:00Z,57.70000076293945,59.66999816894531,57.70000076293945,58.349998474121094,28765
2019-10-08,2019-10-08T00:00:00Z,58.470001220703125,58.93000030517578,57.369998931884766,58.2400016784668,38868
2019-10-09,2019-10-09T00:00:00Z,58.099998474121094,59.34000015258789,57.95000076293945,58.31999969482422,36036
2019-10-10,2019-10-10T00:00:00Z,58.38999938964844,59.529998779296875,57.11000061035156,59.099998474121094,36561
2019-10-11,2019-10-11T00:00:00Z,59.58000183105469,60.689998626708984,59.209999084472656,60.5099983215332,51613
2019-10-14,2019-10-14T00:00:00Z,60.560001373291016,60.75,58.5099983215332,59.349998474121094,39154
2019-10-15,2019-10-15T00:00:00Z,59.290000915527344,59.68000030517578,58.0,58.7400016784668,49695
2019-10-16,2019-10-16T00:00:00Z,58.7599983215332,59.72999954223633,58.349998474121094,59.41999816894531,43443
2019-10-17,2019-10-17T00:00:00Z,59.099998474121094,60.029998779296875,58.63999938964844,59.90999984741211,44951
2019-10-18,2019-10-18T00:00:00Z,59.880001068115234,60.27000045776367,59.0,59.41999816894531,33528
2019-10-21,2019-10-21T00:00:00Z,59.36000061035156,59.540000915527344,58.2599983215332,58.959999084472656,35588
2019-10-22,2019-10-22T00:00:00Z,59.04999923706055,60.2599983215332,58.77000045776367,59.70000076293945,37803
2019-10-23,2019-10-23T00:00:00Z,59.630001068115234,61.29999923706055,58.849998474121094,61.16999816894531,37010
2019-10-24,2019-10-24T00:00:00Z,61.09000015258789,61.90999984741211,60.65999984741211,61.66999816894531,35367
2019-10-25,2019-10-25T00:00:00Z,61.52000045776367,62.11000061035156,60.939998626708984,62.02000045776367,31392
2019-10-28,2019-10-28T00:00:00Z,61.9900016784668,62.34000015258789,61.20000076293945,61.56999969482422,24870
2019-10-29,2019-10-29T00:00:00Z,61.650001525878906,61.97999954223633,60.66999816894531,61.59000015258789,16903
2019-10-30,2019-10-30T00:00:00Z,61.310001373291016,61.90999984741211,60.470001220703125,60.61000061035156,13275
2019-10-31,2019-10-31T00:00:00Z,60.689998626708984,61.029998779296875,60.06999969482422,60.22999954223633,36213
2019-11-01,2019-11-01T00:00:00Z,59.54999923706055,61.810001373291016,59.400001525878906,61.689998626708984,28361
2019-11-04,2019-11-04T00:00:00Z,62.0,62.779998779296875,61.290000915527344,62.130001068115234,28961
2019-11-05,2019-11-05T00:00:00Z,62.060001373291016,63.16999816894531,61.900001525878906,62.959999084472656,27103
2019-11-06,2019-11-06T00:00:00Z,62.939998626708984,63.31999969482422,61.59000015258789,61.7400016784668,34901
2019-11-07,2019-11-07T00:00:00Z,61.779998779296875,62.900001525878906,61.63999938964844,62.290000915527344,33158
2019-11-08,2019-11-08T00:00:00Z,62.34000015258789,62.689998626708984,60.65999984741211,62.5099983215332,34325
2019-11-11,2019-11-11T00:00:00Z,62.5099983215332,62.75,61.58000183105469,62.18000030517578,23316
2019-11-12,2019-11-12T00:00:00Z,62.16999816894531,62.849998474121094,61.79999923706055,62.060001373291016,30687
2019-11-13,2019-11-13T00:00:00Z,61.970001220703125,62.72999954223633,61.22999954223633,62.369998931884766,33278
2019-11-14,2019-11-14T00:00:00Z,62.54999923706055,63.20000076293945,62.13999938964844,62.279998779296875,27803
2019-11-15,2019-11-15T00:00:00Z,62.33000183105469,63.63999938964844,61.70000076293945,63.29999923706055,32240
2019-11-18,2019-11-18T00:00:00Z,63.29999923706055,63.58000183105469,61.939998626708984,62.439998626708984,29294
2019-11-19,2019-11-19T00:00:00Z,62.33000183105469,62.54999923706055,60.630001068115234,60.90999984741211,32258
2019-11-20,2019-11-20T00:00:00Z,60.7400016784668,62.79999923706055,60.29999923706055,62.400001525878906,39331
2019-11-21,2019-11-21T00:00:00Z,62.439998626708984,64.02999877929688,61.93000030517578,63.970001220703125,36374
2019-11-22,2019-11-22T00:00:00Z,63.66999816894531,64.30000305175781,62.9900016784668,63.38999938964844,33785
2019-11-25,2019-11-25T00:00:00Z,63.459999084472656,63.790000915527344,62.959999084472656,63.650001525878906,25178
2019-11-26,2019-11-26T00:00:00Z,63.5099983215332,64.30999755859375,63.45000076293945,64.2699966430664,23433
2019-11-27,2019-11-27T00:00:00Z,64.13999938964844,64.5999984741211,63.529998779296875,64.05999755859375,15263
2019-11-29,2019-11-29T00:00:00Z,64.04000091552734,64.04000091552734,62.400001525878906,62.43000030517578,47386
2019-12-02,2019-12-02T00:00:00Z,60.79999923706055,62.08000183105469,60.5,60.91999816894531,39023
2019-12-03,2019-12-03T00:00:00Z,60.90999984741211,61.59000015258789,60.29999923706055,60.81999969482422,32863
2019-12-04,2019-12-04T00:00:00Z,61.15999984741211,63.529998779296875,60.9900016784668,63.0,41730
2019-12-05,2019-12-05T00:00:00Z,63.04999923706055,63.900001525878906,62.75,63.38999938964844,38903
2019-12-06,2019-12-06T00:00:00Z,63.290000915527344,64.86000061035156,62.83000183105469,64.38999938964844,43303
2019-12-09,2019-12-09T00:00:00Z,64.4000015258789,64.5,63.61000061035156,64.25,32410
2019-12-10,2019-12-10T00:00:00Z,64.0,64.68000030517578,63.77000045776367,64.33999633789062,31170
2019-12-11,2019-12-11T00:00:00Z,64.16000366210938,64.25,63.0099983215332,63.720001220703125,31647
2019-12-12,2019-12-12T00:00:00Z,63.88999938964844,64.83999633789062,63.869998931884766,64.19999694824219,32866
2019-12-13,2019-12-13T00:00:00Z,64.41000366210938,65.77999877929688,64.38999938964844,65.22000122070312,34575
2019-12-16,2019-12-16T00:00:00Z,64.9800033569336,65.6500015258789,64.87999725341797,65.33999633789062,31476
2019-12-17,2019-12-17T00:00:00Z,65.37000274658203,66.2300033569336,65.12000274658203,66.0999984741211,35092
2019-12-18,2019-12-18T00:00:00Z,65.83000183105469,66.41999816894531,65.56999969482422,66.16999816894531,31943
2019-12-19,2019-12-19T00:00:00Z,66.12000274658203,66.77999877929688,66.04000091552734,66.54000091552734,29280
2019-12-20,2019-12-20T00:00:00Z,66.5199966430664,66.70999908447266,65.7300033569336,66.13999938964844,33986
2019-12-23,2019-12-23T00:00:00Z,66.20999908447266,66.5999984741211,65.80999755859375,66.38999938964844,21599
2019-12-24,2019-12-24T00:00:00Z,66.51000213623047,67.25,66.37000274658203,67.19999694824219,18562
2019-12-26,2019-12-26T00:00:00Z,67.37000274658203,67.94999694824219,67.19000244140625,67.91999816894531,10745
2019-12-27,2019-12-27T00:00:00Z,67.91999816894531,68.29000091552734,67.58000183105469,68.16000366210938,8223
2019-12-30,2019-12-30T00:00:00Z,68.20999908447266,68.91000366210938,68.18000030517578,68.44000244140625,34100
2019-12-31,2019-12-31T00:00:00Z,66.68000030517578,66.91999816894531,65.63999938964844,66.0,30892
2020-01-02,2020-01-02T00:00:00Z,66.47000122070312,66.56999969482422,65.7300033569336,66.25,25810
2020-01-03,2020-01-03T00:00:00Z,66.29000091552734,69.4800033569336,66.22000122070312,68.5999984741211,78848
2020-01-06,2020-01-06T00:00:00Z,69.06999969482422,70.72000122070312,68.19000244140625,68.91000366210938,51933
2020-01-07,2020-01-07T00:00:00Z,68.58000183105469,68.73999786376953,67.6500015258789,68.2699966430664,41178
2020-01-08,2020-01-08T00:00:00Z,68.47000122070312,71.98999786376953,64.94000244140625,65.44000244140625,85232
2020-01-09,2020-01-09T00:00:00Z,65.79000091552734,66.08999633789062,64.55000305175781,65.37000274658203,50520
2020-01-10,2020-01-10T00:00:00Z,65.41000366210938,65.66000366210938,64.86000061035156,64.9800033569336,46595
2020-01-13,2020-01-13T00:00:00Z,65.18000030517578,65.25,63.91999816894531,64.19999694824219,35430
2020-01-14,2020-01-14T00:00:00Z,64.22000122070312,65.04000091552734,63.90999984741211,64.48999786376953,34682
2020-01-15,2020-01-15T00:00:00Z,64.45999908447266,64.61000061035156,63.54999923706055,64.0,34164
2020-01-16,2020-01-16T00:00:00Z,64.30999755859375,64.95999908447266,63.91999816894531,64.62000274658203,38391
2020-01-17,2020-01-17T00:00:00Z,64.75,65.13999938964844,64.48999786376953,64.8499984741211,35541
2020-01-21,2020-01-21T00:00:00Z,65.4000015258789,66.0,64.05999755859375,64.58999633789062,50484
2020-01-22,2020-01-22T00:00:00Z,64.54000091552734,64.58999633789062,62.529998779296875,63.209999084472656,35127
2020-01-23,2020-01-23T00:00:00Z,62.630001068115234,62.779998779296875,61.25,62.040000915527344,43330
2020-01-24,2020-01-24T00:00:00Z,62.119998931884766,62.459999084472656,60.220001220703125,60.689998626708984,43263
2020-01-27,2020-01-27T00:00:00Z,60.279998779296875,60.4900016784668,58.5,59.31999969482422,39367
2020-01-28,2020-01-28T00:00:00Z,58.95000076293945,60.11000061035156,58.5,59.5099983215332,41537
2020-01-29,2020-01-29T00:00:00Z,59.66999816894531,60.61000061035156,59.25,59.810001373291016,21453
2020-01-30,2020-01-30T00:00:00Z,59.61000061035156,59.61000061035156,57.72999954223633,58.290000915527344,17435
2020-01-31,2020-01-31T00:00:00Z,59.06999969482422,59.529998779296875,57.97999954223633,58.15999984741211,68547
2020-02-03,2020-02-03T00:00:00Z,55.849998474121094,56.7599983215332,54.06999969482422,54.45000076293945,66338
2020-02-04,2020-02-04T00:00:00Z,54.150001525878906,55.63999938964844,53.689998626708984,53.959999084472656,52393
2020-02-05,2020-02-05T00:00:00Z,53.880001068115234,56.470001220703125,53.880001068115234,55.279998779296875,56117
2020-02-06,2020-02-06T00:00:00Z,55.56999969482422,56.560001373291016,54.2400016784668,54.93000030517578,50605
2020-02-07,2020-02-07T00:00:00Z,55.36000061035156,55.470001220703125,54.209999084472656,54.470001220703125,43796
2020-02-10,2020-02-10T00:00:00Z,54.2400016784668,54.70000076293945,53.11000061035156,53.27000045776367,35920
2020-02-11,2020-02-11T00:00:00Z,53.349998474121094,54.65999984741211,53.349998474121094,54.0099983215332,36294
2020-02-12,2020-02-12T00:00:00Z,54.18000030517578,56.29999923706055,54.18000030517578,55.790000915527344,43350
2020-02-13,2020-02-13T00:00:00Z,56.34000015258789,56.83000183105469,54.970001220703125,56.34000015258789,48775
2020-02-14,2020-02-14T00:00:00Z,56.400001525878906,57.529998779296875,56.15999984741211,57.31999969482422,41913
2020-02-18,2020-02-18T00:00:00Z,57.34000015258789,57.81999969482422,56.290000915527344,57.75,47337
2020-02-19,2020-02-19T00:00:00Z,57.70000076293945,59.40999984741211,57.540000915527344,59.119998931884766,36217
2020-02-20,2020-02-20T00:00:00Z,59.34000015258789,60.02000045776367,58.900001525878906,59.310001373291016,34207
2020-02-21,2020-02-21T00:00:00Z,59.15999984741211,59.27000045776367,57.7400016784668,58.5,39006
2020-02-24,2020-02-24T00:00:00Z,58.02000045776367,58.119998931884766,55.13999938964844,56.29999923706055,28258
2020-02-25,2020-02-25T00:00:00Z,56.220001220703125,56.970001220703125,54.61000061035156,54.95000076293945,27751
2020-02-26,2020-02-26T00:00:00Z,55.08000183105469,55.439998626708984,53.040000915527344,53.43000030517578,26216
2020-02-27,2020-02-27T00:00:00Z,53.439998626708984,53.439998626708984,51.04999923706055,52.18000030517578,9616
2020-02-28,2020-02-28T00:00:00Z,51.369998931884766,51.4900016784668,50.119998931884766,50.52000045776367,53362
2020-03-02,2020-03-02T00:00:00Z,49.040000915527344,52.779998779296875,48.380001068115234,51.900001525878906,47286
2020-03-03,2020-03-03T00:00:00Z,52.97999954223633,53.869998931884766,51.2400016784668,51.86000061035156,42862
2020-03-04,2020-03-04T00:00:00Z,51.72999954223633,53.029998779296875,51.040000915527344,51.130001068115234,39712
2020-03-05,2020-03-05T00:00:00Z,51.650001525878906,52.0099983215332,49.70000076293945,49.9900016784668,39679
2020-03-06,2020-03-06T00:00:00Z,50.119998931884766,50.43000030517578,45.15999984741211,45.27000045776367,69464
2020-03-09,2020-03-09T00:00:00Z,39.2400016784668,39.2400016784668,31.25,34.36000061035156,76517
2020-03-10,2020-03-10T00:00:00Z,33.459999084472656,38.209999084472656,33.439998626708984,37.220001220703125,67054
2020-03-11,2020-03-11T00:00:00Z,37.79999923706055,39.619998931884766,35.36000061035156,35.790000915527344,60513
2020-03-12,2020-03-12T00:00:00Z,36.130001068115234,36.529998779296875,32.47999954223633,33.220001220703125,67484
2020-03-13,2020-03-13T00:00:00Z,32.86000061035156,35.9900016784668,32.16999816894531,33.849998474121094,50707
2020-03-16,2020-03-16T00:00:00Z,34.459999084472656,34.54999923706055,29.34000015258789,30.049999237060547,43527
2020-03-17,2020-03-17T00:00:00Z,29.700000762939453,31.219999313354492,28.459999084472656,28.729999542236328,32969
2020-03-18,2020-03-18T00:00:00Z,28.65999984741211,29.190000534057617,24.510000228881836,24.8799991607666,47500
2020-03-19,2020-03-19T00:00:00Z,26.440000534057617,29.3799991607666,24.979999542236328,28.469999313354492,41724
2020-03-20,2020-03-20T00:00:00Z,28.0,30.93000030517578,26.790000915527344,26.979999542236328,51866
2020-03-23,2020-03-23T00:00:00Z,26.5,27.520000457763672,24.68000030517578,27.030000686645508,31642
2020-03-24,2020-03-24T00:00:00Z,27.639999389648438,28.639999389648438,26.690000534057617,27.149999618530273,30946
2020-03-25,2020-03-25T00:00:00Z,27.600000381469727,28.280000686645508,25.729999542236328,27.389999389648438,27352
2020-03-26,2020-03-26T00:00:00Z,27.59000015258789,27.670000076293945,26.040000915527344,26.34000015258789,26819
2020-03-27,2020-03-27T00:00:00Z,26.709999084472656,27.0,24.170000076293945,24.93000030517578,23547
2020-03-30,2020-03-30T00:00:00Z,24.0,24.25,21.690000534057617,22.760000228881836,9112
2020-03-31,2020-03-31T00:00:00Z,22.959999084472656,23.860000610351562,22.579999923706055,22.739999771118164,40694
2020-04-01,2020-04-01T00:00:00Z,25.93000030517578,26.270000457763672,24.540000915527344,24.739999771118164,43466
2020-04-02,2020-04-02T00:00:00Z,25.6299991607666,32.599998474121094,25.43000030517578,29.940000534057617,65518
2020-04-03,2020-04-03T00:00:00Z,29.959999084472656,35.0,28.280000686645508,34.11000061035156,55373
2020-04-06,2020-04-06T00:00:00Z,31.25,34.22999954223633,30.549999237060547,33.04999923706055,36779
2020-04-07,2020-04-07T00:00:00Z,33.310001373291016,34.18000030517578,31.729999542236328,31.8700008392334,36246
2020-04-08,2020-04-08T00:00:00Z,32.40999984741211,33.869998931884766,31.549999237060547,32.84000015258789,39293
2020-04-09,2020-04-09T00:00:00Z,33.65999984741211,36.43000030517578,31.239999771118164,31.479999542236328,48214
2020-04-13,2020-04-13T00:00:00Z,33.0,33.22999954223633,30.639999389648438,31.739999771118164,28098
2020-04-14,2020-04-14T00:00:00Z,32.09000015258789,32.380001068115234,29.399999618530273,29.600000381469727,32146
2020-04-15,2020-04-15T00:00:00Z,30.010000228881836,30.420000076293945,27.170000076293945,27.690000534057617,32129
2020-04-16,2020-04-16T00:00:00Z,28.059999465942383,29.010000228881836,27.200000762939453,27.81999969482422,30922
2020-04-17,2020-04-17T00:00:00Z,28.469999313354492,29.0,27.600000381469727,28.079999923706055,44417
2020-04-20,2020-04-20T00:00:00Z,28.049999237060547,28.239999771118164,25.3799991607666,25.56999969482422,46467
2020-04-21,2020-04-21T00:00:00Z,25.959999084472656,27.229999542236328,17.520000457763672,19.329999923706055,83111
2020-04-22,2020-04-22T00:00:00Z,19.559999465942383,22.459999084472656,16.0,20.3700008392334,51051
2020-04-23,2020-04-23T00:00:00Z,21.299999237060547,23.18000030517578,20.059999465942383,21.329999923706055,44993
2020-04-24,2020-04-24T00:00:00Z,21.790000915527344,22.670000076293945,20.510000228881836,21.440000534057617,36158
2020-04-27,2020-04-27T00:00:00Z,21.299999237060547,21.90999984741211,19.110000610351562,19.989999771118164,25906
2020-04-28,2020-04-28T00:00:00Z,20.170000076293945,21.270000457763672,18.729999542236328,20.459999084472656,21996
2020-04-29,2020-04-29T00:00:00Z,20.75,23.829999923706055,20.350000381469727,22.540000915527344,14425
2020-04-30,2020-04-30T00:00:00Z,23.110000610351562,25.809999465942383,23.110000610351562,25.270000457763672,42900
2020-05-01,2020-05-01T00:00:00Z,26.719999313354492,27.950000762939453,25.75,26.440000534057617,28681
2020-05-04,2020-05-04T00:00:00Z,26.209999084472656,28.079999923706055,25.479999542236328,27.200000762939453,30309
2020-05-05,2020-05-05T00:00:00Z,27.940000534057617,31.690000534057617,27.799999237060547,30.969999313354492,38518
2020-05-06,2020-05-06T00:00:00Z,31.8799991607666,32.4900016784668,28.670000076293945,29.719999313354492,37505
2020-05-07,2020-05-07T00:00:00Z,30.1200008392334,31.84000015258789,29.06999969482422,29.459999084472656,36701
2020-05-08,2020-05-08T00:00:00Z,29.43000030517578,31.1299991607666,29.399999618530273,30.969999313354492,20277
2020-05-11,2020-05-11T00:00:00Z,30.68000030517578,31.450000762939453,29.360000610351562,29.6299991607666,33638
2020-05-12,2020-05-12T00:00:00Z,30.06999969482422,30.68000030517578,29.450000762939453,29.979999542236328,25820
2020-05-13,2020-05-13T00:00:00Z,29.469999313354492,30.540000915527344,28.8700008392334,29.190000534057617,25072
2020-05-14,2020-05-14T00:00:00Z,29.389999389648438,31.489999771118164,28.899999618530273,31.1299991607666,25953
2020-05-15,2020-05-15T00:00:00Z,31.350000381469727,32.900001525878906,30.959999084472656,32.5,29410
2020-05-18,2020-05-18T00:00:00Z,32.709999084472656,35.720001220703125,32.709999084472656,34.810001373291016,28869
2020-05-19,2020-05-19T00:00:00Z,35.439998626708984,35.86000061035156,34.20000076293945,34.650001525878906,24952
2020-05-20,2020-05-20T00:00:00Z,34.43000030517578,36.400001525878906,34.369998931884766,35.75,25571
2020-05-21,2020-05-21T00:00:00Z,35.79999923706055,36.97999954223633,35.709999084472656,36.060001373291016,29933
2020-05-22,2020-05-22T00:00:00Z,35.939998626708984,36.22999954223633,33.54999923706055,35.130001068115234,31482
2020-05-26,2020-05-26T00:00:00Z,35.130001068115234,36.68000030517578,34.459999084472656,36.16999816894531,29328
2020-05-27,2020-05-27T00:00:00Z,36.099998474121094,36.18000030517578,34.0,34.7400016784668,16676
2020-05-28,2020-05-28T00:00:00Z,34.34000015258789,35.88999938964844,33.38999938964844,35.290000915527344,9367
2020-05-29,2020-05-29T00:00:00Z,35.029998779296875,35.36000061035156,34.18000030517578,35.33000183105469,32101
2020-06-01,2020-06-01T00:00:00Z,37.540000915527344,38.68000030517578,37.16999816894531,38.31999969482422,26475
2020-06-02,2020-06-02T00:00:00Z,38.47999954223633,39.790000915527344,38.34000015258789,39.56999969482422,27662
2020-06-03,2020-06-03T00:00:00Z,39.52000045776367,40.529998779296875,38.75,39.790000915527344,34099
2020-06-04,2020-06-04T00:00:00Z,39.380001068115234,40.099998474121094,39.060001373291016,39.9900016784668,22661
2020-06-05,2020-06-05T00:00:00Z,39.93000030517578,42.47999954223633,39.720001220703125,42.29999923706055,28827
2020-06-08,2020-06-08T00:00:00Z,42.40999984741211,43.43000030517578,40.68000030517578,40.79999923706055,28718
2020-06-09,2020-06-09T00:00:00Z,40.95000076293945,41.43000030517578,39.849998474121094,41.18000030517578,26258
2020-06-10,2020-06-10T00:00:00Z,40.869998931884766,41.9900016784668,40.130001068115234,41.72999954223633,23565
2020-06-11,2020-06-11T00:00:00Z,41.310001373291016,41.310001373291016,37.83000183105469,38.54999923706055,36881
2020-06-12,2020-06-12T00:00:00Z,38.380001068115234,39.439998626708984,37.0,38.72999954223633,29653
2020-06-15,2020-06-15T00:00:00Z,38.689998626708984,39.880001068115234,37.2400016784668,39.720001220703125,30674
2020-06-16,2020-06-16T00:00:00Z,39.77000045776367,41.65999984741211,38.970001220703125,40.959999084472656,35087
2020-06-17,2020-06-17T00:00:00Z,40.709999084472656,41.45000076293945,40.029998779296875,40.709999084472656,29078
2020-06-18,2020-06-18T00:00:00Z,40.58000183105469,41.63999938964844,40.04999923706055,41.5099983215332,31042
2020-06-19,2020-06-19T00:00:00Z,41.41999816894531,42.93000030517578,41.0099983215332,42.189998626708984,34079
2020-06-22,2020-06-22T00:00:00Z,41.54999923706055,43.16999816894531,41.5099983215332,43.08000183105469,24433
2020-06-23,2020-06-23T00:00:00Z,43.16999816894531,43.93000030517578,42.209999084472656,42.630001068115234,27036
2020-06-24,2020-06-24T00:00:00Z,42.33000183105469,42.88999938964844,39.619998931884766,40.310001373291016,28537
2020-06-25,2020-06-25T00:00:00Z,40.43000030517578,41.63999938964844,39.470001220703125,41.04999923706055,32530
2020-06-26,2020-06-26T00:00:00Z,41.470001220703125,41.779998779296875,40.290000915527344,41.02000045776367,13481
2020-06-29,2020-06-29T00:00:00Z,40.310001373291016,41.939998626708984,40.060001373291016,41.709999084472656,9783
2020-06-30,2020-06-30T00:00:00Z,41.54999923706055,41.619998931884766,40.939998626708984,41.150001525878906,29381
2020-07-01,2020-07-01T00:00:00Z,41.720001220703125,42.619998931884766,41.029998779296875,42.029998779296875,26731
2020-07-02,2020-07-02T00:00:00Z,42.02000045776367,43.220001220703125,41.75,43.13999938964844,21825
2020-07-06,2020-07-06T00:00:00Z,42.75,43.709999084472656,42.75,43.099998474121094,28969
2020-07-07,2020-07-07T00:00:00Z,43.150001525878906,43.45000076293945,42.459999084472656,43.08000183105469,18827
2020-07-08,2020-07-08T00:00:00Z,42.959999084472656,43.459999084472656,42.779998779296875,43.290000915527344,19171
2020-07-09,2020-07-09T00:00:00Z,43.380001068115234,43.5,41.93000030517578,42.349998474121094,23249
2020-07-10,2020-07-10T00:00:00Z,42.400001525878906,43.40999984741211,41.31999969482422,43.2400016784668,24083
2020-07-13,2020-07-13T00:00:00Z,43.11000061035156,43.33000183105469,42.189998626708984,42.720001220703125,22911
2020-07-14,2020-07-14T00:00:00Z,42.31999969482422,43.20000076293945,41.79999923706055,42.900001525878906,21724
2020-07-15,2020-07-15T00:00:00Z,43.150001525878906,43.84000015258789,42.70000076293945,43.790000915527344,23596
2020-07-16,2020-07-16T00:00:00Z,43.63999938964844,43.810001373291016,43.13999938964844,43.369998931884766,20484
2020-07-17,2020-07-17T00:00:00Z,43.34000015258789,43.459999084472656,42.630001068115234,43.13999938964844,21774
2020-07-20,2020-07-20T00:00:00Z,43.09000015258789,43.43000030517578,42.369998931884766,43.279998779296875,18019
2020-07-21,2020-07-21T00:00:00Z,43.18000030517578,44.880001068115234,43.119998931884766,44.31999969482422,24167
2020-07-22,2020-07-22T00:00:00Z,43.900001525878906,44.400001525878906,43.619998931884766,44.290000915527344,19676
2020-07-23,2020-07-23T00:00:00Z,44.349998474121094,44.77000045776367,43.130001068115234,43.310001373291016,25759
2020-07-24,2020-07-24T00:00:00Z,43.36000061035156,43.900001525878906,42.79999923706055,43.34000015258789,21918
2020-07-27,2020-07-27T00:00:00Z,43.400001525878906,43.77000045776367,42.380001068115234,43.40999984741211,22507
2020-07-28,2020-07-28T00:00:00Z,43.619998931884766,43.81999969482422,43.0099983215332,43.220001220703125,17828
2020-07-29,2020-07-29T00:00:00Z,43.29999923706055,43.939998626708984,43.20000076293945,43.75,10911
2020-07-30,2020-07-30T00:00:00Z,43.79999923706055,43.81999969482422,41.380001068115234,42.939998626708984,8373
2020-07-31,2020-07-31T00:00:00Z,43.31999969482422,43.52000045776367,43.06999969482422,43.29999923706055,23641
2020-08-03,2020-08-03T00:00:00Z,43.54999923706055,44.45000076293945,42.88999938964844,44.150001525878906,26883
2020-08-04,2020-08-04T00:00:00Z,43.90999984741211,44.81999969482422,43.2400016784668,44.43000030517578,27305
2020-08-05,2020-08-05T00:00:00Z,44.400001525878906,46.2400016784668,44.25,45.16999816894531,29337
2020-08-06,2020-08-06T00:00:00Z,45.2400016784668,45.709999084472656,44.849998474121094,45.09000015258789,23131
2020-08-07,2020-08-07T00:00:00Z,45.119998931884766,45.25,44.2599983215332,44.400001525878906,20363
2020-08-10,2020-08-10T00:00:00Z,44.61000061035156,45.2599983215332,44.400001525878906,44.9900016784668,13672
2020-08-11,2020-08-11T00:00:00Z,44.9900016784668,45.779998779296875,44.40999984741211,44.5,19786
2020-08-12,2020-08-12T00:00:00Z,44.58000183105469,45.619998931884766,44.5099983215332,45.43000030517578,16995
2020-08-13,2020-08-13T00:00:00Z,45.43000030517578,45.58000183105469,44.81999969482422,44.959999084472656,13877
2020-08-14,2020-08-14T00:00:00Z,45.04999923706055,45.41999816894531,44.47999954223633,44.79999923706055,16681
2020-08-17,2020-08-17T00:00:00Z,44.959999084472656,45.41999816894531,44.5,45.369998931884766,19441
2020-08-18,2020-08-18T00:00:00Z,45.380001068115234,45.540000915527344,44.77000045776367,45.459999084472656,18063
2020-08-19,2020-08-19T00:00:00Z,45.040000915527344,45.4900016784668,44.810001373291016,45.369998931884766,18063
2020-08-20,2020-08-20T00:00:00Z,45.27000045776367,45.27000045776367,44.0099983215332,44.900001525878906,24042
2020-08-21,2020-08-21T00:00:00Z,44.90999984741211,45.119998931884766,43.599998474121094,44.349998474121094,25495
2020-08-24,2020-08-24T00:00:00Z,44.41999816894531,45.16999816894531,44.279998779296875,45.130001068115234,21033
2020-08-25,2020-08-25T00:00:00Z,44.9900016784668,46.040000915527344,44.9900016784668,45.86000061035156,23808
2020-08-26,2020-08-26T00:00:00Z,45.97999954223633,46.09000015258789,45.54999923706055,45.63999938964844,16657
2020-08-27,2020-08-27T00:00:00Z,45.619998931884766,45.81999969482422,44.560001373291016,45.09000015258789,10776
2020-08-28,2020-08-28T00:00:00Z,45.04999923706055,45.290000915527344,44.81999969482422,45.04999923706055,21040
2020-08-31,2020-08-31T00:00:00Z,45.709999084472656,46.5099983215332,45.220001220703125,45.279998779296875,18967
2020-09-01,2020-09-01T00:00:00Z,45.56999969482422,46.220001220703125,45.470001220703125,45.58000183105469,19914
2020-09-02,2020-09-02T00:00:00Z,45.849998474121094,46.040000915527344,44.20000076293945,44.43000030517578,31416
2020-09-03,2020-09-03T00:00:00Z,44.369998931884766,44.61000061035156,43.15999984741211,44.06999969482422,30615
2020-09-04,2020-09-04T00:00:00Z,43.869998931884766,44.540000915527344,42.29999923706055,42.65999984741211,32210
2020-09-08,2020-09-08T00:00:00Z,42.220001220703125,42.45000076293945,39.29999923706055,39.779998779296875,52172
2020-09-09,2020-09-09T00:00:00Z,39.79999923706055,41.20000076293945,39.279998779296875,40.790000915527344,30286
2020-09-10,2020-09-10T00:00:00Z,40.63999938964844,40.95000076293945,39.720001220703125,40.060001373291016,24171
2020-09-11,2020-09-11T00:00:00Z,39.95000076293945,40.349998474121094,39.380001068115234,39.83000183105469,24576
2020-09-14,2020-09-14T00:00:00Z,39.77000045776367,40.09000015258789,39.310001373291016,39.61000061035156,22118
2020-09-15,2020-09-15T00:00:00Z,39.65999984741211,40.81999969482422,39.38999938964844,40.529998779296875,25333
2020-09-16,2020-09-16T00:00:00Z,40.75,42.439998626708984,40.58000183105469,42.220001220703125,29327
2020-09-17,2020-09-17T00:00:00Z,42.2599983215332,43.5099983215332,41.52000045776367,43.29999923706055,27245
2020-09-18,2020-09-18T00:00:00Z,43.2599983215332,43.810001373291016,42.529998779296875,43.150001525878906,26032
2020-09-21,2020-09-21T00:00:00Z,43.02000045776367,43.279998779296875,40.97999954223633,41.439998626708984,24298
2020-09-22,2020-09-22T00:00:00Z,41.790000915527344,42.189998626708984,41.209999084472656,41.720001220703125,19914
2020-09-23,2020-09-23T00:00:00Z,41.7400016784668,42.63999938964844,41.25,41.77000045776367,23779
2020-09-24,2020-09-24T00:00:00Z,41.5,42.02000045776367,41.119998931884766,41.939998626708984,21940
2020-09-25,2020-09-25T00:00:00Z,41.93000030517578,42.33000183105469,41.529998779296875,41.91999816894531,17141
2020-09-28,2020-09-28T00:00:00Z,41.849998474121094,42.619998931884766,41.47999954223633,42.43000030517578,11999
2020-09-29,2020-09-29T00:00:00Z,42.43000030517578,42.52000045776367,40.439998626708984,41.029998779296875,8209
2020-09-30,2020-09-30T00:00:00Z,40.75,40.970001220703125,40.41999816894531,40.95000076293945,35524
2020-10-01,2020-10-01T00:00:00Z,42.02000045776367,42.560001373291016,39.91999816894531,40.93000030517578,36595
2020-10-02,2020-10-02T00:00:00Z,40.790000915527344,40.81999969482422,38.790000915527344,39.27000045776367,37290
2020-10-05,2020-10-05T00:00:00Z,39.220001220703125,41.779998779296875,39.209999084472656,41.290000915527344,30456
2020-10-06,2020-10-06T00:00:00Z,41.52000045776367,42.84000015258789,41.220001220703125,42.650001525878906,37426
2020-10-07,2020-10-07T00:00:00Z,41.939998626708984,42.41999816894531,41.36000061035156,41.9900016784668,30170
2020-10-08,2020-10-08T00:00:00Z,42.060001373291016,43.470001220703125,41.86000061035156,43.34000015258789,33351
2020-10-09,2020-10-09T00:00:00Z,43.40999984741211,43.560001373291016,42.61000061035156,42.849998474121094,26041
2020-10-12,2020-10-12T00:00:00Z,42.689998626708984,42.810001373291016,41.349998474121094,41.720001220703125,24754
2020-10-13,2020-10-13T00:00:00Z,41.83000183105469,42.66999816894531,41.650001525878906,42.45000076293945,22528
2020-10-14,2020-10-14T00:00:00Z,42.41999816894531,43.43000030517578,42.130001068115234,43.31999969482422,28837
2020-10-15,2020-10-15T00:00:00Z,43.40999984741211,43.599998474121094,41.560001373291016,43.15999984741211,40144
2020-10-16,2020-10-16T00:00:00Z,43.040000915527344,43.20000076293945,42.27000045776367,42.93000030517578,24159
2020-10-19,2020-10-19T00:00:00Z,42.7400016784668,43.220001220703125,42.369998931884766,42.619998931884766,26265
2020-10-20,2020-10-20T00:00:00Z,42.43000030517578,43.310001373291016,42.189998626708984,43.15999984741211,31677
2020-10-21,2020-10-21T00:00:00Z,42.81999969482422,43.040000915527344,41.459999084472656,41.72999954223633,31681
2020-10-22,2020-10-22T00:00:00Z,41.720001220703125,42.790000915527344,41.470001220703125,42.459999084472656,30590
2020-10-23,2020-10-23T00:00:00Z,42.439998626708984,42.79999923706055,41.5,41.77000045776367,26207
2020-10-26,2020-10-26T00:00:00Z,41.630001068115234,41.630001068115234,40.220001220703125,40.459999084472656,28463
2020-10-27,2020-10-27T00:00:00Z,40.52000045776367,41.470001220703125,40.400001525878906,41.20000076293945,26720
2020-10-28,2020-10-28T00:00:00Z,40.709999084472656,40.709999084472656,38.7400016784668,39.119998931884766,21228
2020-10-29,2020-10-29T00:00:00Z,39.31999969482422,39.5,36.68000030517578,37.650001525878906,14205
2020-10-30,2020-10-30T00:00:00Z,37.619998931884766,38.02000045776367,37.0,37.459999084472656,43651
2020-11-02,2020-11-02T00:00:00Z,37.41999816894531,39.34000015258789,35.72999954223633,38.970001220703125,40454
2020-11-03,2020-11-03T00:00:00Z,39.220001220703125,40.439998626708984,38.650001525878906,39.709999084472656,39534
2020-11-04,2020-11-04T00:00:00Z,40.150001525878906,41.34000015258789,39.40999984741211,41.22999954223633,39329
2020-11-05,2020-11-05T00:00:00Z,41.16999816894531,41.52000045776367,40.34000015258789,40.93000030517578,30961
2020-11-06,2020-11-06T00:00:00Z,40.77000045776367,40.779998779296875,39.33000183105469,39.45000076293945,33078
2020-11-09,2020-11-09T00:00:00Z,39.70000076293945,43.4900016784668,39.61000061035156,42.400001525878906,55156
2020-11-10,2020-11-10T00:00:00Z,42.130001068115234,44.06999969482422,41.54999923706055,43.61000061035156,41973
2020-11-11,2020-11-11T00:00:00Z,43.959999084472656,45.310001373291016,43.61000061035156,43.79999923706055,43047
2020-11-12,2020-11-12T00:00:00Z,43.779998779296875,44.47999954223633,43.279998779296875,43.529998779296875,36578
2020-11-13,2020-11-13T00:00:00Z,43.33000183105469,43.34000015258789,42.630001068115234,42.779998779296875,34737
2020-11-16,2020-11-16T00:00:00Z,42.72999954223633,44.68000030517578,42.63999938964844,43.81999969482422,37770
2020-11-17,2020-11-17T00:00:00Z,43.900001525878906,44.22999954223633,43.08000183105469,43.75,27858
2020-11-18,2020-11-18T00:00:00Z,43.779998779296875,44.880001068115234,43.4900016784668,44.34000015258789,28668
2020-11-19,2020-11-19T00:00:00Z,44.15999984741211,44.58000183105469,43.790000915527344,44.20000076293945,25836
2020-11-20,2020-11-20T00:00:00Z,44.220001220703125,45.189998626708984,44.0,44.959999084472656,24489
2020-11-23,2020-11-23T00:00:00Z,45.130001068115234,46.119998931884766,44.900001525878906,46.060001373291016,35378
2020-11-24,2020-11-24T00:00:00Z,45.84000015258789,48.029998779296875,45.84000015258789,47.86000061035156,31692
2020-11-25,2020-11-25T00:00:00Z,47.86000061035156,49.04999923706055,47.599998474121094,48.61000061035156,24897
2020-11-27,2020-11-27T00:00:00Z,48.900001525878906,49.06999969482422,47.36000061035156,48.18000030517578,12454
2020-11-30,2020-11-30T00:00:00Z,47.75,47.95000076293945,46.849998474121094,47.59000015258789,37651
2020-12-01,2020-12-01T00:00:00Z,47.70000076293945,48.29999923706055,46.88999938964844,47.41999816894531,31987
2020-12-02,2020-12-02T00:00:00Z,47.13999938964844,48.75,46.77000045776367,48.25,35514
2020-12-03,2020-12-03T00:00:00Z,48.08000183105469,48.93000030517578,47.68000030517578,48.709999084472656,36526
2020-12-04,2020-12-04T00:00:00Z,48.81999969482422,49.86000061035156,48.77000045776367,49.25,31658
2020-12-07,2020-12-07T00:00:00Z,49.22999954223633,49.43000030517578,48.38999938964844,48.790000915527344,23896
2020-12-08,2020-12-08T00:00:00Z,48.68000030517578,49.0,48.11000061035156,48.84000015258789,27102
2020-12-09,2020-12-09T00:00:00Z,48.83000183105469,49.540000915527344,48.380001068115234,48.86000061035156,36534
2020-12-10,2020-12-10T00:00:00Z,48.97999954223633,51.06999969482422,48.86000061035156,50.25,30919
2020-12-11,2020-12-11T00:00:00Z,50.34000015258789,50.7400016784668,49.75,49.970001220703125,25222
2020-12-14,2020-12-14T00:00:00Z,50.060001373291016,50.79999923706055,49.18000030517578,50.290000915527344,28782
2020-12-15,2020-12-15T00:00:00Z,50.33000183105469,50.880001068115234,49.790000915527344,50.7599983215332,24071
2020-12-16,2020-12-16T00:00:00Z,50.720001220703125,51.20000076293945,50.36000061035156,51.08000183105469,25996
2020-12-17,2020-12-17T00:00:00Z,51.08000183105469,51.880001068115234,51.0099983215332,51.5,24947
2020-12-18,2020-12-18T00:00:00Z,51.45000076293945,52.470001220703125,51.13999938964844,52.2599983215332,24749
2020-12-21,2020-12-21T00:00:00Z,52.310001373291016,52.34000015258789,49.209999084472656,50.90999984741211,33507
2020-12-22,2020-12-22T00:00:00Z,50.900001525878906,50.93000030517578,49.560001373291016,50.08000183105469,22381
2020-12-23,2020-12-23T00:00:00Z,49.79999923706055,51.59000015258789,49.18000030517578,51.20000076293945,18879
2020-12-24,2020-12-24T00:00:00Z,51.099998474121094,51.7599983215332,50.63999938964844,51.290000915527344,11666
2020-12-28,2020-12-28T00:00:00Z,51.20000076293945,52.02000045776367,50.52000045776367,50.86000061035156,9704
2020-12-29,2020-12-29T00:00:00Z,51.060001373291016,51.630001068115234,50.869998931884766,51.09000015258789,5788
2020-12-30,2020-12-30T00:00:00Z,51.04999923706055,51.52000045776367,51.04999923706055,51.34000015258789,23958
2020-12-31,2020-12-31T00:00:00Z,51.5099983215332,51.90999984741211,50.900001525878906,51.79999923706055,18326
2021-01-04,2021-01-04T00:00:00Z,51.65999984741211,53.31999969482422,50.58000183105469,51.09000015258789,50232
2021-01-05,2021-01-05T00:00:00Z,50.7400016784668,53.880001068115234,50.619998931884766,53.599998474121094,62791
2021-01-06,2021-01-06T00:00:00Z,53.59000015258789,54.720001220703125,53.150001525878906,54.29999923706055,49186
2021-01-07,2021-01-07T00:00:00Z,54.13999938964844,54.900001525878906,53.939998626708984,54.380001068115234,30800
2021-01-08,2021-01-08T00:00:00Z,54.459999084472656,56.29999923706055,54.36000061035156,55.9900016784668,37597
2021-01-11,2021-01-11T00:00:00Z,56.209999084472656,56.279998779296875,54.97999954223633,55.65999984741211,33199
2021-01-12,2021-01-12T00:00:00Z,55.560001373291016,56.779998779296875,55.529998779296875,56.58000183105469,27874
2021-01-13,2021-01-13T00:00:00Z,56.72999954223633,57.41999816894531,55.779998779296875,56.060001373291016,32953
2021-01-14,2021-01-14T00:00:00Z,55.939998626708984,56.540000915527344,55.2400016784668,56.41999816894531,33446
2021-01-15,2021-01-15T00:00:00Z,56.43000030517578,56.63999938964844,54.650001525878906,55.099998474121094,30604
2021-01-19,2021-01-19T00:00:00Z,54.7400016784668,56.08000183105469,54.5,55.900001525878906,36910
2021-01-20,2021-01-20T00:00:00Z,55.900001525878906,56.619998931884766,55.650001525878906,56.08000183105469,33793
2021-01-21,2021-01-21T00:00:00Z,55.779998779296875,56.2400016784668,55.5099983215332,56.099998474121094,22792
2021-01-22,2021-01-22T00:00:00Z,56.150001525878906,56.16999816894531,54.4900016784668,55.40999984741211,33071
2021-01-25,2021-01-25T00:00:00Z,55.20000076293945,56.02000045776367,55.09000015258789,55.880001068115234,24457
2021-01-26,2021-01-26T00:00:00Z,55.97999954223633,56.34000015258789,55.400001525878906,55.90999984741211,19102
2021-01-27,2021-01-27T00:00:00Z,56.08000183105469,56.47999954223633,55.20000076293945,55.810001373291016,20094
2021-01-28,2021-01-28T00:00:00Z,55.66999816894531,56.59000015258789,55.220001220703125,55.529998779296875,6141
2021-01-29,2021-01-29T00:00:00Z,55.52000045776367,56.349998474121094,55.43000030517578,55.880001068115234,37454
2021-02-01,2021-02-01T00:00:00Z,54.900001525878906,56.529998779296875,54.619998931884766,56.349998474121094,34234
2021-02-02,2021-02-02T00:00:00Z,56.290000915527344,58.04999923706055,56.220001220703125,57.459999084472656,34815
2021-02-03,2021-02-03T00:00:00Z,57.790000915527344,58.939998626708984,57.529998779296875,58.459999084472656,34146
2021-02-04,2021-02-04T00:00:00Z,58.66999816894531,59.04999923706055,58.060001373291016,58.84000015258789,24732
2021-02-05,2021-02-05T00:00:00Z,59.099998474121094,59.790000915527344,59.08000183105469,59.34000015258789,23510
2021-02-08,2021-02-08T00:00:00Z,59.560001373291016,60.70000076293945,59.54999923706055,60.560001373291016,21098
2021-02-09,2021-02-09T00:00:00Z,60.63999938964844,61.27000045776367,60.040000915527344,61.09000015258789,31230
2021-02-10,2021-02-10T00:00:00Z,61.22999954223633,61.68000030517578,60.88999938964844,61.470001220703125,28344
2021-02-11,2021-02-11T00:00:00Z,61.209999084472656,61.5,60.72999954223633,61.13999938964844,26169
2021-02-12,2021-02-12T00:00:00Z,60.86000061035156,62.83000183105469,60.34000015258789,62.43000030517578,36933
2021-02-16,2021-02-16T00:00:00Z,62.77000045776367,63.810001373291016,62.689998626708984,63.349998474121094,65492
2021-02-17,2021-02-17T00:00:00Z,63.54999923706055,64.94999694824219,62.75,64.33999633789062,47339
2021-02-18,2021-02-18T00:00:00Z,64.87000274658203,65.48999786376953,63.22999954223633,63.93000030517578,43309
2021-02-19,2021-02-19T00:00:00Z,63.650001525878906,63.93000030517578,62.11000061035156,62.90999984741211,54254
2021-02-22,2021-02-22T00:00:00Z,62.72999954223633,65.83999633789062,62.59000015258789,65.23999786376953,32173
2021-02-23,2021-02-23T00:00:00Z,65.66000366210938,66.79000091552734,64.4800033569336,65.37000274658203,34643
2021-02-24,2021-02-24T00:00:00Z,65.2300033569336,67.29000091552734,64.80000305175781,67.04000091552734,27000
2021-02-25,2021-02-25T00:00:00Z,67.33999633789062,67.69999694824219,66.48999786376953,66.87999725341797,11746
2021-02-26,2021-02-26T00:00:00Z,66.70999908447266,66.87999725341797,65.69999694824219,66.12999725341797,42394
2021-03-01,2021-03-01T00:00:00Z,64.70999908447266,65.91000366210938,63.18000030517578,63.689998626708984,33869
2021-03-02,2021-03-02T00:00:00Z,63.38999938964844,64.12999725341797,62.369998931884766,62.70000076293945,37996
2021-03-03,2021-03-03T00:00:00Z,62.470001220703125,64.69999694824219,62.34000015258789,64.06999969482422,35401
2021-03-04,2021-03-04T00:00:00Z,63.939998626708984,67.7300033569336,63.36000061035156,66.73999786376953,67790
2021-03-05,2021-03-05T00:00:00Z,67.26000213623047,69.69000244140625,66.66000366210938,69.36000061035156,40754
2021-03-08,2021-03-08T00:00:00Z,69.9000015258789,71.36000061035156,67.80999755859375,68.23999786376953,37511
2021-03-09,2021-03-09T00:00:00Z,68.0999984741211,69.31999969482422,67.13999938964844,67.5199966430664,30989
2021-03-10,2021-03-10T00:00:00Z,67.33000183105469,68.43000030517578,66.5199966430664,67.9000015258789,37089
2021-03-11,2021-03-11T00:00:00Z,68.26000213623047,69.83000183105469,68.0,69.62999725341797,30629
2021-03-12,2021-03-12T00:00:00Z,69.58999633789062,69.9000015258789,69.02999877929688,69.22000122070312,27364
2021-03-15,2021-03-15T00:00:00Z,69.12000274658203,70.0199966430664,67.83000183105469,68.87999725341797,30212
2021-03-16,2021-03-16T00:00:00Z,68.86000061035156,68.95999908447266,67.36000061035156,68.38999938964844,27321
2021-03-17,2021-03-17T00:00:00Z,68.38999938964844,68.87999725341797,66.95999908447266,68.0,37607
2021-03-18,2021-03-18T00:00:00Z,67.93000030517578,68.1500015258789,61.41999816894531,63.279998779296875,61688
2021-03-19,2021-03-19T00:00:00Z,62.83000183105469,64.9000015258789,62.08000183105469,64.52999877929688,54241
2021-03-22,2021-03-22T00:00:00Z,64.66000366210938,65.06999969482422,63.45000076293945,64.62000274658203,29644
2021-03-23,2021-03-23T00:00:00Z,64.30999755859375,64.33999633789062,60.2599983215332,60.790000915527344,43200
2021-03-24,2021-03-24T00:00:00Z,60.349998474121094,64.55999755859375,60.34000015258789,64.41000366210938,36451
2021-03-25,2021-03-25T00:00:00Z,64.1500015258789,64.1500015258789,60.97999954223633,61.95000076293945,27894
2021-03-26,2021-03-26T00:00:00Z,61.7400016784668,64.87999725341797,61.7400016784668,64.56999969482422,23364
2021-03-29,2021-03-29T00:00:00Z,64.04000091552734,65.44999694824219,63.13999938964844,64.9800033569336,18231
2021-03-30,2021-03-30T00:00:00Z,65.30999755859375,65.6500015258789,63.63999938964844,64.13999938964844,4695
2021-03-31,2021-03-31T00:00:00Z,64.4800033569336,64.69000244140625,63.540000915527344,63.540000915527344,38444
2021-04-01,2021-04-01T00:00:00Z,62.9900016784668,65.16000366210938,62.369998931884766,64.86000061035156,66715
2021-04-05,2021-04-05T00:00:00Z,64.80999755859375,64.80999755859375,61.2400016784668,62.150001525878906,37285
2021-04-06,2021-04-06T00:00:00Z,62.29999923706055,64.2699966430664,62.08000183105469,62.7400016784668,44319
2021-04-07,2021-04-07T00:00:00Z,62.68000030517578,63.52000045776367,61.599998474121094,63.15999984741211,42225
2021-04-08,2021-04-08T00:00:00Z,62.97999954223633,63.41999816894531,62.380001068115234,63.20000076293945,32283
2021-04-09,2021-04-09T00:00:00Z,63.290000915527344,63.459999084472656,62.56999969482422,62.95000076293945,29073
2021-04-12,2021-04-12T00:00:00Z,63.02000045776367,64.30999755859375,62.40999984741211,63.279998779296875,36366
2021-04-13,2021-04-13T00:00:00Z,63.2400016784668,64.18000030517578,63.22999954223633,63.66999816894531,26957
2021-04-14,2021-04-14T00:00:00Z,64.01000213623047,66.9000015258789,63.88999938964844,66.58000183105469,35988
2021-04-15,2021-04-15T00:00:00Z,66.3499984741211,67.02999877929688,65.95999908447266,66.94000244140625,23442
2021-04-16,2021-04-16T00:00:00Z,66.86000061035156,67.37999725341797,66.44999694824219,66.7699966430664,24035
2021-04-19,2021-04-19T00:00:00Z,66.69000244140625,67.2300033569336,66.19000244140625,67.05000305175781,19740
2021-04-20,2021-04-20T00:00:00Z,67.12000274658203,68.08000183105469,65.5,66.56999969482422,40194
2021-04-21,2021-04-21T00:00:00Z,66.36000061035156,66.5199966430664,64.95999908447266,65.31999969482422,32764
2021-04-22,2021-04-22T00:00:00Z,65.11000061035156,65.83999633789062,64.58000183105469,65.4000015258789,26722
2021-04-23,2021-04-23T00:00:00Z,65.62000274658203,66.30999755859375,65.16999816894531,66.11000061035156,22397
2021-04-26,2021-04-26T00:00:00Z,66.0199966430664,66.25,64.56999969482422,65.6500015258789,27250
2021-04-27,2021-04-27T00:00:00Z,65.7699966430664,66.80000305175781,65.69999694824219,66.41999816894531,33604
2021-04-28,2021-04-28T00:00:00Z,66.66000366210938,67.86000061035156,66.16000366210938,67.2699966430664,24119
2021-04-29,2021-04-29T00:00:00Z,67.04000091552734,68.94999694824219,67.04000091552734,68.55999755859375,10592
2021-04-30,2021-04-30T00:00:00Z,68.31999969482422,68.31999969482422,67.1500015258789,67.25,31012
2021-05-03,2021-05-03T00:00:00Z,66.7699966430664,67.83000183105469,66.08000183105469,67.55999755859375,17852
2021-05-04,2021-05-04T00:00:00Z,67.6500015258789,69.43000030517578,67.37999725341797,68.87999725341797,27613
2021-05-05,2021-05-05T00:00:00Z,69.5,69.95999908447266,68.33999633789062,68.95999908447266,32004
2021-05-06,2021-05-06T00:00:00Z,68.56999969482422,69.37000274658203,67.93000030517578,68.08999633789062,25171
2021-05-07,2021-05-07T00:00:00Z,68.29000091552734,68.61000061035156,67.37999725341797,68.27999877929688,29163
2021-05-10,2021-05-10T00:00:00Z,68.62000274658203,70.26000213623047,67.41000366210938,68.31999969482422,31833
2021-05-11,2021-05-11T00:00:00Z,68.23999786376953,68.75,67.12999725341797,68.55000305175781,40504
2021-05-12,2021-05-12T00:00:00Z,68.72000122070312,69.9000015258789,68.19000244140625,69.31999969482422,31702
2021-05-13,2021-05-13T00:00:00Z,69.0199966430664,69.0199966430664,66.47000122070312,67.05000305175781,38726
2021-05-14,2021-05-14T00:00:00Z,67.01000213623047,68.86000061035156,66.5,68.70999908447266,31042
2021-05-17,2021-05-17T00:00:00Z,68.86000061035156,69.62999725341797,68.19999694824219,69.45999908447266,26662
2021-05-18,2021-05-18T00:00:00Z,69.52999877929688,70.23999786376953,67.27999877929688,68.70999908447266,43138
2021-05-19,2021-05-19T00:00:00Z,68.58000183105469,68.5999984741211,65.29000091552734,66.66000366210938,42607
2021-05-20,2021-05-20T00:00:00Z,66.7300033569336,67.1500015258789,64.79000091552734,65.11000061035156,35448
2021-05-21,2021-05-21T00:00:00Z,65.04000091552734,66.94000244140625,64.55999755859375,66.44000244140625,33829
2021-05-24,2021-05-24T00:00:00Z,66.63999938964844,68.63999938964844,66.47000122070312,68.45999908447266,29400
2021-05-25,2021-05-25T00:00:00Z,68.38999938964844,68.88999938964844,67.83999633789062,68.6500015258789,20377
2021-05-26,2021-05-26T00:00:00Z,68.62999725341797,69.16000366210938,68.02999877929688,68.87000274658203,21097
2021-05-27,2021-05-27T00:00:00Z,68.87999725341797,69.51000213623047,68.11000061035156,69.45999908447266,6546
2021-05-28,2021-05-28T00:00:00Z,69.62000274658203,69.83000183105469,69.41999816894531,69.62999725341797,31275
2021-06-01,2021-06-01T00:00:00Z,69.02999877929688,71.3499984741211,68.7699966430664,70.25,39925
2021-06-02,2021-06-02T00:00:00Z,70.55999755859375,71.48999786376953,70.37000274658203,71.3499984741211,22202
2021-06-03,2021-06-03T00:00:00Z,71.2699966430664,71.9800033569336,70.66000366210938,71.30999755859375,25178
2021-06-04,2021-06-04T00:00:00Z,71.3499984741211,72.16999816894531,70.76000213623047,71.88999938964844,24006
2021-06-07,2021-06-07T00:00:00Z,71.69999694824219,72.26000213623047,71.0999984741211,71.48999786376953,21019
2021-06-08,2021-06-08T00:00:00Z,71.38999938964844,72.41000366210938,70.72000122070312,72.22000122070312,29742
2021-06-09,2021-06-09T00:00:00Z,72.13999938964844,72.87999725341797,71.81999969482422,72.22000122070312,31013
2021-06-10,2021-06-10T00:00:00Z,72.08999633789062,72.91999816894531,70.94999694824219,72.5199966430664,37080
2021-06-11,2021-06-11T00:00:00Z,72.38999938964844,73.08000183105469,71.87999725341797,72.69000244140625,36538
2021-06-14,2021-06-14T00:00:00Z,72.48999786376953,73.63999938964844,72.48999786376953,72.86000061035156,25816
2021-06-15,2021-06-15T00:00:00Z,73.0999984741211,74.33000183105469,72.77999877929688,73.98999786376953,32191
2021-06-16,2021-06-16T00:00:00Z,74.30000305175781,74.95999908447266,73.88999938964844,74.38999938964844,42294
2021-06-17,2021-06-17T00:00:00Z,73.9800033569336,74.48999786376953,72.0,73.08000183105469,42085
2021-06-18,2021-06-18T00:00:00Z,73.06999969482422,73.75,72.18000030517578,73.51000213623047,26417
2021-06-21,2021-06-21T00:00:00Z,73.33000183105469,74.94999694824219,72.9800033569336,74.9000015258789,38734
2021-06-22,2021-06-22T00:00:00Z,74.80999755859375,75.29000091552734,74.33999633789062,74.80999755859375,39381
2021-06-23,2021-06-23T00:00:00Z,74.76000213623047,76.0,74.7300033569336,75.19000244140625,32883
2021-06-24,2021-06-24T00:00:00Z,75.37000274658203,75.7699966430664,74.5199966430664,75.55999755859375,26664
2021-06-25,2021-06-25T00:00:00Z,75.61000061035156,76.20999908447266,74.94999694824219,76.18000030517578,31417
2021-06-28,2021-06-28T00:00:00Z,76.16000366210938,76.58999633789062,74.5199966430664,74.68000030517578,27711
2021-06-29,2021-06-29T00:00:00Z,74.5999984741211,75.51000213623047,73.91000366210938,74.76000213623047,4089
2021-06-30,2021-06-30T00:00:00Z,75.13999938964844,75.5999984741211,74.54000091552734,75.12999725341797,33596
2021-07-01,2021-07-01T00:00:00Z,74.69999694824219,76.75,74.55000305175781,75.83999633789062,52210
2021-07-02,2021-07-02T00:00:00Z,75.58999633789062,76.43000030517578,75.2300033569336,76.16999816894531,31167
2021-07-06,2021-07-06T00:00:00Z,76.08999633789062,77.83000183105469,74.12000274658203,74.52999877929688,58679
2021-07-07,2021-07-07T00:00:00Z,74.95999908447266,75.98999786376953,72.58999633789062,73.43000030517578,51166
2021-07-08,2021-07-08T00:00:00Z,73.47000122070312,74.38999938964844,72.0999984741211,74.12000274658203,42366
2021-07-09,2021-07-09T00:00:00Z,74.36000061035156,75.79000091552734,73.81999969482422,75.55000305175781,31967
2021-07-12,2021-07-12T00:00:00Z,75.63999938964844,75.83999633789062,74.23999786376953,75.16000366210938,32255
2021-07-13,2021-07-13T00:00:00Z,75.2300033569336,76.61000061035156,74.95999908447266,76.48999786376953,32219
2021-07-14,2021-07-14T00:00:00Z,76.4000015258789,76.70999908447266,73.76000213623047,74.76000213623047,49772
2021-07-15,2021-07-15T00:00:00Z,74.55000305175781,74.63999938964844,73.16000366210938,73.47000122070312,41748
2021-07-16,2021-07-16T00:00:00Z,73.26000213623047,74.06999969482422,72.33999633789062,73.58999633789062,33536
2021-07-19,2021-07-19T00:00:00Z,73.0,73.29000091552734,67.8499984741211,68.62000274658203,58659
2021-07-20,2021-07-20T00:00:00Z,68.76000213623047,69.7300033569336,67.41999816894531,69.3499984741211,43067
2021-07-21,2021-07-21T00:00:00Z,68.73999786376953,72.36000061035156,68.63999938964844,72.2300033569336,43341
2021-07-22,2021-07-22T00:00:00Z,72.0999984741211,73.9000015258789,71.75,73.79000091552734,34425
2021-07-23,2021-07-23T00:00:00Z,73.70999908447266,74.20999908447266,73.33000183105469,74.0999984741211,23724
2021-07-26,2021-07-26T00:00:00Z,74.16999816894531,74.83000183105469,72.75,74.5,31628
2021-07-27,2021-07-27T00:00:00Z,74.79000091552734,75.05000305175781,74.0199966430664,74.4800033569336,26028
2021-07-28,2021-07-28T00:00:00Z,74.66000366210938,75.30999755859375,74.44000244140625,74.73999786376953,20863
2021-07-29,2021-07-29T00:00:00Z,74.80999755859375,76.13999938964844,74.62999725341797,76.05000305175781,9158
2021-07-30,2021-07-30T00:00:00Z,75.80000305175781,76.38999938964844,75.51000213623047,76.33000183105469,27919
2021-08-02,2021-08-02T00:00:00Z,75.18000030517578,75.33000183105469,72.30999755859375,72.88999938964844,38106
2021-08-03,2021-08-03T00:00:00Z,73.2300033569336,73.52999877929688,71.04000091552734,72.41000366210938,41458
2021-08-04,2021-08-04T00:00:00Z,72.33000183105469,72.81999969482422,70.12000274658203,70.37999725341797,44616
2021-08-05,2021-08-05T00:00:00Z,70.25,71.5,69.75,71.29000091552734,32444
2021-08-06,2021-08-06T00:00:00Z,71.26000213623047,72.43000030517578,70.27999877929688,70.69999694824219,35762
2021-08-09,2021-08-09T00:00:00Z,70.05999755859375,70.05999755859375,67.61000061035156,69.04000091552734,42738
2021-08-10,2021-08-10T00:00:00Z,69.29000091552734,71.2300033569336,68.97000122070312,70.62999725341797,30525
2021-08-11,2021-08-11T00:00:00Z,70.91000366210938,71.62999725341797,69.06999969482422,71.44000244140625,34214
2021-08-12,2021-08-12T00:00:00Z,71.58000183105469,71.88999938964844,70.68000030517578,71.30999755859375,22952
2021-08-13,2021-08-13T00:00:00Z,71.12000274658203,71.38999938964844,70.0,70.58999633789062,26874
2021-08-16,2021-08-16T00:00:00Z,70.22000122070312,70.4000015258789,68.13999938964844,69.51000213623047,33537
2021-08-17,2021-08-17T00:00:00Z,69.6500015258789,70.01000213623047,68.81999969482422,69.02999877929688,29163
2021-08-18,2021-08-18T00:00:00Z,69.01000213623047,70.04000091552734,67.22000122070312,68.2300033569336,34264
2021-08-19,2021-08-19T00:00:00Z,67.41999816894531,67.6500015258789,65.55999755859375,66.44999694824219,35816
2021-08-20,2021-08-20T00:00:00Z,66.5999984741211,66.91999816894531,64.80000305175781,65.18000030517578,27104
2021-08-23,2021-08-23T00:00:00Z,65.18000030517578,68.91000366210938,64.83000183105469,68.75,29582
2021-08-24,2021-08-24T00:00:00Z,68.68000030517578,71.30000305175781,68.5199966430664,71.05000305175781,38685
2021-08-25,2021-08-25T00:00:00Z,71.12999725341797,72.41000366210938,70.51000213623047,72.25,32345
2021-08-26,2021-08-26T00:00:00Z,71.83999633789062,72.12999725341797,70.68000030517578,71.06999969482422,24373
2021-08-27,2021-08-27T00:00:00Z,71.41999816894531,72.73999786376953,71.16000366210938,72.69999694824219,13316
2021-08-30,2021-08-30T00:00:00Z,73.58999633789062,73.69999694824219,71.98999786376953,73.41000366210938,3291
2021-08-31,2021-08-31T00:00:00Z,73.02999877929688,73.48999786376953,72.91000366210938,72.98999786376953,28933
2021-09-01,2021-09-01T00:00:00Z,71.69999694824219,72.37000274658203,70.41000366210938,71.58999633789062,32339
2021-09-02,2021-09-02T00:00:00Z,71.23999786376953,73.45999908447266,70.91999816894531,73.02999877929688,30185
2021-09-03,2021-09-03T00:00:00Z,72.80999755859375,73.69999694824219,72.4000015258789,72.61000061035156,27095
2021-09-07,2021-09-07T00:00:00Z,72.69000244140625,72.7699966430664,71.0999984741211,71.69000244140625,35294
2021-09-08,2021-09-08T00:00:00Z,71.58000183105469,72.94999694824219,71.55999755859375,72.5999984741211,31671
2021-09-09,2021-09-09T00:00:00Z,72.62000274658203,73.19000244140625,70.88999938964844,71.44999694824219,35106
2021-09-10,2021-09-10T00:00:00Z,71.30999755859375,73.13999938964844,70.95999908447266,72.91999816894531,26654
2021-09-13,2021-09-13T00:00:00Z,73.05000305175781,73.93000030517578,72.69999694824219,73.51000213623047,26510
2021-09-14,2021-09-14T00:00:00Z,73.7300033569336,74.2699966430664,73.08000183105469,73.5999984741211,27690
2021-09-15,2021-09-15T00:00:00Z,73.83999633789062,76.12999725341797,73.77999877929688,75.45999908447266,35197
2021-09-16,2021-09-16T00:00:00Z,75.45999908447266,75.86000061035156,74.4800033569336,75.66999816894531,27363
2021-09-17,2021-09-17T00:00:00Z,75.01000213623047,75.77999877929688,74.58000183105469,75.33999633789062,26771
2021-09-20,2021-09-20T00:00:00Z,75.38999938964844,75.38999938964844,73.51000213623047,73.91999816894531,28251
2021-09-21,2021-09-21T00:00:00Z,74.2300033569336,75.16999816894531,73.25,74.36000061035156,25140
2021-09-22,2021-09-22T00:00:00Z,74.61000061035156,76.26000213623047,74.51000213623047,76.19000244140625,26605
2021-09-23,2021-09-23T00:00:00Z,75.87000274658203,77.33999633789062,75.5999984741211,77.25,26832
2021-09-24,2021-09-24T00:00:00Z,77.18000030517578,78.25,76.87000274658203,78.08999633789062,20417
2021-09-27,2021-09-27T00:00:00Z,78.2300033569336,79.87999725341797,78.20999908447266,79.52999877929688,20799
2021-09-28,2021-09-28T00:00:00Z,79.41999816894531,80.73999786376953,78.08000183105469,79.08999633789062,21656
2021-09-29,2021-09-29T00:00:00Z,78.25,79.41000366210938,77.52999877929688,78.63999938964844,8319
2021-09-30,2021-09-30T00:00:00Z,78.33000183105469,79.16000366210938,77.63999938964844,78.5199966430664,51076
2021-10-01,2021-10-01T00:00:00Z,78.41000366210938,79.41000366210938,77.56999969482422,79.27999877929688,31697
2021-10-04,2021-10-04T00:00:00Z,79.36000061035156,82.0,78.76000213623047,81.26000213623047,43286
2021-10-05,2021-10-05T00:00:00Z,81.27999877929688,83.11000061035156,81.19999694824219,82.55999755859375,44439
2021-10-06,2021-10-06T00:00:00Z,82.66000366210938,83.44000244140625,80.58999633789062,81.08000183105469,41389
2021-10-07,2021-10-07T00:00:00Z,80.80000305175781,82.5,79.08000183105469,81.94999694824219,43830
2021-10-08,2021-10-08T00:00:00Z,82.38999938964844,83.43000030517578,81.95999908447266,82.38999938964844,48729
2021-10-11,2021-10-11T00:00:00Z,82.58999633789062,84.5999984741211,82.55999755859375,83.6500015258789,46216
2021-10-12,2021-10-12T00:00:00Z,83.61000061035156,84.2300033569336,82.72000122070312,83.41999816894531,47351
2021-10-13,2021-10-13T00:00:00Z,83.16000366210938,83.69000244140625,82.20999908447266,83.18000030517578,39594
2021-10-14,2021-10-14T00:00:00Z,83.3499984741211,84.52999877929688,83.19000244140625,84.0,37348
2021-10-15,2021-10-15T00:00:00Z,84.19999694824219,85.0999984741211,84.16999816894531,84.86000061035156,33044
2021-10-18,2021-10-18T00:00:00Z,85.05000305175781,86.02999877929688,83.95999908447266,84.33000183105469,40153
2021-10-19,2021-10-19T00:00:00Z,84.11000061035156,85.4000015258789,83.70999908447266,85.08000183105469,45141
2021-10-20,2021-10-20T00:00:00Z,85.0999984741211,85.88999938964844,83.62999725341797,85.81999969482422,43107
2021-10-21,2021-10-21T00:00:00Z,85.87999725341797,86.12000274658203,83.36000061035156,84.61000061035156,49004
2021-10-22,2021-10-22T00:00:00Z,84.6500015258789,85.94000244140625,83.83000183105469,85.52999877929688,41174
2021-10-25,2021-10-25T00:00:00Z,85.70999908447266,86.72000122070312,85.44000244140625,85.98999786376953,43061
2021-10-26,2021-10-26T00:00:00Z,86.02999877929688,86.52999877929688,85.27999877929688,86.4000015258789,32042
2021-10-27,2021-10-27T00:00:00Z,86.12999725341797,86.2699966430664,84.05000305175781,84.58000183105469,25643
2021-10-28,2021-10-28T00:00:00Z,84.18000030517578,84.56999969482422,82.30999755859375,84.31999969482422,10576
2021-10-29,2021-10-29T00:00:00Z,84.19000244140625,84.55999755859375,84.05999755859375,84.37999725341797,35155
2021-11-01,2021-11-01T00:00:00Z,83.7300033569336,85.11000061035156,83.02999877929688,84.70999908447266,36245
2021-11-02,2021-11-02T00:00:00Z,84.41999816894531,85.22000122070312,83.76000213623047,84.72000122070312,40105
2021-11-03,2021-11-03T00:00:00Z,84.04000091552734,84.18000030517578,81.08000183105469,81.98999786376953,50062
2021-11-04,2021-11-04T00:00:00Z,81.31999969482422,84.5,80.19000244140625,80.54000091552734,72626
2021-11-05,2021-11-05T00:00:00Z,81.0,83.1500015258789,80.2699966430664,82.73999786376953,43130
2021-11-08,2021-11-08T00:00:00Z,82.56999969482422,83.98999786376953,82.5,83.43000030517578,27655
2021-11-09,2021-11-09T00:00:00Z,83.58999633789062,85.13999938964844,83.18000030517578,84.77999877929688,34996
2021-11-10,2021-11-10T00:00:00Z,85.16000366210938,85.5,82.08999633789062,82.63999938964844,36273
2021-11-11,2021-11-11T00:00:00Z,82.63999938964844,83.43000030517578,81.66000366210938,82.87000274658203,31162
2021-11-12,2021-11-12T00:00:00Z,82.66999816894531,82.87000274658203,81.26000213623047,82.16999816894531,27167
2021-11-15,2021-11-15T00:00:00Z,81.91999816894531,82.48999786376953,80.68000030517578,82.05000305175781,32804
2021-11-16,2021-11-16T00:00:00Z,82.11000061035156,83.13999938964844,81.55000305175781,82.43000030517578,25767
2021-11-17,2021-11-17T00:00:00Z,82.33000183105469,82.36000061035156,79.7699966430664,80.27999877929688,38038
2021-11-18,2021-11-18T00:00:00Z,80.27999877929688,81.41999816894531,79.2699966430664,81.23999786376953,30490
2021-11-19,2021-11-19T00:00:00Z,81.01000213623047,82.2300033569336,78.05000305175781,78.88999938964844,44180
2021-11-22,2021-11-22T00:00:00Z,78.66999816894531,80.08999633789062,77.54000091552734,79.69999694824219,39085
2021-11-23,2021-11-23T00:00:00Z,79.41999816894531,82.58999633789062,78.56999969482422,82.30999755859375,41865
2021-11-24,2021-11-24T00:00:00Z,82.19999694824219,83.0,81.63999938964844,82.25,30734
2021-11-26,2021-11-26T00:00:00Z,82.2699966430664,82.55999755859375,72.11000061035156,72.72000122070312,29171
2021-11-29,2021-11-29T00:00:00Z,73.58999633789062,77.0,72.63999938964844,73.44000244140625,12507
2021-11-30,2021-11-30T00:00:00Z,74.56999969482422,74.56999969482422,70.22000122070312,70.56999969482422,77840
2021-12-01,2021-12-01T00:00:00Z,70.13999938964844,72.86000061035156,68.1500015258789,68.87000274658203,56808
2021-12-02,2021-12-02T00:00:00Z,68.80999755859375,70.70999908447266,65.7699966430664,69.66999816894531,81072
2021-12-03,2021-12-03T00:00:00Z,70.5,72.5999984741211,69.2300033569336,69.87999725341797,43639
2021-12-06,2021-12-06T00:00:00Z,70.30000305175781,73.77999877929688,70.29000091552734,73.08000183105469,32294
2021-12-07,2021-12-07T00:00:00Z,73.54000091552734,76.26000213623047,73.2300033569336,75.44000244140625,34533
2021-12-08,2021-12-08T00:00:00Z,75.2699966430664,76.37000274658203,74.4000015258789,75.81999969482422,31080
2021-12-09,2021-12-09T00:00:00Z,76.0199966430664,76.69999694824219,73.83000183105469,74.41999816894531,27715
2021-12-10,2021-12-10T00:00:00Z,74.0999984741211,75.69999694824219,73.80000305175781,75.1500015258789,24682
2021-12-13,2021-12-13T00:00:00Z,75.54000091552734,76.38999938964844,74.19000244140625,74.38999938964844,27562
2021-12-14,2021-12-14T00:00:00Z,74.30000305175781,75.1500015258789,72.56999969482422,73.69999694824219,31237
2021-12-15,2021-12-15T00:00:00Z,73.26000213623047,74.56999969482422,72.4800033569336,73.87999725341797,29294
2021-12-16,2021-12-16T00:00:00Z,74.56999969482422,75.58999633789062,74.0,75.0199966430664,26965
2021-12-17,2021-12-17T00:00:00Z,74.51000213623047,74.95999908447266,72.62000274658203,73.5199966430664,26087
2021-12-20,2021-12-20T00:00:00Z,73.05999755859375,73.06999969482422,69.26000213623047,71.5199966430664,36842
2021-12-21,2021-12-21T00:00:00Z,72.0999984741211,74.26000213623047,71.23999786376953,73.9800033569336,27386
2021-12-22,2021-12-22T00:00:00Z,74.04000091552734,75.69000244140625,73.58999633789062,75.29000091552734,28541
2021-12-23,2021-12-23T00:00:00Z,75.66999816894531,76.9800033569336,74.79000091552734,76.8499984741211,27624
2021-12-27,2021-12-27T00:00:00Z,76.30000305175781,79.05999755859375,75.76000213623047,78.5999984741211,15723
2021-12-28,2021-12-28T00:00:00Z,78.87000274658203,79.8499984741211,78.47000122070312,78.94000244140625,8523
2021-12-29,2021-12-29T00:00:00Z,79.0,80.16000366210938,78.13999938964844,79.2300033569336,7057
2021-12-30,2021-12-30T00:00:00Z,79.25,79.62000274658203,78.66000366210938,79.31999969482422,24512
2021-12-31,2021-12-31T00:00:00Z,79.1500015258789,79.68000030517578,77.13999938964844,77.77999877929688,21740
2022-01-03,2022-01-03T00:00:00Z,77.94000244140625,79.27999877929688,77.04000091552734,78.9800033569336,27224
2022-01-04,2022-01-04T00:00:00Z,78.94999694824219,80.55000305175781,78.5999984741211,80.0,31321
2022-01-05,2022-01-05T00:00:00Z,80.08000183105469,81.48999786376953,79.55000305175781,80.80000305175781,35152
2022-01-06,2022-01-06T00:00:00Z,80.1500015258789,82.83999633789062,79.62999725341797,81.98999786376953,41582
2022-01-07,2022-01-07T00:00:00Z,82.05999755859375,82.98999786376953,81.44000244140625,81.75,29501
2022-01-10,2022-01-10T00:00:00Z,81.79000091552734,82.2699966430664,80.48999786376953,80.87000274658203,30035
2022-01-11,2022-01-11T00:00:00Z,80.95999908447266,83.97000122070312,80.87999725341797,83.72000122070312,37934
2022-01-12,2022-01-12T00:00:00Z,83.69000244140625,85.19999694824219,83.51000213623047,84.66999816894531,32298
2022-01-13,2022-01-13T00:00:00Z,84.77999877929688,85.08999633789062,83.79000091552734,84.47000122070312,27107
2022-01-14,2022-01-14T00:00:00Z,84.12999725341797,86.5,84.02999877929688,86.05999755859375,31970
2022-01-18,2022-01-18T00:00:00Z,86.5,88.55000305175781,85.55000305175781,87.51000213623047,45875
2022-01-19,2022-01-19T00:00:00Z,88.44999694824219,89.16999816894531,87.62999725341797,88.44000244140625,37483
2022-01-20,2022-01-20T00:00:00Z,87.7300033569336,89.51000213623047,87.02999877929688,88.37999725341797,30524
2022-01-21,2022-01-21T00:00:00Z,87.3499984741211,88.22000122070312,85.70999908447266,87.88999938964844,29566
2022-01-24,2022-01-24T00:00:00Z,87.6500015258789,88.87999725341797,85.0199966430664,86.2699966430664,34253
2022-01-25,2022-01-25T00:00:00Z,87.16999816894531,88.36000061035156,86.19000244140625,88.19999694824219,29496
2022-01-26,2022-01-26T00:00:00Z,88.0199966430664,90.4800033569336,87.80000305175781,89.95999908447266,29805
2022-01-27,2022-01-27T00:00:00Z,89.77999877929688,91.04000091552734,88.9800033569336,89.33999633789062,15201
2022-01-28,2022-01-28T00:00:00Z,89.88999938964844,91.69000244140625,89.41000366210938,90.02999877929688,10824
2022-01-31,2022-01-31T00:00:00Z,90.80000305175781,91.30000305175781,90.75,91.20999908447266,33664
2022-02-01,2022-02-01T00:00:00Z,89.37999725341797,89.95999908447266,87.72000122070312,89.16000366210938,36248
2022-02-02,2022-02-02T00:00:00Z,89.29000091552734,90.51000213623047,88.27999877929688,89.47000122070312,38172
2022-02-03,2022-02-03T00:00:00Z,89.05999755859375,91.29000091552734,88.01000213623047,91.11000061035156,33059
2022-02-04,2022-02-04T00:00:00Z,91.04000091552734,93.69999694824219,90.88999938964844,93.2699966430664,33357
2022-02-07,2022-02-07T00:00:00Z,92.7300033569336,93.98999786376953,92.1500015258789,92.69000244140625,37016
2022-02-08,2022-02-08T00:00:00Z,93.01000213623047,93.01000213623047,89.93000030517578,90.77999877929688,39288
2022-02-09,2022-02-09T00:00:00Z,91.2699966430664,92.05999755859375,90.05999755859375,91.55000305175781,34759
2022-02-10,2022-02-10T00:00:00Z,91.72000122070312,93.08999633789062,90.9000015258789,91.41000366210938,43235
2022-02-11,2022-02-11T00:00:00Z,91.26000213623047,95.63999938964844,90.5199966430664,94.44000244140625,53045
2022-02-14,2022-02-14T00:00:00Z,95.30999755859375,96.77999877929688,93.45999908447266,96.4800033569336,48449
2022-02-15,2022-02-15T00:00:00Z,95.76000213623047,96.23999786376953,92.05999755859375,93.27999877929688,45181
2022-02-16,2022-02-16T00:00:00Z,93.58999633789062,96.06999969482422,91.13999938964844,94.80999755859375,45148
2022-02-17,2022-02-17T00:00:00Z,92.08999633789062,94.51000213623047,91.81999969482422,92.97000122070312,38045
2022-02-18,2022-02-18T00:00:00Z,92.9800033569336,94.1500015258789,90.26000213623047,93.54000091552734,42436
2022-02-22,2022-02-22T00:00:00Z,94.27999877929688,99.44000244140625,92.55999755859375,96.83999633789062,59945
2022-02-23,2022-02-23T00:00:00Z,96.62999725341797,98.69999694824219,95.80000305175781,96.83999633789062,33549
2022-02-24,2022-02-24T00:00:00Z,97.55999755859375,105.75,97.48999786376953,99.08000183105469,21282
2022-02-25,2022-02-25T00:00:00Z,99.6500015258789,101.98999786376953,96.0,97.93000030517578,7025
2022-02-28,2022-02-28T00:00:00Z,100.4800033569336,104.4800033569336,99.9000015258789,100.98999786376953,38241
2022-03-01,2022-03-01T00:00:00Z,98.11000061035156,107.5999984741211,97.69000244140625,104.97000122070312,56428
2022-03-02,2022-03-02T00:00:00Z,107.54000091552734,115.05000305175781,106.48999786376953,112.93000030517578,59273
2022-03-03,2022-03-03T00:00:00Z,114.25,119.7699966430664,109.41999816894531,110.45999908447266,37420
2022-03-04,2022-03-04T00:00:00Z,110.58000183105469,118.97000122070312,109.61000061035156,118.11000061035156,34984
2022-03-07,2022-03-07T00:00:00Z,121.23999786376953,137.0,119.06999969482422,123.20999908447266,29504
2022-03-08,2022-03-08T00:00:00Z,124.25,133.1300048828125,121.37000274658203,127.9800033569336,38358
2022-03-09,2022-03-09T00:00:00Z,129.57000732421875,131.6300048828125,108.0,111.13999938964844,42740
2022-03-10,2022-03-10T00:00:00Z,112.73999786376953,118.33000183105469,108.94999694824219,109.33000183105469,30414
2022-03-11,2022-03-11T00:00:00Z,109.72000122070312,113.87999725341797,107.12999725341797,112.66999816894531,18819
2022-03-14,2022-03-14T00:00:00Z,112.9000015258789,113.04000091552734,103.44999694824219,106.9000015258789,19364
2022-03-15,2022-03-15T00:00:00Z,106.0,106.45999908447266,97.5,99.91000366210938,26067
2022-03-16,2022-03-16T00:00:00Z,99.04000091552734,103.68000030517578,96.94999694824219,98.0199966430664,18514
2022-03-17,2022-03-17T00:00:00Z,98.0999984741211,107.56999969482422,97.87999725341797,106.63999938964844,15091
2022-03-18,2022-03-18T00:00:00Z,107.23999786376953,109.56999969482422,105.80000305175781,107.93000030517578,10489
2022-03-21,2022-03-21T00:00:00Z,107.37000274658203,116.7300033569336,107.08999633789062,115.62000274658203,11620
2022-03-22,2022-03-22T00:00:00Z,116.8499984741211,119.41999816894531,112.7699966430664,115.4800033569336,14222
2022-03-23,2022-03-23T00:00:00Z,114.73999786376953,122.29000091552734,114.41999816894531,121.5999984741211,14286
2022-03-24,2022-03-24T00:00:00Z,121.2699966430664,123.69999694824219,116.94999694824219,119.02999877929688,12778
2022-03-25,2022-03-25T00:00:00Z,118.27999877929688,120.87000274658203,115.20999908447266,120.6500015258789,14026
2022-03-28,2022-03-28T00:00:00Z,120.30999755859375,120.30999755859375,109.05999755859375,112.4800033569336,15212
2022-03-29,2022-03-29T00:00:00Z,109.7300033569336,114.70999908447266,104.9800033569336,110.2300033569336,7152
2022-03-30,2022-03-30T00:00:00Z,111.0,114.6500015258789,110.9000015258789,113.44999694824219,4472
2022-03-31,2022-03-31T00:00:00Z,108.70999908447266,109.36000061035156,107.37000274658203,107.91000366210938,22850
2022-04-01,2022-04-01T00:00:00Z,105.98999786376953,106.19999694824219,102.37000274658203,104.38999938964844,17144
2022-04-04,2022-04-04T00:00:00Z,104.25,108.55000305175781,102.91000366210938,107.52999877929688,18406
2022-04-05,2022-04-05T00:00:00Z,108.23999786376953,109.8499984741211,104.55999755859375,106.63999938964844,15613
2022-04-06,2022-04-06T00:00:00Z,105.79000091552734,108.66000366210938,100.54000091552734,101.06999969482422,20212
2022-04-07,2022-04-07T00:00:00Z,102.1500015258789,103.5,98.44999694824219,100.58000183105469,19577
2022-04-08,2022-04-08T00:00:00Z,101.69000244140625,103.25,99.70999908447266,102.77999877929688,16735
2022-04-11,2022-04-11T00:00:00Z,103.06999969482422,103.08999633789062,97.62000274658203,98.4800033569336,23852
2022-04-12,2022-04-12T00:00:00Z,99.25,105.5999984741211,98.9800033569336,104.63999938964844,22697
2022-04-13,2022-04-13T00:00:00Z,104.9800033569336,109.0,104.06999969482422,108.77999877929688,22260
2022-04-14,2022-04-14T00:00:00Z,108.37000274658203,112.38999938964844,106.63999938964844,111.69999694824219,17418
2022-04-18,2022-04-18T00:00:00Z,111.88999938964844,114.81999969482422,110.72000122070312,113.16000366210938,13187
2022-04-19,2022-04-19T00:00:00Z,112.6500015258789,114.05000305175781,106.7699966430664,107.25,18972
2022-04-20,2022-04-20T00:00:00Z,107.72000122070312,108.9800033569336,104.66999816894531,106.80000305175781,15985
2022-04-21,2022-04-21T00:00:00Z,107.01000213623047,109.79000091552734,106.77999877929688,108.33000183105469,13203
2022-04-22,2022-04-22T00:00:00Z,108.63999938964844,108.7300033569336,105.52999877929688,106.6500015258789,11040
2022-04-25,2022-04-25T00:00:00Z,105.73999786376953,105.94999694824219,99.47000122070312,102.31999969482422,15464
2022-04-26,2022-04-26T00:00:00Z,102.56999969482422,106.1500015258789,101.12000274658203,104.98999786376953,13279
2022-04-27,2022-04-27T00:00:00Z,105.37000274658203,106.3499984741211,103.2699966430664,105.31999969482422,8064
2022-04-28,2022-04-28T00:00:00Z,104.76000213623047,107.93000030517578,103.30000305175781,107.58999633789062,8567
2022-04-29,2022-04-29T00:00:00Z,107.6500015258789,109.7699966430664,107.6500015258789,109.33999633789062,32573
2022-05-02,2022-05-02T00:00:00Z,106.19999694824219,108.41000366210938,103.12999725341797,107.58000183105469,23606
2022-05-03,2022-05-03T00:00:00Z,107.37000274658203,108.30000305175781,104.62000274658203,104.97000122070312,23410
2022-05-04,2022-05-04T00:00:00Z,106.0999984741211,111.0,105.5,110.13999938964844,21158
2022-05-05,2022-05-05T00:00:00Z,110.13999938964844,113.98999786376953,109.2300033569336,110.9000015258789,26443
2022-05-06,2022-05-06T00:00:00Z,111.1500015258789,113.5199966430664,109.87999725341797,112.38999938964844,23902
2022-05-09,2022-05-09T00:00:00Z,113.05000305175781,113.22000122070312,104.94999694824219,105.94000244140625,28134
2022-05-10,2022-05-10T00:00:00Z,105.55999755859375,106.91000366210938,101.69999694824219,102.45999908447266,25904
2022-05-11,2022-05-11T00:00:00Z,101.69999694824219,108.26000213623047,100.93000030517578,107.51000213623047,31560
2022-05-12,2022-05-12T00:00:00Z,107.55999755859375,108.69000244140625,104.69000244140625,107.44999694824219,27037
2022-05-13,2022-05-13T00:00:00Z,108.0,111.69000244140625,107.80999755859375,111.55000305175781,25050
2022-05-16,2022-05-16T00:00:00Z,111.41000366210938,114.77999877929688,109.04000091552734,114.23999786376953,20871
2022-05-17,2022-05-17T00:00:00Z,114.29000091552734,115.66000366210938,111.12000274658203,111.93000030517578,23254
2022-05-18,2022-05-18T00:00:00Z,112.88999938964844,114.12999725341797,108.3499984741211,109.11000061035156,21217
2022-05-19,2022-05-19T00:00:00Z,109.30000305175781,112.2699966430664,105.69999694824219,112.04000091552734,26098
2022-05-20,2022-05-20T00:00:00Z,111.5,113.22000122070312,110.54000091552734,112.55000305175781,16942
2022-05-23,2022-05-23T00:00:00Z,112.73999786376953,114.36000061035156,111.86000061035156,113.41999816894531,20660
2022-05-24,2022-05-24T00:00:00Z,113.36000061035156,114.62999725341797,111.72000122070312,113.55999755859375,20941
2022-05-25,2022-05-25T00:00:00Z,113.91999816894531,115.31999969482422,113.04000091552734,114.02999877929688,12885
2022-05-26,2022-05-26T00:00:00Z,114.44999694824219,118.0,113.83999633789062,117.4000015258789,11590
2022-05-27,2022-05-27T00:00:00Z,117.54000091552734,119.7300033569336,116.68000030517578,119.43000030517578,4384
2022-05-31,2022-05-31T00:00:00Z,119.47000122070312,124.12999725341797,119.36000061035156,122.83999633789062,41020
2022-06-01,2022-06-01T00:00:00Z,116.62999725341797,118.58000183105469,115.43000030517578,116.29000091552734,21546
2022-06-02,2022-06-02T00:00:00Z,115.81999969482422,118.44000244140625,112.4800033569336,117.61000061035156,22117
2022-06-03,2022-06-03T00:00:00Z,118.26000213623047,121.44000244140625,116.08000183105469,119.72000122070312,11028
2022-06-06,2022-06-06T00:00:00Z,121.3499984741211,121.88999938964844,118.76000213623047,119.51000213623047,16523
2022-06-07,2022-06-07T00:00:00Z,120.08000183105469,121.37999725341797,118.55999755859375,120.56999969482422,20488
2022-06-08,2022-06-08T00:00:00Z,121.02999877929688,124.41000366210938,120.45999908447266,123.58000183105469,21778
2022-06-09,2022-06-09T00:00:00Z,123.88999938964844,124.33000183105469,122.5,123.06999969482422,21008
2022-06-10,2022-06-10T00:00:00Z,122.94000244140625,124.33000183105469,119.87000274658203,122.01000213623047,26036
2022-06-13,2022-06-13T00:00:00Z,121.69000244140625,123.61000061035156,118.94999694824219,122.2699966430664,21136
2022-06-14,2022-06-14T00:00:00Z,122.5,125.18000030517578,118.94000244140625,121.16999816894531,27702
2022-06-15,2022-06-15T00:00:00Z,121.0,121.8499984741211,117.75,118.51000213623047,22360
2022-06-16,2022-06-16T00:00:00Z,119.12000274658203,120.27999877929688,115.58000183105469,119.80999755859375,24329
2022-06-17,2022-06-17T00:00:00Z,119.33999633789062,121.25,111.72000122070312,113.12000274658203,26686
2022-06-21,2022-06-21T00:00:00Z,113.80000305175781,116.25,111.56999969482422,114.6500015258789,22868
2022-06-22,2022-06-22T00:00:00Z,114.56999969482422,114.56999969482422,107.02999877929688,111.73999786376953,33112
2022-06-23,2022-06-23T00:00:00Z,110.22000122070312,112.69000244140625,108.11000061035156,110.05000305175781,21806
2022-06-24,2022-06-24T00:00:00Z,109.80999755859375,113.98999786376953,109.2699966430664,113.12000274658203,13431
2022-06-27,2022-06-27T00:00:00Z,112.45999908447266,116.04000091552734,111.25,115.08999633789062,11252
2022-06-28,2022-06-28T00:00:00Z,115.83999633789062,118.23999786376953,115.4000015258789,117.9800033569336,6673
2022-06-29,2022-06-29T00:00:00Z,117.95999908447266,120.37999725341797,115.41000366210938,116.26000213623047,4346
2022-06-30,2022-06-30T00:00:00Z,116.04000091552734,116.33000183105469,114.80999755859375,114.80999755859375,24733
2022-07-01,2022-07-01T00:00:00Z,109.45999908447266,112.41999816894531,108.01000213623047,111.62999725341797,17090
2022-07-05,2022-07-05T00:00:00Z,111.61000061035156,114.69000244140625,101.11000061035156,102.7699966430664,43356
2022-07-06,2022-07-06T00:00:00Z,104.0,105.80000305175781,98.51000213623047,100.69000244140625,28820
2022-07-07,2022-07-07T00:00:00Z,99.95999908447266,106.3499984741211,98.47000122070312,104.6500015258789,22837
2022-07-08,2022-07-08T00:00:00Z,104.48999786376953,107.44999694824219,103.75,107.0199966430664,20610
2022-07-11,2022-07-11T00:00:00Z,106.76000213623047,107.66000366210938,103.66000366210938,107.0999984741211,17691
2022-07-12,2022-07-12T00:00:00Z,106.2300033569336,106.51000213623047,98.91000366210938,99.48999786376953,22827
2022-07-13,2022-07-13T00:00:00Z,99.30999755859375,101.19999694824219,97.30000305175781,99.56999969482422,22358
2022-07-14,2022-07-14T00:00:00Z,99.8499984741211,100.37000274658203,94.5,99.0999984741211,27515
2022-07-15,2022-07-15T00:00:00Z,99.5999984741211,102.62000274658203,98.20999908447266,101.16000366210938,19146
2022-07-18,2022-07-18T00:00:00Z,100.91999816894531,106.47000122070312,99.4800033569336,106.2699966430664,20217
2022-07-19,2022-07-19T00:00:00Z,105.58999633789062,107.5999984741211,103.58999633789062,107.3499984741211,21900
2022-07-20,2022-07-20T00:00:00Z,107.1500015258789,107.43000030517578,105.08999633789062,106.91999816894531,23989
2022-07-21,2022-07-21T00:00:00Z,106.79000091552734,106.80000305175781,101.5199966430664,103.86000061035156,26598
2022-07-22,2022-07-22T00:00:00Z,104.25,105.68000030517578,101.91000366210938,103.19999694824219,17586
2022-07-25,2022-07-25T00:00:00Z,103.44000244140625,105.3499984741211,101.66999816894531,105.1500015258789,14999
2022-07-26,2022-07-26T00:00:00Z,104.80999755859375,107.3499984741211,103.9800033569336,104.4000015258789,20242
2022-07-27,2022-07-27T00:00:00Z,104.77999877929688,107.80000305175781,103.72000122070312,106.62000274658203,11024
2022-07-28,2022-07-28T00:00:00Z,107.48999786376953,108.9800033569336,105.95999908447266,107.13999938964844,6831
2022-07-29,2022-07-29T00:00:00Z,108.05000305175781,110.43000030517578,108.02999877929688,110.01000213623047,24476
2022-08-01,2022-08-01T00:00:00Z,103.87000274658203,104.37000274658203,99.0999984741211,100.02999877929688,25670
2022-08-02,2022-08-02T00:00:00Z,100.0,102.41000366210938,98.47000122070312,100.54000091552734,17357
2022-08-03,2022-08-03T00:00:00Z,99.63999938964844,102.37000274658203,96.4800033569336,96.77999877929688,22263
2022-08-04,2022-08-04T00:00:00Z,97.01000213623047,97.62999725341797,93.1500015258789,94.12000274658203,21011
2022-08-05,2022-08-05T00:00:00Z,93.58999633789062,96.4000015258789,92.75,94.91999816894531,16576
2022-08-08,2022-08-08T00:00:00Z,94.2699966430664,96.7300033569336,92.98999786376953,96.6500015258789,17288
2022-08-09,2022-08-09T00:00:00Z,96.54000091552734,98.38999938964844,94.91000366210938,96.30999755859375,20553
2022-08-10,2022-08-10T00:00:00Z,96.45999908447266,97.9800033569336,93.61000061035156,97.4000015258789,29520
2022-08-11,2022-08-11T00:00:00Z,97.2699966430664,100.16000366210938,96.6500015258789,99.5999984741211,20958
2022-08-12,2022-08-12T00:00:00Z,99.29000091552734,100.3499984741211,96.94000244140625,98.1500015258789,20095
2022-08-15,2022-08-15T00:00:00Z,97.76000213623047,98.04000091552734,92.72000122070312,95.0999984741211,20714
2022-08-16,2022-08-16T00:00:00Z,93.63999938964844,95.94999694824219,91.72000122070312,92.33999633789062,22549
2022-08-17,2022-08-17T00:00:00Z,92.7699966430664,94.45999908447266,91.5199966430664,93.6500015258789,21011
2022-08-18,2022-08-18T00:00:00Z,93.18000030517578,97.41000366210938,93.05000305175781,96.58999633789062,21327
2022-08-19,2022-08-19T00:00:00Z,96.62999725341797,97.87000274658203,94.25,96.72000122070312,22212
2022-08-22,2022-08-22T00:00:00Z,95.66000366210938,97.25,92.36000061035156,96.4800033569336,26974
2022-08-23,2022-08-23T00:00:00Z,96.58000183105469,100.44999694824219,96.51000213623047,100.22000122070312,22624
2022-08-24,2022-08-24T00:00:00Z,100.16000366210938,102.0,99.06999969482422,101.22000122070312,24490
2022-08-25,2022-08-25T00:00:00Z,101.5999984741211,102.47000122070312,99.12000274658203,99.33999633789062,20704
2022-08-26,2022-08-26T00:00:00Z,99.87999725341797,101.16999816894531,98.13999938964844,100.98999786376953,14241
2022-08-29,2022-08-29T00:00:00Z,100.83000183105469,105.4800033569336,100.29000091552734,105.08999633789062,6048
2022-08-30,2022-08-30T00:00:00Z,105.0,105.37000274658203,97.66999816894531,99.30999755859375,7116
2022-08-31,2022-08-31T00:00:00Z,99.70999908447266,100.30000305175781,95.76000213623047,96.48999786376953,24672
2022-09-01,2022-09-01T00:00:00Z,94.77999877929688,95.66000366210938,91.80999755859375,92.36000061035156,22870
2022-09-02,2022-09-02T00:00:00Z,92.0,95.31999969482422,92.0,93.0199966430664,22869
2022-09-06,2022-09-06T00:00:00Z,93.08999633789062,96.98999786376953,92.27999877929688,92.83000183105469,34757
2022-09-07,2022-09-07T00:00:00Z,92.80000305175781,93.79000091552734,87.4000015258789,88.0,28966
2022-09-08,2022-09-08T00:00:00Z,87.63999938964844,89.83000183105469,87.2300033569336,89.1500015258789,21562
2022-09-09,2022-09-09T00:00:00Z,88.45999908447266,93.0999984741211,88.31999969482422,92.83999633789062,22448
2022-09-12,2022-09-12T00:00:00Z,92.30000305175781,95.16999816894531,91.20999908447266,94.0,22758
2022-09-13,2022-09-13T00:00:00Z,94.20999908447266,95.51000213623047,91.06999969482422,93.16999816894531,27762
2022-09-14,2022-09-14T00:00:00Z,93.48999786376953,95.80999755859375,91.94999694824219,94.0999984741211,30880
2022-09-15,2022-09-15T00:00:00Z,94.43000030517578,94.6500015258789,90.05000305175781,90.83999633789062,29483
2022-09-16,2022-09-16T00:00:00Z,90.6500015258789,92.63999938964844,90.22000122070312,91.3499984741211,20652
2022-09-19,2022-09-19T00:00:00Z,91.6500015258789,92.58000183105469,88.4800033569336,92.0,17627
2022-09-20,2022-09-20T00:00:00Z,91.97000122070312,93.0199966430664,89.80000305175781,90.62000274658203,24688
2022-09-21,2022-09-21T00:00:00Z,90.69000244140625,93.51000213623047,89.30000305175781,89.83000183105469,27621
2022-09-22,2022-09-22T00:00:00Z,89.91999816894531,92.80000305175781,89.29000091552734,90.45999908447266,22375
2022-09-23,2022-09-23T00:00:00Z,90.3499984741211,90.70999908447266,85.45999908447266,86.1500015258789,18951
2022-09-26,2022-09-26T00:00:00Z,86.72000122070312,87.66000366210938,83.62999725341797,84.05999755859375,14034
2022-09-27,2022-09-27T00:00:00Z,83.91000366210938,87.12999725341797,83.91000366210938,86.2699966430664,10008
2022-09-28,2022-09-28T00:00:00Z,85.83000183105469,89.48999786376953,84.2699966430664,89.31999969482422,9937
2022-09-29,2022-09-29T00:00:00Z,88.94999694824219,90.0999984741211,87.44999694824219,88.48999786376953,7456
2022-09-30,2022-09-30T00:00:00Z,88.55999755859375,89.5199966430664,87.8499984741211,87.95999908447266,33026
2022-10-03,2022-10-03T00:00:00Z,86.51000213623047,89.83000183105469,86.51000213623047,88.86000061035156,38251
2022-10-04,2022-10-04T00:00:00Z,88.88999938964844,92.38999938964844,88.69000244140625,91.80000305175781,38971
2022-10-05,2022-10-05T00:00:00Z,91.6500015258789,93.97000122070312,90.9000015258789,93.37000274658203,39563
2022-10-06,2022-10-06T00:00:00Z,93.83000183105469,95.01000213623047,92.7300033569336,94.41999816894531,26200
2022-10-07,2022-10-07T00:00:00Z,94.98999786376953,98.58999633789062,93.93000030517578,97.91999816894531,36871
2022-10-10,2022-10-10T00:00:00Z,98.69999694824219,98.76000213623047,95.62000274658203,96.19000244140625,24699
2022-10-11,2022-10-11T00:00:00Z,96.1500015258789,96.44999694824219,93.11000061035156,94.29000091552734,31431
2022-10-12,2022-10-12T00:00:00Z,93.69000244140625,95.16999816894531,91.58000183105469,92.44999694824219,29821
2022-10-13,2022-10-13T00:00:00Z,92.47000122070312,94.9000015258789,91.08999633789062,94.56999969482422,32826
2022-10-14,2022-10-14T00:00:00Z,94.75,95.11000061035156,91.2699966430664,91.62999725341797,29344
2022-10-17,2022-10-17T00:00:00Z,91.70999908447266,93.2300033569336,90.83999633789062,91.62000274658203,23783
2022-10-18,2022-10-18T00:00:00Z,92.0199966430664,92.6500015258789,88.7699966430664,90.02999877929688,40941
2022-10-19,2022-10-19T00:00:00Z,90.79000091552734,92.83999633789062,89.37999725341797,92.41000366210938,43364
2022-10-20,2022-10-20T00:00:00Z,92.51000213623047,94.7699966430664,91.91999816894531,92.37999725341797,40748
2022-10-21,2022-10-21T00:00:00Z,92.79000091552734,93.80000305175781,91.0199966430664,93.5,26861
2022-10-24,2022-10-24T00:00:00Z,93.61000061035156,94.44000244140625,91.20999908447266,93.26000213623047,28074
2022-10-25,2022-10-25T00:00:00Z,93.55999755859375,94.37000274658203,91.62999725341797,93.5199966430664,22553
2022-10-26,2022-10-26T00:00:00Z,93.25,96.19000244140625,92.04000091552734,95.69000244140625,15637
2022-10-27,2022-10-27T00:00:00Z,96.16000366210938,97.27999877929688,95.08000183105469,96.95999908447266,14677
2022-10-28,2022-10-28T00:00:00Z,96.77999877929688,96.88999938964844,95.0,95.7699966430664,12135
2022-10-31,2022-10-31T00:00:00Z,96.0,96.0,94.31999969482422,94.83000183105469,23096
2022-11-01,2022-11-01T00:00:00Z,92.80000305175781,95.55000305175781,92.36000061035156,94.6500015258789,21355
2022-11-02,2022-11-02T00:00:00Z,94.66999816894531,96.47000122070312,93.98999786376953,96.16000366210938,28689
2022-11-03,2022-11-03T00:00:00Z,95.66000366210938,95.94000244140625,94.16000366210938,94.66999816894531,21292
2022-11-04,2022-11-04T00:00:00Z,94.4800033569336,98.81999969482422,94.33999633789062,98.56999969482422,31256
2022-11-07,2022-11-07T00:00:00Z,97.77999877929688,99.55999755859375,96.69999694824219,97.91999816894531,22568
2022-11-08,2022-11-08T00:00:00Z,98.0,98.2699966430664,94.9800033569336,95.36000061035156,28901
2022-11-09,2022-11-09T00:00:00Z,95.01000213623047,95.69000244140625,92.30000305175781,92.6500015258789,26729
2022-11-10,2022-11-10T00:00:00Z,92.54000091552734,94.30999755859375,91.69000244140625,93.66999816894531,31486
2022-11-11,2022-11-11T00:00:00Z,93.2699966430664,96.91999816894531,93.2699966430664,95.98999786376953,23629
2022-11-14,2022-11-14T00:00:00Z,95.97000122070312,96.91999816894531,92.48999786376953,93.13999938964844,22959
2022-11-15,2022-11-15T00:00:00Z,92.52999877929688,95.75,91.52999877929688,93.86000061035156,30904
2022-11-16,2022-11-16T00:00:00Z,93.76000213623047,94.77999877929688,91.68000030517578,92.86000061035156,22376
2022-11-17,2022-11-17T00:00:00Z,92.80000305175781,92.87999725341797,89.54000091552734,89.77999877929688,29012
2022-11-18,2022-11-18T00:00:00Z,89.9800033569336,90.61000061035156,85.79000091552734,87.62000274658203,34614
2022-11-21,2022-11-21T00:00:00Z,87.80000305175781,88.04000091552734,82.31999969482422,87.44999694824219,39835
2022-11-22,2022-11-22T00:00:00Z,87.6500015258789,89.87999725341797,87.37000274658203,88.36000061035156,23782
2022-11-23,2022-11-23T00:00:00Z,88.41000366210938,89.54000091552734,84.12000274658203,85.41000366210938,27071
2022-11-25,2022-11-25T00:00:00Z,84.94000244140625,86.9000015258789,83.55999755859375,83.62999725341797,12021
2022-11-28,2022-11-28T00:00:00Z,83.80000305175781,84.05000305175781,80.63999938964844,83.19000244140625,12583
2022-11-29,2022-11-29T00:00:00Z,82.33000183105469,86.0,82.19000244140625,83.02999877929688,12182
2022-11-30,2022-11-30T00:00:00Z,83.58000183105469,85.81999969482422,83.51000213623047,85.43000030517578,23710
2022-12-01,2022-12-01T00:00:00Z,86.5999984741211,89.41000366210938,86.25,86.87999725341797,23123
2022-12-02,2022-12-02T00:00:00Z,87.12999725341797,87.88999938964844,85.19000244140625,85.56999969482422,23562
2022-12-05,2022-12-05T00:00:00Z,85.5199966430664,88.43000030517578,82.54000091552734,82.68000030517578,25039
2022-12-06,2022-12-06T00:00:00Z,83.08999633789062,83.66999816894531,78.70999908447266,79.3499984741211,26680
2022-12-07,2022-12-07T00:00:00Z,79.79000091552734,80.4800033569336,76.94000244140625,77.16999816894531,26919
2022-12-08,2022-12-08T00:00:00Z,77.48999786376953,79.18000030517578,75.76000213623047,76.1500015258789,33131
2022-12-09,2022-12-09T00:00:00Z,76.7300033569336,77.47000122070312,75.11000061035156,76.0999984741211,24479
2022-12-12,2022-12-12T00:00:00Z,76.66999816894531,78.58000183105469,75.26000213623047,77.98999786376953,23020
2022-12-13,2022-12-13T00:00:00Z,78.19000244140625,81.27999877929688,78.04000091552734,80.68000030517578,30052
2022-12-14,2022-12-14T00:00:00Z,80.33999633789062,83.13999938964844,80.12999725341797,82.69999694824219,27330
2022-12-15,2022-12-15T00:00:00Z,82.83999633789062,83.19000244140625,80.83000183105469,81.20999908447266,26470
2022-12-16,2022-12-16T00:00:00Z,81.33999633789062,81.76000213623047,78.27999877929688,79.04000091552734,24439
2022-12-19,2022-12-19T00:00:00Z,79.08999633789062,80.88999938964844,78.62999725341797,79.80000305175781,19676
2022-12-20,2022-12-20T00:00:00Z,80.27999877929688,80.9000015258789,78.30000305175781,79.98999786376953,19646
2022-12-21,2022-12-21T00:00:00Z,79.94999694824219,82.54000091552734,79.5999984741211,82.19999694824219,17234
2022-12-22,2022-12-22T00:00:00Z,82.37000274658203,83.86000061035156,80.68000030517578,80.9800033569336,16647
2022-12-23,2022-12-23T00:00:00Z,81.7300033569336,84.37000274658203,81.33999633789062,83.91999816894531,8621
2022-12-27,2022-12-27T00:00:00Z,84.45999908447266,85.66999816894531,83.66000366210938,84.33000183105469,7512
2022-12-28,2022-12-28T00:00:00Z,84.5999984741211,84.63999938964844,81.94999694824219,83.26000213623047,5384
2022-12-29,2022-12-29T00:00:00Z,82.86000061035156,82.91000366210938,81.30000305175781,82.26000213623047,20599
2022-12-30,2022-12-30T00:00:00Z,83.66000366210938,86.27999877929688,82.87999725341797,85.91000366210938,19375
2023-01-03,2023-01-03T00:00:00Z,86.04000091552734,87.0199966430664,81.7699966430664,82.0999984741211,27559
2023-01-04,2023-01-04T00:00:00Z,82.2300033569336,82.66999816894531,77.72000122070312,77.83999633789062,24772
2023-01-05,2023-01-05T00:00:00Z,78.08999633789062,79.95999908447266,77.61000061035156,78.69000244140625,28051
2023-01-06,2023-01-06T00:00:00Z,78.80999755859375,80.56999969482422,78.05000305175781,78.56999969482422,23767
2023-01-09,2023-01-09T00:00:00Z,78.4800033569336,81.37000274658203,78.33999633789062,79.6500015258789,29985
2023-01-10,2023-01-10T00:00:00Z,79.70999908447266,80.87999725341797,78.80999755859375,80.0999984741211,21541
2023-01-11,2023-01-11T00:00:00Z,79.58999633789062,82.97000122070312,79.30000305175781,82.66999816894531,29995
2023-01-12,2023-01-12T00:00:00Z,82.86000061035156,84.61000061035156,82.37999725341797,84.02999877929688,29360
2023-01-13,2023-01-13T00:00:00Z,83.94999694824219,85.48999786376953,83.48999786376953,85.27999877929688,17857
2023-01-17,2023-01-17T00:00:00Z,85.44000244140625,86.81999969482422,83.86000061035156,85.91999816894531,36658
2023-01-18,2023-01-18T00:00:00Z,86.72000122070312,87.83999633789062,84.4000015258789,84.9800033569336,26461
2023-01-19,2023-01-19T00:00:00Z,84.58999633789062,86.8499984741211,83.73999786376953,86.16000366210938,28822
2023-01-20,2023-01-20T00:00:00Z,86.36000061035156,87.7699966430664,85.58000183105469,87.62999725341797,24374
2023-01-23,2023-01-23T00:00:00Z,87.80999755859375,89.0999984741211,86.93000030517578,88.19000244140625,21194
2023-01-24,2023-01-24T00:00:00Z,88.02999877929688,88.70999908447266,85.80999755859375,86.12999725341797,26572
2023-01-25,2023-01-25T00:00:00Z,86.30000305175781,87.01000213623047,85.41000366210938,86.12000274658203,19993
2023-01-26,2023-01-26T00:00:00Z,86.12999725341797,88.01000213623047,85.77999877929688,87.47000122070312,14187
2023-01-27,2023-01-27T00:00:00Z,87.5999984741211,88.91000366210938,85.68000030517578,86.66000366210938,10012
2023-01-30,2023-01-30T00:00:00Z,86.80000305175781,87.37000274658203,84.75,84.9000015258789,5879
2023-01-31,2023-01-31T00:00:00Z,85.16000366210938,85.16000366210938,83.69000244140625,84.48999786376953,30498
2023-02-01,2023-02-01T00:00:00Z,85.5199966430664,86.19999694824219,82.37000274658203,82.83999633789062,28085
2023-02-02,2023-02-02T00:00:00Z,83.08999633789062,83.5999984741211,81.23999786376953,82.16999816894531,24611
2023-02-03,2023-02-03T00:00:00Z,82.1500015258789,84.19000244140625,79.62000274658203,79.94000244140625,24743
2023-02-06,2023-02-06T00:00:00Z,79.75,81.4000015258789,79.08999633789062,80.98999786376953,31365
2023-02-07,2023-02-07T00:00:00Z,81.4000015258789,84.0999984741211,81.18000030517578,83.69000244140625,24432
2023-02-08,2023-02-08T00:00:00Z,84.02999877929688,85.16000366210938,83.5,85.08999633789062,29853
2023-02-09,2023-02-09T00:00:00Z,85.06999969482422,85.5,83.05999755859375,84.5,30520
2023-02-10,2023-02-10T00:00:00Z,84.2300033569336,86.91000366210938,83.94000244140625,86.38999938964844,30882
2023-02-13,2023-02-13T00:00:00Z,86.5999984741211,86.94999694824219,85.08999633789062,86.61000061035156,19426
2023-02-14,2023-02-14T00:00:00Z,85.75,86.4000015258789,84.12000274658203,85.58000183105469,19585
2023-02-15,2023-02-15T00:00:00Z,85.29000091552734,85.8499984741211,83.9000015258789,85.37999725341797,21161
2023-02-16,2023-02-16T00:00:00Z,85.13999938964844,86.19999694824219,84.5999984741211,85.13999938964844,20089
2023-02-17,2023-02-17T00:00:00Z,84.66999816894531,84.8499984741211,81.79000091552734,83.0,27191
2023-02-21,2023-02-21T00:00:00Z,83.01000213623047,84.29000091552734,82.54000091552734,83.05000305175781,31936
2023-02-22,2023-02-22T00:00:00Z,82.73999786376953,83.2300033569336,80.4000015258789,80.5999984741211,20309
2023-02-23,2023-02-23T00:00:00Z,80.47000122070312,82.75,80.33999633789062,82.20999908447266,14474
2023-02-24,2023-02-24T00:00:00Z,82.3499984741211,83.37999725341797,81.06999969482422,83.16000366210938,13365
2023-02-27,2023-02-27T00:00:00Z,83.12000274658203,83.62999725341797,81.73999786376953,82.44999694824219,5691
2023-02-28,2023-02-28T00:00:00Z,82.63999938964844,84.12000274658203,82.61000061035156,83.88999938964844,24882
2023-03-01,2023-03-01T00:00:00Z,83.0999984741211,84.48999786376953,82.61000061035156,84.30999755859375,26723
2023-03-02,2023-03-02T00:00:00Z,84.30999755859375,85.08999633789062,83.83999633789062,84.75,17997
2023-03-03,2023-03-03T00:00:00Z,84.41000366210938,86.0,82.36000061035156,85.83000183105469,27594
2023-03-06,2023-03-06T00:00:00Z,85.93000030517578,86.36000061035156,84.3499984741211,86.18000030517578,24587
2023-03-07,2023-03-07T00:00:00Z,86.2300033569336,86.76000213623047,82.6500015258789,83.29000091552734,26092
2023-03-08,2023-03-08T00:00:00Z,82.9800033569336,83.58999633789062,82.05000305175781,82.66000366210938,23661
2023-03-09,2023-03-09T00:00:00Z,82.62000274658203,84.01000213623047,81.41000366210938,81.58999633789062,25018
2023-03-10,2023-03-10T00:00:00Z,81.47000122070312,83.08000183105469,80.7300033569336,82.77999877929688,26753
2023-03-13,2023-03-13T00:00:00Z,82.54000091552734,83.47000122070312,78.33999633789062,80.7699966430664,38195
2023-03-14,2023-03-14T00:00:00Z,80.69000244140625,80.87999725341797,76.87999725341797,77.44999694824219,33198
2023-03-15,2023-03-15T00:00:00Z,77.56999969482422,78.70999908447266,71.62999725341797,73.69000244140625,46598
2023-03-16,2023-03-16T00:00:00Z,74.3499984741211,75.5199966430664,71.86000061035156,74.69999694824219,29873
2023-03-17,2023-03-17T00:00:00Z,74.55000305175781,75.9000015258789,71.3499984741211,72.97000122070312,34734
2023-03-20,2023-03-20T00:00:00Z,72.88999938964844,73.8499984741211,70.12999725341797,73.79000091552734,22185
2023-03-21,2023-03-21T00:00:00Z,73.73999786376953,75.4000015258789,72.80999755859375,75.31999969482422,18784
2023-03-22,2023-03-22T00:00:00Z,75.08999633789062,77.08999633789062,74.5199966430664,76.69000244140625,19933
2023-03-23,2023-03-23T00:00:00Z,75.73999786376953,77.43000030517578,75.12000274658203,75.91000366210938,18685
2023-03-24,2023-03-24T00:00:00Z,75.41999816894531,76.27999877929688,72.69000244140625,74.98999786376953,18941
2023-03-27,2023-03-27T00:00:00Z,75.23999786376953,78.43000030517578,74.80000305175781,78.12000274658203,13874
2023-03-28,2023-03-28T00:00:00Z,78.18000030517578,79.20999908447266,77.55000305175781,78.6500015258789,17782
2023-03-29,2023-03-29T00:00:00Z,79.0199966430664,79.69999694824219,77.94999694824219,78.27999877929688,11027
2023-03-30,2023-03-30T00:00:00Z,78.22000122070312,79.55000305175781,77.8499984741211,79.2699966430664,6818
2023-03-31,2023-03-31T00:00:00Z,79.27999877929688,79.7699966430664,79.06999969482422,79.7699966430664,38477
2023-04-03,2023-04-03T00:00:00Z,83.29000091552734,86.23999786376953,83.29000091552734,84.93000030517578,37587
2023-04-04,2023-04-04T00:00:00Z,84.77999877929688,86.05000305175781,83.87000274658203,84.94000244140625,32987
2023-04-05,2023-04-05T00:00:00Z,85.0999984741211,85.55000305175781,84.01000213623047,84.98999786376953,28362
2023-04-06,2023-04-06T00:00:00Z,84.83000183105469,85.44000244140625,84.05000305175781,85.12000274658203,0
2023-04-10,2023-04-10T00:00:00Z,84.94999694824219,85.63999938964844,84.08000183105469,84.18000030517578,14242
2023-04-11,2023-04-11T00:00:00Z,84.27999877929688,85.68000030517578,83.75,85.61000061035156,28189
2023-04-12,2023-04-12T00:00:00Z,85.55000305175781,87.48999786376953,85.41000366210938,87.33000183105469,36337
2023-04-13,2023-04-13T00:00:00Z,87.1500015258789,87.47000122070312,86.05999755859375,86.08999633789062,26363
2023-04-14,2023-04-14T00:00:00Z,86.33999633789062,86.86000061035156,85.54000091552734,86.30999755859375,28360
2023-04-17,2023-04-17T00:00:00Z,86.2699966430664,86.51000213623047,84.3499984741211,84.76000213623047,30271
2023-04-18,2023-04-18T00:00:00Z,84.81999969482422,85.4000015258789,83.81999969482422,84.7699966430664,27241
2023-04-19,2023-04-19T00:00:00Z,84.86000061035156,85.1500015258789,82.41000366210938,83.12000274658203,30732
2023-04-20,2023-04-20T00:00:00Z,83.0,83.04000091552734,80.7699966430664,81.0999984741211,26114
2023-04-21,2023-04-21T00:00:00Z,80.83000183105469,82.04000091552734,80.44999694824219,81.66000366210938,17805
2023-04-24,2023-04-24T00:00:00Z,81.5999984741211,82.98999786376953,80.48999786376953,82.7300033569336,16684
2023-04-25,2023-04-25T00:00:00Z,82.58000183105469,83.05000305175781,80.3499984741211,80.7699966430664,17134
2023-04-26,2023-04-26T00:00:00Z,81.0,81.47000122070312,77.4800033569336,77.69000244140625,15436
2023-04-27,2023-04-27T00:00:00Z,77.87000274658203,78.62999725341797,77.38999938964844,78.37000274658203,8926
2023-04-28,2023-04-28T00:00:00Z,78.30999755859375,79.5999984741211,77.97000122070312,79.54000091552734,26788
2023-05-01,2023-05-01T00:00:00Z,80.18000030517578,80.19000244140625,78.12999725341797,79.30999755859375,12551
2023-05-02,2023-05-02T00:00:00Z,79.26000213623047,79.77999877929688,75.08999633789062,75.31999969482422,35700
2023-05-03,2023-05-03T00:00:00Z,75.2699966430664,75.55000305175781,71.68000030517578,72.33000183105469,34878
2023-05-04,2023-05-04T00:00:00Z,71.88999938964844,73.7300033569336,68.19999694824219,72.5,30132
2023-05-05,2023-05-05T00:00:00Z,72.6500015258789,75.7300033569336,72.41000366210938,75.30000305175781,20363
2023-05-08,2023-05-08T00:00:00Z,75.41000366210938,77.41999816894531,74.95999908447266,77.01000213623047,17211
2023-05-09,2023-05-09T00:00:00Z,76.8499984741211,77.48999786376953,75.06999969482422,77.44000244140625,24836
2023-05-10,2023-05-10T00:00:00Z,77.25,77.5999984741211,75.68000030517578,76.41000366210938,30289
2023-05-11,2023-05-11T00:00:00Z,76.63999938964844,77.4000015258789,74.62000274658203,74.9800033569336,32136
2023-05-12,2023-05-12T00:00:00Z,75.45999908447266,75.83999633789062,74.02999877929688,74.16999816894531,26553
2023-05-15,2023-05-15T00:00:00Z,74.25,75.75,73.48999786376953,75.2300033569336,24312
2023-05-16,2023-05-16T00:00:00Z,75.44999694824219,75.94999694824219,74.5,74.91000366210938,23070
2023-05-17,2023-05-17T00:00:00Z,74.68000030517578,77.30999755859375,74.08999633789062,76.95999908447266,31285
2023-05-18,2023-05-18T00:00:00Z,76.79000091552734,76.9800033569336,75.4800033569336,75.86000061035156,20152
2023-05-19,2023-05-19T00:00:00Z,75.9000015258789,77.5,75.0999984741211,75.58000183105469,22388
2023-05-22,2023-05-22T00:00:00Z,75.73999786376953,76.45999908447266,74.55000305175781,75.98999786376953,22801
2023-05-23,2023-05-23T00:00:00Z,75.97000122070312,77.73999786376953,75.6500015258789,76.83999633789062,30676
2023-05-24,2023-05-24T00:00:00Z,77.58999633789062,78.66000366210938,77.04000091552734,78.36000061035156,33849
2023-05-25,2023-05-25T00:00:00Z,78.26000213623047,78.5,75.12000274658203,76.26000213623047,36272
2023-05-26,2023-05-26T00:00:00Z,76.12000274658203,77.3499984741211,75.72000122070312,76.94999694824219,15522
2023-05-30,2023-05-30T00:00:00Z,77.37000274658203,77.73999786376953,73.16000366210938,73.54000091552734,13840
2023-05-31,2023-05-31T00:00:00Z,73.6500015258789,73.7699966430664,71.55000305175781,72.66000366210938,34611
2023-06-01,2023-06-01T00:00:00Z,72.08999633789062,75.25,72.01000213623047,74.27999877929688,31338
2023-06-02,2023-06-02T00:00:00Z,74.41000366210938,76.48999786376953,74.18000030517578,76.12999725341797,26080
2023-06-05,2023-06-05T00:00:00Z,77.5,78.72000122070312,76.30000305175781,76.70999908447266,34658
2023-06-06,2023-06-06T00:00:00Z,76.47000122070312,76.76000213623047,74.7300033569336,76.29000091552734,27997
2023-06-07,2023-06-07T00:00:00Z,76.06999969482422,77.62000274658203,75.51000213623047,76.94999694824219,35446
2023-06-08,2023-06-08T00:00:00Z,76.80000305175781,77.66000366210938,73.56999969482422,75.95999908447266,45284
2023-06-09,2023-06-09T00:00:00Z,75.52999877929688,76.55000305175781,74.72000122070312,74.79000091552734,25616
2023-06-12,2023-06-12T00:00:00Z,74.87999725341797,74.87999725341797,71.56999969482422,71.83999633789062,33191
2023-06-13,2023-06-13T00:00:00Z,72.0,74.6500015258789,71.94999694824219,74.29000091552734,28142
2023-06-14,2023-06-14T00:00:00Z,74.06999969482422,75.4800033569336,73.02999877929688,73.19999694824219,26201
2023-06-15,2023-06-15T00:00:00Z,73.47000122070312,75.95999908447266,72.91000366210938,75.66999816894531,21211
2023-06-16,2023-06-16T00:00:00Z,75.58000183105469,76.73999786376953,75.08000183105469,76.61000061035156,20871
2023-06-20,2023-06-20T00:00:00Z,76.2300033569336,77.1500015258789,74.5199966430664,75.9000015258789,34421
2023-06-21,2023-06-21T00:00:00Z,75.5,77.23999786376953,75.37999725341797,77.12000274658203,22470
2023-06-22,2023-06-22T00:00:00Z,76.95999908447266,77.19000244140625,73.58000183105469,74.13999938964844,30975
2023-06-23,2023-06-23T00:00:00Z,74.1500015258789,74.37000274658203,72.0999984741211,73.8499984741211,15800
2023-06-26,2023-06-26T00:00:00Z,74.44999694824219,74.83000183105469,73.43000030517578,74.18000030517578,20960
2023-06-27,2023-06-27T00:00:00Z,74.2300033569336,74.88999938964844,72.08999633789062,72.26000213623047,15262
2023-06-28,2023-06-28T00:00:00Z,72.55999755859375,74.20999908447266,71.58000183105469,74.02999877929688,12437
2023-06-29,2023-06-29T00:00:00Z,73.75,74.97000122070312,73.41000366210938,74.33999633789062,6372
2023-06-30,2023-06-30T00:00:00Z,74.25,75.12999725341797,74.25,74.9000015258789,29055
2023-07-03,2023-07-03T00:00:00Z,75.12999725341797,76.58000183105469,74.58000183105469,74.6500015258789,24066
2023-07-05,2023-07-05T00:00:00Z,74.94000244140625,76.94000244140625,74.77999877929688,76.6500015258789,35538
2023-07-06,2023-07-06T00:00:00Z,76.54000091552734,77.08000183105469,75.01000213623047,76.5199966430664,29695
2023-07-07,2023-07-07T00:00:00Z,76.4800033569336,78.52999877929688,76.0199966430664,78.47000122070312,26656
2023-07-10,2023-07-10T00:00:00Z,78.48999786376953,78.77999877929688,77.33999633789062,77.69000244140625,21082
2023-07-11,2023-07-11T00:00:00Z,77.86000061035156,79.5,77.63999938964844,79.4000015258789,22736
2023-07-12,2023-07-12T00:00:00Z,79.27999877929688,80.56999969482422,79.22000122070312,80.11000061035156,25367
2023-07-13,2023-07-13T00:00:00Z,80.1500015258789,81.75,79.87000274658203,81.36000061035156,28794
2023-07-14,2023-07-14T00:00:00Z,81.61000061035156,81.69000244140625,79.56999969482422,79.87000274658203,23286
2023-07-17,2023-07-17T00:00:00Z,79.44999694824219,80.62000274658203,78.26000213623047,78.5,29152
2023-07-18,2023-07-18T00:00:00Z,78.52999877929688,80.01000213623047,78.19999694824219,79.62999725341797,30304
2023-07-19,2023-07-19T00:00:00Z,79.80000305175781,80.94999694824219,79.18000030517578,79.45999908447266,33372
2023-07-20,2023-07-20T00:00:00Z,79.5,80.2699966430664,78.66999816894531,79.63999938964844,24867
2023-07-21,2023-07-21T00:00:00Z,79.66000366210938,81.23999786376953,79.66000366210938,81.06999969482422,23563
2023-07-24,2023-07-24T00:00:00Z,80.98999786376953,83.16000366210938,80.41999816894531,82.73999786376953,28032
2023-07-25,2023-07-25T00:00:00Z,82.83000183105469,83.87999725341797,82.23999786376953,83.63999938964844,22083
2023-07-26,2023-07-26T00:00:00Z,83.2699966430664,83.86000061035156,82.5999984741211,82.91999816894531,19315
2023-07-27,2023-07-27T00:00:00Z,83.02999877929688,84.51000213623047,82.98999786376953,84.23999786376953,18467
2023-07-28,2023-07-28T00:00:00Z,84.05000305175781,85.0999984741211,83.22000122070312,84.98999786376953,11121
2023-07-31,2023-07-31T00:00:00Z,84.87999725341797,85.66000366210938,84.5199966430664,85.55999755859375,23446
2023-08-01,2023-08-01T00:00:00Z,85.3499984741211,85.79000091552734,84.26000213623047,84.91000366210938,27179
2023-08-02,2023-08-02T00:00:00Z,85.7300033569336,85.9800033569336,82.75,83.19999694824219,32246
2023-08-03,2023-08-03T00:00:00Z,83.44000244140625,85.41999816894531,82.37000274658203,85.13999938964844,30333
2023-08-04,2023-08-04T00:00:00Z,85.31999969482422,86.6500015258789,85.11000061035156,86.23999786376953,22130
2023-08-07,2023-08-07T00:00:00Z,86.13999938964844,86.70999908447266,85.04000091552734,85.33999633789062,19591
2023-08-08,2023-08-08T00:00:00Z,85.83999633789062,86.3499984741211,83.31999969482422,86.16999816894531,26377
2023-08-09,2023-08-09T00:00:00Z,86.01000213623047,87.66000366210938,85.94000244140625,87.55000305175781,29154
2023-08-10,2023-08-10T00:00:00Z,87.37000274658203,88.0999984741211,86.1500015258789,86.4000015258789,28721
2023-08-11,2023-08-11T00:00:00Z,86.38999938964844,87.3499984741211,85.8499984741211,86.80999755859375,33204
2023-08-14,2023-08-14T00:00:00Z,86.63999938964844,86.69999694824219,85.5,86.20999908447266,24768
2023-08-15,2023-08-15T00:00:00Z,86.30000305175781,86.66999816894531,84.29000091552734,84.88999938964844,29945
2023-08-16,2023-08-16T00:00:00Z,85.12000274658203,85.36000061035156,83.12000274658203,83.44999694824219,31925
2023-08-17,2023-08-17T00:00:00Z,83.3499984741211,84.88999938964844,83.05000305175781,84.12000274658203,33977
2023-08-18,2023-08-18T00:00:00Z,83.83000183105469,85.06999969482422,83.31999969482422,84.80000305175781,26072
2023-08-21,2023-08-21T00:00:00Z,85.05999755859375,85.87000274658203,84.30999755859375,84.45999908447266,27958
2023-08-22,2023-08-22T00:00:00Z,84.38999938964844,84.6500015258789,83.83999633789062,84.02999877929688,27081
2023-08-23,2023-08-23T00:00:00Z,83.9800033569336,84.23999786376953,81.97000122070312,83.20999908447266,35103
2023-08-24,2023-08-24T00:00:00Z,82.98999786376953,83.61000061035156,81.97000122070312,83.36000061035156,27997
2023-08-25,2023-08-25T00:00:00Z,83.19999694824219,84.97000122070312,82.69000244140625,84.4800033569336,20715
2023-08-28,2023-08-28T00:00:00Z,84.87000274658203,85.22000122070312,84.11000061035156,84.41999816894531,14607
2023-08-29,2023-08-29T00:00:00Z,84.37999725341797,85.6500015258789,83.77999877929688,85.48999786376953,14579
2023-08-30,2023-08-30T00:00:00Z,85.62999725341797,86.20999908447266,85.12999725341797,85.86000061035156,12280
2023-08-31,2023-08-31T00:00:00Z,85.8499984741211,86.9000015258789,85.8499984741211,86.86000061035156,33559
2023-09-01,2023-09-01T00:00:00Z,86.81999969482422,88.95999908447266,86.73999786376953,88.55000305175781,33224
2023-09-05,2023-09-05T00:00:00Z,88.69999694824219,91.18000030517578,88.06999969482422,90.04000091552734,46893
2023-09-06,2023-09-06T00:00:00Z,89.9800033569336,91.11000061035156,89.25,90.5999984741211,25396
2023-09-07,2023-09-07T00:00:00Z,90.61000061035156,90.86000061035156,89.47000122070312,89.91999816894531,22300
2023-09-08,2023-09-08T00:00:00Z,89.80000305175781,91.0199966430664,89.30000305175781,90.6500015258789,27150
2023-09-11,2023-09-11T00:00:00Z,90.66000366210938,91.44999694824219,90.12000274658203,90.63999938964844,29901
2023-09-12,2023-09-12T00:00:00Z,90.55999755859375,92.41999816894531,90.54000091552734,92.05999755859375,31070
2023-09-13,2023-09-13T00:00:00Z,91.93000030517578,92.83000183105469,91.62999725341797,91.87999725341797,31803
2023-09-14,2023-09-14T00:00:00Z,92.19999694824219,94.20999908447266,92.02999877929688,93.69999694824219,36699
2023-09-15,2023-09-15T00:00:00Z,94.12999725341797,94.61000061035156,92.66999816894531,93.93000030517578,35162
2023-09-18,2023-09-18T00:00:00Z,94.19999694824219,94.94999694824219,93.77999877929688,94.43000030517578,33918
2023-09-19,2023-09-19T00:00:00Z,94.62999725341797,95.94999694824219,94.16999816894531,94.33999633789062,43614
2023-09-20,2023-09-20T00:00:00Z,94.4800033569336,94.7300033569336,92.76000213623047,93.52999877929688,43515
2023-09-21,2023-09-21T00:00:00Z,93.22000122070312,94.5999984741211,92.19999694824219,93.30000305175781,38711
2023-09-22,2023-09-22T00:00:00Z,93.31999969482422,94.62999725341797,92.80000305175781,93.2699966430664,31511
2023-09-25,2023-09-25T00:00:00Z,93.75,94.25,92.54000091552734,93.29000091552734,18626
2023-09-26,2023-09-26T00:00:00Z,93.26000213623047,94.20999908447266,91.80000305175781,93.95999908447266,18509
2023-09-27,2023-09-27T00:00:00Z,94.16000366210938,97.04000091552734,94.1500015258789,96.55000305175781,23665
2023-09-28,2023-09-28T00:00:00Z,96.62000274658203,97.62999725341797,94.75,95.37999725341797,9192
2023-09-29,2023-09-29T00:00:00Z,95.0999984741211,96.23999786376953,94.95999908447266,95.30999755859375,47666
2023-10-02,2023-10-02T00:00:00Z,92.19000244140625,93.31999969482422,90.3499984741211,90.70999908447266,38153
2023-10-03,2023-10-03T00:00:00Z,90.44000244140625,91.55999755859375,89.5199966430664,90.91999816894531,50094
2023-10-04,2023-10-04T00:00:00Z,90.95999908447266,91.19000244140625,85.7300033569336,85.80999755859375,49185
2023-10-05,2023-10-05T00:00:00Z,86.02999877929688,86.51000213623047,83.83999633789062,84.06999969482422,44895
2023-10-06,2023-10-06T00:00:00Z,84.22000122070312,84.95999908447266,83.44999694824219,84.58000183105469,41254
2023-10-09,2023-10-09T00:00:00Z,86.3499984741211,89.0,86.06999969482422,88.1500015258789,37096
2023-10-10,2023-10-10T00:00:00Z,88.11000061035156,88.47000122070312,86.91999816894531,87.6500015258789,29704
2023-10-11,2023-10-11T00:00:00Z,87.75,88.25,85.22000122070312,85.81999969482422,37902
2023-10-12,2023-10-12T00:00:00Z,85.5999984741211,87.63999938964844,85.18000030517578,86.0,40488
2023-10-13,2023-10-13T00:00:00Z,86.41000366210938,90.98999786376953,86.27999877929688,90.88999938964844,44455
2023-10-16,2023-10-16T00:00:00Z,90.91999816894531,91.38999938964844,89.48999786376953,89.6500015258789,28811
2023-10-17,2023-10-17T00:00:00Z,90.05999755859375,90.91999816894531,88.87000274658203,89.9000015258789,27054
2023-10-18,2023-10-18T00:00:00Z,90.9000015258789,92.97000122070312,90.5999984741211,91.5,35456
2023-10-19,2023-10-19T00:00:00Z,91.33999633789062,93.47000122070312,89.52999877929688,92.37999725341797,34880
2023-10-20,2023-10-20T00:00:00Z,92.8499984741211,93.79000091552734,91.68000030517578,92.16000366210938,30081
2023-10-23,2023-10-23T00:00:00Z,92.12999725341797,92.43000030517578,89.62000274658203,89.83000183105469,36158
2023-10-24,2023-10-24T00:00:00Z,90.3499984741211,90.66999816894531,87.3499984741211,88.06999969482422,42436
2023-10-25,2023-10-25T00:00:00Z,88.13999938964844,90.33999633789062,86.66999816894531,90.12999725341797,47506
2023-10-26,2023-10-26T00:00:00Z,90.04000091552734,90.36000061035156,87.55000305175781,87.93000030517578,22662
2023-10-27,2023-10-27T00:00:00Z,88.26000213623047,90.73999786376953,87.83999633789062,90.4800033569336,21249
2023-10-30,2023-10-30T00:00:00Z,90.30000305175781,90.30000305175781,87.22000122070312,87.44999694824219,15413
2023-10-31,2023-10-31T00:00:00Z,87.80999755859375,88.52999877929688,87.41000366210938,87.41000366210938,35673
2023-11-01,2023-11-01T00:00:00Z,85.44999694824219,87.22000122070312,84.55999755859375,84.62999725341797,36235
2023-11-02,2023-11-02T00:00:00Z,84.94000244140625,87.02999877929688,84.61000061035156,86.8499984741211,31512
2023-11-03,2023-11-03T00:00:00Z,86.86000061035156,87.77999877929688,84.55000305175781,84.88999938964844,36172
2023-11-06,2023-11-06T00:00:00Z,85.38999938964844,86.44999694824219,84.91000366210938,85.18000030517578,26524
2023-11-07,2023-11-07T00:00:00Z,85.2300033569336,85.31999969482422,81.41999816894531,81.61000061035156,38007
2023-11-08,2023-11-08T00:00:00Z,81.47000122070312,81.93000030517578,79.16000366210938,79.54000091552734,36137
2023-11-09,2023-11-09T00:00:00Z,79.77999877929688,81.4800033569336,79.44000244140625,80.01000213623047,32592
2023-11-10,2023-11-10T00:00:00Z,79.69999694824219,82.05000305175781,79.61000061035156,81.43000030517578,20653
2023-11-13,2023-11-13T00:00:00Z,81.44999694824219,82.81999969482422,80.41000366210938,82.5199966430664,22380
2023-11-14,2023-11-14T00:00:00Z,82.75,83.97000122070312,82.05000305175781,82.47000122070312,25753
2023-11-15,2023-11-15T00:00:00Z,82.37999725341797,83.01000213623047,80.80000305175781,81.18000030517578,32261
2023-11-16,2023-11-16T00:00:00Z,80.94000244140625,81.16000366210938,76.5999984741211,77.41999816894531,37692
2023-11-17,2023-11-17T00:00:00Z,77.52999877929688,80.80000305175781,77.27999877929688,80.61000061035156,35037
2023-11-20,2023-11-20T00:00:00Z,80.47000122070312,82.93000030517578,79.97000122070312,82.31999969482422,24121
2023-11-21,2023-11-21T00:00:00Z,82.12999725341797,82.52999877929688,81.41000366210938,82.44999694824219,22699
2023-11-22,2023-11-22T00:00:00Z,82.4000015258789,82.62999725341797,78.41000366210938,81.95999908447266,40651
2023-11-23,2023-11-23T00:00:00Z,81.62999725341797,81.62999725341797,80.18000030517578,81.37000274658203,40651
2023-11-24,2023-11-24T00:00:00Z,81.62999725341797,82.19999694824219,80.18000030517578,80.58000183105469,19356
2023-11-27,2023-11-27T00:00:00Z,80.33999633789062,81.18000030517578,79.12999725341797,79.9800033569336,15161
2023-11-28,2023-11-28T00:00:00Z,80.13999938964844,82.18000030517578,79.83000183105469,81.68000030517578,15095
2023-11-29,2023-11-29T00:00:00Z,81.93000030517578,83.23999786376953,80.95999908447266,83.0999984741211,8045
2023-11-30,2023-11-30T00:00:00Z,82.87000274658203,84.70999908447266,82.66999816894531,82.83000183105469,59320
2023-12-01,2023-12-01T00:00:00Z,80.47000122070312,81.5199966430664,78.75,78.87999725341797,29551
2023-12-04,2023-12-04T00:00:00Z,79.43000030517578,79.66000366210938,77.5199966430664,78.02999877929688,32582
2023-12-05,2023-12-05T00:00:00Z,78.19999694824219,79.06999969482422,76.9800033569336,77.19999694824219,30931
2023-12-06,2023-12-06T00:00:00Z,77.05999755859375,77.62999725341797,74.11000061035156,74.30000305175781,34004
2023-12-07,2023-12-07T00:00:00Z,74.30000305175781,75.4800033569336,73.61000061035156,74.05000305175781,26600
2023-12-08,2023-12-08T00:00:00Z,74.5,76.36000061035156,74.2300033569336,75.83999633789062,21497
2023-12-11,2023-12-11T00:00:00Z,75.66000366210938,76.4800033569336,75.0,76.02999877929688,20413
2023-12-12,2023-12-12T00:00:00Z,76.25,76.63999938964844,72.86000061035156,73.23999786376953,29568
2023-12-13,2023-12-13T00:00:00Z,73.36000061035156,74.69999694824219,72.30000305175781,74.26000213623047,27711
2023-12-14,2023-12-14T00:00:00Z,74.70999908447266,77.3499984741211,74.45999908447266,76.61000061035156,28386
2023-12-15,2023-12-15T00:00:00Z,76.5999984741211,77.22000122070312,75.33000183105469,76.55000305175781,19442
2023-12-18,2023-12-18T00:00:00Z,76.97000122070312,79.51000213623047,75.77999877929688,77.94999694824219,30258
2023-12-19,2023-12-19T00:00:00Z,78.05000305175781,79.66000366210938,77.43000030517578,79.2300033569336,25735
2023-12-20,2023-12-20T00:00:00Z,79.25,80.61000061035156,79.08000183105469,79.69999694824219,26913
2023-12-21,2023-12-21T00:00:00Z,79.13999938964844,80.12000274658203,77.8499984741211,79.38999938964844,22237
2023-12-22,2023-12-22T00:00:00Z,79.44000244140625,80.37000274658203,78.83000183105469,79.06999969482422,12334
2023-12-26,2023-12-26T00:00:00Z,79.19000244140625,81.70999908447266,78.80999755859375,81.06999969482422,10247
2023-12-27,2023-12-27T00:00:00Z,80.73999786376953,81.31999969482422,79.48999786376953,79.6500015258789,8282
2023-12-28,2023-12-28T00:00:00Z,79.83999633789062,79.95999908447266,78.33999633789062,78.38999938964844,24301
2023-12-29,2023-12-29T00:00:00Z,77.41999816894531,77.97000122070312,76.75,77.04000091552734,20115
2024-01-02,2024-01-02T00:00:00Z,77.20999908447266,79.04000091552734,75.5999984741211,75.88999938964844,28591
2024-01-03,2024-01-03T00:00:00Z,75.98999786376953,78.66999816894531,74.79000091552734,78.25,32172
2024-01-04,2024-01-04T00:00:00Z,78.5,79.4000015258789,76.5,77.58999633789062,33154
2024-01-05,2024-01-05T00:00:00Z,77.5999984741211,79.25,77.5,78.76000213623047,30994
2024-01-08,2024-01-08T00:00:00Z,78.5999984741211,78.94999694824219,75.26000213623047,76.12000274658203,32539
2024-01-09,2024-01-09T00:00:00Z,76.36000061035156,78.18000030517578,75.95999908447266,77.58999633789062,27914
2024-01-10,2024-01-10T00:00:00Z,77.45999908447266,78.7300033569336,76.37999725341797,76.80000305175781,34395
2024-01-11,2024-01-11T00:00:00Z,76.73999786376953,79.08999633789062,76.6500015258789,77.41000366210938,35565
2024-01-12,2024-01-12T00:00:00Z,78.45999908447266,80.73999786376953,77.93000030517578,78.29000091552734,31824
2024-01-16,2024-01-16T00:00:00Z,78.08000183105469,79.38999938964844,76.83000183105469,78.29000091552734,46742
2024-01-17,2024-01-17T00:00:00Z,77.86000061035156,78.18000030517578,76.5,77.87999725341797,35892
2024-01-18,2024-01-18T00:00:00Z,78.05000305175781,79.30000305175781,77.33999633789062,79.0999984741211,28190
2024-01-19,2024-01-19T00:00:00Z,78.9800033569336,79.75,78.33000183105469,78.55999755859375,23734
2024-01-22,2024-01-22T00:00:00Z,78.8499984741211,80.55000305175781,77.81999969482422,80.05999755859375,27825
2024-01-23,2024-01-23T00:00:00Z,79.91000366210938,80.44000244140625,78.69999694824219,79.55000305175781,27835
2024-01-24,2024-01-24T00:00:00Z,79.73999786376953,80.73999786376953,79.05000305175781,80.04000091552734,22429
2024-01-25,2024-01-25T00:00:00Z,80.30999755859375,82.55999755859375,80.06999969482422,82.43000030517578,21420
2024-01-26,2024-01-26T00:00:00Z,82.38999938964844,83.83000183105469,81.31999969482422,83.55000305175781,19128
2024-01-29,2024-01-29T00:00:00Z,84.12999725341797,84.79000091552734,82.04000091552734,82.4000015258789,12802
2024-01-30,2024-01-30T00:00:00Z,82.56999969482422,83.25,81.33999633789062,82.87000274658203,7284
2024-01-31,2024-01-31T00:00:00Z,82.58999633789062,82.80000305175781,81.70999908447266,81.70999908447266,33486
2024-02-01,2024-02-01T00:00:00Z,80.66999816894531,81.55000305175781,78.58000183105469,78.69999694824219,48919
2024-02-02,2024-02-02T00:00:00Z,78.91999816894531,79.44000244140625,76.86000061035156,77.33000183105469,32405
2024-02-05,2024-02-05T00:00:00Z,77.66000366210938,78.33000183105469,76.62000274658203,77.98999786376953,24879
2024-02-06,2024-02-06T00:00:00Z,77.94000244140625,79.06999969482422,77.6500015258789,78.58999633789062,24904
2024-02-07,2024-02-07T00:00:00Z,78.69999694824219,79.47000122070312,78.48999786376953,79.20999908447266,26342
2024-02-08,2024-02-08T00:00:00Z,79.37999725341797,81.88999938964844,79.0199966430664,81.62999725341797,32568
2024-02-09,2024-02-09T00:00:00Z,81.7300033569336,82.45999908447266,81.20999908447266,82.19000244140625,26408
2024-02-12,2024-02-12T00:00:00Z,81.76000213623047,82.20999908447266,80.79000091552734,82.0,22915
2024-02-13,2024-02-13T00:00:00Z,82.05000305175781,83.2300033569336,81.95999908447266,82.7699966430664,29306
2024-02-14,2024-02-14T00:00:00Z,82.66000366210938,83.61000061035156,81.38999938964844,81.5999984741211,28305
2024-02-15,2024-02-15T00:00:00Z,81.5199966430664,83.25,80.72000122070312,82.86000061035156,31230
2024-02-16,2024-02-16T00:00:00Z,82.83000183105469,83.66000366210938,81.9000015258789,83.47000122070312,34125
2024-02-20,2024-02-20T00:00:00Z,83.30000305175781,83.62999725341797,82.05000305175781,82.33999633789062,34581
2024-02-21,2024-02-21T00:00:00Z,82.55999755859375,83.16999816894531,81.66999816894531,83.02999877929688,23038
2024-02-22,2024-02-22T00:00:00Z,83.16000366210938,83.97000122070312,82.33999633789062,83.66999816894531,27885
2024-02-23,2024-02-23T00:00:00Z,83.41999816894531,83.4800033569336,81.44000244140625,81.62000274658203,19427
2024-02-26,2024-02-26T00:00:00Z,81.58999633789062,83.05999755859375,81.0199966430664,82.52999877929688,15694
2024-02-27,2024-02-27T00:00:00Z,82.55000305175781,83.73999786376953,82.0999984741211,83.6500015258789,10882
2024-02-28,2024-02-28T00:00:00Z,83.4000015258789,84.30000305175781,82.62000274658203,83.68000030517578,6015
2024-02-29,2024-02-29T00:00:00Z,83.6500015258789,83.73999786376953,83.04000091552734,83.62000274658203,27327
2024-03-01,2024-03-01T00:00:00Z,81.97000122070312,84.3499984741211,81.80999755859375,83.55000305175781,30885
2024-03-04,2024-03-04T00:00:00Z,83.58999633789062,84.06999969482422,82.58000183105469,82.80000305175781,26396
2024-03-05,2024-03-05T00:00:00Z,82.97000122070312,83.13999938964844,81.7300033569336,82.04000091552734,37442
2024-03-06,2024-03-06T00:00:00Z,82.08000183105469,84.05999755859375,81.88999938964844,82.95999908447266,35173
2024-03-07,2024-03-07T00:00:00Z,82.83999633789062,83.47000122070312,82.06999969482422,82.95999908447266,32447
2024-03-08,2024-03-08T00:00:00Z,83.33999633789062,83.83999633789062,81.70999908447266,82.08000183105469,26605
2024-03-11,2024-03-11T00:00:00Z,81.91000366210938,82.7300033569336,81.08000183105469,82.20999908447266,28619
2024-03-12,2024-03-12T00:00:00Z,82.43000030517578,83.01000213623047,81.69000244140625,81.91999816894531,29951
2024-03-13,2024-03-13T00:00:00Z,82.38999938964844,84.22000122070312,81.97000122070312,84.02999877929688,34043
2024-03-14,2024-03-14T00:00:00Z,83.9800033569336,85.68000030517578,83.94000244140625,85.41999816894531,34250
2024-03-15,2024-03-15T00:00:00Z,85.12999725341797,85.55000305175781,84.62999725341797,85.33999633789062,23623
2024-03-18,2024-03-18T00:00:00Z,85.37999725341797,87.18000030517578,85.26000213623047,86.88999938964844,33687
2024-03-19,2024-03-19T00:00:00Z,86.8499984741211,87.70999908447266,86.48999786376953,87.37999725341797,30045
2024-03-20,2024-03-20T00:00:00Z,87.22000122070312,87.3499984741211,85.58000183105469,85.94999694824219,35304
2024-03-21,2024-03-21T00:00:00Z,86.16000366210938,86.63999938964844,85.05000305175781,85.77999877929688,23829
2024-03-22,2024-03-22T00:00:00Z,85.55000305175781,86.1500015258789,85.11000061035156,85.43000030517578,14778
2024-03-25,2024-03-25T00:00:00Z,85.5999984741211,87.18000030517578,85.4000015258789,86.75,21176
2024-03-26,2024-03-26T00:00:00Z,86.7699966430664,87.05000305175781,85.80999755859375,86.25,12736
2024-03-27,2024-03-27T00:00:00Z,85.97000122070312,86.36000061035156,85.18000030517578,86.08999633789062,8449
2024-03-28,2024-03-28T00:00:00Z,86.52999877929688,87.4800033569336,86.31999969482422,87.4800033569336,30759
2024-04-01,2024-04-01T00:00:00Z,86.93000030517578,87.98999786376953,86.4000015258789,87.41999816894531,29598
2024-04-02,2024-04-02T00:00:00Z,87.80000305175781,89.27999877929688,87.6500015258789,88.91999816894531,40754
2024-04-03,2024-04-03T00:00:00Z,89.20999908447266,89.9800033569336,88.68000030517578,89.3499984741211,35138
2024-04-04,2024-04-04T00:00:00Z,89.5,91.30000305175781,88.7300033569336,90.6500015258789,38764
2024-04-05,2024-04-05T00:00:00Z,91.01000213623047,91.91000366210938,90.56999969482422,91.16999816894531,37391
2024-04-08,2024-04-08T00:00:00Z,90.30999755859375,91.0999984741211,88.80000305175781,90.37999725341797,39142
2024-04-09,2024-04-09T00:00:00Z,90.55000305175781,90.94000244140625,89.2699966430664,89.41999816894531,33993
2024-04-10,2024-04-10T00:00:00Z,89.51000213623047,90.66000366210938,88.83000183105469,90.4800033569336,51136
2024-04-11,2024-04-11T00:00:00Z,90.54000091552734,90.91999816894531,89.37000274658203,89.73999786376953,47337
2024-04-12,2024-04-12T00:00:00Z,90.29000091552734,92.18000030517578,90.01000213623047,90.44999694824219,43560
2024-04-15,2024-04-15T00:00:00Z,90.37000274658203,91.1500015258789,88.7300033569336,90.0999984741211,35488
2024-04-16,2024-04-16T00:00:00Z,90.43000030517578,90.83000183105469,89.41000366210938,90.0199966430664,34348
2024-04-17,2024-04-17T00:00:00Z,90.05000305175781,90.1500015258789,87.13999938964844,87.29000091552734,45933
2024-04-18,2024-04-18T00:00:00Z,87.44000244140625,87.79000091552734,86.0999984741211,87.11000061035156,38630
2024-04-19,2024-04-19T00:00:00Z,86.95999908447266,90.77999877929688,86.16000366210938,87.29000091552734,45203
2024-04-22,2024-04-22T00:00:00Z,87.04000091552734,87.25,85.79000091552734,87.0,32395
2024-04-23,2024-04-23T00:00:00Z,87.2300033569336,88.48999786376953,86.04000091552734,88.41999816894531,35381
2024-04-24,2024-04-24T00:00:00Z,88.45999908447266,88.80000305175781,87.6500015258789,88.0199966430664,26662
2024-04-25,2024-04-25T00:00:00Z,88.11000061035156,89.26000213623047,87.29000091552734,89.01000213623047,24588
2024-04-26,2024-04-26T00:00:00Z,89.20999908447266,89.83000183105469,88.80000305175781,89.5,15475
2024-04-29,2024-04-29T00:00:00Z,89.25,89.30000305175781,88.0999984741211,88.4000015258789,15093
2024-04-30,2024-04-30T00:00:00Z,88.31999969482422,88.70999908447266,87.47000122070312,87.86000061035156,39816
2024-05-01,2024-05-01T00:00:00Z,85.95999908447266,85.95999908447266,83.29000091552734,83.44000244140625,48165
2024-05-02,2024-05-02T00:00:00Z,83.55999755859375,84.41999816894531,83.02999877929688,83.66999816894531,39951
2024-05-03,2024-05-03T00:00:00Z,83.80000305175781,84.4000015258789,82.80000305175781,82.95999908447266,31511
2024-05-06,2024-05-06T00:00:00Z,82.9800033569336,83.81999969482422,82.76000213623047,83.33000183105469,23246
2024-05-07,2024-05-07T00:00:00Z,83.58999633789062,83.87000274658203,82.4000015258789,83.16000366210938,33414
2024-05-08,2024-05-08T00:00:00Z,83.04000091552734,83.81999969482422,81.72000122070312,83.58000183105469,35419
2024-05-09,2024-05-09T00:00:00Z,83.77999877929688,84.33000183105469,83.45999908447266,83.87999725341797,25231
2024-05-10,2024-05-10T00:00:00Z,84.20999908447266,84.5199966430664,82.70999908447266,82.79000091552734,25062
2024-05-13,2024-05-13T00:00:00Z,82.69999694824219,83.83000183105469,82.26000213623047,83.36000061035156,29242
2024-05-14,2024-05-14T00:00:00Z,83.5,83.62000274658203,82.0999984741211,82.37999725341797,33169
2024-05-15,2024-05-15T00:00:00Z,82.7699966430664,83.06999969482422,81.05999755859375,82.75,41744
2024-05-16,2024-05-16T00:00:00Z,82.93000030517578,83.77999877929688,82.30999755859375,83.2699966430664,27576
2024-05-17,2024-05-17T00:00:00Z,83.44000244140625,84.04000091552734,83.08999633789062,83.9800033569336,23516
2024-05-20,2024-05-20T00:00:00Z,84.0,84.5,83.12000274658203,83.70999908447266,22320
2024-05-21,2024-05-21T00:00:00Z,83.69999694824219,83.73999786376953,82.05999755859375,82.87999725341797,29726
2024-05-22,2024-05-22T00:00:00Z,82.4800033569336,82.63999938964844,81.58000183105469,81.9000015258789,32042
2024-05-23,2024-05-23T00:00:00Z,81.69000244140625,82.97000122070312,80.93000030517578,81.36000061035156,27035
2024-05-24,2024-05-24T00:00:00Z,81.54000091552734,82.44999694824219,80.66000366210938,82.12000274658203,17991
2024-05-28,2024-05-28T00:00:00Z,82.1500015258789,84.62999725341797,82.06999969482422,84.22000122070312,23477
2024-05-29,2024-05-29T00:00:00Z,84.62000274658203,85.01000213623047,83.30000305175781,83.5999984741211,15987
2024-05-30,2024-05-30T00:00:00Z,83.5,83.76000213623047,81.81999969482422,81.86000061035156,9220
2024-05-31,2024-05-31T00:00:00Z,81.77999877929688,82.12000274658203,81.18000030517578,81.62000274658203,33414
2024-06-03,2024-06-03T00:00:00Z,81.19000244140625,81.62999725341797,78.08999633789062,78.36000061035156,42771
2024-06-04,2024-06-04T00:00:00Z,78.16000366210938,78.20999908447266,76.75,77.5199966430664,41209
2024-06-05,2024-06-05T00:00:00Z,77.16999816894531,78.5999984741211,77.13999938964844,78.41000366210938,37039
2024-06-06,2024-06-06T00:00:00Z,78.58000183105469,80.06999969482422,78.37000274658203,79.87000274658203,36186
2024-06-07,2024-06-07T00:00:00Z,80.0199966430664,80.37999725341797,79.33000183105469,79.62000274658203,26371
2024-06-10,2024-06-10T00:00:00Z,79.41000366210938,82.16000366210938,79.3499984741211,81.62999725341797,36413
2024-06-11,2024-06-11T00:00:00Z,81.97000122070312,82.36000061035156,81.19999694824219,81.91999816894531,35178
2024-06-12,2024-06-12T00:00:00Z,82.12000274658203,83.33999633789062,81.97000122070312,82.5999984741211,40802
2024-06-13,2024-06-13T00:00:00Z,82.54000091552734,83.04000091552734,81.80000305175781,82.75,39191
2024-06-14,2024-06-14T00:00:00Z,82.13999938964844,83.38999938964844,81.91999816894531,82.62000274658203,39346
2024-06-17,2024-06-17T00:00:00Z,82.62000274658203,84.55000305175781,82.11000061035156,84.25,32978
2024-06-18,2024-06-18T00:00:00Z,84.4000015258789,85.4800033569336,83.66000366210938,85.33000183105469,45690
2024-06-20,2024-06-20T00:00:00Z,85.37999725341797,85.97000122070312,84.88999938964844,85.70999908447266,52543
2024-06-21,2024-06-21T00:00:00Z,85.68000030517578,86.2300033569336,84.83999633789062,85.23999786376953,25055
2024-06-24,2024-06-24T00:00:00Z,85.08999633789062,86.16999816894531,84.7300033569336,86.01000213623047,28043
2024-06-25,2024-06-25T00:00:00Z,86.1500015258789,86.31999969482422,84.76000213623047,85.01000213623047,26591
2024-06-26,2024-06-26T00:00:00Z,84.88999938964844,85.81999969482422,84.4800033569336,85.25,18107
2024-06-27,2024-06-27T00:00:00Z,85.25,86.51000213623047,84.88999938964844,86.38999938964844,11216
2024-06-28,2024-06-28T00:00:00Z,86.54000091552734,87.2300033569336,86.29000091552734,86.41000366210938,38920
2024-07-01,2024-07-01T00:00:00Z,84.9000015258789,86.87999725341797,84.87999725341797,86.5999984741211,55468
2024-07-02,2024-07-02T00:00:00Z,86.69000244140625,87.44999694824219,86.16999816894531,86.23999786376953,52311
2024-07-03,2024-07-03T00:00:00Z,86.5,87.37999725341797,85.88999938964844,87.33999633789062,39021
2024-07-05,2024-07-05T00:00:00Z,87.02999877929688,87.94999694824219,86.48999786376953,86.54000091552734,51456
2024-07-08,2024-07-08T00:00:00Z,86.75,86.91000366210938,85.55000305175781,85.75,36568
2024-07-09,2024-07-09T00:00:00Z,85.68000030517578,85.8499984741211,84.54000091552734,84.66000366210938,44667
2024-07-10,2024-07-10T00:00:00Z,85.01000213623047,85.6500015258789,84.0,85.08000183105469,51274
2024-07-11,2024-07-11T00:00:00Z,85.41999816894531,85.88999938964844,84.6500015258789,85.4000015258789,47743
2024-07-12,2024-07-12T00:00:00Z,85.58999633789062,86.33999633789062,84.95999908447266,85.02999877929688,48430
2024-07-15,2024-07-15T00:00:00Z,85.02999877929688,85.36000061035156,84.41000366210938,84.8499984741211,36586
2024-07-16,2024-07-16T00:00:00Z,84.86000061035156,84.87000274658203,83.30000305175781,83.7300033569336,45546
2024-07-17,2024-07-17T00:00:00Z,83.83999633789062,85.19999694824219,83.44000244140625,85.08000183105469,44273
2024-07-18,2024-07-18T00:00:00Z,85.19999694824219,85.81999969482422,84.22000122070312,85.11000061035156,45867
2024-07-19,2024-07-19T00:00:00Z,84.80000305175781,85.3499984741211,82.56999969482422,82.62999725341797,45739
2024-07-22,2024-07-22T00:00:00Z,82.83000183105469,83.20999908447266,81.58999633789062,82.4000015258789,36408
2024-07-23,2024-07-23T00:00:00Z,82.20999908447266,82.77999877929688,80.5199966430664,81.01000213623047,45436
2024-07-24,2024-07-24T00:00:00Z,81.48999786376953,82.22000122070312,80.94000244140625,81.70999908447266,47261
2024-07-25,2024-07-25T00:00:00Z,81.52999877929688,82.5199966430664,80.08999633789062,82.37000274658203,51868
2024-07-26,2024-07-26T00:00:00Z,82.44999694824219,82.69000244140625,80.31999969482422,81.12999725341797,27491
2024-07-29,2024-07-29T00:00:00Z,81.0199966430664,81.72000122070312,79.37999725341797,79.77999877929688,22531
2024-07-30,2024-07-30T00:00:00Z,79.83999633789062,79.94999694824219,78.41999816894531,78.62999725341797,15035
2024-07-31,2024-07-31T00:00:00Z,79.05999755859375,80.83999633789062,79.0,80.72000122070312,54838
2024-08-01,2024-08-01T00:00:00Z,81.51000213623047,81.80000305175781,79.44000244140625,79.5199966430664,44000
2024-08-02,2024-08-02T00:00:00Z,80.04000091552734,80.44999694824219,76.41999816894531,76.80999755859375,58894
2024-08-05,2024-08-05T00:00:00Z,77.44000244140625,77.75,75.05000305175781,76.30000305175781,59442
2024-08-06,2024-08-06T00:00:00Z,77.2300033569336,77.80000305175781,75.58999633789062,76.4800033569336,45238
2024-08-07,2024-08-07T00:00:00Z,76.19999694824219,78.86000061035156,75.94999694824219,78.33000183105469,49730
2024-08-08,2024-08-08T00:00:00Z,78.4800033569336,79.37000274658203,77.62999725341797,79.16000366210938,40462
2024-08-09,2024-08-09T00:00:00Z,79.01000213623047,79.81999969482422,78.7699966430664,79.66000366210938,32227
2024-08-12,2024-08-12T00:00:00Z,79.66999816894531,82.4000015258789,79.4800033569336,82.30000305175781,45234
2024-08-13,2024-08-13T00:00:00Z,81.98999786376953,82.30000305175781,80.55000305175781,80.69000244140625,50485
2024-08-14,2024-08-14T00:00:00Z,80.9800033569336,81.44000244140625,79.61000061035156,79.76000213623047,50327
2024-08-15,2024-08-15T00:00:00Z,79.98999786376953,81.41000366210938,79.6500015258789,81.04000091552734,33165
2024-08-16,2024-08-16T00:00:00Z,80.95999908447266,81.0,78.63999938964844,79.68000030517578,33753
2024-08-19,2024-08-19T00:00:00Z,79.6500015258789,79.75,77.5,77.66000366210938,45853
2024-08-20,2024-08-20T00:00:00Z,77.73999786376953,78.33999633789062,76.54000091552734,77.19999694824219,39162
2024-08-21,2024-08-21T00:00:00Z,77.08000183105469,78.19999694824219,75.6500015258789,76.05000305175781,45081
2024-08-22,2024-08-22T00:00:00Z,76.16000366210938,77.69999694824219,75.77999877929688,77.22000122070312,33822
2024-08-23,2024-08-23T00:00:00Z,77.12000274658203,79.26000213623047,77.05000305175781,79.0199966430664,19275
2024-08-26,2024-08-26T00:00:00Z,79.31999969482422,81.58000183105469,79.23999786376953,81.43000030517578,25997
2024-08-27,2024-08-27T00:00:00Z,81.22000122070312,81.56999969482422,79.4800033569336,79.55000305175781,21261
2024-08-28,2024-08-28T00:00:00Z,79.83999633789062,80.01000213623047,77.93000030517578,78.6500015258789,16512
2024-08-29,2024-08-29T00:00:00Z,78.36000061035156,80.79000091552734,78.11000061035156,79.94000244140625,9726
2024-08-30,2024-08-30T00:00:00Z,79.5199966430664,80.5,78.5999984741211,78.80000305175781,50268
2024-09-03,2024-09-03T00:00:00Z,76.88999938964844,77.61000061035156,73.5199966430664,73.75,70646
2024-09-04,2024-09-04T00:00:00Z,73.68000030517578,74.79000091552734,72.3499984741211,72.69999694824219,56979
2024-09-05,2024-09-05T00:00:00Z,72.62000274658203,74.18000030517578,72.36000061035156,72.69000244140625,47879
2024-09-06,2024-09-06T00:00:00Z,72.8499984741211,73.5199966430664,70.62000274658203,71.05999755859375,36035
2024-09-09,2024-09-09T00:00:00Z,71.5199966430664,72.22000122070312,70.6500015258789,71.83999633789062,35995
2024-09-10,2024-09-10T00:00:00Z,71.9000015258789,72.26000213623047,68.69000244140625,69.19000244140625,47963
2024-09-11,2024-09-11T00:00:00Z,69.68000030517578,71.08000183105469,69.01000213623047,70.61000061035156,42995
2024-09-12,2024-09-12T00:00:00Z,70.72000122070312,72.86000061035156,70.58999633789062,71.97000122070312,42690
2024-09-13,2024-09-13T00:00:00Z,72.37000274658203,73.2300033569336,71.4800033569336,71.61000061035156,34281
2024-09-16,2024-09-16T00:00:00Z,72.0199966430664,73.37999725341797,71.5199966430664,72.75,36417
2024-09-17,2024-09-17T00:00:00Z,73.01000213623047,74.2699966430664,72.16999816894531,73.69999694824219,38565
2024-09-18,2024-09-18T00:00:00Z,73.68000030517578,74.08999633789062,72.30999755859375,73.6500015258789,35693
2024-09-19,2024-09-19T00:00:00Z,72.9000015258789,75.19000244140625,72.87999725341797,74.87999725341797,36126
2024-09-20,2024-09-20T00:00:00Z,74.87999725341797,75.01000213623047,74.0,74.48999786376953,27358
2024-09-23,2024-09-23T00:00:00Z,74.76000213623047,75.16000366210938,73.11000061035156,73.9000015258789,29116
2024-09-24,2024-09-24T00:00:00Z,74.27999877929688,75.87000274658203,73.97000122070312,75.16999816894531,31341
2024-09-25,2024-09-25T00:00:00Z,75.12999725341797,75.31999969482422,73.04000091552734,73.45999908447266,31571
2024-09-26,2024-09-26T00:00:00Z,73.47000122070312,73.7699966430664,70.7699966430664,71.5999984741211,18234
2024-09-27,2024-09-27T00:00:00Z,71.23999786376953,72.36000061035156,70.93000030517578,71.9800033569336,7872
2024-09-30,2024-09-30T00:00:00Z,71.83999633789062,73.0999984741211,71.38999938964844,71.7699966430664,41928
2024-10-01,2024-10-01T00:00:00Z,72.0,75.44999694824219,69.91000366210938,73.55999755859375,90111
2024-10-02,2024-10-02T00:00:00Z,74.4000015258789,76.12999725341797,73.58999633789062,73.9000015258789,53911
2024-10-03,2024-10-03T00:00:00Z,74.7300033569336,77.97000122070312,74.30999755859375,77.62000274658203,68997
2024-10-04,2024-10-04T00:00:00Z,77.98999786376953,79.30000305175781,77.38999938964844,78.05000305175781,57481
2024-10-07,2024-10-07T00:00:00Z,78.01000213623047,81.16000366210938,77.26000213623047,80.93000030517578,55050
2024-10-08,2024-10-08T00:00:00Z,81.16000366210938,82.08000183105469,76.37000274658203,77.18000030517578,66184
2024-10-09,2024-10-09T00:00:00Z,77.5199966430664,78.0199966430664,75.1500015258789,76.58000183105469,46931
2024-10-10,2024-10-10T00:00:00Z,76.75,79.72000122070312,76.73999786376953,79.4000015258789,43562
2024-10-11,2024-10-11T00:00:00Z,79.2300033569336,79.48999786376953,78.05000305175781,79.04000091552734,44341
2024-10-14,2024-10-14T00:00:00Z,78.5999984741211,78.5999984741211,75.38999938964844,77.45999908447266,35593
2024-10-15,2024-10-15T00:00:00Z,75.20999908447266,75.62999725341797,73.33000183105469,74.25,47877
2024-10-16,2024-10-16T00:00:00Z,74.72000122070312,74.91999816894531,73.41999816894531,74.22000122070312,40980
2024-10-17,2024-10-17T00:00:00Z,74.5,74.91000366210938,73.25,74.44999694824219,36901
2024-10-18,2024-10-18T00:00:00Z,74.5199966430664,74.94000244140625,72.48999786376953,73.05999755859375,34009
2024-10-21,2024-10-21T00:00:00Z,73.13999938964844,74.55999755859375,72.80000305175781,74.29000091552734,29891
2024-10-22,2024-10-22T00:00:00Z,74.13999938964844,76.31999969482422,73.56999969482422,76.04000091552734,36505
2024-10-23,2024-10-23T00:00:00Z,75.6500015258789,76.01000213623047,74.44000244140625,74.95999908447266,28090
2024-10-24,2024-10-24T00:00:00Z,75.20999908447266,76.52999877929688,74.0,74.37999725341797,23845
2024-10-25,2024-10-25T00:00:00Z,74.55000305175781,76.13999938964844,74.16999816894531,76.05000305175781,20056
2024-10-28,2024-10-28T00:00:00Z,74.0,74.0,71.16999816894531,71.41999816894531,28003
2024-10-29,2024-10-29T00:00:00Z,72.11000061035156,72.56999969482422,70.7300033569336,71.12000274658203,16776
2024-10-30,2024-10-30T00:00:00Z,71.31999969482422,73.08000183105469,71.16000366210938,72.55000305175781,11034
2024-10-31,2024-10-31T00:00:00Z,72.76000213623047,73.36000061035156,72.37000274658203,73.16000366210938,36772
2024-11-01,2024-11-01T00:00:00Z,74.12999725341797,74.94999694824219,72.88999938964844,73.0999984741211,32059
2024-11-04,2024-11-04T00:00:00Z,73.7300033569336,75.38999938964844,73.7300033569336,75.08000183105469,31292
2024-11-05,2024-11-05T00:00:00Z,75.19999694824219,76.2300033569336,74.91999816894531,75.52999877929688,40233
2024-11-06,2024-11-06T00:00:00Z,75.48999786376953,76.01000213623047,73.3499984741211,74.91999816894531,57996
2024-11-07,2024-11-07T00:00:00Z,75.11000061035156,76.06999969482422,74.05000305175781,75.62999725341797,41262
2024-11-08,2024-11-08T00:00:00Z,75.5199966430664,75.62000274658203,73.44000244140625,73.87000274658203,35855
2024-11-11,2024-11-11T00:00:00Z,73.73999786376953,74.12999725341797,71.58999633789062,71.83000183105469,33838
2024-11-12,2024-11-12T00:00:00Z,71.91999816894531,72.81999969482422,71.55999755859375,71.88999938964844,38295
2024-11-13,2024-11-13T00:00:00Z,71.77999877929688,72.62000274658203,70.75,72.27999877929688,43666
2024-11-14,2024-11-14T00:00:00Z,71.98999786376953,73.22000122070312,71.80000305175781,72.55999755859375,32367
2024-11-15,2024-11-15T00:00:00Z,72.43000030517578,72.47000122070312,70.83999633789062,71.04000091552734,30126
2024-11-18,2024-11-18T00:00:00Z,70.87999725341797,73.45999908447266,70.69999694824219,73.30000305175781,30425
2024-11-19,2024-11-19T00:00:00Z,73.18000030517578,73.87000274658203,72.61000061035156,73.30999755859375,32668
2024-11-20,2024-11-20T00:00:00Z,73.33999633789062,73.94000244140625,72.69999694824219,72.80999755859375,26041
2024-11-21,2024-11-21T00:00:00Z,73.12000274658203,74.37000274658203,72.91000366210938,74.2300033569336,35756
2024-11-22,2024-11-22T00:00:00Z,74.29000091552734,75.41999816894531,73.51000213623047,75.16999816894531,29569
2024-11-25,2024-11-25T00:00:00Z,75.20999908447266,75.30999755859375,72.8499984741211,73.01000213623047,29335
2024-11-26,2024-11-26T00:00:00Z,73.12000274658203,74.33000183105469,72.12000274658203,72.80999755859375,17616
2024-11-27,2024-11-27T00:00:00Z,72.94000244140625,73.3499984741211,72.2699966430664,72.83000183105469,10246
2024-11-29,2024-11-29T00:00:00Z,72.91999816894531,73.5,72.12000274658203,72.94000244140625,45282
2024-12-02,2024-12-02T00:00:00Z,71.73999786376953,72.87999725341797,71.5199966430664,71.83000183105469,31283
2024-12-03,2024-12-03T00:00:00Z,71.86000061035156,73.9000015258789,71.69000244140625,73.62000274658203,40365
2024-12-04,2024-12-04T00:00:00Z,73.80999755859375,74.26000213623047,72.25,72.30999755859375,36988
2024-12-05,2024-12-05T00:00:00Z,72.44999694824219,72.9000015258789,71.80000305175781,72.08999633789062,32373
2024-12-06,2024-12-06T00:00:00Z,72.16999816894531,72.2300033569336,70.83000183105469,71.12000274658203,27572
2024-12-09,2024-12-09T00:00:00Z,71.04000091552734,72.6500015258789,70.95999908447266,72.13999938964844,25921
2024-12-10,2024-12-10T00:00:00Z,71.93000030517578,72.72000122070312,71.52999877929688,72.19000244140625,32220
2024-12-11,2024-12-11T00:00:00Z,72.02999877929688,73.73999786376953,72.0199966430664,73.5199966430664,35954
2024-12-12,2024-12-12T00:00:00Z,73.58999633789062,73.9800033569336,72.43000030517578,73.41000366210938,36231
2024-12-13,2024-12-13T00:00:00Z,73.43000030517578,74.58999633789062,73.2699966430664,74.48999786376953,26225
2024-12-16,2024-12-16T00:00:00Z,74.51000213623047,74.54000091552734,73.69999694824219,73.91000366210938,25458
2024-12-17,2024-12-17T00:00:00Z,73.86000061035156,74.18000030517578,72.45999908447266,73.19000244140625,26356
2024-12-18,2024-12-18T00:00:00Z,73.33999633789062,74.19000244140625,72.80000305175781,73.38999938964844,25873
2024-12-19,2024-12-19T00:00:00Z,72.93000030517578,73.87000274658203,72.52999877929688,72.87999725341797,27742
2024-12-20,2024-12-20T00:00:00Z,72.70999908447266,73.27999877929688,71.97000122070312,72.94000244140625,25362
2024-12-23,2024-12-23T00:00:00Z,72.83000183105469,73.37000274658203,71.9800033569336,72.62999725341797,20997
2024-12-24,2024-12-24T00:00:00Z,72.83999633789062,73.80999755859375,72.77999877929688,73.58000183105469,8922
2024-12-26,2024-12-26T00:00:00Z,73.77999877929688,74.18000030517578,72.9800033569336,73.26000213623047,5773
2024-12-27,2024-12-27T00:00:00Z,73.13999938964844,74.33999633789062,73.06999969482422,74.16999816894531,5515
2024-12-30,2024-12-30T00:00:00Z,74.2300033569336,75.04000091552734,73.76000213623047,74.38999938964844,30436
2024-12-31,2024-12-31T00:00:00Z,74.0999984741211,74.87999725341797,73.83999633789062,74.63999938964844,20588
2025-01-02,2025-01-02T00:00:00Z,74.87999725341797,76.54000091552734,74.7300033569336,75.93000030517578,41474
2025-01-03,2025-01-03T00:00:00Z,75.9000015258789,76.73999786376953,75.52999877929688,76.51000213623047,38822
2025-01-06,2025-01-06T00:00:00Z,76.58999633789062,77.5,75.94000244140625,76.30000305175781,49229
2025-01-07,2025-01-07T00:00:00Z,76.23999786376953,77.2699966430664,75.91999816894531,77.05000305175781,37188
2025-01-08,2025-01-08T00:00:00Z,77.23999786376953,77.88999938964844,76.02999877929688,76.16000366210938,46650
2025-01-09,2025-01-09T00:00:00Z,76.16000366210938,77.2699966430664,75.69999694824219,76.91999816894531,31706
2025-01-10,2025-01-10T00:00:00Z,77.20999908447266,80.76000213623047,77.04000091552734,79.76000213623047,92049
2025-01-13,2025-01-13T00:00:00Z,79.55000305175781,81.66999816894531,79.54000091552734,81.01000213623047,77109
2025-01-14,2025-01-14T00:00:00Z,80.91000366210938,81.13999938964844,79.86000061035156,79.91999816894531,67129
2025-01-15,2025-01-15T00:00:00Z,80.31999969482422,82.62999725341797,79.62999725341797,82.02999877929688,69122
2025-01-16,2025-01-16T00:00:00Z,82.44000244140625,82.55000305175781,80.38999938964844,81.29000091552734,69075
2025-01-17,2025-01-17T00:00:00Z,81.30999755859375,81.93000030517578,80.55999755859375,80.79000091552734,42284
2025-01-21,2025-01-21T00:00:00Z,80.94000244140625,81.23999786376953,78.47000122070312,79.29000091552734,83935
2025-01-22,2025-01-22T00:00:00Z,79.30999755859375,79.9000015258789,78.80999755859375,79.0,40868
2025-01-23,2025-01-23T00:00:00Z,78.91000366210938,79.58999633789062,77.80000305175781,78.29000091552734,46348
2025-01-24,2025-01-24T00:00:00Z,77.87999725341797,78.95999908447266,77.61000061035156,78.5,30464
2025-01-27,2025-01-27T00:00:00Z,78.55000305175781,78.98999786376953,76.31999969482422,77.08000183105469,40623
2025-01-28,2025-01-28T00:00:00Z,77.06999969482422,78.13999938964844,76.83000183105469,77.48999786376953,29822
2025-01-29,2025-01-29T00:00:00Z,77.62999725341797,77.69999694824219,76.30000305175781,76.58000183105469,19845
2025-01-30,2025-01-30T00:00:00Z,76.86000061035156,77.55000305175781,75.98999786376953,76.87000274658203,8389
2025-01-31,2025-01-31T00:00:00Z,77.0,77.08000183105469,76.51000213623047,76.76000213623047,50618
2025-02-03,2025-02-03T00:00:00Z,76.81999969482422,77.52999877929688,75.04000091552734,75.95999908447266,75087
2025-02-04,2025-02-04T00:00:00Z,75.5199966430664,76.66999816894531,74.12999725341797,76.19999694824219,62716
2025-02-05,2025-02-05T00:00:00Z,76.08000183105469,76.3499984741211,74.55000305175781,74.61000061035156,30739
2025-02-06,2025-02-06T00:00:00Z,74.5999984741211,75.38999938964844,74.08999633789062,74.29000091552734,41460
2025-02-07,2025-02-07T00:00:00Z,74.19999694824219,75.08999633789062,74.19000244140625,74.66000366210938,35634
2025-02-10,2025-02-10T00:00:00Z,74.54000091552734,76.06999969482422,74.54000091552734,75.87000274658203,27341
2025-02-11,2025-02-11T00:00:00Z,76.05000305175781,77.2699966430664,75.88999938964844,77.0,37979
2025-02-12,2025-02-12T00:00:00Z,76.81999969482422,76.88999938964844,74.94999694824219,75.18000030517578,47048
2025-02-13,2025-02-13T00:00:00Z,74.97000122070312,75.33000183105469,74.05000305175781,75.0199966430664,37759
2025-02-14,2025-02-14T00:00:00Z,75.23999786376953,75.83000183105469,74.48999786376953,74.73999786376953,41397
2025-02-18,2025-02-18T00:00:00Z,74.63999938964844,76.05000305175781,74.19000244140625,75.83999633789062,50542
2025-02-19,2025-02-19T00:00:00Z,75.80000305175781,76.81999969482422,75.75,76.04000091552734,30426
2025-02-20,2025-02-20T00:00:00Z,76.04000091552734,77.13999938964844,75.70999908447266,76.4800033569336,33347
2025-02-21,2025-02-21T00:00:00Z,76.55999755859375,76.75,74.20999908447266,74.43000030517578,28100
2025-02-24,2025-02-24T00:00:00Z,73.91000366210938,74.91000366210938,73.91000366210938,74.77999877929688,17858
2025-02-25,2025-02-25T00:00:00Z,74.88999938964844,75.25,72.69999694824219,73.0199966430664,19080
2025-02-26,2025-02-26T00:00:00Z,73.13999938964844,73.33999633789062,72.38999938964844,72.52999877929688,11916
2025-02-27,2025-02-27T00:00:00Z,72.69000244140625,74.26000213623047,72.4800033569336,74.04000091552734,7925
2025-02-28,2025-02-28T00:00:00Z,73.7300033569336,73.73999786376953,72.97000122070312,73.18000030517578,36432
2025-03-03,2025-03-03T00:00:00Z,73.06999969482422,73.66000366210938,71.16999816894531,71.62000274658203,51816
2025-03-04,2025-03-04T00:00:00Z,71.44999694824219,71.45999908447266,69.75,71.04000091552734,58867
2025-03-05,2025-03-05T00:00:00Z,71.13999938964844,71.16000366210938,68.33999633789062,69.30000305175781,51721
2025-03-06,2025-03-06T00:00:00Z,69.44999694824219,69.87999725341797,68.7300033569336,69.45999908447266,49024
2025-03-07,2025-03-07T00:00:00Z,69.37999725341797,71.37999725341797,69.27999877929688,70.36000061035156,46468
2025-03-10,2025-03-10T00:00:00Z,70.44000244140625,70.86000061035156,69.05999755859375,69.27999877929688,33488
2025-03-11,2025-03-11T00:00:00Z,69.41000366210938,70.43000030517578,68.62999725341797,69.55999755859375,26933
2025-03-12,2025-03-12T00:00:00Z,69.8499984741211,71.08999633789062,69.47000122070312,70.94999694824219,30577
2025-03-13,2025-03-13T00:00:00Z,70.9800033569336,71.23999786376953,69.68000030517578,69.87999725341797,33450
2025-03-14,2025-03-14T00:00:00Z,70.08000183105469,70.75,69.94000244140625,70.58000183105469,24740
2025-03-17,2025-03-17T00:00:00Z,70.68000030517578,71.79000091552734,70.68000030517578,71.06999969482422,29314
2025-03-18,2025-03-18T00:00:00Z,70.93000030517578,72.19000244140625,70.26000213623047,70.55999755859375,32008
2025-03-19,2025-03-19T00:00:00Z,70.36000061035156,71.22000122070312,69.9000015258789,70.77999877929688,26898
2025-03-20,2025-03-20T00:00:00Z,70.86000061035156,72.29000091552734,70.52999877929688,72.0,33049
2025-03-21,2025-03-21T00:00:00Z,72.2300033569336,72.54000091552734,71.51000213623047,72.16000366210938,23983
2025-03-24,2025-03-24T00:00:00Z,72.19999694824219,73.16000366210938,71.80000305175781,73.0,31456
2025-03-25,2025-03-25T00:00:00Z,73.08999633789062,73.56999969482422,72.5,73.0199966430664,30415
2025-03-26,2025-03-26T00:00:00Z,73.18000030517578,74.16999816894531,73.08999633789062,73.79000091552734,27419
2025-03-27,2025-03-27T00:00:00Z,73.98999786376953,74.06999969482422,73.2300033569336,74.02999877929688,19183
2025-03-28,2025-03-28T00:00:00Z,74.05999755859375,74.20999908447266,73.12000274658203,73.62999725341797,12292
2025-03-31,2025-03-31T00:00:00Z,73.41999816894531,74.79000091552734,73.37000274658203,74.73999786376953,53426
2025-04-01,2025-04-01T00:00:00Z,74.62999725341797,75.27999877929688,74.33999633789062,74.48999786376953,54055
2025-04-02,2025-04-02T00:00:00Z,74.4000015258789,75.45999908447266,73.70999908447266,74.94999694824219,61062
2025-04-03,2025-04-03T00:00:00Z,73.58999633789062,73.62000274658203,69.47000122070312,70.13999938964844,100212
2025-04-04,2025-04-04T00:00:00Z,69.80999755859375,70.05000305175781,64.01000213623047,65.58000183105469,121211
2025-04-07,2025-04-07T00:00:00Z,64.79000091552734,67.41000366210938,62.5099983215332,64.20999908447266,114411
2025-04-08,2025-04-08T00:00:00Z,64.44000244140625,65.19000244140625,61.279998779296875,62.81999969482422,89690
2025-04-09,2025-04-09T00:00:00Z,61.54999923706055,66.0199966430664,58.38999938964844,65.4800033569336,127044
2025-04-10,2025-04-10T00:00:00Z,65.80999755859375,66.2300033569336,62.0099983215332,63.33000183105469,78111
2025-04-11,2025-04-11T00:00:00Z,63.45000076293945,65.05000305175781,62.7599983215332,64.76000213623047,58543
2025-04-14,2025-04-14T00:00:00Z,64.88999938964844,65.9000015258789,64.04000091552734,64.87999725341797,43786
2025-04-15,2025-04-15T00:00:00Z,64.93000030517578,65.38999938964844,64.2300033569336,64.66999816894531,40096
2025-04-16,2025-04-16T00:00:00Z,64.86000061035156,66.30999755859375,63.79999923706055,65.8499984741211,50308
2025-04-17,2025-04-17T00:00:00Z,66.01000213623047,68.12999725341797,65.94999694824219,67.95999908447266,39781
2025-04-21,2025-04-21T00:00:00Z,67.77999877929688,67.77999877929688,65.68000030517578,66.26000213623047,38512
2025-04-22,2025-04-22T00:00:00Z,66.5999984741211,68.04000091552734,66.55000305175781,67.44000244140625,46152
2025-04-23,2025-04-23T00:00:00Z,67.76000213623047,68.63999938964844,65.29000091552734,66.12000274658203,58914
2025-04-24,2025-04-24T00:00:00Z,66.22000122070312,67.02999877929688,65.80999755859375,66.55000305175781,36169
2025-04-25,2025-04-25T00:00:00Z,66.56999969482422,67.18000030517578,65.55999755859375,66.87000274658203,30729
2025-04-28,2025-04-28T00:00:00Z,67.20999908447266,67.52999877929688,65.25,65.86000061035156,21525
2025-04-29,2025-04-29T00:00:00Z,65.75,65.80999755859375,63.88999938964844,64.25,17528
2025-04-30,2025-04-30T00:00:00Z,63.54999923706055,63.75,63.0,63.119998931884766,79025
2025-05-01,2025-05-01T00:00:00Z,61.13999938964844,62.36000061035156,59.310001373291016,62.130001068115234,66984
2025-05-02,2025-05-02T00:00:00Z,61.880001068115234,62.720001220703125,60.70000076293945,61.290000915527344,58444
2025-05-05,2025-05-05T00:00:00Z,59.5099983215332,60.77000045776367,58.40999984741211,60.22999954223633,49504
2025-05-06,2025-05-06T00:00:00Z,60.279998779296875,62.79999923706055,60.189998626708984,62.150001525878906,63444
2025-05-07,2025-05-07T00:00:00Z,62.06999969482422,63.209999084472656,60.849998474121094,61.119998931884766,60579
2025-05-08,2025-05-08T00:00:00Z,60.93000030517578,63.209999084472656,60.779998779296875,62.84000015258789,56931
2025-05-09,2025-05-09T00:00:00Z,63.25,64.2699966430664,62.849998474121094,63.90999984741211,51994
2025-05-12,2025-05-12T00:00:00Z,64.2300033569336,66.37999725341797,63.88999938964844,64.95999908447266,62946
2025-05-13,2025-05-13T00:00:00Z,64.91999816894531,66.80000305175781,64.6500015258789,66.62999725341797,55567
2025-05-14,2025-05-14T00:00:00Z,66.5199966430664,66.58999633789062,65.68000030517578,66.08999633789062,49980
2025-05-15,2025-05-15T00:00:00Z,65.76000213623047,65.83999633789062,63.439998626708984,64.52999877929688,70642
2025-05-16,2025-05-16T00:00:00Z,64.62999725341797,65.54000091552734,64.16999816894531,65.41000366210938,38629
2025-05-19,2025-05-19T00:00:00Z,65.30999755859375,66.01000213623047,64.43000030517578,65.54000091552734,43539
2025-05-20,2025-05-20T00:00:00Z,65.56999969482422,66.0,64.8499984741211,65.37999725341797,42663
2025-05-21,2025-05-21T00:00:00Z,65.61000061035156,67.48999786376953,64.61000061035156,64.91000366210938,58658
2025-05-22,2025-05-22T00:00:00Z,64.63999938964844,65.0199966430664,63.529998779296875,64.44000244140625,45811
2025-05-23,2025-05-23T00:00:00Z,64.0199966430664,65.04000091552734,63.310001373291016,64.77999877929688,29810
2025-05-27,2025-05-27T00:00:00Z,65.0199966430664,65.41000366210938,63.470001220703125,64.08999633789062,34117
2025-05-28,2025-05-28T00:00:00Z,64.31999969482422,65.61000061035156,64.02999877929688,64.9000015258789,17817
2025-05-29,2025-05-29T00:00:00Z,65.30000305175781,66.12999725341797,63.779998779296875,64.1500015258789,10456
2025-05-30,2025-05-30T00:00:00Z,63.81999969482422,64.5199966430664,63.70000076293945,63.900001525878906,63546
2025-06-02,2025-06-02T00:00:00Z,63.040000915527344,65.70999908447266,62.970001220703125,64.62999725341797,57349
2025-06-03,2025-06-03T00:00:00Z,65.02999877929688,65.94000244140625,64.5199966430664,65.62999725341797,43536
2025-06-04,2025-06-04T00:00:00Z,65.61000061035156,65.95999908447266,64.27999877929688,64.86000061035156,56182
2025-06-05,2025-06-05T00:00:00Z,64.91000366210938,65.86000061035156,64.62999725341797,65.33999633789062,38658
2025-06-06,2025-06-06T00:00:00Z,65.19999694824219,66.66999816894531,64.81999969482422,66.47000122070312,39490
2025-06-09,2025-06-09T00:00:00Z,66.5999984741211,67.12999725341797,66.08000183105469,67.04000091552734,35213
2025-06-10,2025-06-10T00:00:00Z,67.11000061035156,68.0,66.4800033569336,66.87000274658203,40266
2025-06-11,2025-06-11T00:00:00Z,66.56999969482422,69.95999908447266,66.47000122070312,69.7699966430664,58118
2025-06-12,2025-06-12T00:00:00Z,70.36000061035156,70.61000061035156,68.37000274658203,69.36000061035156,60336
2025-06-13,2025-06-13T00:00:00Z,70.2699966430664,78.52999877929688,69.91999816894531,74.2300033569336,175031
2025-06-16,2025-06-16T00:00:00Z,76.80999755859375,78.4800033569336,70.63999938964844,73.2300033569336,100509
2025-06-17,2025-06-17T00:00:00Z,72.80999755859375,77.08000183105469,72.52999877929688,76.44999694824219,88748
2025-06-18,2025-06-18T00:00:00Z,77.19000244140625,77.43000030517578,74.44000244140625,76.69999694824219,0
2025-06-20,2025-06-20T00:00:00Z,76.12000274658203,79.0199966430664,75.52999877929688,77.01000213623047,98821
2025-06-23,2025-06-23T00:00:00Z,80.01000213623047,81.4000015258789,69.54000091552734,71.4800033569336,100475
2025-06-24,2025-06-24T00:00:00Z,70.5999984741211,70.7300033569336,66.80999755859375,67.13999938964844,62358
2025-06-25,2025-06-25T00:00:00Z,67.91999816894531,68.76000213623047,67.31999969482422,67.68000030517578,23618
2025-06-26,2025-06-26T00:00:00Z,67.75,69.04000091552734,67.38999938964844,67.7300033569336,13057
2025-06-27,2025-06-27T00:00:00Z,67.95999908447266,68.41000366210938,67.20999908447266,67.7699966430664,8218
2025-06-30,2025-06-30T00:00:00Z,67.16999816894531,68.12000274658203,67.11000061035156,67.61000061035156,32957
2025-07-01,2025-07-01T00:00:00Z,66.58999633789062,67.4800033569336,66.33999633789062,67.11000061035156,29256
2025-07-02,2025-07-02T00:00:00Z,67.20999908447266,69.19999694824219,66.94000244140625,69.11000061035156,50268
2025-07-03,2025-07-03T00:00:00Z,69.0199966430664,69.12999725341797,68.30999755859375,68.80000305175781,0
2025-07-04,2025-07-04T00:00:00Z,68.80999755859375,68.91000366210938,67.75,68.29000091552734,0
2025-07-07,2025-07-07T00:00:00Z,67.61000061035156,69.93000030517578,67.36000061035156,69.58000183105469,59456
2025-07-08,2025-07-08T00:00:00Z,69.54000091552734,70.66000366210938,69.05000305175781,70.1500015258789,34109
2025-07-09,2025-07-09T00:00:00Z,69.9000015258789,70.69999694824219,69.61000061035156,70.19000244140625,42186
2025-07-10,2025-07-10T00:00:00Z,70.19000244140625,70.48999786376953,68.52999877929688,68.63999938964844,52295
2025-07-11,2025-07-11T00:00:00Z,68.98999786376953,70.69000244140625,68.55999755859375,70.36000061035156,40262
2025-07-14,2025-07-14T00:00:00Z,70.52999877929688,71.51000213623047,69.0199966430664,69.20999908447266,62179
2025-07-15,2025-07-15T00:00:00Z,69.0999984741211,69.4000015258789,68.55999755859375,68.70999908447266,51233
2025-07-16,2025-07-16T00:00:00Z,68.9000015258789,69.06999969482422,67.70999908447266,68.5199966430664,55511
2025-07-17,2025-07-17T00:00:00Z,68.69000244140625,69.62000274658203,68.29000091552734,69.5199966430664,50817
2025-07-18,2025-07-18T00:00:00Z,69.55999755859375,70.77999877929688,69.13999938964844,69.27999877929688,52366
2025-07-21,2025-07-21T00:00:00Z,69.22000122070312,69.62000274658203,68.41999816894531,69.20999908447266,41204
2025-07-22,2025-07-22T00:00:00Z,69.02999877929688,69.0999984741211,68.11000061035156,68.58999633789062,50140
2025-07-23,2025-07-23T00:00:00Z,68.72000122070312,69.08000183105469,68.0,68.51000213623047,37734
2025-07-24,2025-07-24T00:00:00Z,68.72000122070312,69.52999877929688,68.5,69.18000030517578,39597
2025-07-25,2025-07-25T00:00:00Z,69.26000213623047,69.88999938964844,68.30000305175781,68.44000244140625,27384
2025-07-28,2025-07-28T00:00:00Z,68.47000122070312,70.44999694824219,68.38999938964844,70.04000091552734,31485
2025-07-29,2025-07-29T00:00:00Z,70.38999938964844,73.06999969482422,69.88999938964844,72.51000213623047,24345
2025-07-30,2025-07-30T00:00:00Z,72.68000030517578,73.62999725341797,71.75,73.23999786376953,15242
2025-07-31,2025-07-31T00:00:00Z,73.4000015258789,73.48999786376953,72.41999816894531,72.52999877929688,56020
2025-08-01,2025-08-01T00:00:00Z,71.7699966430664,71.98999786376953,69.41000366210938,69.66999816894531,68855
2025-08-04,2025-08-04T00:00:00Z,69.0,69.9800033569336,67.98999786376953,68.76000213623047,41788
2025-08-05,2025-08-05T00:00:00Z,68.75,68.8499984741211,67.52999877929688,67.63999938964844,47388
2025-08-06,2025-08-06T00:00:00Z,67.76000213623047,69.19000244140625,66.22000122070312,66.88999938964844,62159
2025-08-07,2025-08-07T00:00:00Z,66.87999725341797,67.63999938964844,66.2699966430664,66.43000030517578,44063
2025-08-08,2025-08-08T00:00:00Z,66.37999725341797,67.19000244140625,65.5,66.58999633789062,52157
2025-08-11,2025-08-11T00:00:00Z,66.2300033569336,67.11000061035156,65.83000183105469,66.62999725341797,31132
2025-08-12,2025-08-12T00:00:00Z,66.72000122070312,67.04000091552734,65.97000122070312,66.12000274658203,33110
2025-08-13,2025-08-13T00:00:00Z,66.05000305175781,66.33000183105469,65.0,65.62999725341797,40497
2025-08-14,2025-08-14T00:00:00Z,65.7699966430664,66.9800033569336,65.56999969482422,66.83999633789062,34810
2025-08-15,2025-08-15T00:00:00Z,66.80000305175781,67.08000183105469,65.7300033569336,65.8499984741211,35864
2025-08-18,2025-08-18T00:00:00Z,65.94999694824219,66.80999755859375,65.30999755859375,66.5999984741211,35004
2025-08-19,2025-08-19T00:00:00Z,66.55999755859375,66.58000183105469,65.5999984741211,65.79000091552734,32562
2025-08-20,2025-08-20T00:00:00Z,65.93000030517578,67.05000305175781,65.81999969482422,66.83999633789062,39505
2025-08-21,2025-08-21T00:00:00Z,66.94999694824219,67.77999877929688,66.73999786376953,67.66999816894531,29950
2025-08-22,2025-08-22T00:00:00Z,67.62000274658203,68.0199966430664,67.41999816894531,67.7300033569336,27481
2025-08-25,2025-08-25T00:00:00Z,67.83999633789062,69.05999755859375,67.58000183105469,68.80000305175781,19094
2025-08-26,2025-08-26T00:00:00Z,68.7300033569336,68.7300033569336,67.11000061035156,67.22000122070312,21046
2025-08-27,2025-08-27T00:00:00Z,67.23999786376953,68.0999984741211,66.91999816894531,68.05000305175781,16597
2025-08-28,2025-08-28T00:00:00Z,67.70999908447266,68.66000366210938,67.4000015258789,68.62000274658203,8829
2025-08-29,2025-08-29T00:00:00Z,68.26000213623047,68.36000061035156,68.02999877929688,68.12000274658203,0
2025-09-02,2025-09-02T00:00:00Z,67.43000030517578,69.51000213623047,67.08999633789062,69.13999938964844,55307
2025-09-03,2025-09-03T00:00:00Z,69.05999755859375,69.2300033569336,67.37999725341797,67.5999984741211,45108
2025-09-04,2025-09-04T00:00:00Z,67.44000244140625,67.48999786376953,66.31999969482422,66.98999786376953,42152
2025-09-05,2025-09-05T00:00:00Z,66.83999633789062,67.05000305175781,65.08000183105469,65.5,38287
2025-09-08,2025-09-08T00:00:00Z,65.80999755859375,67.02999877929688,65.5199966430664,66.0199966430664,29078
2025-09-09,2025-09-09T00:00:00Z,66.16999816894531,67.38999938964844,66.13999938964844,66.38999938964844,38860
2025-09-10,2025-09-10T00:00:00Z,66.44000244140625,67.7699966430664,66.44000244140625,67.48999786376953,38789
2025-09-11,2025-09-11T00:00:00Z,67.58000183105469,67.61000061035156,66.16000366210938,66.37000274658203,34565
2025-09-12,2025-09-12T00:00:00Z,66.30999755859375,68.1500015258789,65.72000122070312,66.98999786376953,50762
2025-09-15,2025-09-15T00:00:00Z,67.22000122070312,67.83999633789062,66.79000091552734,67.44000244140625,26320
2025-09-16,2025-09-16T00:00:00Z,67.48999786376953,68.69000244140625,67.0,68.47000122070312,34128
2025-09-17,2025-09-17T00:00:00Z,68.41000366210938,68.58999633789062,67.62000274658203,67.94999694824219,30515
2025-09-18,2025-09-18T00:00:00Z,67.88999938964844,68.41000366210938,67.19000244140625,67.44000244140625,29610
2025-09-19,2025-09-19T00:00:00Z,67.45999908447266,67.55999755859375,66.43000030517578,66.68000030517578,24400
2025-09-22,2025-09-22T00:00:00Z,66.66999816894531,67.30000305175781,65.94000244140625,66.56999969482422,23634
2025-09-23,2025-09-23T00:00:00Z,66.58999633789062,68.08000183105469,66.12000274658203,67.62999725341797,27893
2025-09-24,2025-09-24T00:00:00Z,67.86000061035156,69.36000061035156,67.5199966430664,69.30999755859375,28459
2025-09-25,2025-09-25T00:00:00Z,69.08999633789062,69.66999816894531,68.44000244140625,69.41999816894531,21388
2025-09-26,2025-09-26T00:00:00Z,69.69999694824219,70.7699966430664,69.11000061035156,70.12999725341797,11917
2025-09-29,2025-09-29T00:00:00Z,69.47000122070312,69.93000030517578,67.55000305175781,67.97000122070312,8229
2025-09-30,2025-09-30T00:00:00Z,67.58999633789062,67.58999633789062,66.91000366210938,67.0199966430664,46335
2025-10-01,2025-10-01T00:00:00Z,66.08999633789062,66.56999969482422,65.04000091552734,65.3499984741211,44601
2025-10-02,2025-10-02T00:00:00Z,65.4000015258789,66.12000274658203,64.0,64.11000061035156,52074
2025-10-03,2025-10-03T00:00:00Z,64.30000305175781,65.0,64.20999908447266,64.52999877929688,38970
2025-10-06,2025-10-06T00:00:00Z,64.81999969482422,65.7699966430664,64.76000213623047,65.47000122070312,38055
2025-10-07,2025-10-07T00:00:00Z,65.54000091552734,65.83000183105469,64.5199966430664,65.44999694824219,36191
2025-10-08,2025-10-08T00:00:00Z,65.80999755859375,66.52999877929688,65.77999877929688,66.25,38630
2025-10-09,2025-10-09T00:00:00Z,66.08999633789062,66.55999755859375,64.95999908447266,65.22000122070312,40845
2025-10-10,2025-10-10T00:00:00Z,65.16999816894531,65.3499984741211,62.130001068115234,62.72999954223633,54929
2025-10-13,2025-10-13T00:00:00Z,62.66999816894531,63.95000076293945,62.66999816894531,63.31999969482422,35368
2025-10-14,2025-10-14T00:00:00Z,63.439998626708984,63.619998931884766,61.5,62.38999938964844,44016
2025-10-15,2025-10-15T00:00:00Z,62.279998779296875,63.02000045776367,61.790000915527344,61.90999984741211,40209
2025-10-16,2025-10-16T00:00:00Z,62.439998626708984,62.75,60.84000015258789,61.060001373291016,46229
2025-10-17,2025-10-17T00:00:00Z,61.11000061035156,61.45000076293945,60.150001525878906,61.290000915527344,50372
2025-10-20,2025-10-20T00:00:00Z,61.43000030517578,61.54999923706055,60.06999969482422,61.0099983215332,33883
2025-10-21,2025-10-21T00:00:00Z,60.90999984741211,62.09000015258789,60.34000015258789,61.31999969482422,45150
2025-10-22,2025-10-22T00:00:00Z,61.619998931884766,63.91999816894531,61.400001525878906,62.59000015258789,46114
2025-10-23,2025-10-23T00:00:00Z,64.25,66.33999633789062,63.849998474121094,65.98999786376953,87705
2025-10-24,2025-10-24T00:00:00Z,65.87000274658203,66.7699966430664,65.44000244140625,65.94000244140625,38354
2025-10-27,2025-10-27T00:00:00Z,66.26000213623047,66.5999984741211,65.08000183105469,65.62000274658203,32237
2025-10-28,2025-10-28T00:00:00Z,65.79000091552734,65.79000091552734,64.0,64.4000015258789,33807
2025-10-29,2025-10-29T00:00:00Z,64.48999786376953,65.37999725341797,63.93000030517578,64.91999816894531,16478
2025-10-30,2025-10-30T00:00:00Z,64.8499984741211,65.16000366210938,64.05999755859375,65.0,10024
2025-10-31,2025-10-31T00:00:00Z,64.75,65.5,64.5199966430664,65.06999969482422,44972
2025-11-03,2025-11-03T00:00:00Z,65.06999969482422,65.30999755859375,64.33000183105469,64.88999938964844,0
2025-11-04,2025-11-04T00:00:00Z,64.81999969482422,64.83999633789062,63.83000183105469,64.44000244140625,36655
2025-11-05,2025-11-05T00:00:00Z,64.26000213623047,64.94000244140625,63.43000030517578,63.52000045776367,42320
2025-11-06,2025-11-06T00:00:00Z,63.58000183105469,64.33000183105469,62.83000183105469,63.380001068115234,43138
2025-11-07,2025-11-07T00:00:00Z,63.63999938964844,64.37999725341797,63.2400016784668,63.630001068115234,36620
2025-11-10,2025-11-10T00:00:00Z,63.689998626708984,64.30999755859375,63.33000183105469,64.05999755859375,30891
2025-11-11,2025-11-11T00:00:00Z,63.970001220703125,65.29000091552734,63.61000061035156,65.16000366210938,41959
2025-11-12,2025-11-12T00:00:00Z,65.20999908447266,65.20999908447266,62.560001373291016,62.709999084472656,42279
2025-11-13,2025-11-13T00:00:00Z,62.66999816894531,63.439998626708984,62.34000015258789,63.0099983215332,36603
2025-11-14,2025-11-14T00:00:00Z,63.04999923706055,64.8499984741211,63.04999923706055,64.38999938964844,58912
2025-11-17,2025-11-17T00:00:00Z,64.0199966430664,64.72000122070312,63.65999984741211,64.19999694824219,33667
2025-11-18,2025-11-18T00:00:00Z,64.0,65.08000183105469,63.61000061035156,64.88999938964844,36791
2025-11-19,2025-11-19T00:00:00Z,64.7300033569336,64.86000061035156,62.869998931884766,63.5099983215332,38776
2025-11-20,2025-11-20T00:00:00Z,63.59000015258789,64.38999938964844,62.95000076293945,63.380001068115234,42345
2025-11-21,2025-11-21T00:00:00Z,63.130001068115234,63.13999938964844,61.869998931884766,62.560001373291016,43029
2025-11-24,2025-11-24T00:00:00Z,62.560001373291016,63.529998779296875,61.93000030517578,63.369998931884766,30888
2025-11-25,2025-11-25T00:00:00Z,63.40999984741211,63.40999984741211,61.61000061035156,62.47999954223633,26580
2025-11-26,2025-11-26T00:00:00Z,62.599998474121094,63.20000076293945,62.119998931884766,63.130001068115234,21288
2025-11-28,2025-11-28T00:00:00Z,63.0099983215332,63.459999084472656,62.810001373291016,63.20000076293945,31795
2025-12-01,2025-12-01T00:00:00Z,62.689998626708984,63.810001373291016,62.689998626708984,63.16999816894531,31203
2025-12-02,2025-12-02T00:00:00Z,63.29999923706055,63.43000030517578,62.16999816894531,62.45000076293945,39539
2025-12-03,2025-12-03T00:00:00Z,62.43000030517578,63.349998474121094,62.16999816894531,62.66999816894531,40622
2025-12-04,2025-12-04T00:00:00Z,62.7599983215332,63.61000061035156,62.529998779296875,63.2599983215332,32164
2025-12-05,2025-12-05T00:00:00Z,63.29999923706055,64.08000183105469,63.06999969482422,63.75,26349
2025-12-08,2025-12-08T00:00:00Z,63.900001525878906,63.959999084472656,62.349998474121094,62.4900016784668,38815
2025-12-09,2025-12-09T00:00:00Z,62.5,62.779998779296875,61.83000183105469,61.939998626708984,32575
2025-12-10,2025-12-10T00:00:00Z,62.13999938964844,62.72999954223633,61.349998474121094,62.209999084472656,45191
2025-12-11,2025-12-11T00:00:00Z,62.619998931884766,62.619998931884766,60.75,61.279998779296875,48635
2025-12-12,2025-12-12T00:00:00Z,61.599998474121094,61.849998474121094,60.810001373291016,61.119998931884766,42931
2025-12-15,2025-12-15T00:00:00Z,61.15999984741211,61.5,60.130001068115234,60.560001373291016,42976
2025-12-16,2025-12-16T00:00:00Z,60.33000183105469,60.40999984741211,58.720001220703125,58.91999816894531,48212
2025-12-17,2025-12-17T00:00:00Z,58.939998626708984,60.65999984741211,58.90999984741211,59.68000030517578,50078
2025-12-18,2025-12-18T00:00:00Z,60.63999938964844,60.720001220703125,59.54999923706055,59.81999969482422,31064
2025-12-19,2025-12-19T00:00:00Z,59.77000045776367,60.63999938964844,59.40999984741211,60.470001220703125,36104
2025-12-22,2025-12-22T00:00:00Z,60.56999969482422,62.15999984741211,60.560001373291016,62.06999969482422,35138
2025-12-23,2025-12-23T00:00:00Z,61.9900016784668,62.54999923706055,61.72999954223633,62.380001068115234,26231
2025-12-24,2025-12-24T00:00:00Z,62.43000030517578,62.720001220703125,62.02000045776367,62.2400016784668,14966
2025-12-26,2025-12-26T00:00:00Z,62.349998474121094,62.689998626708984,60.59000015258789,60.63999938964844,9687
2025-12-29,2025-12-29T00:00:00Z,61.040000915527344,62.150001525878906,60.95000076293945,61.939998626708984,9170
2025-12-30,2025-12-30T00:00:00Z,61.70000076293945,62.33000183105469,61.5099983215332,61.91999816894531,30567
2025-12-31,2025-12-31T00:00:00Z,61.27000045776367,61.90999984741211,60.619998931884766,60.849998474121094,30919
2026-01-02,2026-01-02T00:00:00Z,60.91999816894531,61.36000061035156,60.0,60.75,33381
2026-01-05,2026-01-05T00:00:00Z,60.88999938964844,61.880001068115234,59.7599983215332,61.7599983215332,45681
2026-01-06,2026-01-06T00:00:00Z,61.790000915527344,62.31999969482422,60.400001525878906,60.70000076293945,48263
2026-01-07,2026-01-07T00:00:00Z,60.61000061035156,60.90999984741211,59.45000076293945,59.959999084472656,71788
2026-01-08,2026-01-08T00:00:00Z,60.349998474121094,63.0099983215332,59.95000076293945,61.9900016784668,64136
2026-01-09,2026-01-09T00:00:00Z,62.66999816894531,63.90999984741211,61.84000015258789,63.34000015258789,56568
2026-01-12,2026-01-12T00:00:00Z,63.40999984741211,64.27999877929688,62.7599983215332,63.869998931884766,56900
2026-01-13,2026-01-13T00:00:00Z,64.16999816894531,65.91000366210938,63.849998474121094,65.47000122070312,80180
2026-01-14,2026-01-14T00:00:00Z,65.44000244140625,66.80999755859375,63.470001220703125,66.5199966430664,96568
2026-01-15,2026-01-15T00:00:00Z,65.69000244140625,65.69000244140625,63.279998779296875,63.7599983215332,54944
2026-01-16,2026-01-16T00:00:00Z,63.79999923706055,64.7699966430664,63.45000076293945,64.12999725341797,35235
2026-01-20,2026-01-20T00:00:00Z,63.560001373291016,65.12000274658203,63.2599983215332,64.91999816894531,78657
2026-01-21,2026-01-21T00:00:00Z,64.01000213623047,65.41000366210938,63.630001068115234,65.23999786376953,52906
2026-01-22,2026-01-22T00:00:00Z,65.13999938964844,65.37000274658203,63.560001373291016,64.05999755859375,49453
2026-01-23,2026-01-23T00:00:00Z,64.27999877929688,66.20999908447266,64.23999786376953,65.87999725341797,34015
2026-01-26,2026-01-26T00:00:00Z,66.06999969482422,66.51000213623047,65.27999877929688,65.58999633789062,25795
2026-01-27,2026-01-27T00:00:00Z,65.7300033569336,67.77999877929688,65.0,67.56999969482422,34327
2026-01-28,2026-01-28T00:00:00Z,67.7699966430664,68.69999694824219,67.12999725341797,68.4000015258789,23555
2026-01-29,2026-01-29T00:00:00Z,68.66999816894531,71.87999725341797,68.61000061035156,70.70999908447266,26980
2026-01-30,2026-01-30T00:00:00Z,70.16000366210938,70.91999816894531,69.11000061035156,70.69000244140625,85305
2026-02-02,2026-02-02T00:00:00Z,68.72000122070312,68.80999755859375,65.45999908447266,66.30000305175781,80104
2026-02-03,2026-02-03T00:00:00Z,66.30000305175781,68.2699966430664,65.19000244140625,67.33000183105469,83736
2026-02-04,2026-02-04T00:00:00Z,67.94000244140625,69.75,66.98999786376953,69.45999908447266,98236
2026-02-05,2026-02-05T00:00:00Z,68.83000183105469,68.94000244140625,66.91999816894531,67.55000305175781,65248
2026-02-06,2026-02-06T00:00:00Z,67.41000366210938,68.81999969482422,66.58000183105469,68.05000305175781,79538
2026-02-09,2026-02-09T00:00:00Z,67.51000213623047,69.44000244140625,67.02999877929688,69.04000091552734,51346
2026-02-10,2026-02-10T00:00:00Z,69.1500015258789,69.5,68.48999786376953,68.80000305175781,45779
2026-02-11,2026-02-11T00:00:00Z,69.11000061035156,70.72000122070312,69.01000213623047,69.4000015258789,49482
2026-02-12,2026-02-12T00:00:00Z,69.63999938964844,69.83999633789062,67.08999633789062,67.5199966430664,48058
2026-02-13,2026-02-13T00:00:00Z,67.58999633789062,68.05000305175781,66.88999938964844,67.75,42167
2026-02-17,2026-02-17T00:00:00Z,68.05999755859375,69.02999877929688,66.83000183105469,67.41999816894531,74745
2026-02-18,2026-02-18T00:00:00Z,67.51000213623047,70.68000030517578,67.33999633789062,70.3499984741211,56115
2026-02-19,2026-02-19T00:00:00Z,70.05000305175781,72.12999725341797,70.05000305175781,71.66000366210938,73081
2026-02-20,2026-02-20T00:00:00Z,71.73999786376953,72.31999969482422,71.08000183105469,71.76000213623047,40579
2026-02-23,2026-02-23T00:00:00Z,71.23999786376953,72.4800033569336,70.73999786376953,71.48999786376953,28933
2026-02-24,2026-02-24T00:00:00Z,71.47000122070312,72.23999786376953,70.70999908447266,70.7699966430664,37988
2026-02-25,2026-02-25T00:00:00Z,71.22000122070312,71.76000213623047,70.44999694824219,70.8499984741211,18491
2026-02-26,2026-02-26T00:00:00Z,71.11000061035156,72.58999633789062,69.31999969482422,70.75,17725
2026-02-27,2026-02-27T00:00:00Z,70.5,72.98999786376953,70.44000244140625,72.4800033569336,79435
2026-03-02,2026-03-02T00:00:00Z,77.0,82.11000061035156,75.79000091552734,77.73999786376953,143671
2026-03-03,2026-03-03T00:00:00Z,78.05000305175781,85.05000305175781,77.37000274658203,81.4000015258789,229556
2026-03-04,2026-03-04T00:00:00Z,81.9000015258789,84.44999694824219,80.30000305175781,81.4000015258789,152390
2026-03-05,2026-03-05T00:00:00Z,82.43000030517578,86.27999877929688,81.5199966430664,85.41000366210938,146018
2026-03-06,2026-03-06T00:00:00Z,84.83999633789062,94.55000305175781,83.16999816894531,92.69000244140625,197523
2026-03-09,2026-03-09T00:00:00Z,98.36000061035156,119.4000015258789,83.87999725341797,98.95999908447266,235965
2026-03-10,2026-03-10T00:00:00Z,92.44999694824219,95.08000183105469,81.16000366210938,87.80000305175781,144614
2026-03-11,2026-03-11T00:00:00Z,91.30000305175781,93.25,86.31999969482422,91.9800033569336,101940
2026-03-12,2026-03-12T00:00:00Z,93.73999786376953,101.80000305175781,93.69999694824219,100.45999908447266,92219
2026-03-13,2026-03-13T00:00:00Z,101.66000366210938,103.9000015258789,97.55000305175781,103.13999938964844,71698
2026-03-16,2026-03-16T00:00:00Z,105.51000213623047,106.51000213623047,99.55999755859375,100.20999908447266,77839
2026-03-17,2026-03-17T00:00:00Z,101.37000274658203,104.9800033569336,100.76000213623047,103.41999816894531,65199
2026-03-18,2026-03-18T00:00:00Z,103.44999694824219,111.86000061035156,100.33999633789062,107.37999725341797,73104
2026-03-19,2026-03-19T00:00:00Z,109.66000366210938,119.12000274658203,103.75,108.6500015258789,87485
2026-03-20,2026-03-20T00:00:00Z,107.66999816894531,113.11000061035156,105.0999984741211,112.19000244140625,57217
2026-03-23,2026-03-23T00:00:00Z,114.9000015258789,115.0999984741211,96.25,99.94000244140625,113332
2026-03-24,2026-03-24T00:00:00Z,100.5,105.04000091552734,98.08999633789062,104.48999786376953,68614
2026-03-25,2026-03-25T00:00:00Z,99.98999786376953,103.4000015258789,97.1500015258789,102.22000122070312,53714
2026-03-26,2026-03-26T00:00:00Z,103.08000183105469,109.05999755859375,102.77999877929688,108.01000213623047,28970
2026-03-27,2026-03-27T00:00:00Z,106.22000122070312,114.80999755859375,105.25,112.56999969482422,18402
2026-03-30,2026-03-30T00:00:00Z,116.13999938964844,116.87000274658203,111.5,112.77999877929688,15053
2026-03-31,2026-03-31T00:00:00Z,114.7300033569336,119.2699966430664,111.0,118.3499984741211,69949
2026-04-01,2026-04-01T00:00:00Z,103.9000015258789,105.9000015258789,98.45999908447266,101.16000366210938,61629
2026-04-02,2026-04-02T00:00:00Z,100.30000305175781,109.70999908447266,99.0199966430664,109.02999877929688,0
2026-04-06,2026-04-06T00:00:00Z,109.19999694824219,111.87000274658203,106.8499984741211,109.7699966430664,27863
2026-04-07,2026-04-07T00:00:00Z,109.58999633789062,111.80000305175781,104.56999969482422,109.2699966430664,65194
2026-04-08,2026-04-08T00:00:00Z,103.4000015258789,104.0,90.01000213623047,94.75,82140
2026-04-09,2026-04-09T00:00:00Z,96.52999877929688,99.5199966430664,94.33999633789062,95.91999816894531,54501
2026-04-10,2026-04-10T00:00:00Z,96.37999725341797,98.25,94.23999786376953,95.19999694824219,35012
2026-04-13,2026-04-13T00:00:00Z,99.70999908447266,103.86000061035156,97.63999938964844,99.36000061035156,50559
2026-04-14,2026-04-14T00:00:00Z,98.41999816894531,99.41000366210938,94.43000030517578,94.79000091552734,40991
2026-04-15,2026-04-15T00:00:00Z,95.5199966430664,96.88999938964844,91.0,94.93000030517578,41928
2026-04-16,2026-04-16T00:00:00Z,94.91000366210938,99.83999633789062,94.41999816894531,99.38999938964844,36540
2026-04-17,2026-04-17T00:00:00Z,98.25,98.97000122070312,86.08000183105469,90.37999725341797,85233
2026-04-20,2026-04-20T00:00:00Z,96.20999908447266,97.80999755859375,92.7699966430664,95.4800033569336,46389
2026-04-21,2026-04-21T00:00:00Z,93.98999786376953,101.1500015258789,93.87000274658203,98.4800033569336,50039
2026-04-22,2026-04-22T00:00:00Z,98.9000015258789,102.30999755859375,96.54000091552734,101.91000366210938,39837
2026-04-23,2026-04-23T00:00:00Z,101.58000183105469,107.36000061035156,101.27999877929688,105.06999969482422,54489
2026-04-24,2026-04-24T00:00:00Z,106.27999877929688,107.45999908447266,103.4000015258789,105.33000183105469,52646
2026-04-27,2026-04-27T00:00:00Z,106.5,109.79000091552734,105.8499984741211,108.2300033569336,29439
2026-04-28,2026-04-28T00:00:00Z,108.30000305175781,112.69000244140625,107.91999816894531,111.26000213623047,23451
2026-04-29,2026-04-29T00:00:00Z,111.01000213623047,120.30000305175781,110.20999908447266,118.02999877929688,18031
2026-04-30,2026-04-30T00:00:00Z,119.9800033569336,126.0999984741211,113.0,114.01000213623047,58572
2026-05-01,2026-05-01T00:00:00Z,111.01000213623047,112.43000030517578,106.2699966430664,108.16999816894531,40576
2026-05-04,2026-05-04T00:00:00Z,107.12999725341797,115.25,105.66000366210938,114.44000244140625,67567
2026-05-05,2026-05-05T00:00:00Z,113.81999969482422,114.44999694824219,109.5999984741211,109.87000274658203,39713
2026-05-06,2026-05-06T00:00:00Z,110.44999694824219,110.44999694824219,96.7300033569336,101.2699966430664,61814
2026-05-07,2026-05-07T00:00:00Z,101.52999877929688,103.41000366210938,96.06999969482422,100.05999755859375,62847
2026-05-08,2026-05-08T00:00:00Z,103.55999755859375,103.95999908447266,99.54000091552734,101.29000091552734,34316
2026-05-11,2026-05-11T00:00:00Z,104.0,106.0,102.81999969482422,104.20999908447266,35359
2026-05-12,2026-05-12T00:00:00Z,104.5,108.41999816894531,104.11000061035156,107.7699966430664,30738
2026-05-13,2026-05-13T00:00:00Z,107.73999786376953,108.30999755859375,105.30999755859375,105.62999725341797,27718
2026-05-14,2026-05-14T00:00:00Z,105.63999938964844,107.08000183105469,103.86000061035156,105.72000122070312,27529
2026-05-15,2026-05-15T00:00:00Z,106.56999969482422,109.7300033569336,106.05000305175781,109.26000213623047,26518
2026-05-18,2026-05-18T00:00:00Z,109.61000061035156,112.69000244140625,106.87000274658203,112.0999984741211,46404
2026-05-19,2026-05-19T00:00:00Z,109.55000305175781,111.79000091552734,108.9000015258789,111.27999877929688,29390
2026-05-20,2026-05-20T00:00:00Z,111.20999908447266,111.5,103.27999877929688,105.0199966430664,53332
2026-05-21,2026-05-21T00:00:00Z,105.20999908447266,109.30999755859375,102.16000366210938,102.58000183105469,51232
2026-05-22,2026-05-22T00:00:00Z,104.5199966430664,106.3499984741211,101.37999725341797,103.54000091552734,35039
2026-05-26,2026-05-26T00:00:00Z,100.55000305175781,100.75,95.93000030517578,99.58000183105469,37926
2026-05-27,2026-05-27T00:00:00Z,99.4000015258789,99.86000061035156,94.1500015258789,94.29000091552734,20553
2026-05-28,2026-05-28T00:00:00Z,94.97000122070312,98.16000366210938,92.55999755859375,93.70999908447266,9881
2026-05-29,2026-05-29T00:00:00Z,93.37000274658203,94.01000213623047,91.45999908447266,92.05000305175781,39308
2026-06-01,2026-06-01T00:00:00Z,92.41000366210938,97.80000305175781,92.37000274658203,94.9800033569336,57796
2026-06-02,2026-06-02T00:00:00Z,95.4000015258789,96.26000213623047,92.81999969482422,96.0,40210
2026-06-03,2026-06-03T00:00:00Z,96.06999969482422,99.0,96.04000091552734,97.80999755859375,40867
2026-06-04,2026-06-04T00:00:00Z,97.43000030517578,97.56999969482422,93.91999816894531,95.02999877929688,34844
2026-06-05,2026-06-05T00:00:00Z,95.06999969482422,95.9000015258789,92.68000030517578,93.08999633789062,36817
2026-06-08,2026-06-08T00:00:00Z,95.5,98.05000305175781,93.66999816894531,94.25,36849
2026-06-09,2026-06-09T00:00:00Z,94.33999633789062,94.5199966430664,89.58999633789062,91.44999694824219,42857
2026-06-10,2026-06-10T00:00:00Z,92.26000213623047,94.7300033569336,90.79000091552734,93.0999984741211,39760
2026-06-11,2026-06-11T00:00:00Z,94.87999725341797,96.36000061035156,88.4000015258789,90.37999725341797,46406
2026-06-12,2026-06-12T00:00:00Z,89.2300033569336,89.87000274658203,85.80000305175781,87.33000183105469,34732
2026-06-15,2026-06-15T00:00:00Z,85.0199966430664,85.29000091552734,82.4000015258789,83.16999816894531,28907
2026-06-16,2026-06-16T00:00:00Z,83.55000305175781,83.80000305175781,78.44999694824219,78.95999908447266,30801
2026-06-17,2026-06-17T00:00:00Z,79.19999694824219,82.9800033569336,77.7699966430664,79.55000305175781,25919
2026-06-18,2026-06-18T00:00:00Z,78.3499984741211,80.04000091552734,76.58000183105469,79.8499984741211,31186
2026-06-22,2026-06-22T00:00:00Z,82.20999908447266,82.37999725341797,77.2699966430664,77.9000015258789,46574
2026-06-23,2026-06-23T00:00:00Z,78.05999755859375,78.33999633789062,76.44000244140625,77.08000183105469,22797
2026-06-24,2026-06-24T00:00:00Z,77.0,77.0,73.08000183105469,73.73999786376953,32834
2026-06-25,2026-06-25T00:00:00Z,73.0999984741211,75.83999633789062,72.08000183105469,75.26000213623047,27477
2026-06-26,2026-06-26T00:00:00Z,74.94000244140625,75.12000274658203,71.4000015258789,71.98999786376953,19425
2026-06-29,2026-06-29T00:00:00Z,73.16999816894531,73.4800033569336,71.87000274658203,73.1500015258789,8613
2026-06-30,2026-06-30T00:00:00Z,72.69999694824219,73.52999877929688,72.12000274658203,72.91999816894531,39706
2026-07-01,2026-07-01T00:00:00Z,73.37999725341797,73.5199966430664,71.04000091552734,71.56999969482422,37629
2026-07-02,2026-07-02T00:00:00Z,71.08999633789062,71.91000366210938,70.13999938964844,71.80000305175781,0
2026-07-06,2026-07-06T00:00:00Z,71.87000274658203,72.58999633789062,71.02999877929688,71.98999786376953,46238
2026-07-07,2026-07-07T00:00:00Z,72.11000061035156,76.3499984741211,72.05999755859375,74.16000366210938,58154
2026-07-08,2026-07-08T00:00:00Z,75.98999786376953,80.56999969482422,75.44999694824219,78.0199966430664,96042
2026-07-09,2026-07-09T00:00:00Z,79.37999725341797,79.37999725341797,75.5999984741211,76.30000305175781,47817
2026-07-10,2026-07-10T00:00:00Z,75.97000122070312,77.55999755859375,75.30999755859375,76.01000213623047,39537
2026-07-13,2026-07-13T00:00:00Z,78.05000305175781,83.86000061035156,77.27999877929688,83.30000305175781,61577
2026-07-14,2026-07-14T00:00:00Z,83.29000091552734,87.54000091552734,83.04000091552734,84.7300033569336,115669
2026-07-15,2026-07-15T00:00:00Z,85.20999908447266,86.52999877929688,83.33999633789062,84.94999694824219,52882
2026-07-16,2026-07-16T00:00:00Z,85.22000122070312,86.26000213623047,83.83000183105469,84.2300033569336,39917
2026-07-17,2026-07-17T00:00:00Z,84.88999938964844,88.31999969482422,83.70999908447266,88.0999984741211,30997
2026-07-20,2026-07-20T00:00:00Z,89.01000213623047,91.43000030517578,86.13999938964844,89.22000122070312,50407
2026-07-21,2026-07-21T00:00:00Z,88.88999938964844,91.97000122070312,87.87999725341797,91.01000213623047,43104
2026-07-22,2026-07-22T00:00:00Z,91.51000213623047,95.45999908447266,91.31999969482422,94.06999969482422,55526
2026-07-23,2026-07-23T00:00:00Z,95.23999786376953,102.01000213623047,94.87999725341797,100.69000244140625,48567
2026-07-24,2026-07-24T00:00:00Z,100.91000366210938,101.16000366210938,95.13999938964844,96.77999877929688,33923
2026-07-27,2026-07-27T00:00:00Z,93.88999938964844,93.88999938964844,87.44999694824219,88.36000061035156,34887
2026-07-28,2026-07-28T00:00:00Z,87.98999786376953,88.02999877929688,82.51000213623047,84.08999633789062,32213
2026-07-29,2026-07-29T00:00:00Z,84.94999694824219,91.05000305175781,84.94999694824219,90.73999786376953,22489
2026-07-30,2026-07-30T00:00:00Z,90.48999786376953,93.13999938964844,88.8499984741211,89.02999877929688,6854
2026-07-31,2026-07-31T00:00:00Z,89.37999725341797,90.58000183105469,87.0,90.12000274658203,46811
2026-08-03,2026-08-03T00:00:00Z,83.36000061035156,84.6500015258789,81.8499984741211,83.7699966430664,38780
2026-08-04,2026-08-04T00:00:00Z,83.58000183105469,86.33000183105469,78.69000244140625,79.36000061035156,64851
2026-08-05,2026-08-05T00:00:00Z,78.93000030517578,80.93000030517578,78.12999725341797,79.44999694824219,43282
2026-08-06,2026-08-06T00:00:00Z,79.43000030517578,83.7699966430664,78.9800033569336,82.48999786376953,40651
2026-08-07,2026-08-07T00:00:00Z,83.33000183105469,84.38999938964844,81.5,83.55000305175781,37626
2026-08-10,2026-08-10T00:00:00Z,83.55999755859375,87.91999816894531,83.33999633789062,87.72000122070312,30023
2026-08-11,2026-08-11T00:00:00Z,87.97000122070312,90.02999877929688,86.7300033569336,88.91000366210938,35498
2026-08-12,2026-08-12T00:00:00Z,89.2699966430664,90.06999969482422,88.12000274658203,88.9800033569336,35263
2026-08-13,2026-08-13T00:00:00Z,88.47000122070312,89.0199966430664,85.87000274658203,87.06999969482422,28399
2026-08-14,2026-08-14T00:00:00Z,86.87999725341797,88.79000091552734,86.44000244140625,88.5199966430664,29003
2026-08-17,2026-08-17T00:00:00Z,88.72000122070312,91.19000244140625,88.02999877929688,90.87000274658203,33602
2026-08-18,2026-08-18T00:00:00Z,91.31999969482422,92.01000213623047,90.62000274658203,91.0199966430664,22270
2026-08-19,2026-08-19T00:00:00Z,91.30999755859375,92.80000305175781,90.41999816894531,91.62000274658203,28039
2026-08-20,2026-08-20T00:00:00Z,91.51000213623047,94.72000122070312,91.3499984741211,93.77999877929688,27355
2026-08-21,2026-08-21T00:00:00Z,93.33000183105469,94.80999755859375,92.7699966430664,94.38999938964844,16522
2026-08-24,2026-08-24T00:00:00Z,93.68000030517578,93.80000305175781,91.77999877929688,92.16999816894531,18474
2026-08-25,2026-08-25T00:00:00Z,92.18000030517578,92.83999633789062,86.08999633789062,88.58000183105469,19467
2026-08-26,2026-08-26T00:00:00Z,86.94999694824219,89.4800033569336,85.4800033569336,87.83999633789062,15243
2026-08-27,2026-08-27T00:00:00Z,87.55999755859375,90.33999633789062,86.29000091552734,89.69999694824219,9814
2026-08-28,2026-08-28T00:00:00Z,89.51000213623047,90.16000366210938,88.9000015258789,89.30999755859375,26729
2026-08-31,2026-08-31T00:00:00Z,89.30999755859375,91.5,89.02999877929688,90.48999786376953,23556
2026-09-01,2026-09-01T00:00:00Z,90.8499984741211,95.44999694824219,90.7300033569336,94.6500015258789,38404
2026-09-02,2026-09-02T00:00:00Z,95.2300033569336,97.01000213623047,93.5199966430664,95.62999725341797,41717
2026-09-03,2026-09-03T00:00:00Z,95.33000183105469,97.61000061035156,94.04000091552734,95.5199966430664,48231
2026-09-04,2026-09-04T00:00:00Z,95.87999725341797,96.55999755859375,93.16999816894531,96.27999877929688,35106
2026-09-08,2026-09-08T00:00:00Z,96.9000015258789,99.44999694824219,95.97000122070312,97.91999816894531,71135
2026-09-09,2026-09-09T00:00:00Z,99.52999877929688,101.70999908447266,98.83000183105469,101.20999908447266,51567
2026-09-10,2026-09-10T00:00:00Z,101.80000305175781,109.05000305175781,100.19000244140625,107.62999725341797,72538
2026-09-11,2026-09-11T00:00:00Z,109.16000366210938,110.19000244140625,103.4800033569336,104.61000061035156,61285
2026-09-14,2026-09-14T00:00:00Z,106.88999938964844,109.77999877929688,104.81999969482422,105.68000030517578,69743
2026-09-15,2026-09-15T00:00:00Z,106.30999755859375,109.44999694824219,105.11000061035156,108.75,51174
2026-09-16,2026-09-16T00:00:00Z,108.55000305175781,108.58999633789062,104.05999755859375,105.83000183105469,52162
2026-09-17,2026-09-17T00:00:00Z,105.30999755859375,106.0,101.55000305175781,104.81999969482422,50042
2026-09-18,2026-09-18T00:00:00Z,104.08999633789062,105.0199966430664,101.94000244140625,103.87000274658203,37226
2026-09-21,2026-09-21T00:00:00Z,104.75,104.98999786376953,99.0,100.33999633789062,36907
2026-09-22,2026-09-22T00:00:00Z,99.87999725341797,102.29000091552734,97.36000061035156,99.25,47365
2026-09-23,2026-09-23T00:00:00Z,99.05000305175781,103.86000061035156,97.93000030517578,103.08000183105469,51561
2026-09-24,2026-09-24T00:00:00Z,103.38999938964844,108.2300033569336,101.83999633789062,106.5999984741211,57116
2026-09-25,2026-09-25T00:00:00Z,106.5199966430664,106.75,103.11000061035156,104.31999969482422,28791
2026-09-28,2026-09-28T00:00:00Z,105.80000305175781,108.80999755859375,103.80000305175781,105.27999877929688,15803
2026-09-29,2026-09-29T00:00:00Z,106.13999938964844,107.61000061035156,102.27999877929688,102.58999633789062,15803
2026-09-30,2026-09-30T00:00:00Z,95.94999694824219,99.27999877929688,95.13999938964844,98.36000061035156,46204
