timestamp_utc,Open,High,Low,Close,Volume
2026-07-23T04:00:00Z,96.25,96.25,95.75,96.0199966430664,0
2026-07-23T05:00:00Z,96.0,96.3499984741211,95.4800033569336,96.30999755859375,451
2026-07-23T06:00:00Z,96.2699966430664,96.9000015258789,95.88999938964844,96.76000213623047,1661
2026-07-23T07:00:00Z,96.75,97.79000091552734,86.16999816894531,86.16999816894531,6368
2026-07-23T08:00:00Z,86.05999755859375,86.30000305175781,86.05999755859375,86.30000305175781,1957
2026-07-23T09:00:00Z,86.41000366210938,93.08000183105469,86.4000015258789,92.83000183105469,3862
2026-07-23T10:00:00Z,92.75,93.12000274658203,92.54000091552734,92.66000366210938,2634
2026-07-23T11:00:00Z,92.68000030517578,93.37999725341797,92.5999984741211,92.9800033569336,2628
2026-07-23T12:00:00Z,93.02999877929688,93.62000274658203,86.73999786376953,86.83000183105469,5577
2026-07-23T13:00:00Z,86.7699966430664,86.93000030517578,86.55000305175781,86.91999816894531,5574
2026-07-23T14:00:00Z,86.87000274658203,87.08999633789062,86.68000030517578,86.94999694824219,5194
2026-07-23T15:00:00Z,86.91999816894531,100.48999786376953,86.87000274658203,100.12999725341797,0
2026-07-23T16:00:00Z,100.12999725341797,100.83000183105469,99.86000061035156,100.66000366210938,2195
2026-07-23T17:00:00Z,100.72000122070312,101.87999725341797,100.72000122070312,101.83000183105469,3193
2026-07-23T18:00:00Z,101.83999633789062,102.01000213623047,100.43000030517578,100.5999984741211,3450
2026-07-23T19:00:00Z,100.54000091552734,100.54000091552734,99.44000244140625,99.83999633789062,1062
2026-07-23T20:00:00Z,99.94000244140625,100.69000244140625,99.68000030517578,100.55000305175781,1017
2026-07-23T22:00:00Z,100.91000366210938,100.98999786376953,100.36000061035156,100.43000030517578,0
2026-07-23T23:00:00Z,100.41999816894531,100.8499984741211,100.4000015258789,100.55999755859375,66
2026-07-24T00:00:00Z,100.54000091552734,101.0999984741211,100.37000274658203,100.4000015258789,425
2026-07-24T01:00:00Z,100.25,100.25,99.62000274658203,100.12000274658203,511
2026-07-24T02:00:00Z,100.20999908447266,100.69999694824219,100.16999816894531,100.61000061035156,376
2026-07-24T03:00:00Z,100.56999969482422,101.16000366210938,100.55000305175781,100.72000122070312,586
2026-07-24T04:00:00Z,100.61000061035156,100.62999725341797,100.29000091552734,100.30999755859375,216
2026-07-24T05:00:00Z,100.2699966430664,100.43000030517578,99.87000274658203,100.26000213623047,259
2026-07-24T06:00:00Z,100.30000305175781,100.3499984741211,98.97000122070312,98.9800033569336,1483
2026-07-24T07:00:00Z,99.06999969482422,99.1500015258789,92.29000091552734,92.45999908447266,1932
2026-07-24T08:00:00Z,92.45999908447266,92.75,91.4800033569336,91.69000244140625,3475
2026-07-24T09:00:00Z,91.69000244140625,91.72000122070312,91.04000091552734,91.44000244140625,3603
2026-07-24T10:00:00Z,91.47000122070312,92.33000183105469,91.33000183105469,92.0999984741211,1793
2026-07-24T11:00:00Z,92.05999755859375,92.12000274658203,91.31999969482422,91.68000030517578,1313
2026-07-24T12:00:00Z,91.6500015258789,97.41999816894531,91.38999938964844,97.29000091552734,0
2026-07-24T13:00:00Z,97.37000274658203,98.16999816894531,97.16000366210938,97.52999877929688,2269
2026-07-24T14:00:00Z,97.62999725341797,97.62999725341797,96.73999786376953,97.20999908447266,2189
2026-07-24T15:00:00Z,97.20999908447266,97.4800033569336,95.13999938964844,96.05000305175781,4836
2026-07-24T16:00:00Z,96.0999984741211,96.37000274658203,95.55000305175781,95.91999816894531,2047
2026-07-24T17:00:00Z,95.81999969482422,96.48999786376953,95.76000213623047,96.36000061035156,1405
2026-07-24T18:00:00Z,96.2699966430664,96.9000015258789,95.98999786376953,96.70999908447266,1700
2026-07-24T19:00:00Z,96.72000122070312,97.38999938964844,96.30999755859375,97.38999938964844,801
2026-07-24T20:00:00Z,97.41000366210938,98.44000244140625,96.77999877929688,96.77999877929688,816
2026-07-26T22:00:00Z,91.66999816894531,92.1500015258789,90.77999877929688,91.93000030517578,914
2026-07-26T23:00:00Z,91.94000244140625,92.30000305175781,91.88999938964844,91.95999908447266,382
2026-07-27T00:00:00Z,91.87000274658203,92.20999908447266,91.23999786376953,92.0,424
2026-07-27T01:00:00Z,92.20999908447266,92.86000061035156,91.97000122070312,92.75,343
2026-07-27T02:00:00Z,92.73999786376953,93.30000305175781,92.73999786376953,93.0999984741211,517
2026-07-27T03:00:00Z,92.95999908447266,93.0999984741211,92.62999725341797,92.87000274658203,200
2026-07-27T04:00:00Z,92.69000244140625,92.69000244140625,91.79000091552734,92.16999816894531,328
2026-07-27T05:00:00Z,92.12000274658203,92.1500015258789,91.61000061035156,91.80000305175781,249
2026-07-27T06:00:00Z,91.83000183105469,91.83000183105469,89.91000366210938,89.94000244140625,1337
2026-07-27T07:00:00Z,90.02999877929688,91.22000122070312,89.7699966430664,91.22000122070312,1530
2026-07-27T08:00:00Z,91.20999908447266,91.55000305175781,88.91000366210938,88.94999694824219,2231
2026-07-27T09:00:00Z,89.02999877929688,89.30999755859375,87.56999969482422,87.75,2104
2026-07-27T10:00:00Z,87.83000183105469,89.2300033569336,87.80999755859375,89.19000244140625,1982
2026-07-27T11:00:00Z,89.2300033569336,89.93000030517578,89.08999633789062,89.51000213623047,1070
2026-07-27T12:00:00Z,89.56999969482422,90.87999725341797,89.56999969482422,90.63999938964844,1056
2026-07-27T13:00:00Z,90.62000274658203,91.2300033569336,90.26000213623047,90.79000091552734,1330
2026-07-27T14:00:00Z,90.5199966430664,90.5199966430664,89.87999725341797,90.02999877929688,957
2026-07-27T15:00:00Z,90.0,90.20999908447266,89.3499984741211,89.80999755859375,2042
2026-07-27T16:00:00Z,89.79000091552734,90.23999786376953,88.72000122070312,89.22000122070312,2354
2026-07-27T17:00:00Z,89.19000244140625,89.26000213623047,88.63999938964844,88.66000366210938,1601
2026-07-27T18:00:00Z,88.55999755859375,88.69999694824219,87.94000244140625,88.0,2102
2026-07-27T19:00:00Z,87.91000366210938,88.22000122070312,87.7300033569336,87.75,637
2026-07-27T20:00:00Z,87.68000030517578,87.79000091552734,87.44999694824219,87.68000030517578,420
2026-07-27T22:00:00Z,87.98999786376953,87.98999786376953,87.73999786376953,87.76000213623047,0
2026-07-27T23:00:00Z,88.01000213623047,88.01000213623047,87.93000030517578,88.0,9
2026-07-28T00:00:00Z,87.87000274658203,88.0,87.41999816894531,88.0,104
2026-07-28T01:00:00Z,87.8499984741211,88.02999877929688,87.33000183105469,87.72000122070312,159
2026-07-28T02:00:00Z,87.55000305175781,87.55000305175781,86.51000213623047,86.51000213623047,285
2026-07-28T03:00:00Z,86.62000274658203,87.20999908447266,86.44999694824219,87.18000030517578,131
2026-07-28T04:00:00Z,87.18000030517578,87.38999938964844,87.18000030517578,87.19000244140625,118
2026-07-28T05:00:00Z,87.20999908447266,87.95999908447266,87.08000183105469,87.73999786376953,156
2026-07-28T06:00:00Z,87.80000305175781,88.36000061035156,85.87000274658203,86.06999969482422,385
2026-07-28T07:00:00Z,86.11000061035156,86.77999877929688,85.7300033569336,85.77999877929688,670
2026-07-28T08:00:00Z,86.01000213623047,86.01000213623047,84.79000091552734,85.36000061035156,1378
2026-07-28T09:00:00Z,85.44999694824219,86.4000015258789,85.44000244140625,85.91000366210938,564
2026-07-28T10:00:00Z,85.93000030517578,86.81999969482422,85.88999938964844,86.43000030517578,654
2026-07-28T11:00:00Z,86.43000030517578,87.27999877929688,86.01000213623047,87.08999633789062,455
2026-07-28T12:00:00Z,87.13999938964844,87.1500015258789,85.98999786376953,86.11000061035156,1114
2026-07-28T13:00:00Z,86.18000030517578,87.16000366210938,86.02999877929688,87.01000213623047,1108
2026-07-28T14:00:00Z,87.11000061035156,87.37000274658203,86.16999816894531,86.7300033569336,1465
2026-07-28T15:00:00Z,86.62000274658203,86.68000030517578,83.51000213623047,83.56999969482422,3540
2026-07-28T16:00:00Z,83.58000183105469,84.0,82.51000213623047,83.56999969482422,2755
2026-07-28T17:00:00Z,83.62999725341797,84.5999984741211,83.16000366210938,84.41999816894531,1663
2026-07-28T18:00:00Z,84.30999755859375,84.33000183105469,83.56999969482422,84.02999877929688,1929
2026-07-28T19:00:00Z,83.97000122070312,83.97000122070312,83.62000274658203,83.86000061035156,711
2026-07-28T20:00:00Z,83.95999908447266,83.9800033569336,83.68000030517578,83.76000213623047,0
2026-07-28T22:00:00Z,84.94999694824219,88.0,84.94999694824219,87.45999908447266,332
2026-07-28T23:00:00Z,87.41999816894531,88.06999969482422,86.55999755859375,86.61000061035156,239
2026-07-29T00:00:00Z,86.75,87.6500015258789,86.58000183105469,87.44999694824219,578
2026-07-29T01:00:00Z,87.44999694824219,88.1500015258789,87.44999694824219,87.80999755859375,151
2026-07-29T02:00:00Z,87.80999755859375,87.87000274658203,87.11000061035156,87.20999908447266,112
2026-07-29T03:00:00Z,87.55000305175781,87.80999755859375,87.5,87.80999755859375,90
2026-07-29T04:00:00Z,87.5999984741211,87.5999984741211,87.05000305175781,87.25,227
2026-07-29T05:00:00Z,87.19000244140625,87.23999786376953,87.08999633789062,87.23999786376953,108
2026-07-29T06:00:00Z,87.25,87.47000122070312,86.80999755859375,87.13999938964844,168
2026-07-29T07:00:00Z,87.1500015258789,87.37000274658203,86.77999877929688,87.30000305175781,270
2026-07-29T08:00:00Z,87.16999816894531,87.4800033569336,86.66000366210938,87.04000091552734,528
2026-07-29T09:00:00Z,87.26000213623047,87.43000030517578,86.9000015258789,87.2699966430664,298
2026-07-29T10:00:00Z,87.19999694824219,88.55000305175781,87.19999694824219,88.54000091552734,606
2026-07-29T11:00:00Z,88.55999755859375,88.55999755859375,87.66000366210938,88.0199966430664,604
2026-07-29T12:00:00Z,88.02999877929688,90.16999816894531,88.02999877929688,89.79000091552734,2100
2026-07-29T13:00:00Z,89.76000213623047,90.2300033569336,89.4000015258789,90.0999984741211,1111
2026-07-29T14:00:00Z,90.12000274658203,90.91000366210938,89.66000366210938,90.86000061035156,856
2026-07-29T15:00:00Z,90.87999725341797,91.05000305175781,89.9800033569336,90.72000122070312,1097
2026-07-29T16:00:00Z,90.83999633789062,90.9800033569336,90.0199966430664,90.51000213623047,837
2026-07-29T17:00:00Z,90.44000244140625,90.62000274658203,90.19000244140625,90.51000213623047,1198
2026-07-29T18:00:00Z,90.4800033569336,91.0199966430664,90.41000366210938,90.61000061035156,924
2026-07-29T19:00:00Z,90.41000366210938,91.02999877929688,90.0999984741211,90.80000305175781,302
2026-07-29T20:00:00Z,90.7300033569336,90.95999908447266,90.52999877929688,90.54000091552734,162
2026-07-29T22:00:00Z,90.48999786376953,90.48999786376953,90.3499984741211,90.4000015258789,0
2026-07-29T23:00:00Z,90.29000091552734,90.29000091552734,90.29000091552734,90.29000091552734,2
2026-07-30T00:00:00Z,90.2300033569336,90.4800033569336,89.11000061035156,90.4800033569336,90
2026-07-30T01:00:00Z,89.87000274658203,90.12000274658203,89.45999908447266,89.79000091552734,210
2026-07-30T02:00:00Z,89.55000305175781,89.55000305175781,89.20999908447266,89.2699966430664,109
2026-07-30T03:00:00Z,89.23999786376953,89.5,89.23999786376953,89.5,35
2026-07-30T04:00:00Z,89.80000305175781,90.0999984741211,89.72000122070312,90.0999984741211,255
2026-07-30T05:00:00Z,90.25,91.9800033569336,90.25,91.91999816894531,444
2026-07-30T06:00:00Z,92.02999877929688,93.13999938964844,91.98999786376953,92.93000030517578,647
2026-07-30T07:00:00Z,92.79000091552734,92.80999755859375,91.94000244140625,92.33999633789062,861
2026-07-30T08:00:00Z,92.19999694824219,92.19999694824219,91.4000015258789,91.4000015258789,329
2026-07-30T09:00:00Z,91.36000061035156,91.36000061035156,90.4800033569336,90.97000122070312,206
2026-07-30T10:00:00Z,91.41000366210938,91.41000366210938,89.76000213623047,89.76000213623047,246
2026-07-30T11:00:00Z,90.19999694824219,90.2699966430664,89.66000366210938,89.73999786376953,133
2026-07-30T12:00:00Z,89.9800033569336,90.45999908447266,89.9800033569336,90.41000366210938,334
2026-07-30T13:00:00Z,89.94000244140625,89.94000244140625,88.8499984741211,89.66000366210938,298
2026-07-30T14:00:00Z,89.62000274658203,90.16000366210938,89.54000091552734,89.91999816894531,521
2026-07-30T15:00:00Z,90.05000305175781,90.33000183105469,89.22000122070312,89.69999694824219,557
2026-07-30T16:00:00Z,89.76000213623047,89.91999816894531,89.20999908447266,89.72000122070312,201
2026-07-30T17:00:00Z,89.58999633789062,89.83999633789062,89.08999633789062,89.37000274658203,242
2026-07-30T18:00:00Z,89.58000183105469,89.76000213623047,88.94999694824219,88.98999786376953,614
2026-07-30T19:00:00Z,88.98999786376953,88.98999786376953,88.91000366210938,88.91000366210938,68
2026-07-30T20:00:00Z,89.27999877929688,89.5999984741211,89.27999877929688,89.44999694824219,114
2026-07-30T23:00:00Z,89.37999725341797,89.37999725341797,89.37999725341797,89.37999725341797,0
2026-07-31T00:00:00Z,89.79000091552734,89.79000091552734,89.37000274658203,89.37000274658203,68
2026-07-31T01:00:00Z,88.47000122070312,88.47000122070312,88.0,88.0,31
2026-07-31T02:00:00Z,87.70999908447266,88.0999984741211,87.70999908447266,88.0999984741211,10
2026-07-31T03:00:00Z,88.05000305175781,88.05000305175781,88.05000305175781,88.05000305175781,1
2026-07-31T04:00:00Z,87.80000305175781,87.80000305175781,87.80000305175781,87.80000305175781,1
2026-07-31T05:00:00Z,87.2300033569336,87.3499984741211,87.0,87.0,9
2026-07-31T06:00:00Z,87.4000015258789,87.5999984741211,87.4000015258789,87.58000183105469,109
2026-07-31T07:00:00Z,87.86000061035156,88.30000305175781,87.83000183105469,88.30000305175781,5
2026-07-31T08:00:00Z,87.79000091552734,88.22000122070312,87.5999984741211,88.0999984741211,44
2026-07-31T09:00:00Z,88.19000244140625,89.52999877929688,88.19000244140625,89.44999694824219,22
2026-07-31T10:00:00Z,89.5,89.81999969482422,89.36000061035156,89.79000091552734,177
2026-07-31T11:00:00Z,89.76000213623047,90.3499984741211,89.5199966430664,90.23999786376953,100
2026-07-31T12:00:00Z,90.36000061035156,90.58000183105469,90.22000122070312,90.58000183105469,41
2026-07-31T13:00:00Z,90.33999633789062,90.3499984741211,90.1500015258789,90.19999694824219,41
2026-07-31T14:00:00Z,90.13999938964844,90.16999816894531,89.87999725341797,90.04000091552734,149
2026-07-31T15:00:00Z,90.16000366210938,90.19999694824219,89.87000274658203,89.87000274658203,137
2026-07-31T16:00:00Z,89.9000015258789,89.95999908447266,89.9000015258789,89.91999816894531,25
2026-07-31T17:00:00Z,90.01000213623047,90.01000213623047,90.01000213623047,90.01000213623047,5
2026-07-31T18:00:00Z,90.12000274658203,90.12000274658203,90.11000061035156,90.12000274658203,38
2026-08-03T07:00:00Z,83.61000061035156,84.08000183105469,83.30999755859375,83.5999984741211,8761
2026-08-03T08:00:00Z,83.63999938964844,84.6500015258789,83.52999877929688,84.08999633789062,2486
2026-08-03T09:00:00Z,84.13999938964844,84.19000244140625,83.44000244140625,84.02999877929688,1423
2026-08-03T10:00:00Z,83.9800033569336,83.98999786376953,83.31999969482422,83.55000305175781,1155
2026-08-03T11:00:00Z,83.56999969482422,83.72000122070312,82.87999725341797,82.88999938964844,1149
2026-08-03T12:00:00Z,82.91999816894531,83.2699966430664,82.80000305175781,82.94000244140625,2139
2026-08-03T13:00:00Z,82.97000122070312,83.66999816894531,82.72000122070312,83.19000244140625,3834
2026-08-03T14:00:00Z,83.19999694824219,83.7699966430664,83.12000274658203,83.7699966430664,2746
2026-08-03T15:00:00Z,83.7699966430664,84.5199966430664,83.58000183105469,83.83000183105469,4496
2026-08-03T16:00:00Z,83.83000183105469,83.87000274658203,83.41000366210938,83.5,2158
2026-08-03T17:00:00Z,83.51000213623047,83.91999816894531,83.43000030517578,83.62000274658203,1921
2026-08-03T18:00:00Z,83.62000274658203,84.12000274658203,83.02999877929688,83.87000274658203,2754
2026-08-03T19:00:00Z,83.81999969482422,84.18000030517578,83.68000030517578,83.68000030517578,751
2026-08-03T20:00:00Z,83.72000122070312,83.80000305175781,83.37999725341797,83.51000213623047,0
2026-08-03T22:00:00Z,83.58000183105469,83.69999694824219,83.37999725341797,83.69999694824219,15
2026-08-03T23:00:00Z,83.69999694824219,83.91999816894531,83.5199966430664,83.8499984741211,35
2026-08-04T00:00:00Z,83.9800033569336,84.52999877929688,83.91999816894531,84.5199966430664,694
2026-08-04T01:00:00Z,84.54000091552734,84.70999908447266,84.16999816894531,84.5199966430664,555
2026-08-04T02:00:00Z,84.4800033569336,84.87000274658203,84.41999816894531,84.81999969482422,295
2026-08-04T03:00:00Z,84.80999755859375,85.04000091552734,84.69000244140625,85.04000091552734,276
2026-08-04T04:00:00Z,85.0,85.08000183105469,84.8499984741211,85.02999877929688,212
2026-08-04T05:00:00Z,85.12000274658203,85.26000213623047,84.75,84.75,525
2026-08-04T06:00:00Z,84.7699966430664,85.0,84.45999908447266,84.45999908447266,666
2026-08-04T07:00:00Z,84.47000122070312,85.05000305175781,84.30000305175781,84.87000274658203,1700
2026-08-04T08:00:00Z,84.87000274658203,86.33000183105469,84.62000274658203,86.16000366210938,3991
2026-08-04T09:00:00Z,86.13999938964844,86.25,85.68000030517578,85.87000274658203,1408
2026-08-04T10:00:00Z,85.81999969482422,85.93000030517578,84.26000213623047,84.66000366210938,3972
2026-08-04T11:00:00Z,84.63999938964844,84.80000305175781,80.47000122070312,80.54000091552734,9171
2026-08-04T12:00:00Z,80.62000274658203,82.08000183105469,80.5999984741211,81.43000030517578,5865
2026-08-04T13:00:00Z,81.45999908447266,81.80000305175781,79.52999877929688,79.80000305175781,8079
2026-08-04T14:00:00Z,79.83000183105469,80.69000244140625,79.5,80.54000091552734,5242
2026-08-04T15:00:00Z,80.52999877929688,80.76000213623047,78.73999786376953,79.19999694824219,8769
2026-08-04T16:00:00Z,79.19000244140625,79.91000366210938,79.19000244140625,79.68000030517578,3370
2026-08-04T17:00:00Z,79.69999694824219,79.7300033569336,79.11000061035156,79.37999725341797,2143
2026-08-04T18:00:00Z,79.41999816894531,79.58999633789062,79.11000061035156,79.41000366210938,2543
2026-08-04T19:00:00Z,79.4000015258789,79.55000305175781,79.29000091552734,79.3499984741211,1179
2026-08-04T20:00:00Z,79.3499984741211,79.3499984741211,78.69000244140625,78.69000244140625,0
2026-08-04T22:00:00Z,78.93000030517578,79.01000213623047,78.79000091552734,78.94999694824219,25
2026-08-04T23:00:00Z,78.91000366210938,78.91999816894531,78.77999877929688,78.79000091552734,43
2026-08-05T00:00:00Z,78.79000091552734,79.16999816894531,78.1500015258789,79.12000274658203,651
2026-08-05T01:00:00Z,79.22000122070312,79.83999633789062,79.22000122070312,79.73999786376953,417
2026-08-05T02:00:00Z,79.79000091552734,79.79000091552734,78.12999725341797,78.55999755859375,929
2026-08-05T03:00:00Z,78.56999969482422,78.5999984741211,78.25,78.36000061035156,296
2026-08-05T04:00:00Z,78.30000305175781,78.94000244140625,78.30000305175781,78.94000244140625,373
2026-08-05T05:00:00Z,78.80000305175781,79.05000305175781,78.52999877929688,78.77999877929688,240
2026-08-05T06:00:00Z,78.75,79.3499984741211,78.75,78.97000122070312,1045
2026-08-05T07:00:00Z,78.95999908447266,80.45999908447266,78.87999725341797,80.06999969482422,3053
2026-08-05T08:00:00Z,80.06999969482422,80.56999969482422,79.83000183105469,80.37000274658203,3264
2026-08-05T09:00:00Z,80.31999969482422,80.79000091552734,79.98999786376953,80.7300033569336,1439
2026-08-05T10:00:00Z,80.7300033569336,80.93000030517578,80.43000030517578,80.52999877929688,1652
2026-08-05T11:00:00Z,80.5199966430664,80.66000366210938,80.0199966430664,80.06999969482422,1721
2026-08-05T12:00:00Z,80.12000274658203,80.69999694824219,79.80000305175781,80.6500015258789,3177
2026-08-05T13:00:00Z,80.63999938964844,80.63999938964844,79.19000244140625,79.58000183105469,4703
2026-08-05T14:00:00Z,79.62000274658203,79.73999786376953,78.52999877929688,79.0,5822
2026-08-05T15:00:00Z,79.0199966430664,79.75,78.31999969482422,79.55000305175781,5206
2026-08-05T16:00:00Z,79.58999633789062,79.83999633789062,78.9000015258789,79.0199966430664,2534
2026-08-05T17:00:00Z,79.0199966430664,79.13999938964844,78.6500015258789,79.12000274658203,2543
2026-08-05T18:00:00Z,79.1500015258789,79.62999725341797,79.0999984741211,79.55999755859375,2523
2026-08-05T19:00:00Z,79.5999984741211,79.5999984741211,79.30999755859375,79.43000030517578,494
2026-08-05T20:00:00Z,79.41999816894531,79.43000030517578,79.1500015258789,79.4000015258789,856
2026-08-05T22:00:00Z,79.43000030517578,79.5199966430664,79.41000366210938,79.41000366210938,0
2026-08-05T23:00:00Z,79.37000274658203,79.54000091552734,79.18000030517578,79.22000122070312,42
2026-08-06T00:00:00Z,79.19999694824219,79.44000244140625,79.04000091552734,79.2699966430664,370
2026-08-06T01:00:00Z,79.30000305175781,80.31999969482422,79.2699966430664,80.02999877929688,544
2026-08-06T02:00:00Z,80.0,80.06999969482422,79.75,79.81999969482422,282
2026-08-06T03:00:00Z,79.76000213623047,79.87999725341797,79.25,79.37000274658203,235
2026-08-06T22:00:00Z,83.33000183105469,83.33999633789062,83.33000183105469,83.33000183105469,12
2026-08-06T23:00:00Z,83.41000366210938,83.41000366210938,83.2699966430664,83.2699966430664,18
2026-08-07T00:00:00Z,83.30000305175781,83.81999969482422,83.26000213623047,83.27999877929688,528
2026-08-07T01:00:00Z,83.2699966430664,83.36000061035156,83.08999633789062,83.20999908447266,438
2026-08-07T02:00:00Z,83.41999816894531,83.58000183105469,83.3499984741211,83.37999725341797,333
2026-08-07T03:00:00Z,83.36000061035156,83.69000244140625,83.26000213623047,83.44999694824219,420
2026-08-07T04:00:00Z,83.44000244140625,84.38999938964844,83.41000366210938,83.79000091552734,2238
2026-08-07T05:00:00Z,83.80999755859375,83.86000061035156,83.54000091552734,83.58999633789062,425
2026-08-07T06:00:00Z,83.58000183105469,83.69000244140625,83.05999755859375,83.37999725341797,966
2026-08-07T07:00:00Z,83.38999938964844,83.58000183105469,83.01000213623047,83.27999877929688,997
2026-08-07T08:00:00Z,83.2300033569336,83.4000015258789,82.95999908447266,83.0999984741211,1848
2026-08-07T09:00:00Z,83.08999633789062,83.1500015258789,82.16999816894531,82.33000183105469,2519
2026-08-07T10:00:00Z,82.30000305175781,82.3499984741211,81.76000213623047,81.88999938964844,2547
2026-08-07T11:00:00Z,81.9000015258789,82.1500015258789,81.68000030517578,81.8499984741211,1065
2026-08-07T12:00:00Z,81.8499984741211,82.44999694824219,81.5,81.66999816894531,1905
2026-08-07T13:00:00Z,81.62000274658203,82.33999633789062,81.55999755859375,82.30000305175781,2099
2026-08-07T14:00:00Z,82.33999633789062,83.1500015258789,82.23999786376953,83.12999725341797,2466
2026-08-07T15:00:00Z,83.19999694824219,83.77999877929688,83.08999633789062,83.75,3215
2026-08-07T16:00:00Z,83.7300033569336,83.79000091552734,83.47000122070312,83.62000274658203,2471
2026-08-07T17:00:00Z,83.61000061035156,83.62000274658203,83.05000305175781,83.43000030517578,1589
2026-08-07T18:00:00Z,83.41999816894531,83.63999938964844,83.25,83.41999816894531,4312
2026-08-07T19:00:00Z,83.41000366210938,83.41000366210938,81.87999725341797,82.0999984741211,1949
2026-08-07T20:00:00Z,82.12000274658203,83.55000305175781,81.91999816894531,83.55000305175781,967
2026-08-09T22:00:00Z,84.77999877929688,84.86000061035156,84.16000366210938,84.4000015258789,531
2026-08-09T23:00:00Z,84.30000305175781,84.5199966430664,84.16999816894531,84.4000015258789,260
2026-08-10T00:00:00Z,84.37999725341797,84.55999755859375,84.1500015258789,84.26000213623047,353
2026-08-10T01:00:00Z,84.19000244140625,84.7699966430664,83.69999694824219,84.51000213623047,656
2026-08-10T02:00:00Z,84.5,84.5999984741211,84.19999694824219,84.52999877929688,308
2026-08-10T03:00:00Z,84.47000122070312,84.47000122070312,84.16000366210938,84.4000015258789,127
2026-08-10T04:00:00Z,84.3499984741211,84.45999908447266,83.87000274658203,83.98999786376953,380
2026-08-10T05:00:00Z,83.98999786376953,84.08000183105469,83.38999938964844,83.4000015258789,220
2026-08-10T06:00:00Z,83.37000274658203,83.81999969482422,83.33999633789062,83.37999725341797,471
2026-08-10T07:00:00Z,83.4000015258789,84.18000030517578,83.33999633789062,83.75,832
2026-08-10T08:00:00Z,83.68000030517578,84.79000091552734,83.66999816894531,84.75,1472
2026-08-10T09:00:00Z,84.5999984741211,84.62999725341797,84.16000366210938,84.54000091552734,736
2026-08-10T10:00:00Z,84.52999877929688,85.08000183105469,83.95999908447266,84.94999694824219,807
2026-08-10T11:00:00Z,84.95999908447266,85.08999633789062,84.4000015258789,84.93000030517578,933
2026-08-10T12:00:00Z,84.94000244140625,85.36000061035156,84.70999908447266,85.18000030517578,1383
2026-08-10T13:00:00Z,85.1500015258789,86.36000061035156,84.75,86.2699966430664,2916
2026-08-10T14:00:00Z,86.23999786376953,86.26000213623047,85.69000244140625,86.22000122070312,2432
2026-08-10T15:00:00Z,86.12999725341797,86.95999908447266,86.05999755859375,86.58999633789062,3776
2026-08-10T16:00:00Z,86.5999984741211,87.16000366210938,86.37999725341797,87.05000305175781,3619
2026-08-10T17:00:00Z,87.06999969482422,87.54000091552734,87.01000213623047,87.54000091552734,1906
2026-08-10T18:00:00Z,87.54000091552734,87.91999816894531,87.37000274658203,87.37999725341797,2667
2026-08-10T19:00:00Z,87.37999725341797,87.6500015258789,87.16999816894531,87.63999938964844,557
2026-08-10T20:00:00Z,87.6500015258789,87.88999938964844,87.61000061035156,87.8499984741211,1029
2026-08-10T22:00:00Z,87.97000122070312,87.97000122070312,87.68000030517578,87.68000030517578,0
2026-08-10T23:00:00Z,87.66000366210938,87.69000244140625,87.52999877929688,87.62999725341797,18
2026-08-11T00:00:00Z,87.69999694824219,88.01000213623047,87.58000183105469,87.76000213623047,569
2026-08-11T01:00:00Z,87.7300033569336,88.05999755859375,87.58000183105469,87.94000244140625,341
2026-08-11T02:00:00Z,87.91999816894531,88.01000213623047,87.75,87.94000244140625,177
2026-08-11T03:00:00Z,87.91999816894531,87.94999694824219,87.66000366210938,87.68000030517578,115
2026-08-11T04:00:00Z,87.63999938964844,87.86000061035156,87.47000122070312,87.79000091552734,229
2026-08-11T05:00:00Z,87.77999877929688,88.08000183105469,87.7699966430664,87.94999694824219,394
2026-08-11T06:00:00Z,88.0,89.37999725341797,87.86000061035156,89.06999969482422,1616
2026-08-11T07:00:00Z,89.06999969482422,89.69000244140625,88.88999938964844,89.61000061035156,1862
2026-08-11T08:00:00Z,89.5999984741211,90.0199966430664,89.31999969482422,89.94999694824219,2715
2026-08-11T09:00:00Z,89.94000244140625,90.02999877929688,89.38999938964844,89.76000213623047,1696
2026-08-11T10:00:00Z,89.66999816894531,89.87000274658203,88.70999908447266,88.9000015258789,2575
2026-08-11T11:00:00Z,88.83000183105469,88.91999816894531,87.1500015258789,87.56999969482422,5157
2026-08-11T12:00:00Z,87.58999633789062,88.26000213623047,87.23999786376953,88.04000091552734,2477
2026-08-11T13:00:00Z,88.04000091552734,88.05000305175781,86.7300033569336,87.0999984741211,3345
2026-08-11T14:00:00Z,87.18000030517578,88.37999725341797,87.08999633789062,88.30000305175781,2906
2026-08-11T15:00:00Z,88.26000213623047,88.98999786376953,87.97000122070312,88.83000183105469,3352
2026-08-11T16:00:00Z,88.80999755859375,88.86000061035156,88.29000091552734,88.62999725341797,1442
2026-08-11T17:00:00Z,88.52999877929688,88.91000366210938,88.51000213623047,88.88999938964844,912
2026-08-11T18:00:00Z,88.87000274658203,88.95999908447266,88.58999633789062,88.83000183105469,1627
2026-08-11T19:00:00Z,88.87999725341797,89.30999755859375,88.87999725341797,89.12999725341797,613
2026-08-11T20:00:00Z,89.13999938964844,89.2300033569336,88.9000015258789,88.94999694824219,1113
2026-08-11T22:00:00Z,89.2699966430664,89.30000305175781,89.16000366210938,89.30000305175781,0
2026-08-11T23:00:00Z,89.2300033569336,89.25,89.08999633789062,89.08999633789062,95
2026-08-12T00:00:00Z,89.13999938964844,89.62000274658203,89.11000061035156,89.48999786376953,359
2026-08-12T01:00:00Z,89.4800033569336,89.69999694824219,89.3499984741211,89.4000015258789,442
2026-08-12T02:00:00Z,89.43000030517578,89.7300033569336,89.41999816894531,89.69999694824219,185
2026-08-12T03:00:00Z,89.70999908447266,90.05999755859375,89.62000274658203,89.9800033569336,446
2026-08-12T04:00:00Z,90.02999877929688,90.06999969482422,89.37999725341797,89.4000015258789,279
2026-08-12T05:00:00Z,89.48999786376953,89.80000305175781,89.23999786376953,89.75,285
2026-08-12T06:00:00Z,89.69999694824219,89.7300033569336,89.08000183105469,89.41999816894531,741
2026-08-12T07:00:00Z,89.41000366210938,89.80999755859375,89.38999938964844,89.58000183105469,1411
2026-08-12T08:00:00Z,89.55000305175781,89.6500015258789,88.9000015258789,89.29000091552734,1975
2026-08-12T09:00:00Z,89.30000305175781,89.33999633789062,88.12000274658203,88.72000122070312,2970
2026-08-12T10:00:00Z,88.77999877929688,89.41000366210938,88.58000183105469,89.0,2641
2026-08-12T11:00:00Z,89.02999877929688,89.30000305175781,88.72000122070312,89.2300033569336,1283
2026-08-12T12:00:00Z,89.2300033569336,89.37999725341797,88.5199966430664,88.5199966430664,1832
2026-08-12T13:00:00Z,88.5,88.66999816894531,88.16999816894531,88.4800033569336,2763
2026-08-12T14:00:00Z,88.5,88.91999816894531,88.29000091552734,88.81999969482422,3345
2026-08-12T15:00:00Z,88.86000061035156,89.08000183105469,88.69999694824219,88.79000091552734,4476
2026-08-12T16:00:00Z,88.81999969482422,88.88999938964844,88.51000213623047,88.51000213623047,1936
2026-08-12T17:00:00Z,88.5,88.94000244140625,88.44000244140625,88.86000061035156,2181
2026-08-12T18:00:00Z,88.87999725341797,89.08999633789062,88.58000183105469,88.9000015258789,1986
2026-08-12T19:00:00Z,88.83999633789062,88.83999633789062,88.62000274658203,88.68000030517578,610
2026-08-12T20:00:00Z,88.6500015258789,88.6500015258789,88.31999969482422,88.37000274658203,482
2026-08-12T22:00:00Z,88.47000122070312,88.63999938964844,88.44000244140625,88.45999908447266,0
2026-08-12T23:00:00Z,88.55000305175781,88.56999969482422,88.37000274658203,88.56999969482422,53
2026-08-13T00:00:00Z,88.47000122070312,88.47000122070312,87.9000015258789,87.9000015258789,493
2026-08-13T01:00:00Z,87.83000183105469,88.16999816894531,87.69000244140625,87.94000244140625,336
2026-08-13T02:00:00Z,87.98999786376953,88.08000183105469,87.8499984741211,88.08000183105469,190
2026-08-13T03:00:00Z,88.04000091552734,88.5,87.80999755859375,88.45999908447266,240
2026-08-13T04:00:00Z,88.45999908447266,88.83000183105469,88.45999908447266,88.79000091552734,410
2026-08-13T05:00:00Z,88.87000274658203,89.0199966430664,88.73999786376953,88.9000015258789,260
2026-08-13T06:00:00Z,88.93000030517578,89.01000213623047,88.41000366210938,88.43000030517578,682
2026-08-13T07:00:00Z,88.43000030517578,88.8499984741211,87.52999877929688,88.01000213623047,1458
2026-08-13T08:00:00Z,87.95999908447266,88.22000122070312,87.29000091552734,87.52999877929688,2138
2026-08-13T09:00:00Z,87.52999877929688,87.52999877929688,86.8499984741211,87.5199966430664,1409
2026-08-13T10:00:00Z,87.54000091552734,87.83000183105469,87.08999633789062,87.20999908447266,1097
2026-08-13T11:00:00Z,87.22000122070312,87.51000213623047,87.04000091552734,87.44000244140625,759
2026-08-13T12:00:00Z,87.47000122070312,87.47000122070312,86.87000274658203,87.08000183105469,1926
2026-08-13T13:00:00Z,87.0999984741211,87.2300033569336,86.19999694824219,86.30999755859375,3532
2026-08-13T14:00:00Z,86.26000213623047,86.9800033569336,85.87000274658203,86.94999694824219,2822
2026-08-13T15:00:00Z,86.9000015258789,88.54000091552734,86.9000015258789,88.30000305175781,4356
2026-08-13T16:00:00Z,88.30000305175781,88.41000366210938,87.58000183105469,87.76000213623047,1457
2026-08-13T17:00:00Z,87.80000305175781,87.9000015258789,87.5999984741211,87.66000366210938,820
2026-08-13T18:00:00Z,87.5999984741211,87.61000061035156,86.76000213623047,86.98999786376953,2064
2026-08-13T19:00:00Z,86.93000030517578,87.13999938964844,86.86000061035156,87.05000305175781,560
2026-08-13T20:00:00Z,87.0199966430664,87.08999633789062,86.83000183105469,86.95999908447266,596
2026-08-13T22:00:00Z,86.87999725341797,86.94999694824219,86.87000274658203,86.93000030517578,0
2026-08-13T23:00:00Z,86.9800033569336,87.1500015258789,86.9800033569336,87.12999725341797,8
2026-08-14T00:00:00Z,87.12999725341797,87.2300033569336,86.87000274658203,86.9000015258789,687
2026-08-14T01:00:00Z,86.88999938964844,87.26000213623047,86.70999908447266,86.73999786376953,421
2026-08-14T02:00:00Z,86.7300033569336,87.1500015258789,86.44000244140625,87.11000061035156,616
2026-08-14T03:00:00Z,87.06999969482422,87.20999908447266,86.9800033569336,87.12000274658203,106
2026-08-14T04:00:00Z,87.22000122070312,87.22000122070312,87.0,87.13999938964844,96
2026-08-14T05:00:00Z,87.08000183105469,87.79000091552734,87.08000183105469,87.76000213623047,258
2026-08-14T06:00:00Z,87.77999877929688,88.05999755859375,87.6500015258789,87.94999694824219,769
2026-08-14T07:00:00Z,87.9800033569336,88.63999938964844,87.97000122070312,88.5999984741211,900
2026-08-14T08:00:00Z,88.55000305175781,88.66999816894531,87.69000244140625,88.0,2361
2026-08-14T09:00:00Z,87.98999786376953,88.01000213623047,87.37000274658203,87.44000244140625,1265
2026-08-14T10:00:00Z,87.4000015258789,87.44000244140625,86.86000061035156,86.94999694824219,1162
2026-08-14T11:00:00Z,87.01000213623047,87.3499984741211,86.94999694824219,87.13999938964844,1266
2026-08-14T12:00:00Z,87.12000274658203,87.73999786376953,86.83000183105469,86.88999938964844,1708
2026-08-14T13:00:00Z,86.88999938964844,87.18000030517578,86.55000305175781,87.08000183105469,2367
2026-08-14T14:00:00Z,87.0999984741211,87.97000122070312,87.08000183105469,87.83999633789062,4187
2026-08-14T15:00:00Z,87.83999633789062,88.08999633789062,87.51000213623047,87.80000305175781,3264
2026-08-14T16:00:00Z,87.80999755859375,88.12999725341797,87.66999816894531,87.98999786376953,1354
2026-08-14T17:00:00Z,88.01000213623047,88.5,87.94000244140625,88.37999725341797,1726
2026-08-14T18:00:00Z,88.33999633789062,88.79000091552734,88.16000366210938,88.55999755859375,1943
2026-08-14T19:00:00Z,88.55000305175781,88.5999984741211,88.38999938964844,88.56999969482422,642
2026-08-14T20:00:00Z,88.52999877929688,88.66000366210938,88.37999725341797,88.5199966430664,671
2026-08-16T22:00:00Z,88.83999633789062,88.8499984741211,88.58000183105469,88.66000366210938,156
2026-08-16T23:00:00Z,88.66999816894531,88.80999755859375,88.66999816894531,88.66999816894531,141
2026-08-17T00:00:00Z,88.66999816894531,88.66999816894531,88.22000122070312,88.22000122070312,266
2026-08-17T01:00:00Z,88.2300033569336,89.20999908447266,88.02999877929688,88.95999908447266,568
2026-08-17T02:00:00Z,88.94000244140625,89.37000274658203,88.7300033569336,88.8499984741211,617
2026-08-17T03:00:00Z,88.8499984741211,88.9800033569336,88.69999694824219,88.69999694824219,293
2026-08-17T04:00:00Z,88.62000274658203,88.79000091552734,88.44999694824219,88.5999984741211,269
2026-08-17T05:00:00Z,88.54000091552734,88.63999938964844,88.30000305175781,88.33999633789062,260
2026-08-17T06:00:00Z,88.19999694824219,88.47000122070312,88.1500015258789,88.38999938964844,593
2026-08-17T07:00:00Z,88.4000015258789,88.80000305175781,88.13999938964844,88.63999938964844,1034
2026-08-17T08:00:00Z,88.5999984741211,89.04000091552734,88.47000122070312,89.04000091552734,1984
2026-08-17T09:00:00Z,89.05999755859375,89.66999816894531,88.95999908447266,89.4800033569336,1301
2026-08-17T10:00:00Z,89.45999908447266,89.61000061035156,88.36000061035156,89.2300033569336,2830
2026-08-17T11:00:00Z,89.29000091552734,89.33000183105469,88.76000213623047,88.80999755859375,1170
2026-08-17T12:00:00Z,88.77999877929688,89.47000122070312,88.58000183105469,89.29000091552734,2292
2026-08-17T13:00:00Z,89.29000091552734,89.38999938964844,88.75,89.0,2346
2026-08-17T14:00:00Z,88.98999786376953,89.02999877929688,88.44000244140625,88.5199966430664,2124
2026-08-17T15:00:00Z,88.55000305175781,89.16000366210938,88.54000091552734,89.08999633789062,2855
2026-08-17T16:00:00Z,89.08999633789062,89.30999755859375,88.69999694824219,89.27999877929688,2032
2026-08-17T17:00:00Z,89.30999755859375,91.19000244140625,89.25,91.0999984741211,4145
2026-08-17T18:00:00Z,91.12000274658203,91.16000366210938,90.48999786376953,90.56999969482422,2729
2026-08-17T19:00:00Z,90.55000305175781,90.83999633789062,90.5199966430664,90.79000091552734,902
2026-08-17T20:00:00Z,90.80999755859375,91.11000061035156,90.69999694824219,91.0999984741211,0
2026-08-17T22:00:00Z,91.31999969482422,91.43000030517578,91.20999908447266,91.20999908447266,34
2026-08-17T23:00:00Z,91.12000274658203,91.22000122070312,91.08999633789062,91.12000274658203,20
2026-08-18T00:00:00Z,91.06999969482422,91.19000244140625,90.91000366210938,90.91000366210938,260
2026-08-18T01:00:00Z,90.91999816894531,91.3499984741211,90.7300033569336,91.11000061035156,298
2026-08-18T02:00:00Z,91.19000244140625,91.37999725341797,91.12000274658203,91.23999786376953,132
2026-08-18T03:00:00Z,91.3499984741211,91.5,91.26000213623047,91.43000030517578,193
2026-08-18T04:00:00Z,91.52999877929688,91.58999633789062,91.38999938964844,91.43000030517578,114
2026-08-18T05:00:00Z,91.43000030517578,91.61000061035156,91.20999908447266,91.33999633789062,126
2026-08-18T06:00:00Z,91.41999816894531,91.87000274658203,91.38999938964844,91.38999938964844,581
2026-08-18T07:00:00Z,91.36000061035156,91.41000366210938,90.93000030517578,91.29000091552734,763
2026-08-18T08:00:00Z,91.25,91.58000183105469,90.83999633789062,91.02999877929688,1394
2026-08-18T09:00:00Z,90.97000122070312,91.13999938964844,90.73999786376953,90.87000274658203,548
2026-08-18T10:00:00Z,90.83000183105469,91.13999938964844,90.62000274658203,90.76000213623047,965
2026-08-18T11:00:00Z,90.80000305175781,91.08999633789062,90.63999938964844,91.02999877929688,777
2026-08-18T12:00:00Z,91.08000183105469,91.37999725341797,90.88999938964844,91.19999694824219,1464
2026-08-18T13:00:00Z,91.19000244140625,91.80999755859375,90.7300033569336,91.25,2784
2026-08-18T14:00:00Z,91.26000213623047,91.54000091552734,90.72000122070312,91.47000122070312,2861
2026-08-18T15:00:00Z,91.47000122070312,92.01000213623047,91.0199966430664,91.63999938964844,3909
2026-08-18T16:00:00Z,91.58000183105469,91.66999816894531,91.16000366210938,91.23999786376953,1514
2026-08-18T17:00:00Z,91.27999877929688,91.36000061035156,91.05999755859375,91.06999969482422,1054
2026-08-18T18:00:00Z,91.08999633789062,91.18000030517578,90.87000274658203,91.01000213623047,1018
2026-08-18T19:00:00Z,91.0,91.0999984741211,90.88999938964844,90.94999694824219,519
2026-08-18T20:00:00Z,90.9000015258789,91.41999816894531,90.9000015258789,91.2699966430664,707
2026-08-18T22:00:00Z,91.30999755859375,91.41000366210938,91.29000091552734,91.31999969482422,0
2026-08-18T23:00:00Z,91.3499984741211,91.4000015258789,91.3499984741211,91.37999725341797,18
2026-08-19T00:00:00Z,91.37000274658203,91.83999633789062,91.26000213623047,91.5999984741211,215
2026-08-19T01:00:00Z,91.56999969482422,92.05999755859375,91.56999969482422,91.83999633789062,305
2026-08-19T02:00:00Z,91.91000366210938,92.0,91.52999877929688,91.5999984741211,101
2026-08-19T03:00:00Z,91.80000305175781,91.83000183105469,91.52999877929688,91.58999633789062,40
2026-08-19T04:00:00Z,91.62999725341797,91.77999877929688,91.47000122070312,91.51000213623047,71
2026-08-19T05:00:00Z,91.52999877929688,91.69999694824219,91.44000244140625,91.69000244140625,98
2026-08-19T06:00:00Z,91.70999908447266,91.94000244140625,91.29000091552734,91.4800033569336,381
2026-08-19T07:00:00Z,91.51000213623047,91.9000015258789,91.20999908447266,91.66000366210938,683
2026-08-19T08:00:00Z,91.62999725341797,91.9800033569336,91.16000366210938,91.9000015258789,970
2026-08-19T09:00:00Z,91.93000030517578,92.37000274658203,91.62999725341797,92.0199966430664,1463
2026-08-19T10:00:00Z,91.97000122070312,92.18000030517578,91.83000183105469,91.94000244140625,707
2026-08-19T11:00:00Z,91.8499984741211,91.94000244140625,91.4800033569336,91.5199966430664,681
2026-08-19T12:00:00Z,91.58999633789062,91.62000274658203,90.41999816894531,90.94999694824219,2093
2026-08-19T13:00:00Z,90.98999786376953,91.61000061035156,90.93000030517578,91.43000030517578,4937
2026-08-19T14:00:00Z,91.44000244140625,92.02999877929688,91.30000305175781,91.7699966430664,3088
2026-08-19T15:00:00Z,91.76000213623047,92.45999908447266,91.75,92.23999786376953,3251
2026-08-19T16:00:00Z,92.22000122070312,92.6500015258789,92.16999816894531,92.58999633789062,2126
2026-08-19T17:00:00Z,92.55000305175781,92.80000305175781,91.88999938964844,92.20999908447266,1477
2026-08-19T18:00:00Z,92.27999877929688,92.3499984741211,91.37000274658203,91.56999969482422,2404
2026-08-19T19:00:00Z,91.58000183105469,91.58000183105469,91.1500015258789,91.45999908447266,487
2026-08-19T20:00:00Z,91.5,91.62999725341797,91.36000061035156,91.56999969482422,879
2026-08-19T22:00:00Z,91.51000213623047,91.76000213623047,91.3499984741211,91.5999984741211,0
2026-08-19T23:00:00Z,91.66000366210938,91.80999755859375,91.41999816894531,91.47000122070312,124
2026-08-20T00:00:00Z,91.45999908447266,91.94000244140625,91.45999908447266,91.93000030517578,520
2026-08-20T01:00:00Z,91.94000244140625,92.31999969482422,91.7300033569336,92.16999816894531,771
2026-08-20T02:00:00Z,92.16000366210938,92.22000122070312,91.7300033569336,91.8499984741211,655
2026-08-20T03:00:00Z,91.83999633789062,92.01000213623047,91.69000244140625,91.80000305175781,252
2026-08-20T04:00:00Z,91.79000091552734,92.05000305175781,91.76000213623047,91.83000183105469,157
2026-08-20T05:00:00Z,91.80000305175781,92.0,91.66999816894531,91.88999938964844,179
2026-08-20T06:00:00Z,91.86000061035156,92.23999786376953,91.80000305175781,92.22000122070312,465
2026-08-20T07:00:00Z,92.25,93.19999694824219,92.23999786376953,92.91999816894531,1489
2026-08-20T08:00:00Z,92.9000015258789,93.87000274658203,92.5,93.7300033569336,1764
2026-08-20T09:00:00Z,93.7699966430664,94.06999969482422,93.61000061035156,94.0199966430664,1183
2026-08-20T10:00:00Z,94.02999877929688,94.04000091552734,93.66999816894531,93.86000061035156,772
2026-08-20T11:00:00Z,93.91000366210938,94.41999816894531,93.83000183105469,94.41999816894531,995
2026-08-20T12:00:00Z,94.41000366210938,94.72000122070312,93.66000366210938,93.66000366210938,3070
2026-08-20T13:00:00Z,93.68000030517578,94.2300033569336,93.44000244140625,93.66000366210938,3763
2026-08-20T14:00:00Z,93.7300033569336,94.0,92.9800033569336,93.18000030517578,1946
2026-08-20T15:00:00Z,93.2300033569336,93.94999694824219,92.83000183105469,93.62000274658203,2484
2026-08-20T16:00:00Z,93.58999633789062,93.7699966430664,93.04000091552734,93.08999633789062,991
2026-08-20T17:00:00Z,93.05999755859375,93.5999984741211,92.86000061035156,93.41000366210938,1271
2026-08-20T18:00:00Z,93.4000015258789,93.91999816894531,93.26000213623047,93.73999786376953,1398
2026-08-20T19:00:00Z,93.69999694824219,93.72000122070312,93.47000122070312,93.5,311
2026-08-20T20:00:00Z,93.4800033569336,93.54000091552734,93.1500015258789,93.1500015258789,749
2026-08-20T22:00:00Z,93.33000183105469,93.33999633789062,93.1500015258789,93.23999786376953,0
2026-08-20T23:00:00Z,93.30999755859375,93.31999969482422,93.19999694824219,93.19999694824219,12
2026-08-21T00:00:00Z,93.1500015258789,93.47000122070312,93.06999969482422,93.47000122070312,424
2026-08-21T01:00:00Z,93.44000244140625,93.91999816894531,93.31999969482422,93.72000122070312,352
2026-08-21T02:00:00Z,93.77999877929688,93.80999755859375,93.55999755859375,93.55999755859375,126
2026-08-21T03:00:00Z,93.5,93.61000061035156,93.41999816894531,93.61000061035156,29
2026-08-21T04:00:00Z,93.48999786376953,93.61000061035156,93.31999969482422,93.33000183105469,49
2026-08-21T05:00:00Z,93.2699966430664,93.5199966430664,93.18000030517578,93.19999694824219,74
2026-08-21T06:00:00Z,93.19999694824219,93.56999969482422,93.1500015258789,93.4000015258789,181
2026-08-21T07:00:00Z,93.41999816894531,93.5999984741211,93.16000366210938,93.5,875
2026-08-21T08:00:00Z,93.4800033569336,93.86000061035156,92.93000030517578,92.93000030517578,979
2026-08-21T09:00:00Z,92.93000030517578,93.5199966430664,92.7699966430664,93.47000122070312,504
2026-08-21T10:00:00Z,93.5199966430664,94.30000305175781,93.47000122070312,93.9800033569336,1123
2026-08-21T11:00:00Z,93.87999725341797,94.0999984741211,93.04000091552734,93.94000244140625,1376
2026-08-21T12:00:00Z,93.93000030517578,94.4000015258789,93.76000213623047,93.97000122070312,2080
2026-08-21T13:00:00Z,93.93000030517578,94.33999633789062,93.66000366210938,93.69999694824219,1528
2026-08-21T14:00:00Z,93.70999908447266,94.05999755859375,93.54000091552734,93.88999938964844,1006
2026-08-21T15:00:00Z,93.88999938964844,94.44999694824219,93.55000305175781,94.27999877929688,1060
2026-08-21T16:00:00Z,94.27999877929688,94.43000030517578,93.81999969482422,94.22000122070312,876
2026-08-21T17:00:00Z,94.2699966430664,94.80999755859375,94.2699966430664,94.6500015258789,1476
2026-08-21T18:00:00Z,94.5999984741211,94.62000274658203,94.18000030517578,94.23999786376953,957
2026-08-21T19:00:00Z,94.19000244140625,94.19999694824219,93.95999908447266,93.9800033569336,324
2026-08-21T20:00:00Z,93.88999938964844,94.38999938964844,93.83999633789062,94.38999938964844,417
2026-08-23T22:00:00Z,93.72000122070312,93.75,93.5999984741211,93.5999984741211,183
2026-08-23T23:00:00Z,93.58000183105469,93.58000183105469,93.4000015258789,93.4000015258789,55
2026-08-24T00:00:00Z,93.30000305175781,93.52999877929688,92.91999816894531,93.08999633789062,234
2026-08-24T01:00:00Z,92.9800033569336,92.9800033569336,92.06999969482422,92.66999816894531,572
2026-08-24T02:00:00Z,92.5999984741211,93.08000183105469,92.58000183105469,93.08000183105469,163
2026-08-24T03:00:00Z,93.13999938964844,93.22000122070312,93.04000091552734,93.04000091552734,86
2026-08-24T04:00:00Z,93.05000305175781,93.18000030517578,92.95999908447266,93.05999755859375,156
2026-08-24T05:00:00Z,93.08000183105469,93.2699966430664,92.93000030517578,93.0999984741211,180
2026-08-24T06:00:00Z,93.08000183105469,93.13999938964844,92.6500015258789,92.76000213623047,256
2026-08-24T07:00:00Z,92.68000030517578,93.31999969482422,92.5999984741211,93.31999969482422,722
2026-08-24T08:00:00Z,93.29000091552734,93.52999877929688,92.44000244140625,92.73999786376953,1124
2026-08-24T09:00:00Z,92.79000091552734,93.22000122070312,92.69999694824219,92.91000366210938,557
2026-08-24T10:00:00Z,92.83000183105469,93.02999877929688,92.68000030517578,93.0,572
2026-08-24T11:00:00Z,93.0999984741211,93.30000305175781,92.7699966430664,93.04000091552734,520
2026-08-24T12:00:00Z,93.0,93.79000091552734,92.66000366210938,93.08000183105469,2221
2026-08-24T13:00:00Z,93.1500015258789,93.66999816894531,92.94000244140625,92.9800033569336,1306
2026-08-24T14:00:00Z,92.95999908447266,93.16000366210938,92.29000091552734,92.51000213623047,1240
2026-08-24T15:00:00Z,92.73999786376953,92.75,92.01000213623047,92.4000015258789,1802
2026-08-24T16:00:00Z,92.44999694824219,92.76000213623047,92.33999633789062,92.61000061035156,1193
2026-08-24T17:00:00Z,92.5199966430664,92.5199966430664,91.8499984741211,91.91000366210938,1627
2026-08-24T18:00:00Z,91.9000015258789,92.31999969482422,91.77999877929688,92.25,1394
2026-08-24T19:00:00Z,92.33000183105469,92.33000183105469,92.13999938964844,92.16999816894531,168
2026-08-24T20:00:00Z,92.06999969482422,92.08999633789062,91.87999725341797,91.98999786376953,260
2026-08-24T22:00:00Z,92.18000030517578,92.18000030517578,92.04000091552734,92.12999725341797,0
2026-08-25T00:00:00Z,92.16000366210938,92.29000091552734,91.7699966430664,91.7699966430664,163
2026-08-25T01:00:00Z,91.86000061035156,92.51000213623047,91.81999969482422,92.4800033569336,237
2026-08-25T02:00:00Z,92.5,92.83999633789062,92.5,92.52999877929688,158
2026-08-25T03:00:00Z,92.5,92.5,92.2699966430664,92.47000122070312,62
2026-08-25T04:00:00Z,92.5,92.51000213623047,92.11000061035156,92.13999938964844,146
2026-08-25T05:00:00Z,92.0999984741211,92.12000274658203,91.37999725341797,91.51000213623047,134
2026-08-25T06:00:00Z,91.44000244140625,91.6500015258789,91.12000274658203,91.3499984741211,409
2026-08-25T07:00:00Z,91.4000015258789,91.68000030517578,89.79000091552734,90.12000274658203,2605
2026-08-25T08:00:00Z,90.12000274658203,90.2699966430664,88.47000122070312,88.62999725341797,4198
2026-08-25T09:00:00Z,88.63999938964844,88.69999694824219,87.63999938964844,87.66000366210938,3161
2026-08-25T10:00:00Z,87.73999786376953,88.23999786376953,87.73999786376953,88.06999969482422,1782
2026-08-25T11:00:00Z,88.08999633789062,88.37999725341797,87.52999877929688,87.62999725341797,2469
2026-08-25T12:00:00Z,87.63999938964844,88.20999908447266,87.58000183105469,87.81999969482422,3100
2026-08-25T13:00:00Z,87.80999755859375,88.16000366210938,87.31999969482422,88.05000305175781,3698
2026-08-25T14:00:00Z,88.06999969482422,88.81999969482422,87.7699966430664,87.86000061035156,3853
2026-08-25T15:00:00Z,87.87000274658203,88.04000091552734,86.80999755859375,87.26000213623047,5967
2026-08-25T16:00:00Z,87.31999969482422,87.47000122070312,87.05999755859375,87.08999633789062,2698
2026-08-25T17:00:00Z,87.11000061035156,87.19999694824219,86.97000122070312,87.01000213623047,2752
2026-08-25T18:00:00Z,87.0199966430664,87.36000061035156,86.98999786376953,87.16999816894531,2081
2026-08-25T19:00:00Z,87.16999816894531,87.2699966430664,86.12000274658203,86.12000274658203,1953
2026-08-25T20:00:00Z,86.08000183105469,86.0999984741211,85.01000213623047,85.86000061035156,3427
2026-08-25T22:00:00Z,85.8499984741211,86.19000244140625,85.8499984741211,85.9000015258789,0
2026-08-25T23:00:00Z,85.86000061035156,86.0199966430664,85.86000061035156,85.87000274658203,77
2026-08-26T00:00:00Z,85.91000366210938,86.0,85.41999816894531,85.54000091552734,741
2026-08-26T01:00:00Z,85.54000091552734,85.58000183105469,85.13999938964844,85.4000015258789,564
2026-08-26T02:00:00Z,85.43000030517578,85.45999908447266,85.0999984741211,85.36000061035156,429
2026-08-26T03:00:00Z,85.33999633789062,85.37000274658203,85.04000091552734,85.18000030517578,277
2026-08-26T04:00:00Z,85.18000030517578,85.5999984741211,85.18000030517578,85.5999984741211,337
2026-08-26T05:00:00Z,85.51000213623047,85.97000122070312,85.45999908447266,85.87000274658203,499
2026-08-26T06:00:00Z,85.87000274658203,85.94999694824219,85.44000244140625,85.62000274658203,936
2026-08-26T07:00:00Z,85.61000061035156,85.77999877929688,84.9800033569336,85.02999877929688,1314
2026-08-26T08:00:00Z,85.02999877929688,85.66999816894531,84.70999908447266,84.83999633789062,2407
2026-08-26T09:00:00Z,84.94999694824219,85.2300033569336,84.58999633789062,84.9800033569336,1737
2026-08-26T10:00:00Z,85.08000183105469,85.25,84.75,85.08000183105469,1833
2026-08-26T11:00:00Z,85.12999725341797,85.66000366210938,84.95999908447266,85.51000213623047,1503
2026-08-26T12:00:00Z,85.5,85.79000091552734,85.19999694824219,85.66999816894531,2025
2026-08-26T13:00:00Z,85.72000122070312,86.63999938964844,85.5199966430664,86.55999755859375,3330
2026-08-26T14:00:00Z,86.41999816894531,86.83999633789062,86.31999969482422,86.81999969482422,4052
2026-08-26T15:00:00Z,86.83000183105469,87.86000061035156,86.73999786376953,87.7699966430664,5264
2026-08-26T16:00:00Z,87.73999786376953,88.27999877929688,87.54000091552734,87.58000183105469,3950
2026-08-26T17:00:00Z,87.58999633789062,87.62999725341797,87.26000213623047,87.30999755859375,1839
2026-08-26T18:00:00Z,87.33000183105469,87.33000183105469,86.62000274658203,86.63999938964844,2193
2026-08-26T19:00:00Z,86.62000274658203,86.70999908447266,86.47000122070312,86.58000183105469,580
2026-08-26T20:00:00Z,86.54000091552734,86.58000183105469,86.41999816894531,86.55999755859375,0
2026-08-26T22:00:00Z,86.6500015258789,86.81999969482422,86.54000091552734,86.55999755859375,53
2026-08-26T23:00:00Z,86.55999755859375,86.5999984741211,86.52999877929688,86.52999877929688,35
2026-08-27T00:00:00Z,86.54000091552734,86.58999633789062,86.2699966430664,86.51000213623047,724
2026-08-27T01:00:00Z,86.5,86.83000183105469,86.31999969482422,86.31999969482422,710
2026-08-27T02:00:00Z,86.43000030517578,86.45999908447266,86.11000061035156,86.12000274658203,554
2026-08-27T03:00:00Z,86.11000061035156,86.56999969482422,86.11000061035156,86.51000213623047,587
2026-08-27T04:00:00Z,86.5199966430664,86.5999984741211,86.48999786376953,86.5,100
2026-08-27T05:00:00Z,86.52999877929688,86.52999877929688,86.19000244140625,86.19000244140625,248
2026-08-27T06:00:00Z,86.20999908447266,86.25,85.70999908447266,85.72000122070312,625
2026-08-27T07:00:00Z,85.70999908447266,86.06999969482422,85.33000183105469,86.06999969482422,1266
2026-08-27T08:00:00Z,86.05999755859375,86.54000091552734,85.95999908447266,86.5199966430664,2388
2026-08-27T09:00:00Z,86.55000305175781,87.13999938964844,86.52999877929688,87.0999984741211,1510
2026-08-27T10:00:00Z,87.12999725341797,87.45999908447266,86.9800033569336,87.25,1490
2026-08-27T11:00:00Z,87.19999694824219,87.5199966430664,87.11000061035156,87.3499984741211,2001
2026-08-27T12:00:00Z,87.33999633789062,87.66999816894531,87.01000213623047,87.4000015258789,2245
2026-08-27T13:00:00Z,87.43000030517578,87.9000015258789,87.41000366210938,87.83000183105469,4730
2026-08-27T14:00:00Z,87.83999633789062,88.0999984741211,86.80999755859375,86.83000183105469,4588
2026-08-27T15:00:00Z,86.86000061035156,87.62999725341797,86.83999633789062,87.5,3690
2026-08-27T16:00:00Z,87.52999877929688,87.79000091552734,87.27999877929688,87.58999633789062,2291
2026-08-27T17:00:00Z,87.58000183105469,88.86000061035156,87.5,88.83999633789062,2808
2026-08-27T18:00:00Z,88.83000183105469,89.1500015258789,88.41999816894531,88.7300033569336,3910
2026-08-27T19:00:00Z,88.7699966430664,88.97000122070312,88.5999984741211,88.5999984741211,1109
2026-08-27T20:00:00Z,88.62999725341797,88.63999938964844,88.41999816894531,88.55999755859375,633
2026-08-27T22:00:00Z,88.5999984741211,88.70999908447266,88.55999755859375,88.62000274658203,0
2026-08-27T23:00:00Z,88.62999725341797,88.62999725341797,88.51000213623047,88.51000213623047,21
2026-08-28T00:00:00Z,88.51000213623047,88.54000091552734,88.30999755859375,88.36000061035156,338
2026-08-28T01:00:00Z,88.30999755859375,88.55999755859375,88.0999984741211,88.16999816894531,312
2026-08-28T02:00:00Z,88.2300033569336,88.56999969482422,88.22000122070312,88.23999786376953,186
2026-08-28T03:00:00Z,88.20999908447266,88.31999969482422,88.19000244140625,88.19000244140625,105
2026-08-28T04:00:00Z,88.23999786376953,88.3499984741211,88.19000244140625,88.3499984741211,69
2026-08-28T05:00:00Z,88.41999816894531,88.44999694824219,87.95999908447266,88.19999694824219,283
2026-08-28T06:00:00Z,88.36000061035156,88.36000061035156,87.9000015258789,88.01000213623047,939
2026-08-28T07:00:00Z,88.0,88.38999938964844,87.75,88.05999755859375,1170
2026-08-28T08:00:00Z,88.08000183105469,88.4000015258789,87.61000061035156,88.4000015258789,1874
2026-08-28T09:00:00Z,88.37999725341797,88.5999984741211,87.93000030517578,88.11000061035156,1488
2026-08-28T10:00:00Z,88.1500015258789,88.72000122070312,87.94000244140625,88.33999633789062,897
2026-08-28T11:00:00Z,88.3499984741211,88.37999725341797,87.97000122070312,87.97000122070312,978
2026-08-28T12:00:00Z,88.0,88.0999984741211,87.41000366210938,87.44999694824219,1617
2026-08-28T13:00:00Z,87.5,87.72000122070312,87.2699966430664,87.44999694824219,1993
2026-08-28T14:00:00Z,87.45999908447266,88.19999694824219,87.27999877929688,88.01000213623047,2200
2026-08-28T15:00:00Z,88.0,88.37000274658203,87.94999694824219,88.01000213623047,2499
2026-08-28T16:00:00Z,87.98999786376953,88.36000061035156,87.87999725341797,88.30000305175781,2005
2026-08-28T17:00:00Z,88.27999877929688,88.41999816894531,88.02999877929688,88.13999938964844,1629
2026-08-28T18:00:00Z,88.13999938964844,88.20999908447266,87.83999633789062,87.9000015258789,3855
2026-08-28T19:00:00Z,87.93000030517578,88.30999755859375,87.9000015258789,88.18000030517578,1029
2026-08-28T20:00:00Z,88.12999725341797,88.30000305175781,88.0999984741211,88.0999984741211,434
2026-08-30T22:00:00Z,90.11000061035156,90.12000274658203,89.62999725341797,89.75,882
2026-08-30T23:00:00Z,89.77999877929688,89.77999877929688,89.33000183105469,89.62999725341797,446
2026-08-31T00:00:00Z,89.58999633789062,89.62000274658203,89.02999877929688,89.19999694824219,519
2026-08-31T01:00:00Z,89.23999786376953,90.5,89.2300033569336,90.19000244140625,917
2026-08-31T02:00:00Z,90.29000091552734,90.69000244140625,90.0999984741211,90.12000274658203,512
2026-08-31T03:00:00Z,90.08999633789062,90.26000213623047,89.98999786376953,90.13999938964844,144
2026-08-31T04:00:00Z,90.19000244140625,90.47000122070312,90.13999938964844,90.31999969482422,221
2026-08-31T05:00:00Z,90.30999755859375,90.9800033569336,90.26000213623047,90.61000061035156,429
2026-08-31T06:00:00Z,90.62999725341797,90.80999755859375,90.41999816894531,90.41999816894531,348
2026-08-31T07:00:00Z,90.4000015258789,90.47000122070312,87.58000183105469,87.98999786376953,2200
2026-08-31T08:00:00Z,88.0,88.98999786376953,87.87999725341797,88.91999816894531,2645
2026-08-31T09:00:00Z,88.91000366210938,89.0199966430664,88.63999938964844,88.86000061035156,956
2026-08-31T10:00:00Z,88.87999725341797,89.08999633789062,88.55000305175781,88.66000366210938,1153
2026-08-31T11:00:00Z,88.66999816894531,88.94000244140625,88.58999633789062,88.69000244140625,945
2026-08-31T12:00:00Z,88.63999938964844,88.97000122070312,88.33999633789062,88.47000122070312,2325
2026-08-31T13:00:00Z,88.44000244140625,88.94999694824219,88.0199966430664,88.66999816894531,2033
2026-08-31T14:00:00Z,88.66999816894531,88.68000030517578,88.06999969482422,88.13999938964844,1487
2026-08-31T15:00:00Z,88.11000061035156,88.51000213623047,88.02999877929688,88.3499984741211,1278
2026-08-31T16:00:00Z,88.33999633789062,88.37999725341797,88.0,88.19999694824219,1497
2026-08-31T17:00:00Z,88.19999694824219,88.44999694824219,88.12999725341797,88.13999938964844,1039
2026-08-31T18:00:00Z,88.1500015258789,88.52999877929688,88.08999633789062,88.08999633789062,1227
2026-08-31T19:00:00Z,88.08000183105469,88.33999633789062,88.05999755859375,88.31999969482422,799
2026-08-31T20:00:00Z,88.31999969482422,88.52999877929688,88.30000305175781,88.52999877929688,0
2026-08-31T22:00:00Z,88.55000305175781,88.63999938964844,88.5199966430664,88.63999938964844,23
2026-08-31T23:00:00Z,88.62999725341797,88.62999725341797,88.58000183105469,88.58000183105469,101
2026-09-01T00:00:00Z,88.77999877929688,88.87000274658203,88.75,88.83000183105469,258
2026-09-01T01:00:00Z,88.87000274658203,89.0199966430664,88.68000030517578,88.68000030517578,304
2026-09-01T02:00:00Z,88.7699966430664,89.05999755859375,88.7300033569336,88.91000366210938,156
2026-09-01T03:00:00Z,88.88999938964844,89.0199966430664,88.8499984741211,88.97000122070312,97
2026-09-01T04:00:00Z,88.88999938964844,89.20999908447266,88.88999938964844,89.16000366210938,258
2026-09-01T05:00:00Z,89.16999816894531,89.16999816894531,88.45999908447266,88.56999969482422,247
2026-09-01T06:00:00Z,88.73999786376953,88.94999694824219,88.66999816894531,88.83999633789062,389
2026-09-01T07:00:00Z,88.9000015258789,91.97000122070312,88.7699966430664,91.75,1666
2026-09-01T08:00:00Z,91.69000244140625,92.54000091552734,91.6500015258789,92.45999908447266,3068
2026-09-01T09:00:00Z,92.44000244140625,92.44000244140625,92.0999984741211,92.31999969482422,1985
2026-09-01T10:00:00Z,92.26000213623047,92.37000274658203,91.83999633789062,92.08000183105469,1203
2026-09-01T11:00:00Z,92.12000274658203,92.22000122070312,91.76000213623047,92.08000183105469,1055
2026-09-01T12:00:00Z,92.08000183105469,92.70999908447266,91.77999877929688,92.37999725341797,2300
2026-09-01T13:00:00Z,92.41999816894531,92.83999633789062,92.41000366210938,92.58999633789062,4219
2026-09-01T14:00:00Z,92.55000305175781,92.61000061035156,91.9000015258789,92.44999694824219,3322
2026-09-01T15:00:00Z,92.47000122070312,92.70999908447266,92.20999908447266,92.55999755859375,2898
2026-09-01T16:00:00Z,92.58999633789062,94.33000183105469,92.54000091552734,93.95999908447266,4920
2026-09-01T17:00:00Z,93.95999908447266,94.58999633789062,93.80999755859375,94.44000244140625,3033
2026-09-01T18:00:00Z,94.43000030517578,95.11000061035156,94.20999908447266,95.02999877929688,4027
2026-09-01T19:00:00Z,95.06999969482422,95.16999816894531,94.87999725341797,95.1500015258789,943
2026-09-01T20:00:00Z,95.1500015258789,95.44999694824219,95.01000213623047,95.22000122070312,0
2026-09-01T22:00:00Z,95.2300033569336,95.4800033569336,95.19999694824219,95.30000305175781,122
2026-09-01T23:00:00Z,95.31999969482422,95.31999969482422,95.16000366210938,95.2300033569336,93
2026-09-02T00:00:00Z,95.25,96.73999786376953,95.1500015258789,96.73999786376953,1382
2026-09-02T01:00:00Z,96.76000213623047,97.01000213623047,95.94999694824219,95.94999694824219,1844
2026-09-02T02:00:00Z,95.98999786376953,96.2300033569336,95.44000244140625,95.52999877929688,644
2026-09-02T03:00:00Z,95.4800033569336,95.61000061035156,95.2699966430664,95.44999694824219,408
2026-09-02T04:00:00Z,95.44999694824219,95.51000213623047,95.22000122070312,95.29000091552734,153
2026-09-02T05:00:00Z,95.30000305175781,95.61000061035156,95.26000213623047,95.5999984741211,360
2026-09-02T06:00:00Z,95.56999969482422,95.80000305175781,95.26000213623047,95.45999908447266,1002
2026-09-02T07:00:00Z,95.44999694824219,95.52999877929688,94.55000305175781,94.94000244140625,2528
2026-09-02T08:00:00Z,94.9000015258789,95.08000183105469,94.61000061035156,94.72000122070312,2230
2026-09-02T09:00:00Z,94.76000213623047,95.26000213623047,94.58999633789062,95.13999938964844,1400
2026-09-02T10:00:00Z,95.12999725341797,95.19999694824219,94.7699966430664,95.02999877929688,1002
2026-09-02T11:00:00Z,95.04000091552734,95.12000274658203,93.6500015258789,93.66999816894531,2636
2026-09-02T12:00:00Z,93.69999694824219,94.62999725341797,93.5199966430664,94.54000091552734,2053
2026-09-02T13:00:00Z,94.55000305175781,94.55000305175781,93.80999755859375,93.81999969482422,2893
2026-09-02T14:00:00Z,93.81999969482422,95.33999633789062,93.70999908447266,95.33999633789062,2934
2026-09-02T15:00:00Z,95.3499984741211,95.81999969482422,95.13999938964844,95.4000015258789,5612
2026-09-02T16:00:00Z,95.44999694824219,95.86000061035156,95.4000015258789,95.68000030517578,2850
2026-09-02T17:00:00Z,95.66000366210938,95.91999816894531,95.36000061035156,95.36000061035156,2887
2026-09-02T18:00:00Z,95.37000274658203,95.95999908447266,95.08999633789062,95.45999908447266,4320
2026-09-02T19:00:00Z,95.4800033569336,95.5999984741211,95.36000061035156,95.36000061035156,554
2026-09-02T20:00:00Z,95.38999938964844,95.38999938964844,94.94000244140625,95.2300033569336,0
2026-09-02T22:00:00Z,95.33000183105469,95.36000061035156,95.31999969482422,95.31999969482422,13
2026-09-02T23:00:00Z,95.27999877929688,95.30000305175781,95.12999725341797,95.12999725341797,32
2026-09-03T00:00:00Z,95.1500015258789,95.30999755859375,95.12000274658203,95.22000122070312,335
2026-09-03T01:00:00Z,95.20999908447266,95.9000015258789,94.98999786376953,95.83999633789062,526
2026-09-03T02:00:00Z,95.8499984741211,95.88999938964844,95.33999633789062,95.5199966430664,335
2026-09-03T03:00:00Z,95.4800033569336,95.62000274658203,95.3499984741211,95.47000122070312,200
2026-09-03T04:00:00Z,95.43000030517578,95.45999908447266,94.98999786376953,94.98999786376953,245
2026-09-03T05:00:00Z,95.01000213623047,95.05000305175781,94.20999908447266,94.31999969482422,585
2026-09-03T06:00:00Z,94.2699966430664,94.6500015258789,94.04000091552734,94.52999877929688,1000
2026-09-03T07:00:00Z,94.55999755859375,95.2699966430664,94.48999786376953,95.18000030517578,1255
2026-09-03T08:00:00Z,95.16999816894531,95.93000030517578,94.11000061035156,95.93000030517578,5082
2026-09-03T09:00:00Z,95.94000244140625,97.05999755859375,95.63999938964844,96.88999938964844,3849
2026-09-03T10:00:00Z,96.87000274658203,97.61000061035156,96.7300033569336,97.33000183105469,3518
2026-09-03T11:00:00Z,97.30999755859375,97.31999969482422,96.47000122070312,97.2699966430664,4018
2026-09-03T12:00:00Z,97.26000213623047,97.26000213623047,95.91000366210938,96.08000183105469,4687
2026-09-03T13:00:00Z,96.11000061035156,96.55999755859375,95.91999816894531,96.11000061035156,3882
2026-09-03T14:00:00Z,96.16999816894531,96.94000244140625,96.12000274658203,96.55000305175781,3848
2026-09-03T15:00:00Z,96.5,97.04000091552734,95.47000122070312,95.54000091552734,5879
2026-09-03T16:00:00Z,95.55000305175781,95.87999725341797,95.38999938964844,95.75,2847
2026-09-03T17:00:00Z,95.75,96.18000030517578,95.41000366210938,95.41999816894531,2105
2026-09-03T18:00:00Z,95.52999877929688,95.68000030517578,95.06999969482422,95.6500015258789,2542
2026-09-03T19:00:00Z,95.66999816894531,95.7699966430664,95.43000030517578,95.69999694824219,481
2026-09-03T20:00:00Z,95.75,95.9000015258789,95.72000122070312,95.81999969482422,0
2026-09-03T22:00:00Z,95.87999725341797,95.91000366210938,95.76000213623047,95.83999633789062,43
2026-09-03T23:00:00Z,95.87000274658203,95.93000030517578,95.80999755859375,95.91999816894531,25
2026-09-04T00:00:00Z,95.93000030517578,95.9800033569336,95.51000213623047,95.68000030517578,336
2026-09-04T01:00:00Z,95.63999938964844,96.22000122070312,95.61000061035156,96.08000183105469,397
2026-09-04T02:00:00Z,96.05000305175781,96.12999725341797,95.70999908447266,95.81999969482422,385
2026-09-04T03:00:00Z,95.81999969482422,96.0,95.66999816894531,96.0,133
2026-09-04T04:00:00Z,96.0199966430664,96.06999969482422,95.58999633789062,95.58999633789062,226
2026-09-04T05:00:00Z,95.61000061035156,95.70999908447266,95.36000061035156,95.43000030517578,297
2026-09-04T06:00:00Z,95.47000122070312,95.75,95.4000015258789,95.56999969482422,407
2026-09-04T07:00:00Z,95.61000061035156,95.97000122070312,94.94000244140625,95.04000091552734,1443
2026-09-04T08:00:00Z,95.04000091552734,95.3499984741211,94.81999969482422,95.11000061035156,3061
2026-09-04T09:00:00Z,95.0999984741211,95.56999969482422,95.05000305175781,95.54000091552734,1001
2026-09-04T10:00:00Z,95.52999877929688,95.54000091552734,94.79000091552734,94.8499984741211,1345
2026-09-04T11:00:00Z,94.91000366210938,95.2300033569336,94.9000015258789,95.12000274658203,841
2026-09-04T12:00:00Z,95.11000061035156,95.12999725341797,94.27999877929688,94.30000305175781,3334
2026-09-04T13:00:00Z,94.33000183105469,94.69000244140625,93.16999816894531,93.45999908447266,4311
2026-09-04T14:00:00Z,93.4800033569336,95.5,93.4800033569336,95.47000122070312,4539
2026-09-04T15:00:00Z,95.48999786376953,95.69000244140625,94.87000274658203,95.63999938964844,3343
2026-09-04T16:00:00Z,95.58000183105469,95.97000122070312,95.29000091552734,95.95999908447266,2332
2026-09-04T17:00:00Z,95.95999908447266,96.08999633789062,95.47000122070312,95.6500015258789,1691
2026-09-04T18:00:00Z,95.62999725341797,96.55999755859375,95.55000305175781,96.25,3692
2026-09-04T19:00:00Z,96.23999786376953,96.30000305175781,95.9800033569336,96.08999633789062,787
2026-09-04T20:00:00Z,96.05000305175781,96.27999877929688,95.77999877929688,96.27999877929688,683
2026-09-08T04:00:00Z,97.4800033569336,97.79000091552734,97.4800033569336,97.68000030517578,330
2026-09-08T05:00:00Z,97.62000274658203,98.4000015258789,97.62000274658203,98.25,732
2026-09-08T06:00:00Z,98.2699966430664,98.80000305175781,98.19000244140625,98.66999816894531,1378
2026-09-08T07:00:00Z,98.69000244140625,99.1500015258789,98.41000366210938,99.05000305175781,1762
2026-09-08T08:00:00Z,99.01000213623047,99.44999694824219,98.91000366210938,99.06999969482422,3863
2026-09-08T09:00:00Z,99.0999984741211,99.29000091552734,98.26000213623047,98.30000305175781,1763
2026-09-08T10:00:00Z,98.3499984741211,98.7300033569336,98.05000305175781,98.6500015258789,1775
2026-09-08T11:00:00Z,98.6500015258789,98.80999755859375,98.30000305175781,98.62000274658203,1589
2026-09-08T12:00:00Z,98.61000061035156,98.80999755859375,97.7699966430664,97.80000305175781,3378
2026-09-08T13:00:00Z,97.79000091552734,98.37000274658203,97.37000274658203,98.20999908447266,4773
2026-09-08T14:00:00Z,98.16000366210938,98.38999938964844,97.62999725341797,97.80999755859375,3660
2026-09-08T15:00:00Z,97.83000183105469,98.20999908447266,97.36000061035156,97.52999877929688,4153
2026-09-08T16:00:00Z,97.52999877929688,97.70999908447266,97.08000183105469,97.38999938964844,5602
2026-09-08T17:00:00Z,97.4000015258789,97.4000015258789,96.80999755859375,97.05999755859375,5002
2026-09-08T18:00:00Z,97.05999755859375,98.88999938964844,97.05999755859375,98.56999969482422,5424
2026-09-08T19:00:00Z,98.58000183105469,99.0199966430664,98.22000122070312,98.81999969482422,1961
2026-09-08T20:00:00Z,98.83000183105469,99.4000015258789,98.80000305175781,99.30999755859375,1304
2026-09-08T22:00:00Z,99.52999877929688,99.55000305175781,99.2699966430664,99.29000091552734,0
2026-09-08T23:00:00Z,99.30999755859375,99.62000274658203,99.29000091552734,99.55000305175781,396
2026-09-09T00:00:00Z,99.55000305175781,99.6500015258789,99.19000244140625,99.31999969482422,2173
2026-09-09T01:00:00Z,99.36000061035156,99.55000305175781,99.22000122070312,99.31999969482422,598
2026-09-09T02:00:00Z,99.37000274658203,99.4800033569336,99.25,99.36000061035156,706
2026-09-09T03:00:00Z,99.41000366210938,99.66999816894531,99.2699966430664,99.30000305175781,419
2026-09-09T04:00:00Z,99.30999755859375,99.31999969482422,99.05000305175781,99.05999755859375,225
2026-09-09T05:00:00Z,99.05000305175781,99.08999633789062,98.83000183105469,98.87000274658203,353
2026-09-09T06:00:00Z,98.87999725341797,99.66000366210938,98.87999725341797,99.44000244140625,808
2026-09-09T07:00:00Z,99.45999908447266,100.18000030517578,99.43000030517578,99.94000244140625,2151
2026-09-09T08:00:00Z,99.87999725341797,100.22000122070312,99.62000274658203,100.13999938964844,2978
2026-09-09T09:00:00Z,100.16000366210938,100.95999908447266,100.16000366210938,100.79000091552734,3550
2026-09-09T10:00:00Z,100.80000305175781,100.8499984741211,100.2300033569336,100.33999633789062,1742
2026-09-09T11:00:00Z,100.33999633789062,100.95999908447266,100.25,100.80000305175781,2639
2026-09-09T12:00:00Z,100.77999877929688,100.95999908447266,100.58000183105469,100.76000213623047,2256
2026-09-09T13:00:00Z,100.76000213623047,101.08999633789062,100.43000030517578,100.6500015258789,4133
2026-09-09T14:00:00Z,100.6500015258789,101.54000091552734,100.54000091552734,101.12999725341797,6484
2026-09-09T15:00:00Z,101.11000061035156,101.5,101.02999877929688,101.33999633789062,4901
2026-09-09T16:00:00Z,101.33000183105469,101.5999984741211,100.51000213623047,100.51000213623047,3667
2026-09-09T17:00:00Z,100.5,101.08000183105469,100.19000244140625,101.06999969482422,3019
2026-09-09T18:00:00Z,101.06999969482422,101.58000183105469,100.87999725341797,101.55999755859375,5353
2026-09-09T19:00:00Z,101.55999755859375,101.55999755859375,101.16000366210938,101.54000091552734,1048
2026-09-09T20:00:00Z,101.52999877929688,101.70999908447266,101.48999786376953,101.62999725341797,577
2026-09-09T22:00:00Z,101.80000305175781,102.56999969482422,101.79000091552734,101.95999908447266,0
2026-09-09T23:00:00Z,101.94000244140625,102.12000274658203,101.91000366210938,101.91000366210938,65
2026-09-10T00:00:00Z,101.87000274658203,101.91999816894531,101.13999938964844,101.16999816894531,781
2026-09-10T01:00:00Z,101.18000030517578,101.72000122070312,101.05000305175781,101.18000030517578,533
2026-09-10T02:00:00Z,101.22000122070312,101.31999969482422,100.94999694824219,101.1500015258789,418
2026-09-10T03:00:00Z,100.9800033569336,101.06999969482422,100.80000305175781,101.0,342
2026-09-10T04:00:00Z,100.98999786376953,101.11000061035156,100.98999786376953,101.04000091552734,129
2026-09-10T05:00:00Z,101.02999877929688,101.0999984741211,100.33999633789062,100.48999786376953,622
2026-09-10T06:00:00Z,100.41999816894531,100.81999969482422,100.19000244140625,100.69000244140625,861
2026-09-10T07:00:00Z,100.69999694824219,101.54000091552734,100.62000274658203,101.30000305175781,1646
2026-09-10T08:00:00Z,101.30000305175781,102.43000030517578,101.2699966430664,102.37000274658203,3519
2026-09-10T09:00:00Z,102.36000061035156,102.69999694824219,101.94999694824219,102.41000366210938,2585
2026-09-10T10:00:00Z,102.37999725341797,102.37999725341797,101.19000244140625,101.93000030517578,2757
2026-09-10T11:00:00Z,101.94999694824219,103.45999908447266,101.9000015258789,103.45999908447266,3085
2026-09-10T12:00:00Z,103.44999694824219,105.8499984741211,103.25,105.16000366210938,8779
2026-09-10T13:00:00Z,105.1500015258789,105.5,104.4000015258789,104.61000061035156,6216
2026-09-10T14:00:00Z,104.5999984741211,105.55000305175781,103.80000305175781,105.31999969482422,7303
2026-09-10T15:00:00Z,105.29000091552734,107.05999755859375,105.2699966430664,107.05999755859375,8134
2026-09-10T16:00:00Z,107.04000091552734,107.95999908447266,106.5199966430664,106.75,7168
2026-09-10T17:00:00Z,106.80000305175781,107.5199966430664,106.68000030517578,107.36000061035156,4169
2026-09-10T18:00:00Z,107.3499984741211,108.31999969482422,106.70999908447266,107.16000366210938,8221
2026-09-10T19:00:00Z,107.25,108.18000030517578,107.11000061035156,108.02999877929688,1486
2026-09-10T20:00:00Z,108.05000305175781,109.05000305175781,108.0199966430664,108.94999694824219,990
2026-09-10T22:00:00Z,109.16000366210938,109.55999755859375,108.94999694824219,108.98999786376953,0
2026-09-10T23:00:00Z,108.9800033569336,110.19000244140625,108.6500015258789,109.91000366210938,1151
2026-09-11T00:00:00Z,109.75,109.77999877929688,107.86000061035156,108.33000183105469,1682
2026-09-11T01:00:00Z,108.37000274658203,108.37000274658203,107.23999786376953,107.81999969482422,1104
2026-09-11T02:00:00Z,107.75,108.08000183105469,107.63999938964844,108.02999877929688,410
2026-09-11T03:00:00Z,108.08000183105469,108.76000213623047,107.9000015258789,108.51000213623047,856
2026-09-11T04:00:00Z,108.62000274658203,108.80999755859375,107.36000061035156,107.51000213623047,1272
2026-09-11T05:00:00Z,107.5199966430664,107.5199966430664,105.2699966430664,106.22000122070312,2846
2026-09-11T06:00:00Z,106.22000122070312,106.33000183105469,105.52999877929688,105.91000366210938,1817
2026-09-11T07:00:00Z,105.91999816894531,106.19999694824219,105.05000305175781,105.87999725341797,2960
2026-09-11T08:00:00Z,105.87000274658203,106.36000061035156,104.2300033569336,104.23999786376953,4423
2026-09-11T09:00:00Z,104.23999786376953,105.02999877929688,103.91000366210938,104.29000091552734,2529
2026-09-11T10:00:00Z,104.33999633789062,104.88999938964844,103.4800033569336,103.5999984741211,3037
2026-09-11T11:00:00Z,103.61000061035156,104.4800033569336,103.5,104.12999725341797,2114
2026-09-11T12:00:00Z,104.08999633789062,104.9000015258789,103.95999908447266,104.61000061035156,2710
2026-09-11T13:00:00Z,104.58999633789062,104.62999725341797,103.75,104.38999938964844,4553
2026-09-11T14:00:00Z,104.45999908447266,105.2699966430664,104.08000183105469,104.95999908447266,3761
2026-09-11T15:00:00Z,105.05000305175781,105.1500015258789,104.2699966430664,105.12999725341797,3034
2026-09-11T16:00:00Z,105.13999938964844,105.58999633789062,104.80000305175781,105.12999725341797,5070
2026-09-11T17:00:00Z,105.05999755859375,105.08000183105469,104.08000183105469,104.44000244140625,6002
2026-09-11T18:00:00Z,104.44000244140625,105.08000183105469,104.23999786376953,104.94000244140625,5550
2026-09-11T19:00:00Z,104.93000030517578,105.0,104.70999908447266,104.93000030517578,1284
2026-09-11T20:00:00Z,104.91000366210938,104.98999786376953,104.41999816894531,104.61000061035156,572
2026-09-13T22:00:00Z,107.94999694824219,108.37000274658203,107.45999908447266,107.5999984741211,1341
2026-09-13T23:00:00Z,107.61000061035156,107.77999877929688,107.33000183105469,107.56999969482422,685
2026-09-14T00:00:00Z,107.58000183105469,107.87999725341797,107.27999877929688,107.69999694824219,686
2026-09-14T01:00:00Z,107.70999908447266,108.45999908447266,106.88999938964844,106.97000122070312,1279
2026-09-14T02:00:00Z,106.9800033569336,107.55000305175781,106.87999725341797,107.55000305175781,674
2026-09-14T03:00:00Z,107.5,108.08999633789062,107.48999786376953,107.87999725341797,965
2026-09-14T04:00:00Z,107.79000091552734,107.80999755859375,107.1500015258789,107.2699966430664,735
2026-09-14T05:00:00Z,107.36000061035156,107.4000015258789,106.5199966430664,106.81999969482422,781
2026-09-14T06:00:00Z,106.79000091552734,107.47000122070312,106.58999633789062,107.45999908447266,1713
2026-09-14T07:00:00Z,107.48999786376953,108.19999694824219,107.1500015258789,107.76000213623047,2168
2026-09-14T08:00:00Z,107.72000122070312,108.63999938964844,107.27999877929688,108.1500015258789,3161
2026-09-14T09:00:00Z,108.13999938964844,108.30000305175781,107.13999938964844,107.36000061035156,2472
2026-09-14T10:00:00Z,107.33999633789062,107.75,107.1500015258789,107.41000366210938,1413
2026-09-14T11:00:00Z,107.37999725341797,108.55000305175781,107.33999633789062,108.38999938964844,1998
2026-09-14T12:00:00Z,108.38999938964844,109.77999877929688,107.66999816894531,108.93000030517578,5919
2026-09-14T13:00:00Z,108.91999816894531,109.44000244140625,108.5199966430664,109.37000274658203,4568
2026-09-14T14:00:00Z,109.33999633789062,109.38999938964844,108.44999694824219,108.48999786376953,4144
2026-09-14T15:00:00Z,108.48999786376953,108.58999633789062,106.80000305175781,107.56999969482422,10624
2026-09-14T16:00:00Z,107.58000183105469,107.68000030517578,105.19999694824219,105.83000183105469,7101
2026-09-14T17:00:00Z,105.80999755859375,106.33000183105469,105.5999984741211,106.01000213623047,5187
2026-09-14T18:00:00Z,106.01000213623047,106.0199966430664,104.81999969482422,105.31999969482422,6370
2026-09-14T19:00:00Z,105.27999877929688,106.3499984741211,105.05999755859375,106.2699966430664,1755
2026-09-14T20:00:00Z,106.27999877929688,106.41000366210938,106.05000305175781,106.1500015258789,1089
2026-09-14T22:00:00Z,106.30999755859375,106.41000366210938,106.23999786376953,106.33999633789062,0
2026-09-14T23:00:00Z,106.33000183105469,106.56999969482422,106.31999969482422,106.4000015258789,37
2026-09-15T00:00:00Z,106.4800033569336,107.08000183105469,106.33000183105469,106.95999908447266,567
2026-09-15T01:00:00Z,106.97000122070312,107.13999938964844,106.26000213623047,107.11000061035156,539
2026-09-15T02:00:00Z,107.08000183105469,107.3499984741211,106.87999725341797,107.08000183105469,237
2026-09-15T03:00:00Z,107.02999877929688,107.1500015258789,106.93000030517578,107.05999755859375,228
2026-09-15T04:00:00Z,107.05999755859375,107.45999908447266,107.01000213623047,107.31999969482422,249
2026-09-15T05:00:00Z,107.31999969482422,107.62000274658203,106.87999725341797,107.20999908447266,446
2026-09-15T06:00:00Z,107.18000030517578,107.80000305175781,107.1500015258789,107.69000244140625,958
2026-09-15T07:00:00Z,107.6500015258789,107.83000183105469,102.30000305175781,102.66000366210938,1578
2026-09-15T08:00:00Z,102.6500015258789,103.05999755859375,102.44000244140625,102.80999755859375,2262
2026-09-15T09:00:00Z,102.83999633789062,103.13999938964844,102.41000366210938,102.41000366210938,2286
2026-09-15T10:00:00Z,102.36000061035156,102.48999786376953,101.36000061035156,101.41000366210938,2781
2026-09-15T11:00:00Z,101.43000030517578,101.52999877929688,100.9800033569336,101.08999633789062,2486
2026-09-15T12:00:00Z,101.12000274658203,101.7699966430664,100.5,100.98999786376953,3129
2026-09-15T13:00:00Z,100.98999786376953,102.54000091552734,100.7699966430664,102.25,6549
2026-09-15T14:00:00Z,102.2699966430664,103.5,102.25,103.30000305175781,5504
2026-09-15T15:00:00Z,103.29000091552734,108.33999633789062,102.9000015258789,108.08999633789062,5514
2026-09-15T16:00:00Z,108.11000061035156,108.91000366210938,108.02999877929688,108.83999633789062,2865
2026-09-15T17:00:00Z,108.83999633789062,109.44999694824219,108.62999725341797,109.37000274658203,4830
2026-09-15T18:00:00Z,109.29000091552734,109.36000061035156,108.44999694824219,108.44999694824219,3932
2026-09-15T19:00:00Z,108.45999908447266,108.68000030517578,108.23999786376953,108.68000030517578,719
2026-09-15T20:00:00Z,108.69000244140625,108.86000061035156,108.26000213623047,108.5,400
2026-09-15T22:00:00Z,108.55000305175781,108.55000305175781,108.30000305175781,108.30000305175781,0
2026-09-15T23:00:00Z,108.38999938964844,108.45999908447266,108.37999725341797,108.44000244140625,35
2026-09-16T00:00:00Z,108.4000015258789,108.45999908447266,107.6500015258789,108.30999755859375,662
2026-09-16T01:00:00Z,108.26000213623047,108.58999633789062,107.9800033569336,108.44000244140625,656
2026-09-16T02:00:00Z,108.37000274658203,108.41000366210938,107.80000305175781,107.88999938964844,442
2026-09-16T03:00:00Z,107.88999938964844,108.2300033569336,107.51000213623047,108.1500015258789,603
2026-09-16T04:00:00Z,107.93000030517578,108.06999969482422,107.7699966430664,107.98999786376953,240
2026-09-16T05:00:00Z,108.05999755859375,108.37000274658203,107.87999725341797,108.2300033569336,399
2026-09-16T06:00:00Z,108.20999908447266,108.33000183105469,107.43000030517578,107.43000030517578,951
2026-09-16T07:00:00Z,107.41000366210938,107.80000305175781,107.18000030517578,107.7300033569336,1503
2026-09-16T08:00:00Z,107.7300033569336,108.31999969482422,107.69000244140625,107.97000122070312,2460
2026-09-16T09:00:00Z,107.98999786376953,108.4800033569336,107.36000061035156,107.81999969482422,2673
2026-09-16T10:00:00Z,107.87999725341797,107.94999694824219,107.18000030517578,107.18000030517578,3436
2026-09-16T11:00:00Z,107.0999984741211,107.36000061035156,106.63999938964844,106.97000122070312,2425
2026-09-16T12:00:00Z,107.0,107.68000030517578,106.80000305175781,107.51000213623047,3625
2026-09-16T13:00:00Z,107.54000091552734,107.7300033569336,106.7699966430664,107.0,3086
2026-09-16T14:00:00Z,106.97000122070312,107.51000213623047,105.41999816894531,105.45999908447266,5644
2026-09-16T15:00:00Z,105.41000366210938,106.0199966430664,104.05999755859375,105.13999938964844,11957
2026-09-16T16:00:00Z,105.18000030517578,105.9800033569336,105.08999633789062,105.81999969482422,2901
2026-09-16T17:00:00Z,105.83999633789062,106.01000213623047,105.45999908447266,105.5199966430664,2591
2026-09-16T18:00:00Z,105.48999786376953,106.04000091552734,105.33000183105469,105.88999938964844,2874
2026-09-16T19:00:00Z,105.86000061035156,106.0999984741211,105.04000091552734,105.5199966430664,1094
2026-09-16T20:00:00Z,105.54000091552734,105.80000305175781,105.41999816894531,105.5999984741211,0
2026-09-16T22:00:00Z,105.30999755859375,105.66999816894531,105.30999755859375,105.52999877929688,189
2026-09-16T23:00:00Z,105.58999633789062,105.61000061035156,105.12999725341797,105.43000030517578,238
2026-09-17T00:00:00Z,105.43000030517578,105.43000030517578,104.2300033569336,104.4800033569336,876
2026-09-17T01:00:00Z,104.51000213623047,106.0,104.47000122070312,105.91000366210938,769
2026-09-17T02:00:00Z,105.83999633789062,105.87999725341797,105.36000061035156,105.77999877929688,376
2026-09-17T03:00:00Z,105.73999786376953,105.91999816894531,105.5,105.72000122070312,298
2026-09-17T04:00:00Z,105.7300033569336,106.0,105.6500015258789,105.69999694824219,334
2026-09-17T05:00:00Z,105.72000122070312,105.80000305175781,104.80999755859375,104.80999755859375,341
2026-09-17T06:00:00Z,104.83999633789062,104.91999816894531,103.62999725341797,104.12999725341797,2779
2026-09-17T07:00:00Z,104.19000244140625,104.97000122070312,103.62999725341797,104.76000213623047,2070
2026-09-17T08:00:00Z,104.7300033569336,105.05000305175781,103.94999694824219,104.30000305175781,2251
2026-09-17T09:00:00Z,104.2699966430664,105.04000091552734,99.75,99.91000366210938,1779
2026-09-17T10:00:00Z,99.91999816894531,99.91999816894531,99.19999694824219,99.30999755859375,3307
2026-09-17T11:00:00Z,99.44999694824219,99.55000305175781,98.45999908447266,98.77999877929688,3311
2026-09-17T12:00:00Z,98.80999755859375,102.55999755859375,98.0,102.36000061035156,6364
2026-09-17T13:00:00Z,102.3499984741211,103.62999725341797,101.95999908447266,102.94999694824219,5618
2026-09-17T14:00:00Z,102.94000244140625,103.94000244140625,102.68000030517578,103.94000244140625,3109
2026-09-17T15:00:00Z,103.88999938964844,103.94000244140625,103.27999877929688,103.29000091552734,5277
2026-09-17T16:00:00Z,103.33999633789062,104.88999938964844,103.08000183105469,104.56999969482422,4524
2026-09-17T17:00:00Z,104.55999755859375,104.91999816894531,104.47000122070312,104.76000213623047,2517
2026-09-17T18:00:00Z,104.76000213623047,104.98999786376953,104.45999908447266,104.66999816894531,2043
2026-09-17T19:00:00Z,104.66000366210938,104.69000244140625,103.87000274658203,104.02999877929688,800
2026-09-17T20:00:00Z,104.0999984741211,104.2699966430664,103.98999786376953,104.08999633789062,392
2026-09-17T22:00:00Z,104.08999633789062,104.16000366210938,103.97000122070312,104.08000183105469,0
2026-09-17T23:00:00Z,104.0999984741211,104.16000366210938,104.06999969482422,104.0999984741211,15
2026-09-18T00:00:00Z,104.0199966430664,104.05999755859375,103.6500015258789,104.01000213623047,357
2026-09-18T01:00:00Z,104.02999877929688,104.22000122070312,103.66000366210938,103.9800033569336,310
2026-09-18T02:00:00Z,104.1500015258789,104.18000030517578,103.80999755859375,104.18000030517578,224
2026-09-18T03:00:00Z,104.13999938964844,104.23999786376953,103.77999877929688,103.93000030517578,118
2026-09-18T04:00:00Z,103.94999694824219,104.02999877929688,103.37000274658203,103.62000274658203,443
2026-09-18T05:00:00Z,103.5999984741211,103.83999633789062,103.30999755859375,103.47000122070312,312
2026-09-18T06:00:00Z,103.33999633789062,103.73999786376953,102.3499984741211,102.62999725341797,1583
2026-09-18T07:00:00Z,102.7300033569336,102.94000244140625,97.80999755859375,98.29000091552734,2423
2026-09-18T08:00:00Z,98.27999877929688,98.93000030517578,98.2699966430664,98.44000244140625,2018
2026-09-18T09:00:00Z,98.48999786376953,99.11000061035156,98.0999984741211,98.93000030517578,2264
2026-09-18T10:00:00Z,98.9800033569336,98.9800033569336,98.30000305175781,98.43000030517578,2010
2026-09-18T11:00:00Z,98.44000244140625,99.12000274658203,98.30000305175781,98.58999633789062,2928
2026-09-18T12:00:00Z,98.58000183105469,99.04000091552734,98.0,98.91000366210938,3402
2026-09-18T13:00:00Z,98.95999908447266,100.13999938964844,98.94999694824219,100.0199966430664,3550
2026-09-18T14:00:00Z,100.01000213623047,100.13999938964844,99.44000244140625,99.69000244140625,5116
2026-09-18T15:00:00Z,99.70999908447266,100.06999969482422,99.5999984741211,99.7699966430664,4712
2026-09-18T16:00:00Z,99.75,99.8499984741211,98.94999694824219,99.08000183105469,4539
2026-09-18T17:00:00Z,99.0999984741211,99.23999786376953,98.76000213623047,99.05999755859375,2518
2026-09-18T18:00:00Z,99.11000061035156,99.36000061035156,98.63999938964844,98.66999816894531,3158
2026-09-18T19:00:00Z,98.66000366210938,98.91999816894531,98.5999984741211,98.91999816894531,924
2026-09-18T20:00:00Z,98.9000015258789,99.29000091552734,98.4800033569336,99.29000091552734,868
2026-09-20T22:00:00Z,99.91000366210938,99.91000366210938,99.31999969482422,99.33000183105469,282
2026-09-20T23:00:00Z,99.30999755859375,99.5999984741211,99.05999755859375,99.05999755859375,437
2026-09-21T00:00:00Z,98.9800033569336,99.2300033569336,98.0,98.30999755859375,761
2026-09-21T01:00:00Z,98.1500015258789,98.1500015258789,96.9800033569336,97.41999816894531,1216
2026-09-21T02:00:00Z,97.45999908447266,97.58000183105469,97.30000305175781,97.51000213623047,419
2026-09-21T03:00:00Z,97.54000091552734,97.56999969482422,97.23999786376953,97.44999694824219,215
2026-09-21T04:00:00Z,97.45999908447266,97.72000122070312,97.37000274658203,97.54000091552734,445
2026-09-21T05:00:00Z,97.62000274658203,98.19000244140625,97.62000274658203,98.1500015258789,544
2026-09-21T06:00:00Z,98.16000366210938,98.22000122070312,97.43000030517578,97.68000030517578,769
2026-09-21T07:00:00Z,97.72000122070312,97.80999755859375,97.30000305175781,97.61000061035156,1461
2026-09-21T08:00:00Z,97.61000061035156,97.72000122070312,97.06999969482422,97.61000061035156,1651
2026-09-21T09:00:00Z,97.61000061035156,98.0,97.11000061035156,97.30000305175781,1514
2026-09-21T10:00:00Z,97.33000183105469,97.33999633789062,96.22000122070312,96.7699966430664,2063
2026-09-21T11:00:00Z,96.83999633789062,97.20999908447266,96.83000183105469,97.05000305175781,1705
2026-09-21T12:00:00Z,97.05000305175781,101.41999816894531,96.8499984741211,101.36000061035156,3591
2026-09-21T13:00:00Z,101.37000274658203,101.41000366210938,100.41999816894531,100.48999786376953,3059
2026-09-21T14:00:00Z,100.48999786376953,100.63999938964844,99.54000091552734,100.19999694824219,4703
2026-09-21T15:00:00Z,100.19999694824219,100.48999786376953,95.58999633789062,96.1500015258789,3555
2026-09-21T16:00:00Z,96.18000030517578,96.18000030517578,95.08000183105469,95.44000244140625,3388
2026-09-21T17:00:00Z,95.4800033569336,96.11000061035156,95.43000030517578,95.95999908447266,1850
2026-09-21T18:00:00Z,95.9800033569336,96.54000091552734,95.94999694824219,96.44999694824219,2367
2026-09-21T19:00:00Z,96.43000030517578,96.5199966430664,95.9800033569336,96.16999816894531,995
2026-09-21T20:00:00Z,96.16000366210938,96.18000030517578,95.87000274658203,95.95999908447266,0
2026-09-21T22:00:00Z,95.87000274658203,96.02999877929688,95.86000061035156,96.02999877929688,50
2026-09-21T23:00:00Z,96.12000274658203,96.29000091552734,96.08000183105469,96.25,92
2026-09-22T00:00:00Z,96.2699966430664,96.70999908447266,96.1500015258789,96.69999694824219,247
2026-09-22T01:00:00Z,96.70999908447266,97.0199966430664,96.70999908447266,97.0,276
2026-09-22T02:00:00Z,96.9800033569336,97.2300033569336,96.80999755859375,97.1500015258789,204
2026-09-22T03:00:00Z,97.30000305175781,97.36000061035156,97.01000213623047,97.0999984741211,224
2026-09-22T04:00:00Z,97.08000183105469,97.5,97.08000183105469,97.44999694824219,214
2026-09-22T05:00:00Z,97.51000213623047,97.69999694824219,97.45999908447266,97.66000366210938,354
2026-09-22T06:00:00Z,97.68000030517578,97.87999725341797,97.47000122070312,97.73999786376953,907
2026-09-22T07:00:00Z,97.75,101.7300033569336,97.13999938964844,101.70999908447266,1607
2026-09-22T08:00:00Z,101.69999694824219,101.80999755859375,98.69999694824219,98.9800033569336,4208
2026-09-22T09:00:00Z,98.98999786376953,100.08999633789062,98.11000061035156,98.16000366210938,4350
2026-09-22T10:00:00Z,98.0999984741211,98.41000366210938,97.44000244140625,97.70999908447266,3863
2026-09-22T11:00:00Z,97.83000183105469,99.05999755859375,97.83000183105469,98.22000122070312,2822
2026-09-22T12:00:00Z,98.22000122070312,99.08000183105469,98.20999908447266,98.87000274658203,1930
2026-09-22T13:00:00Z,98.87999725341797,99.2300033569336,97.93000030517578,99.06999969482422,5056
2026-09-22T14:00:00Z,99.08000183105469,100.6500015258789,98.87999725341797,99.87000274658203,5607
2026-09-22T15:00:00Z,99.8499984741211,100.31999969482422,99.58000183105469,100.18000030517578,3453
2026-09-22T16:00:00Z,100.20999908447266,100.61000061035156,99.61000061035156,100.12000274658203,2358
2026-09-22T17:00:00Z,100.04000091552734,100.04000091552734,98.2699966430664,98.43000030517578,3098
2026-09-22T18:00:00Z,98.4000015258789,99.73999786376953,98.38999938964844,99.4000015258789,2305
2026-09-22T19:00:00Z,99.36000061035156,99.4000015258789,97.36000061035156,98.47000122070312,1954
2026-09-22T20:00:00Z,98.37999725341797,98.83000183105469,98.26000213623047,98.6500015258789,699
2026-09-22T22:00:00Z,99.05000305175781,99.05000305175781,98.44000244140625,98.44000244140625,0
2026-09-22T23:00:00Z,98.58000183105469,98.58000183105469,98.38999938964844,98.4000015258789,44
2026-09-23T00:00:00Z,98.36000061035156,99.25,98.2699966430664,99.04000091552734,672
2026-09-23T01:00:00Z,99.06999969482422,99.37999725341797,98.88999938964844,98.88999938964844,297
2026-09-23T02:00:00Z,98.86000061035156,99.01000213623047,98.6500015258789,98.6500015258789,290
2026-09-23T03:00:00Z,98.73999786376953,98.93000030517578,98.16000366210938,98.44999694824219,624
2026-09-23T04:00:00Z,98.4800033569336,98.4800033569336,97.93000030517578,98.1500015258789,429
2026-09-23T05:00:00Z,98.13999938964844,98.80000305175781,98.13999938964844,98.54000091552734,356
2026-09-23T06:00:00Z,98.44000244140625,98.77999877929688,98.2699966430664,98.7699966430664,950
2026-09-23T07:00:00Z,98.7699966430664,99.47000122070312,95.04000091552734,95.04000091552734,2894
2026-09-23T08:00:00Z,95.05999755859375,96.08000183105469,95.04000091552734,95.55999755859375,1929
2026-09-23T09:00:00Z,95.56999969482422,96.04000091552734,95.45999908447266,95.76000213623047,1351
2026-09-23T10:00:00Z,95.70999908447266,95.75,95.05000305175781,95.51000213623047,2286
2026-09-23T11:00:00Z,95.55000305175781,96.4800033569336,95.5199966430664,96.30000305175781,2427
2026-09-23T12:00:00Z,96.29000091552734,96.5199966430664,96.18000030517578,96.44000244140625,3754
2026-09-23T13:00:00Z,96.44999694824219,97.41999816894531,96.12000274658203,97.20999908447266,5946
2026-09-23T14:00:00Z,97.19000244140625,97.77999877929688,96.83000183105469,97.02999877929688,6956
2026-09-23T15:00:00Z,97.01000213623047,98.43000030517578,96.7699966430664,98.08999633789062,5650
2026-09-23T16:00:00Z,98.08000183105469,98.38999938964844,95.41000366210938,97.73999786376953,6162
2026-09-23T17:00:00Z,97.7300033569336,98.20999908447266,97.29000091552734,97.52999877929688,6063
2026-09-23T18:00:00Z,97.56999969482422,98.77999877929688,97.54000091552734,98.20999908447266,3631
2026-09-23T19:00:00Z,98.2300033569336,98.70999908447266,98.11000061035156,98.5199966430664,929
2026-09-23T20:00:00Z,98.55000305175781,98.76000213623047,98.33000183105469,98.36000061035156,0
2026-09-23T22:00:00Z,98.2300033569336,98.30000305175781,97.87000274658203,97.87000274658203,53
2026-09-23T23:00:00Z,97.8499984741211,97.91999816894531,97.73999786376953,97.87999725341797,103
2026-09-24T00:00:00Z,97.83999633789062,97.9800033569336,97.31999969482422,97.41000366210938,604
2026-09-24T01:00:00Z,97.43000030517578,97.80000305175781,97.0999984741211,97.80000305175781,467
2026-09-24T02:00:00Z,97.75,97.9000015258789,97.30000305175781,97.31999969482422,495
2026-09-24T03:00:00Z,97.30999755859375,97.37999725341797,97.20999908447266,97.22000122070312,174
2026-09-24T04:00:00Z,97.30999755859375,97.4800033569336,97.29000091552734,97.44000244140625,183
2026-09-24T05:00:00Z,97.45999908447266,98.37000274658203,97.36000061035156,98.2699966430664,596
2026-09-24T06:00:00Z,98.23999786376953,98.80999755859375,98.08000183105469,98.70999908447266,1104
2026-09-24T07:00:00Z,98.69000244140625,99.04000091552734,98.0999984741211,99.04000091552734,1510
2026-09-24T08:00:00Z,99.08000183105469,100.8499984741211,99.0,100.6500015258789,4686
2026-09-24T09:00:00Z,100.55000305175781,105.63999938964844,100.05000305175781,105.4800033569336,2101
2026-09-24T10:00:00Z,105.44000244140625,105.66000366210938,104.23999786376953,104.52999877929688,2151
2026-09-24T11:00:00Z,104.62999725341797,105.23999786376953,104.37999725341797,104.66999816894531,1697
2026-09-24T12:00:00Z,104.70999908447266,105.16999816894531,99.61000061035156,99.9000015258789,2137
2026-09-24T13:00:00Z,99.91000366210938,100.16999816894531,99.61000061035156,99.88999938964844,2922
2026-09-24T14:00:00Z,99.94999694824219,101.41999816894531,99.7699966430664,101.25,4792
2026-09-24T15:00:00Z,101.2699966430664,108.0199966430664,101.16999816894531,107.9000015258789,4519
2026-09-24T16:00:00Z,107.87999725341797,108.2300033569336,104.2300033569336,105.79000091552734,10433
2026-09-24T17:00:00Z,105.7699966430664,107.44000244140625,105.1500015258789,106.98999786376953,6181
2026-09-24T18:00:00Z,106.9800033569336,107.05000305175781,105.73999786376953,106.37999725341797,5942
2026-09-24T19:00:00Z,106.41999816894531,107.55999755859375,106.41999816894531,107.41999816894531,1942
2026-09-24T20:00:00Z,107.43000030517578,107.69999694824219,106.93000030517578,107.02999877929688,556
2026-09-24T22:00:00Z,106.5199966430664,106.75,106.36000061035156,106.44999694824219,0
2026-09-24T23:00:00Z,106.11000061035156,106.2699966430664,106.05999755859375,106.22000122070312,100
2026-09-25T00:00:00Z,106.16000366210938,106.2699966430664,105.81999969482422,105.81999969482422,380
2026-09-25T01:00:00Z,105.91000366210938,106.01000213623047,105.5999984741211,105.9000015258789,486
2026-09-25T02:00:00Z,105.75,105.86000061035156,105.58000183105469,105.62000274658203,458
2026-09-25T03:00:00Z,105.6500015258789,105.69000244140625,105.36000061035156,105.69000244140625,366
2026-09-25T04:00:00Z,105.63999938964844,105.73999786376953,105.55000305175781,105.6500015258789,148
2026-09-25T05:00:00Z,105.6500015258789,105.80000305175781,104.91000366210938,105.37999725341797,618
2026-09-25T06:00:00Z,105.37999725341797,105.80000305175781,105.0,105.62999725341797,489
2026-09-25T07:00:00Z,105.62000274658203,106.37999725341797,99.08000183105469,99.36000061035156,4825
2026-09-25T08:00:00Z,99.3499984741211,99.5199966430664,97.94000244140625,98.08999633789062,3913
2026-09-25T09:00:00Z,98.12000274658203,99.04000091552734,97.81999969482422,98.91999816894531,3907
2026-09-25T10:00:00Z,98.93000030517578,99.04000091552734,98.63999938964844,98.80000305175781,1327
2026-09-25T11:00:00Z,98.76000213623047,98.88999938964844,98.08000183105469,98.41000366210938,1718
2026-09-25T12:00:00Z,98.41999816894531,98.94000244140625,97.73999786376953,98.26000213623047,2781
2026-09-25T13:00:00Z,98.26000213623047,98.91999816894531,98.12999725341797,98.8499984741211,3477
2026-09-25T14:00:00Z,98.83000183105469,99.62000274658203,98.69999694824219,99.29000091552734,4129
2026-09-25T15:00:00Z,99.30000305175781,99.6500015258789,98.05999755859375,98.08999633789062,6917
2026-09-25T16:00:00Z,98.0999984741211,98.12000274658203,96.38999938964844,97.06999969482422,14513
2026-09-25T17:00:00Z,97.06999969482422,97.58000183105469,96.58000183105469,97.0199966430664,4775
2026-09-25T18:00:00Z,96.98999786376953,97.6500015258789,96.76000213623047,97.3499984741211,5531
2026-09-25T19:00:00Z,97.38999938964844,97.91999816894531,97.31999969482422,97.3499984741211,2023
2026-09-25T20:00:00Z,97.36000061035156,97.83000183105469,97.36000061035156,97.44000244140625,982
2026-09-27T22:00:00Z,98.73999786376953,98.87000274658203,98.48999786376953,98.62000274658203,669
2026-09-27T23:00:00Z,98.61000061035156,98.93000030517578,98.44999694824219,98.5199966430664,365
2026-09-28T00:00:00Z,98.52999877929688,98.63999938964844,98.05000305175781,98.41000366210938,631
2026-09-28T01:00:00Z,98.31999969482422,98.61000061035156,97.62999725341797,98.30000305175781,1008
2026-09-28T02:00:00Z,98.27999877929688,99.12000274658203,98.27999877929688,98.48999786376953,1080
2026-09-28T03:00:00Z,98.44000244140625,98.97000122070312,98.1500015258789,98.97000122070312,341
2026-09-28T04:00:00Z,98.91000366210938,99.25,98.91000366210938,99.13999938964844,451
2026-09-28T05:00:00Z,99.13999938964844,99.58999633789062,99.05000305175781,99.11000061035156,1443
2026-09-28T06:00:00Z,99.0999984741211,99.30000305175781,98.29000091552734,98.41000366210938,1793
2026-09-28T07:00:00Z,98.41999816894531,99.43000030517578,98.38999938964844,99.1500015258789,3261
2026-09-28T08:00:00Z,99.18000030517578,100.76000213623047,99.16000366210938,100.76000213623047,3824
2026-09-28T09:00:00Z,100.80000305175781,100.94000244140625,100.51000213623047,100.77999877929688,2375
2026-09-28T10:00:00Z,100.75,101.16000366210938,100.5999984741211,100.97000122070312,3350
2026-09-28T11:00:00Z,100.94999694824219,101.23999786376953,100.3499984741211,100.55999755859375,3434
2026-09-28T12:00:00Z,100.58999633789062,100.80000305175781,98.72000122070312,98.91999816894531,5176
2026-09-28T13:00:00Z,98.95999908447266,99.4000015258789,98.55999755859375,98.6500015258789,3824
2026-09-28T14:00:00Z,98.62999725341797,100.41000366210938,98.52999877929688,100.23999786376953,6425
2026-09-28T15:00:00Z,100.2300033569336,100.36000061035156,99.79000091552734,99.80999755859375,5146
2026-09-28T16:00:00Z,99.83000183105469,99.93000030517578,96.95999908447266,98.05999755859375,9872
2026-09-28T17:00:00Z,98.08000183105469,98.3499984741211,96.2300033569336,98.01000213623047,8088
2026-09-28T18:00:00Z,98.0199966430664,98.19000244140625,97.36000061035156,97.83000183105469,5050
2026-09-28T19:00:00Z,97.81999969482422,98.43000030517578,97.72000122070312,98.43000030517578,1340
2026-09-28T20:00:00Z,98.41999816894531,98.72000122070312,98.13999938964844,98.55999755859375,652
2026-09-28T22:00:00Z,98.7300033569336,98.80000305175781,98.43000030517578,98.70999908447266,0
2026-09-28T23:00:00Z,98.6500015258789,98.66999816894531,98.54000091552734,98.5999984741211,81
2026-09-29T00:00:00Z,98.54000091552734,98.94999694824219,98.44999694824219,98.94999694824219,871
2026-09-29T01:00:00Z,98.94000244140625,99.61000061035156,98.80999755859375,99.18000030517578,1074
2026-09-29T02:00:00Z,99.20999908447266,99.5,99.08000183105469,99.33999633789062,765
2026-09-29T03:00:00Z,99.19000244140625,99.62000274658203,99.19000244140625,99.62000274658203,386
2026-09-29T04:00:00Z,99.61000061035156,99.9000015258789,99.55000305175781,99.83000183105469,422
2026-09-29T05:00:00Z,99.8499984741211,100.29000091552734,99.62000274658203,99.68000030517578,649
2026-09-29T06:00:00Z,99.69000244140625,99.69999694824219,99.25,99.48999786376953,1279
2026-09-29T07:00:00Z,99.44999694824219,99.51000213623047,98.3499984741211,98.73999786376953,2507
2026-09-29T08:00:00Z,98.72000122070312,99.0,97.7699966430664,97.83000183105469,4272
2026-09-29T09:00:00Z,97.8499984741211,98.05999755859375,97.11000061035156,97.58000183105469,2886
2026-09-29T10:00:00Z,97.55999755859375,97.58999633789062,97.02999877929688,97.04000091552734,2214
2026-09-29T11:00:00Z,97.04000091552734,97.25,96.1500015258789,96.48999786376953,3729
2026-09-29T12:00:00Z,96.5199966430664,96.66999816894531,95.86000061035156,96.22000122070312,5126
2026-09-29T13:00:00Z,96.2699966430664,96.76000213623047,95.91000366210938,96.4000015258789,5202
2026-09-29T14:00:00Z,96.38999938964844,96.87999725341797,96.30000305175781,96.7699966430664,5240
2026-09-29T15:00:00Z,96.7699966430664,97.19000244140625,95.70999908447266,96.62000274658203,10707
2026-09-29T16:00:00Z,96.56999969482422,97.23999786376953,96.47000122070312,96.97000122070312,7059
2026-09-29T17:00:00Z,97.01000213623047,97.19000244140625,96.55999755859375,96.58000183105469,3953
2026-09-29T18:00:00Z,96.58999633789062,96.6500015258789,95.80999755859375,96.19000244140625,3438
2026-09-29T19:00:00Z,96.16999816894531,96.18000030517578,95.7699966430664,95.79000091552734,1466
2026-09-29T20:00:00Z,95.87000274658203,95.87000274658203,95.55000305175781,95.66999816894531,884
2026-09-29T22:00:00Z,95.94999694824219,96.31999969482422,95.2699966430664,96.12000274658203,0
2026-09-29T23:00:00Z,96.08000183105469,96.2300033569336,95.79000091552734,95.79000091552734,150
2026-09-30T00:00:00Z,95.7699966430664,96.25,95.75,96.16000366210938,553
2026-09-30T01:00:00Z,96.12999725341797,96.83999633789062,96.01000213623047,96.5,692
2026-09-30T02:00:00Z,96.4800033569336,96.52999877929688,96.0,96.45999908447266,525
2026-09-30T03:00:00Z,96.45999908447266,96.58000183105469,96.33999633789062,96.55999755859375,357
2026-09-30T04:00:00Z,96.51000213623047,96.51000213623047,96.12000274658203,96.31999969482422,220
2026-09-30T05:00:00Z,96.33000183105469,96.52999877929688,95.91999816894531,96.25,858
2026-09-30T06:00:00Z,96.25,96.6500015258789,95.68000030517578,96.4800033569336,2247
2026-09-30T07:00:00Z,96.48999786376953,96.5,95.13999938964844,96.0999984741211,3102
2026-09-30T08:00:00Z,96.0999984741211,97.19000244140625,95.56999969482422,97.16000366210938,5290
2026-09-30T09:00:00Z,97.16999816894531,97.68000030517578,96.88999938964844,97.18000030517578,3055
2026-09-30T10:00:00Z,97.1500015258789,97.62000274658203,97.0199966430664,97.62000274658203,2020
2026-09-30T11:00:00Z,97.63999938964844,97.94999694824219,97.45999908447266,97.66999816894531,2301
2026-09-30T12:00:00Z,97.66000366210938,98.37999725341797,97.33999633789062,97.75,4135
2026-09-30T13:00:00Z,97.72000122070312,98.9000015258789,97.47000122070312,98.36000061035156,5536
2026-09-30T14:00:00Z,98.33999633789062,99.22000122070312,98.12999725341797,99.05999755859375,4378
2026-09-30T15:00:00Z,99.01000213623047,99.27999877929688,98.51000213623047,98.5999984741211,5893
2026-09-30T16:00:00Z,98.58999633789062,99.04000091552734,98.25,98.37000274658203,3315
2026-09-30T17:00:00Z,98.37000274658203,98.61000061035156,98.12000274658203,98.23999786376953,3525
2026-09-30T18:00:00Z,98.23999786376953,98.47000122070312,97.91999816894531,98.16999816894531,3132
2026-09-30T19:00:00Z,98.12999725341797,98.2300033569336,97.91000366210938,98.08000183105469,956
2026-09-30T20:00:00Z,98.08999633789062,98.20999908447266,97.8499984741211,97.91999816894531,366
2026-09-30T22:00:00Z,97.94999694824219,97.94999694824219,97.5999984741211,97.66000366210938,0
2026-09-30T23:00:00Z,97.66000366210938,97.69999694824219,97.52999877929688,97.62000274658203,68
2026-10-01T00:00:00Z,97.63999938964844,98.5,97.5999984741211,98.30999755859375,875
2026-10-01T01:00:00Z,98.18000030517578,98.19000244140625,97.76000213623047,98.12999725341797,519
2026-10-01T02:00:00Z,98.19000244140625,98.22000122070312,97.23999786376953,97.36000061035156,347
2026-10-01T03:00:00Z,97.3499984741211,97.47000122070312,96.83000183105469,96.83000183105469,612
2026-10-01T04:00:00Z,96.8499984741211,97.04000091552734,96.83999633789062,96.87000274658203,254
2026-10-01T05:00:00Z,96.88999938964844,96.91999816894531,96.63999938964844,96.75,119
