timestamp_utc,Open,High,Low,Close,Volume
2026-08-02T00:00:00Z,1843.3900146484375,1847.9000244140625,1842.010009765625,1844.800048828125,0
2026-08-02T01:00:00Z,1845.3800048828125,1856.739990234375,1845.199951171875,1855.1099853515625,203577344
2026-08-02T02:00:00Z,1855.1700439453125,1882.0,1854.31005859375,1874.9300537109375,475313664
2026-08-02T03:00:00Z,1875.5999755859375,1878.469970703125,1872.6300048828125,1875.510009765625,161372672
2026-08-02T04:00:00Z,1876.0,1880.219970703125,1876.0,1879.2099609375,113668096
2026-08-02T05:00:00Z,1879.010009765625,1880.800048828125,1873.3800048828125,1874.5899658203125,10812928
2026-08-02T06:00:00Z,1874.6500244140625,1877.1099853515625,1873.1199951171875,1875.6400146484375,102881280
2026-08-02T07:00:00Z,1875.550048828125,1876.81005859375,1873.699951171875,1874.050048828125,11110912
2026-08-02T08:00:00Z,1874.43994140625,1876.989990234375,1865.4300537109375,1866.2099609375,107475968
2026-08-02T09:00:00Z,1866.3399658203125,1871.1400146484375,1861.0,1869.1199951171875,108586496
2026-08-02T10:00:00Z,1868.9000244140625,1869.3199462890625,1863.6700439453125,1866.8499755859375,0
2026-08-02T11:00:00Z,1866.8299560546875,1867.699951171875,1847.3299560546875,1850.800048828125,68862464
2026-08-02T12:00:00Z,1851.3699951171875,1858.3599853515625,1851.199951171875,1855.3599853515625,121110528
2026-08-02T13:00:00Z,1854.7099609375,1856.300048828125,1850.8299560546875,1853.0,33031168
2026-08-02T14:00:00Z,1852.7099609375,1856.9100341796875,1850.4000244140625,1853.02001953125,0
2026-08-02T15:00:00Z,1853.06005859375,1859.510009765625,1852.1800537109375,1857.1199951171875,66339328
2026-08-02T16:00:00Z,1857.3299560546875,1863.6199951171875,1854.3900146484375,1861.31005859375,16253952
2026-08-02T17:00:00Z,1861.1500244140625,1868.1800537109375,1860.4200439453125,1866.800048828125,0
2026-08-02T18:00:00Z,1866.739990234375,1884.6400146484375,1866.3599853515625,1873.8399658203125,0
2026-08-02T19:00:00Z,1873.6300048828125,1881.7900390625,1872.699951171875,1880.06005859375,0
2026-08-02T20:00:00Z,1880.7099609375,1883.550048828125,1877.68994140625,1881.6800537109375,0
2026-08-02T21:00:00Z,1881.7099609375,1895.9100341796875,1880.1099853515625,1888.3800048828125,56697856
2026-08-02T22:00:00Z,1891.9000244140625,1895.8599853515625,1878.93994140625,1879.9300537109375,292580352
2026-08-02T23:00:00Z,1879.6800537109375,1883.4000244140625,1874.3699951171875,1883.3499755859375,54201856
2026-08-03T00:00:00Z,1883.1600341796875,1883.8299560546875,1870.0400390625,1871.6199951171875,5482496
2026-08-03T01:00:00Z,1871.0,1873.3299560546875,1863.6099853515625,1864.9200439453125,0
2026-08-03T02:00:00Z,1864.6400146484375,1869.56005859375,1860.6400146484375,1862.0,0
2026-08-03T03:00:00Z,1861.4000244140625,1863.280029296875,1849.9000244140625,1855.0899658203125,17847808
2026-08-03T04:00:00Z,1854.4200439453125,1860.699951171875,1852.4100341796875,1852.5699462890625,0
2026-08-03T05:00:00Z,1852.800048828125,1858.5,1851.31005859375,1857.530029296875,0
2026-08-03T06:00:00Z,1857.56005859375,1858.6600341796875,1844.1400146484375,1846.72998046875,146952704
2026-08-03T07:00:00Z,1847.0799560546875,1847.52001953125,1838.199951171875,1841.4300537109375,294221312
2026-08-03T08:00:00Z,1841.3499755859375,1843.0999755859375,1826.75,1837.8499755859375,294172160
2026-08-03T09:00:00Z,1838.0,1851.1099853515625,1836.800048828125,1850.1099853515625,118859776
2026-08-03T10:00:00Z,1850.199951171875,1851.9599609375,1839.4200439453125,1843.6800537109375,209410560
2026-08-03T11:00:00Z,1844.18994140625,1845.3900146484375,1836.2900390625,1837.4000244140625,0
2026-08-03T12:00:00Z,1837.1199951171875,1843.0400390625,1834.0999755859375,1841.22998046875,80814592
2026-08-03T13:00:00Z,1841.0999755859375,1858.1199951171875,1836.18994140625,1856.9000244140625,200932352
2026-08-03T14:00:00Z,1856.719970703125,1871.9000244140625,1849.06005859375,1871.699951171875,774017536
2026-08-03T15:00:00Z,1871.800048828125,1872.0,1858.6199951171875,1861.0999755859375,459297792
2026-08-03T16:00:00Z,1861.719970703125,1870.43994140625,1859.800048828125,1864.3199462890625,211464192
2026-08-03T17:00:00Z,1864.5999755859375,1872.3299560546875,1861.6800537109375,1867.1300048828125,60142080
2026-08-03T18:00:00Z,1867.1300048828125,1872.1300048828125,1865.030029296875,1867.0,0
2026-08-03T19:00:00Z,1867.3599853515625,1874.739990234375,1866.6600341796875,1868.5699462890625,68942336
2026-08-03T20:00:00Z,1868.6700439453125,1874.469970703125,1865.0,1867.52001953125,106788864
2026-08-03T21:00:00Z,1867.52001953125,1867.699951171875,1861.9300537109375,1862.0899658203125,0
2026-08-03T22:00:00Z,1861.93994140625,1864.0799560546875,1851.18994140625,1858.6300048828125,0
2026-08-03T23:00:00Z,1858.6199951171875,1858.8900146484375,1854.4000244140625,1858.8900146484375,3301888
2026-08-04T00:00:00Z,1858.9599609375,1861.4300537109375,1847.0,1849.300048828125,93094400
2026-08-04T01:00:00Z,1849.75,1867.239990234375,1847.6199951171875,1865.8299560546875,62714368
2026-08-04T02:00:00Z,1866.8599853515625,1869.52001953125,1860.52001953125,1864.3399658203125,131507712
2026-08-04T03:00:00Z,1864.3900146484375,1865.4300537109375,1856.6199951171875,1862.4599609375,0
2026-08-04T04:00:00Z,1862.43994140625,1872.739990234375,1860.3299560546875,1866.280029296875,0
2026-08-04T05:00:00Z,1868.800048828125,1868.800048828125,1862.4599609375,1862.6600341796875,103674880
2026-08-04T06:00:00Z,1862.6700439453125,1867.050048828125,1853.2099609375,1855.22998046875,141496320
2026-08-04T07:00:00Z,1855.219970703125,1862.72998046875,1851.43994140625,1862.0799560546875,0
2026-08-04T08:00:00Z,1862.010009765625,1864.06005859375,1855.0400390625,1855.760009765625,0
2026-08-04T09:00:00Z,1855.5,1856.8800048828125,1851.530029296875,1856.6800537109375,0
2026-08-04T10:00:00Z,1856.0,1870.8499755859375,1851.9000244140625,1864.9100341796875,36284928
2026-08-04T11:00:00Z,1865.22998046875,1872.8900146484375,1864.0799560546875,1870.8299560546875,0
2026-08-04T12:00:00Z,1870.81005859375,1879.7099609375,1866.3499755859375,1873.510009765625,173379584
2026-08-04T13:00:00Z,1873.31005859375,1875.81005859375,1857.6800537109375,1859.22998046875,0
2026-08-04T14:00:00Z,1859.3699951171875,1873.8900146484375,1856.47998046875,1871.1199951171875,0
2026-08-04T15:00:00Z,1871.1800537109375,1876.0899658203125,1860.1300048828125,1871.4100341796875,0
2026-08-04T16:00:00Z,1871.72998046875,1871.8900146484375,1864.010009765625,1868.219970703125,0
2026-08-04T17:00:00Z,1868.6700439453125,1876.239990234375,1865.6500244140625,1868.06005859375,206180352
2026-08-04T18:00:00Z,1867.9300537109375,1879.4100341796875,1867.9300537109375,1873.9000244140625,157648896
2026-08-04T19:00:00Z,1873.800048828125,1879.760009765625,1872.5999755859375,1873.6800537109375,48805888
2026-08-04T20:00:00Z,1874.280029296875,1878.449951171875,1864.989990234375,1875.3199462890625,68949504
2026-08-04T21:00:00Z,1875.3599853515625,1875.3599853515625,1870.4300537109375,1870.8800048828125,0
2026-08-04T22:00:00Z,1870.5999755859375,1875.510009765625,1867.2099609375,1874.1800537109375,0
2026-08-04T23:00:00Z,1874.280029296875,1879.6700439453125,1867.510009765625,1868.3900146484375,109638656
2026-08-05T00:00:00Z,1868.300048828125,1871.9000244140625,1861.9200439453125,1862.469970703125,0
2026-08-05T01:00:00Z,1862.5,1873.0,1859.81005859375,1871.949951171875,0
2026-08-05T02:00:00Z,1872.1099853515625,1876.47998046875,1870.989990234375,1872.97998046875,0
2026-08-05T03:00:00Z,1872.9000244140625,1874.6600341796875,1862.699951171875,1866.1300048828125,122406400
2026-08-05T04:00:00Z,1866.1400146484375,1867.989990234375,1863.3800048828125,1865.8199462890625,0
2026-08-05T05:00:00Z,1865.7099609375,1875.3599853515625,1865.530029296875,1871.969970703125,12409856
2026-08-05T06:00:00Z,1871.760009765625,1872.0400390625,1866.5999755859375,1868.2099609375,0
2026-08-05T07:00:00Z,1868.27001953125,1870.5,1861.8900146484375,1870.5,130902528
2026-08-05T08:00:00Z,1870.739990234375,1872.489990234375,1866.219970703125,1868.0899658203125,285144064
2026-08-05T09:00:00Z,1868.0999755859375,1873.0699462890625,1867.02001953125,1870.3299560546875,16984064
2026-08-05T10:00:00Z,1870.3199462890625,1874.31005859375,1864.5799560546875,1866.719970703125,0
2026-08-05T11:00:00Z,1866.6400146484375,1869.4100341796875,1865.75,1867.1099853515625,24282624
2026-08-05T12:00:00Z,1867.0999755859375,1883.0,1866.1400146484375,1874.5,170253824
2026-08-05T13:00:00Z,1874.5799560546875,1877.72998046875,1853.9200439453125,1877.1300048828125,148062208
2026-08-05T14:00:00Z,1876.9000244140625,1881.0,1867.6800537109375,1874.5999755859375,0
2026-08-05T15:00:00Z,1874.5699462890625,1881.56005859375,1871.31005859375,1872.3499755859375,0
2026-08-05T16:00:00Z,1872.280029296875,1895.4000244140625,1871.739990234375,1893.949951171875,307983360
2026-08-05T17:00:00Z,1894.6400146484375,1915.6800537109375,1889.4000244140625,1914.5,458634240
2026-08-05T18:00:00Z,1915.8499755859375,1925.719970703125,1912.27001953125,1916.280029296875,519928832
2026-08-05T19:00:00Z,1915.68994140625,1919.68994140625,1914.010009765625,1915.449951171875,109271040
2026-08-05T20:00:00Z,1916.1199951171875,1923.010009765625,1915.2099609375,1915.5699462890625,0
2026-08-05T21:00:00Z,1915.9100341796875,1915.9100341796875,1905.27001953125,1906.9200439453125,265605120
2026-08-05T22:00:00Z,1907.280029296875,1911.75,1904.989990234375,1905.27001953125,43073536
2026-08-05T23:00:00Z,1905.1199951171875,1910.43994140625,1903.0699462890625,1907.2900390625,0
2026-08-06T00:00:00Z,1907.739990234375,1912.300048828125,1905.56005859375,1908.8399658203125,0
2026-08-06T01:00:00Z,1908.550048828125,1909.300048828125,1901.6099853515625,1904.93994140625,0
2026-08-06T02:00:00Z,1904.280029296875,1909.0,1893.300048828125,1897.4000244140625,194154496
2026-08-06T03:00:00Z,1896.9599609375,1897.5799560546875,1893.6800537109375,1897.199951171875,0
2026-08-06T04:00:00Z,1897.010009765625,1906.4000244140625,1893.989990234375,1906.0899658203125,96081920
2026-08-06T05:00:00Z,1906.199951171875,1916.9100341796875,1905.5999755859375,1912.31005859375,157531136
2026-08-06T06:00:00Z,1912.0799560546875,1912.800048828125,1907.6600341796875,1911.6700439453125,0
2026-08-06T07:00:00Z,1911.6700439453125,1913.199951171875,1905.3499755859375,1907.3399658203125,0
2026-08-06T08:00:00Z,1907.5,1916.8699951171875,1906.43994140625,1914.1600341796875,0
2026-08-06T09:00:00Z,1914.18994140625,1914.6600341796875,1902.7900390625,1905.6600341796875,165274624
2026-08-06T10:00:00Z,1905.6500244140625,1905.6500244140625,1899.5699462890625,1900.0799560546875,57644032
2026-08-06T11:00:00Z,1900.719970703125,1907.4599609375,1894.949951171875,1905.8399658203125,65696768
2026-08-06T12:00:00Z,1905.719970703125,1906.1199951171875,1896.43994140625,1896.75,0
2026-08-06T13:00:00Z,1896.8199462890625,1909.550048828125,1890.699951171875,1905.8199462890625,0
2026-08-06T14:00:00Z,1905.6500244140625,1916.1600341796875,1901.9100341796875,1913.239990234375,0
2026-08-06T15:00:00Z,1913.3800048828125,1918.050048828125,1909.02001953125,1909.1199951171875,63522816
2026-08-06T16:00:00Z,1909.6199951171875,1914.77001953125,1906.93994140625,1914.010009765625,0
2026-08-06T17:00:00Z,1914.510009765625,1917.0699462890625,1908.6300048828125,1912.4200439453125,0
2026-08-06T18:00:00Z,1912.52001953125,1912.5999755859375,1902.43994140625,1904.4300537109375,0
2026-08-06T19:00:00Z,1905.06005859375,1909.6400146484375,1904.280029296875,1908.47998046875,100898816
2026-08-06T20:00:00Z,1908.4100341796875,1909.550048828125,1904.4100341796875,1905.6600341796875,0
2026-08-06T21:00:00Z,1905.6500244140625,1908.0,1904.4100341796875,1904.56005859375,0
2026-08-06T22:00:00Z,1904.9200439453125,1905.9000244140625,1900.8900146484375,1903.6600341796875,0
2026-08-06T23:00:00Z,1903.3299560546875,1904.3399658203125,1897.1300048828125,1902.4200439453125,0
2026-08-07T00:00:00Z,1902.0400390625,1903.800048828125,1898.1099853515625,1902.18994140625,0
2026-08-07T01:00:00Z,1902.4000244140625,1905.8199462890625,1897.52001953125,1901.780029296875,6094336
2026-08-07T02:00:00Z,1901.4000244140625,1906.5999755859375,1896.5,1900.97998046875,0
2026-08-07T03:00:00Z,1900.8499755859375,1902.1300048828125,1895.0999755859375,1895.6500244140625,16307200
2026-08-07T04:00:00Z,1895.3499755859375,1898.9100341796875,1892.8699951171875,1895.6500244140625,0
2026-08-07T05:00:00Z,1895.6400146484375,1900.6500244140625,1893.8900146484375,1899.81005859375,0
2026-08-07T06:00:00Z,1899.7099609375,1906.0899658203125,1898.6300048828125,1903.0400390625,9626112
2026-08-07T07:00:00Z,1902.699951171875,1905.780029296875,1900.9300537109375,1900.9300537109375,36270592
2026-08-07T08:00:00Z,1900.4599609375,1912.4000244140625,1900.4599609375,1909.3599853515625,19869696
2026-08-07T09:00:00Z,1909.27001953125,1916.300048828125,1909.0,1911.800048828125,306621440
2026-08-07T10:00:00Z,1912.530029296875,1914.4599609375,1911.2900390625,1911.4300537109375,209687040
2026-08-07T11:00:00Z,1911.4200439453125,1919.5799560546875,1911.4000244140625,1914.8900146484375,92592128
2026-08-07T12:00:00Z,1914.989990234375,1940.6500244140625,1914.969970703125,1930.989990234375,724672512
2026-08-07T13:00:00Z,1931.4000244140625,1933.6099853515625,1920.3199462890625,1921.3800048828125,0
2026-08-07T14:00:00Z,1922.1600341796875,1925.1700439453125,1909.4599609375,1912.1099853515625,94260224
2026-08-07T15:00:00Z,1912.0400390625,1919.6600341796875,1911.5,1916.5899658203125,0
2026-08-07T16:00:00Z,1917.0400390625,1923.8699951171875,1908.010009765625,1908.010009765625,0
2026-08-07T17:00:00Z,1907.9000244140625,1911.5699462890625,1904.3399658203125,1911.010009765625,222541824
2026-08-07T18:00:00Z,1910.699951171875,1914.2900390625,1904.8699951171875,1908.22998046875,0
2026-08-07T19:00:00Z,1909.3900146484375,1919.199951171875,1909.0999755859375,1918.0999755859375,60756992
2026-08-07T20:00:00Z,1918.0799560546875,1919.18994140625,1913.2900390625,1913.8599853515625,10122240
2026-08-07T21:00:00Z,1913.7099609375,1919.1500244140625,1911.4100341796875,1915.5,3638272
2026-08-07T22:00:00Z,1915.0999755859375,1915.6400146484375,1912.989990234375,1913.989990234375,92615680
2026-08-07T23:00:00Z,1913.989990234375,1915.3299560546875,1913.0400390625,1913.1500244140625,0
2026-08-08T00:00:00Z,1913.1600341796875,1914.06005859375,1911.5899658203125,1913.5699462890625,0
2026-08-08T01:00:00Z,1913.3299560546875,1915.2900390625,1913.280029296875,1913.719970703125,0
2026-08-08T02:00:00Z,1913.719970703125,1913.8299560546875,1911.56005859375,1912.4599609375,0
2026-08-08T03:00:00Z,1912.489990234375,1918.3900146484375,1912.489990234375,1917.1099853515625,0
2026-08-08T04:00:00Z,1917.0999755859375,1918.52001953125,1915.2099609375,1916.2099609375,0
2026-08-08T05:00:00Z,1916.0999755859375,1917.949951171875,1914.8399658203125,1916.5699462890625,0
2026-08-08T06:00:00Z,1916.739990234375,1917.0999755859375,1915.3299560546875,1915.56005859375,0
2026-08-08T07:00:00Z,1915.760009765625,1915.969970703125,1913.2099609375,1914.27001953125,0
2026-08-08T08:00:00Z,1914.27001953125,1916.9000244140625,1913.6700439453125,1915.8800048828125,0
2026-08-08T09:00:00Z,1915.989990234375,1921.8499755859375,1915.0999755859375,1917.719970703125,0
2026-08-08T10:00:00Z,1917.72998046875,1921.6600341796875,1917.719970703125,1919.97998046875,0
2026-08-08T11:00:00Z,1920.0999755859375,1921.699951171875,1918.199951171875,1919.6099853515625,0
2026-08-08T12:00:00Z,1919.5699462890625,1921.0,1917.6099853515625,1918.0999755859375,0
2026-08-08T13:00:00Z,1918.1800537109375,1919.530029296875,1917.3900146484375,1918.949951171875,0
2026-08-08T14:00:00Z,1918.9000244140625,1924.699951171875,1918.9000244140625,1922.5999755859375,0
2026-08-08T15:00:00Z,1922.6500244140625,1923.2900390625,1920.239990234375,1921.239990234375,0
2026-08-08T16:00:00Z,1921.22998046875,1923.5899658203125,1920.4300537109375,1921.4200439453125,0
2026-08-08T17:00:00Z,1921.510009765625,1924.8900146484375,1920.9100341796875,1922.47998046875,0
2026-08-08T18:00:00Z,1922.47998046875,1922.47998046875,1918.52001953125,1920.1099853515625,0
2026-08-08T19:00:00Z,1920.0999755859375,1920.280029296875,1918.4000244140625,1919.1600341796875,0
2026-08-08T20:00:00Z,1918.6099853515625,1919.9100341796875,1918.4100341796875,1918.8399658203125,0
2026-08-08T21:00:00Z,1918.77001953125,1920.989990234375,1918.6300048828125,1919.239990234375,0
2026-08-08T22:00:00Z,1919.5999755859375,1919.9100341796875,1915.3199462890625,1915.43994140625,0
2026-08-08T23:00:00Z,1914.9300537109375,1917.4300537109375,1913.3299560546875,1915.4200439453125,16462336
2026-08-09T00:00:00Z,1915.3800048828125,1917.06005859375,1914.9200439453125,1916.510009765625,76078336
2026-08-09T01:00:00Z,1916.199951171875,1918.6199951171875,1911.9000244140625,1914.739990234375,0
2026-08-09T02:00:00Z,1914.6500244140625,1915.31005859375,1912.3399658203125,1913.4599609375,0
2026-08-09T03:00:00Z,1913.1600341796875,1913.4100341796875,1911.300048828125,1912.739990234375,0
2026-08-09T04:00:00Z,1912.6800537109375,1914.260009765625,1911.52001953125,1911.8399658203125,0
2026-08-09T05:00:00Z,1911.7900390625,1913.699951171875,1911.68994140625,1913.1500244140625,0
2026-08-09T06:00:00Z,1913.1500244140625,1918.1199951171875,1912.72998046875,1917.7099609375,66652928
2026-08-09T07:00:00Z,1917.7099609375,1917.9000244140625,1915.5899658203125,1917.5,64210688
2026-08-09T08:00:00Z,1917.6199951171875,1923.4000244140625,1912.8800048828125,1914.47998046875,100525312
2026-08-09T09:00:00Z,1914.300048828125,1919.9000244140625,1912.010009765625,1919.8299560546875,0
2026-08-09T10:00:00Z,1919.8499755859375,1921.0999755859375,1918.199951171875,1918.719970703125,56940800
2026-08-09T11:00:00Z,1918.9100341796875,1919.8599853515625,1917.1199951171875,1917.9300537109375,0
2026-08-09T12:00:00Z,1917.9300537109375,1917.989990234375,1915.280029296875,1916.27001953125,0
2026-08-09T13:00:00Z,1916.5999755859375,1924.280029296875,1916.469970703125,1921.989990234375,156312064
2026-08-09T14:00:00Z,1922.1400146484375,1924.9000244140625,1921.1700439453125,1923.489990234375,0
2026-08-09T15:00:00Z,1923.6700439453125,1925.0,1922.7099609375,1924.6400146484375,0
2026-08-09T16:00:00Z,1924.9300537109375,1924.969970703125,1920.2099609375,1922.7099609375,7517696
2026-08-09T17:00:00Z,1922.68994140625,1923.760009765625,1921.6700439453125,1921.6700439453125,0
2026-08-09T18:00:00Z,1921.6700439453125,1922.5699462890625,1919.0999755859375,1920.0999755859375,0
2026-08-09T19:00:00Z,1920.1300048828125,1921.22998046875,1919.81005859375,1920.56005859375,0
2026-08-09T20:00:00Z,1920.5699462890625,1920.9300537109375,1916.7099609375,1919.780029296875,20310272
2026-08-09T21:00:00Z,1919.7900390625,1924.93994140625,1918.5,1923.219970703125,34385408
2026-08-09T22:00:00Z,1923.9599609375,1936.22998046875,1914.0,1918.280029296875,350231808
2026-08-09T23:00:00Z,1917.800048828125,1919.0799560546875,1906.4100341796875,1909.0899658203125,265708544
2026-08-10T00:00:00Z,1908.3599853515625,1925.300048828125,1904.8299560546875,1911.0699462890625,239748608
2026-08-10T01:00:00Z,1911.550048828125,1929.3599853515625,1906.8900146484375,1923.5999755859375,202374144
2026-08-10T02:00:00Z,1924.68994140625,1924.699951171875,1911.239990234375,1921.969970703125,248387584
2026-08-10T03:00:00Z,1922.56005859375,1923.0,1912.0799560546875,1915.8399658203125,166861312
2026-08-10T04:00:00Z,1915.510009765625,1919.43994140625,1911.3599853515625,1914.25,239827456
2026-08-10T05:00:00Z,1913.760009765625,1923.510009765625,1913.760009765625,1921.6300048828125,95779840
2026-08-10T06:00:00Z,1922.2900390625,1927.5999755859375,1921.6600341796875,1926.489990234375,74480640
2026-08-10T07:00:00Z,1927.0,1929.4200439453125,1923.239990234375,1923.97998046875,97440256
2026-08-10T08:00:00Z,1923.969970703125,1928.2099609375,1921.760009765625,1925.199951171875,0
2026-08-10T09:00:00Z,1924.800048828125,1925.5999755859375,1914.550048828125,1914.9100341796875,134742528
2026-08-10T10:00:00Z,1914.8199462890625,1919.1300048828125,1914.4599609375,1915.8599853515625,83252224
2026-08-10T11:00:00Z,1916.06005859375,1919.27001953125,1912.9599609375,1918.5,65977856
2026-08-10T12:00:00Z,1918.489990234375,1921.5,1903.530029296875,1904.2900390625,174976000
2026-08-10T13:00:00Z,1904.0400390625,1908.81005859375,1892.8299560546875,1895.699951171875,226789888
2026-08-10T14:00:00Z,1894.969970703125,1900.5999755859375,1890.1700439453125,1891.6199951171875,585320448
2026-08-10T15:00:00Z,1890.6300048828125,1890.6300048828125,1870.050048828125,1875.02001953125,894179328
2026-08-10T16:00:00Z,1874.3900146484375,1877.0,1867.4100341796875,1870.22998046875,384397824
2026-08-10T17:00:00Z,1870.4599609375,1875.3299560546875,1867.010009765625,1871.8199462890625,219041280
2026-08-10T18:00:00Z,1871.93994140625,1873.260009765625,1866.3900146484375,1870.7099609375,296470528
2026-08-10T19:00:00Z,1870.7099609375,1878.8199462890625,1870.7099609375,1876.4200439453125,124659712
2026-08-10T20:00:00Z,1875.949951171875,1879.219970703125,1875.699951171875,1877.9300537109375,87215104
2026-08-10T21:00:00Z,1877.8199462890625,1877.8199462890625,1871.8900146484375,1872.550048828125,2308096
2026-08-10T22:00:00Z,1872.6600341796875,1876.31005859375,1870.3599853515625,1874.530029296875,0
2026-08-10T23:00:00Z,1874.489990234375,1874.530029296875,1868.4599609375,1871.4200439453125,0
2026-08-11T00:00:00Z,1871.3399658203125,1874.280029296875,1869.2099609375,1873.510009765625,0
2026-08-11T01:00:00Z,1873.0999755859375,1876.8599853515625,1871.6400146484375,1876.260009765625,0
2026-08-11T02:00:00Z,1876.1400146484375,1877.4300537109375,1875.4100341796875,1876.8199462890625,0
2026-08-11T03:00:00Z,1876.8299560546875,1880.010009765625,1876.8299560546875,1879.0799560546875,0
2026-08-11T04:00:00Z,1879.0899658203125,1880.1800537109375,1874.3499755859375,1874.3499755859375,0
2026-08-11T05:00:00Z,1874.18994140625,1875.280029296875,1870.02001953125,1872.1400146484375,0
2026-08-11T06:00:00Z,1871.969970703125,1873.31005859375,1869.56005859375,1872.5,22935040
2026-08-11T07:00:00Z,1872.68994140625,1877.489990234375,1868.9000244140625,1876.010009765625,100030976
2026-08-11T08:00:00Z,1876.1500244140625,1878.6300048828125,1873.3499755859375,1877.5799560546875,107988992
2026-08-11T09:00:00Z,1877.5699462890625,1883.739990234375,1875.6099853515625,1883.739990234375,46048256
2026-08-11T10:00:00Z,1883.4300537109375,1886.699951171875,1881.510009765625,1884.6099853515625,92913152
2026-08-11T11:00:00Z,1885.2900390625,1893.969970703125,1884.7099609375,1891.3299560546875,187699712
2026-08-11T12:00:00Z,1893.1800537109375,1896.2900390625,1885.77001953125,1886.3199462890625,0
2026-08-11T13:00:00Z,1886.31005859375,1890.699951171875,1882.199951171875,1888.31005859375,0
2026-08-11T14:00:00Z,1888.0999755859375,1889.77001953125,1868.5999755859375,1871.8499755859375,0
2026-08-11T15:00:00Z,1871.969970703125,1876.0,1852.4300537109375,1861.199951171875,0
2026-08-11T16:00:00Z,1860.8599853515625,1865.4200439453125,1858.2900390625,1863.18994140625,0
2026-08-11T17:00:00Z,1863.6800537109375,1865.52001953125,1861.0699462890625,1863.0999755859375,0
2026-08-11T18:00:00Z,1862.760009765625,1864.9000244140625,1859.31005859375,1864.3900146484375,0
2026-08-11T19:00:00Z,1864.0999755859375,1882.550048828125,1861.06005859375,1879.699951171875,0
2026-08-11T20:00:00Z,1880.469970703125,1883.699951171875,1877.4000244140625,1880.47998046875,339070976
2026-08-11T21:00:00Z,1880.3299560546875,1883.5999755859375,1878.6700439453125,1882.9300537109375,28781056
2026-08-11T22:00:00Z,1883.3199462890625,1885.6600341796875,1877.800048828125,1880.6300048828125,49860096
2026-08-11T23:00:00Z,1880.6400146484375,1882.81005859375,1877.25,1880.719970703125,0
2026-08-12T00:00:00Z,1880.5999755859375,1881.8699951171875,1878.9100341796875,1880.77001953125,0
2026-08-12T01:00:00Z,1880.800048828125,1885.02001953125,1879.47998046875,1882.9200439453125,22510080
2026-08-12T02:00:00Z,1883.5,1886.260009765625,1881.719970703125,1882.5899658203125,30356480
2026-08-12T03:00:00Z,1882.77001953125,1885.6400146484375,1881.0999755859375,1884.969970703125,8707584
2026-08-12T04:00:00Z,1885.1800537109375,1891.3599853515625,1883.6099853515625,1887.800048828125,0
2026-08-12T05:00:00Z,1887.800048828125,1890.8199462890625,1885.0899658203125,1890.199951171875,130267648
2026-08-12T06:00:00Z,1889.9200439453125,1889.9200439453125,1883.6099853515625,1885.8599853515625,0
2026-08-12T07:00:00Z,1886.1800537109375,1890.260009765625,1884.6800537109375,1890.010009765625,0
2026-08-12T08:00:00Z,1889.8900146484375,1894.3199462890625,1888.9100341796875,1889.1099853515625,0
2026-08-12T09:00:00Z,1889.1199951171875,1907.4000244140625,1888.1300048828125,1904.1500244140625,205708800
2026-08-12T10:00:00Z,1904.6300048828125,1913.530029296875,1904.199951171875,1907.5,173501952
2026-08-12T11:00:00Z,1908.4000244140625,1914.0999755859375,1905.77001953125,1913.9100341796875,0
2026-08-12T12:00:00Z,1914.9100341796875,1920.9599609375,1903.6099853515625,1909.8299560546875,405657088
2026-08-12T13:00:00Z,1909.719970703125,1910.5999755859375,1898.2900390625,1899.5400390625,71637504
2026-08-12T14:00:00Z,1897.5799560546875,1901.8599853515625,1883.0,1885.6800537109375,121964032
2026-08-12T15:00:00Z,1883.989990234375,1894.3599853515625,1882.780029296875,1890.6400146484375,0
2026-08-12T16:00:00Z,1890.4100341796875,1893.8499755859375,1887.25,1888.81005859375,0
2026-08-12T17:00:00Z,1888.6500244140625,1889.9200439453125,1883.260009765625,1886.02001953125,2134528
2026-08-12T18:00:00Z,1885.9200439453125,1889.1500244140625,1883.3499755859375,1883.449951171875,0
2026-08-12T19:00:00Z,1882.93994140625,1884.719970703125,1875.760009765625,1877.1700439453125,0
2026-08-12T20:00:00Z,1877.06005859375,1885.510009765625,1875.8900146484375,1884.5999755859375,0
2026-08-12T21:00:00Z,1884.5899658203125,1887.239990234375,1871.800048828125,1876.0400390625,35050496
2026-08-12T22:00:00Z,1875.1500244140625,1879.31005859375,1873.780029296875,1876.550048828125,0
2026-08-12T23:00:00Z,1876.47998046875,1878.3299560546875,1872.8499755859375,1877.6800537109375,32603648
2026-08-13T00:00:00Z,1877.699951171875,1883.050048828125,1875.4100341796875,1878.47998046875,162832384
2026-08-13T01:00:00Z,1878.25,1880.93994140625,1873.31005859375,1876.1600341796875,0
2026-08-13T02:00:00Z,1875.969970703125,1881.1500244140625,1871.3599853515625,1879.9599609375,98208256
2026-08-13T03:00:00Z,1879.8699951171875,1886.77001953125,1879.6500244140625,1885.5699462890625,73931776
2026-08-13T04:00:00Z,1885.68994140625,1892.68994140625,1883.4200439453125,1890.449951171875,10473472
2026-08-13T05:00:00Z,1890.25,1898.1300048828125,1889.719970703125,1893.9100341796875,147398144
2026-08-13T06:00:00Z,1894.050048828125,1896.800048828125,1890.1500244140625,1896.7900390625,0
2026-08-13T07:00:00Z,1896.8199462890625,1897.0799560546875,1893.469970703125,1893.8699951171875,35529216
2026-08-13T08:00:00Z,1893.8699951171875,1895.4000244140625,1887.0,1888.300048828125,37660672
2026-08-13T09:00:00Z,1888.2900390625,1888.9100341796875,1879.6800537109375,1887.77001953125,0
2026-08-13T10:00:00Z,1888.219970703125,1888.219970703125,1879.81005859375,1881.0699462890625,0
2026-08-13T11:00:00Z,1881.0699462890625,1881.6400146484375,1873.3199462890625,1878.3499755859375,0
2026-08-13T12:00:00Z,1877.93994140625,1887.989990234375,1876.949951171875,1887.0799560546875,0
2026-08-13T13:00:00Z,1888.1700439453125,1893.5999755859375,1884.9000244140625,1888.3900146484375,0
2026-08-13T14:00:00Z,1888.550048828125,1895.5400390625,1886.5799560546875,1891.449951171875,0
2026-08-13T15:00:00Z,1892.050048828125,1894.3499755859375,1878.6600341796875,1878.6600341796875,0
2026-08-13T16:00:00Z,1878.75,1883.1300048828125,1862.199951171875,1872.6600341796875,475724288
2026-08-13T17:00:00Z,1872.06005859375,1878.8699951171875,1871.719970703125,1874.9300537109375,130461184
2026-08-13T18:00:00Z,1875.0400390625,1885.300048828125,1874.5999755859375,1883.5699462890625,8910336
2026-08-13T19:00:00Z,1883.8699951171875,1890.7900390625,1883.219970703125,1885.1300048828125,34347008
2026-08-13T20:00:00Z,1885.47998046875,1887.760009765625,1883.530029296875,1884.4200439453125,0
2026-08-13T21:00:00Z,1884.0699462890625,1887.6400146484375,1884.030029296875,1886.97998046875,0
2026-08-13T22:00:00Z,1887.2900390625,1891.050048828125,1886.760009765625,1887.72998046875,0
2026-08-13T23:00:00Z,1887.719970703125,1887.719970703125,1882.9000244140625,1884.6099853515625,12433408
2026-08-14T00:00:00Z,1884.8299560546875,1887.780029296875,1882.0999755859375,1887.6600341796875,0
2026-08-14T01:00:00Z,1887.739990234375,1888.52001953125,1883.199951171875,1887.81005859375,0
2026-08-14T02:00:00Z,1887.8299560546875,1889.489990234375,1884.280029296875,1884.8299560546875,0
2026-08-14T03:00:00Z,1884.780029296875,1887.4200439453125,1880.949951171875,1881.260009765625,0
2026-08-14T04:00:00Z,1881.0,1886.1400146484375,1880.3699951171875,1882.97998046875,0
2026-08-14T05:00:00Z,1882.97998046875,1883.780029296875,1878.6700439453125,1882.0899658203125,0
2026-08-14T06:00:00Z,1882.1300048828125,1882.1300048828125,1870.93994140625,1870.93994140625,93266944
2026-08-14T07:00:00Z,1870.6500244140625,1876.3299560546875,1870.4300537109375,1871.1800537109375,37293056
2026-08-14T08:00:00Z,1871.25,1876.4100341796875,1867.4000244140625,1876.4100341796875,21680640
2026-08-14T09:00:00Z,1876.8499755859375,1876.8499755859375,1869.260009765625,1871.06005859375,0
2026-08-14T10:00:00Z,1870.3399658203125,1876.0799560546875,1870.3399658203125,1873.93994140625,0
2026-08-14T11:00:00Z,1874.1400146484375,1878.8699951171875,1872.8599853515625,1876.4100341796875,0
2026-08-14T12:00:00Z,1876.5,1877.469970703125,1870.8900146484375,1871.22998046875,0
2026-08-14T13:00:00Z,1871.6500244140625,1871.800048828125,1864.52001953125,1867.3199462890625,12284416
2026-08-14T14:00:00Z,1867.550048828125,1871.3900146484375,1862.18994140625,1864.9300537109375,0
2026-08-14T15:00:00Z,1864.9100341796875,1882.6400146484375,1864.18994140625,1879.239990234375,212630528
2026-08-14T16:00:00Z,1879.2099609375,1886.1300048828125,1877.31005859375,1883.3699951171875,0
2026-08-14T17:00:00Z,1883.6400146484375,1885.8299560546875,1874.6300048828125,1876.6300048828125,0
2026-08-14T18:00:00Z,1876.6800537109375,1877.219970703125,1871.699951171875,1873.6300048828125,50914304
2026-08-14T19:00:00Z,1873.530029296875,1880.2900390625,1871.6800537109375,1879.0400390625,0
2026-08-14T20:00:00Z,1879.2900390625,1879.9000244140625,1876.8699951171875,1878.56005859375,0
2026-08-14T21:00:00Z,1878.5699462890625,1879.43994140625,1875.5,1877.530029296875,0
2026-08-14T22:00:00Z,1877.3399658203125,1879.1800537109375,1874.5,1877.8800048828125,6679552
2026-08-14T23:00:00Z,1877.8599853515625,1880.8599853515625,1877.199951171875,1880.4100341796875,5409792
2026-08-15T00:00:00Z,1880.5,1881.719970703125,1879.8399658203125,1880.68994140625,0
2026-08-15T01:00:00Z,1880.6800537109375,1882.97998046875,1879.199951171875,1882.260009765625,0
2026-08-15T02:00:00Z,1882.2900390625,1884.0699462890625,1882.239990234375,1883.1199951171875,0
2026-08-15T03:00:00Z,1883.18994140625,1884.8800048828125,1880.8599853515625,1880.8900146484375,31283200
2026-08-15T04:00:00Z,1881.260009765625,1883.7900390625,1881.0799560546875,1882.5799560546875,0
2026-08-15T05:00:00Z,1882.4300537109375,1883.25,1877.739990234375,1878.9599609375,0
2026-08-15T06:00:00Z,1879.06005859375,1881.6500244140625,1878.0899658203125,1880.3599853515625,0
2026-08-15T07:00:00Z,1880.3299560546875,1880.75,1878.219970703125,1878.56005859375,0
2026-08-15T08:00:00Z,1878.510009765625,1879.7099609375,1874.6300048828125,1875.0899658203125,0
2026-08-15T09:00:00Z,1875.3299560546875,1879.239990234375,1874.0899658203125,1878.4200439453125,0
2026-08-15T10:00:00Z,1878.5999755859375,1879.4599609375,1876.3900146484375,1879.280029296875,0
2026-08-15T11:00:00Z,1879.1199951171875,1879.3800048828125,1877.1700439453125,1877.2900390625,0
2026-08-15T12:00:00Z,1877.1400146484375,1881.719970703125,1876.199951171875,1881.719970703125,0
2026-08-15T13:00:00Z,1881.550048828125,1882.8299560546875,1880.2900390625,1881.5,0
2026-08-15T14:00:00Z,1881.5,1882.6099853515625,1879.4599609375,1881.469970703125,0
2026-08-15T15:00:00Z,1881.3699951171875,1883.9000244140625,1880.949951171875,1882.8900146484375,0
2026-08-15T16:00:00Z,1883.0,1883.81005859375,1881.72998046875,1883.0899658203125,0
2026-08-15T17:00:00Z,1882.8499755859375,1884.3699951171875,1880.9599609375,1882.4000244140625,0
2026-08-15T18:00:00Z,1882.3499755859375,1883.77001953125,1880.56005859375,1880.8699951171875,0
2026-08-15T19:00:00Z,1880.800048828125,1882.8599853515625,1880.6400146484375,1882.3599853515625,0
2026-08-15T20:00:00Z,1882.3800048828125,1882.52001953125,1880.719970703125,1881.3399658203125,0
2026-08-15T21:00:00Z,1881.3299560546875,1883.6400146484375,1881.199951171875,1883.1300048828125,21493248
2026-08-15T22:00:00Z,1883.1300048828125,1883.77001953125,1882.27001953125,1882.5799560546875,0
2026-08-15T23:00:00Z,1882.6800537109375,1882.760009765625,1880.0,1880.93994140625,0
2026-08-16T00:00:00Z,1880.8800048828125,1881.510009765625,1879.81005859375,1880.6500244140625,11183872
2026-08-16T01:00:00Z,1880.22998046875,1880.3800048828125,1875.239990234375,1878.6199951171875,0
2026-08-16T02:00:00Z,1878.300048828125,1883.25,1877.0999755859375,1881.7900390625,33498368
2026-08-16T03:00:00Z,1881.8900146484375,1882.3499755859375,1880.8900146484375,1881.010009765625,0
2026-08-16T04:00:00Z,1881.02001953125,1882.6800537109375,1879.02001953125,1879.949951171875,2258432
2026-08-16T05:00:00Z,1879.8699951171875,1880.1800537109375,1877.5999755859375,1878.1199951171875,0
2026-08-16T06:00:00Z,1878.18994140625,1879.81005859375,1877.010009765625,1878.6600341796875,10308608
2026-08-16T07:00:00Z,1878.6500244140625,1879.8599853515625,1877.93994140625,1879.300048828125,4277248
2026-08-16T08:00:00Z,1879.300048828125,1879.5400390625,1878.4000244140625,1878.8299560546875,0
2026-08-16T09:00:00Z,1878.9200439453125,1880.27001953125,1877.1400146484375,1878.1400146484375,23649280
2026-08-16T10:00:00Z,1878.1400146484375,1879.1300048828125,1877.6300048828125,1878.760009765625,0
2026-08-16T11:00:00Z,1878.760009765625,1879.1300048828125,1877.9100341796875,1878.9100341796875,0
2026-08-16T12:00:00Z,1878.9100341796875,1878.9100341796875,1877.3499755859375,1877.75,0
2026-08-16T13:00:00Z,1877.760009765625,1879.9100341796875,1877.75,1879.9100341796875,0
2026-08-16T14:00:00Z,1879.9200439453125,1882.510009765625,1879.9200439453125,1881.3900146484375,53052160
2026-08-16T15:00:00Z,1881.5699462890625,1882.97998046875,1880.699951171875,1882.010009765625,31904768
2026-08-16T16:00:00Z,1882.02001953125,1889.93994140625,1882.02001953125,1887.449951171875,167911680
2026-08-16T17:00:00Z,1887.75,1888.56005859375,1882.0799560546875,1883.1199951171875,48663040
2026-08-16T18:00:00Z,1883.1700439453125,1884.449951171875,1880.780029296875,1883.68994140625,41476096
2026-08-16T19:00:00Z,1883.699951171875,1886.8900146484375,1882.7099609375,1884.280029296875,14108672
2026-08-16T20:00:00Z,1884.3199462890625,1885.5899658203125,1879.7099609375,1880.0799560546875,88927488
2026-08-16T21:00:00Z,1879.56005859375,1881.0899658203125,1868.219970703125,1873.719970703125,117191936
2026-08-16T22:00:00Z,1873.43994140625,1876.1400146484375,1867.3199462890625,1874.0799560546875,255094528
2026-08-16T23:00:00Z,1873.25,1875.6099853515625,1871.4000244140625,1874.1300048828125,49401600
2026-08-17T00:00:00Z,1874.0999755859375,1877.93994140625,1870.6099853515625,1876.77001953125,125688576
2026-08-17T01:00:00Z,1876.7099609375,1895.25,1876.7099609375,1889.52001953125,433208064
2026-08-17T02:00:00Z,1890.9000244140625,1904.77001953125,1886.68994140625,1900.4000244140625,265731840
2026-08-17T03:00:00Z,1901.9300537109375,1902.06005859375,1896.0,1899.06005859375,263310848
2026-08-17T04:00:00Z,1899.3599853515625,1902.9599609375,1899.3599853515625,1901.780029296875,157832192
2026-08-17T05:00:00Z,1901.6199951171875,1902.260009765625,1896.4100341796875,1897.7900390625,110028800
2026-08-17T06:00:00Z,1897.7900390625,1910.18994140625,1896.1400146484375,1905.1400146484375,288252928
2026-08-17T07:00:00Z,1905.8299560546875,1905.8299560546875,1899.0999755859375,1899.1400146484375,265096192
2026-08-17T08:00:00Z,1899.25,1899.9599609375,1889.68994140625,1892.3699951171875,280372224
2026-08-17T09:00:00Z,1892.3900146484375,1895.4599609375,1891.1700439453125,1891.969970703125,24306176
2026-08-17T10:00:00Z,1891.9200439453125,1907.27001953125,1890.0699462890625,1905.239990234375,165645312
2026-08-17T11:00:00Z,1904.6500244140625,1906.5899658203125,1902.0799560546875,1902.699951171875,197238784
2026-08-17T12:00:00Z,1902.719970703125,1904.760009765625,1895.06005859375,1897.1199951171875,215771648
2026-08-17T13:00:00Z,1896.949951171875,1907.3900146484375,1893.8800048828125,1902.8699951171875,260941824
2026-08-17T14:00:00Z,1903.0999755859375,1908.5999755859375,1896.1199951171875,1907.7099609375,238024704
2026-08-17T15:00:00Z,1907.199951171875,1913.68994140625,1902.9000244140625,1911.4599609375,338765824
2026-08-17T16:00:00Z,1912.300048828125,1912.300048828125,1903.719970703125,1905.4100341796875,48470016
2026-08-17T17:00:00Z,1905.4000244140625,1912.6800537109375,1903.0400390625,1907.219970703125,263195136
2026-08-17T18:00:00Z,1907.43994140625,1911.239990234375,1905.5999755859375,1908.4100341796875,154384384
2026-08-17T19:00:00Z,1907.949951171875,1909.260009765625,1904.989990234375,1905.6700439453125,0
2026-08-17T20:00:00Z,1905.6500244140625,1909.02001953125,1903.3800048828125,1904.8800048828125,208529920
2026-08-17T21:00:00Z,1905.1800537109375,1907.239990234375,1904.3299560546875,1904.75,0
2026-08-17T22:00:00Z,1905.2900390625,1906.469970703125,1901.9000244140625,1902.760009765625,0
2026-08-17T23:00:00Z,1902.9599609375,1916.7900390625,1902.280029296875,1911.93994140625,131563008
2026-08-18T00:00:00Z,1912.510009765625,1912.800048828125,1907.1500244140625,1908.0799560546875,0
2026-08-18T01:00:00Z,1908.22998046875,1908.6500244140625,1898.1700439453125,1899.8299560546875,0
2026-08-18T02:00:00Z,1899.43994140625,1901.97998046875,1888.18994140625,1891.3900146484375,17247744
2026-08-18T03:00:00Z,1891.43994140625,1893.8299560546875,1884.280029296875,1892.8900146484375,0
2026-08-18T04:00:00Z,1892.6600341796875,1895.81005859375,1889.6800537109375,1894.77001953125,62265856
2026-08-18T05:00:00Z,1894.5899658203125,1896.75,1891.0400390625,1893.9000244140625,0
2026-08-18T06:00:00Z,1893.47998046875,1905.18994140625,1891.6800537109375,1901.0899658203125,0
2026-08-18T07:00:00Z,1901.260009765625,1901.6099853515625,1895.6099853515625,1897.050048828125,0
2026-08-18T08:00:00Z,1896.9200439453125,1900.02001953125,1892.1099853515625,1898.3800048828125,0
2026-08-18T09:00:00Z,1898.0,1898.0899658203125,1893.56005859375,1894.800048828125,76886016
2026-08-18T10:00:00Z,1894.7900390625,1897.030029296875,1893.2900390625,1896.0899658203125,0
2026-08-18T11:00:00Z,1895.5999755859375,1903.8199462890625,1895.5999755859375,1901.2099609375,0
2026-08-18T12:00:00Z,1901.2099609375,1902.0,1897.31005859375,1897.6500244140625,0
2026-08-18T13:00:00Z,1896.81005859375,1898.280029296875,1892.0699462890625,1896.0,0
2026-08-18T14:00:00Z,1896.4599609375,1921.9100341796875,1895.47998046875,1909.75,475369472
2026-08-18T15:00:00Z,1911.1099853515625,1918.22998046875,1907.0999755859375,1916.469970703125,93674496
2026-08-18T16:00:00Z,1916.97998046875,1921.0899658203125,1911.5999755859375,1917.3800048828125,67436032
2026-08-18T17:00:00Z,1917.5,1917.5,1910.1300048828125,1910.219970703125,0
2026-08-18T18:00:00Z,1909.97998046875,1916.4599609375,1909.760009765625,1915.27001953125,0
2026-08-18T19:00:00Z,1915.0,1916.3399658203125,1911.8299560546875,1912.18994140625,0
2026-08-18T20:00:00Z,1912.550048828125,1914.5,1910.6400146484375,1911.469970703125,0
2026-08-18T21:00:00Z,1911.52001953125,1913.760009765625,1909.8199462890625,1910.949951171875,0
2026-08-18T22:00:00Z,1910.8399658203125,1914.050048828125,1910.4599609375,1912.239990234375,81212928
2026-08-18T23:00:00Z,1911.7099609375,1919.0,1911.7099609375,1916.739990234375,0
2026-08-19T00:00:00Z,1917.22998046875,1917.760009765625,1910.8199462890625,1912.3499755859375,4128256
2026-08-19T01:00:00Z,1912.0,1916.800048828125,1911.02001953125,1912.2900390625,89653248
2026-08-19T02:00:00Z,1912.010009765625,1912.550048828125,1905.969970703125,1906.280029296875,0
2026-08-19T03:00:00Z,1906.300048828125,1913.9599609375,1904.800048828125,1910.4100341796875,0
2026-08-19T04:00:00Z,1910.4100341796875,1913.0799560546875,1908.5999755859375,1909.1099853515625,8750080
2026-08-19T05:00:00Z,1909.0799560546875,1912.489990234375,1908.3499755859375,1908.800048828125,0
2026-08-19T06:00:00Z,1909.68994140625,1916.1300048828125,1904.8199462890625,1916.06005859375,46286848
2026-08-19T07:00:00Z,1916.8599853515625,1919.77001953125,1913.9000244140625,1914.4599609375,97248768
2026-08-19T08:00:00Z,1914.300048828125,1928.3900146484375,1913.6300048828125,1920.0,130632192
2026-08-19T09:00:00Z,1920.27001953125,1922.47998046875,1916.4300537109375,1917.6300048828125,0
2026-08-19T10:00:00Z,1917.6199951171875,1918.72998046875,1915.739990234375,1918.52001953125,0
2026-08-19T11:00:00Z,1918.1600341796875,1924.3900146484375,1918.1600341796875,1921.550048828125,36642816
2026-08-19T12:00:00Z,1921.5400390625,1941.550048828125,1920.800048828125,1935.989990234375,583171584
2026-08-19T13:00:00Z,1935.9000244140625,1939.9599609375,1927.0699462890625,1931.3199462890625,673034752
2026-08-19T14:00:00Z,1932.030029296875,1976.8499755859375,1931.47998046875,1968.72998046875,141062656
2026-08-19T15:00:00Z,1970.949951171875,2108.72998046875,1966.5,2085.35009765625,5760464896
2026-08-19T16:00:00Z,2084.530029296875,2106.050048828125,2081.199951171875,2088.840087890625,2190904320
2026-08-19T17:00:00Z,2088.949951171875,2092.179931640625,2068.2900390625,2090.639892578125,1098273792
2026-08-19T18:00:00Z,2091.47998046875,2091.9599609375,2078.89990234375,2091.72998046875,907730944
2026-08-19T19:00:00Z,2091.27001953125,2105.320068359375,2088.8798828125,2101.719970703125,897826816
2026-08-19T20:00:00Z,2102.780029296875,2238.93994140625,2101.60009765625,2218.300048828125,2086129664
2026-08-19T21:00:00Z,2221.89990234375,2330.919921875,2216.070068359375,2284.949951171875,5310261248
2026-08-19T22:00:00Z,2287.469970703125,2288.97998046875,2242.56005859375,2248.800048828125,1870096384
2026-08-19T23:00:00Z,2249.989990234375,2260.199951171875,2242.330078125,2251.68994140625,1147805696
2026-08-20T00:00:00Z,2251.2099609375,2272.6201171875,2251.169921875,2261.22998046875,1014122496
2026-08-20T01:00:00Z,2259.75,2269.530029296875,2248.81005859375,2265.429931640625,1044326400
2026-08-20T02:00:00Z,2265.6201171875,2269.35009765625,2248.719970703125,2250.64990234375,58058752
2026-08-20T03:00:00Z,2250.639892578125,2254.6201171875,2220.219970703125,2249.419921875,1163141120
2026-08-20T04:00:00Z,2249.419921875,2256.27001953125,2247.25,2248.550048828125,796391424
2026-08-20T05:00:00Z,2248.840087890625,2255.159912109375,2241.93994140625,2246.75,198858752
2026-08-20T06:00:00Z,2246.159912109375,2265.550048828125,2237.510009765625,2261.10009765625,728680448
2026-08-20T07:00:00Z,2261.050048828125,2262.1201171875,2243.179931640625,2249.9599609375,627703808
2026-08-20T08:00:00Z,2250.47998046875,2284.3701171875,2247.639892578125,2280.0,1121329152
2026-08-20T09:00:00Z,2280.409912109375,2296.139892578125,2273.800048828125,2276.949951171875,1196408832
2026-08-20T10:00:00Z,2277.409912109375,2292.949951171875,2274.8798828125,2285.139892578125,1302753280
2026-08-20T11:00:00Z,2284.590087890625,2317.340087890625,2280.75,2294.830078125,1121853440
2026-08-20T12:00:00Z,2295.260009765625,2298.820068359375,2267.2099609375,2288.60009765625,494391296
2026-08-20T13:00:00Z,2288.780029296875,2296.39990234375,2256.0,2274.5,536723456
2026-08-20T14:00:00Z,2275.010009765625,2287.530029296875,2269.699951171875,2279.89990234375,58998784
2026-08-20T15:00:00Z,2280.14990234375,2334.989990234375,2279.97998046875,2325.93994140625,0
2026-08-20T16:00:00Z,2325.68994140625,2357.52001953125,2313.5400390625,2343.199951171875,0
2026-08-20T17:00:00Z,2342.300048828125,2349.8798828125,2331.639892578125,2343.5,0
2026-08-20T18:00:00Z,2343.89990234375,2347.1201171875,2310.22998046875,2315.85009765625,389984256
2026-08-20T19:00:00Z,2316.52001953125,2332.22998046875,2312.3701171875,2323.469970703125,19369984
2026-08-20T20:00:00Z,2323.77001953125,2331.1298828125,2313.300048828125,2317.909912109375,0
2026-08-20T21:00:00Z,2317.719970703125,2324.9599609375,2312.989990234375,2318.510009765625,0
2026-08-20T22:00:00Z,2318.60009765625,2318.820068359375,2307.719970703125,2313.669921875,0
2026-08-20T23:00:00Z,2313.6201171875,2338.93994140625,2312.4599609375,2326.60009765625,0
2026-08-21T00:00:00Z,2326.60009765625,2349.300048828125,2324.419921875,2340.22998046875,0
2026-08-21T01:00:00Z,2338.919921875,2378.5400390625,2337.169921875,2358.330078125,53436416
2026-08-21T02:00:00Z,2358.97998046875,2363.5,2342.4599609375,2344.52001953125,957032448
2026-08-21T03:00:00Z,2345.739990234375,2353.5400390625,2336.85009765625,2340.030029296875,0
2026-08-21T04:00:00Z,2340.72998046875,2355.22998046875,2340.72998046875,2353.280029296875,0
2026-08-21T05:00:00Z,2352.800048828125,2367.60009765625,2348.889892578125,2367.60009765625,433827840
2026-08-21T06:00:00Z,2366.800048828125,2378.10009765625,2354.340087890625,2371.280029296875,135860224
2026-08-21T07:00:00Z,2369.929931640625,2396.800048828125,2367.719970703125,2369.97998046875,0
2026-08-21T08:00:00Z,2370.7099609375,2447.580078125,2369.39990234375,2443.090087890625,458737664
2026-08-21T09:00:00Z,2444.580078125,2445.02001953125,2376.659912109375,2403.60009765625,2196733952
2026-08-21T10:00:00Z,2403.39990234375,2411.199951171875,2390.4599609375,2395.02001953125,0
2026-08-21T11:00:00Z,2395.3701171875,2397.7900390625,2357.530029296875,2369.85009765625,0
2026-08-21T12:00:00Z,2370.669921875,2396.280029296875,2365.3798828125,2387.56005859375,428558336
2026-08-21T13:00:00Z,2388.39990234375,2405.60009765625,2368.97998046875,2388.1298828125,0
2026-08-21T14:00:00Z,2386.449951171875,2396.469970703125,2369.0,2392.969970703125,834926592
2026-08-21T15:00:00Z,2393.590087890625,2407.159912109375,2390.39990234375,2392.889892578125,0
2026-08-21T16:00:00Z,2393.5,2412.06005859375,2383.419921875,2406.02001953125,0
2026-08-21T17:00:00Z,2405.699951171875,2427.219970703125,2402.389892578125,2423.1201171875,263362560
2026-08-21T18:00:00Z,2423.389892578125,2431.139892578125,2395.320068359375,2419.89990234375,0
2026-08-21T19:00:00Z,2419.7900390625,2419.89990234375,2406.8798828125,2413.2099609375,33939456
2026-08-21T20:00:00Z,2414.6298828125,2447.340087890625,2408.280029296875,2440.510009765625,436772864
2026-08-21T21:00:00Z,2440.330078125,2520.2099609375,2434.02001953125,2513.139892578125,1324939264
2026-08-21T22:00:00Z,2514.5400390625,2545.989990234375,2506.419921875,2521.06005859375,1632342016
2026-08-21T23:00:00Z,2521.820068359375,2545.610107421875,2509.840087890625,2515.9599609375,1332959232
2026-08-22T00:00:00Z,2516.2900390625,2522.85009765625,2490.800048828125,2521.81005859375,0
2026-08-22T01:00:00Z,2521.60009765625,2528.5400390625,2508.699951171875,2509.0400390625,0
2026-08-22T02:00:00Z,2508.43994140625,2521.9599609375,2497.60009765625,2515.5,0
2026-08-22T03:00:00Z,2515.25,2526.4599609375,2512.47998046875,2514.659912109375,401334272
2026-08-22T04:00:00Z,2515.030029296875,2529.219970703125,2505.820068359375,2514.81005859375,771035136
2026-08-22T05:00:00Z,2513.81005859375,2518.199951171875,2390.31005859375,2440.239990234375,3598372864
2026-08-22T06:00:00Z,2439.830078125,2443.389892578125,2414.449951171875,2437.56005859375,572829696
2026-08-22T07:00:00Z,2437.320068359375,2447.60009765625,2426.419921875,2432.550048828125,0
2026-08-22T08:00:00Z,2433.820068359375,2440.43994140625,2412.68994140625,2425.510009765625,0
2026-08-22T09:00:00Z,2425.52001953125,2428.909912109375,2414.14990234375,2421.7099609375,0
2026-08-22T10:00:00Z,2422.0,2422.43994140625,2389.9599609375,2412.85009765625,618117120
2026-08-22T11:00:00Z,2412.56005859375,2426.72998046875,2405.239990234375,2424.110107421875,0
2026-08-22T12:00:00Z,2423.77001953125,2437.909912109375,2419.330078125,2428.39990234375,0
2026-08-22T13:00:00Z,2428.449951171875,2432.89990234375,2421.639892578125,2430.050048828125,0
2026-08-22T14:00:00Z,2430.090087890625,2431.3701171875,2409.090087890625,2413.510009765625,0
2026-08-22T15:00:00Z,2413.56005859375,2416.159912109375,2405.510009765625,2410.469970703125,0
2026-08-22T16:00:00Z,2410.679931640625,2429.0400390625,2408.659912109375,2422.3701171875,0
2026-08-22T17:00:00Z,2422.7900390625,2430.949951171875,2417.7099609375,2426.199951171875,0
2026-08-22T18:00:00Z,2426.199951171875,2433.889892578125,2421.60009765625,2427.14990234375,0
2026-08-22T19:00:00Z,2427.14990234375,2443.800048828125,2424.06005859375,2439.0,0
2026-08-22T20:00:00Z,2439.1201171875,2443.35009765625,2429.18994140625,2431.800048828125,0
2026-08-22T21:00:00Z,2431.419921875,2431.64990234375,2404.60009765625,2406.9599609375,0
2026-08-22T22:00:00Z,2406.919921875,2424.68994140625,2404.31005859375,2413.6201171875,0
2026-08-22T23:00:00Z,2414.030029296875,2426.760009765625,2410.679931640625,2422.0,27768832
2026-08-23T00:00:00Z,2423.280029296875,2434.969970703125,2419.1201171875,2430.820068359375,0
2026-08-23T01:00:00Z,2431.030029296875,2432.530029296875,2420.0,2422.820068359375,0
2026-08-23T02:00:00Z,2423.0400390625,2423.93994140625,2409.580078125,2416.52001953125,0
2026-08-23T03:00:00Z,2416.909912109375,2418.669921875,2407.5,2413.739990234375,0
2026-08-23T04:00:00Z,2413.389892578125,2416.5,2371.85009765625,2379.989990234375,0
2026-08-23T05:00:00Z,2377.31005859375,2386.080078125,2356.969970703125,2373.169921875,0
2026-08-23T06:00:00Z,2373.590087890625,2395.919921875,2370.06005859375,2389.510009765625,0
2026-08-23T07:00:00Z,2389.530029296875,2396.530029296875,2386.3798828125,2388.419921875,0
2026-08-23T08:00:00Z,2388.159912109375,2423.719970703125,2386.3798828125,2412.389892578125,0
2026-08-23T09:00:00Z,2411.639892578125,2416.090087890625,2405.889892578125,2411.179931640625,0
2026-08-23T10:00:00Z,2411.169921875,2419.330078125,2410.820068359375,2414.75,0
2026-08-23T11:00:00Z,2414.760009765625,2438.429931640625,2414.510009765625,2433.360107421875,0
2026-08-23T12:00:00Z,2433.1201171875,2433.1201171875,2419.080078125,2426.719970703125,0
2026-08-23T13:00:00Z,2426.68994140625,2482.659912109375,2426.68994140625,2459.280029296875,889030656
2026-08-23T14:00:00Z,2459.159912109375,2467.6201171875,2392.280029296875,2438.5,962188288
2026-08-23T15:00:00Z,2439.6201171875,2449.4599609375,2422.10009765625,2438.389892578125,432287744
2026-08-23T16:00:00Z,2438.39990234375,2457.47998046875,2438.39990234375,2450.5400390625,0
2026-08-23T17:00:00Z,2450.7099609375,2454.06005859375,2434.1298828125,2440.260009765625,335293440
2026-08-23T18:00:00Z,2440.75,2449.1298828125,2434.860107421875,2448.239990234375,44828672
2026-08-23T19:00:00Z,2449.02001953125,2453.52001953125,2437.81005859375,2444.4599609375,0
2026-08-23T20:00:00Z,2443.800048828125,2450.409912109375,2436.360107421875,2450.10009765625,0
2026-08-23T21:00:00Z,2450.280029296875,2484.18994140625,2450.280029296875,2469.8701171875,35842048
2026-08-23T22:00:00Z,2471.800048828125,2474.52001953125,2452.260009765625,2455.0,395216896
2026-08-23T23:00:00Z,2454.6201171875,2470.22998046875,2443.199951171875,2463.5400390625,675962880
2026-08-24T00:00:00Z,2462.739990234375,2465.64990234375,2443.39990234375,2465.429931640625,108271616
2026-08-24T01:00:00Z,2464.919921875,2465.9599609375,2427.840087890625,2428.77001953125,444434432
2026-08-24T02:00:00Z,2429.840087890625,2451.3701171875,2424.550048828125,2443.7900390625,163659776
2026-08-24T03:00:00Z,2443.280029296875,2445.110107421875,2426.820068359375,2430.2900390625,289482752
2026-08-24T04:00:00Z,2430.699951171875,2446.68994140625,2428.860107421875,2438.300048828125,0
2026-08-24T05:00:00Z,2437.39990234375,2459.469970703125,2434.2099609375,2449.2900390625,0
2026-08-24T06:00:00Z,2448.419921875,2462.93994140625,2444.52001953125,2456.409912109375,0
2026-08-24T07:00:00Z,2456.159912109375,2473.5400390625,2451.949951171875,2454.0,406329344
2026-08-24T08:00:00Z,2454.699951171875,2457.580078125,2435.14990234375,2454.3798828125,0
2026-08-24T09:00:00Z,2453.860107421875,2464.889892578125,2453.5400390625,2462.72998046875,227637248
2026-08-24T10:00:00Z,2462.72998046875,2484.300048828125,2461.280029296875,2464.590087890625,480796672
2026-08-24T11:00:00Z,2464.169921875,2507.280029296875,2453.97998046875,2494.10009765625,402788352
2026-08-24T12:00:00Z,2491.43994140625,2517.0,2474.199951171875,2512.0,1142937600
2026-08-24T13:00:00Z,2512.280029296875,2518.719970703125,2475.7900390625,2492.89990234375,600821760
2026-08-24T14:00:00Z,2493.47998046875,2530.639892578125,2490.60009765625,2515.489990234375,0
2026-08-24T15:00:00Z,2515.14990234375,2531.8701171875,2480.010009765625,2486.5,822155264
2026-08-24T16:00:00Z,2487.89990234375,2504.760009765625,2471.110107421875,2477.860107421875,566282240
2026-08-24T17:00:00Z,2477.360107421875,2483.43994140625,2454.639892578125,2468.5400390625,1012383744
2026-08-24T18:00:00Z,2469.510009765625,2482.72998046875,2466.719970703125,2473.8701171875,282097664
2026-08-24T19:00:00Z,2474.590087890625,2477.5400390625,2462.5400390625,2471.330078125,153675776
2026-08-24T20:00:00Z,2472.739990234375,2479.159912109375,2465.0,2474.47998046875,384507904
2026-08-24T21:00:00Z,2475.1201171875,2486.47998046875,2475.1201171875,2483.669921875,0
2026-08-24T22:00:00Z,2483.679931640625,2484.860107421875,2473.090087890625,2474.0400390625,0
2026-08-24T23:00:00Z,2474.320068359375,2487.330078125,2470.97998046875,2482.699951171875,0
2026-08-25T00:00:00Z,2481.6201171875,2503.56005859375,2471.800048828125,2493.47998046875,0
2026-08-25T01:00:00Z,2493.889892578125,2504.110107421875,2484.6298828125,2495.280029296875,0
2026-08-25T02:00:00Z,2495.739990234375,2531.81005859375,2492.110107421875,2507.27001953125,934596608
2026-08-25T03:00:00Z,2507.85009765625,2514.1201171875,2489.889892578125,2498.7099609375,240359424
2026-08-25T04:00:00Z,2498.530029296875,2503.43994140625,2488.5,2494.169921875,0
2026-08-25T05:00:00Z,2495.030029296875,2511.010009765625,2493.070068359375,2507.85009765625,0
2026-08-25T06:00:00Z,2507.9599609375,2514.330078125,2496.239990234375,2500.27001953125,0
2026-08-25T07:00:00Z,2499.919921875,2512.10009765625,2466.75,2478.1201171875,2934784
2026-08-25T08:00:00Z,2478.489990234375,2497.3798828125,2474.5,2484.110107421875,0
2026-08-25T09:00:00Z,2484.2099609375,2490.489990234375,2463.860107421875,2474.030029296875,0
2026-08-25T10:00:00Z,2473.919921875,2485.1201171875,2469.969970703125,2481.469970703125,0
2026-08-25T11:00:00Z,2481.22998046875,2484.860107421875,2474.10009765625,2477.610107421875,0
2026-08-25T12:00:00Z,2477.449951171875,2481.22998046875,2458.81005859375,2473.1298828125,0
2026-08-25T13:00:00Z,2473.530029296875,2476.39990234375,2441.389892578125,2460.739990234375,0
2026-08-25T14:00:00Z,2460.800048828125,2483.81005859375,2453.989990234375,2477.090087890625,0
2026-08-25T15:00:00Z,2477.43994140625,2484.39990234375,2466.3701171875,2483.35009765625,0
2026-08-25T16:00:00Z,2480.840087890625,2485.699951171875,2468.800048828125,2471.090087890625,0
2026-08-25T17:00:00Z,2470.56005859375,2471.6201171875,2456.81005859375,2471.25,0
2026-08-25T18:00:00Z,2471.139892578125,2475.02001953125,2464.1201171875,2467.510009765625,0
2026-08-25T19:00:00Z,2467.39990234375,2470.469970703125,2455.4599609375,2464.139892578125,0
2026-08-25T20:00:00Z,2464.06005859375,2464.320068359375,2434.5,2436.030029296875,299626496
2026-08-25T21:00:00Z,2436.080078125,2443.659912109375,2416.0,2441.52001953125,796269568
2026-08-25T22:00:00Z,2441.719970703125,2455.6201171875,2441.719970703125,2453.830078125,0
2026-08-25T23:00:00Z,2453.610107421875,2456.320068359375,2436.81005859375,2442.550048828125,0
2026-08-26T00:00:00Z,2443.590087890625,2449.989990234375,2435.97998046875,2446.590087890625,0
2026-08-26T01:00:00Z,2445.31005859375,2461.97998046875,2445.31005859375,2455.8798828125,0
2026-08-26T02:00:00Z,2456.68994140625,2469.52001953125,2453.68994140625,2465.2900390625,0
2026-08-26T03:00:00Z,2464.9599609375,2468.320068359375,2458.6298828125,2465.2900390625,0
2026-08-26T04:00:00Z,2465.0,2472.389892578125,2455.419921875,2456.580078125,0
2026-08-26T05:00:00Z,2457.280029296875,2467.699951171875,2451.1201171875,2464.639892578125,0
2026-08-26T06:00:00Z,2464.43994140625,2467.14990234375,2453.179931640625,2459.830078125,0
2026-08-26T07:00:00Z,2459.320068359375,2468.5,2457.14990234375,2461.340087890625,0
2026-08-26T08:00:00Z,2461.330078125,2469.030029296875,2453.510009765625,2456.030029296875,0
2026-08-26T09:00:00Z,2455.8798828125,2460.60009765625,2442.3798828125,2447.610107421875,0
2026-08-26T10:00:00Z,2447.489990234375,2474.81005859375,2444.300048828125,2468.550048828125,106853376
2026-08-26T11:00:00Z,2468.820068359375,2473.0,2456.510009765625,2462.31005859375,0
2026-08-26T12:00:00Z,2463.090087890625,2471.64990234375,2447.39990234375,2454.510009765625,163341312
2026-08-26T13:00:00Z,2453.31005859375,2461.52001953125,2438.60009765625,2457.179931640625,0
2026-08-26T14:00:00Z,2457.550048828125,2461.590087890625,2438.510009765625,2439.2900390625,0
2026-08-26T15:00:00Z,2438.5400390625,2454.909912109375,2432.330078125,2450.2099609375,0
2026-08-26T16:00:00Z,2450.030029296875,2455.72998046875,2438.360107421875,2444.550048828125,61991936
2026-08-26T17:00:00Z,2444.840087890625,2466.530029296875,2443.909912109375,2460.919921875,0
2026-08-26T18:00:00Z,2460.409912109375,2474.5,2458.81005859375,2473.080078125,0
2026-08-26T19:00:00Z,2471.669921875,2483.10009765625,2468.300048828125,2470.219970703125,160774144
2026-08-26T20:00:00Z,2471.219970703125,2474.550048828125,2460.449951171875,2472.110107421875,0
2026-08-26T21:00:00Z,2472.10009765625,2502.4599609375,2470.320068359375,2496.989990234375,0
2026-08-26T22:00:00Z,2496.5,2515.280029296875,2489.56005859375,2494.02001953125,290639872
2026-08-26T23:00:00Z,2492.699951171875,2512.43994140625,2488.68994140625,2506.860107421875,294884352
2026-08-27T00:00:00Z,2507.2900390625,2510.68994140625,2492.0,2492.0,209108992
2026-08-27T01:00:00Z,2491.800048828125,2506.1298828125,2486.93994140625,2497.780029296875,125418496
2026-08-27T02:00:00Z,2497.39990234375,2504.949951171875,2493.2099609375,2494.60009765625,0
2026-08-27T03:00:00Z,2494.719970703125,2498.68994140625,2488.7900390625,2492.56005859375,133694464
2026-08-27T04:00:00Z,2492.56005859375,2495.449951171875,2484.080078125,2487.02001953125,0
2026-08-27T05:00:00Z,2487.280029296875,2497.3798828125,2481.659912109375,2496.22998046875,0
2026-08-27T06:00:00Z,2495.75,2495.75,2483.909912109375,2492.8798828125,78885888
2026-08-27T07:00:00Z,2492.419921875,2498.419921875,2488.570068359375,2497.070068359375,0
2026-08-27T08:00:00Z,2497.219970703125,2545.6201171875,2496.929931640625,2531.1201171875,1312252928
2026-08-27T09:00:00Z,2531.1201171875,2565.3798828125,2525.219970703125,2534.699951171875,850054144
2026-08-27T10:00:00Z,2534.780029296875,2539.7900390625,2490.68994140625,2503.5,855114752
2026-08-27T11:00:00Z,2503.199951171875,2510.139892578125,2492.739990234375,2501.580078125,253282304
2026-08-27T12:00:00Z,2501.320068359375,2507.360107421875,2493.27001953125,2495.360107421875,0
2026-08-27T13:00:00Z,2494.8701171875,2506.85009765625,2483.2900390625,2497.5,0
2026-08-27T14:00:00Z,2497.14990234375,2522.93994140625,2489.260009765625,2517.64990234375,357291008
2026-08-27T15:00:00Z,2518.7900390625,2531.590087890625,2514.219970703125,2522.02001953125,78161920
2026-08-27T16:00:00Z,2522.39990234375,2533.260009765625,2517.010009765625,2522.39990234375,508930048
2026-08-27T17:00:00Z,2522.280029296875,2533.070068359375,2516.239990234375,2518.47998046875,318317568
2026-08-27T18:00:00Z,2518.52001953125,2518.93994140625,2489.300048828125,2507.260009765625,570290176
2026-08-27T19:00:00Z,2507.10009765625,2514.610107421875,2498.1201171875,2499.159912109375,0
2026-08-27T20:00:00Z,2499.860107421875,2508.760009765625,2495.10009765625,2508.72998046875,159694848
2026-08-27T21:00:00Z,2509.06005859375,2509.35009765625,2499.7900390625,2504.510009765625,0
2026-08-27T22:00:00Z,2505.280029296875,2517.300048828125,2505.280029296875,2515.610107421875,0
2026-08-27T23:00:00Z,2515.330078125,2517.659912109375,2510.0400390625,2511.72998046875,0
2026-08-28T00:00:00Z,2512.0,2520.169921875,2506.739990234375,2516.14990234375,0
2026-08-28T01:00:00Z,2515.929931640625,2535.0400390625,2508.969970703125,2512.8798828125,19223552
2026-08-28T02:00:00Z,2512.89990234375,2512.89990234375,2487.909912109375,2492.47998046875,563261440
2026-08-28T03:00:00Z,2492.469970703125,2496.25,2486.7099609375,2490.75,13873152
2026-08-28T04:00:00Z,2490.239990234375,2496.530029296875,2479.22998046875,2486.85009765625,164171776
2026-08-28T05:00:00Z,2486.699951171875,2498.010009765625,2483.050048828125,2494.010009765625,0
2026-08-28T06:00:00Z,2494.050048828125,2505.81005859375,2494.050048828125,2503.610107421875,116856832
2026-08-28T07:00:00Z,2503.929931640625,2503.949951171875,2494.85009765625,2496.60009765625,122327040
2026-08-28T08:00:00Z,2497.639892578125,2504.06005859375,2487.0,2488.659912109375,0
2026-08-28T09:00:00Z,2488.550048828125,2493.469970703125,2484.1298828125,2490.169921875,0
2026-08-28T10:00:00Z,2490.489990234375,2508.18994140625,2482.610107421875,2506.449951171875,0
2026-08-28T11:00:00Z,2506.669921875,2511.3798828125,2502.300048828125,2505.179931640625,0
2026-08-28T12:00:00Z,2505.489990234375,2508.06005859375,2495.3701171875,2499.010009765625,0
2026-08-28T13:00:00Z,2498.260009765625,2518.2900390625,2496.14990234375,2515.840087890625,0
2026-08-28T14:00:00Z,2508.47998046875,2525.989990234375,2471.090087890625,2513.1201171875,1215526912
2026-08-28T15:00:00Z,2514.679931640625,2519.389892578125,2471.2099609375,2472.06005859375,141886464
2026-08-28T16:00:00Z,2471.800048828125,2474.14990234375,2406.070068359375,2442.239990234375,2008953856
2026-08-28T17:00:00Z,2442.239990234375,2448.070068359375,2437.43994140625,2443.81005859375,0
2026-08-28T18:00:00Z,2443.719970703125,2445.239990234375,2418.2099609375,2428.10009765625,53488640
2026-08-28T19:00:00Z,2429.2900390625,2441.080078125,2429.0,2435.679931640625,0
2026-08-28T20:00:00Z,2434.2099609375,2436.199951171875,2423.800048828125,2427.590087890625,22580224
2026-08-28T21:00:00Z,2428.300048828125,2432.139892578125,2422.699951171875,2424.929931640625,66295808
2026-08-28T22:00:00Z,2424.429931640625,2444.7900390625,2422.659912109375,2442.010009765625,0
2026-08-28T23:00:00Z,2441.5,2442.89990234375,2436.64990234375,2442.7900390625,0
2026-08-29T00:00:00Z,2442.77001953125,2448.139892578125,2440.89990234375,2442.489990234375,41586688
2026-08-29T01:00:00Z,2442.14990234375,2446.080078125,2439.669921875,2443.60009765625,0
2026-08-29T02:00:00Z,2443.64990234375,2444.830078125,2435.5,2438.780029296875,0
2026-08-29T03:00:00Z,2438.77001953125,2441.68994140625,2434.679931640625,2435.110107421875,0
2026-08-29T04:00:00Z,2435.18994140625,2441.1298828125,2434.68994140625,2440.590087890625,0
2026-08-29T05:00:00Z,2440.580078125,2442.169921875,2438.2099609375,2439.030029296875,0
2026-08-29T06:00:00Z,2439.2900390625,2439.2900390625,2430.860107421875,2435.47998046875,0
2026-08-29T07:00:00Z,2435.5,2438.3701171875,2434.320068359375,2436.320068359375,0
2026-08-29T08:00:00Z,2435.840087890625,2436.010009765625,2431.39990234375,2434.3798828125,0
2026-08-29T09:00:00Z,2434.5400390625,2437.449951171875,2433.860107421875,2435.31005859375,0
2026-08-29T10:00:00Z,2435.239990234375,2438.389892578125,2431.3798828125,2434.909912109375,0
2026-08-29T11:00:00Z,2434.56005859375,2438.659912109375,2433.610107421875,2435.8701171875,0
2026-08-29T12:00:00Z,2435.860107421875,2439.31005859375,2433.669921875,2434.77001953125,0
2026-08-29T13:00:00Z,2434.830078125,2436.81005859375,2432.7099609375,2435.760009765625,0
2026-08-29T14:00:00Z,2435.8798828125,2452.7900390625,2435.199951171875,2448.669921875,0
2026-08-29T15:00:00Z,2449.39990234375,2449.39990234375,2441.6201171875,2444.800048828125,0
2026-08-29T16:00:00Z,2445.02001953125,2454.820068359375,2444.60009765625,2450.840087890625,0
2026-08-29T17:00:00Z,2451.4599609375,2455.52001953125,2445.760009765625,2450.64990234375,0
2026-08-29T18:00:00Z,2450.409912109375,2455.360107421875,2445.760009765625,2452.4599609375,0
2026-08-29T19:00:00Z,2452.419921875,2458.89990234375,2451.81005859375,2453.3798828125,0
2026-08-29T20:00:00Z,2453.5400390625,2458.5,2451.719970703125,2452.77001953125,0
2026-08-29T21:00:00Z,2452.889892578125,2453.760009765625,2448.969970703125,2451.4599609375,0
2026-08-29T22:00:00Z,2451.25,2453.1201171875,2449.320068359375,2452.340087890625,0
2026-08-29T23:00:00Z,2452.590087890625,2459.800048828125,2452.550048828125,2457.679931640625,0
2026-08-30T00:00:00Z,2457.780029296875,2467.719970703125,2454.419921875,2459.050048828125,0
2026-08-30T01:00:00Z,2459.06005859375,2460.7900390625,2453.10009765625,2456.760009765625,105994240
2026-08-30T02:00:00Z,2457.070068359375,2459.090087890625,2453.8701171875,2455.080078125,2191872
2026-08-30T03:00:00Z,2455.18994140625,2461.0,2454.27001953125,2457.35009765625,0
2026-08-30T04:00:00Z,2457.340087890625,2458.77001953125,2451.77001953125,2456.18994140625,102887424
2026-08-30T05:00:00Z,2456.199951171875,2459.89990234375,2455.2099609375,2456.139892578125,0
2026-08-30T06:00:00Z,2456.1201171875,2461.239990234375,2454.77001953125,2461.18994140625,0
2026-08-30T07:00:00Z,2461.1298828125,2461.1298828125,2455.010009765625,2455.22998046875,0
2026-08-30T08:00:00Z,2455.43994140625,2459.699951171875,2454.68994140625,2456.9599609375,0
2026-08-30T09:00:00Z,2456.239990234375,2458.090087890625,2452.02001953125,2453.22998046875,0
2026-08-30T10:00:00Z,2453.1298828125,2459.570068359375,2452.389892578125,2459.300048828125,19181568
2026-08-30T11:00:00Z,2459.300048828125,2461.3701171875,2456.4599609375,2460.010009765625,119366144
2026-08-30T12:00:00Z,2460.070068359375,2472.8798828125,2458.60009765625,2469.0,406106624
2026-08-30T13:00:00Z,2469.280029296875,2477.590087890625,2460.85009765625,2475.81005859375,167110656
2026-08-30T14:00:00Z,2475.550048828125,2479.60009765625,2470.969970703125,2477.030029296875,101594112
2026-08-30T15:00:00Z,2477.489990234375,2482.60009765625,2472.02001953125,2481.02001953125,207721472
2026-08-30T16:00:00Z,2481.219970703125,2533.830078125,2479.31005859375,2529.10009765625,1123291648
2026-08-30T17:00:00Z,2528.0,2528.0,2494.159912109375,2505.47998046875,573378048
2026-08-30T18:00:00Z,2505.6201171875,2517.75,2496.679931640625,2510.64990234375,107034624
2026-08-30T19:00:00Z,2510.64990234375,2513.10009765625,2496.659912109375,2503.389892578125,122838016
2026-08-30T20:00:00Z,2504.010009765625,2508.2900390625,2486.429931640625,2490.429931640625,267518976
2026-08-30T21:00:00Z,2490.419921875,2490.419921875,2461.590087890625,2481.699951171875,582816768
2026-08-30T22:00:00Z,2479.699951171875,2488.52001953125,2461.280029296875,2470.679931640625,416513024
2026-08-30T23:00:00Z,2470.39990234375,2470.39990234375,2387.929931640625,2417.340087890625,1880404992
2026-08-31T00:00:00Z,2414.6298828125,2439.64990234375,2407.97998046875,2428.1298828125,1011444736
2026-08-31T01:00:00Z,2427.070068359375,2430.409912109375,2410.800048828125,2412.679931640625,544669696
2026-08-31T02:00:00Z,2412.169921875,2424.7099609375,2401.2099609375,2407.449951171875,206894080
2026-08-31T03:00:00Z,2408.080078125,2424.0400390625,2404.679931640625,2420.81005859375,393029632
2026-08-31T04:00:00Z,2421.14990234375,2421.14990234375,2411.31005859375,2417.14990234375,46236672
2026-08-31T05:00:00Z,2416.43994140625,2441.5,2413.919921875,2435.77001953125,540790784
2026-08-31T06:00:00Z,2436.06005859375,2444.5,2431.22998046875,2438.340087890625,345916416
2026-08-31T07:00:00Z,2437.510009765625,2446.199951171875,2435.860107421875,2440.610107421875,188575744
2026-08-31T08:00:00Z,2440.330078125,2448.409912109375,2433.47998046875,2446.179931640625,305907712
2026-08-31T09:00:00Z,2446.030029296875,2456.25,2443.580078125,2446.139892578125,400529408
2026-08-31T10:00:00Z,2446.639892578125,2455.860107421875,2440.2900390625,2454.679931640625,285208576
2026-08-31T11:00:00Z,2454.739990234375,2456.570068359375,2443.39990234375,2445.75,115846144
2026-08-31T12:00:00Z,2445.1298828125,2463.510009765625,2443.949951171875,2450.820068359375,249667584
2026-08-31T13:00:00Z,2451.0,2458.429931640625,2436.31005859375,2439.3701171875,70771712
2026-08-31T14:00:00Z,2439.489990234375,2473.860107421875,2437.199951171875,2466.2900390625,668903424
2026-08-31T15:00:00Z,2467.179931640625,2477.39990234375,2457.56005859375,2467.219970703125,356294656
2026-08-31T16:00:00Z,2467.56005859375,2475.800048828125,2461.409912109375,2468.8701171875,0
2026-08-31T17:00:00Z,2468.699951171875,2476.5,2461.050048828125,2475.0400390625,0
2026-08-31T18:00:00Z,2474.52001953125,2488.080078125,2469.030029296875,2477.3701171875,248341504
2026-08-31T19:00:00Z,2478.300048828125,2489.169921875,2477.7099609375,2482.1298828125,172556288
2026-08-31T20:00:00Z,2481.469970703125,2486.070068359375,2470.1298828125,2472.47998046875,39836672
2026-08-31T21:00:00Z,2472.570068359375,2482.7099609375,2468.02001953125,2478.090087890625,0
2026-08-31T22:00:00Z,2479.030029296875,2480.39990234375,2467.18994140625,2468.919921875,0
2026-08-31T23:00:00Z,2468.070068359375,2468.360107421875,2461.969970703125,2467.2900390625,0
2026-09-01T00:00:00Z,2466.6298828125,2476.97998046875,2464.9599609375,2471.219970703125,0
2026-09-01T01:00:00Z,2471.9599609375,2475.85009765625,2458.0,2462.2900390625,0
2026-09-01T02:00:00Z,2461.60009765625,2464.669921875,2454.4599609375,2464.330078125,10590208
2026-09-01T03:00:00Z,2464.18994140625,2481.7900390625,2462.60009765625,2471.610107421875,6324224
2026-09-01T04:00:00Z,2472.0,2477.320068359375,2468.0,2469.530029296875,0
2026-09-01T05:00:00Z,2468.60009765625,2484.81005859375,2468.389892578125,2484.070068359375,0
2026-09-01T06:00:00Z,2483.919921875,2483.919921875,2471.139892578125,2471.139892578125,0
2026-09-01T07:00:00Z,2470.639892578125,2476.639892578125,2466.389892578125,2472.02001953125,0
2026-09-01T08:00:00Z,2472.360107421875,2472.93994140625,2444.56005859375,2447.610107421875,410840064
2026-09-01T09:00:00Z,2448.179931640625,2454.47998046875,2442.699951171875,2451.610107421875,20973568
2026-09-01T10:00:00Z,2451.7099609375,2463.080078125,2447.739990234375,2456.239990234375,37645312
2026-09-01T11:00:00Z,2456.22998046875,2463.219970703125,2451.739990234375,2458.320068359375,0
2026-09-01T12:00:00Z,2458.6298828125,2458.6298828125,2437.8798828125,2445.85009765625,0
2026-09-01T13:00:00Z,2445.340087890625,2449.31005859375,2430.5400390625,2443.22998046875,177098752
2026-09-01T14:00:00Z,2444.320068359375,2456.590087890625,2441.8798828125,2448.77001953125,9827328
2026-09-01T15:00:00Z,2448.72998046875,2453.5400390625,2434.52001953125,2448.02001953125,0
2026-09-01T16:00:00Z,2448.590087890625,2448.800048828125,2419.610107421875,2431.919921875,151394304
2026-09-01T17:00:00Z,2431.820068359375,2439.050048828125,2416.60009765625,2417.300048828125,0
2026-09-01T18:00:00Z,2418.199951171875,2420.97998046875,2383.25,2412.419921875,855887872
2026-09-01T19:00:00Z,2412.22998046875,2423.419921875,2411.760009765625,2417.6298828125,70072320
2026-09-01T20:00:00Z,2418.14990234375,2422.110107421875,2411.860107421875,2419.93994140625,110317568
2026-09-01T21:00:00Z,2418.659912109375,2422.02001953125,2399.840087890625,2414.260009765625,161405952
2026-09-01T22:00:00Z,2413.989990234375,2417.5400390625,2404.330078125,2411.739990234375,382836736
2026-09-01T23:00:00Z,2411.969970703125,2425.199951171875,2409.60009765625,2417.18994140625,29231104
2026-09-02T00:00:00Z,2417.719970703125,2420.97998046875,2405.219970703125,2407.89990234375,218526720
2026-09-02T01:00:00Z,2407.10009765625,2413.989990234375,2385.39990234375,2398.72998046875,141967360
2026-09-02T02:00:00Z,2397.60009765625,2409.47998046875,2394.169921875,2408.449951171875,263117824
2026-09-02T03:00:00Z,2408.47998046875,2422.72998046875,2407.2099609375,2413.199951171875,131026944
2026-09-02T04:00:00Z,2413.18994140625,2415.1298828125,2404.25,2413.949951171875,72573952
2026-09-02T05:00:00Z,2414.050048828125,2423.409912109375,2408.27001953125,2421.409912109375,0
2026-09-02T06:00:00Z,2422.169921875,2424.080078125,2414.330078125,2419.5,0
2026-09-02T07:00:00Z,2420.169921875,2427.89990234375,2416.139892578125,2416.530029296875,189428736
2026-09-02T08:00:00Z,2417.360107421875,2419.419921875,2388.949951171875,2391.840087890625,0
2026-09-02T09:00:00Z,2391.590087890625,2398.929931640625,2365.719970703125,2375.52001953125,674792448
2026-09-02T10:00:00Z,2375.199951171875,2375.199951171875,2355.81005859375,2371.800048828125,0
2026-09-02T11:00:00Z,2370.590087890625,2380.8798828125,2366.10009765625,2380.52001953125,359498752
2026-09-02T12:00:00Z,2379.39990234375,2388.820068359375,2376.169921875,2376.60009765625,126554112
2026-09-02T13:00:00Z,2376.56005859375,2417.739990234375,2376.56005859375,2401.719970703125,0
2026-09-02T14:00:00Z,2400.800048828125,2409.639892578125,2391.60009765625,2393.64990234375,22078464
2026-09-02T15:00:00Z,2392.81005859375,2397.60009765625,2378.949951171875,2389.52001953125,302950400
2026-09-02T16:00:00Z,2389.659912109375,2403.550048828125,2383.340087890625,2384.800048828125,44400640
2026-09-02T17:00:00Z,2385.06005859375,2393.25,2371.800048828125,2392.5400390625,178329600
2026-09-02T18:00:00Z,2392.60009765625,2398.0400390625,2389.60009765625,2394.030029296875,0
2026-09-02T19:00:00Z,2393.550048828125,2395.97998046875,2382.389892578125,2392.489990234375,0
2026-09-02T20:00:00Z,2392.6298828125,2399.0,2385.679931640625,2392.77001953125,0
2026-09-02T21:00:00Z,2392.820068359375,2394.199951171875,2388.39990234375,2389.64990234375,0
2026-09-02T22:00:00Z,2389.320068359375,2389.360107421875,2377.85009765625,2378.840087890625,0
2026-09-02T23:00:00Z,2378.840087890625,2392.3798828125,2377.010009765625,2391.0400390625,0
2026-09-03T00:00:00Z,2390.800048828125,2394.419921875,2378.360107421875,2378.800048828125,36920320
2026-09-03T01:00:00Z,2378.7099609375,2393.050048828125,2370.0,2385.7099609375,0
2026-09-03T02:00:00Z,2385.75,2408.7900390625,2381.6201171875,2405.18994140625,77689856
2026-09-03T03:00:00Z,2404.27001953125,2409.77001953125,2398.699951171875,2402.300048828125,211271680
2026-09-03T04:00:00Z,2402.389892578125,2407.56005859375,2396.2099609375,2407.18994140625,0
2026-09-03T05:00:00Z,2407.409912109375,2409.06005859375,2378.719970703125,2403.530029296875,119851008
2026-09-03T06:00:00Z,2404.780029296875,2409.06005859375,2399.6201171875,2407.429931640625,178601984
2026-09-03T07:00:00Z,2406.699951171875,2418.3701171875,2394.550048828125,2397.340087890625,79204352
2026-09-03T08:00:00Z,2397.72998046875,2411.7900390625,2397.659912109375,2402.320068359375,0
2026-09-03T09:00:00Z,2402.3701171875,2406.590087890625,2392.360107421875,2392.47998046875,0
2026-09-03T10:00:00Z,2392.090087890625,2397.800048828125,2388.830078125,2395.639892578125,0
2026-09-03T11:00:00Z,2395.969970703125,2410.1298828125,2394.39990234375,2405.77001953125,0
2026-09-03T12:00:00Z,2405.97998046875,2425.75,2404.47998046875,2422.409912109375,0
2026-09-03T13:00:00Z,2423.989990234375,2435.429931640625,2415.39990234375,2429.389892578125,0
2026-09-03T14:00:00Z,2429.10009765625,2489.5,2425.280029296875,2489.5,1122608128
2026-09-03T15:00:00Z,2488.72998046875,2517.570068359375,2479.52001953125,2516.97998046875,1273961472
2026-09-03T16:00:00Z,2516.919921875,2518.75,2488.409912109375,2494.1298828125,641312768
2026-09-03T17:00:00Z,2493.97998046875,2505.97998046875,2491.85009765625,2500.4599609375,21636096
2026-09-03T18:00:00Z,2501.139892578125,2513.77001953125,2498.199951171875,2513.219970703125,378168320
2026-09-03T19:00:00Z,2513.159912109375,2528.610107421875,2507.199951171875,2518.260009765625,634971136
2026-09-03T20:00:00Z,2518.590087890625,2518.590087890625,2502.800048828125,2505.300048828125,594846720
2026-09-03T21:00:00Z,2505.22998046875,2513.639892578125,2501.10009765625,2511.56005859375,227840000
2026-09-03T22:00:00Z,2511.330078125,2512.739990234375,2490.610107421875,2496.93994140625,453238784
2026-09-03T23:00:00Z,2496.9599609375,2509.6201171875,2495.780029296875,2507.739990234375,260270080
2026-09-04T00:00:00Z,2507.330078125,2515.72998046875,2501.31005859375,2501.31005859375,114081792
2026-09-04T01:00:00Z,2502.010009765625,2509.909912109375,2497.6201171875,2506.639892578125,86390784
2026-09-04T02:00:00Z,2506.89990234375,2507.64990234375,2498.1201171875,2507.64990234375,0
2026-09-04T03:00:00Z,2507.93994140625,2517.18994140625,2504.830078125,2504.840087890625,163045376
2026-09-04T04:00:00Z,2504.840087890625,2524.60009765625,2502.3798828125,2509.06005859375,199092224
2026-09-04T05:00:00Z,2507.679931640625,2516.14990234375,2504.199951171875,2508.8798828125,79532032
2026-09-04T06:00:00Z,2508.360107421875,2518.919921875,2500.030029296875,2507.719970703125,0
2026-09-04T07:00:00Z,2507.77001953125,2515.800048828125,2503.820068359375,2504.179931640625,229623808
2026-09-04T08:00:00Z,2504.169921875,2531.0,2502.919921875,2526.8798828125,447942656
2026-09-04T09:00:00Z,2527.14990234375,2545.89990234375,2519.419921875,2520.68994140625,812914688
2026-09-04T10:00:00Z,2520.4599609375,2528.199951171875,2514.5400390625,2526.139892578125,306681856
2026-09-04T11:00:00Z,2526.02001953125,2527.449951171875,2520.02001953125,2522.97998046875,260780032
2026-09-04T12:00:00Z,2523.280029296875,2531.14990234375,2435.219970703125,2451.35009765625,2331947008
2026-09-04T13:00:00Z,2450.0,2463.510009765625,2435.14990234375,2451.860107421875,636628992
2026-09-04T14:00:00Z,2451.81005859375,2457.969970703125,2430.550048828125,2439.739990234375,0
2026-09-04T15:00:00Z,2440.260009765625,2458.18994140625,2437.419921875,2451.97998046875,0
2026-09-04T16:00:00Z,2451.64990234375,2464.239990234375,2450.409912109375,2460.429931640625,0
2026-09-04T17:00:00Z,2460.929931640625,2460.929931640625,2443.1201171875,2445.47998046875,101826560
2026-09-04T18:00:00Z,2445.889892578125,2452.219970703125,2445.27001953125,2450.679931640625,0
2026-09-04T19:00:00Z,2451.22998046875,2458.35009765625,2451.110107421875,2456.159912109375,0
2026-09-04T20:00:00Z,2454.8798828125,2458.85009765625,2451.2900390625,2451.489990234375,0
2026-09-04T21:00:00Z,2451.4599609375,2457.9599609375,2450.929931640625,2452.429931640625,0
2026-09-04T22:00:00Z,2452.659912109375,2455.1298828125,2450.909912109375,2451.5400390625,0
2026-09-04T23:00:00Z,2451.530029296875,2456.489990234375,2450.550048828125,2456.080078125,0
2026-09-05T00:00:00Z,2456.530029296875,2457.39990234375,2451.8798828125,2452.320068359375,0
2026-09-05T01:00:00Z,2452.56005859375,2456.590087890625,2451.909912109375,2452.159912109375,0
2026-09-05T02:00:00Z,2452.1298828125,2453.590087890625,2450.419921875,2453.300048828125,0
2026-09-05T03:00:00Z,2453.2900390625,2455.43994140625,2451.2099609375,2452.840087890625,0
2026-09-05T04:00:00Z,2453.030029296875,2453.300048828125,2448.800048828125,2449.199951171875,0
2026-09-05T05:00:00Z,2449.419921875,2452.64990234375,2444.9599609375,2451.1201171875,0
2026-09-05T06:00:00Z,2451.530029296875,2454.919921875,2450.7099609375,2453.739990234375,0
2026-09-05T07:00:00Z,2453.739990234375,2459.909912109375,2453.429931640625,2457.820068359375,0
2026-09-05T08:00:00Z,2456.669921875,2457.77001953125,2453.22998046875,2456.919921875,0
2026-09-05T09:00:00Z,2456.909912109375,2460.239990234375,2456.570068359375,2458.43994140625,0
2026-09-05T10:00:00Z,2458.3701171875,2458.75,2453.969970703125,2454.219970703125,0
2026-09-05T11:00:00Z,2454.2099609375,2456.31005859375,2453.0,2453.699951171875,0
2026-09-05T12:00:00Z,2453.699951171875,2461.719970703125,2453.2900390625,2458.820068359375,0
2026-09-05T13:00:00Z,2458.840087890625,2462.25,2450.639892578125,2454.530029296875,0
2026-09-05T14:00:00Z,2454.31005859375,2459.030029296875,2454.02001953125,2457.39990234375,0
2026-09-05T15:00:00Z,2457.300048828125,2460.409912109375,2456.110107421875,2460.409912109375,0
2026-09-05T16:00:00Z,2460.409912109375,2474.550048828125,2459.159912109375,2471.5,0
2026-09-05T17:00:00Z,2471.47998046875,2484.300048828125,2471.47998046875,2481.31005859375,59568640
2026-09-05T18:00:00Z,2482.050048828125,2482.050048828125,2476.14990234375,2480.860107421875,0
2026-09-05T19:00:00Z,2480.449951171875,2482.699951171875,2473.14990234375,2477.679931640625,0
2026-09-05T20:00:00Z,2477.97998046875,2483.669921875,2475.2099609375,2477.860107421875,10153984
2026-09-05T21:00:00Z,2477.860107421875,2492.89990234375,2476.590087890625,2488.8798828125,44716544
2026-09-05T22:00:00Z,2490.389892578125,2491.10009765625,2479.139892578125,2481.169921875,92827648
2026-09-05T23:00:00Z,2480.7099609375,2484.090087890625,2478.389892578125,2480.610107421875,47620608
2026-09-06T00:00:00Z,2480.169921875,2492.659912109375,2479.0400390625,2490.419921875,127593472
2026-09-06T01:00:00Z,2490.889892578125,2507.8701171875,2489.429931640625,2505.77001953125,462838272
2026-09-06T02:00:00Z,2506.199951171875,2510.18994140625,2500.93994140625,2503.47998046875,476136448
2026-09-06T03:00:00Z,2503.60009765625,2514.590087890625,2500.5,2509.659912109375,187513856
2026-09-06T04:00:00Z,2509.949951171875,2510.3798828125,2499.050048828125,2504.68994140625,97398784
2026-09-06T05:00:00Z,2504.830078125,2523.3701171875,2501.199951171875,2513.590087890625,328840192
2026-09-06T06:00:00Z,2512.8798828125,2513.5,2503.889892578125,2506.110107421875,142191616
2026-09-06T07:00:00Z,2506.179931640625,2507.97998046875,2485.580078125,2497.52001953125,183585792
2026-09-06T08:00:00Z,2496.93994140625,2500.0,2491.889892578125,2495.830078125,9369600
2026-09-06T09:00:00Z,2495.949951171875,2503.93994140625,2494.360107421875,2499.31005859375,144713728
2026-09-06T10:00:00Z,2499.389892578125,2502.68994140625,2498.02001953125,2501.969970703125,16332800
2026-09-06T11:00:00Z,2502.139892578125,2504.800048828125,2499.9599609375,2502.239990234375,195055616
2026-09-06T12:00:00Z,2502.0400390625,2504.800048828125,2497.8798828125,2500.7099609375,0
2026-09-06T13:00:00Z,2500.43994140625,2500.800048828125,2486.7900390625,2494.75,117760
2026-09-06T14:00:00Z,2494.570068359375,2494.949951171875,2468.75,2478.360107421875,664480768
2026-09-06T15:00:00Z,2478.300048828125,2482.760009765625,2471.699951171875,2479.85009765625,165399552
2026-09-06T16:00:00Z,2479.820068359375,2486.4599609375,2475.56005859375,2484.469970703125,0
2026-09-06T17:00:00Z,2484.260009765625,2494.510009765625,2481.31005859375,2491.25,0
2026-09-06T18:00:00Z,2491.409912109375,2499.610107421875,2491.409912109375,2494.300048828125,0
2026-09-06T19:00:00Z,2494.669921875,2494.669921875,2489.7099609375,2490.530029296875,22115328
2026-09-06T20:00:00Z,2490.719970703125,2500.27001953125,2488.64990234375,2498.840087890625,46700544
2026-09-06T21:00:00Z,2500.030029296875,2515.7900390625,2499.3798828125,2507.3798828125,204022784
2026-09-06T22:00:00Z,2508.389892578125,2510.9599609375,2490.300048828125,2507.9599609375,340548608
2026-09-06T23:00:00Z,2508.159912109375,2524.97998046875,2506.800048828125,2514.60009765625,422520832
2026-09-07T00:00:00Z,2514.919921875,2522.280029296875,2509.389892578125,2511.139892578125,225078272
2026-09-07T01:00:00Z,2513.0,2516.169921875,2498.89990234375,2503.77001953125,0
2026-09-07T02:00:00Z,2503.550048828125,2534.840087890625,2498.320068359375,2510.5,8571904
2026-09-07T03:00:00Z,2511.419921875,2515.590087890625,2496.239990234375,2497.39990234375,292420608
2026-09-07T04:00:00Z,2497.280029296875,2499.550048828125,2492.47998046875,2497.889892578125,213813248
2026-09-07T05:00:00Z,2497.2099609375,2513.3701171875,2496.889892578125,2504.5400390625,0
2026-09-07T06:00:00Z,2504.840087890625,2509.929931640625,2497.64990234375,2498.0,2662400
2026-09-07T07:00:00Z,2497.3798828125,2501.68994140625,2476.159912109375,2489.169921875,439428096
2026-09-07T08:00:00Z,2489.389892578125,2493.510009765625,2488.5,2491.199951171875,327079936
2026-09-07T09:00:00Z,2491.3798828125,2497.070068359375,2484.10009765625,2484.2099609375,72466432
2026-09-07T10:00:00Z,2485.139892578125,2492.419921875,2485.1201171875,2488.77001953125,85658624
2026-09-07T11:00:00Z,2488.9599609375,2493.419921875,2486.360107421875,2488.93994140625,191753216
2026-09-07T12:00:00Z,2489.219970703125,2507.469970703125,2488.409912109375,2505.419921875,128413696
2026-09-07T13:00:00Z,2505.030029296875,2511.10009765625,2495.949951171875,2498.610107421875,257977344
2026-09-07T14:00:00Z,2498.159912109375,2499.179931640625,2476.9599609375,2489.820068359375,0
2026-09-07T15:00:00Z,2489.679931640625,2489.679931640625,2466.570068359375,2470.030029296875,442796032
2026-09-07T16:00:00Z,2469.9599609375,2482.60009765625,2469.419921875,2482.60009765625,339771392
2026-09-07T17:00:00Z,2482.659912109375,2498.3701171875,2481.72998046875,2495.090087890625,39749632
2026-09-07T18:00:00Z,2494.93994140625,2496.669921875,2486.659912109375,2491.199951171875,0
2026-09-07T19:00:00Z,2491.199951171875,2497.47998046875,2488.760009765625,2495.820068359375,44116992
2026-09-07T20:00:00Z,2495.800048828125,2497.0400390625,2486.739990234375,2494.159912109375,97632256
2026-09-07T21:00:00Z,2494.77001953125,2495.669921875,2489.72998046875,2490.340087890625,0
2026-09-07T22:00:00Z,2490.4599609375,2491.75,2475.300048828125,2482.320068359375,235279360
2026-09-07T23:00:00Z,2482.320068359375,2493.43994140625,2482.2099609375,2489.570068359375,0
2026-09-08T00:00:00Z,2489.409912109375,2495.31005859375,2482.89990234375,2495.31005859375,0
2026-09-08T01:00:00Z,2494.179931640625,2504.8701171875,2492.929931640625,2503.489990234375,0
2026-09-08T02:00:00Z,2503.85009765625,2507.10009765625,2484.0400390625,2484.0400390625,0
2026-09-08T03:00:00Z,2484.219970703125,2487.64990234375,2477.64990234375,2485.2900390625,0
2026-09-08T04:00:00Z,2484.97998046875,2485.800048828125,2477.989990234375,2478.22998046875,0
2026-09-08T05:00:00Z,2478.469970703125,2483.97998046875,2472.02001953125,2472.659912109375,0
2026-09-08T06:00:00Z,2472.60009765625,2476.300048828125,2462.989990234375,2467.780029296875,412344320
2026-09-08T07:00:00Z,2467.679931640625,2484.60009765625,2467.02001953125,2478.929931640625,0
2026-09-08T08:00:00Z,2478.60009765625,2482.8798828125,2469.360107421875,2476.47998046875,0
2026-09-08T09:00:00Z,2476.9599609375,2494.739990234375,2474.85009765625,2491.320068359375,241413120
2026-09-08T10:00:00Z,2490.93994140625,2499.030029296875,2479.27001953125,2479.27001953125,0
2026-09-08T11:00:00Z,2480.679931640625,2481.639892578125,2470.97998046875,2473.72998046875,81076224
2026-09-08T12:00:00Z,2473.89990234375,2475.469970703125,2467.590087890625,2471.7900390625,0
2026-09-08T13:00:00Z,2471.989990234375,2474.56005859375,2440.580078125,2458.360107421875,471142400
2026-09-08T14:00:00Z,2459.570068359375,2485.8798828125,2455.780029296875,2485.070068359375,368409600
2026-09-08T15:00:00Z,2484.780029296875,2500.81005859375,2481.5400390625,2498.39990234375,0
2026-09-08T16:00:00Z,2498.39990234375,2504.93994140625,2486.5400390625,2496.590087890625,183738368
2026-09-08T17:00:00Z,2496.389892578125,2502.35009765625,2487.60009765625,2487.8798828125,38085632
2026-09-08T18:00:00Z,2487.93994140625,2505.75,2479.31005859375,2486.739990234375,220829696
2026-09-08T19:00:00Z,2486.8798828125,2491.60009765625,2476.590087890625,2482.22998046875,394717184
2026-09-08T20:00:00Z,2482.010009765625,2491.4599609375,2480.239990234375,2483.02001953125,0
2026-09-08T21:00:00Z,2483.06005859375,2486.989990234375,2478.56005859375,2482.550048828125,0
2026-09-08T22:00:00Z,2481.89990234375,2489.8701171875,2481.360107421875,2488.580078125,0
2026-09-08T23:00:00Z,2488.719970703125,2490.179931640625,2482.739990234375,2484.9599609375,0
2026-09-09T00:00:00Z,2485.010009765625,2497.10009765625,2485.010009765625,2496.280029296875,0
2026-09-09T01:00:00Z,2496.2900390625,2499.179931640625,2489.22998046875,2497.449951171875,0
2026-09-09T02:00:00Z,2497.919921875,2499.860107421875,2489.800048828125,2494.280029296875,0
2026-09-09T03:00:00Z,2493.389892578125,2493.5,2486.530029296875,2488.719970703125,0
2026-09-09T04:00:00Z,2488.830078125,2513.070068359375,2488.75,2508.81005859375,280662016
2026-09-09T05:00:00Z,2509.139892578125,2510.93994140625,2491.050048828125,2496.260009765625,0
2026-09-09T06:00:00Z,2495.969970703125,2504.989990234375,2492.429931640625,2500.8798828125,0
2026-09-09T07:00:00Z,2500.169921875,2515.89990234375,2499.6298828125,2510.2099609375,72232960
2026-09-09T08:00:00Z,2510.89990234375,2522.5,2510.010009765625,2519.7099609375,79519744
2026-09-09T09:00:00Z,2519.389892578125,2519.389892578125,2490.02001953125,2490.02001953125,105988096
2026-09-09T10:00:00Z,2489.9599609375,2494.340087890625,2482.6201171875,2487.139892578125,146272256
2026-09-09T11:00:00Z,2487.1298828125,2505.010009765625,2482.02001953125,2500.14990234375,43933696
2026-09-09T12:00:00Z,2501.22998046875,2512.409912109375,2498.0,2511.10009765625,281796608
2026-09-09T13:00:00Z,2511.300048828125,2521.260009765625,2499.5,2502.06005859375,0
2026-09-09T14:00:00Z,2501.199951171875,2513.6298828125,2495.06005859375,2498.780029296875,0
2026-09-09T15:00:00Z,2499.669921875,2511.239990234375,2470.679931640625,2489.85009765625,816657408
2026-09-09T16:00:00Z,2489.6298828125,2498.72998046875,2484.610107421875,2495.47998046875,0
2026-09-09T17:00:00Z,2495.469970703125,2499.110107421875,2488.760009765625,2493.25,0
2026-09-09T18:00:00Z,2493.469970703125,2495.3798828125,2481.0400390625,2481.0400390625,0
2026-09-09T19:00:00Z,2480.820068359375,2484.5,2462.199951171875,2465.0,0
2026-09-09T20:00:00Z,2464.14990234375,2471.570068359375,2456.159912109375,2471.1201171875,430277632
2026-09-09T21:00:00Z,2470.929931640625,2471.949951171875,2456.320068359375,2461.199951171875,234820608
2026-09-09T22:00:00Z,2461.60009765625,2462.969970703125,2443.179931640625,2449.5,690143232
2026-09-09T23:00:00Z,2449.449951171875,2468.199951171875,2449.449951171875,2467.56005859375,103608320
2026-09-10T00:00:00Z,2467.340087890625,2470.860107421875,2461.9599609375,2464.0400390625,259005440
2026-09-10T01:00:00Z,2464.389892578125,2478.68994140625,2455.06005859375,2462.919921875,294165504
2026-09-10T02:00:00Z,2462.909912109375,2474.919921875,2459.31005859375,2474.169921875,0
2026-09-10T03:00:00Z,2474.919921875,2478.52001953125,2471.2900390625,2474.5,92232704
2026-09-10T04:00:00Z,2474.199951171875,2479.830078125,2473.97998046875,2477.489990234375,0
2026-09-10T05:00:00Z,2477.669921875,2483.070068359375,2472.85009765625,2481.22998046875,0
2026-09-10T06:00:00Z,2481.389892578125,2483.659912109375,2470.929931640625,2479.60009765625,0
2026-09-10T07:00:00Z,2479.280029296875,2479.280029296875,2463.2900390625,2472.219970703125,0
2026-09-10T08:00:00Z,2472.139892578125,2474.27001953125,2468.2900390625,2470.6201171875,0
2026-09-10T09:00:00Z,2470.570068359375,2477.10009765625,2463.949951171875,2467.5,0
2026-09-10T10:00:00Z,2467.800048828125,2471.199951171875,2462.159912109375,2463.360107421875,0
2026-09-10T11:00:00Z,2462.919921875,2468.889892578125,2458.219970703125,2461.699951171875,0
2026-09-10T12:00:00Z,2461.2099609375,2464.5,2410.3798828125,2413.469970703125,1256169472
2026-09-10T13:00:00Z,2412.9599609375,2436.3701171875,2405.8701171875,2434.52001953125,1477218304
2026-09-10T14:00:00Z,2435.550048828125,2443.610107421875,2427.56005859375,2443.22998046875,1019142144
2026-09-10T15:00:00Z,2442.75,2443.93994140625,2432.050048828125,2440.590087890625,0
2026-09-10T16:00:00Z,2440.429931640625,2449.800048828125,2431.8701171875,2447.659912109375,726787072
2026-09-10T17:00:00Z,2447.5400390625,2473.81005859375,2446.219970703125,2465.7099609375,664212480
2026-09-10T18:00:00Z,2464.97998046875,2468.0400390625,2453.739990234375,2467.070068359375,403789824
2026-09-10T19:00:00Z,2467.5,2470.840087890625,2459.510009765625,2461.43994140625,0
2026-09-10T20:00:00Z,2462.169921875,2468.18994140625,2460.1201171875,2460.780029296875,0
2026-09-10T21:00:00Z,2461.06005859375,2462.320068359375,2456.9599609375,2459.419921875,0
2026-09-10T22:00:00Z,2459.27001953125,2461.320068359375,2442.75,2444.31005859375,0
2026-09-10T23:00:00Z,2444.469970703125,2446.550048828125,2434.2900390625,2437.2099609375,125416448
2026-09-11T00:00:00Z,2437.5400390625,2457.489990234375,2436.77001953125,2455.989990234375,0
2026-09-11T01:00:00Z,2455.77001953125,2459.3798828125,2445.800048828125,2453.639892578125,25997312
2026-09-11T02:00:00Z,2453.610107421875,2454.31005859375,2444.159912109375,2446.219970703125,96927744
2026-09-11T03:00:00Z,2445.02001953125,2447.800048828125,2439.68994140625,2446.18994140625,0
2026-09-11T04:00:00Z,2446.3798828125,2463.340087890625,2445.5,2458.27001953125,557375488
2026-09-11T05:00:00Z,2458.56005859375,2467.469970703125,2456.820068359375,2467.469970703125,44957696
2026-09-11T06:00:00Z,2467.739990234375,2470.090087890625,2462.340087890625,2466.159912109375,200237056
2026-09-11T07:00:00Z,2465.989990234375,2472.449951171875,2465.02001953125,2466.0400390625,68200448
2026-09-11T08:00:00Z,2466.280029296875,2482.9599609375,2462.52001953125,2475.7099609375,113616896
2026-09-11T09:00:00Z,2475.7099609375,2476.699951171875,2461.0,2468.31005859375,0
2026-09-11T10:00:00Z,2468.31005859375,2473.64990234375,2461.010009765625,2461.010009765625,527304704
2026-09-11T11:00:00Z,2460.639892578125,2461.22998046875,2451.280029296875,2457.610107421875,0
2026-09-11T12:00:00Z,2457.0,2514.10009765625,2433.97998046875,2510.169921875,508815360
2026-09-11T13:00:00Z,2509.489990234375,2644.6201171875,2490.199951171875,2627.97998046875,1768921088
2026-09-11T14:00:00Z,2629.070068359375,2666.820068359375,2593.909912109375,2607.47998046875,3798648832
2026-09-11T15:00:00Z,2607.159912109375,2616.31005859375,2547.090087890625,2559.320068359375,651444224
2026-09-11T16:00:00Z,2557.199951171875,2582.699951171875,2543.89990234375,2577.43994140625,1682561024
2026-09-11T17:00:00Z,2577.070068359375,2580.800048828125,2563.2099609375,2566.409912109375,106868736
2026-09-11T18:00:00Z,2566.2900390625,2567.360107421875,2530.81005859375,2536.429931640625,581816320
2026-09-11T19:00:00Z,2536.280029296875,2547.52001953125,2532.179931640625,2538.969970703125,185028608
2026-09-11T20:00:00Z,2539.030029296875,2546.429931640625,2523.159912109375,2530.280029296875,97724416
2026-09-11T21:00:00Z,2530.010009765625,2540.340087890625,2513.6201171875,2516.06005859375,218533888
2026-09-11T22:00:00Z,2514.260009765625,2523.1201171875,2506.60009765625,2511.419921875,680699904
2026-09-11T23:00:00Z,2510.97998046875,2516.10009765625,2508.81005859375,2516.10009765625,91351040
2026-09-12T00:00:00Z,2515.5400390625,2517.360107421875,2510.3798828125,2510.3798828125,93935616
2026-09-12T01:00:00Z,2510.27001953125,2516.9599609375,2509.219970703125,2513.340087890625,0
2026-09-12T02:00:00Z,2513.340087890625,2515.639892578125,2512.1201171875,2514.389892578125,0
2026-09-12T03:00:00Z,2513.639892578125,2516.110107421875,2509.360107421875,2512.889892578125,0
2026-09-12T04:00:00Z,2513.070068359375,2514.840087890625,2509.7099609375,2512.429931640625,0
2026-09-12T05:00:00Z,2512.429931640625,2512.93994140625,2508.699951171875,2511.4599609375,0
2026-09-12T06:00:00Z,2511.919921875,2521.909912109375,2510.1298828125,2519.050048828125,0
2026-09-12T07:00:00Z,2519.050048828125,2524.22998046875,2519.050048828125,2523.6298828125,79978496
2026-09-12T08:00:00Z,2523.68994140625,2535.719970703125,2522.570068359375,2533.050048828125,0
2026-09-12T09:00:00Z,2533.02001953125,2536.93994140625,2528.3798828125,2530.5400390625,166133760
2026-09-12T10:00:00Z,2530.5400390625,2535.89990234375,2530.5400390625,2533.090087890625,0
2026-09-12T11:00:00Z,2533.43994140625,2537.0400390625,2530.320068359375,2536.090087890625,0
2026-09-12T12:00:00Z,2536.080078125,2536.080078125,2531.590087890625,2535.219970703125,0
2026-09-12T13:00:00Z,2535.2099609375,2544.110107421875,2533.989990234375,2543.969970703125,0
2026-09-12T14:00:00Z,2543.580078125,2544.72998046875,2538.449951171875,2539.10009765625,0
2026-09-12T15:00:00Z,2539.6201171875,2542.18994140625,2531.5,2534.510009765625,0
2026-09-12T16:00:00Z,2534.5400390625,2535.909912109375,2529.679931640625,2531.340087890625,0
2026-09-12T17:00:00Z,2531.2099609375,2534.139892578125,2524.1298828125,2525.35009765625,0
2026-09-12T18:00:00Z,2525.199951171875,2527.56005859375,2520.06005859375,2522.010009765625,0
2026-09-12T19:00:00Z,2522.0400390625,2522.550048828125,2514.5,2518.919921875,0
2026-09-12T20:00:00Z,2519.02001953125,2523.22998046875,2518.800048828125,2520.0400390625,0
2026-09-12T21:00:00Z,2520.0400390625,2527.8798828125,2519.449951171875,2523.360107421875,0
2026-09-12T22:00:00Z,2523.35009765625,2525.68994140625,2519.739990234375,2522.639892578125,0
2026-09-12T23:00:00Z,2522.639892578125,2526.3798828125,2521.89990234375,2525.35009765625,93286912
2026-09-13T00:00:00Z,2525.010009765625,2526.800048828125,2522.780029296875,2524.419921875,0
2026-09-13T01:00:00Z,2524.419921875,2527.18994140625,2522.070068359375,2525.239990234375,0
2026-09-13T02:00:00Z,2525.0400390625,2525.0400390625,2520.52001953125,2521.090087890625,0
2026-09-13T03:00:00Z,2521.090087890625,2522.110107421875,2518.60009765625,2520.159912109375,37733376
2026-09-13T04:00:00Z,2520.340087890625,2522.830078125,2518.260009765625,2519.699951171875,0
2026-09-13T05:00:00Z,2519.75,2523.25,2519.659912109375,2522.02001953125,0
2026-09-13T06:00:00Z,2522.139892578125,2522.27001953125,2509.18994140625,2512.3701171875,0
2026-09-13T07:00:00Z,2511.080078125,2519.2900390625,2511.080078125,2517.02001953125,96256000
2026-09-13T08:00:00Z,2516.760009765625,2518.739990234375,2487.81005859375,2493.330078125,434791936
2026-09-13T09:00:00Z,2493.570068359375,2496.570068359375,2470.860107421875,2484.27001953125,282125312
2026-09-13T10:00:00Z,2484.2099609375,2485.070068359375,2468.5,2471.030029296875,109201920
2026-09-13T11:00:00Z,2471.3798828125,2481.56005859375,2469.0,2480.7900390625,384199680
2026-09-13T12:00:00Z,2480.449951171875,2482.64990234375,2474.39990234375,2476.590087890625,175905792
2026-09-13T13:00:00Z,2476.56005859375,2481.06005859375,2462.050048828125,2478.3701171875,0
2026-09-13T14:00:00Z,2478.169921875,2494.6201171875,2478.169921875,2491.929931640625,3805184
2026-09-13T15:00:00Z,2491.820068359375,2492.050048828125,2482.39990234375,2490.199951171875,0
2026-09-13T16:00:00Z,2489.77001953125,2505.47998046875,2489.77001953125,2504.0,204175360
2026-09-13T17:00:00Z,2504.2099609375,2512.489990234375,2502.1201171875,2504.10009765625,260890624
2026-09-13T18:00:00Z,2503.81005859375,2508.610107421875,2503.81005859375,2508.5,0
2026-09-13T19:00:00Z,2508.610107421875,2514.18994140625,2502.610107421875,2505.219970703125,53210112
2026-09-13T20:00:00Z,2506.030029296875,2514.25,2505.22998046875,2511.93994140625,0
2026-09-13T21:00:00Z,2512.070068359375,2516.030029296875,2507.6201171875,2507.820068359375,0
2026-09-13T22:00:00Z,2506.06005859375,2506.06005859375,2471.35009765625,2474.570068359375,495966208
2026-09-13T23:00:00Z,2475.409912109375,2480.0,2469.580078125,2475.8798828125,308695040
2026-09-14T00:00:00Z,2476.389892578125,2489.050048828125,2465.449951171875,2483.1298828125,442464256
2026-09-14T01:00:00Z,2482.199951171875,2494.139892578125,2472.080078125,2492.199951171875,50666496
2026-09-14T02:00:00Z,2491.6201171875,2512.6298828125,2489.409912109375,2510.31005859375,261496832
2026-09-14T03:00:00Z,2510.31005859375,2518.949951171875,2506.0,2511.760009765625,550122496
2026-09-14T04:00:00Z,2512.0,2517.050048828125,2510.1298828125,2513.85009765625,129367040
2026-09-14T05:00:00Z,2513.860107421875,2515.489990234375,2509.360107421875,2515.489990234375,128478208
2026-09-14T06:00:00Z,2515.699951171875,2525.989990234375,2507.070068359375,2513.3701171875,312249344
2026-09-14T07:00:00Z,2513.31005859375,2524.7099609375,2510.22998046875,2521.75,248029184
2026-09-14T08:00:00Z,2522.239990234375,2530.89990234375,2514.969970703125,2517.5,0
2026-09-14T09:00:00Z,2517.449951171875,2533.39990234375,2510.159912109375,2522.909912109375,0
2026-09-14T10:00:00Z,2523.52001953125,2524.550048828125,2511.949951171875,2512.0,118692864
2026-09-14T11:00:00Z,2512.169921875,2515.550048828125,2505.10009765625,2508.06005859375,0
2026-09-14T12:00:00Z,2507.8701171875,2517.300048828125,2502.43994140625,2504.18994140625,50553856
2026-09-14T13:00:00Z,2502.409912109375,2516.52001953125,2486.889892578125,2499.169921875,536830976
2026-09-14T14:00:00Z,2499.580078125,2515.35009765625,2494.780029296875,2500.60009765625,644679680
2026-09-14T15:00:00Z,2499.6201171875,2512.489990234375,2495.8798828125,2507.570068359375,179751936
2026-09-14T16:00:00Z,2507.659912109375,2537.25,2503.510009765625,2528.6201171875,174712832
2026-09-14T17:00:00Z,2528.830078125,2535.25,2522.280029296875,2533.429931640625,151224320
2026-09-14T18:00:00Z,2533.14990234375,2544.5400390625,2529.820068359375,2539.050048828125,615748608
2026-09-14T19:00:00Z,2538.389892578125,2549.6201171875,2534.6298828125,2539.52001953125,206600192
2026-09-14T20:00:00Z,2540.14990234375,2613.1201171875,2539.6298828125,2570.449951171875,1692213248
2026-09-14T21:00:00Z,2571.06005859375,2571.06005859375,2540.02001953125,2546.530029296875,719703040
2026-09-14T22:00:00Z,2547.77001953125,2555.85009765625,2532.199951171875,2532.8701171875,0
2026-09-14T23:00:00Z,2532.39990234375,2534.199951171875,2513.27001953125,2515.780029296875,127806464
2026-09-15T00:00:00Z,2514.8798828125,2517.06005859375,2507.199951171875,2515.64990234375,160004096
2026-09-15T01:00:00Z,2515.64990234375,2519.010009765625,2507.7099609375,2515.030029296875,156803072
2026-09-15T02:00:00Z,2515.1298828125,2519.60009765625,2509.530029296875,2511.7099609375,0
2026-09-15T03:00:00Z,2511.699951171875,2511.699951171875,2495.760009765625,2498.2099609375,0
2026-09-15T04:00:00Z,2497.52001953125,2500.0400390625,2489.260009765625,2490.2900390625,201063424
2026-09-15T05:00:00Z,2490.0400390625,2497.320068359375,2478.97998046875,2495.969970703125,345234432
2026-09-15T06:00:00Z,2496.530029296875,2500.139892578125,2481.22998046875,2485.52001953125,0
2026-09-15T07:00:00Z,2485.010009765625,2485.530029296875,2469.47998046875,2473.090087890625,0
2026-09-15T08:00:00Z,2472.739990234375,2476.52001953125,2463.840087890625,2476.22998046875,308417536
2026-09-15T09:00:00Z,2476.090087890625,2479.77001953125,2472.02001953125,2473.429931640625,0
2026-09-15T10:00:00Z,2473.43994140625,2484.75,2470.89990234375,2482.669921875,130507776
2026-09-15T11:00:00Z,2482.81005859375,2487.1298828125,2471.699951171875,2475.35009765625,107334656
2026-09-15T12:00:00Z,2475.25,2485.159912109375,2474.1201171875,2478.7099609375,0
2026-09-15T13:00:00Z,2478.469970703125,2485.449951171875,2432.2099609375,2452.320068359375,513503232
2026-09-15T14:00:00Z,2452.550048828125,2456.159912109375,2388.97998046875,2405.409912109375,815355904
2026-09-15T15:00:00Z,2404.860107421875,2431.199951171875,2397.6201171875,2423.199951171875,771725312
2026-09-15T16:00:00Z,2422.889892578125,2424.35009765625,2411.340087890625,2420.8798828125,0
2026-09-15T17:00:00Z,2420.60009765625,2447.489990234375,2411.2099609375,2439.610107421875,157409280
2026-09-15T18:00:00Z,2439.31005859375,2443.5,2357.239990234375,2401.260009765625,2257393664
2026-09-15T19:00:00Z,2401.02001953125,2417.340087890625,2395.97998046875,2414.330078125,994404352
2026-09-15T20:00:00Z,2413.93994140625,2416.199951171875,2395.139892578125,2405.860107421875,0
2026-09-15T21:00:00Z,2406.050048828125,2406.1201171875,2388.8798828125,2390.169921875,0
2026-09-15T22:00:00Z,2389.820068359375,2400.830078125,2379.89990234375,2395.159912109375,62279680
2026-09-15T23:00:00Z,2395.070068359375,2410.77001953125,2395.070068359375,2396.139892578125,0
2026-09-16T00:00:00Z,2397.070068359375,2404.219970703125,2395.6201171875,2397.739990234375,0
2026-09-16T01:00:00Z,2397.580078125,2405.300048828125,2388.56005859375,2389.090087890625,0
2026-09-16T02:00:00Z,2389.050048828125,2408.679931640625,2387.159912109375,2401.159912109375,0
2026-09-16T03:00:00Z,2401.570068359375,2409.699951171875,2398.179931640625,2400.090087890625,0
2026-09-16T04:00:00Z,2400.4599609375,2408.800048828125,2400.010009765625,2401.989990234375,0
2026-09-16T05:00:00Z,2401.639892578125,2405.60009765625,2392.97998046875,2405.330078125,0
2026-09-16T06:00:00Z,2405.889892578125,2407.199951171875,2391.949951171875,2404.72998046875,0
2026-09-16T07:00:00Z,2404.659912109375,2408.659912109375,2394.39990234375,2394.760009765625,0
2026-09-16T08:00:00Z,2394.169921875,2401.39990234375,2380.75,2400.77001953125,441249792
2026-09-16T09:00:00Z,2401.0,2405.0,2396.77001953125,2403.89990234375,217743360
2026-09-16T10:00:00Z,2403.820068359375,2405.199951171875,2396.43994140625,2403.0,0
2026-09-16T11:00:00Z,2404.889892578125,2426.469970703125,2400.77001953125,2420.360107421875,90042368
2026-09-16T12:00:00Z,2421.090087890625,2421.639892578125,2401.179931640625,2404.760009765625,342523904
2026-09-16T13:00:00Z,2403.840087890625,2404.659912109375,2387.800048828125,2392.070068359375,0
2026-09-16T14:00:00Z,2392.469970703125,2396.77001953125,2379.360107421875,2388.60009765625,0
2026-09-16T15:00:00Z,2388.3701171875,2398.929931640625,2382.22998046875,2390.570068359375,0
2026-09-16T16:00:00Z,2390.97998046875,2397.77001953125,2385.080078125,2389.929931640625,0
2026-09-16T17:00:00Z,2389.35009765625,2392.47998046875,2369.510009765625,2387.199951171875,0
2026-09-16T18:00:00Z,2388.530029296875,2426.85009765625,2367.889892578125,2394.949951171875,5312512
2026-09-16T19:00:00Z,2395.89990234375,2415.860107421875,2374.56005859375,2406.7900390625,0
2026-09-16T20:00:00Z,2406.43994140625,2416.860107421875,2402.280029296875,2408.7900390625,0
2026-09-16T21:00:00Z,2408.75,2410.830078125,2398.699951171875,2402.85009765625,0
2026-09-16T22:00:00Z,2404.159912109375,2404.159912109375,2386.5400390625,2390.47998046875,0
2026-09-16T23:00:00Z,2390.1201171875,2420.60009765625,2387.93994140625,2416.570068359375,102687744
2026-09-17T00:00:00Z,2416.159912109375,2425.669921875,2414.1201171875,2416.699951171875,0
2026-09-17T01:00:00Z,2417.22998046875,2442.89990234375,2411.739990234375,2425.39990234375,278910976
2026-09-17T02:00:00Z,2426.0400390625,2431.179931640625,2414.030029296875,2426.929931640625,55480320
2026-09-17T03:00:00Z,2427.090087890625,2436.85009765625,2427.090087890625,2433.419921875,139918336
2026-09-17T04:00:00Z,2433.5,2442.18994140625,2422.800048828125,2439.989990234375,0
2026-09-17T05:00:00Z,2439.72998046875,2444.110107421875,2433.6201171875,2434.68994140625,0
2026-09-17T06:00:00Z,2434.219970703125,2444.469970703125,2433.239990234375,2438.919921875,0
2026-09-17T07:00:00Z,2438.64990234375,2451.780029296875,2438.6298828125,2442.050048828125,0
2026-09-17T08:00:00Z,2442.56005859375,2444.3701171875,2434.89990234375,2443.22998046875,0
2026-09-17T09:00:00Z,2443.360107421875,2446.8701171875,2435.77001953125,2436.60009765625,55401472
2026-09-17T10:00:00Z,2436.610107421875,2437.159912109375,2427.949951171875,2433.3701171875,115686400
2026-09-17T11:00:00Z,2433.260009765625,2440.219970703125,2425.679931640625,2440.10009765625,0
2026-09-17T12:00:00Z,2439.7900390625,2477.0400390625,2436.760009765625,2457.639892578125,533970944
2026-09-17T13:00:00Z,2457.56005859375,2462.820068359375,2430.72998046875,2459.909912109375,99823616
2026-09-17T14:00:00Z,2461.699951171875,2480.669921875,2448.469970703125,2459.030029296875,504080384
2026-09-17T15:00:00Z,2459.280029296875,2475.639892578125,2445.969970703125,2468.320068359375,253065216
2026-09-17T16:00:00Z,2467.85009765625,2471.5,2453.659912109375,2467.760009765625,117867520
2026-09-17T17:00:00Z,2468.60009765625,2474.260009765625,2457.8701171875,2460.669921875,0
2026-09-17T18:00:00Z,2460.679931640625,2461.530029296875,2447.550048828125,2449.760009765625,0
2026-09-17T19:00:00Z,2449.60009765625,2453.530029296875,2443.25,2447.2099609375,0
2026-09-17T20:00:00Z,2446.60009765625,2456.919921875,2445.550048828125,2451.409912109375,0
2026-09-17T21:00:00Z,2451.60009765625,2454.080078125,2445.510009765625,2445.510009765625,0
2026-09-17T22:00:00Z,2444.929931640625,2447.889892578125,2435.570068359375,2443.8701171875,0
2026-09-17T23:00:00Z,2443.68994140625,2448.669921875,2442.31005859375,2445.43994140625,0
2026-09-18T00:00:00Z,2445.97998046875,2446.429931640625,2435.080078125,2446.10009765625,0
2026-09-18T01:00:00Z,2446.570068359375,2457.610107421875,2443.5400390625,2455.409912109375,0
2026-09-18T02:00:00Z,2455.080078125,2464.5,2450.27001953125,2460.47998046875,0
2026-09-18T03:00:00Z,2460.60009765625,2482.860107421875,2459.18994140625,2476.889892578125,428657664
2026-09-18T04:00:00Z,2477.090087890625,2480.530029296875,2467.449951171875,2479.800048828125,504632320
2026-09-18T05:00:00Z,2480.3798828125,2490.7900390625,2475.1298828125,2478.3701171875,353504256
2026-09-18T06:00:00Z,2478.360107421875,2486.070068359375,2478.360107421875,2485.179931640625,195046400
2026-09-18T07:00:00Z,2484.39990234375,2496.010009765625,2483.330078125,2487.60009765625,108122112
2026-09-18T08:00:00Z,2488.0,2503.159912109375,2483.320068359375,2503.010009765625,298814464
2026-09-18T09:00:00Z,2503.7099609375,2518.510009765625,2500.159912109375,2505.830078125,1063665664
2026-09-18T10:00:00Z,2505.60009765625,2518.820068359375,2505.60009765625,2511.260009765625,253613056
2026-09-18T11:00:00Z,2511.090087890625,2515.840087890625,2497.610107421875,2505.800048828125,486553600
2026-09-18T12:00:00Z,2506.7900390625,2508.2099609375,2498.199951171875,2500.159912109375,0
2026-09-18T13:00:00Z,2499.830078125,2573.989990234375,2493.31005859375,2551.8798828125,944221184
2026-09-18T14:00:00Z,2553.199951171875,2584.8798828125,2552.97998046875,2581.6298828125,1826106368
2026-09-18T15:00:00Z,2581.260009765625,2594.5,2565.300048828125,2583.02001953125,657918976
2026-09-18T16:00:00Z,2583.89990234375,2609.25,2578.139892578125,2596.530029296875,1293469696
2026-09-18T17:00:00Z,2596.760009765625,2609.14990234375,2584.860107421875,2606.14990234375,104450048
2026-09-18T18:00:00Z,2606.360107421875,2624.800048828125,2600.550048828125,2611.429931640625,911761408
2026-09-18T19:00:00Z,2612.800048828125,2645.030029296875,2611.139892578125,2636.260009765625,1200314368
2026-09-18T20:00:00Z,2636.89990234375,2639.4599609375,2624.669921875,2631.5400390625,596754432
2026-09-18T21:00:00Z,2631.449951171875,2639.4599609375,2624.419921875,2626.22998046875,370522112
2026-09-18T22:00:00Z,2626.489990234375,2634.0400390625,2617.300048828125,2619.64990234375,353605632
2026-09-18T23:00:00Z,2620.22998046875,2621.820068359375,2608.68994140625,2611.340087890625,240367616
2026-09-19T00:00:00Z,2612.080078125,2626.419921875,2606.739990234375,2626.419921875,135714816
2026-09-19T01:00:00Z,2625.60009765625,2626.669921875,2602.9599609375,2612.449951171875,68542464
2026-09-19T02:00:00Z,2612.35009765625,2623.090087890625,2611.510009765625,2622.639892578125,153065472
2026-09-19T03:00:00Z,2622.699951171875,2630.639892578125,2618.679931640625,2619.179931640625,0
2026-09-19T04:00:00Z,2619.02001953125,2625.89990234375,2611.949951171875,2619.030029296875,0
2026-09-19T05:00:00Z,2619.10009765625,2632.429931640625,2618.800048828125,2628.090087890625,0
2026-09-19T06:00:00Z,2628.659912109375,2629.830078125,2619.72998046875,2626.300048828125,0
2026-09-19T07:00:00Z,2626.360107421875,2634.60009765625,2622.360107421875,2626.050048828125,0
2026-09-19T08:00:00Z,2626.679931640625,2657.239990234375,2623.39990234375,2644.39990234375,378163200
2026-09-19T09:00:00Z,2644.3798828125,2658.409912109375,2631.8798828125,2640.18994140625,0
2026-09-19T10:00:00Z,2639.3798828125,2644.77001953125,2636.419921875,2637.22998046875,0
2026-09-19T11:00:00Z,2637.159912109375,2642.0,2635.60009765625,2638.590087890625,0
2026-09-19T12:00:00Z,2638.739990234375,2643.1201171875,2636.570068359375,2641.550048828125,0
2026-09-19T13:00:00Z,2641.5,2642.780029296875,2628.840087890625,2637.6298828125,0
2026-09-19T14:00:00Z,2637.9599609375,2643.320068359375,2635.280029296875,2638.169921875,0
2026-09-19T15:00:00Z,2638.169921875,2651.169921875,2637.02001953125,2640.60009765625,0
2026-09-19T16:00:00Z,2640.679931640625,2651.0,2635.56005859375,2649.8701171875,0
2026-09-19T17:00:00Z,2649.25,2663.719970703125,2641.68994140625,2644.840087890625,0
2026-09-19T18:00:00Z,2644.81005859375,2647.199951171875,2635.0,2638.39990234375,0
2026-09-19T19:00:00Z,2638.7900390625,2640.1298828125,2631.60009765625,2634.330078125,0
2026-09-19T20:00:00Z,2634.050048828125,2640.0,2632.070068359375,2635.3798828125,0
2026-09-19T21:00:00Z,2635.60009765625,2638.3798828125,2617.669921875,2627.56005859375,0
2026-09-19T22:00:00Z,2626.5400390625,2631.070068359375,2618.840087890625,2630.110107421875,0
2026-09-19T23:00:00Z,2630.280029296875,2637.02001953125,2628.639892578125,2631.699951171875,0
2026-09-20T00:00:00Z,2630.889892578125,2630.889892578125,2625.18994140625,2626.72998046875,0
2026-09-20T01:00:00Z,2626.429931640625,2626.489990234375,2612.7900390625,2618.389892578125,0
2026-09-20T02:00:00Z,2618.340087890625,2623.179931640625,2566.300048828125,2573.719970703125,158108672
2026-09-20T03:00:00Z,2572.9599609375,2590.27001953125,2564.239990234375,2587.179931640625,781255680
2026-09-20T04:00:00Z,2587.179931640625,2587.570068359375,2575.949951171875,2578.679931640625,96886784
2026-09-20T05:00:00Z,2579.199951171875,2584.409912109375,2573.300048828125,2577.159912109375,236142592
2026-09-20T06:00:00Z,2576.409912109375,2584.030029296875,2569.300048828125,2573.260009765625,127436800
2026-09-20T07:00:00Z,2573.659912109375,2577.60009765625,2570.5,2576.0400390625,0
2026-09-20T08:00:00Z,2576.3701171875,2582.860107421875,2568.800048828125,2573.909912109375,0
2026-09-20T09:00:00Z,2573.419921875,2586.219970703125,2573.419921875,2578.800048828125,0
2026-09-20T10:00:00Z,2579.10009765625,2580.340087890625,2569.760009765625,2570.489990234375,50519040
2026-09-20T11:00:00Z,2570.1298828125,2579.469970703125,2567.280029296875,2577.8701171875,19526656
2026-09-20T12:00:00Z,2577.489990234375,2581.919921875,2570.969970703125,2579.39990234375,0
2026-09-20T13:00:00Z,2579.31005859375,2584.97998046875,2575.800048828125,2580.010009765625,0
2026-09-20T14:00:00Z,2580.10009765625,2587.320068359375,2573.469970703125,2584.8798828125,78662656
2026-09-20T15:00:00Z,2585.510009765625,2614.68994140625,2585.510009765625,2612.47998046875,167165952
2026-09-20T16:00:00Z,2613.10009765625,2647.39990234375,2605.889892578125,2640.300048828125,555981824
2026-09-20T17:00:00Z,2639.60009765625,2648.340087890625,2619.070068359375,2626.260009765625,64741376
2026-09-20T18:00:00Z,2625.550048828125,2639.360107421875,2621.4599609375,2625.6201171875,38939648
2026-09-20T19:00:00Z,2626.800048828125,2638.419921875,2625.050048828125,2632.969970703125,0
2026-09-20T20:00:00Z,2632.81005859375,2642.39990234375,2629.669921875,2634.219970703125,145776640
2026-09-20T21:00:00Z,2634.330078125,2635.300048828125,2611.3798828125,2630.590087890625,118416384
2026-09-20T22:00:00Z,2632.0400390625,2645.56005859375,2624.0,2638.949951171875,40476672
2026-09-20T23:00:00Z,2638.840087890625,2647.7099609375,2631.760009765625,2644.090087890625,525476864
2026-09-21T00:00:00Z,2643.60009765625,2706.2099609375,2643.60009765625,2689.179931640625,1863525376
2026-09-21T01:00:00Z,2688.169921875,2699.989990234375,2644.800048828125,2649.5,688645120
2026-09-21T02:00:00Z,2648.800048828125,2668.419921875,2644.39990234375,2661.139892578125,209271808
2026-09-21T03:00:00Z,2661.360107421875,2673.0400390625,2657.31005859375,2665.219970703125,0
2026-09-21T04:00:00Z,2665.260009765625,2669.580078125,2652.60009765625,2663.179931640625,0
2026-09-21T05:00:00Z,2662.909912109375,2675.0,2658.110107421875,2664.639892578125,0
2026-09-21T06:00:00Z,2665.06005859375,2677.77001953125,2654.10009765625,2662.7900390625,146155520
2026-09-21T07:00:00Z,2661.89990234375,2665.1298828125,2646.35009765625,2660.639892578125,213178368
2026-09-21T08:00:00Z,2660.60009765625,2708.35009765625,2660.60009765625,2696.02001953125,1874331648
2026-09-21T09:00:00Z,2696.330078125,2747.2099609375,2691.780029296875,2720.0400390625,2485346304
2026-09-21T10:00:00Z,2720.010009765625,2725.419921875,2708.800048828125,2715.219970703125,1071415296
2026-09-21T11:00:00Z,2713.469970703125,2728.93994140625,2712.97998046875,2724.530029296875,465297408
2026-09-21T12:00:00Z,2724.31005859375,2738.81005859375,2718.110107421875,2734.860107421875,818606080
2026-09-21T13:00:00Z,2733.919921875,2743.52001953125,2717.9599609375,2730.75,1285652480
2026-09-21T14:00:00Z,2730.60009765625,2754.6201171875,2711.969970703125,2736.389892578125,1190928384
2026-09-21T15:00:00Z,2735.989990234375,2764.860107421875,2728.0,2755.239990234375,1017700352
2026-09-21T16:00:00Z,2754.360107421875,2768.949951171875,2743.0400390625,2754.590087890625,497686528
2026-09-21T17:00:00Z,2754.5,2758.159912109375,2735.3701171875,2743.429931640625,211757056
2026-09-21T18:00:00Z,2743.35009765625,2758.22998046875,2739.3798828125,2758.139892578125,444315648
2026-09-21T19:00:00Z,2757.8701171875,2776.10009765625,2755.389892578125,2762.050048828125,846655488
2026-09-21T20:00:00Z,2764.39990234375,2806.419921875,2762.39990234375,2784.56005859375,939892736
2026-09-21T21:00:00Z,2783.330078125,2783.330078125,2763.429931640625,2768.159912109375,250845184
2026-09-21T22:00:00Z,2768.179931640625,2782.7099609375,2767.64990234375,2778.60009765625,54550528
2026-09-21T23:00:00Z,2777.860107421875,2787.320068359375,2766.469970703125,2775.580078125,0
2026-09-22T00:00:00Z,2774.510009765625,2777.449951171875,2752.239990234375,2754.389892578125,0
2026-09-22T01:00:00Z,2755.18994140625,2756.449951171875,2737.320068359375,2748.219970703125,0
2026-09-22T02:00:00Z,2748.419921875,2749.9599609375,2736.530029296875,2739.280029296875,0
2026-09-22T03:00:00Z,2738.68994140625,2742.909912109375,2725.47998046875,2738.81005859375,248430592
2026-09-22T04:00:00Z,2739.639892578125,2742.610107421875,2725.5,2727.679931640625,102672384
2026-09-22T05:00:00Z,2729.52001953125,2738.7900390625,2715.39990234375,2732.679931640625,0
2026-09-22T06:00:00Z,2732.7900390625,2735.780029296875,2724.389892578125,2730.010009765625,0
2026-09-22T07:00:00Z,2729.840087890625,2733.889892578125,2722.1201171875,2726.0,0
2026-09-22T08:00:00Z,2726.39990234375,2754.929931640625,2721.090087890625,2748.39990234375,0
2026-09-22T09:00:00Z,2747.610107421875,2753.199951171875,2730.0,2750.2099609375,0
2026-09-22T10:00:00Z,2750.110107421875,2751.43994140625,2735.300048828125,2741.510009765625,0
2026-09-22T11:00:00Z,2742.179931640625,2746.68994140625,2735.199951171875,2741.6201171875,0
2026-09-22T12:00:00Z,2741.510009765625,2756.320068359375,2735.949951171875,2755.800048828125,0
2026-09-22T13:00:00Z,2756.199951171875,2763.72998046875,2739.010009765625,2758.610107421875,0
2026-09-22T14:00:00Z,2758.489990234375,2758.489990234375,2717.030029296875,2742.780029296875,0
2026-09-22T15:00:00Z,2742.949951171875,2756.0,2736.68994140625,2743.989990234375,0
2026-09-22T16:00:00Z,2743.679931640625,2750.610107421875,2729.60009765625,2745.64990234375,0
2026-09-22T17:00:00Z,2745.840087890625,2759.219970703125,2743.550048828125,2754.050048828125,0
2026-09-22T18:00:00Z,2754.93994140625,2756.93994140625,2743.199951171875,2752.3798828125,0
2026-09-22T19:00:00Z,2752.550048828125,2764.1298828125,2745.139892578125,2751.39990234375,0
2026-09-22T20:00:00Z,2750.580078125,2759.010009765625,2747.39990234375,2751.360107421875,0
2026-09-22T21:00:00Z,2752.0,2754.860107421875,2746.780029296875,2747.31005859375,0
2026-09-22T22:00:00Z,2747.4599609375,2760.360107421875,2736.949951171875,2752.7900390625,81740800
2026-09-22T23:00:00Z,2753.18994140625,2774.5,2748.659912109375,2753.3798828125,239413248
2026-09-23T00:00:00Z,2753.35009765625,2766.199951171875,2749.6201171875,2759.610107421875,0
2026-09-23T01:00:00Z,2760.550048828125,2774.840087890625,2745.580078125,2754.090087890625,0
2026-09-23T02:00:00Z,2753.570068359375,2762.6298828125,2746.1201171875,2762.56005859375,0
2026-09-23T03:00:00Z,2762.0,2783.080078125,2757.669921875,2773.679931640625,10967040
2026-09-23T04:00:00Z,2773.89990234375,2788.2099609375,2767.080078125,2779.18994140625,188175360
2026-09-23T05:00:00Z,2779.219970703125,2779.389892578125,2755.25,2757.39990234375,0
2026-09-23T06:00:00Z,2756.889892578125,2761.68994140625,2751.679931640625,2754.0400390625,112821248
2026-09-23T07:00:00Z,2753.5400390625,2753.72998046875,2736.510009765625,2742.580078125,387612672
2026-09-23T08:00:00Z,2742.989990234375,2750.110107421875,2727.1201171875,2734.639892578125,0
2026-09-23T09:00:00Z,2734.64990234375,2742.8798828125,2731.0,2733.14990234375,0
2026-09-23T10:00:00Z,2733.97998046875,2738.080078125,2725.610107421875,2737.39990234375,0
2026-09-23T11:00:00Z,2737.0,2739.06005859375,2716.669921875,2727.419921875,559505408
2026-09-23T12:00:00Z,2726.909912109375,2729.52001953125,2712.719970703125,2721.18994140625,349689856
2026-09-23T13:00:00Z,2721.56005859375,2723.179931640625,2706.800048828125,2715.18994140625,0
2026-09-23T14:00:00Z,2715.419921875,2722.699951171875,2646.93994140625,2675.949951171875,2210020352
2026-09-23T15:00:00Z,2674.06005859375,2684.159912109375,2654.739990234375,2656.10009765625,523315200
2026-09-23T16:00:00Z,2655.7099609375,2667.469970703125,2636.449951171875,2660.2900390625,687171584
2026-09-23T17:00:00Z,2660.159912109375,2670.280029296875,2648.43994140625,2667.60009765625,117479424
2026-09-23T18:00:00Z,2667.300048828125,2672.35009765625,2658.81005859375,2668.469970703125,0
2026-09-23T19:00:00Z,2668.47998046875,2679.89990234375,2663.840087890625,2678.10009765625,0
2026-09-23T20:00:00Z,2679.820068359375,2679.820068359375,2668.81005859375,2671.1201171875,0
2026-09-23T21:00:00Z,2670.949951171875,2679.360107421875,2668.179931640625,2677.1298828125,63320064
2026-09-23T22:00:00Z,2677.6298828125,2698.27001953125,2675.840087890625,2689.530029296875,0
2026-09-23T23:00:00Z,2688.81005859375,2690.429931640625,2680.39990234375,2683.860107421875,0
2026-09-24T00:00:00Z,2683.60009765625,2692.070068359375,2678.6201171875,2682.280029296875,0
2026-09-24T01:00:00Z,2682.35009765625,2691.889892578125,2674.0,2674.580078125,0
2026-09-24T02:00:00Z,2675.18994140625,2687.919921875,2663.739990234375,2685.090087890625,232897536
2026-09-24T03:00:00Z,2685.330078125,2690.02001953125,2670.949951171875,2676.179931640625,0
2026-09-24T04:00:00Z,2675.97998046875,2683.169921875,2669.6201171875,2681.260009765625,0
2026-09-24T05:00:00Z,2681.280029296875,2703.449951171875,2681.280029296875,2681.860107421875,0
2026-09-24T06:00:00Z,2682.389892578125,2690.360107421875,2679.27001953125,2685.610107421875,13070336
2026-09-24T07:00:00Z,2685.409912109375,2699.300048828125,2679.070068359375,2692.97998046875,0
2026-09-24T08:00:00Z,2692.760009765625,2695.1201171875,2655.800048828125,2668.360107421875,0
2026-09-24T09:00:00Z,2669.18994140625,2672.360107421875,2628.1201171875,2641.31005859375,1005445120
2026-09-24T10:00:00Z,2640.800048828125,2648.969970703125,2632.77001953125,2647.639892578125,58152960
2026-09-24T11:00:00Z,2648.0,2651.8798828125,2642.469970703125,2646.669921875,0
2026-09-24T12:00:00Z,2646.110107421875,2653.070068359375,2638.449951171875,2647.93994140625,0
2026-09-24T13:00:00Z,2649.0400390625,2678.02001953125,2647.929931640625,2669.5400390625,0
2026-09-24T14:00:00Z,2669.239990234375,2698.89990234375,2647.919921875,2657.030029296875,0
2026-09-24T15:00:00Z,2654.550048828125,2685.169921875,2651.97998046875,2682.6201171875,291263488
2026-09-24T16:00:00Z,2683.280029296875,2705.0,2665.659912109375,2686.639892578125,0
2026-09-24T17:00:00Z,2684.97998046875,2689.3701171875,2666.219970703125,2668.860107421875,255021056
2026-09-24T18:00:00Z,2668.25,2693.52001953125,2659.7900390625,2689.2900390625,49927168
2026-09-24T19:00:00Z,2689.159912109375,2700.31005859375,2681.719970703125,2696.1201171875,310056960
2026-09-24T20:00:00Z,2696.18994140625,2696.409912109375,2681.2900390625,2687.43994140625,103168000
2026-09-24T21:00:00Z,2687.679931640625,2692.669921875,2684.72998046875,2686.090087890625,38586368
2026-09-24T22:00:00Z,2685.320068359375,2687.93994140625,2675.929931640625,2684.68994140625,0
2026-09-24T23:00:00Z,2685.110107421875,2692.780029296875,2684.219970703125,2687.35009765625,189919232
2026-09-25T00:00:00Z,2687.219970703125,2697.0,2687.169921875,2689.72998046875,58009600
2026-09-25T01:00:00Z,2689.570068359375,2697.5,2681.75,2689.1298828125,0
2026-09-25T02:00:00Z,2689.39990234375,2699.6201171875,2673.8701171875,2675.9599609375,22818816
2026-09-25T03:00:00Z,2674.0,2680.909912109375,2672.719970703125,2678.25,242164736
2026-09-25T04:00:00Z,2678.409912109375,2685.419921875,2671.22998046875,2679.75,0
2026-09-25T05:00:00Z,2679.3798828125,2684.699951171875,2674.93994140625,2679.7099609375,0
2026-09-25T06:00:00Z,2679.6298828125,2682.77001953125,2669.830078125,2674.239990234375,31903744
2026-09-25T07:00:00Z,2673.820068359375,2680.570068359375,2667.179931640625,2672.22998046875,0
2026-09-25T08:00:00Z,2672.110107421875,2695.419921875,2672.0400390625,2690.590087890625,0
2026-09-25T09:00:00Z,2690.39990234375,2715.5400390625,2690.39990234375,2704.0,0
2026-09-25T10:00:00Z,2703.7099609375,2718.300048828125,2692.889892578125,2713.77001953125,0
2026-09-25T11:00:00Z,2713.85009765625,2742.580078125,2712.77001953125,2717.0400390625,563210240
2026-09-25T12:00:00Z,2717.780029296875,2723.81005859375,2685.8798828125,2716.77001953125,833126400
2026-09-25T13:00:00Z,2716.840087890625,2721.60009765625,2680.0400390625,2694.489990234375,121330688
2026-09-25T14:00:00Z,2694.840087890625,2697.1201171875,2671.22998046875,2695.429931640625,22885376
2026-09-25T15:00:00Z,2694.760009765625,2698.719970703125,2667.679931640625,2686.06005859375,278545408
2026-09-25T16:00:00Z,2687.780029296875,2696.580078125,2680.8701171875,2682.909912109375,0
2026-09-25T17:00:00Z,2682.97998046875,2693.070068359375,2677.47998046875,2685.3701171875,318865408
2026-09-25T18:00:00Z,2685.52001953125,2698.929931640625,2685.340087890625,2692.97998046875,0
2026-09-25T19:00:00Z,2693.75,2696.18994140625,2689.760009765625,2692.949951171875,0
2026-09-25T20:00:00Z,2692.8701171875,2695.31005859375,2683.52001953125,2683.840087890625,0
2026-09-25T21:00:00Z,2683.830078125,2685.139892578125,2676.68994140625,2681.14990234375,124546048
2026-09-25T22:00:00Z,2680.89990234375,2694.239990234375,2679.610107421875,2691.31005859375,0
2026-09-25T23:00:00Z,2691.570068359375,2694.2099609375,2690.2099609375,2691.31005859375,0
2026-09-26T00:00:00Z,2691.239990234375,2693.830078125,2680.39990234375,2686.77001953125,0
2026-09-26T01:00:00Z,2686.3798828125,2695.860107421875,2686.35009765625,2692.31005859375,0
2026-09-26T02:00:00Z,2692.199951171875,2695.27001953125,2688.409912109375,2690.699951171875,0
2026-09-26T03:00:00Z,2690.429931640625,2691.14990234375,2685.5,2687.3701171875,0
2026-09-26T04:00:00Z,2687.43994140625,2691.18994140625,2684.469970703125,2689.139892578125,0
2026-09-26T05:00:00Z,2689.139892578125,2690.169921875,2684.840087890625,2686.14990234375,0
2026-09-26T06:00:00Z,2685.919921875,2687.2099609375,2683.010009765625,2685.06005859375,0
2026-09-26T07:00:00Z,2684.989990234375,2691.3701171875,2684.989990234375,2690.43994140625,0
2026-09-26T08:00:00Z,2690.7099609375,2697.320068359375,2687.02001953125,2690.429931640625,0
2026-09-26T09:00:00Z,2690.429931640625,2690.5400390625,2679.330078125,2682.219970703125,0
2026-09-26T10:00:00Z,2682.260009765625,2689.739990234375,2682.010009765625,2686.919921875,0
2026-09-26T11:00:00Z,2687.050048828125,2690.260009765625,2684.85009765625,2688.989990234375,0
2026-09-26T12:00:00Z,2688.820068359375,2691.93994140625,2685.929931640625,2688.39990234375,0
2026-09-26T13:00:00Z,2688.4599609375,2691.1201171875,2681.4599609375,2686.22998046875,0
2026-09-26T14:00:00Z,2684.989990234375,2689.239990234375,2684.989990234375,2688.5400390625,0
2026-09-26T15:00:00Z,2688.580078125,2695.52001953125,2687.929931640625,2692.5,0
2026-09-26T16:00:00Z,2692.25,2693.4599609375,2688.699951171875,2691.010009765625,0
2026-09-26T17:00:00Z,2690.760009765625,2691.300048828125,2686.31005859375,2690.0,0
2026-09-26T18:00:00Z,2688.9599609375,2690.889892578125,2683.02001953125,2684.6201171875,0
2026-09-26T19:00:00Z,2684.6201171875,2686.18994140625,2681.0,2683.9599609375,0
2026-09-26T20:00:00Z,2683.820068359375,2684.89990234375,2665.340087890625,2676.25,179734528
2026-09-26T21:00:00Z,2675.969970703125,2691.580078125,2675.35009765625,2685.909912109375,0
2026-09-26T22:00:00Z,2685.090087890625,2691.989990234375,2683.719970703125,2688.14990234375,11763200
2026-09-26T23:00:00Z,2688.159912109375,2696.3701171875,2688.159912109375,2695.68994140625,98545152
2026-09-27T00:00:00Z,2695.64990234375,2695.699951171875,2689.199951171875,2692.89990234375,0
2026-09-27T01:00:00Z,2692.89990234375,2704.739990234375,2690.889892578125,2701.110107421875,74261504
2026-09-27T02:00:00Z,2701.10009765625,2705.340087890625,2696.449951171875,2697.300048828125,135212032
2026-09-27T03:00:00Z,2697.300048828125,2699.97998046875,2695.219970703125,2695.8701171875,154040832
2026-09-27T04:00:00Z,2695.860107421875,2699.3701171875,2690.889892578125,2691.510009765625,0
2026-09-27T05:00:00Z,2691.4599609375,2709.449951171875,2691.25,2704.52001953125,185095680
2026-09-27T06:00:00Z,2704.419921875,2710.659912109375,2704.3798828125,2706.47998046875,29144064
2026-09-27T07:00:00Z,2705.9599609375,2718.0,2704.780029296875,2717.7099609375,97296384
2026-09-27T08:00:00Z,2717.669921875,2721.780029296875,2712.969970703125,2713.409912109375,384717824
2026-09-27T09:00:00Z,2713.199951171875,2716.1298828125,2705.360107421875,2715.360107421875,114925056
2026-09-27T10:00:00Z,2715.22998046875,2718.3701171875,2707.909912109375,2709.550048828125,209009664
2026-09-27T11:00:00Z,2709.340087890625,2711.090087890625,2706.6201171875,2709.1298828125,109269504
2026-09-27T12:00:00Z,2709.110107421875,2717.0400390625,2706.760009765625,2706.760009765625,0
2026-09-27T13:00:00Z,2706.050048828125,2714.8701171875,2697.60009765625,2709.3701171875,203957760
2026-09-27T14:00:00Z,2709.360107421875,2709.68994140625,2682.60009765625,2687.39990234375,455823872
2026-09-27T15:00:00Z,2687.60009765625,2693.080078125,2681.639892578125,2689.5,291774976
2026-09-27T16:00:00Z,2689.4599609375,2695.280029296875,2684.06005859375,2685.89990234375,93327360
2026-09-27T17:00:00Z,2685.5,2691.25,2685.010009765625,2690.590087890625,34894336
2026-09-27T18:00:00Z,2690.2099609375,2698.830078125,2688.97998046875,2697.639892578125,186124800
2026-09-27T19:00:00Z,2697.6298828125,2698.179931640625,2689.840087890625,2690.929931640625,79090688
2026-09-27T20:00:00Z,2691.0,2695.989990234375,2685.179931640625,2685.530029296875,0
2026-09-27T21:00:00Z,2685.679931640625,2692.719970703125,2675.919921875,2684.070068359375,2636288
2026-09-27T22:00:00Z,2684.280029296875,2686.030029296875,2669.320068359375,2675.239990234375,387501056
2026-09-27T23:00:00Z,2674.89990234375,2690.60009765625,2673.429931640625,2687.9599609375,74200064
2026-09-28T00:00:00Z,2688.22998046875,2702.3798828125,2672.090087890625,2673.68994140625,396715008
2026-09-28T01:00:00Z,2673.760009765625,2678.780029296875,2648.030029296875,2657.31005859375,692926464
2026-09-28T02:00:00Z,2656.570068359375,2662.47998046875,2648.0,2652.340087890625,564731904
2026-09-28T03:00:00Z,2653.85009765625,2657.6201171875,2642.93994140625,2651.7900390625,483396608
2026-09-28T04:00:00Z,2652.179931640625,2659.72998046875,2646.22998046875,2657.969970703125,268682240
2026-09-28T05:00:00Z,2658.5,2660.139892578125,2635.570068359375,2650.989990234375,354605056
2026-09-28T06:00:00Z,2650.97998046875,2656.2099609375,2645.639892578125,2649.0,524980224
2026-09-28T07:00:00Z,2649.10009765625,2655.169921875,2641.7099609375,2642.75,545854464
2026-09-28T08:00:00Z,2642.889892578125,2651.469970703125,2639.14990234375,2649.669921875,375153664
2026-09-28T09:00:00Z,2649.429931640625,2653.31005859375,2636.3701171875,2639.75,264840192
2026-09-28T10:00:00Z,2640.43994140625,2657.919921875,2640.43994140625,2655.1298828125,121663488
2026-09-28T11:00:00Z,2655.5400390625,2668.5400390625,2655.5400390625,2668.050048828125,77771776
2026-09-28T12:00:00Z,2668.010009765625,2691.989990234375,2664.070068359375,2689.760009765625,844253184
2026-09-28T13:00:00Z,2689.6201171875,2698.199951171875,2680.219970703125,2689.93994140625,225868800
2026-09-28T14:00:00Z,2689.330078125,2689.330078125,2650.6201171875,2666.159912109375,372706304
2026-09-28T15:00:00Z,2666.169921875,2679.75,2653.360107421875,2677.8701171875,751169536
2026-09-28T16:00:00Z,2677.179931640625,2697.110107421875,2670.260009765625,2686.830078125,535216128
2026-09-28T17:00:00Z,2685.199951171875,2719.18994140625,2681.050048828125,2694.5400390625,735143936
2026-09-28T18:00:00Z,2694.43994140625,2699.110107421875,2686.550048828125,2698.639892578125,288024576
2026-09-28T19:00:00Z,2699.56005859375,2699.56005859375,2663.679931640625,2672.409912109375,181676032
2026-09-28T20:00:00Z,2672.8798828125,2685.419921875,2670.090087890625,2681.639892578125,147481600
2026-09-28T21:00:00Z,2682.25,2688.5,2672.800048828125,2673.159912109375,0
2026-09-28T22:00:00Z,2673.449951171875,2686.530029296875,2666.889892578125,2686.4599609375,0
2026-09-28T23:00:00Z,2686.469970703125,2693.090087890625,2684.0400390625,2687.409912109375,0
2026-09-29T00:00:00Z,2686.8701171875,2694.0,2676.35009765625,2676.35009765625,0
2026-09-29T01:00:00Z,2675.4599609375,2680.2099609375,2655.3701171875,2664.0,0
2026-09-29T02:00:00Z,2664.5400390625,2666.840087890625,2650.97998046875,2656.3701171875,0
2026-09-29T03:00:00Z,2656.449951171875,2668.219970703125,2654.050048828125,2664.159912109375,0
2026-09-29T04:00:00Z,2664.659912109375,2671.9599609375,2660.39990234375,2666.68994140625,0
2026-09-29T05:00:00Z,2666.570068359375,2676.60009765625,2654.409912109375,2674.52001953125,0
2026-09-29T06:00:00Z,2675.18994140625,2708.010009765625,2674.830078125,2705.7099609375,316766208
2026-09-29T07:00:00Z,2704.43994140625,2718.0,2698.8798828125,2710.659912109375,386366464
2026-09-29T08:00:00Z,2711.52001953125,2732.6201171875,2705.60009765625,2708.06005859375,152643584
2026-09-29T09:00:00Z,2707.139892578125,2720.820068359375,2702.10009765625,2716.699951171875,13363200
2026-09-29T10:00:00Z,2716.56005859375,2719.52001953125,2709.3798828125,2713.64990234375,0
2026-09-29T11:00:00Z,2714.139892578125,2737.780029296875,2713.56005859375,2731.25,173430784
2026-09-29T12:00:00Z,2731.10009765625,2745.39990234375,2728.639892578125,2736.139892578125,209829888
2026-09-29T13:00:00Z,2736.239990234375,2740.219970703125,2721.02001953125,2726.699951171875,177127424
2026-09-29T14:00:00Z,2726.25,2731.300048828125,2707.31005859375,2709.929931640625,0
2026-09-29T15:00:00Z,2710.43994140625,2710.679931640625,2667.949951171875,2672.800048828125,323888128
2026-09-29T16:00:00Z,2673.6201171875,2683.590087890625,2668.10009765625,2675.1201171875,0
2026-09-29T17:00:00Z,2675.68994140625,2679.72998046875,2668.800048828125,2672.830078125,0
2026-09-29T18:00:00Z,2675.449951171875,2696.7900390625,2675.06005859375,2695.110107421875,0
2026-09-29T19:00:00Z,2694.56005859375,2698.919921875,2685.93994140625,2688.989990234375,0
2026-09-29T20:00:00Z,2689.030029296875,2693.449951171875,2685.5400390625,2688.679931640625,0
2026-09-29T21:00:00Z,2688.449951171875,2689.260009765625,2675.840087890625,2678.1298828125,252875776
2026-09-29T22:00:00Z,2678.139892578125,2685.050048828125,2673.760009765625,2680.530029296875,112096256
2026-09-29T23:00:00Z,2680.909912109375,2687.389892578125,2674.6201171875,2677.06005859375,0
2026-09-30T00:00:00Z,2677.2099609375,2678.699951171875,2666.85009765625,2671.47998046875,0
2026-09-30T01:00:00Z,2670.4599609375,2675.919921875,2667.1201171875,2671.139892578125,0
2026-09-30T02:00:00Z,2671.2900390625,2676.989990234375,2664.820068359375,2673.330078125,0
2026-09-30T03:00:00Z,2674.06005859375,2675.050048828125,2666.60009765625,2670.97998046875,0
2026-09-30T04:00:00Z,2670.0,2675.47998046875,2668.659912109375,2668.8701171875,173083648
2026-09-30T05:00:00Z,2668.860107421875,2678.139892578125,2666.030029296875,2673.969970703125,23641088
2026-09-30T06:00:00Z,2673.889892578125,2675.89990234375,2656.510009765625,2660.699951171875,0
2026-09-30T07:00:00Z,2660.919921875,2676.9599609375,2659.080078125,2673.75,0
2026-09-30T08:00:00Z,2673.2900390625,2673.449951171875,2663.169921875,2669.820068359375,0
2026-09-30T09:00:00Z,2669.85009765625,2695.8798828125,2669.300048828125,2687.389892578125,0
2026-09-30T10:00:00Z,2687.47998046875,2696.389892578125,2686.56005859375,2694.260009765625,4590592
2026-09-30T11:00:00Z,2693.919921875,2699.010009765625,2684.56005859375,2696.669921875,0
2026-09-30T12:00:00Z,2696.0,2737.43994140625,2691.169921875,2730.1201171875,639792128
2026-09-30T13:00:00Z,2731.260009765625,2736.840087890625,2688.860107421875,2708.89990234375,848819200
2026-09-30T14:00:00Z,2708.7099609375,2712.52001953125,2666.93994140625,2676.739990234375,620707840
2026-09-30T15:00:00Z,2675.389892578125,2687.929931640625,2670.0,2681.679931640625,0
2026-09-30T16:00:00Z,2681.77001953125,2694.389892578125,2680.3701171875,2694.27001953125,0
2026-09-30T17:00:00Z,2693.320068359375,2696.43994140625,2675.179931640625,2682.169921875,436929536
2026-09-30T18:00:00Z,2681.239990234375,2683.800048828125,2672.8701171875,2677.97998046875,179499008
2026-09-30T19:00:00Z,2678.389892578125,2679.77001953125,2668.510009765625,2674.110107421875,327562240
