timestamp_utc,Open,High,Low,Close,Volume
2026-07-09T23:00:00Z,1.1436413526535034,1.1437721252441406,1.1435105800628662,1.1436413526535034,0
2026-07-10T00:00:00Z,1.1436413526535034,1.1445575952529907,1.143379807472229,1.144426703453064,0
2026-07-10T01:00:00Z,1.1442956924438477,1.145213007926941,1.144164800643921,1.145213007926941,0
2026-07-10T02:00:00Z,1.145081877708435,1.1463946104049683,1.145081877708435,1.1461317539215088,0
2026-07-10T03:00:00Z,1.1462632417678833,1.1462632417678833,1.145213007926941,1.1453442573547363,0
2026-07-10T04:00:00Z,1.145213007926941,1.145213007926941,1.144426703453064,1.1445575952529907,0
2026-07-10T05:00:00Z,1.1445575952529907,1.144688606262207,1.1439030170440674,1.1442956924438477,0
2026-07-10T06:00:00Z,1.1442956924438477,1.145081877708435,1.1442956924438477,1.1445575952529907,0
2026-07-10T07:00:00Z,1.144426703453064,1.1445575952529907,1.1440337896347046,1.1440337896347046,0
2026-07-10T08:00:00Z,1.1440337896347046,1.1445575952529907,1.143379807472229,1.143379807472229,0
2026-07-10T09:00:00Z,1.143379807472229,1.1436413526535034,1.142987847328186,1.1431183815002441,0
2026-07-10T10:00:00Z,1.1431183815002441,1.1439030170440674,1.142987847328186,1.1436413526535034,0
2026-07-10T11:00:00Z,1.1436413526535034,1.1437721252441406,1.142987847328186,1.1435105800628662,0
2026-07-10T12:00:00Z,1.1435105800628662,1.1440337896347046,1.1427265405654907,1.1432491540908813,0
2026-07-10T13:00:00Z,1.1432491540908813,1.1432491540908813,1.1423349380493164,1.1423349380493164,0
2026-07-10T14:00:00Z,1.1422044038772583,1.1431183815002441,1.1418131589889526,1.1425960063934326,0
2026-07-10T15:00:00Z,1.1425960063934326,1.144164800643921,1.1425960063934326,1.144164800643921,0
2026-07-10T16:00:00Z,1.1440337896347046,1.144426703453064,1.143379807472229,1.143379807472229,0
2026-07-10T17:00:00Z,1.143379807472229,1.143379807472229,1.1420739889144897,1.1420739889144897,0
2026-07-10T18:00:00Z,1.1420739889144897,1.1420739889144897,1.1415525674819946,1.1419435739517212,0
2026-07-10T19:00:00Z,1.1419435739517212,1.1419435739517212,1.1416828632354736,1.1419435739517212,0
2026-07-10T20:00:00Z,1.1419435739517212,1.1422044038772583,1.1415525674819946,1.1416828632354736,0
2026-07-10T21:00:00Z,1.1419435739517212,1.1419435739517212,1.1419435739517212,1.1419435739517212,0
2026-07-12T23:00:00Z,1.1397310495376587,1.1406410932540894,1.1397310495376587,1.1406410932540894,0
2026-07-13T00:00:00Z,1.1407711505889893,1.1407711505889893,1.1398608684539795,1.1398608684539795,0
2026-07-13T01:00:00Z,1.1398608684539795,1.1399909257888794,1.1389521360397339,1.1399909257888794,0
2026-07-13T02:00:00Z,1.1401208639144897,1.1402509212493896,1.1397310495376587,1.1398608684539795,0
2026-07-13T03:00:00Z,1.1398608684539795,1.1401208639144897,1.1394712924957275,1.1401208639144897,0
2026-07-13T04:00:00Z,1.1402509212493896,1.1407711505889893,1.1399909257888794,1.1407711505889893,0
2026-07-13T05:00:00Z,1.1407711505889893,1.1411616802215576,1.1401208639144897,1.1401208639144897,0
2026-07-13T06:00:00Z,1.1402509212493896,1.1410315036773682,1.1399909257888794,1.140380859375,0
2026-07-13T07:00:00Z,1.1405109167099,1.1428571939468384,1.1405109167099,1.1427265405654907,0
2026-07-13T08:00:00Z,1.1427265405654907,1.1449507474899292,1.1427265405654907,1.1439030170440674,0
2026-07-13T09:00:00Z,1.1439030170440674,1.1440337896347046,1.1431183815002441,1.143379807472229,0
2026-07-13T10:00:00Z,1.1435105800628662,1.1439030170440674,1.142987847328186,1.1439030170440674,0
2026-07-13T11:00:00Z,1.1439030170440674,1.1440337896347046,1.1428571939468384,1.1431183815002441,0
2026-07-13T12:00:00Z,1.1431183815002441,1.1432491540908813,1.1424654722213745,1.1432491540908813,0
2026-07-13T13:00:00Z,1.1435105800628662,1.1435105800628662,1.1418131589889526,1.1418131589889526,0
2026-07-13T14:00:00Z,1.1418131589889526,1.1418131589889526,1.1401208639144897,1.1406410932540894,0
2026-07-13T15:00:00Z,1.1409013271331787,1.1409013271331787,1.1399909257888794,1.1406410932540894,0
2026-07-13T16:00:00Z,1.1405109167099,1.1405109167099,1.1386927366256714,1.1390818357467651,0
2026-07-13T17:00:00Z,1.139211654663086,1.1393414735794067,1.1389521360397339,1.1389521360397339,0
2026-07-13T18:00:00Z,1.1389521360397339,1.139211654663086,1.1388224363327026,1.1389521360397339,0
2026-07-13T19:00:00Z,1.1390818357467651,1.1390818357467651,1.1385631561279297,1.1385631561279297,0
2026-07-13T20:00:00Z,1.1386927366256714,1.1388224363327026,1.1381744146347046,1.1384334564208984,0
2026-07-13T21:00:00Z,1.1393414735794067,1.1393414735794067,1.1381744146347046,1.1384334564208984,0
2026-07-13T22:00:00Z,1.1385631561279297,1.1388224363327026,1.1384334564208984,1.1384334564208984,0
2026-07-13T23:00:00Z,1.1384334564208984,1.1386927366256714,1.1383039951324463,1.1385631561279297,0
2026-07-14T00:00:00Z,1.1386927366256714,1.139211654663086,1.1381744146347046,1.1389521360397339,0
2026-07-14T01:00:00Z,1.1388224363327026,1.1393414735794067,1.1388224363327026,1.139211654663086,0
2026-07-14T02:00:00Z,1.139211654663086,1.1397310495376587,1.139211654663086,1.1394712924957275,0
2026-07-14T03:00:00Z,1.1394712924957275,1.1398608684539795,1.139211654663086,1.1397310495376587,0
2026-07-14T04:00:00Z,1.1397310495376587,1.1397310495376587,1.1390818357467651,1.1393414735794067,0
2026-07-14T05:00:00Z,1.1394712924957275,1.1398608684539795,1.1394712924957275,1.1394712924957275,0
2026-07-14T06:00:00Z,1.1394712924957275,1.1397310495376587,1.1388224363327026,1.1389521360397339,0
2026-07-14T07:00:00Z,1.1388224363327026,1.1399909257888794,1.1388224363327026,1.1398608684539795,0
2026-07-14T08:00:00Z,1.1398608684539795,1.1409013271331787,1.1397310495376587,1.140380859375,0
2026-07-14T09:00:00Z,1.1402509212493896,1.1407711505889893,1.1398608684539795,1.140380859375,0
2026-07-14T10:00:00Z,1.140380859375,1.1405109167099,1.1394712924957275,1.1394712924957275,0
2026-07-14T11:00:00Z,1.1394712924957275,1.1411616802215576,1.1393414735794067,1.1410315036773682,0
2026-07-14T12:00:00Z,1.1409013271331787,1.1462632417678833,1.1407711505889893,1.144688606262207,0
2026-07-14T13:00:00Z,1.144819736480713,1.145737886428833,1.144819736480713,1.1456066370010376,0
2026-07-14T14:00:00Z,1.1453442573547363,1.1461317539215088,1.144426703453064,1.144819736480713,0
2026-07-14T15:00:00Z,1.144819736480713,1.1454753875732422,1.142987847328186,1.142987847328186,0
2026-07-14T16:00:00Z,1.1431183815002441,1.1437721252441406,1.1428571939468384,1.1436413526535034,0
2026-07-14T17:00:00Z,1.1435105800628662,1.1436413526535034,1.1423349380493164,1.1425960063934326,0
2026-07-14T18:00:00Z,1.1427265405654907,1.1428571939468384,1.1420739889144897,1.1425960063934326,0
2026-07-14T19:00:00Z,1.1427265405654907,1.1428571939468384,1.1424654722213745,1.1424654722213745,0
2026-07-14T20:00:00Z,1.1423349380493164,1.1425960063934326,1.1422044038772583,1.1423349380493164,0
2026-07-14T21:00:00Z,1.1424654722213745,1.1431183815002441,1.1422044038772583,1.1425960063934326,0
2026-07-14T22:00:00Z,1.1424654722213745,1.1424654722213745,1.1420739889144897,1.1424654722213745,0
2026-07-14T23:00:00Z,1.1423349380493164,1.1428571939468384,1.1423349380493164,1.1427265405654907,0
2026-07-15T00:00:00Z,1.1427265405654907,1.1437721252441406,1.1427265405654907,1.1437721252441406,0
2026-07-15T01:00:00Z,1.1437721252441406,1.1440337896347046,1.1435105800628662,1.1439030170440674,0
2026-07-15T02:00:00Z,1.1439030170440674,1.144426703453064,1.1436413526535034,1.144426703453064,0
2026-07-15T03:00:00Z,1.1442956924438477,1.1445575952529907,1.1437721252441406,1.144164800643921,0
2026-07-15T04:00:00Z,1.144164800643921,1.144426703453064,1.1440337896347046,1.1440337896347046,0
2026-07-15T05:00:00Z,1.1440337896347046,1.144688606262207,1.1439030170440674,1.144426703453064,0
2026-07-15T06:00:00Z,1.144426703453064,1.144688606262207,1.1432491540908813,1.1432491540908813,0
2026-07-15T07:00:00Z,1.1432491540908813,1.1435105800628662,1.1423349380493164,1.1425960063934326,0
2026-07-15T08:00:00Z,1.1427265405654907,1.1431183815002441,1.1424654722213745,1.1427265405654907,0
2026-07-15T09:00:00Z,1.1427265405654907,1.1428571939468384,1.1420739889144897,1.1420739889144897,0
2026-07-15T10:00:00Z,1.1420739889144897,1.1422044038772583,1.141422152519226,1.1415525674819946,0
2026-07-15T11:00:00Z,1.1419435739517212,1.1422044038772583,1.141422152519226,1.1416828632354736,0
2026-07-15T12:00:00Z,1.1416828632354736,1.1432491540908813,1.1410315036773682,1.1432491540908813,0
2026-07-15T13:00:00Z,1.1431183815002441,1.1437721252441406,1.1427265405654907,1.1436413526535034,0
2026-07-15T14:00:00Z,1.1435105800628662,1.144426703453064,1.143379807472229,1.1439030170440674,0
2026-07-15T15:00:00Z,1.1440337896347046,1.144426703453064,1.1435105800628662,1.1439030170440674,0
2026-07-15T16:00:00Z,1.1439030170440674,1.1445575952529907,1.143379807472229,1.1445575952529907,0
2026-07-15T17:00:00Z,1.1445575952529907,1.1477103233337402,1.1445575952529907,1.1477103233337402,0
2026-07-15T18:00:00Z,1.1477103233337402,1.148369312286377,1.1471836566925049,1.1471836566925049,0
2026-07-15T19:00:00Z,1.1469204425811768,1.1477103233337402,1.1465259790420532,1.1467890739440918,0
2026-07-15T20:00:00Z,1.1467890739440918,1.1467890739440918,1.1463946104049683,1.1466574668884277,0
2026-07-15T21:00:00Z,1.1467890739440918,1.147315263748169,1.1463946104049683,1.1467890739440918,0
2026-07-15T22:00:00Z,1.1469204425811768,1.1471836566925049,1.1469204425811768,1.1469204425811768,0
2026-07-15T23:00:00Z,1.1471836566925049,1.147446870803833,1.1470520496368408,1.147315263748169,0
2026-07-16T00:00:00Z,1.147315263748169,1.1477103233337402,1.1470520496368408,1.1477103233337402,0
2026-07-16T01:00:00Z,1.1477103233337402,1.1477103233337402,1.1467890739440918,1.1469204425811768,0
2026-07-16T02:00:00Z,1.1469204425811768,1.1469204425811768,1.1463946104049683,1.1467890739440918,0
2026-07-16T03:00:00Z,1.1467890739440918,1.1471836566925049,1.1466574668884277,1.1469204425811768,0
2026-07-16T04:00:00Z,1.1469204425811768,1.1470520496368408,1.1466574668884277,1.1469204425811768,0
2026-07-16T05:00:00Z,1.1469204425811768,1.1471836566925049,1.1466574668884277,1.1466574668884277,0
2026-07-16T06:00:00Z,1.1467890739440918,1.147446870803833,1.1467890739440918,1.1471836566925049,0
2026-07-16T07:00:00Z,1.1471836566925049,1.1479737758636475,1.1470520496368408,1.147315263748169,0
2026-07-16T08:00:00Z,1.1471836566925049,1.147446870803833,1.1466574668884277,1.1469204425811768,0
2026-07-16T09:00:00Z,1.1469204425811768,1.1470520496368408,1.1463946104049683,1.1469204425811768,0
2026-07-16T10:00:00Z,1.1469204425811768,1.1471836566925049,1.1463946104049683,1.1463946104049683,0
2026-07-16T11:00:00Z,1.1462632417678833,1.1471836566925049,1.1461317539215088,1.1471836566925049,0
2026-07-16T12:00:00Z,1.1471836566925049,1.147315263748169,1.145081877708435,1.145081877708435,0
2026-07-16T13:00:00Z,1.145081877708435,1.1462632417678833,1.1449507474899292,1.1454753875732422,0
2026-07-16T14:00:00Z,1.1453442573547363,1.145737886428833,1.1442956924438477,1.144688606262207,0
2026-07-16T15:00:00Z,1.1445575952529907,1.145213007926941,1.1440337896347046,1.1449507474899292,0
2026-07-16T16:00:00Z,1.145081877708435,1.145081877708435,1.1437721252441406,1.1437721252441406,0
2026-07-16T17:00:00Z,1.1437721252441406,1.144164800643921,1.1435105800628662,1.1440337896347046,0
2026-07-16T18:00:00Z,1.1440337896347046,1.144164800643921,1.1437721252441406,1.144164800643921,0
2026-07-16T19:00:00Z,1.144164800643921,1.144426703453064,1.1437721252441406,1.144426703453064,0
2026-07-16T20:00:00Z,1.1442956924438477,1.144819736480713,1.144164800643921,1.144819736480713,0
2026-07-16T21:00:00Z,1.144426703453064,1.144819736480713,1.1442956924438477,1.1445575952529907,0
2026-07-16T22:00:00Z,1.1445575952529907,1.144819736480713,1.1445575952529907,1.144688606262207,0
2026-07-16T23:00:00Z,1.144688606262207,1.1449507474899292,1.1445575952529907,1.144819736480713,0
2026-07-17T00:00:00Z,1.144819736480713,1.1449507474899292,1.144426703453064,1.1449507474899292,0
2026-07-17T01:00:00Z,1.1449507474899292,1.145081877708435,1.144164800643921,1.144164800643921,0
2026-07-17T02:00:00Z,1.1442956924438477,1.144426703453064,1.1440337896347046,1.1440337896347046,0
2026-07-17T03:00:00Z,1.1440337896347046,1.1442956924438477,1.1439030170440674,1.1442956924438477,0
2026-07-17T04:00:00Z,1.1442956924438477,1.1442956924438477,1.1439030170440674,1.1439030170440674,0
2026-07-17T05:00:00Z,1.1439030170440674,1.144688606262207,1.1439030170440674,1.1442956924438477,0
2026-07-17T06:00:00Z,1.1442956924438477,1.1454753875732422,1.1442956924438477,1.1453442573547363,0
2026-07-17T07:00:00Z,1.1453442573547363,1.1456066370010376,1.144688606262207,1.1449507474899292,0
2026-07-17T08:00:00Z,1.144819736480713,1.145081877708435,1.1440337896347046,1.1445575952529907,0
2026-07-17T09:00:00Z,1.144426703453064,1.1445575952529907,1.1440337896347046,1.1442956924438477,0
2026-07-17T10:00:00Z,1.1442956924438477,1.1442956924438477,1.142987847328186,1.142987847328186,0
2026-07-17T11:00:00Z,1.142987847328186,1.1439030170440674,1.1428571939468384,1.143379807472229,0
2026-07-17T12:00:00Z,1.143379807472229,1.1439030170440674,1.142987847328186,1.1431183815002441,0
2026-07-17T13:00:00Z,1.1432491540908813,1.1440337896347046,1.1428571939468384,1.1439030170440674,0
2026-07-17T14:00:00Z,1.1439030170440674,1.144688606262207,1.1436413526535034,1.1442956924438477,0
2026-07-17T15:00:00Z,1.1442956924438477,1.144688606262207,1.1440337896347046,1.1442956924438477,0
2026-07-17T16:00:00Z,1.1442956924438477,1.144426703453064,1.1437721252441406,1.144164800643921,0
2026-07-17T17:00:00Z,1.144164800643921,1.144164800643921,1.1436413526535034,1.1437721252441406,0
2026-07-17T18:00:00Z,1.1437721252441406,1.1440337896347046,1.1437721252441406,1.1440337896347046,0
2026-07-17T19:00:00Z,1.1439030170440674,1.144426703453064,1.1437721252441406,1.144426703453064,0
2026-07-17T20:00:00Z,1.144426703453064,1.1445575952529907,1.1439030170440674,1.1440337896347046,0
2026-07-17T21:00:00Z,1.1442956924438477,1.1445575952529907,1.1442956924438477,1.1445575952529907,0
2026-07-19T23:00:00Z,1.142987847328186,1.1431183815002441,1.1427265405654907,1.142987847328186,0
2026-07-20T00:00:00Z,1.142987847328186,1.1436413526535034,1.142987847328186,1.1436413526535034,0
2026-07-20T01:00:00Z,1.1437721252441406,1.1439030170440674,1.1435105800628662,1.1439030170440674,0
2026-07-20T02:00:00Z,1.1439030170440674,1.1445575952529907,1.1439030170440674,1.144426703453064,0
2026-07-20T03:00:00Z,1.144426703453064,1.1445575952529907,1.1442956924438477,1.1445575952529907,0
2026-07-20T04:00:00Z,1.1445575952529907,1.144819736480713,1.144426703453064,1.144819736480713,0
2026-07-20T05:00:00Z,1.144819736480713,1.144819736480713,1.1442956924438477,1.144426703453064,0
2026-07-20T06:00:00Z,1.144426703453064,1.1445575952529907,1.1437721252441406,1.1437721252441406,0
2026-07-20T07:00:00Z,1.1437721252441406,1.145213007926941,1.1437721252441406,1.144688606262207,0
2026-07-20T08:00:00Z,1.144819736480713,1.144819736480713,1.144164800643921,1.1442956924438477,0
2026-07-20T09:00:00Z,1.1442956924438477,1.1442956924438477,1.1431183815002441,1.143379807472229,0
2026-07-20T10:00:00Z,1.143379807472229,1.1439030170440674,1.1432491540908813,1.1435105800628662,0
2026-07-20T11:00:00Z,1.1435105800628662,1.1442956924438477,1.1432491540908813,1.1432491540908813,0
2026-07-20T12:00:00Z,1.1431183815002441,1.1432491540908813,1.1420739889144897,1.1427265405654907,0
2026-07-20T13:00:00Z,1.1427265405654907,1.1427265405654907,1.1418131589889526,1.1420739889144897,0
2026-07-20T14:00:00Z,1.1419435739517212,1.1420739889144897,1.1406410932540894,1.1410315036773682,0
2026-07-20T15:00:00Z,1.1410315036773682,1.1415525674819946,1.1409013271331787,1.1415525674819946,0
2026-07-20T16:00:00Z,1.141422152519226,1.1419435739517212,1.141291856765747,1.141422152519226,0
2026-07-20T17:00:00Z,1.1415525674819946,1.1418131589889526,1.141422152519226,1.1416828632354736,0
2026-07-20T18:00:00Z,1.1416828632354736,1.1422044038772583,1.1416828632354736,1.1418131589889526,0
2026-07-20T19:00:00Z,1.1419435739517212,1.1420739889144897,1.1416828632354736,1.1419435739517212,0
2026-07-20T20:00:00Z,1.1419435739517212,1.1419435739517212,1.1415525674819946,1.1416828632354736,0
2026-07-20T21:00:00Z,1.1419435739517212,1.1423349380493164,1.141291856765747,1.1416828632354736,0
2026-07-20T22:00:00Z,1.141422152519226,1.1416828632354736,1.141291856765747,1.1416828632354736,0
2026-07-20T23:00:00Z,1.1416828632354736,1.1418131589889526,1.1415525674819946,1.1418131589889526,0
2026-07-21T00:00:00Z,1.1419435739517212,1.1420739889144897,1.1415525674819946,1.1416828632354736,0
2026-07-21T01:00:00Z,1.1415525674819946,1.1419435739517212,1.1415525674819946,1.1418131589889526,0
2026-07-21T02:00:00Z,1.1418131589889526,1.1419435739517212,1.141422152519226,1.141422152519226,0
2026-07-21T03:00:00Z,1.1415525674819946,1.1418131589889526,1.141291856765747,1.1415525674819946,0
2026-07-21T04:00:00Z,1.1415525674819946,1.1420739889144897,1.1415525674819946,1.1420739889144897,0
2026-07-21T05:00:00Z,1.1420739889144897,1.1424654722213745,1.1419435739517212,1.1420739889144897,0
2026-07-21T06:00:00Z,1.1422044038772583,1.1425960063934326,1.1420739889144897,1.1425960063934326,0
2026-07-21T07:00:00Z,1.1425960063934326,1.142987847328186,1.1424654722213745,1.1425960063934326,0
2026-07-21T08:00:00Z,1.1425960063934326,1.1428571939468384,1.1423349380493164,1.1424654722213745,0
2026-07-21T09:00:00Z,1.1424654722213745,1.1431183815002441,1.1424654722213745,1.1425960063934326,0
2026-07-21T10:00:00Z,1.1425960063934326,1.1431183815002441,1.1423349380493164,1.1424654722213745,0
2026-07-21T11:00:00Z,1.1424654722213745,1.1425960063934326,1.1420739889144897,1.1422044038772583,0
2026-07-21T12:00:00Z,1.1423349380493164,1.1423349380493164,1.1418131589889526,1.1420739889144897,0
2026-07-21T13:00:00Z,1.1419435739517212,1.1420739889144897,1.1409013271331787,1.1415525674819946,0
2026-07-21T14:00:00Z,1.1415525674819946,1.1422044038772583,1.1406410932540894,1.1409013271331787,0
2026-07-21T15:00:00Z,1.1409013271331787,1.141422152519226,1.1406410932540894,1.1410315036773682,0
2026-07-21T16:00:00Z,1.1410315036773682,1.141422152519226,1.1410315036773682,1.1411616802215576,0
2026-07-21T17:00:00Z,1.1411616802215576,1.141291856765747,1.1410315036773682,1.1410315036773682,0
2026-07-21T18:00:00Z,1.1409013271331787,1.1409013271331787,1.1402509212493896,1.1406410932540894,0
2026-07-21T19:00:00Z,1.1407711505889893,1.1407711505889893,1.140380859375,1.140380859375,0
2026-07-21T20:00:00Z,1.1405109167099,1.1406410932540894,1.1401208639144897,1.1401208639144897,0
2026-07-21T21:00:00Z,1.1399909257888794,1.1406410932540894,1.1398608684539795,1.1406410932540894,0
2026-07-21T22:00:00Z,1.140380859375,1.140380859375,1.1402509212493896,1.1402509212493896,0
2026-07-21T23:00:00Z,1.1402509212493896,1.1405109167099,1.1401208639144897,1.1405109167099,0
2026-07-22T00:00:00Z,1.140380859375,1.1410315036773682,1.140380859375,1.1407711505889893,0
2026-07-22T01:00:00Z,1.1407711505889893,1.1410315036773682,1.1401208639144897,1.1406410932540894,0
2026-07-22T02:00:00Z,1.1406410932540894,1.141291856765747,1.1405109167099,1.1409013271331787,0
2026-07-22T03:00:00Z,1.1409013271331787,1.1411616802215576,1.1407711505889893,1.1410315036773682,0
2026-07-22T04:00:00Z,1.1410315036773682,1.1411616802215576,1.1409013271331787,1.1411616802215576,0
2026-07-22T05:00:00Z,1.1411616802215576,1.141291856765747,1.1409013271331787,1.141291856765747,0
2026-07-22T06:00:00Z,1.141291856765747,1.1416828632354736,1.1410315036773682,1.141422152519226,0
2026-07-22T07:00:00Z,1.141422152519226,1.1420739889144897,1.1407711505889893,1.141291856765747,0
2026-07-22T08:00:00Z,1.141291856765747,1.1415525674819946,1.1407711505889893,1.141291856765747,0
2026-07-22T09:00:00Z,1.141422152519226,1.1415525674819946,1.1407711505889893,1.1407711505889893,0
2026-07-22T10:00:00Z,1.1407711505889893,1.1410315036773682,1.140380859375,1.1406410932540894,0
2026-07-22T11:00:00Z,1.1407711505889893,1.1410315036773682,1.1406410932540894,1.1409013271331787,0
2026-07-22T12:00:00Z,1.1410315036773682,1.1416828632354736,1.1410315036773682,1.141291856765747,0
2026-07-22T13:00:00Z,1.1411616802215576,1.1423349380493164,1.1411616802215576,1.1416828632354736,0
2026-07-22T14:00:00Z,1.1418131589889526,1.1420739889144897,1.1411616802215576,1.141291856765747,0
2026-07-22T15:00:00Z,1.1411616802215576,1.1416828632354736,1.1411616802215576,1.1416828632354736,0
2026-07-22T16:00:00Z,1.1416828632354736,1.1416828632354736,1.1410315036773682,1.141291856765747,0
2026-07-22T17:00:00Z,1.141291856765747,1.1415525674819946,1.1411616802215576,1.141291856765747,0
2026-07-22T18:00:00Z,1.141422152519226,1.141422152519226,1.1411616802215576,1.141422152519226,0
2026-07-22T19:00:00Z,1.141422152519226,1.1415525674819946,1.141291856765747,1.141422152519226,0
2026-07-22T20:00:00Z,1.141422152519226,1.1415525674819946,1.141422152519226,1.141422152519226,0
2026-07-22T21:00:00Z,1.1409013271331787,1.1415525674819946,1.1409013271331787,1.1409013271331787,0
2026-07-22T22:00:00Z,1.141291856765747,1.141291856765747,1.1409013271331787,1.1410315036773682,0
2026-07-22T23:00:00Z,1.1411616802215576,1.1415525674819946,1.1411616802215576,1.141422152519226,0
2026-07-23T00:00:00Z,1.1415525674819946,1.1420739889144897,1.141422152519226,1.1420739889144897,0
2026-07-23T01:00:00Z,1.1420739889144897,1.1423349380493164,1.1419435739517212,1.1419435739517212,0
2026-07-23T02:00:00Z,1.1419435739517212,1.1431183815002441,1.1419435739517212,1.1431183815002441,0
2026-07-23T03:00:00Z,1.1432491540908813,1.143379807472229,1.1427265405654907,1.1432491540908813,0
2026-07-23T04:00:00Z,1.1431183815002441,1.1439030170440674,1.1431183815002441,1.1436413526535034,0
2026-07-23T05:00:00Z,1.1436413526535034,1.1437721252441406,1.1432491540908813,1.143379807472229,0
2026-07-23T06:00:00Z,1.143379807472229,1.1436413526535034,1.1427265405654907,1.1428571939468384,0
2026-07-23T07:00:00Z,1.1427265405654907,1.142987847328186,1.1424654722213745,1.1427265405654907,0
2026-07-23T08:00:00Z,1.1428571939468384,1.1428571939468384,1.1411616802215576,1.141422152519226,0
2026-07-23T09:00:00Z,1.141291856765747,1.1418131589889526,1.141291856765747,1.1415525674819946,0
2026-07-23T10:00:00Z,1.1416828632354736,1.1416828632354736,1.1407711505889893,1.1407711505889893,0
2026-07-23T11:00:00Z,1.1406410932540894,1.1409013271331787,1.1388224363327026,1.1398608684539795,0
2026-07-23T12:00:00Z,1.1397310495376587,1.1397310495376587,1.138044834136963,1.1388224363327026,0
2026-07-23T13:00:00Z,1.1389521360397339,1.1389521360397339,1.137268304824829,1.1377859115600586,0
2026-07-23T14:00:00Z,1.1377859115600586,1.1377859115600586,1.1367511749267578,1.1373976469039917,0
2026-07-23T15:00:00Z,1.1373976469039917,1.1377859115600586,1.1370097398757935,1.1375269889831543,0
2026-07-23T16:00:00Z,1.1376564502716064,1.1383039951324463,1.1376564502716064,1.1383039951324463,0
2026-07-23T17:00:00Z,1.1383039951324463,1.1384334564208984,1.1375269889831543,1.1375269889831543,0
2026-07-23T18:00:00Z,1.1375269889831543,1.1379153728485107,1.1373976469039917,1.1377859115600586,0
2026-07-23T19:00:00Z,1.1381744146347046,1.1381744146347046,1.1377859115600586,1.138044834136963,0
2026-07-23T20:00:00Z,1.1381744146347046,1.1383039951324463,1.138044834136963,1.138044834136963,0
2026-07-23T21:00:00Z,1.1375269889831543,1.1384334564208984,1.1371389627456665,1.1381744146347046,0
2026-07-23T22:00:00Z,1.1379153728485107,1.1383039951324463,1.1379153728485107,1.1383039951324463,0
2026-07-23T23:00:00Z,1.1383039951324463,1.1383039951324463,1.1379153728485107,1.138044834136963,0
2026-07-24T00:00:00Z,1.1379153728485107,1.1386927366256714,1.1379153728485107,1.1386927366256714,0
2026-07-24T01:00:00Z,1.1388224363327026,1.1390818357467651,1.1385631561279297,1.1386927366256714,0
2026-07-24T02:00:00Z,1.1388224363327026,1.1390818357467651,1.1385631561279297,1.1385631561279297,0
2026-07-24T03:00:00Z,1.1384334564208984,1.1385631561279297,1.1381744146347046,1.1385631561279297,0
2026-07-24T04:00:00Z,1.1385631561279297,1.1386927366256714,1.138044834136963,1.1381744146347046,0
2026-07-24T05:00:00Z,1.1383039951324463,1.1386927366256714,1.138044834136963,1.138044834136963,0
2026-07-24T06:00:00Z,1.1381744146347046,1.1389521360397339,1.138044834136963,1.1389521360397339,0
2026-07-24T07:00:00Z,1.1390818357467651,1.140380859375,1.1389521360397339,1.1393414735794067,0
2026-07-24T08:00:00Z,1.1393414735794067,1.1393414735794067,1.1384334564208984,1.1386927366256714,0
2026-07-24T09:00:00Z,1.1385631561279297,1.1390818357467651,1.1385631561279297,1.1390818357467651,0
2026-07-24T10:00:00Z,1.139211654663086,1.1396011114120483,1.1385631561279297,1.1386927366256714,0
2026-07-24T11:00:00Z,1.1385631561279297,1.1390818357467651,1.1375269889831543,1.1377859115600586,0
2026-07-24T12:00:00Z,1.1379153728485107,1.1381744146347046,1.1371389627456665,1.137268304824829,0
2026-07-24T13:00:00Z,1.1373976469039917,1.1379153728485107,1.1368803977966309,1.1379153728485107,0
2026-07-24T14:00:00Z,1.138044834136963,1.1383039951324463,1.1373976469039917,1.1383039951324463,0
2026-07-24T15:00:00Z,1.138044834136963,1.1393414735794067,1.138044834136963,1.1386927366256714,0
2026-07-24T16:00:00Z,1.1386927366256714,1.1389521360397339,1.1381744146347046,1.1381744146347046,0
2026-07-24T17:00:00Z,1.138044834136963,1.138044834136963,1.1371389627456665,1.137268304824829,0
2026-07-24T18:00:00Z,1.137268304824829,1.1373976469039917,1.1370097398757935,1.137268304824829,0
2026-07-24T19:00:00Z,1.1373976469039917,1.1375269889831543,1.1371389627456665,1.1373976469039917,0
2026-07-24T20:00:00Z,1.1373976469039917,1.1376564502716064,1.1370097398757935,1.1373976469039917,0
2026-07-24T21:00:00Z,1.1375269889831543,1.1375269889831543,1.1375269889831543,1.1375269889831543,0
2026-07-26T23:00:00Z,1.1393414735794067,1.1398608684539795,1.139211654663086,1.1398608684539795,0
2026-07-27T00:00:00Z,1.1399909257888794,1.1415525674819946,1.1399909257888794,1.1405109167099,0
2026-07-27T01:00:00Z,1.1406410932540894,1.1416828632354736,1.1406410932540894,1.1416828632354736,0
2026-07-27T02:00:00Z,1.1416828632354736,1.1416828632354736,1.1409013271331787,1.1409013271331787,0
2026-07-27T03:00:00Z,1.1410315036773682,1.1410315036773682,1.1405109167099,1.1406410932540894,0
2026-07-27T04:00:00Z,1.1406410932540894,1.1409013271331787,1.1405109167099,1.1407711505889893,0
2026-07-27T05:00:00Z,1.1405109167099,1.1410315036773682,1.1405109167099,1.1409013271331787,0
2026-07-27T06:00:00Z,1.1410315036773682,1.1420739889144897,1.1410315036773682,1.141291856765747,0
2026-07-27T07:00:00Z,1.1411616802215576,1.141291856765747,1.1402509212493896,1.1402509212493896,0
2026-07-27T08:00:00Z,1.1401208639144897,1.1406410932540894,1.1398608684539795,1.1406410932540894,0
2026-07-27T09:00:00Z,1.1405109167099,1.1406410932540894,1.1398608684539795,1.1399909257888794,0
2026-07-27T10:00:00Z,1.1398608684539795,1.1405109167099,1.1397310495376587,1.1397310495376587,0
2026-07-27T11:00:00Z,1.1398608684539795,1.1398608684539795,1.1388224363327026,1.1389521360397339,0
2026-07-27T12:00:00Z,1.1390818357467651,1.1393414735794067,1.138044834136963,1.1388224363327026,0
2026-07-27T13:00:00Z,1.1385631561279297,1.1389521360397339,1.1376564502716064,1.1376564502716064,0
2026-07-27T14:00:00Z,1.1373976469039917,1.1379153728485107,1.137268304824829,1.1373976469039917,0
2026-07-27T15:00:00Z,1.1375269889831543,1.138044834136963,1.137268304824829,1.1379153728485107,0
2026-07-27T16:00:00Z,1.1377859115600586,1.1388224363327026,1.1377859115600586,1.1383039951324463,0
2026-07-27T17:00:00Z,1.1381744146347046,1.1383039951324463,1.1371389627456665,1.1376564502716064,0
2026-07-27T18:00:00Z,1.1375269889831543,1.1376564502716064,1.1371389627456665,1.1371389627456665,0
2026-07-27T19:00:00Z,1.137268304824829,1.1376564502716064,1.1370097398757935,1.1373976469039917,0
2026-07-27T20:00:00Z,1.137268304824829,1.1375269889831543,1.1370097398757935,1.1371389627456665,0
2026-07-27T21:00:00Z,1.1364928483963013,1.1384334564208984,1.1364928483963013,1.1375269889831543,0
2026-07-27T22:00:00Z,1.137268304824829,1.1375269889831543,1.137268304824829,1.137268304824829,0
2026-07-27T23:00:00Z,1.137268304824829,1.1373976469039917,1.1371389627456665,1.137268304824829,0
2026-07-28T00:00:00Z,1.1371389627456665,1.1377859115600586,1.1370097398757935,1.1377859115600586,0
2026-07-28T01:00:00Z,1.1377859115600586,1.138044834136963,1.1373976469039917,1.1376564502716064,0
2026-07-28T02:00:00Z,1.1376564502716064,1.1381744146347046,1.1375269889831543,1.138044834136963,0
2026-07-28T03:00:00Z,1.138044834136963,1.1383039951324463,1.1376564502716064,1.1377859115600586,0
2026-07-28T04:00:00Z,1.1376564502716064,1.1376564502716064,1.1371389627456665,1.137268304824829,0
2026-07-28T05:00:00Z,1.1371389627456665,1.1371389627456665,1.1364928483963013,1.1370097398757935,0
2026-07-28T06:00:00Z,1.1370097398757935,1.1375269889831543,1.1368803977966309,1.1371389627456665,0
2026-07-28T07:00:00Z,1.1371389627456665,1.1376564502716064,1.1367511749267578,1.1368803977966309,0
2026-07-28T08:00:00Z,1.1368803977966309,1.1375269889831543,1.1368803977966309,1.1375269889831543,0
2026-07-28T09:00:00Z,1.1376564502716064,1.1376564502716064,1.1359764337539673,1.1359764337539673,0
2026-07-28T10:00:00Z,1.1359764337539673,1.1366219520568848,1.1357183456420898,1.1363636255264282,0
2026-07-28T11:00:00Z,1.1364928483963013,1.1371389627456665,1.1361054182052612,1.1370097398757935,0
2026-07-28T12:00:00Z,1.1368803977966309,1.1371389627456665,1.1364928483963013,1.1370097398757935,0
2026-07-28T13:00:00Z,1.1368803977966309,1.1376564502716064,1.1368803977966309,1.1373976469039917,0
2026-07-28T14:00:00Z,1.1375269889831543,1.1389521360397339,1.1375269889831543,1.1389521360397339,0
2026-07-28T15:00:00Z,1.1389521360397339,1.1405109167099,1.1388224363327026,1.140380859375,0
2026-07-28T16:00:00Z,1.140380859375,1.1407711505889893,1.1399909257888794,1.1399909257888794,0
2026-07-28T17:00:00Z,1.1398608684539795,1.1399909257888794,1.139211654663086,1.1393414735794067,0
2026-07-28T18:00:00Z,1.139211654663086,1.1394712924957275,1.1389521360397339,1.1389521360397339,0
2026-07-28T19:00:00Z,1.1389521360397339,1.1394712924957275,1.1389521360397339,1.1390818357467651,0
2026-07-28T20:00:00Z,1.1390818357467651,1.139211654663086,1.1388224363327026,1.1389521360397339,0
2026-07-28T21:00:00Z,1.1385631561279297,1.1398608684539795,1.1383039951324463,1.1394712924957275,0
2026-07-28T22:00:00Z,1.139211654663086,1.1394712924957275,1.1388224363327026,1.1388224363327026,0
2026-07-28T23:00:00Z,1.1388224363327026,1.1389521360397339,1.1385631561279297,1.1389521360397339,0
2026-07-29T00:00:00Z,1.1388224363327026,1.1393414735794067,1.1385631561279297,1.1393414735794067,0
2026-07-29T01:00:00Z,1.1394712924957275,1.1396011114120483,1.1389521360397339,1.1394712924957275,0
2026-07-29T02:00:00Z,1.1394712924957275,1.1398608684539795,1.1393414735794067,1.1397310495376587,0
2026-07-29T03:00:00Z,1.1397310495376587,1.140380859375,1.1397310495376587,1.1399909257888794,0
2026-07-29T04:00:00Z,1.1399909257888794,1.1406410932540894,1.1399909257888794,1.1405109167099,0
2026-07-29T05:00:00Z,1.1405109167099,1.1406410932540894,1.1401208639144897,1.1401208639144897,0
2026-07-29T06:00:00Z,1.1402509212493896,1.140380859375,1.1393414735794067,1.1394712924957275,0
2026-07-29T07:00:00Z,1.1394712924957275,1.140380859375,1.1394712924957275,1.1401208639144897,0
2026-07-29T08:00:00Z,1.1401208639144897,1.140380859375,1.1396011114120483,1.1399909257888794,0
2026-07-29T09:00:00Z,1.1398608684539795,1.1399909257888794,1.1396011114120483,1.1396011114120483,0
2026-07-29T10:00:00Z,1.1394712924957275,1.1396011114120483,1.1386927366256714,1.1388224363327026,0
2026-07-29T11:00:00Z,1.1389521360397339,1.139211654663086,1.1384334564208984,1.1384334564208984,0
2026-07-29T12:00:00Z,1.1385631561279297,1.1385631561279297,1.1379153728485107,1.138044834136963,0
2026-07-29T13:00:00Z,1.1383039951324463,1.1394712924957275,1.138044834136963,1.1393414735794067,0
2026-07-29T14:00:00Z,1.1396011114120483,1.1399909257888794,1.1384334564208984,1.1384334564208984,0
2026-07-29T15:00:00Z,1.1384334564208984,1.1388224363327026,1.1381744146347046,1.1385631561279297,0
2026-07-29T16:00:00Z,1.1385631561279297,1.1388224363327026,1.138044834136963,1.1388224363327026,0
2026-07-29T17:00:00Z,1.1388224363327026,1.1402509212493896,1.1388224363327026,1.1399909257888794,0
2026-07-29T18:00:00Z,1.1418131589889526,1.1454753875732422,1.1411616802215576,1.1453442573547363,0
2026-07-29T19:00:00Z,1.1456066370010376,1.1469204425811768,1.144688606262207,1.145213007926941,0
2026-07-29T20:00:00Z,1.145081877708435,1.147315263748169,1.145081877708435,1.1470520496368408,0
2026-07-29T21:00:00Z,1.1475785970687866,1.1492931842803955,1.1453442573547363,1.1465259790420532,0
2026-07-29T22:00:00Z,1.1469204425811768,1.147446870803833,1.1469204425811768,1.147446870803833,0
2026-07-29T23:00:00Z,1.1475785970687866,1.1478420495986938,1.1467890739440918,1.1470520496368408,0
2026-07-30T00:00:00Z,1.1470520496368408,1.1471836566925049,1.1460003852844238,1.1461317539215088,0
2026-07-30T01:00:00Z,1.1461317539215088,1.1463946104049683,1.1456066370010376,1.1456066370010376,0
2026-07-30T02:00:00Z,1.1458691358566284,1.1458691358566284,1.1454753875732422,1.1456066370010376,0
2026-07-30T03:00:00Z,1.1456066370010376,1.145737886428833,1.145213007926941,1.1453442573547363,0
2026-07-30T04:00:00Z,1.145213007926941,1.145737886428833,1.145213007926941,1.1453442573547363,0
2026-07-30T05:00:00Z,1.1453442573547363,1.1460003852844238,1.145213007926941,1.1453442573547363,0
2026-07-30T06:00:00Z,1.1454753875732422,1.1454753875732422,1.144688606262207,1.145081877708435,0
2026-07-30T07:00:00Z,1.145081877708435,1.1454753875732422,1.1439030170440674,1.144164800643921,0
2026-07-30T08:00:00Z,1.144426703453064,1.145737886428833,1.1442956924438477,1.145213007926941,0
2026-07-30T09:00:00Z,1.1453442573547363,1.1470520496368408,1.1453442573547363,1.1467890739440918,0
2026-07-30T10:00:00Z,1.1467890739440918,1.1486331224441528,1.1465259790420532,1.1477103233337402,0
2026-07-30T11:00:00Z,1.1478420495986938,1.1479737758636475,1.1469204425811768,1.1478420495986938,0
2026-07-30T12:00:00Z,1.1479737758636475,1.1486331224441528,1.147446870803833,1.1477103233337402,0
2026-07-30T13:00:00Z,1.1477103233337402,1.1526048183441162,1.147315263748169,1.1526048183441162,0
2026-07-30T14:00:00Z,1.1526048183441162,1.1538017988204956,1.1507480144500732,1.1507480144500732,0
2026-07-30T15:00:00Z,1.150483250617981,1.1527377367019653,1.15035080909729,1.1524720191955566,0
2026-07-30T16:00:00Z,1.1527377367019653,1.15340256690979,1.1527377367019653,1.1531364917755127,0
2026-07-30T17:00:00Z,1.1532695293426514,1.1532695293426514,1.1519410610198975,1.1531364917755127,0
2026-07-30T18:00:00Z,1.1535356044769287,1.1538017988204956,1.1531364917755127,1.1538017988204956,0
2026-07-30T19:00:00Z,1.1539349555969238,1.1539349555969238,1.1531364917755127,1.1535356044769287,0
2026-07-30T20:00:00Z,1.15340256690979,1.1535356044769287,1.1530035734176636,1.1531364917755127,0
2026-07-30T21:00:00Z,1.1531364917755127,1.1532695293426514,1.1527377367019653,1.1528706550598145,0
2026-07-30T22:00:00Z,1.1530035734176636,1.15340256690979,1.1528706550598145,1.1531364917755127,0
2026-07-30T23:00:00Z,1.1532695293426514,1.15340256690979,1.1526048183441162,1.1526048183441162,0
2026-07-31T00:00:00Z,1.1527377367019653,1.1530035734176636,1.1519410610198975,1.1522064208984375,0
2026-07-31T01:00:00Z,1.1522064208984375,1.152339220046997,1.151410460472107,1.151410460472107,0
2026-07-31T02:00:00Z,1.151410460472107,1.1519410610198975,1.151410460472107,1.151543140411377,0
2026-07-31T03:00:00Z,1.151543140411377,1.1516757011413574,1.151012897491455,1.1516757011413574,0
2026-07-31T04:00:00Z,1.1516757011413574,1.1516757011413574,1.1508804559707642,1.151145339012146,0
2026-07-31T05:00:00Z,1.151145339012146,1.1512778997421265,1.1508804559707642,1.151012897491455,0
2026-07-31T06:00:00Z,1.1508804559707642,1.1524720191955566,1.1508804559707642,1.1520737409591675,0
2026-07-31T07:00:00Z,1.1520737409591675,1.1527377367019653,1.151543140411377,1.1516757011413574,0
2026-07-31T08:00:00Z,1.1518083810806274,1.1528706550598145,1.1508804559707642,1.1528706550598145,0
2026-07-31T09:00:00Z,1.1527377367019653,1.1527377367019653,1.1507480144500732,1.1508804559707642,0
2026-07-31T10:00:00Z,1.1507480144500732,1.151145339012146,1.150483250617981,1.150483250617981,0
2026-07-31T11:00:00Z,1.150483250617981,1.150483250617981,1.1488970518112183,1.1488970518112183,0
2026-07-31T12:00:00Z,1.1487650871276855,1.1494252681732178,1.1486331224441528,1.1492931842803955,0
2026-07-31T13:00:00Z,1.1491611003875732,1.1506155729293823,1.1461317539215088,1.1470520496368408,0
2026-07-31T14:00:00Z,1.1470520496368408,1.1508804559707642,1.1466574668884277,1.1508804559707642,0
2026-07-31T15:00:00Z,1.151012897491455,1.1522064208984375,1.1500862836837769,1.1522064208984375,0
2026-07-31T16:00:00Z,1.1520737409591675,1.1522064208984375,1.1516757011413574,1.1520737409591675,0
2026-07-31T17:00:00Z,1.1522064208984375,1.154068112373352,1.1520737409591675,1.1538017988204956,0
2026-07-31T18:00:00Z,1.1536686420440674,1.1538017988204956,1.1528706550598145,1.15340256690979,0
2026-07-31T19:00:00Z,1.1535356044769287,1.1539349555969238,1.1530035734176636,1.15340256690979,0
2026-07-31T20:00:00Z,1.15340256690979,1.155001163482666,1.1528706550598145,1.1532695293426514,0
2026-07-31T21:00:00Z,1.1527377367019653,1.1527377367019653,1.1527377367019653,1.1527377367019653,0
2026-08-02T23:00:00Z,1.1552680730819702,1.1552680730819702,1.1546010971069336,1.1547343730926514,0
2026-08-03T00:00:00Z,1.154334545135498,1.1558021306991577,1.1539349555969238,1.1546010971069336,0
2026-08-03T01:00:00Z,1.154334545135498,1.1547343730926514,1.15340256690979,1.1535356044769287,0
2026-08-03T02:00:00Z,1.1535356044769287,1.1538017988204956,1.1532695293426514,1.15340256690979,0
2026-08-03T03:00:00Z,1.15340256690979,1.15340256690979,1.1530035734176636,1.15340256690979,0
2026-08-03T04:00:00Z,1.15340256690979,1.1539349555969238,1.1532695293426514,1.1538017988204956,0
2026-08-03T05:00:00Z,1.1538017988204956,1.154068112373352,1.1535356044769287,1.154068112373352,0
2026-08-03T06:00:00Z,1.1542012691497803,1.1542012691497803,1.1527377367019653,1.1530035734176636,0
2026-08-03T07:00:00Z,1.1531364917755127,1.1535356044769287,1.1524720191955566,1.1530035734176636,0
2026-08-03T08:00:00Z,1.1527377367019653,1.1530035734176636,1.1524720191955566,1.1526048183441162,0
2026-08-03T09:00:00Z,1.1527377367019653,1.1532695293426514,1.152339220046997,1.1526048183441162,0
2026-08-03T10:00:00Z,1.1524720191955566,1.1527377367019653,1.1520737409591675,1.1526048183441162,0
2026-08-03T11:00:00Z,1.1527377367019653,1.1535356044769287,1.1524720191955566,1.1535356044769287,0
2026-08-03T12:00:00Z,1.1536686420440674,1.1538017988204956,1.1526048183441162,1.1531364917755127,0
2026-08-03T13:00:00Z,1.1532695293426514,1.1538017988204956,1.1526048183441162,1.1530035734176636,0
2026-08-03T14:00:00Z,1.1526048183441162,1.1530035734176636,1.151410460472107,1.1518083810806274,0
2026-08-03T15:00:00Z,1.151543140411377,1.151543140411377,1.1506155729293823,1.1512778997421265,0
2026-08-03T16:00:00Z,1.1512778997421265,1.151410460472107,1.1508804559707642,1.151012897491455,0
2026-08-03T17:00:00Z,1.1508804559707642,1.1508804559707642,1.150483250617981,1.150483250617981,0
2026-08-03T18:00:00Z,1.150483250617981,1.1518083810806274,1.150483250617981,1.1516757011413574,0
2026-08-03T19:00:00Z,1.1516757011413574,1.1518083810806274,1.1512778997421265,1.151410460472107,0
2026-08-03T20:00:00Z,1.151410460472107,1.151410460472107,1.151012897491455,1.151145339012146,0
2026-08-03T21:00:00Z,1.1516757011413574,1.1518083810806274,1.151012897491455,1.151410460472107,0
2026-08-03T22:00:00Z,1.151543140411377,1.151543140411377,1.151012897491455,1.151145339012146,0
2026-08-03T23:00:00Z,1.1512778997421265,1.151410460472107,1.151012897491455,1.151012897491455,0
2026-08-04T00:00:00Z,1.151145339012146,1.1518083810806274,1.1508804559707642,1.1508804559707642,0
2026-08-04T01:00:00Z,1.1507480144500732,1.1518083810806274,1.1506155729293823,1.151543140411377,0
2026-08-04T02:00:00Z,1.1516757011413574,1.1516757011413574,1.151145339012146,1.151145339012146,0
2026-08-04T03:00:00Z,1.151410460472107,1.151543140411377,1.151145339012146,1.151145339012146,0
2026-08-04T04:00:00Z,1.1512778997421265,1.151410460472107,1.151012897491455,1.1512778997421265,0
2026-08-04T05:00:00Z,1.1512778997421265,1.151410460472107,1.1507480144500732,1.151012897491455,0
2026-08-04T06:00:00Z,1.151012897491455,1.1512778997421265,1.1507480144500732,1.151012897491455,0
2026-08-04T07:00:00Z,1.151145339012146,1.1519410610198975,1.151145339012146,1.151410460472107,0
2026-08-04T08:00:00Z,1.151543140411377,1.1516757011413574,1.151012897491455,1.151145339012146,0
2026-08-04T09:00:00Z,1.151145339012146,1.151410460472107,1.1507480144500732,1.151145339012146,0
2026-08-04T10:00:00Z,1.151145339012146,1.1522064208984375,1.151145339012146,1.1516757011413574,0
2026-08-04T11:00:00Z,1.1516757011413574,1.1526048183441162,1.151543140411377,1.1519410610198975,0
2026-08-04T12:00:00Z,1.1520737409591675,1.1526048183441162,1.1516757011413574,1.1518083810806274,0
2026-08-04T13:00:00Z,1.1518083810806274,1.1528706550598145,1.151410460472107,1.1527377367019653,0
2026-08-04T14:00:00Z,1.1527377367019653,1.15340256690979,1.152339220046997,1.1526048183441162,0
2026-08-04T15:00:00Z,1.1527377367019653,1.1530035734176636,1.1518083810806274,1.1528706550598145,0
2026-08-04T16:00:00Z,1.1528706550598145,1.1528706550598145,1.1520737409591675,1.1522064208984375,0
2026-08-04T17:00:00Z,1.152339220046997,1.1528706550598145,1.152339220046997,1.1527377367019653,0
2026-08-04T18:00:00Z,1.1527377367019653,1.1536686420440674,1.1526048183441162,1.1535356044769287,0
2026-08-04T19:00:00Z,1.1535356044769287,1.1536686420440674,1.1532695293426514,1.15340256690979,0
2026-08-04T20:00:00Z,1.15340256690979,1.1536686420440674,1.15340256690979,1.1535356044769287,0
2026-08-04T21:00:00Z,1.1531364917755127,1.15340256690979,1.1530035734176636,1.1532695293426514,0
2026-08-04T22:00:00Z,1.15340256690979,1.1535356044769287,1.15340256690979,1.1535356044769287,0
2026-08-04T23:00:00Z,1.1535356044769287,1.1536686420440674,1.1532695293426514,1.1535356044769287,0
2026-08-05T00:00:00Z,1.1535356044769287,1.1538017988204956,1.15340256690979,1.15340256690979,0
2026-08-05T01:00:00Z,1.1532695293426514,1.1535356044769287,1.1530035734176636,1.1530035734176636,0
2026-08-05T02:00:00Z,1.1531364917755127,1.154334545135498,1.1531364917755127,1.1538017988204956,0
2026-08-05T03:00:00Z,1.1538017988204956,1.1544678211212158,1.1538017988204956,1.154068112373352,0
2026-08-05T04:00:00Z,1.154068112373352,1.154334545135498,1.1538017988204956,1.1539349555969238,0
2026-08-05T05:00:00Z,1.1538017988204956,1.154068112373352,1.1535356044769287,1.1539349555969238,0
2026-08-05T06:00:00Z,1.1538017988204956,1.1548677682876587,1.1535356044769287,1.1548677682876587,0
2026-08-05T07:00:00Z,1.1548677682876587,1.1548677682876587,1.1538017988204956,1.1542012691497803,0
2026-08-05T08:00:00Z,1.154334545135498,1.1547343730926514,1.1535356044769287,1.1539349555969238,0
2026-08-05T09:00:00Z,1.154068112373352,1.1546010971069336,1.1536686420440674,1.154334545135498,0
2026-08-05T10:00:00Z,1.154334545135498,1.1544678211212158,1.1538017988204956,1.154334545135498,0
2026-08-05T11:00:00Z,1.1544678211212158,1.1558021306991577,1.1544678211212158,1.1555349826812744,0
2026-08-05T12:00:00Z,1.1556684970855713,1.1559356451034546,1.1548677682876587,1.1548677682876587,0
2026-08-05T13:00:00Z,1.1547343730926514,1.1556684970855713,1.1544678211212158,1.1547343730926514,0
2026-08-05T14:00:00Z,1.1551345586776733,1.1559356451034546,1.1548677682876587,1.1556684970855713,0
2026-08-05T15:00:00Z,1.1558021306991577,1.1559356451034546,1.1546010971069336,1.155001163482666,0
2026-08-05T16:00:00Z,1.1551345586776733,1.1551345586776733,1.1547343730926514,1.1548677682876587,0
2026-08-05T17:00:00Z,1.155001163482666,1.1560693979263306,1.1547343730926514,1.1559356451034546,0
2026-08-05T18:00:00Z,1.1559356451034546,1.156203031539917,1.1558021306991577,1.1558021306991577,0
2026-08-05T19:00:00Z,1.1558021306991577,1.1558021306991577,1.1551345586776733,1.155401587486267,0
2026-08-05T20:00:00Z,1.1556684970855713,1.1556684970855713,1.1552680730819702,1.1556684970855713,0
2026-08-05T21:00:00Z,1.156336784362793,1.156336784362793,1.155401587486267,1.1555349826812744,0
2026-08-05T22:00:00Z,1.1556684970855713,1.1559356451034546,1.1555349826812744,1.1558021306991577,0
2026-08-05T23:00:00Z,1.1558021306991577,1.156203031539917,1.1558021306991577,1.1560693979263306,0
2026-08-06T00:00:00Z,1.1559356451034546,1.156203031539917,1.1558021306991577,1.1559356451034546,0
2026-08-06T01:00:00Z,1.1559356451034546,1.1560693979263306,1.1556684970855713,1.1558021306991577,0
2026-08-06T02:00:00Z,1.1559356451034546,1.1560693979263306,1.1556684970855713,1.1556684970855713,0
2026-08-06T03:00:00Z,1.1556684970855713,1.1556684970855713,1.155001163482666,1.1552680730819702,0
2026-08-06T04:00:00Z,1.1551345586776733,1.1552680730819702,1.155001163482666,1.1552680730819702,0
2026-08-06T05:00:00Z,1.1552680730819702,1.155401587486267,1.1548677682876587,1.1552680730819702,0
2026-08-06T06:00:00Z,1.1555349826812744,1.1555349826812744,1.1547343730926514,1.1548677682876587,0
2026-08-06T07:00:00Z,1.1548677682876587,1.155001163482666,1.1544678211212158,1.1547343730926514,0
2026-08-06T08:00:00Z,1.1547343730926514,1.1548677682876587,1.154334545135498,1.1546010971069336,0
2026-08-06T09:00:00Z,1.1546010971069336,1.1547343730926514,1.154068112373352,1.1542012691497803,0
2026-08-06T10:00:00Z,1.1542012691497803,1.1546010971069336,1.1539349555969238,1.1544678211212158,0
2026-08-06T11:00:00Z,1.1546010971069336,1.155001163482666,1.1542012691497803,1.1548677682876587,0
2026-08-06T12:00:00Z,1.1547343730926514,1.1548677682876587,1.154068112373352,1.1542012691497803,0
2026-08-06T13:00:00Z,1.154334545135498,1.1547343730926514,1.1539349555969238,1.1547343730926514,0
2026-08-06T14:00:00Z,1.1547343730926514,1.1547343730926514,1.15340256690979,1.1538017988204956,0
2026-08-06T15:00:00Z,1.1538017988204956,1.1538017988204956,1.1522064208984375,1.1524720191955566,0
2026-08-06T16:00:00Z,1.152339220046997,1.1526048183441162,1.1519410610198975,1.152339220046997,0
2026-08-06T17:00:00Z,1.1524720191955566,1.1526048183441162,1.1520737409591675,1.1526048183441162,0
2026-08-06T18:00:00Z,1.1526048183441162,1.1527377367019653,1.1524720191955566,1.1527377367019653,0
2026-08-06T19:00:00Z,1.1527377367019653,1.1528706550598145,1.1522064208984375,1.1526048183441162,0
2026-08-06T20:00:00Z,1.1526048183441162,1.1527377367019653,1.1522064208984375,1.1527377367019653,0
2026-08-06T21:00:00Z,1.1530035734176636,1.1530035734176636,1.1522064208984375,1.1524720191955566,0
2026-08-06T22:00:00Z,1.1526048183441162,1.1526048183441162,1.1524720191955566,1.1524720191955566,0
2026-08-06T23:00:00Z,1.1526048183441162,1.1527377367019653,1.1526048183441162,1.1527377367019653,0
2026-08-07T00:00:00Z,1.1526048183441162,1.1527377367019653,1.1522064208984375,1.1522064208984375,0
2026-08-07T01:00:00Z,1.152339220046997,1.1528706550598145,1.1522064208984375,1.1524720191955566,0
2026-08-07T02:00:00Z,1.1526048183441162,1.1527377367019653,1.1524720191955566,1.1524720191955566,0
2026-08-07T03:00:00Z,1.1524720191955566,1.1526048183441162,1.152339220046997,1.1526048183441162,0
2026-08-07T04:00:00Z,1.1526048183441162,1.1527377367019653,1.1524720191955566,1.1527377367019653,0
2026-08-07T05:00:00Z,1.1527377367019653,1.1528706550598145,1.1524720191955566,1.1526048183441162,0
2026-08-07T06:00:00Z,1.1527377367019653,1.1528706550598145,1.1524720191955566,1.1526048183441162,0
2026-08-07T07:00:00Z,1.1524720191955566,1.1527377367019653,1.1522064208984375,1.1526048183441162,0
2026-08-07T08:00:00Z,1.1526048183441162,1.1528706550598145,1.1522064208984375,1.1526048183441162,0
2026-08-07T09:00:00Z,1.1527377367019653,1.15340256690979,1.1527377367019653,1.1531364917755127,0
2026-08-07T10:00:00Z,1.1532695293426514,1.1532695293426514,1.1528706550598145,1.1530035734176636,0
2026-08-07T11:00:00Z,1.1531364917755127,1.1536686420440674,1.1530035734176636,1.1536686420440674,0
2026-08-07T12:00:00Z,1.1538017988204956,1.1582117080688477,1.1532695293426514,1.1576753854751587,0
2026-08-07T13:00:00Z,1.1576753854751587,1.1578094959259033,1.1560693979263306,1.1560693979263306,0
2026-08-07T14:00:00Z,1.1560693979263306,1.156738042831421,1.155401587486267,1.1556684970855713,0
2026-08-07T15:00:00Z,1.1558021306991577,1.156738042831421,1.155401587486267,1.156203031539917,0
2026-08-07T16:00:00Z,1.156203031539917,1.1570056676864624,1.156203031539917,1.156203031539917,0
2026-08-07T17:00:00Z,1.156203031539917,1.1566041707992554,1.156203031539917,1.1564704179763794,0
2026-08-07T18:00:00Z,1.156336784362793,1.1570056676864624,1.156203031539917,1.156738042831421,0
2026-08-07T19:00:00Z,1.1568717956542969,1.157273530960083,1.1564704179763794,1.1564704179763794,0
2026-08-07T20:00:00Z,1.1564704179763794,1.1564704179763794,1.1559356451034546,1.1560693979263306,0
2026-08-07T21:00:00Z,1.156203031539917,1.156203031539917,1.156203031539917,1.156203031539917,0
2026-08-09T23:00:00Z,1.1559356451034546,1.156203031539917,1.1558021306991577,1.1559356451034546,0
2026-08-10T00:00:00Z,1.1560693979263306,1.156203031539917,1.1558021306991577,1.1560693979263306,0
2026-08-10T01:00:00Z,1.156203031539917,1.156203031539917,1.1555349826812744,1.1556684970855713,0
2026-08-10T02:00:00Z,1.1558021306991577,1.1558021306991577,1.1555349826812744,1.1555349826812744,0
2026-08-10T03:00:00Z,1.1555349826812744,1.1555349826812744,1.1552680730819702,1.1552680730819702,0
2026-08-10T04:00:00Z,1.1552680730819702,1.1555349826812744,1.1551345586776733,1.1555349826812744,0
2026-08-10T05:00:00Z,1.1555349826812744,1.1559356451034546,1.155401587486267,1.1558021306991577,0
2026-08-10T06:00:00Z,1.1558021306991577,1.1559356451034546,1.1556684970855713,1.1558021306991577,0
2026-08-10T07:00:00Z,1.1556684970855713,1.1568717956542969,1.1555349826812744,1.1564704179763794,0
2026-08-10T08:00:00Z,1.156336784362793,1.1568717956542969,1.156336784362793,1.1564704179763794,0
2026-08-10T09:00:00Z,1.156336784362793,1.156738042831421,1.1560693979263306,1.1560693979263306,0
2026-08-10T10:00:00Z,1.1559356451034546,1.1560693979263306,1.1558021306991577,1.1559356451034546,0
2026-08-10T11:00:00Z,1.1558021306991577,1.1559356451034546,1.1552680730819702,1.1555349826812744,0
2026-08-10T12:00:00Z,1.1555349826812744,1.1558021306991577,1.155001163482666,1.1551345586776733,0
2026-08-10T13:00:00Z,1.1551345586776733,1.1556684970855713,1.1547343730926514,1.1548677682876587,0
2026-08-10T14:00:00Z,1.1548677682876587,1.1558021306991577,1.1548677682876587,1.155401587486267,0
2026-08-10T15:00:00Z,1.1555349826812744,1.1556684970855713,1.155001163482666,1.1555349826812744,0
2026-08-10T16:00:00Z,1.1555349826812744,1.1558021306991577,1.1548677682876587,1.1551345586776733,0
2026-08-10T17:00:00Z,1.155001163482666,1.1551345586776733,1.1544678211212158,1.1546010971069336,0
2026-08-10T18:00:00Z,1.1546010971069336,1.1548677682876587,1.154334545135498,1.1546010971069336,0
2026-08-10T19:00:00Z,1.1544678211212158,1.1546010971069336,1.154334545135498,1.1544678211212158,0
2026-08-10T20:00:00Z,1.1544678211212158,1.1546010971069336,1.1544678211212158,1.1546010971069336,0
2026-08-10T21:00:00Z,1.1546010971069336,1.1548677682876587,1.154334545135498,1.1544678211212158,0
2026-08-10T22:00:00Z,1.1547343730926514,1.1547343730926514,1.1544678211212158,1.1547343730926514,0
2026-08-10T23:00:00Z,1.1547343730926514,1.155001163482666,1.1546010971069336,1.155001163482666,0
2026-08-11T00:00:00Z,1.155001163482666,1.1552680730819702,1.1548677682876587,1.155001163482666,0
2026-08-11T01:00:00Z,1.1548677682876587,1.1552680730819702,1.1546010971069336,1.155001163482666,0
2026-08-11T02:00:00Z,1.155001163482666,1.155001163482666,1.1542012691497803,1.154334545135498,0
2026-08-11T03:00:00Z,1.154334545135498,1.1548677682876587,1.154334545135498,1.1546010971069336,0
2026-08-11T04:00:00Z,1.1546010971069336,1.1548677682876587,1.154334545135498,1.1546010971069336,0
2026-08-11T05:00:00Z,1.1544678211212158,1.1546010971069336,1.1542012691497803,1.1544678211212158,0
2026-08-11T06:00:00Z,1.1544678211212158,1.1546010971069336,1.1536686420440674,1.1539349555969238,0
2026-08-11T07:00:00Z,1.154068112373352,1.154334545135498,1.1535356044769287,1.1535356044769287,0
2026-08-11T08:00:00Z,1.1535356044769287,1.1542012691497803,1.1535356044769287,1.1539349555969238,0
2026-08-11T09:00:00Z,1.1539349555969238,1.154068112373352,1.1536686420440674,1.1539349555969238,0
2026-08-11T10:00:00Z,1.1539349555969238,1.1542012691497803,1.1536686420440674,1.1539349555969238,0
2026-08-11T11:00:00Z,1.1539349555969238,1.1546010971069336,1.1539349555969238,1.154068112373352,0
2026-08-11T12:00:00Z,1.154068112373352,1.1546010971069336,1.1538017988204956,1.1546010971069336,0
2026-08-11T13:00:00Z,1.1547343730926514,1.1551345586776733,1.154334545135498,1.1547343730926514,0
2026-08-11T14:00:00Z,1.1546010971069336,1.1546010971069336,1.1542012691497803,1.1546010971069336,0
2026-08-11T15:00:00Z,1.1546010971069336,1.1547343730926514,1.154068112373352,1.1546010971069336,0
2026-08-11T16:00:00Z,1.1546010971069336,1.1546010971069336,1.154334545135498,1.154334545135498,0
2026-08-11T17:00:00Z,1.1542012691497803,1.154334545135498,1.1538017988204956,1.154068112373352,0
2026-08-11T18:00:00Z,1.154068112373352,1.1546010971069336,1.1539349555969238,1.154334545135498,0
2026-08-11T19:00:00Z,1.1544678211212158,1.1547343730926514,1.154334545135498,1.1546010971069336,0
2026-08-11T20:00:00Z,1.1546010971069336,1.1547343730926514,1.1542012691497803,1.1546010971069336,0
2026-08-11T21:00:00Z,1.1544678211212158,1.1546010971069336,1.1542012691497803,1.1544678211212158,0
2026-08-11T22:00:00Z,1.1546010971069336,1.1547343730926514,1.1544678211212158,1.1547343730926514,0
2026-08-11T23:00:00Z,1.1547343730926514,1.1547343730926514,1.1544678211212158,1.1546010971069336,0
2026-08-12T00:00:00Z,1.1546010971069336,1.1548677682876587,1.154334545135498,1.154334545135498,0
2026-08-12T01:00:00Z,1.154334545135498,1.154334545135498,1.154068112373352,1.1542012691497803,0
2026-08-12T02:00:00Z,1.1542012691497803,1.154334545135498,1.1539349555969238,1.154068112373352,0
2026-08-12T03:00:00Z,1.1542012691497803,1.1542012691497803,1.1538017988204956,1.1538017988204956,0
2026-08-12T04:00:00Z,1.1539349555969238,1.1539349555969238,1.1536686420440674,1.1539349555969238,0
2026-08-12T05:00:00Z,1.1539349555969238,1.1539349555969238,1.1535356044769287,1.1536686420440674,0
2026-08-12T06:00:00Z,1.1538017988204956,1.154068112373352,1.1536686420440674,1.154068112373352,0
2026-08-12T07:00:00Z,1.154068112373352,1.1542012691497803,1.1539349555969238,1.154068112373352,0
2026-08-12T08:00:00Z,1.154068112373352,1.154334545135498,1.1538017988204956,1.154068112373352,0
2026-08-12T09:00:00Z,1.154068112373352,1.1552680730819702,1.1539349555969238,1.1539349555969238,0
2026-08-12T10:00:00Z,1.1539349555969238,1.1542012691497803,1.1535356044769287,1.1538017988204956,0
2026-08-12T11:00:00Z,1.1538017988204956,1.1548677682876587,1.1538017988204956,1.1547343730926514,0
2026-08-12T12:00:00Z,1.1547343730926514,1.156336784362793,1.1536686420440674,1.1560693979263306,0
2026-08-12T13:00:00Z,1.156336784362793,1.1564704179763794,1.155001163482666,1.1555349826812744,0
2026-08-12T14:00:00Z,1.1555349826812744,1.1556684970855713,1.1542012691497803,1.1544678211212158,0
2026-08-12T15:00:00Z,1.1544678211212158,1.1547343730926514,1.1538017988204956,1.154334545135498,0
2026-08-12T16:00:00Z,1.1542012691497803,1.154334545135498,1.1528706550598145,1.1531364917755127,0
2026-08-12T17:00:00Z,1.1532695293426514,1.15340256690979,1.1524720191955566,1.1524720191955566,0
2026-08-12T18:00:00Z,1.1524720191955566,1.1530035734176636,1.152339220046997,1.152339220046997,0
2026-08-12T19:00:00Z,1.1524720191955566,1.1528706550598145,1.152339220046997,1.1526048183441162,0
2026-08-12T20:00:00Z,1.1526048183441162,1.1528706550598145,1.1524720191955566,1.1528706550598145,0
2026-08-12T21:00:00Z,1.1532695293426514,1.1532695293426514,1.1524720191955566,1.1526048183441162,0
2026-08-12T22:00:00Z,1.1528706550598145,1.1530035734176636,1.1526048183441162,1.1530035734176636,0
2026-08-12T23:00:00Z,1.1530035734176636,1.1531364917755127,1.1530035734176636,1.1531364917755127,0
2026-08-13T00:00:00Z,1.1531364917755127,1.15340256690979,1.1530035734176636,1.1531364917755127,0
2026-08-13T01:00:00Z,1.1532695293426514,1.15340256690979,1.1527377367019653,1.1527377367019653,0
2026-08-13T02:00:00Z,1.1528706550598145,1.1528706550598145,1.152339220046997,1.1526048183441162,0
2026-08-13T03:00:00Z,1.1524720191955566,1.1527377367019653,1.152339220046997,1.1526048183441162,0
2026-08-13T04:00:00Z,1.1526048183441162,1.1530035734176636,1.152339220046997,1.1530035734176636,0
2026-08-13T05:00:00Z,1.1528706550598145,1.1531364917755127,1.1527377367019653,1.1528706550598145,0
2026-08-13T06:00:00Z,1.1528706550598145,1.1528706550598145,1.151543140411377,1.1520737409591675,0
2026-08-13T07:00:00Z,1.1520737409591675,1.1531364917755127,1.1520737409591675,1.1528706550598145,0
2026-08-13T08:00:00Z,1.1528706550598145,1.1531364917755127,1.1526048183441162,1.1527377367019653,0
2026-08-13T09:00:00Z,1.1527377367019653,1.1538017988204956,1.1527377367019653,1.1538017988204956,0
2026-08-13T10:00:00Z,1.1538017988204956,1.1542012691497803,1.1538017988204956,1.1539349555969238,0
2026-08-13T11:00:00Z,1.1539349555969238,1.1542012691497803,1.1536686420440674,1.1536686420440674,0
2026-08-13T12:00:00Z,1.1538017988204956,1.1547343730926514,1.1528706550598145,1.1547343730926514,0
2026-08-13T13:00:00Z,1.1546010971069336,1.1548677682876587,1.15340256690979,1.1538017988204956,0
2026-08-13T14:00:00Z,1.1539349555969238,1.1548677682876587,1.1535356044769287,1.1547343730926514,0
2026-08-13T15:00:00Z,1.1547343730926514,1.1548677682876587,1.15340256690979,1.15340256690979,0
2026-08-13T16:00:00Z,1.15340256690979,1.1535356044769287,1.1528706550598145,1.1532695293426514,0
2026-08-13T17:00:00Z,1.15340256690979,1.1535356044769287,1.1530035734176636,1.1531364917755127,0
2026-08-13T18:00:00Z,1.1531364917755127,1.1535356044769287,1.1530035734176636,1.1532695293426514,0
2026-08-13T19:00:00Z,1.1532695293426514,1.1535356044769287,1.1531364917755127,1.1531364917755127,0
2026-08-13T20:00:00Z,1.15340256690979,1.1535356044769287,1.1530035734176636,1.1532695293426514,0
2026-08-13T21:00:00Z,1.1530035734176636,1.1535356044769287,1.1528706550598145,1.1531364917755127,0
2026-08-13T22:00:00Z,1.1532695293426514,1.1535356044769287,1.1532695293426514,1.1535356044769287,0
2026-08-13T23:00:00Z,1.1535356044769287,1.1538017988204956,1.1535356044769287,1.1536686420440674,0
2026-08-14T00:00:00Z,1.1536686420440674,1.1542012691497803,1.1536686420440674,1.1542012691497803,0
2026-08-14T01:00:00Z,1.1542012691497803,1.1542012691497803,1.1535356044769287,1.1538017988204956,0
2026-08-14T02:00:00Z,1.1538017988204956,1.154068112373352,1.1536686420440674,1.1536686420440674,0
2026-08-14T03:00:00Z,1.1538017988204956,1.1542012691497803,1.1536686420440674,1.154068112373352,0
2026-08-14T04:00:00Z,1.154068112373352,1.154334545135498,1.154068112373352,1.1542012691497803,0
2026-08-14T05:00:00Z,1.1542012691497803,1.1546010971069336,1.1542012691497803,1.1544678211212158,0
2026-08-14T06:00:00Z,1.1546010971069336,1.1547343730926514,1.1542012691497803,1.1547343730926514,0
2026-08-14T07:00:00Z,1.1547343730926514,1.155401587486267,1.1546010971069336,1.155401587486267,0
2026-08-14T08:00:00Z,1.1555349826812744,1.1560693979263306,1.155401587486267,1.1559356451034546,0
2026-08-14T09:00:00Z,1.1559356451034546,1.1560693979263306,1.155401587486267,1.1556684970855713,0
2026-08-14T10:00:00Z,1.1556684970855713,1.1559356451034546,1.1555349826812744,1.1558021306991577,0
2026-08-14T11:00:00Z,1.1559356451034546,1.1574074029922485,1.1559356451034546,1.1568717956542969,0
2026-08-14T12:00:00Z,1.1570056676864624,1.158077597618103,1.156738042831421,1.1570056676864624,0
2026-08-14T13:00:00Z,1.1570056676864624,1.1587486267089844,1.1566041707992554,1.1582117080688477,0
2026-08-14T14:00:00Z,1.1587486267089844,1.1588828563690186,1.1582117080688477,1.1583458185195923,0
2026-08-14T15:00:00Z,1.1584800481796265,1.1588828563690186,1.158077597618103,1.1583458185195923,0
2026-08-14T16:00:00Z,1.1584800481796265,1.1584800481796265,1.1574074029922485,1.1574074029922485,0
2026-08-14T17:00:00Z,1.1574074029922485,1.1574074029922485,1.1566041707992554,1.156738042831421,0
2026-08-14T18:00:00Z,1.156738042831421,1.1570056676864624,1.1566041707992554,1.1568717956542969,0
2026-08-14T19:00:00Z,1.1570056676864624,1.157273530960083,1.1568717956542969,1.1570056676864624,0
2026-08-14T20:00:00Z,1.157139539718628,1.1574074029922485,1.157139539718628,1.157273530960083,0
2026-08-14T21:00:00Z,1.157273530960083,1.157273530960083,1.157273530960083,1.157273530960083,0
2026-08-16T23:00:00Z,1.1578094959259033,1.1579434871673584,1.1576753854751587,1.1576753854751587,0
2026-08-17T00:00:00Z,1.1579434871673584,1.1584800481796265,1.1579434871673584,1.1583458185195923,0
2026-08-17T01:00:00Z,1.1583458185195923,1.1587486267089844,1.1582117080688477,1.1586142778396606,0
2026-08-17T02:00:00Z,1.1587486267089844,1.1587486267089844,1.1582117080688477,1.1583458185195923,0
2026-08-17T03:00:00Z,1.1583458185195923,1.1587486267089844,1.1582117080688477,1.1587486267089844,0
2026-08-17T04:00:00Z,1.1586142778396606,1.159151554107666,1.1586142778396606,1.1588828563690186,0
2026-08-17T05:00:00Z,1.1588828563690186,1.1592857837677002,1.1586142778396606,1.1590172052383423,0
2026-08-17T06:00:00Z,1.159151554107666,1.1599582433700562,1.1587486267089844,1.1599582433700562,0
2026-08-17T07:00:00Z,1.1599582433700562,1.1615750789642334,1.1598236560821533,1.1609008312225342,0
2026-08-17T08:00:00Z,1.1610356569290161,1.1617100238800049,1.1599582433700562,1.1602274179458618,0
2026-08-17T09:00:00Z,1.1603620052337646,1.160496711730957,1.1599582433700562,1.1599582433700562,0
2026-08-17T10:00:00Z,1.1598236560821533,1.160092830657959,1.1592857837677002,1.1594202518463135,0
2026-08-17T11:00:00Z,1.1594202518463135,1.1598236560821533,1.159151554107666,1.1595547199249268,0
2026-08-17T12:00:00Z,1.1595547199249268,1.160092830657959,1.1592857837677002,1.160092830657959,0
2026-08-17T13:00:00Z,1.160092830657959,1.1602274179458618,1.159151554107666,1.1598236560821533,0
2026-08-17T14:00:00Z,1.15968918800354,1.1602274179458618,1.1590172052383423,1.1590172052383423,0
2026-08-17T15:00:00Z,1.1590172052383423,1.1592857837677002,1.1584800481796265,1.1592857837677002,0
2026-08-17T16:00:00Z,1.1592857837677002,1.1595547199249268,1.1588828563690186,1.159151554107666,0
2026-08-17T17:00:00Z,1.159151554107666,1.1592857837677002,1.158077597618103,1.158077597618103,0
2026-08-17T18:00:00Z,1.1579434871673584,1.158077597618103,1.1574074029922485,1.1575413942337036,0
2026-08-17T19:00:00Z,1.1576753854751587,1.1583458185195923,1.1575413942337036,1.1582117080688477,0
2026-08-17T20:00:00Z,1.1583458185195923,1.1583458185195923,1.158077597618103,1.1583458185195923,0
2026-08-17T21:00:00Z,1.1586142778396606,1.1590172052383423,1.1578094959259033,1.158077597618103,0
2026-08-17T22:00:00Z,1.1582117080688477,1.1583458185195923,1.158077597618103,1.1582117080688477,0
2026-08-17T23:00:00Z,1.1582117080688477,1.1587486267089844,1.1582117080688477,1.1586142778396606,0
2026-08-18T00:00:00Z,1.1586142778396606,1.1587486267089844,1.158077597618103,1.1586142778396606,0
2026-08-18T01:00:00Z,1.1586142778396606,1.1588828563690186,1.1582117080688477,1.1582117080688477,0
2026-08-18T02:00:00Z,1.1582117080688477,1.1583458185195923,1.1579434871673584,1.1583458185195923,0
2026-08-18T03:00:00Z,1.1582117080688477,1.1582117080688477,1.1575413942337036,1.1576753854751587,0
2026-08-18T04:00:00Z,1.1576753854751587,1.1578094959259033,1.1574074029922485,1.1575413942337036,0
2026-08-18T05:00:00Z,1.1574074029922485,1.1578094959259033,1.157273530960083,1.1576753854751587,0
2026-08-18T06:00:00Z,1.1575413942337036,1.1575413942337036,1.157139539718628,1.1575413942337036,0
2026-08-18T07:00:00Z,1.1576753854751587,1.158077597618103,1.157273530960083,1.1576753854751587,0
2026-08-18T08:00:00Z,1.1575413942337036,1.158077597618103,1.157273530960083,1.1579434871673584,0
2026-08-18T09:00:00Z,1.1578094959259033,1.1582117080688477,1.1576753854751587,1.1582117080688477,0
2026-08-18T10:00:00Z,1.1582117080688477,1.1582117080688477,1.1578094959259033,1.1579434871673584,0
2026-08-18T11:00:00Z,1.1579434871673584,1.158077597618103,1.1575413942337036,1.158077597618103,0
2026-08-18T12:00:00Z,1.1579434871673584,1.1582117080688477,1.1575413942337036,1.1578094959259033,0
2026-08-18T13:00:00Z,1.1579434871673584,1.1587486267089844,1.1576753854751587,1.1583458185195923,0
2026-08-18T14:00:00Z,1.1587486267089844,1.159151554107666,1.1584800481796265,1.1584800481796265,0
2026-08-18T15:00:00Z,1.1584800481796265,1.1588828563690186,1.158077597618103,1.1582117080688477,0
2026-08-18T16:00:00Z,1.1584800481796265,1.1588828563690186,1.1582117080688477,1.1583458185195923,0
2026-08-18T17:00:00Z,1.1583458185195923,1.1583458185195923,1.1578094959259033,1.158077597618103,0
2026-08-18T18:00:00Z,1.1579434871673584,1.1582117080688477,1.1578094959259033,1.1579434871673584,0
2026-08-18T19:00:00Z,1.1579434871673584,1.1583458185195923,1.1578094959259033,1.1578094959259033,0
2026-08-18T20:00:00Z,1.1576753854751587,1.1579434871673584,1.1575413942337036,1.1579434871673584,0
2026-08-18T21:00:00Z,1.1576753854751587,1.1583458185195923,1.1576753854751587,1.1579434871673584,0
2026-08-18T22:00:00Z,1.1579434871673584,1.158077597618103,1.1578094959259033,1.1579434871673584,0
2026-08-18T23:00:00Z,1.158077597618103,1.1582117080688477,1.1576753854751587,1.1579434871673584,0
2026-08-19T00:00:00Z,1.1579434871673584,1.1584800481796265,1.1576753854751587,1.1578094959259033,0
2026-08-19T01:00:00Z,1.1578094959259033,1.158077597618103,1.1574074029922485,1.158077597618103,0
2026-08-19T02:00:00Z,1.158077597618103,1.1590172052383423,1.1579434871673584,1.1586142778396606,0
2026-08-19T03:00:00Z,1.1586142778396606,1.1588828563690186,1.1584800481796265,1.1584800481796265,0
2026-08-19T04:00:00Z,1.1584800481796265,1.1588828563690186,1.1584800481796265,1.1588828563690186,0
2026-08-19T05:00:00Z,1.1590172052383423,1.1592857837677002,1.1587486267089844,1.159151554107666,0
2026-08-19T06:00:00Z,1.1592857837677002,1.160092830657959,1.1592857837677002,1.1598236560821533,0
2026-08-19T07:00:00Z,1.1599582433700562,1.160092830657959,1.1595547199249268,1.1599582433700562,0
2026-08-19T08:00:00Z,1.1599582433700562,1.1607661247253418,1.1599582433700562,1.160092830657959,0
2026-08-19T09:00:00Z,1.160092830657959,1.1610356569290161,1.1599582433700562,1.1610356569290161,0
2026-08-19T10:00:00Z,1.1609008312225342,1.1615750789642334,1.1609008312225342,1.1610356569290161,0
2026-08-19T11:00:00Z,1.1610356569290161,1.161170482635498,1.1603620052337646,1.1606314182281494,0
2026-08-19T12:00:00Z,1.1607661247253418,1.1645511388778687,1.1606314182281494,1.1640088558197021,0
2026-08-19T13:00:00Z,1.1642799377441406,1.16604483127594,1.1642799377441406,1.16604483127594,0
2026-08-19T14:00:00Z,1.16604483127594,1.1680878400802612,1.1657729148864746,1.1665889024734497,0
2026-08-19T15:00:00Z,1.1667250394821167,1.1671334505081177,1.16604483127594,1.1667250394821167,0
2026-08-19T16:00:00Z,1.1668611764907837,1.1675423383712769,1.1668611764907837,1.1672697067260742,0
2026-08-19T17:00:00Z,1.1675423383712769,1.1675423383712769,1.1661807298660278,1.1661807298660278,0
2026-08-19T18:00:00Z,1.1664528846740723,1.1678149700164795,1.1663167476654053,1.1676785945892334,0
2026-08-19T19:00:00Z,1.1678149700164795,1.1682243347167969,1.1674060821533203,1.1680878400802612,0
2026-08-19T20:00:00Z,1.1680878400802612,1.1682243347167969,1.1678149700164795,1.1680878400802612,0
2026-08-19T21:00:00Z,1.1680878400802612,1.1683608293533325,1.1678149700164795,1.1679514646530151,0
2026-08-19T22:00:00Z,1.1683608293533325,1.1686338186264038,1.1679514646530151,1.1680878400802612,0
2026-08-19T23:00:00Z,1.1679514646530151,1.1680878400802612,1.1676785945892334,1.1678149700164795,0
2026-08-20T00:00:00Z,1.1679514646530151,1.1683608293533325,1.1675423383712769,1.1678149700164795,0
2026-08-20T01:00:00Z,1.1678149700164795,1.1684973239898682,1.1674060821533203,1.1679514646530151,0
2026-08-20T02:00:00Z,1.1679514646530151,1.1686338186264038,1.1676785945892334,1.1678149700164795,0
2026-08-20T03:00:00Z,1.1678149700164795,1.1683608293533325,1.1678149700164795,1.1682243347167969,0
2026-08-20T04:00:00Z,1.1683608293533325,1.1683608293533325,1.1676785945892334,1.1676785945892334,0
2026-08-20T05:00:00Z,1.1676785945892334,1.1680878400802612,1.1674060821533203,1.1679514646530151,0
2026-08-20T06:00:00Z,1.1680878400802612,1.1691803932189941,1.1676785945892334,1.1691803932189941,0
2026-08-20T07:00:00Z,1.1690436601638794,1.1695905923843384,1.1682243347167969,1.1695905923843384,0
2026-08-20T08:00:00Z,1.1695905923843384,1.1702749729156494,1.1693171262741089,1.1701380014419556,0
2026-08-20T09:00:00Z,1.1702749729156494,1.1712344884872437,1.169864296913147,1.1710972785949707,0
2026-08-20T10:00:00Z,1.170823097229004,1.1713716983795166,1.169864296913147,1.1700011491775513,0
2026-08-20T11:00:00Z,1.1700011491775513,1.1700011491775513,1.1686338186264038,1.168770432472229,0
2026-08-20T12:00:00Z,1.1689070463180542,1.1693171262741089,1.1682243347167969,1.1691803932189941,0
2026-08-20T13:00:00Z,1.1694538593292236,1.1697274446487427,1.1679514646530151,1.1679514646530151,0
2026-08-20T14:00:00Z,1.1680878400802612,1.168770432472229,1.1675423383712769,1.1686338186264038,0
2026-08-20T15:00:00Z,1.1684973239898682,1.1695905923843384,1.1676785945892334,1.1682243347167969,0
2026-08-20T16:00:00Z,1.1682243347167969,1.1682243347167969,1.1672697067260742,1.1676785945892334,0
2026-08-20T17:00:00Z,1.1676785945892334,1.1678149700164795,1.1674060821533203,1.1678149700164795,0
2026-08-20T18:00:00Z,1.1678149700164795,1.1679514646530151,1.1674060821533203,1.1679514646530151,0
2026-08-20T19:00:00Z,1.1678149700164795,1.1682243347167969,1.1676785945892334,1.1680878400802612,0
2026-08-20T20:00:00Z,1.1682243347167969,1.1683608293533325,1.1679514646530151,1.1682243347167969,0
2026-08-20T21:00:00Z,1.1680878400802612,1.1683608293533325,1.1679514646530151,1.1680878400802612,0
2026-08-20T22:00:00Z,1.1682243347167969,1.168770432472229,1.1682243347167969,1.1686338186264038,0
2026-08-20T23:00:00Z,1.168770432472229,1.1691803932189941,1.168770432472229,1.1690436601638794,0
2026-08-21T00:00:00Z,1.1690436601638794,1.1693171262741089,1.1686338186264038,1.1686338186264038,0
2026-08-21T01:00:00Z,1.168770432472229,1.1695905923843384,1.1686338186264038,1.1694538593292236,0
2026-08-21T02:00:00Z,1.1694538593292236,1.1704120635986328,1.1691803932189941,1.1700011491775513,0
2026-08-21T03:00:00Z,1.1700011491775513,1.1701380014419556,1.1695905923843384,1.1697274446487427,0
2026-08-21T04:00:00Z,1.1695905923843384,1.169864296913147,1.1694538593292236,1.1695905923843384,0
2026-08-21T05:00:00Z,1.1695905923843384,1.1702749729156494,1.1693171262741089,1.1701380014419556,0
2026-08-21T06:00:00Z,1.1700011491775513,1.1701380014419556,1.1693171262741089,1.1701380014419556,0
2026-08-21T07:00:00Z,1.1701380014419556,1.1702749729156494,1.1690436601638794,1.1694538593292236,0
2026-08-21T08:00:00Z,1.1695905923843384,1.1709601879119873,1.1693171262741089,1.1709601879119873,0
2026-08-21T09:00:00Z,1.170823097229004,1.1715089082717896,1.1704120635986328,1.1704120635986328,0
2026-08-21T10:00:00Z,1.1702749729156494,1.1713716983795166,1.1702749729156494,1.170548915863037,0
2026-08-21T11:00:00Z,1.170548915863037,1.1712344884872437,1.1700011491775513,1.1704120635986328,0
2026-08-21T12:00:00Z,1.170548915863037,1.1706860065460205,1.1689070463180542,1.1694538593292236,0
2026-08-21T13:00:00Z,1.1694538593292236,1.1694538593292236,1.1682243347167969,1.1686338186264038,0
2026-08-21T14:00:00Z,1.1683608293533325,1.1684973239898682,1.1672697067260742,1.1675423383712769,0
2026-08-21T15:00:00Z,1.1676785945892334,1.168770432472229,1.1675423383712769,1.1686338186264038,0
2026-08-21T16:00:00Z,1.1686338186264038,1.168770432472229,1.1683608293533325,1.1684973239898682,0
2026-08-21T17:00:00Z,1.1684973239898682,1.1686338186264038,1.1680878400802612,1.1683608293533325,0
2026-08-21T18:00:00Z,1.1684973239898682,1.1686338186264038,1.1683608293533325,1.1686338186264038,0
2026-08-21T19:00:00Z,1.1684973239898682,1.1686338186264038,1.1680878400802612,1.1682243347167969,0
2026-08-21T20:00:00Z,1.1682243347167969,1.1682243347167969,1.1678149700164795,1.1678149700164795,0
2026-08-21T21:00:00Z,1.1678149700164795,1.1678149700164795,1.1678149700164795,1.1678149700164795,0
2026-08-23T23:00:00Z,1.1679514646530151,1.1684973239898682,1.1678149700164795,1.1684973239898682,0
2026-08-24T00:00:00Z,1.1686338186264038,1.1690436601638794,1.1686338186264038,1.1689070463180542,0
2026-08-24T01:00:00Z,1.1689070463180542,1.1689070463180542,1.1680878400802612,1.1684973239898682,0
2026-08-24T02:00:00Z,1.1684973239898682,1.168770432472229,1.1683608293533325,1.1684973239898682,0
2026-08-24T03:00:00Z,1.1684973239898682,1.1684973239898682,1.1682243347167969,1.1683608293533325,0
2026-08-24T04:00:00Z,1.1683608293533325,1.1684973239898682,1.1679514646530151,1.1684973239898682,0
2026-08-24T05:00:00Z,1.1686338186264038,1.1686338186264038,1.1679514646530151,1.1683608293533325,0
2026-08-24T06:00:00Z,1.1683608293533325,1.1683608293533325,1.1678149700164795,1.1680878400802612,0
2026-08-24T07:00:00Z,1.1683608293533325,1.1683608293533325,1.1668611764907837,1.1671334505081177,0
2026-08-24T08:00:00Z,1.1671334505081177,1.1671334505081177,1.1664528846740723,1.1667250394821167,0
2026-08-24T09:00:00Z,1.1667250394821167,1.1669973134994507,1.1664528846740723,1.1667250394821167,0
2026-08-24T10:00:00Z,1.1668611764907837,1.1669973134994507,1.1665889024734497,1.1667250394821167,0
2026-08-24T11:00:00Z,1.1667250394821167,1.1674060821533203,1.1667250394821167,1.1669973134994507,0
2026-08-24T12:00:00Z,1.1669973134994507,1.1675423383712769,1.1665889024734497,1.1672697067260742,0
2026-08-24T13:00:00Z,1.1674060821533203,1.1678149700164795,1.1667250394821167,1.1668611764907837,0
2026-08-24T14:00:00Z,1.1667250394821167,1.1675423383712769,1.1667250394821167,1.1668611764907837,0
2026-08-24T15:00:00Z,1.1668611764907837,1.1675423383712769,1.1668611764907837,1.1668611764907837,0
2026-08-24T16:00:00Z,1.1667250394821167,1.1672697067260742,1.1667250394821167,1.1668611764907837,0
2026-08-24T17:00:00Z,1.1668611764907837,1.1669973134994507,1.1659088134765625,1.1663167476654053,0
2026-08-24T18:00:00Z,1.1663167476654053,1.1668611764907837,1.16604483127594,1.1668611764907837,0
2026-08-24T19:00:00Z,1.1665889024734497,1.1667250394821167,1.1663167476654053,1.1664528846740723,0
2026-08-24T20:00:00Z,1.1664528846740723,1.1667250394821167,1.1664528846740723,1.1667250394821167,0
2026-08-24T21:00:00Z,1.1664528846740723,1.1669973134994507,1.1663167476654053,1.1667250394821167,0
2026-08-24T22:00:00Z,1.1667250394821167,1.1668611764907837,1.1667250394821167,1.1668611764907837,0
2026-08-24T23:00:00Z,1.1668611764907837,1.1671334505081177,1.1667250394821167,1.1671334505081177,0
2026-08-25T00:00:00Z,1.1672697067260742,1.1674060821533203,1.1671334505081177,1.1672697067260742,0
2026-08-25T01:00:00Z,1.1669973134994507,1.1671334505081177,1.1665889024734497,1.1665889024734497,0
2026-08-25T02:00:00Z,1.1665889024734497,1.1667250394821167,1.1663167476654053,1.1663167476654053,0
2026-08-25T03:00:00Z,1.1664528846740723,1.1665889024734497,1.1661807298660278,1.1664528846740723,0
2026-08-25T04:00:00Z,1.1664528846740723,1.1664528846740723,1.1659088134765625,1.1659088134765625,0
2026-08-25T05:00:00Z,1.1659088134765625,1.16604483127594,1.1656370162963867,1.1656370162963867,0
2026-08-25T06:00:00Z,1.1656370162963867,1.1661807298660278,1.1655012369155884,1.1656370162963867,0
2026-08-25T07:00:00Z,1.1656370162963867,1.1665889024734497,1.1656370162963867,1.1661807298660278,0
2026-08-25T08:00:00Z,1.1663167476654053,1.1671334505081177,1.1661807298660278,1.1671334505081177,0
2026-08-25T09:00:00Z,1.1671334505081177,1.1676785945892334,1.1669973134994507,1.1672697067260742,0
2026-08-25T10:00:00Z,1.1671334505081177,1.1671334505081177,1.1663167476654053,1.1665889024734497,0
2026-08-25T11:00:00Z,1.1665889024734497,1.1667250394821167,1.1661807298660278,1.1663167476654053,0
2026-08-25T12:00:00Z,1.1664528846740723,1.1669973134994507,1.1664528846740723,1.1669973134994507,0
2026-08-25T13:00:00Z,1.1669973134994507,1.1678149700164795,1.1667250394821167,1.1676785945892334,0
2026-08-25T14:00:00Z,1.1675423383712769,1.1678149700164795,1.1669973134994507,1.1672697067260742,0
2026-08-25T15:00:00Z,1.1672697067260742,1.1678149700164795,1.1671334505081177,1.1676785945892334,0
2026-08-25T16:00:00Z,1.1676785945892334,1.1676785945892334,1.1671334505081177,1.1674060821533203,0
2026-08-25T17:00:00Z,1.1674060821533203,1.1678149700164795,1.1672697067260742,1.1678149700164795,0
2026-08-25T18:00:00Z,1.1676785945892334,1.1678149700164795,1.1675423383712769,1.1676785945892334,0
2026-08-25T19:00:00Z,1.1678149700164795,1.1682243347167969,1.1672697067260742,1.1679514646530151,0
2026-08-25T20:00:00Z,1.1679514646530151,1.1682243347167969,1.1676785945892334,1.1676785945892334,0
2026-08-25T21:00:00Z,1.1689070463180542,1.1690436601638794,1.1674060821533203,1.1676785945892334,0
2026-08-25T22:00:00Z,1.1676785945892334,1.1680878400802612,1.1676785945892334,1.1680878400802612,0
2026-08-25T23:00:00Z,1.1680878400802612,1.1680878400802612,1.1676785945892334,1.1678149700164795,0
2026-08-26T00:00:00Z,1.1678149700164795,1.1679514646530151,1.1675423383712769,1.1676785945892334,0
2026-08-26T01:00:00Z,1.1676785945892334,1.1676785945892334,1.1672697067260742,1.1674060821533203,0
2026-08-26T02:00:00Z,1.1674060821533203,1.1675423383712769,1.1669973134994507,1.1671334505081177,0
2026-08-26T03:00:00Z,1.1671334505081177,1.1671334505081177,1.1667250394821167,1.1667250394821167,0
2026-08-26T04:00:00Z,1.1668611764907837,1.1668611764907837,1.1664528846740723,1.1665889024734497,0
2026-08-26T05:00:00Z,1.1665889024734497,1.1669973134994507,1.1664528846740723,1.1668611764907837,0
2026-08-26T06:00:00Z,1.1668611764907837,1.1669973134994507,1.1664528846740723,1.1669973134994507,0
2026-08-26T07:00:00Z,1.1671334505081177,1.1675423383712769,1.1671334505081177,1.1674060821533203,0
2026-08-26T08:00:00Z,1.1674060821533203,1.1680878400802612,1.1674060821533203,1.1674060821533203,0
2026-08-26T09:00:00Z,1.1674060821533203,1.1674060821533203,1.1667250394821167,1.1669973134994507,0
2026-08-26T10:00:00Z,1.1669973134994507,1.1669973134994507,1.1664528846740723,1.1665889024734497,0
2026-08-26T11:00:00Z,1.1665889024734497,1.1672697067260742,1.1664528846740723,1.1672697067260742,0
2026-08-26T12:00:00Z,1.1672697067260742,1.1678149700164795,1.1661807298660278,1.1661807298660278,0
2026-08-26T13:00:00Z,1.1659088134765625,1.1661807298660278,1.1656370162963867,1.1656370162963867,0
2026-08-26T14:00:00Z,1.1656370162963867,1.1656370162963867,1.1645511388778687,1.164958119392395,0
2026-08-26T15:00:00Z,1.1648223400115967,1.1657729148864746,1.1648223400115967,1.1653653383255005,0
2026-08-26T16:00:00Z,1.1655012369155884,1.1657729148864746,1.1652295589447021,1.1653653383255005,0
2026-08-26T17:00:00Z,1.1653653383255005,1.1657729148864746,1.1652295589447021,1.1656370162963867,0
2026-08-26T18:00:00Z,1.1655012369155884,1.1657729148864746,1.1653653383255005,1.1655012369155884,0
2026-08-26T19:00:00Z,1.1655012369155884,1.1656370162963867,1.1653653383255005,1.1656370162963867,0
2026-08-26T20:00:00Z,1.1656370162963867,1.1657729148864746,1.1655012369155884,1.1656370162963867,0
2026-08-26T21:00:00Z,1.1653653383255005,1.1659088134765625,1.1652295589447021,1.1657729148864746,0
2026-08-26T22:00:00Z,1.16604483127594,1.16604483127594,1.1657729148864746,1.1657729148864746,0
2026-08-26T23:00:00Z,1.1659088134765625,1.16604483127594,1.1657729148864746,1.1659088134765625,0
2026-08-27T00:00:00Z,1.1659088134765625,1.1661807298660278,1.1657729148864746,1.16604483127594,0
2026-08-27T01:00:00Z,1.16604483127594,1.1663167476654053,1.16604483127594,1.1661807298660278,0
2026-08-27T02:00:00Z,1.1661807298660278,1.1663167476654053,1.1659088134765625,1.1659088134765625,0
2026-08-27T03:00:00Z,1.1659088134765625,1.16604483127594,1.1657729148864746,1.1657729148864746,0
2026-08-27T04:00:00Z,1.1657729148864746,1.16604483127594,1.1657729148864746,1.1659088134765625,0
2026-08-27T05:00:00Z,1.1659088134765625,1.1661807298660278,1.1656370162963867,1.1657729148864746,0
2026-08-27T06:00:00Z,1.1657729148864746,1.16604483127594,1.1656370162963867,1.1657729148864746,0
2026-08-27T07:00:00Z,1.1657729148864746,1.16604483127594,1.1656370162963867,1.1659088134765625,0
2026-08-27T08:00:00Z,1.1659088134765625,1.1661807298660278,1.1652295589447021,1.1652295589447021,0
2026-08-27T09:00:00Z,1.1652295589447021,1.1652295589447021,1.1645511388778687,1.1645511388778687,0
2026-08-27T10:00:00Z,1.1644154787063599,1.1650937795639038,1.1642799377441406,1.1644154787063599,0
2026-08-27T11:00:00Z,1.1644154787063599,1.164686679840088,1.1641442775726318,1.1645511388778687,0
2026-08-27T12:00:00Z,1.1645511388778687,1.164958119392395,1.1644154787063599,1.1644154787063599,0
2026-08-27T13:00:00Z,1.1644154787063599,1.1663167476654053,1.1644154787063599,1.1657729148864746,0
2026-08-27T14:00:00Z,1.1657729148864746,1.16604483127594,1.164958119392395,1.164958119392395,0
2026-08-27T15:00:00Z,1.164958119392395,1.1657729148864746,1.164958119392395,1.1656370162963867,0
2026-08-27T16:00:00Z,1.1657729148864746,1.1659088134765625,1.1653653383255005,1.1656370162963867,0
2026-08-27T17:00:00Z,1.1656370162963867,1.1657729148864746,1.1650937795639038,1.1652295589447021,0
2026-08-27T18:00:00Z,1.1652295589447021,1.1653653383255005,1.1650937795639038,1.1652295589447021,0
2026-08-27T19:00:00Z,1.1653653383255005,1.1655012369155884,1.1652295589447021,1.1653653383255005,0
2026-08-27T20:00:00Z,1.1653653383255005,1.1656370162963867,1.1653653383255005,1.1656370162963867,0
2026-08-27T21:00:00Z,1.1656370162963867,1.16604483127594,1.164958119392395,1.1657729148864746,0
2026-08-27T22:00:00Z,1.1657729148864746,1.1659088134765625,1.1656370162963867,1.1657729148864746,0
2026-08-27T23:00:00Z,1.1657729148864746,1.1657729148864746,1.1656370162963867,1.1657729148864746,0
2026-08-28T00:00:00Z,1.1657729148864746,1.1657729148864746,1.1655012369155884,1.1657729148864746,0
2026-08-28T01:00:00Z,1.1656370162963867,1.1659088134765625,1.1653653383255005,1.1653653383255005,0
2026-08-28T02:00:00Z,1.1653653383255005,1.1655012369155884,1.1650937795639038,1.1655012369155884,0
2026-08-28T03:00:00Z,1.1655012369155884,1.1655012369155884,1.164958119392395,1.164958119392395,0
2026-08-28T04:00:00Z,1.1650937795639038,1.1650937795639038,1.164958119392395,1.164958119392395,0
2026-08-28T05:00:00Z,1.164958119392395,1.164958119392395,1.164686679840088,1.164958119392395,0
2026-08-28T06:00:00Z,1.1648223400115967,1.1652295589447021,1.164686679840088,1.1652295589447021,0
2026-08-28T07:00:00Z,1.1652295589447021,1.1652295589447021,1.1645511388778687,1.1650937795639038,0
2026-08-28T08:00:00Z,1.164958119392395,1.1652295589447021,1.164686679840088,1.1648223400115967,0
2026-08-28T09:00:00Z,1.1648223400115967,1.1648223400115967,1.1644154787063599,1.1644154787063599,0
2026-08-28T10:00:00Z,1.1644154787063599,1.1653653383255005,1.1642799377441406,1.1653653383255005,0
2026-08-28T11:00:00Z,1.1653653383255005,1.1653653383255005,1.1648223400115967,1.1648223400115967,0
2026-08-28T12:00:00Z,1.164958119392395,1.1653653383255005,1.1644154787063599,1.1653653383255005,0
2026-08-28T13:00:00Z,1.1652295589447021,1.1653653383255005,1.1645511388778687,1.164958119392395,0
2026-08-28T14:00:00Z,1.1642799377441406,1.1650937795639038,1.1599582433700562,1.162520408630371,0
2026-08-28T15:00:00Z,1.16225004196167,1.16225004196167,1.160092830657959,1.1602274179458618,0
2026-08-28T16:00:00Z,1.160092830657959,1.160092830657959,1.1588828563690186,1.1590172052383423,0
2026-08-28T17:00:00Z,1.1590172052383423,1.1592857837677002,1.1582117080688477,1.1584800481796265,0
2026-08-28T18:00:00Z,1.1584800481796265,1.1587486267089844,1.1582117080688477,1.1583458185195923,0
2026-08-28T19:00:00Z,1.1584800481796265,1.159151554107666,1.1584800481796265,1.1590172052383423,0
2026-08-28T20:00:00Z,1.1590172052383423,1.1590172052383423,1.1583458185195923,1.1586142778396606,0
2026-08-28T21:00:00Z,1.1586142778396606,1.1587486267089844,1.1586142778396606,1.1587486267089844,0
2026-08-30T23:00:00Z,1.1588828563690186,1.1592857837677002,1.1587486267089844,1.1592857837677002,0
2026-08-31T00:00:00Z,1.1592857837677002,1.15968918800354,1.1590172052383423,1.1595547199249268,0
2026-08-31T01:00:00Z,1.1594202518463135,1.1598236560821533,1.1590172052383423,1.1594202518463135,0
2026-08-31T02:00:00Z,1.1594202518463135,1.15968918800354,1.159151554107666,1.1595547199249268,0
2026-08-31T03:00:00Z,1.1595547199249268,1.15968918800354,1.1592857837677002,1.1595547199249268,0
2026-08-31T04:00:00Z,1.1595547199249268,1.1595547199249268,1.1592857837677002,1.1594202518463135,0
2026-08-31T05:00:00Z,1.1592857837677002,1.1594202518463135,1.159151554107666,1.1594202518463135,0
2026-08-31T06:00:00Z,1.1592857837677002,1.1594202518463135,1.1587486267089844,1.1592857837677002,0
2026-08-31T07:00:00Z,1.1592857837677002,1.1606314182281494,1.1588828563690186,1.1606314182281494,0
2026-08-31T08:00:00Z,1.1607661247253418,1.1609008312225342,1.15968918800354,1.15968918800354,0
2026-08-31T09:00:00Z,1.1599582433700562,1.1603620052337646,1.1599582433700562,1.1602274179458618,0
2026-08-31T10:00:00Z,1.1602274179458618,1.160496711730957,1.1599582433700562,1.160092830657959,0
2026-08-31T11:00:00Z,1.160092830657959,1.1606314182281494,1.1599582433700562,1.1599582433700562,0
2026-08-31T12:00:00Z,1.160092830657959,1.1602274179458618,1.1595547199249268,1.1598236560821533,0
2026-08-31T13:00:00Z,1.1598236560821533,1.160496711730957,1.15968918800354,1.1603620052337646,0
2026-08-31T14:00:00Z,1.1598236560821533,1.1621150970458984,1.1598236560821533,1.1617100238800049,0
2026-08-31T15:00:00Z,1.1618449687957764,1.1623852252960205,1.1615750789642334,1.1619800329208374,0
2026-08-31T16:00:00Z,1.1619800329208374,1.1621150970458984,1.1617100238800049,1.1619800329208374,0
2026-08-31T17:00:00Z,1.1619800329208374,1.1621150970458984,1.1618449687957764,1.1618449687957764,0
2026-08-31T18:00:00Z,1.1618449687957764,1.1621150970458984,1.1618449687957764,1.1618449687957764,0
2026-08-31T19:00:00Z,1.1619800329208374,1.1621150970458984,1.1618449687957764,1.1618449687957764,0
2026-08-31T20:00:00Z,1.1621150970458984,1.1621150970458984,1.1617100238800049,1.1621150970458984,0
2026-08-31T21:00:00Z,1.1621150970458984,1.16225004196167,1.1617100238800049,1.16225004196167,0
2026-08-31T22:00:00Z,1.1621150970458984,1.1621150970458984,1.1618449687957764,1.1618449687957764,0
2026-08-31T23:00:00Z,1.1618449687957764,1.1621150970458984,1.1615750789642334,1.1621150970458984,0
2026-09-01T00:00:00Z,1.1619800329208374,1.1627906560897827,1.1619800329208374,1.1621150970458984,0
2026-09-01T01:00:00Z,1.16225004196167,1.16225004196167,1.161170482635498,1.16130530834198,0
2026-09-01T02:00:00Z,1.16130530834198,1.16130530834198,1.1610356569290161,1.16130530834198,0
2026-09-01T03:00:00Z,1.161170482635498,1.16130530834198,1.1609008312225342,1.1609008312225342,0
2026-09-01T04:00:00Z,1.1609008312225342,1.1610356569290161,1.1606314182281494,1.1609008312225342,0
2026-09-01T05:00:00Z,1.1609008312225342,1.16130530834198,1.1609008312225342,1.161170482635498,0
2026-09-01T06:00:00Z,1.1610356569290161,1.161170482635498,1.1603620052337646,1.1607661247253418,0
2026-09-01T07:00:00Z,1.1609008312225342,1.1609008312225342,1.1595547199249268,1.1598236560821533,0
2026-09-01T08:00:00Z,1.1598236560821533,1.1598236560821533,1.159151554107666,1.15968918800354,0
2026-09-01T09:00:00Z,1.15968918800354,1.1603620052337646,1.15968918800354,1.15968918800354,0
2026-09-01T10:00:00Z,1.15968918800354,1.1598236560821533,1.1594202518463135,1.1595547199249268,0
2026-09-01T11:00:00Z,1.1594202518463135,1.1599582433700562,1.1594202518463135,1.1595547199249268,0
2026-09-01T12:00:00Z,1.1595547199249268,1.15968918800354,1.159151554107666,1.15968918800354,0
2026-09-01T13:00:00Z,1.1594202518463135,1.1606314182281494,1.1592857837677002,1.1606314182281494,0
2026-09-01T14:00:00Z,1.1603620052337646,1.1610356569290161,1.1599582433700562,1.1599582433700562,0
2026-09-01T15:00:00Z,1.1602274179458618,1.1602274179458618,1.1592857837677002,1.1595547199249268,0
2026-09-01T16:00:00Z,1.15968918800354,1.15968918800354,1.1588828563690186,1.1588828563690186,0
2026-09-01T17:00:00Z,1.1588828563690186,1.1598236560821533,1.1588828563690186,1.159151554107666,0
2026-09-01T18:00:00Z,1.159151554107666,1.1594202518463135,1.1588828563690186,1.1594202518463135,0
2026-09-01T19:00:00Z,1.1592857837677002,1.1595547199249268,1.159151554107666,1.1592857837677002,0
2026-09-01T20:00:00Z,1.159151554107666,1.15968918800354,1.159151554107666,1.1595547199249268,0
2026-09-01T21:00:00Z,1.1594202518463135,1.1598236560821533,1.1590172052383423,1.1595547199249268,0
2026-09-01T22:00:00Z,1.1595547199249268,1.1599582433700562,1.1595547199249268,1.15968918800354,0
2026-09-01T23:00:00Z,1.1595547199249268,1.15968918800354,1.1594202518463135,1.1594202518463135,0
2026-09-02T00:00:00Z,1.1594202518463135,1.1595547199249268,1.1587486267089844,1.1587486267089844,0
2026-09-02T01:00:00Z,1.1587486267089844,1.1587486267089844,1.158077597618103,1.1582117080688477,0
2026-09-02T02:00:00Z,1.158077597618103,1.1586142778396606,1.1579434871673584,1.1584800481796265,0
2026-09-02T03:00:00Z,1.1584800481796265,1.1586142778396606,1.1582117080688477,1.1583458185195923,0
2026-09-02T04:00:00Z,1.1583458185195923,1.1583458185195923,1.1578094959259033,1.1579434871673584,0
2026-09-02T05:00:00Z,1.1579434871673584,1.1584800481796265,1.1576753854751587,1.1583458185195923,0
2026-09-02T06:00:00Z,1.1583458185195923,1.1586142778396606,1.157139539718628,1.157139539718628,0
2026-09-02T07:00:00Z,1.157273530960083,1.1582117080688477,1.157139539718628,1.1582117080688477,0
2026-09-02T08:00:00Z,1.1582117080688477,1.1584800481796265,1.1576753854751587,1.1576753854751587,0
2026-09-02T09:00:00Z,1.1575413942337036,1.158077597618103,1.1574074029922485,1.1575413942337036,0
2026-09-02T10:00:00Z,1.1575413942337036,1.1575413942337036,1.157139539718628,1.1575413942337036,0
2026-09-02T11:00:00Z,1.1575413942337036,1.1582117080688477,1.1574074029922485,1.158077597618103,0
2026-09-02T12:00:00Z,1.158077597618103,1.1587486267089844,1.158077597618103,1.1582117080688477,0
2026-09-02T13:00:00Z,1.1583458185195923,1.1607661247253418,1.1582117080688477,1.1607661247253418,0
2026-09-02T14:00:00Z,1.160496711730957,1.160496711730957,1.1592857837677002,1.1595547199249268,0
2026-09-02T15:00:00Z,1.1595547199249268,1.1599582433700562,1.1592857837677002,1.1594202518463135,0
2026-09-02T16:00:00Z,1.15968918800354,1.15968918800354,1.159151554107666,1.159151554107666,0
2026-09-02T17:00:00Z,1.159151554107666,1.1592857837677002,1.1587486267089844,1.1590172052383423,0
2026-09-02T18:00:00Z,1.1590172052383423,1.159151554107666,1.1587486267089844,1.1588828563690186,0
2026-09-02T19:00:00Z,1.1588828563690186,1.1590172052383423,1.1586142778396606,1.1590172052383423,0
2026-09-02T20:00:00Z,1.159151554107666,1.1592857837677002,1.159151554107666,1.159151554107666,0
2026-09-02T21:00:00Z,1.1588828563690186,1.1592857837677002,1.1588828563690186,1.1592857837677002,0
2026-09-02T22:00:00Z,1.1592857837677002,1.1592857837677002,1.1588828563690186,1.1590172052383423,0
2026-09-02T23:00:00Z,1.1590172052383423,1.1590172052383423,1.1587486267089844,1.1588828563690186,0
2026-09-03T00:00:00Z,1.1587486267089844,1.1594202518463135,1.1587486267089844,1.1592857837677002,0
2026-09-03T01:00:00Z,1.1592857837677002,1.15968918800354,1.1588828563690186,1.1588828563690186,0
2026-09-03T02:00:00Z,1.1590172052383423,1.1598236560821533,1.1588828563690186,1.1594202518463135,0
2026-09-03T03:00:00Z,1.1595547199249268,1.160092830657959,1.1594202518463135,1.1599582433700562,0
2026-09-03T04:00:00Z,1.160092830657959,1.1603620052337646,1.1598236560821533,1.1598236560821533,0
2026-09-03T05:00:00Z,1.1599582433700562,1.1603620052337646,1.15968918800354,1.1603620052337646,0
2026-09-03T06:00:00Z,1.1603620052337646,1.161170482635498,1.1599582433700562,1.1607661247253418,0
2026-09-03T07:00:00Z,1.1609008312225342,1.1617100238800049,1.160496711730957,1.1607661247253418,0
2026-09-03T08:00:00Z,1.1606314182281494,1.161440134048462,1.1603620052337646,1.16130530834198,0
2026-09-03T09:00:00Z,1.161440134048462,1.161440134048462,1.160496711730957,1.1609008312225342,0
2026-09-03T10:00:00Z,1.1609008312225342,1.1609008312225342,1.160092830657959,1.1607661247253418,0
2026-09-03T11:00:00Z,1.1606314182281494,1.1617100238800049,1.160496711730957,1.1615750789642334,0
2026-09-03T12:00:00Z,1.161440134048462,1.1633317470550537,1.161170482635498,1.1629259586334229,0
2026-09-03T13:00:00Z,1.1629259586334229,1.1631964445114136,1.1621150970458984,1.163061261177063,0
2026-09-03T14:00:00Z,1.1626555919647217,1.1629259586334229,1.1617100238800049,1.1621150970458984,0
2026-09-03T15:00:00Z,1.16225004196167,1.163061261177063,1.1621150970458984,1.1626555919647217,0
2026-09-03T16:00:00Z,1.1626555919647217,1.1644154787063599,1.1626555919647217,1.1641442775726318,0
2026-09-03T17:00:00Z,1.1641442775726318,1.1641442775726318,1.163602590560913,1.163602590560913,0
2026-09-03T18:00:00Z,1.1637378931045532,1.1640088558197021,1.163602590560913,1.1637378931045532,0
2026-09-03T19:00:00Z,1.1637378931045532,1.1637378931045532,1.1629259586334229,1.1633317470550537,0
2026-09-03T20:00:00Z,1.1631964445114136,1.1633317470550537,1.1629259586334229,1.1629259586334229,0
2026-09-03T21:00:00Z,1.162520408630371,1.1633317470550537,1.162520408630371,1.163061261177063,0
2026-09-03T22:00:00Z,1.163061261177063,1.163061261177063,1.1626555919647217,1.1626555919647217,0
2026-09-03T23:00:00Z,1.1627906560897827,1.1631964445114136,1.1626555919647217,1.1631964445114136,0
2026-09-04T00:00:00Z,1.1631964445114136,1.1634671688079834,1.1629259586334229,1.1631964445114136,0
2026-09-04T01:00:00Z,1.1631964445114136,1.1634671688079834,1.163061261177063,1.1633317470550537,0
2026-09-04T02:00:00Z,1.1633317470550537,1.163602590560913,1.1629259586334229,1.163061261177063,0
2026-09-04T03:00:00Z,1.163061261177063,1.1631964445114136,1.1626555919647217,1.1626555919647217,0
2026-09-04T04:00:00Z,1.1626555919647217,1.163061261177063,1.1626555919647217,1.163061261177063,0
2026-09-04T05:00:00Z,1.1629259586334229,1.1631964445114136,1.1627906560897827,1.1631964445114136,0
2026-09-04T06:00:00Z,1.163061261177063,1.1633317470550537,1.163061261177063,1.163061261177063,0
2026-09-04T07:00:00Z,1.1631964445114136,1.1633317470550537,1.162520408630371,1.1626555919647217,0
2026-09-04T08:00:00Z,1.1626555919647217,1.1629259586334229,1.16225004196167,1.1627906560897827,0
2026-09-04T09:00:00Z,1.1626555919647217,1.1627906560897827,1.1619800329208374,1.1621150970458984,0
2026-09-04T10:00:00Z,1.1621150970458984,1.1626555919647217,1.1621150970458984,1.1623852252960205,0
2026-09-04T11:00:00Z,1.162520408630371,1.1626555919647217,1.1623852252960205,1.1623852252960205,0
2026-09-04T12:00:00Z,1.162520408630371,1.163061261177063,1.159151554107666,1.160496711730957,0
2026-09-04T13:00:00Z,1.1602274179458618,1.162520408630371,1.160092830657959,1.161440134048462,0
2026-09-04T14:00:00Z,1.16130530834198,1.1623852252960205,1.16130530834198,1.1619800329208374,0
2026-09-04T15:00:00Z,1.1618449687957764,1.1626555919647217,1.1617100238800049,1.1621150970458984,0
2026-09-04T16:00:00Z,1.16225004196167,1.1627906560897827,1.16225004196167,1.16225004196167,0
2026-09-04T17:00:00Z,1.16225004196167,1.16225004196167,1.1615750789642334,1.1615750789642334,0
2026-09-04T18:00:00Z,1.1617100238800049,1.1617100238800049,1.16130530834198,1.161440134048462,0
2026-09-04T19:00:00Z,1.161440134048462,1.1618449687957764,1.161440134048462,1.1617100238800049,0
2026-09-04T20:00:00Z,1.1617100238800049,1.1618449687957764,1.1615750789642334,1.1617100238800049,0
2026-09-04T21:00:00Z,1.1621150970458984,1.1621150970458984,1.1621150970458984,1.1621150970458984,0
2026-09-06T23:00:00Z,1.1617100238800049,1.1619800329208374,1.1617100238800049,1.1617100238800049,0
2026-09-07T00:00:00Z,1.1617100238800049,1.1623852252960205,1.1617100238800049,1.1621150970458984,0
2026-09-07T01:00:00Z,1.1621150970458984,1.1621150970458984,1.1617100238800049,1.1617100238800049,0
2026-09-07T02:00:00Z,1.1617100238800049,1.1617100238800049,1.161170482635498,1.16130530834198,0
2026-09-07T03:00:00Z,1.161170482635498,1.1615750789642334,1.161170482635498,1.161440134048462,0
2026-09-07T04:00:00Z,1.161440134048462,1.1615750789642334,1.161170482635498,1.1615750789642334,0
2026-09-07T05:00:00Z,1.161440134048462,1.1617100238800049,1.16130530834198,1.1617100238800049,0
2026-09-07T06:00:00Z,1.1615750789642334,1.16225004196167,1.161440134048462,1.1618449687957764,0
2026-09-07T07:00:00Z,1.1618449687957764,1.1626555919647217,1.161440134048462,1.1626555919647217,0
2026-09-07T08:00:00Z,1.1627906560897827,1.163873314857483,1.162520408630371,1.162520408630371,0
2026-09-07T09:00:00Z,1.162520408630371,1.1629259586334229,1.1623852252960205,1.1623852252960205,0
2026-09-07T10:00:00Z,1.1623852252960205,1.1629259586334229,1.1623852252960205,1.1627906560897827,0
2026-09-07T11:00:00Z,1.1627906560897827,1.1629259586334229,1.162520408630371,1.1626555919647217,0
2026-09-07T12:00:00Z,1.1627906560897827,1.1631964445114136,1.1623852252960205,1.1629259586334229,0
2026-09-07T13:00:00Z,1.1629259586334229,1.1633317470550537,1.1627906560897827,1.1631964445114136,0
2026-09-07T14:00:00Z,1.1631964445114136,1.163602590560913,1.163061261177063,1.1634671688079834,0
2026-09-07T15:00:00Z,1.1634671688079834,1.1634671688079834,1.163061261177063,1.163061261177063,0
2026-09-07T16:00:00Z,1.163061261177063,1.1633317470550537,1.1629259586334229,1.1631964445114136,0
2026-09-07T17:00:00Z,1.1631964445114136,1.1631964445114136,1.1627906560897827,1.1629259586334229,0
2026-09-07T18:00:00Z,1.1629259586334229,1.1629259586334229,1.1626555919647217,1.1626555919647217,0
2026-09-07T19:00:00Z,1.1626555919647217,1.1626555919647217,1.162520408630371,1.162520408630371,0
2026-09-07T20:00:00Z,1.162520408630371,1.1626555919647217,1.162520408630371,1.1626555919647217,0
2026-09-07T21:00:00Z,1.1629259586334229,1.1629259586334229,1.1623852252960205,1.1626555919647217,0
2026-09-07T22:00:00Z,1.1627906560897827,1.1629259586334229,1.1626555919647217,1.1629259586334229,0
2026-09-07T23:00:00Z,1.1629259586334229,1.1633317470550537,1.1629259586334229,1.163061261177063,0
2026-09-08T00:00:00Z,1.163061261177063,1.1634671688079834,1.1627906560897827,1.1629259586334229,0
2026-09-08T01:00:00Z,1.163061261177063,1.163602590560913,1.1629259586334229,1.163602590560913,0
2026-09-08T02:00:00Z,1.1637378931045532,1.1637378931045532,1.1627906560897827,1.1627906560897827,0
2026-09-08T03:00:00Z,1.1626555919647217,1.163061261177063,1.1626555919647217,1.1627906560897827,0
2026-09-08T04:00:00Z,1.1629259586334229,1.1629259586334229,1.1626555919647217,1.1627906560897827,0
2026-09-08T05:00:00Z,1.1627906560897827,1.1634671688079834,1.1626555919647217,1.1634671688079834,0
2026-09-08T06:00:00Z,1.1634671688079834,1.163873314857483,1.1623852252960205,1.162520408630371,0
2026-09-08T07:00:00Z,1.1623852252960205,1.1626555919647217,1.16130530834198,1.1615750789642334,0
2026-09-08T08:00:00Z,1.1615750789642334,1.1618449687957764,1.161170482635498,1.16130530834198,0
2026-09-08T09:00:00Z,1.16130530834198,1.1619800329208374,1.16130530834198,1.1617100238800049,0
2026-09-08T10:00:00Z,1.1617100238800049,1.1618449687957764,1.16130530834198,1.1617100238800049,0
2026-09-08T11:00:00Z,1.1615750789642334,1.16225004196167,1.161170482635498,1.1615750789642334,0
2026-09-08T12:00:00Z,1.1615750789642334,1.16225004196167,1.161440134048462,1.16225004196167,0
2026-09-08T13:00:00Z,1.1623852252960205,1.163061261177063,1.16225004196167,1.162520408630371,0
2026-09-08T14:00:00Z,1.1626555919647217,1.1634671688079834,1.16225004196167,1.1633317470550537,0
2026-09-08T15:00:00Z,1.1634671688079834,1.163602590560913,1.163061261177063,1.163061261177063,0
2026-09-08T16:00:00Z,1.1629259586334229,1.1629259586334229,1.1623852252960205,1.1626555919647217,0
2026-09-08T17:00:00Z,1.1627906560897827,1.163061261177063,1.1627906560897827,1.1629259586334229,0
2026-09-08T18:00:00Z,1.1629259586334229,1.1634671688079834,1.1626555919647217,1.1629259586334229,0
2026-09-08T19:00:00Z,1.1631964445114136,1.1633317470550537,1.1626555919647217,1.1626555919647217,0
2026-09-08T20:00:00Z,1.1626555919647217,1.1627906560897827,1.162520408630371,1.1626555919647217,0
2026-09-08T21:00:00Z,1.1631964445114136,1.1631964445114136,1.162520408630371,1.163061261177063,0
2026-09-08T22:00:00Z,1.1627906560897827,1.163061261177063,1.1627906560897827,1.1629259586334229,0
2026-09-08T23:00:00Z,1.1629259586334229,1.1631964445114136,1.1629259586334229,1.163061261177063,0
2026-09-09T00:00:00Z,1.1631964445114136,1.1634671688079834,1.1631964445114136,1.1634671688079834,0
2026-09-09T01:00:00Z,1.1634671688079834,1.163602590560913,1.163061261177063,1.1634671688079834,0
2026-09-09T02:00:00Z,1.1634671688079834,1.1634671688079834,1.1631964445114136,1.1634671688079834,0
2026-09-09T03:00:00Z,1.1634671688079834,1.163602590560913,1.1633317470550537,1.1633317470550537,0
2026-09-09T04:00:00Z,1.1633317470550537,1.163602590560913,1.1633317470550537,1.163602590560913,0
2026-09-09T05:00:00Z,1.163602590560913,1.1640088558197021,1.163602590560913,1.163873314857483,0
2026-09-09T06:00:00Z,1.163873314857483,1.1648223400115967,1.163873314857483,1.1642799377441406,0
2026-09-09T07:00:00Z,1.1642799377441406,1.1652295589447021,1.1641442775726318,1.1645511388778687,0
2026-09-09T08:00:00Z,1.1645511388778687,1.1645511388778687,1.163602590560913,1.163602590560913,0
2026-09-09T09:00:00Z,1.163602590560913,1.1637378931045532,1.1626555919647217,1.1626555919647217,0
2026-09-09T10:00:00Z,1.1627906560897827,1.163602590560913,1.162520408630371,1.1633317470550537,0
2026-09-09T11:00:00Z,1.1633317470550537,1.1650937795639038,1.1633317470550537,1.164958119392395,0
2026-09-09T12:00:00Z,1.1650937795639038,1.1656370162963867,1.164686679840088,1.164958119392395,0
2026-09-09T13:00:00Z,1.164958119392395,1.1653653383255005,1.1648223400115967,1.164958119392395,0
2026-09-09T14:00:00Z,1.1650937795639038,1.1656370162963867,1.1648223400115967,1.1650937795639038,0
2026-09-09T15:00:00Z,1.1650937795639038,1.1650937795639038,1.1623852252960205,1.163061261177063,0
2026-09-09T16:00:00Z,1.163061261177063,1.1642799377441406,1.163061261177063,1.163873314857483,0
2026-09-09T17:00:00Z,1.163873314857483,1.1644154787063599,1.163873314857483,1.1641442775726318,0
2026-09-09T18:00:00Z,1.1642799377441406,1.1642799377441406,1.1631964445114136,1.1631964445114136,0
2026-09-09T19:00:00Z,1.1633317470550537,1.1634671688079834,1.1629259586334229,1.1634671688079834,0
2026-09-09T20:00:00Z,1.1633317470550537,1.163602590560913,1.1631964445114136,1.163602590560913,0
2026-09-09T21:00:00Z,1.1626555919647217,1.1641442775726318,1.162520408630371,1.163873314857483,0
2026-09-09T22:00:00Z,1.1640088558197021,1.1641442775726318,1.1637378931045532,1.1641442775726318,0
2026-09-09T23:00:00Z,1.1641442775726318,1.1641442775726318,1.1637378931045532,1.1637378931045532,0
2026-09-10T00:00:00Z,1.163602590560913,1.1637378931045532,1.1633317470550537,1.1634671688079834,0
2026-09-10T01:00:00Z,1.163602590560913,1.1642799377441406,1.1634671688079834,1.1642799377441406,0
2026-09-10T02:00:00Z,1.1642799377441406,1.1644154787063599,1.1637378931045532,1.1642799377441406,0
2026-09-10T03:00:00Z,1.1642799377441406,1.1642799377441406,1.1640088558197021,1.1641442775726318,0
2026-09-10T04:00:00Z,1.1641442775726318,1.1642799377441406,1.1640088558197021,1.1640088558197021,0
2026-09-10T05:00:00Z,1.1641442775726318,1.1644154787063599,1.1640088558197021,1.1642799377441406,0
2026-09-10T06:00:00Z,1.1642799377441406,1.1642799377441406,1.1640088558197021,1.1642799377441406,0
2026-09-10T07:00:00Z,1.1642799377441406,1.1644154787063599,1.163873314857483,1.1642799377441406,0
2026-09-10T08:00:00Z,1.1642799377441406,1.1642799377441406,1.163873314857483,1.1641442775726318,0
2026-09-10T09:00:00Z,1.1641442775726318,1.1642799377441406,1.163602590560913,1.1637378931045532,0
2026-09-10T10:00:00Z,1.1637378931045532,1.1641442775726318,1.1627906560897827,1.1631964445114136,0
2026-09-10T11:00:00Z,1.163061261177063,1.1631964445114136,1.1619800329208374,1.1619800329208374,0
2026-09-10T12:00:00Z,1.1621150970458984,1.1627906560897827,1.15968918800354,1.1607661247253418,0
2026-09-10T13:00:00Z,1.1609008312225342,1.1621150970458984,1.1602274179458618,1.1615750789642334,0
2026-09-10T14:00:00Z,1.1617100238800049,1.1631964445114136,1.1617100238800049,1.1631964445114136,0
2026-09-10T15:00:00Z,1.1631964445114136,1.1634671688079834,1.1627906560897827,1.163061261177063,0
2026-09-10T16:00:00Z,1.163061261177063,1.1631964445114136,1.16225004196167,1.16225004196167,0
2026-09-10T17:00:00Z,1.16225004196167,1.1626555919647217,1.1619800329208374,1.16225004196167,0
2026-09-10T18:00:00Z,1.16225004196167,1.16225004196167,1.1615750789642334,1.1615750789642334,0
2026-09-10T19:00:00Z,1.1617100238800049,1.1617100238800049,1.16130530834198,1.161440134048462,0
2026-09-10T20:00:00Z,1.16130530834198,1.1615750789642334,1.1609008312225342,1.1615750789642334,0
2026-09-10T21:00:00Z,1.1615750789642334,1.1619800329208374,1.1607661247253418,1.16130530834198,0
2026-09-10T22:00:00Z,1.1610356569290161,1.161440134048462,1.1610356569290161,1.161440134048462,0
2026-09-10T23:00:00Z,1.16130530834198,1.161440134048462,1.161170482635498,1.161440134048462,0
2026-09-11T00:00:00Z,1.161440134048462,1.1618449687957764,1.161440134048462,1.1618449687957764,0
2026-09-11T01:00:00Z,1.1618449687957764,1.1621150970458984,1.161440134048462,1.1615750789642334,0
2026-09-11T02:00:00Z,1.1615750789642334,1.1615750789642334,1.1609008312225342,1.1610356569290161,0
2026-09-11T03:00:00Z,1.1610356569290161,1.161170482635498,1.1603620052337646,1.160496711730957,0
2026-09-11T04:00:00Z,1.160496711730957,1.161170482635498,1.1603620052337646,1.1607661247253418,0
2026-09-11T05:00:00Z,1.1607661247253418,1.1617100238800049,1.1607661247253418,1.16130530834198,0
2026-09-11T06:00:00Z,1.16130530834198,1.1617100238800049,1.16130530834198,1.16130530834198,0
2026-09-11T07:00:00Z,1.161440134048462,1.161440134048462,1.160496711730957,1.1607661247253418,0
2026-09-11T08:00:00Z,1.1609008312225342,1.161170482635498,1.1602274179458618,1.1602274179458618,0
2026-09-11T09:00:00Z,1.1603620052337646,1.160496711730957,1.1599582433700562,1.1599582433700562,0
2026-09-11T10:00:00Z,1.1599582433700562,1.160092830657959,1.1594202518463135,1.1595547199249268,0
2026-09-11T11:00:00Z,1.1595547199249268,1.1598236560821533,1.1594202518463135,1.1594202518463135,0
2026-09-11T12:00:00Z,1.1595547199249268,1.1606314182281494,1.1574074029922485,1.160496711730957,0
2026-09-11T13:00:00Z,1.1606314182281494,1.1615750789642334,1.1603620052337646,1.1615750789642334,0
2026-09-11T14:00:00Z,1.16130530834198,1.1618449687957764,1.1610356569290161,1.1618449687957764,0
2026-09-11T15:00:00Z,1.1617100238800049,1.1618449687957764,1.1603620052337646,1.1606314182281494,0
2026-09-11T16:00:00Z,1.1606314182281494,1.1610356569290161,1.1602274179458618,1.1603620052337646,0
2026-09-11T17:00:00Z,1.1602274179458618,1.1603620052337646,1.1599582433700562,1.160092830657959,0
2026-09-11T18:00:00Z,1.160092830657959,1.1602274179458618,1.1595547199249268,1.1599582433700562,0
2026-09-11T19:00:00Z,1.1598236560821533,1.160092830657959,1.15968918800354,1.1599582433700562,0
2026-09-11T20:00:00Z,1.1599582433700562,1.160092830657959,1.1595547199249268,1.1599582433700562,0
2026-09-11T21:00:00Z,1.1602274179458618,1.1602274179458618,1.1602274179458618,1.1602274179458618,0
2026-09-13T23:00:00Z,1.1594202518463135,1.15968918800354,1.1592857837677002,1.15968918800354,0
2026-09-14T00:00:00Z,1.15968918800354,1.1599582433700562,1.1588828563690186,1.159151554107666,0
2026-09-14T01:00:00Z,1.159151554107666,1.1592857837677002,1.1587486267089844,1.1588828563690186,0
2026-09-14T02:00:00Z,1.1588828563690186,1.159151554107666,1.1584800481796265,1.1584800481796265,0
2026-09-14T03:00:00Z,1.1584800481796265,1.1584800481796265,1.157273530960083,1.1574074029922485,0
2026-09-14T04:00:00Z,1.1574074029922485,1.1574074029922485,1.1566041707992554,1.1568717956542969,0
2026-09-14T05:00:00Z,1.1568717956542969,1.1574074029922485,1.156738042831421,1.157273530960083,0
2026-09-14T06:00:00Z,1.157273530960083,1.157273530960083,1.155401587486267,1.1556684970855713,0
2026-09-14T07:00:00Z,1.1556684970855713,1.1560693979263306,1.1547343730926514,1.1548677682876587,0
2026-09-14T08:00:00Z,1.1547343730926514,1.1547343730926514,1.1538017988204956,1.1542012691497803,0
2026-09-14T09:00:00Z,1.154334545135498,1.1547343730926514,1.1539349555969238,1.1544678211212158,0
2026-09-14T10:00:00Z,1.1544678211212158,1.1544678211212158,1.154068112373352,1.154334545135498,0
2026-09-14T11:00:00Z,1.154334545135498,1.1552680730819702,1.154334545135498,1.1551345586776733,0
2026-09-14T12:00:00Z,1.1551345586776733,1.1555349826812744,1.15340256690979,1.1535356044769287,0
2026-09-14T13:00:00Z,1.1535356044769287,1.154068112373352,1.1527377367019653,1.1528706550598145,0
2026-09-14T14:00:00Z,1.1528706550598145,1.1546010971069336,1.1527377367019653,1.154068112373352,0
2026-09-14T15:00:00Z,1.154068112373352,1.1552680730819702,1.1539349555969238,1.1551345586776733,0
2026-09-14T16:00:00Z,1.1552680730819702,1.156738042831421,1.1551345586776733,1.156336784362793,0
2026-09-14T17:00:00Z,1.1564704179763794,1.1564704179763794,1.1558021306991577,1.1559356451034546,0
2026-09-14T18:00:00Z,1.1559356451034546,1.156203031539917,1.1559356451034546,1.1559356451034546,0
2026-09-14T19:00:00Z,1.1560693979263306,1.1560693979263306,1.1551345586776733,1.1551345586776733,0
2026-09-14T20:00:00Z,1.155001163482666,1.155401587486267,1.1548677682876587,1.1551345586776733,0
2026-09-14T21:00:00Z,1.155001163482666,1.1558021306991577,1.1547343730926514,1.155401587486267,0
2026-09-14T22:00:00Z,1.155401587486267,1.1555349826812744,1.1552680730819702,1.1555349826812744,0
2026-09-14T23:00:00Z,1.1555349826812744,1.1555349826812744,1.155001163482666,1.1551345586776733,0
2026-09-15T00:00:00Z,1.1551345586776733,1.1551345586776733,1.1546010971069336,1.1547343730926514,0
2026-09-15T01:00:00Z,1.1546010971069336,1.1547343730926514,1.154068112373352,1.1542012691497803,0
2026-09-15T02:00:00Z,1.1542012691497803,1.1544678211212158,1.1539349555969238,1.154334545135498,0
2026-09-15T03:00:00Z,1.1544678211212158,1.1544678211212158,1.154068112373352,1.154068112373352,0
2026-09-15T04:00:00Z,1.154068112373352,1.1542012691497803,1.1538017988204956,1.154068112373352,0
2026-09-15T05:00:00Z,1.154068112373352,1.154068112373352,1.1536686420440674,1.1538017988204956,0
2026-09-15T06:00:00Z,1.1538017988204956,1.1538017988204956,1.1530035734176636,1.1538017988204956,0
2026-09-15T07:00:00Z,1.1538017988204956,1.154334545135498,1.1536686420440674,1.154334545135498,0
2026-09-15T08:00:00Z,1.1544678211212158,1.1544678211212158,1.1536686420440674,1.1536686420440674,0
2026-09-15T09:00:00Z,1.1538017988204956,1.1542012691497803,1.1535356044769287,1.154068112373352,0
2026-09-15T10:00:00Z,1.1542012691497803,1.154334545135498,1.1538017988204956,1.1538017988204956,0
2026-09-15T11:00:00Z,1.1538017988204956,1.1546010971069336,1.1538017988204956,1.1544678211212158,0
2026-09-15T12:00:00Z,1.154334545135498,1.1552680730819702,1.1542012691497803,1.155001163482666,0
2026-09-15T13:00:00Z,1.155001163482666,1.155401587486267,1.1542012691497803,1.1552680730819702,0
2026-09-15T14:00:00Z,1.1552680730819702,1.155401587486267,1.1544678211212158,1.1546010971069336,0
2026-09-15T15:00:00Z,1.1546010971069336,1.1548677682876587,1.1542012691497803,1.1544678211212158,0
2026-09-15T16:00:00Z,1.1544678211212158,1.1546010971069336,1.1542012691497803,1.1546010971069336,0
2026-09-15T17:00:00Z,1.1547343730926514,1.1547343730926514,1.154068112373352,1.154068112373352,0
2026-09-15T18:00:00Z,1.154068112373352,1.1547343730926514,1.1539349555969238,1.1546010971069336,0
2026-09-15T19:00:00Z,1.1546010971069336,1.1546010971069336,1.154334545135498,1.1544678211212158,0
2026-09-15T20:00:00Z,1.1544678211212158,1.1546010971069336,1.1542012691497803,1.1546010971069336,0
2026-09-15T21:00:00Z,1.1539349555969238,1.1551345586776733,1.1536686420440674,1.154334545135498,0
2026-09-15T22:00:00Z,1.1546010971069336,1.1548677682876587,1.154334545135498,1.154334545135498,0
2026-09-15T23:00:00Z,1.1542012691497803,1.1542012691497803,1.1538017988204956,1.1539349555969238,0
2026-09-16T00:00:00Z,1.154068112373352,1.1542012691497803,1.1536686420440674,1.1539349555969238,0
2026-09-16T01:00:00Z,1.1539349555969238,1.1539349555969238,1.1535356044769287,1.1536686420440674,0
2026-09-16T02:00:00Z,1.1535356044769287,1.1546010971069336,1.1535356044769287,1.1546010971069336,0
2026-09-16T03:00:00Z,1.1546010971069336,1.1547343730926514,1.154334545135498,1.1544678211212158,0
2026-09-16T04:00:00Z,1.1544678211212158,1.155001163482666,1.1544678211212158,1.1547343730926514,0
2026-09-16T05:00:00Z,1.1548677682876587,1.155401587486267,1.1547343730926514,1.1552680730819702,0
2026-09-16T06:00:00Z,1.1552680730819702,1.155401587486267,1.1547343730926514,1.1551345586776733,0
2026-09-16T07:00:00Z,1.1551345586776733,1.1559356451034546,1.155001163482666,1.1551345586776733,0
2026-09-16T08:00:00Z,1.1551345586776733,1.1551345586776733,1.1542012691497803,1.154334545135498,0
2026-09-16T09:00:00Z,1.154334545135498,1.1547343730926514,1.1542012691497803,1.1542012691497803,0
2026-09-16T10:00:00Z,1.154334545135498,1.154334545135498,1.1538017988204956,1.1539349555969238,0
2026-09-16T11:00:00Z,1.154068112373352,1.154334545135498,1.1535356044769287,1.1538017988204956,0
2026-09-16T12:00:00Z,1.1539349555969238,1.1542012691497803,1.15340256690979,1.1538017988204956,0
2026-09-16T13:00:00Z,1.1539349555969238,1.1542012691497803,1.1535356044769287,1.1535356044769287,0
2026-09-16T14:00:00Z,1.1536686420440674,1.154334545135498,1.15340256690979,1.1542012691497803,0
2026-09-16T15:00:00Z,1.154334545135498,1.1546010971069336,1.1538017988204956,1.154068112373352,0
2026-09-16T16:00:00Z,1.154068112373352,1.1542012691497803,1.1538017988204956,1.1538017988204956,0
2026-09-16T17:00:00Z,1.1538017988204956,1.1542012691497803,1.15340256690979,1.1542012691497803,0
2026-09-16T18:00:00Z,1.1532695293426514,1.1532695293426514,1.147315263748169,1.147315263748169,0
2026-09-16T19:00:00Z,1.1479737758636475,1.148369312286377,1.1466574668884277,1.1475785970687866,0
2026-09-16T20:00:00Z,1.1475785970687866,1.1475785970687866,1.1465259790420532,1.1466574668884277,0
2026-09-16T21:00:00Z,1.1469204425811768,1.147446870803833,1.1461317539215088,1.1465259790420532,0
2026-09-16T22:00:00Z,1.1466574668884277,1.1471836566925049,1.1465259790420532,1.1470520496368408,0
2026-09-16T23:00:00Z,1.1469204425811768,1.147315263748169,1.1469204425811768,1.1471836566925049,0
2026-09-17T00:00:00Z,1.1470520496368408,1.1475785970687866,1.1462632417678833,1.1462632417678833,0
2026-09-17T01:00:00Z,1.1462632417678833,1.1467890739440918,1.1461317539215088,1.1461317539215088,0
2026-09-17T02:00:00Z,1.1462632417678833,1.1465259790420532,1.1460003852844238,1.1461317539215088,0
2026-09-17T03:00:00Z,1.1462632417678833,1.1463946104049683,1.1460003852844238,1.1463946104049683,0
2026-09-17T04:00:00Z,1.1462632417678833,1.1470520496368408,1.1462632417678833,1.1469204425811768,0
2026-09-17T05:00:00Z,1.1470520496368408,1.1470520496368408,1.1466574668884277,1.1469204425811768,0
2026-09-17T06:00:00Z,1.1469204425811768,1.1486331224441528,1.1469204425811768,1.148369312286377,0
2026-09-17T07:00:00Z,1.148369312286377,1.148369312286377,1.147315263748169,1.1477103233337402,0
2026-09-17T08:00:00Z,1.1477103233337402,1.1477103233337402,1.1470520496368408,1.1477103233337402,0
2026-09-17T09:00:00Z,1.1477103233337402,1.1481056213378906,1.1475785970687866,1.1475785970687866,0
2026-09-17T10:00:00Z,1.1475785970687866,1.148369312286377,1.1475785970687866,1.1481056213378906,0
2026-09-17T11:00:00Z,1.1482374668121338,1.1482374668121338,1.1471836566925049,1.1477103233337402,0
2026-09-17T12:00:00Z,1.1475785970687866,1.1499539613723755,1.1475785970687866,1.1494252681732178,0
2026-09-17T13:00:00Z,1.1495574712753296,1.1495574712753296,1.1488970518112183,1.1492931842803955,0
2026-09-17T14:00:00Z,1.1491611003875732,1.1500862836837769,1.1488970518112183,1.1488970518112183,0
2026-09-17T15:00:00Z,1.1488970518112183,1.1490291357040405,1.1478420495986938,1.1482374668121338,0
2026-09-17T16:00:00Z,1.1482374668121338,1.1482374668121338,1.1478420495986938,1.1479737758636475,0
2026-09-17T17:00:00Z,1.1479737758636475,1.1481056213378906,1.1477103233337402,1.1479737758636475,0
2026-09-17T18:00:00Z,1.1481056213378906,1.1481056213378906,1.1477103233337402,1.1478420495986938,0
2026-09-17T19:00:00Z,1.1478420495986938,1.148369312286377,1.1478420495986938,1.1482374668121338,0
2026-09-17T20:00:00Z,1.1482374668121338,1.1482374668121338,1.1477103233337402,1.1479737758636475,0
2026-09-17T21:00:00Z,1.148369312286377,1.1485011577606201,1.1478420495986938,1.1481056213378906,0
2026-09-17T22:00:00Z,1.1481056213378906,1.1481056213378906,1.1478420495986938,1.1481056213378906,0
2026-09-17T23:00:00Z,1.1481056213378906,1.1482374668121338,1.1478420495986938,1.1478420495986938,0
2026-09-18T00:00:00Z,1.1478420495986938,1.148369312286377,1.1478420495986938,1.148369312286377,0
2026-09-18T01:00:00Z,1.148369312286377,1.1486331224441528,1.1481056213378906,1.1486331224441528,0
2026-09-18T02:00:00Z,1.1485011577606201,1.1485011577606201,1.1481056213378906,1.1481056213378906,0
2026-09-18T03:00:00Z,1.148369312286377,1.1491611003875732,1.1482374668121338,1.1491611003875732,0
2026-09-18T04:00:00Z,1.1494252681732178,1.1495574712753296,1.1490291357040405,1.1490291357040405,0
2026-09-18T05:00:00Z,1.1490291357040405,1.1490291357040405,1.1482374668121338,1.1482374668121338,0
2026-09-18T06:00:00Z,1.1482374668121338,1.1487650871276855,1.1482374668121338,1.1486331224441528,0
2026-09-18T07:00:00Z,1.1486331224441528,1.1490291357040405,1.1482374668121338,1.1488970518112183,0
2026-09-18T08:00:00Z,1.1487650871276855,1.1494252681732178,1.1481056213378906,1.1486331224441528,0
2026-09-18T09:00:00Z,1.1485011577606201,1.1490291357040405,1.1485011577606201,1.1486331224441528,0
2026-09-18T10:00:00Z,1.1487650871276855,1.1487650871276855,1.147446870803833,1.1475785970687866,0
2026-09-18T11:00:00Z,1.1477103233337402,1.1479737758636475,1.1461317539215088,1.1463946104049683,0
2026-09-18T12:00:00Z,1.1463946104049683,1.147315263748169,1.1458691358566284,1.1471836566925049,0
2026-09-18T13:00:00Z,1.1471836566925049,1.1471836566925049,1.1462632417678833,1.1462632417678833,0
2026-09-18T14:00:00Z,1.1462632417678833,1.1467890739440918,1.1462632417678833,1.1465259790420532,0
2026-09-18T15:00:00Z,1.1465259790420532,1.1471836566925049,1.1462632417678833,1.1467890739440918,0
2026-09-18T16:00:00Z,1.1466574668884277,1.1478420495986938,1.1466574668884277,1.1477103233337402,0
2026-09-18T17:00:00Z,1.1477103233337402,1.1488970518112183,1.1477103233337402,1.148369312286377,0
2026-09-18T18:00:00Z,1.148369312286377,1.1486331224441528,1.148369312286377,1.1486331224441528,0
2026-09-18T19:00:00Z,1.1487650871276855,1.1492931842803955,1.1486331224441528,1.1488970518112183,0
2026-09-18T20:00:00Z,1.1490291357040405,1.1491611003875732,1.1488970518112183,1.1490291357040405,0
2026-09-18T21:00:00Z,1.1488970518112183,1.1488970518112183,1.1488970518112183,1.1488970518112183,0
2026-09-20T23:00:00Z,1.148369312286377,1.148369312286377,1.1481056213378906,1.1481056213378906,0
2026-09-21T00:00:00Z,1.1482374668121338,1.1487650871276855,1.1481056213378906,1.1485011577606201,0
2026-09-21T01:00:00Z,1.1485011577606201,1.1488970518112183,1.148369312286377,1.1486331224441528,0
2026-09-21T02:00:00Z,1.1486331224441528,1.1486331224441528,1.1479737758636475,1.1479737758636475,0
2026-09-21T03:00:00Z,1.1481056213378906,1.1481056213378906,1.1478420495986938,1.1478420495986938,0
2026-09-21T04:00:00Z,1.1478420495986938,1.1481056213378906,1.1477103233337402,1.1478420495986938,0
2026-09-21T05:00:00Z,1.1478420495986938,1.1481056213378906,1.1475785970687866,1.1477103233337402,0
2026-09-21T06:00:00Z,1.1477103233337402,1.1482374668121338,1.147446870803833,1.1478420495986938,0
2026-09-21T07:00:00Z,1.1477103233337402,1.1482374668121338,1.147446870803833,1.1479737758636475,0
2026-09-21T08:00:00Z,1.1479737758636475,1.1488970518112183,1.1478420495986938,1.148369312286377,0
2026-09-21T09:00:00Z,1.148369312286377,1.148369312286377,1.1481056213378906,1.148369312286377,0
2026-09-21T10:00:00Z,1.1482374668121338,1.1487650871276855,1.1482374668121338,1.148369312286377,0
2026-09-21T11:00:00Z,1.148369312286377,1.1494252681732178,1.148369312286377,1.1492931842803955,0
2026-09-21T12:00:00Z,1.1492931842803955,1.1498217582702637,1.1487650871276855,1.1488970518112183,0
2026-09-21T13:00:00Z,1.1490291357040405,1.1490291357040405,1.1475785970687866,1.1475785970687866,0
2026-09-21T14:00:00Z,1.1475785970687866,1.1478420495986938,1.1470520496368408,1.1475785970687866,0
2026-09-21T15:00:00Z,1.1475785970687866,1.1475785970687866,1.1470520496368408,1.1470520496368408,0
2026-09-21T16:00:00Z,1.1470520496368408,1.1475785970687866,1.1470520496368408,1.1471836566925049,0
2026-09-21T17:00:00Z,1.147315263748169,1.147315263748169,1.1469204425811768,1.1469204425811768,0
2026-09-21T18:00:00Z,1.1469204425811768,1.1470520496368408,1.1465259790420532,1.1467890739440918,0
2026-09-21T19:00:00Z,1.1467890739440918,1.1471836566925049,1.1467890739440918,1.1467890739440918,0
2026-09-21T20:00:00Z,1.1467890739440918,1.1469204425811768,1.1466574668884277,1.1467890739440918,0
2026-09-21T21:00:00Z,1.1471836566925049,1.147446870803833,1.1466574668884277,1.1470520496368408,0
2026-09-21T22:00:00Z,1.1469204425811768,1.1469204425811768,1.1466574668884277,1.1467890739440918,0
2026-09-21T23:00:00Z,1.1467890739440918,1.1467890739440918,1.1466574668884277,1.1467890739440918,0
2026-09-22T00:00:00Z,1.1466574668884277,1.147446870803833,1.1466574668884277,1.147315263748169,0
2026-09-22T01:00:00Z,1.147446870803833,1.147446870803833,1.1466574668884277,1.1467890739440918,0
2026-09-22T02:00:00Z,1.1467890739440918,1.147446870803833,1.1466574668884277,1.147315263748169,0
2026-09-22T03:00:00Z,1.147315263748169,1.1478420495986938,1.1471836566925049,1.1477103233337402,0
2026-09-22T04:00:00Z,1.1477103233337402,1.1481056213378906,1.1475785970687866,1.1481056213378906,0
2026-09-22T05:00:00Z,1.1481056213378906,1.1481056213378906,1.147446870803833,1.147446870803833,0
2026-09-22T06:00:00Z,1.147446870803833,1.147446870803833,1.1462632417678833,1.1467890739440918,0
2026-09-22T07:00:00Z,1.1466574668884277,1.1467890739440918,1.145213007926941,1.145213007926941,0
2026-09-22T08:00:00Z,1.1449507474899292,1.1467890739440918,1.1437721252441406,1.1461317539215088,0
2026-09-22T09:00:00Z,1.1460003852844238,1.1469204425811768,1.145081877708435,1.1469204425811768,0
2026-09-22T10:00:00Z,1.1469204425811768,1.147315263748169,1.1463946104049683,1.1470520496368408,0
2026-09-22T11:00:00Z,1.1469204425811768,1.1470520496368408,1.1462632417678833,1.1465259790420532,0
2026-09-22T12:00:00Z,1.1466574668884277,1.1469204425811768,1.1458691358566284,1.1460003852844238,0
2026-09-22T13:00:00Z,1.1460003852844238,1.1462632417678833,1.1456066370010376,1.145737886428833,0
2026-09-22T14:00:00Z,1.145737886428833,1.145737886428833,1.1442956924438477,1.1445575952529907,0
2026-09-22T15:00:00Z,1.1445575952529907,1.144688606262207,1.143379807472229,1.1435105800628662,0
2026-09-22T16:00:00Z,1.1435105800628662,1.144164800643921,1.1432491540908813,1.1440337896347046,0
2026-09-22T17:00:00Z,1.1439030170440674,1.144426703453064,1.143379807472229,1.1442956924438477,0
2026-09-22T18:00:00Z,1.1442956924438477,1.144688606262207,1.144164800643921,1.1445575952529907,0
2026-09-22T19:00:00Z,1.1445575952529907,1.145737886428833,1.1445575952529907,1.145081877708435,0
2026-09-22T20:00:00Z,1.145081877708435,1.1454753875732422,1.145081877708435,1.145081877708435,0
2026-09-22T21:00:00Z,1.144819736480713,1.1454753875732422,1.144819736480713,1.145213007926941,0
2026-09-22T22:00:00Z,1.145213007926941,1.145213007926941,1.1449507474899292,1.1449507474899292,0
2026-09-22T23:00:00Z,1.145081877708435,1.145213007926941,1.1449507474899292,1.145081877708435,0
2026-09-23T00:00:00Z,1.145081877708435,1.145213007926941,1.144819736480713,1.1449507474899292,0
2026-09-23T01:00:00Z,1.1449507474899292,1.1449507474899292,1.144164800643921,1.144164800643921,0
2026-09-23T02:00:00Z,1.144164800643921,1.144164800643921,1.1436413526535034,1.1437721252441406,0
2026-09-23T03:00:00Z,1.1436413526535034,1.1437721252441406,1.1431183815002441,1.1431183815002441,0
2026-09-23T04:00:00Z,1.142987847328186,1.143379807472229,1.1428571939468384,1.142987847328186,0
2026-09-23T05:00:00Z,1.142987847328186,1.1432491540908813,1.1427265405654907,1.1428571939468384,0
2026-09-23T06:00:00Z,1.1428571939468384,1.1431183815002441,1.1425960063934326,1.1427265405654907,0
2026-09-23T07:00:00Z,1.1427265405654907,1.1428571939468384,1.1420739889144897,1.1420739889144897,0
2026-09-23T08:00:00Z,1.1422044038772583,1.1425960063934326,1.141422152519226,1.1422044038772583,0
2026-09-23T09:00:00Z,1.1420739889144897,1.1422044038772583,1.1411616802215576,1.1411616802215576,0
2026-09-23T10:00:00Z,1.1411616802215576,1.1419435739517212,1.1410315036773682,1.1419435739517212,0
2026-09-23T11:00:00Z,1.1419435739517212,1.1423349380493164,1.1407711505889893,1.1415525674819946,0
2026-09-23T12:00:00Z,1.141422152519226,1.1415525674819946,1.140380859375,1.1411616802215576,0
2026-09-23T13:00:00Z,1.1411616802215576,1.1419435739517212,1.1394712924957275,1.1401208639144897,0
2026-09-23T14:00:00Z,1.1401208639144897,1.1407711505889893,1.1388224363327026,1.140380859375,0
2026-09-23T15:00:00Z,1.1405109167099,1.1405109167099,1.1390818357467651,1.1397310495376587,0
2026-09-23T16:00:00Z,1.1396011114120483,1.1398608684539795,1.138044834136963,1.1381744146347046,0
2026-09-23T17:00:00Z,1.138044834136963,1.1396011114120483,1.1373976469039917,1.1396011114120483,0
2026-09-23T18:00:00Z,1.1394712924957275,1.1396011114120483,1.1384334564208984,1.1389521360397339,0
2026-09-23T19:00:00Z,1.1389521360397339,1.139211654663086,1.1385631561279297,1.1388224363327026,0
2026-09-23T20:00:00Z,1.1388224363327026,1.1390818357467651,1.1384334564208984,1.1386927366256714,0
2026-09-23T21:00:00Z,1.1383039951324463,1.139211654663086,1.1381744146347046,1.1386927366256714,0
2026-09-23T22:00:00Z,1.1386927366256714,1.1389521360397339,1.1386927366256714,1.1388224363327026,0
2026-09-23T23:00:00Z,1.1388224363327026,1.1388224363327026,1.1383039951324463,1.1384334564208984,0
2026-09-24T00:00:00Z,1.1385631561279297,1.1386927366256714,1.1375269889831543,1.1379153728485107,0
2026-09-24T01:00:00Z,1.1379153728485107,1.1385631561279297,1.1379153728485107,1.1379153728485107,0
2026-09-24T02:00:00Z,1.1379153728485107,1.1386927366256714,1.137268304824829,1.1386927366256714,0
2026-09-24T03:00:00Z,1.1388224363327026,1.1389521360397339,1.138044834136963,1.138044834136963,0
2026-09-24T04:00:00Z,1.138044834136963,1.1388224363327026,1.1379153728485107,1.1388224363327026,0
2026-09-24T05:00:00Z,1.1386927366256714,1.1389521360397339,1.1379153728485107,1.1379153728485107,0
2026-09-24T06:00:00Z,1.138044834136963,1.1393414735794067,1.138044834136963,1.1388224363327026,0
2026-09-24T07:00:00Z,1.1389521360397339,1.1401208639144897,1.1386927366256714,1.1397310495376587,0
2026-09-24T08:00:00Z,1.1396011114120483,1.1401208639144897,1.1383039951324463,1.1385631561279297,0
2026-09-24T09:00:00Z,1.1384334564208984,1.1384334564208984,1.1375269889831543,1.1376564502716064,0
2026-09-24T10:00:00Z,1.1376564502716064,1.1379153728485107,1.1364928483963013,1.1376564502716064,0
2026-09-24T11:00:00Z,1.1376564502716064,1.1379153728485107,1.1370097398757935,1.1371389627456665,0
2026-09-24T12:00:00Z,1.1371389627456665,1.1377859115600586,1.1366219520568848,1.1377859115600586,0
2026-09-24T13:00:00Z,1.1377859115600586,1.138044834136963,1.1363636255264282,1.1376564502716064,0
2026-09-24T14:00:00Z,1.1375269889831543,1.1381744146347046,1.1375269889831543,1.1376564502716064,0
2026-09-24T15:00:00Z,1.1377859115600586,1.1377859115600586,1.1367511749267578,1.1375269889831543,0
2026-09-24T16:00:00Z,1.1376564502716064,1.1393414735794067,1.137268304824829,1.1383039951324463,0
2026-09-24T17:00:00Z,1.1381744146347046,1.1385631561279297,1.1368803977966309,1.1370097398757935,0
2026-09-24T18:00:00Z,1.1371389627456665,1.1377859115600586,1.1363636255264282,1.1377859115600586,0
2026-09-24T19:00:00Z,1.1376564502716064,1.1381744146347046,1.1375269889831543,1.138044834136963,0
2026-09-24T20:00:00Z,1.138044834136963,1.1384334564208984,1.1373976469039917,1.1383039951324463,0
2026-09-24T21:00:00Z,1.1386927366256714,1.1386927366256714,1.1376564502716064,1.1381744146347046,0
2026-09-24T22:00:00Z,1.1381744146347046,1.1383039951324463,1.1379153728485107,1.1381744146347046,0
2026-09-24T23:00:00Z,1.138044834136963,1.1381744146347046,1.1376564502716064,1.1376564502716064,0
2026-09-25T00:00:00Z,1.1376564502716064,1.1379153728485107,1.1373976469039917,1.1379153728485107,0
2026-09-25T01:00:00Z,1.1377859115600586,1.1385631561279297,1.1377859115600586,1.1377859115600586,0
2026-09-25T02:00:00Z,1.1379153728485107,1.1381744146347046,1.1375269889831543,1.1375269889831543,0
2026-09-25T03:00:00Z,1.1375269889831543,1.1375269889831543,1.1371389627456665,1.137268304824829,0
2026-09-25T04:00:00Z,1.137268304824829,1.1373976469039917,1.1371389627456665,1.1373976469039917,0
2026-09-25T05:00:00Z,1.1373976469039917,1.1379153728485107,1.137268304824829,1.1377859115600586,0
2026-09-25T06:00:00Z,1.1379153728485107,1.1393414735794067,1.1379153728485107,1.1389521360397339,0
2026-09-25T07:00:00Z,1.1389521360397339,1.1393414735794067,1.1381744146347046,1.1393414735794067,0
2026-09-25T08:00:00Z,1.1393414735794067,1.1397310495376587,1.1390818357467651,1.1394712924957275,0
2026-09-25T09:00:00Z,1.1394712924957275,1.1397310495376587,1.1390818357467651,1.1394712924957275,0
2026-09-25T10:00:00Z,1.1394712924957275,1.1402509212493896,1.1394712924957275,1.1401208639144897,0
2026-09-25T11:00:00Z,1.1401208639144897,1.1411616802215576,1.1401208639144897,1.1406410932540894,0
2026-09-25T12:00:00Z,1.1405109167099,1.1410315036773682,1.1402509212493896,1.1405109167099,0
2026-09-25T13:00:00Z,1.1405109167099,1.1410315036773682,1.1401208639144897,1.1405109167099,0
2026-09-25T14:00:00Z,1.1405109167099,1.1406410932540894,1.1399909257888794,1.140380859375,0
2026-09-25T15:00:00Z,1.1405109167099,1.1406410932540894,1.1389521360397339,1.1399909257888794,0
2026-09-25T16:00:00Z,1.140380859375,1.141291856765747,1.1394712924957275,1.1396011114120483,0
2026-09-25T17:00:00Z,1.1396011114120483,1.1397310495376587,1.1390818357467651,1.1393414735794067,0
2026-09-25T18:00:00Z,1.1394712924957275,1.140380859375,1.1393414735794067,1.1402509212493896,0
2026-09-25T19:00:00Z,1.140380859375,1.140380859375,1.1398608684539795,1.1398608684539795,0
2026-09-25T20:00:00Z,1.1398608684539795,1.1399909257888794,1.1394712924957275,1.1394712924957275,0
2026-09-25T21:00:00Z,1.139211654663086,1.139211654663086,1.139211654663086,1.139211654663086,0
2026-09-27T23:00:00Z,1.138044834136963,1.1383039951324463,1.1376564502716064,1.1381744146347046,0
2026-09-28T00:00:00Z,1.1381744146347046,1.1389521360397339,1.1381744146347046,1.1388224363327026,0
2026-09-28T01:00:00Z,1.1388224363327026,1.139211654663086,1.1386927366256714,1.139211654663086,0
2026-09-28T02:00:00Z,1.139211654663086,1.1393414735794067,1.1390818357467651,1.139211654663086,0
2026-09-28T03:00:00Z,1.139211654663086,1.1394712924957275,1.1388224363327026,1.1389521360397339,0
2026-09-28T04:00:00Z,1.1389521360397339,1.1393414735794067,1.1389521360397339,1.1389521360397339,0
2026-09-28T05:00:00Z,1.1389521360397339,1.139211654663086,1.1383039951324463,1.1385631561279297,0
2026-09-28T06:00:00Z,1.1384334564208984,1.1384334564208984,1.1379153728485107,1.138044834136963,0
2026-09-28T07:00:00Z,1.1377859115600586,1.1388224363327026,1.1375269889831543,1.1385631561279297,0
2026-09-28T08:00:00Z,1.1389521360397339,1.139211654663086,1.1377859115600586,1.1377859115600586,0
2026-09-28T09:00:00Z,1.1379153728485107,1.1381744146347046,1.1376564502716064,1.1377859115600586,0
2026-09-28T10:00:00Z,1.1377859115600586,1.1377859115600586,1.1370097398757935,1.1376564502716064,0
2026-09-28T11:00:00Z,1.1376564502716064,1.138044834136963,1.137268304824829,1.1377859115600586,0
2026-09-28T12:00:00Z,1.1377859115600586,1.1383039951324463,1.1370097398757935,1.1373976469039917,0
2026-09-28T13:00:00Z,1.1371389627456665,1.137268304824829,1.1361054182052612,1.1366219520568848,0
2026-09-28T14:00:00Z,1.1366219520568848,1.137268304824829,1.1358473300933838,1.1367511749267578,0
2026-09-28T15:00:00Z,1.1367511749267578,1.1373976469039917,1.1364928483963013,1.1370097398757935,0
2026-09-28T16:00:00Z,1.1368803977966309,1.1390818357467651,1.1367511749267578,1.1375269889831543,0
2026-09-28T17:00:00Z,1.1375269889831543,1.1386927366256714,1.137268304824829,1.138044834136963,0
2026-09-28T18:00:00Z,1.138044834136963,1.138044834136963,1.1371389627456665,1.1371389627456665,0
2026-09-28T19:00:00Z,1.1371389627456665,1.137268304824829,1.1368803977966309,1.1370097398757935,0
2026-09-28T20:00:00Z,1.1371389627456665,1.1375269889831543,1.1370097398757935,1.137268304824829,0
2026-09-28T21:00:00Z,1.1367511749267578,1.1373976469039917,1.1367511749267578,1.1373976469039917,0
2026-09-28T22:00:00Z,1.1375269889831543,1.1377859115600586,1.1373976469039917,1.1373976469039917,0
2026-09-28T23:00:00Z,1.1375269889831543,1.1375269889831543,1.1373976469039917,1.1373976469039917,0
2026-09-29T00:00:00Z,1.137268304824829,1.137268304824829,1.1366219520568848,1.1370097398757935,0
2026-09-29T01:00:00Z,1.1368803977966309,1.137268304824829,1.1368803977966309,1.1370097398757935,0
2026-09-29T02:00:00Z,1.1370097398757935,1.1375269889831543,1.1370097398757935,1.1371389627456665,0
2026-09-29T03:00:00Z,1.1371389627456665,1.1371389627456665,1.1362345218658447,1.1363636255264282,0
2026-09-29T04:00:00Z,1.1363636255264282,1.1367511749267578,1.1362345218658447,1.1363636255264282,0
2026-09-29T05:00:00Z,1.1363636255264282,1.1364928483963013,1.1358473300933838,1.1359764337539673,0
2026-09-29T06:00:00Z,1.1361054182052612,1.1368803977966309,1.1361054182052612,1.1363636255264282,0
2026-09-29T07:00:00Z,1.1364928483963013,1.1366219520568848,1.1346874237060547,1.1353315114974976,0
2026-09-29T08:00:00Z,1.1353315114974976,1.135589361190796,1.1346874237060547,1.1350737810134888,0
2026-09-29T09:00:00Z,1.1350737810134888,1.1350737810134888,1.1336582899093628,1.1337867975234985,0
2026-09-29T10:00:00Z,1.1337867975234985,1.1353315114974976,1.1337867975234985,1.1353315114974976,0
2026-09-29T11:00:00Z,1.1352026462554932,1.1357183456420898,1.1348161697387695,1.1354604959487915,0
2026-09-29T12:00:00Z,1.135589361190796,1.1361054182052612,1.1346874237060547,1.1346874237060547,0
2026-09-29T13:00:00Z,1.1349449157714844,1.1349449157714844,1.1343011856079102,1.1343011856079102,0
2026-09-29T14:00:00Z,1.134429931640625,1.1349449157714844,1.1341726779937744,1.1343011856079102,0
2026-09-29T15:00:00Z,1.1343011856079102,1.1343011856079102,1.133144497871399,1.1339154243469238,0
2026-09-29T16:00:00Z,1.1339154243469238,1.1339154243469238,1.131733775138855,1.131861925125122,0
2026-09-29T17:00:00Z,1.131733775138855,1.1322463750839233,1.131733775138855,1.131861925125122,0
2026-09-29T18:00:00Z,1.1326310634613037,1.1345586776733398,1.1326310634613037,1.134429931640625,0
2026-09-29T19:00:00Z,1.134429931640625,1.1345586776733398,1.1339154243469238,1.1341726779937744,0
2026-09-29T20:00:00Z,1.1341726779937744,1.1345586776733398,1.1337867975234985,1.134429931640625,0
2026-09-29T21:00:00Z,1.1343011856079102,1.1348161697387695,1.1341726779937744,1.1345586776733398,0
2026-09-29T22:00:00Z,1.1345586776733398,1.1346874237060547,1.1341726779937744,1.1341726779937744,0
2026-09-29T23:00:00Z,1.1341726779937744,1.134429931640625,1.1340440511703491,1.134429931640625,0
2026-09-30T00:00:00Z,1.134429931640625,1.134429931640625,1.1339154243469238,1.1343011856079102,0
2026-09-30T01:00:00Z,1.1343011856079102,1.1345586776733398,1.1337867975234985,1.1339154243469238,0
2026-09-30T02:00:00Z,1.1337867975234985,1.1345586776733398,1.1337867975234985,1.1343011856079102,0
2026-09-30T03:00:00Z,1.1343011856079102,1.1343011856079102,1.133529782295227,1.133529782295227,0
2026-09-30T04:00:00Z,1.133529782295227,1.1336582899093628,1.1332728862762451,1.133529782295227,0
2026-09-30T05:00:00Z,1.133529782295227,1.1348161697387695,1.133529782295227,1.1348161697387695,0
2026-09-30T06:00:00Z,1.1349449157714844,1.1359764337539673,1.1349449157714844,1.1353315114974976,0
2026-09-30T07:00:00Z,1.1353315114974976,1.1359764337539673,1.1345586776733398,1.1349449157714844,0
2026-09-30T08:00:00Z,1.1349449157714844,1.1362345218658447,1.1349449157714844,1.1362345218658447,0
2026-09-30T09:00:00Z,1.1359764337539673,1.1363636255264282,1.1354604959487915,1.1361054182052612,0
2026-09-30T10:00:00Z,1.1363636255264282,1.1366219520568848,1.1357183456420898,1.1363636255264282,0
2026-09-30T11:00:00Z,1.1362345218658447,1.1362345218658447,1.1352026462554932,1.1353315114974976,0
2026-09-30T12:00:00Z,1.1353315114974976,1.1381744146347046,1.1353315114974976,1.1366219520568848,0
2026-09-30T13:00:00Z,1.1368803977966309,1.1370097398757935,1.1358473300933838,1.1359764337539673,0
2026-09-30T14:00:00Z,1.1358473300933838,1.1367511749267578,1.1349449157714844,1.1361054182052612,0
2026-09-30T15:00:00Z,1.1363636255264282,1.1363636255264282,1.1346874237060547,1.1346874237060547,0
2026-09-30T16:00:00Z,1.1348161697387695,1.1348161697387695,1.1336582899093628,1.1341726779937744,0
2026-09-30T17:00:00Z,1.1343011856079102,1.134429931640625,1.1339154243469238,1.1339154243469238,0
2026-09-30T18:00:00Z,1.1337867975234985,1.1340440511703491,1.1334012746810913,1.133529782295227,0
2026-09-30T19:00:00Z,1.1334012746810913,1.133529782295227,1.1326310634613037,1.13275945186615,0
2026-09-30T20:00:00Z,1.1330161094665527,1.1334012746810913,1.1326310634613037,1.1332728862762451,0
2026-09-30T21:00:00Z,1.1334012746810913,1.1340440511703491,1.133144497871399,1.1334012746810913,0
2026-09-30T22:00:00Z,1.1334012746810913,1.1336582899093628,1.1332728862762451,1.1334012746810913,0
2026-09-30T23:00:00Z,1.1334012746810913,1.133529782295227,1.1328877210617065,1.1330161094665527,0
2026-10-01T00:00:00Z,1.1330161094665527,1.1339154243469238,1.1330161094665527,1.1336582899093628,0
2026-10-01T01:00:00Z,1.1336582899093628,1.1340440511703491,1.133144497871399,1.133144497871399,0
2026-10-01T02:00:00Z,1.1330161094665527,1.1330161094665527,1.132502794265747,1.1328877210617065,0
2026-10-01T03:00:00Z,1.1328877210617065,1.1332728862762451,1.132502794265747,1.1332728862762451,0
2026-10-01T04:00:00Z,1.133144497871399,1.1334012746810913,1.1322463750839233,1.1322463750839233,0
2026-10-01T05:00:00Z,1.1322463750839233,1.1322463750839233,1.131861925125122,1.1321182250976562,0
