session_date,timestamp_utc,Open,High,Low,Close,Volume
2016-09-30,2016-09-30T00:00:00Z,1320.5999755859375,1327.699951171875,1312.9000244140625,1313.300048828125,868
2016-10-03,2016-10-03T00:00:00Z,1313.5,1316.800048828125,1308.199951171875,1309.0,299
2016-10-04,2016-10-04T00:00:00Z,1307.5999755859375,1310.199951171875,1266.300048828125,1266.300048828125,1893
2016-10-05,2016-10-05T00:00:00Z,1272.0999755859375,1274.0,1261.300048828125,1265.199951171875,246
2016-10-06,2016-10-06T00:00:00Z,1265.300048828125,1265.300048828125,1249.800048828125,1249.800048828125,114
2016-10-07,2016-10-07T00:00:00Z,1253.9000244140625,1263.5999755859375,1248.9000244140625,1248.9000244140625,169
2016-10-11,2016-10-11T00:00:00Z,1258.9000244140625,1258.9000244140625,1253.0,1253.0,26
2016-10-12,2016-10-12T00:00:00Z,1251.699951171875,1254.0,1251.0999755859375,1251.0999755859375,127
2016-10-13,2016-10-13T00:00:00Z,1258.699951171875,1259.0,1255.0,1255.0,315
2016-10-14,2016-10-14T00:00:00Z,1253.9000244140625,1253.9000244140625,1250.5999755859375,1253.0999755859375,311
2016-10-17,2016-10-17T00:00:00Z,1249.9000244140625,1255.0,1249.9000244140625,1254.4000244140625,41
2016-10-18,2016-10-18T00:00:00Z,1260.9000244140625,1261.699951171875,1260.800048828125,1260.800048828125,11
2016-10-19,2016-10-19T00:00:00Z,1262.9000244140625,1271.5,1262.9000244140625,1267.9000244140625,219
2016-10-20,2016-10-20T00:00:00Z,1270.0,1270.5,1265.5,1265.5999755859375,415
2016-10-21,2016-10-21T00:00:00Z,1265.9000244140625,1265.9000244140625,1265.9000244140625,1265.9000244140625,224
2016-10-24,2016-10-24T00:00:00Z,1269.199951171875,1269.199951171875,1261.800048828125,1262.0,42
2016-10-25,2016-10-25T00:00:00Z,1264.0999755859375,1274.0999755859375,1264.0999755859375,1271.9000244140625,61
2016-10-26,2016-10-26T00:00:00Z,1274.0,1274.0,1264.800048828125,1264.800048828125,279
2016-10-27,2016-10-27T00:00:00Z,1269.4000244140625,1269.4000244140625,1267.9000244140625,1267.9000244140625,338
2016-10-28,2016-10-28T00:00:00Z,1270.300048828125,1281.5,1262.0,1275.5,560
2016-10-31,2016-10-31T00:00:00Z,1276.5999755859375,1276.5999755859375,1271.5,1271.5,58
2016-11-01,2016-11-01T00:00:00Z,1279.300048828125,1290.699951171875,1279.0,1286.4000244140625,49
2016-11-02,2016-11-02T00:00:00Z,1288.300048828125,1307.0,1288.300048828125,1306.800048828125,30
2016-11-03,2016-11-03T00:00:00Z,1296.4000244140625,1303.0999755859375,1287.300048828125,1302.0999755859375,73
2016-11-04,2016-11-04T00:00:00Z,1300.0,1303.300048828125,1296.699951171875,1303.300048828125,11
2016-11-07,2016-11-07T00:00:00Z,1292.0,1294.5,1278.300048828125,1278.300048828125,34
2016-11-08,2016-11-08T00:00:00Z,1284.0999755859375,1289.4000244140625,1273.199951171875,1273.4000244140625,50
2016-11-09,2016-11-09T00:00:00Z,1272.199951171875,1318.5999755859375,1270.0,1272.5999755859375,108
2016-11-10,2016-11-10T00:00:00Z,1274.4000244140625,1287.5,1253.300048828125,1265.5,63
2016-11-14,2016-11-14T00:00:00Z,1227.800048828125,1229.5,1210.4000244140625,1221.199951171875,216
2016-11-15,2016-11-15T00:00:00Z,1224.300048828125,1226.0,1222.5,1224.0,20
2016-11-16,2016-11-16T00:00:00Z,1229.300048828125,1229.300048828125,1223.0,1223.4000244140625,66
2016-11-17,2016-11-17T00:00:00Z,1224.5999755859375,1225.0,1211.0,1216.5,1139
2016-11-18,2016-11-18T00:00:00Z,1211.9000244140625,1211.9000244140625,1207.199951171875,1208.5,607
2016-11-21,2016-11-21T00:00:00Z,1209.5999755859375,1209.5999755859375,1209.5999755859375,1209.5999755859375,19
2016-11-22,2016-11-22T00:00:00Z,1210.4000244140625,1211.0999755859375,1207.5999755859375,1211.0,19
2016-11-23,2016-11-23T00:00:00Z,1212.800048828125,1213.800048828125,1186.800048828125,1189.0999755859375,309
2016-11-25,2016-11-25T00:00:00Z,1177.0,1189.300048828125,1177.0,1178.199951171875,14
2016-11-28,2016-11-28T00:00:00Z,1188.0,1190.5999755859375,1188.0,1190.5999755859375,189914
2016-11-29,2016-11-29T00:00:00Z,1193.199951171875,1194.800048828125,1179.4000244140625,1187.9000244140625,42124
2016-11-30,2016-11-30T00:00:00Z,1187.0999755859375,1193.300048828125,1167.9000244140625,1170.800048828125,7158
2016-12-01,2016-12-01T00:00:00Z,1172.699951171875,1174.5999755859375,1160.0,1166.9000244140625,1588
2016-12-02,2016-12-02T00:00:00Z,1172.300048828125,1177.300048828125,1166.4000244140625,1175.0999755859375,1521
2016-12-05,2016-12-05T00:00:00Z,1181.800048828125,1186.699951171875,1157.0,1174.0,358
2016-12-06,2016-12-06T00:00:00Z,1170.9000244140625,1174.5,1167.0999755859375,1167.5999755859375,652
2016-12-07,2016-12-07T00:00:00Z,1167.699951171875,1178.5,1166.4000244140625,1175.0,182
2016-12-08,2016-12-08T00:00:00Z,1173.800048828125,1177.800048828125,1169.0999755859375,1169.800048828125,322
2016-12-09,2016-12-09T00:00:00Z,1166.5999755859375,1168.800048828125,1156.0,1159.4000244140625,365
2016-12-12,2016-12-12T00:00:00Z,1158.300048828125,1163.9000244140625,1153.0,1163.5,331
2016-12-13,2016-12-13T00:00:00Z,1163.5,1164.0,1155.4000244140625,1156.699951171875,637
2016-12-14,2016-12-14T00:00:00Z,1159.800048828125,1164.0,1142.0,1161.300048828125,487
2016-12-15,2016-12-15T00:00:00Z,1139.800048828125,1143.300048828125,1123.9000244140625,1127.800048828125,244
2016-12-16,2016-12-16T00:00:00Z,1126.9000244140625,1140.9000244140625,1126.9000244140625,1135.300048828125,146
2016-12-19,2016-12-19T00:00:00Z,1139.4000244140625,1140.699951171875,1137.9000244140625,1140.5,249
2016-12-20,2016-12-20T00:00:00Z,1133.5,1133.5,1126.5,1131.5,46
2016-12-21,2016-12-21T00:00:00Z,1136.0999755859375,1136.0999755859375,1130.0,1131.0999755859375,50
2016-12-22,2016-12-22T00:00:00Z,1131.199951171875,1132.800048828125,1128.300048828125,1128.800048828125,104
2016-12-23,2016-12-23T00:00:00Z,1130.9000244140625,1132.800048828125,1130.300048828125,1131.9000244140625,70
2016-12-27,2016-12-27T00:00:00Z,1134.300048828125,1142.199951171875,1134.300048828125,1137.300048828125,84
2016-12-28,2016-12-28T00:00:00Z,1141.199951171875,1141.199951171875,1138.0,1139.4000244140625,1570
2016-12-29,2016-12-29T00:00:00Z,1143.800048828125,1158.800048828125,1143.5999755859375,1156.4000244140625,950
2016-12-30,2016-12-30T00:00:00Z,1162.0,1162.0,1150.0,1150.0,16
2017-01-03,2017-01-03T00:00:00Z,1155.199951171875,1160.800048828125,1146.5,1160.4000244140625,52
2017-01-04,2017-01-04T00:00:00Z,1156.300048828125,1165.0,1156.300048828125,1163.800048828125,36
2017-01-05,2017-01-05T00:00:00Z,1172.0,1183.300048828125,1171.5,1179.699951171875,500
2017-01-06,2017-01-06T00:00:00Z,1176.5,1176.5,1171.9000244140625,1171.9000244140625,16
2017-01-09,2017-01-09T00:00:00Z,1173.9000244140625,1183.5999755859375,1173.0,1183.5,62
2017-01-10,2017-01-10T00:00:00Z,1184.300048828125,1188.9000244140625,1182.300048828125,1184.199951171875,8
2017-01-11,2017-01-11T00:00:00Z,1187.5,1197.0,1176.5,1195.5999755859375,20
2017-01-12,2017-01-12T00:00:00Z,1192.699951171875,1204.300048828125,1192.300048828125,1198.9000244140625,110
2017-01-13,2017-01-13T00:00:00Z,1195.699951171875,1196.0,1187.699951171875,1195.300048828125,65
2017-01-17,2017-01-17T00:00:00Z,1205.5,1214.5999755859375,1200.800048828125,1212.0,79
2017-01-18,2017-01-18T00:00:00Z,1213.5999755859375,1214.699951171875,1203.0999755859375,1211.300048828125,114
2017-01-19,2017-01-19T00:00:00Z,1200.5,1204.0,1195.800048828125,1200.9000244140625,26
2017-01-20,2017-01-20T00:00:00Z,1202.800048828125,1212.0999755859375,1202.800048828125,1204.300048828125,38
2017-01-23,2017-01-23T00:00:00Z,1212.0,1215.0,1210.0,1215.0,16
2017-01-24,2017-01-24T00:00:00Z,1219.0,1219.0,1207.699951171875,1210.300048828125,24
2017-01-25,2017-01-25T00:00:00Z,1202.0,1202.800048828125,1194.9000244140625,1197.300048828125,403
2017-01-26,2017-01-26T00:00:00Z,1199.699951171875,1199.699951171875,1185.5999755859375,1189.5,19
2017-01-27,2017-01-27T00:00:00Z,1187.9000244140625,1188.300048828125,1187.9000244140625,1188.0999755859375,234352
2017-01-30,2017-01-30T00:00:00Z,1191.699951171875,1198.5,1187.0999755859375,1193.199951171875,50503
2017-01-31,2017-01-31T00:00:00Z,1194.9000244140625,1214.699951171875,1193.5,1208.5999755859375,3212
2017-02-01,2017-02-01T00:00:00Z,1211.9000244140625,1211.9000244140625,1197.9000244140625,1205.5999755859375,1145
2017-02-02,2017-02-02T00:00:00Z,1209.699951171875,1224.199951171875,1208.9000244140625,1216.699951171875,1512
2017-02-03,2017-02-03T00:00:00Z,1214.9000244140625,1220.5999755859375,1206.199951171875,1218.5,865
2017-02-06,2017-02-06T00:00:00Z,1221.9000244140625,1235.4000244140625,1218.5,1230.0,908
2017-02-07,2017-02-07T00:00:00Z,1234.199951171875,1236.199951171875,1228.5,1234.199951171875,1177
2017-02-08,2017-02-08T00:00:00Z,1232.0999755859375,1243.9000244140625,1231.0,1237.5999755859375,288
2017-02-09,2017-02-09T00:00:00Z,1239.4000244140625,1243.5,1226.9000244140625,1235.0999755859375,885
2017-02-10,2017-02-10T00:00:00Z,1227.5999755859375,1234.4000244140625,1221.5,1234.4000244140625,391
2017-02-13,2017-02-13T00:00:00Z,1230.5,1231.0999755859375,1219.0,1224.4000244140625,398
2017-02-14,2017-02-14T00:00:00Z,1225.9000244140625,1233.5,1222.0999755859375,1223.9000244140625,159
2017-02-15,2017-02-15T00:00:00Z,1225.5,1231.699951171875,1217.300048828125,1231.699951171875,175
2017-02-16,2017-02-16T00:00:00Z,1234.5,1240.699951171875,1233.199951171875,1240.0,87
2017-02-17,2017-02-17T00:00:00Z,1240.699951171875,1241.199951171875,1234.800048828125,1237.5999755859375,301
2017-02-21,2017-02-21T00:00:00Z,1237.300048828125,1237.5,1228.0999755859375,1237.5,119
2017-02-22,2017-02-22T00:00:00Z,1236.0999755859375,1238.5999755859375,1231.800048828125,1232.0,36
2017-02-23,2017-02-23T00:00:00Z,1236.0999755859375,1250.300048828125,1236.0999755859375,1250.199951171875,112
2017-02-24,2017-02-24T00:00:00Z,1250.0,1258.800048828125,1250.0,1256.9000244140625,1264
2017-02-27,2017-02-27T00:00:00Z,1254.699951171875,1263.0999755859375,1250.4000244140625,1257.4000244140625,544
2017-02-28,2017-02-28T00:00:00Z,1253.5999755859375,1257.300048828125,1247.199951171875,1252.5999755859375,721
2017-03-01,2017-03-01T00:00:00Z,1247.800048828125,1248.9000244140625,1236.9000244140625,1248.9000244140625,138
2017-03-02,2017-03-02T00:00:00Z,1247.199951171875,1247.5999755859375,1230.699951171875,1231.9000244140625,79
2017-03-03,2017-03-03T00:00:00Z,1231.699951171875,1235.199951171875,1222.9000244140625,1225.5,121
2017-03-06,2017-03-06T00:00:00Z,1235.199951171875,1235.199951171875,1224.5,1224.5,29
2017-03-07,2017-03-07T00:00:00Z,1224.300048828125,1225.4000244140625,1213.699951171875,1215.0999755859375,53
2017-03-08,2017-03-08T00:00:00Z,1212.199951171875,1212.199951171875,1206.699951171875,1208.5,24
2017-03-09,2017-03-09T00:00:00Z,1204.5,1205.5999755859375,1202.300048828125,1202.4000244140625,37
2017-03-10,2017-03-10T00:00:00Z,1196.199951171875,1203.300048828125,1196.199951171875,1200.699951171875,3
2017-03-13,2017-03-13T00:00:00Z,1206.199951171875,1210.0,1202.300048828125,1202.4000244140625,35
2017-03-14,2017-03-14T00:00:00Z,1203.0999755859375,1205.9000244140625,1196.800048828125,1201.9000244140625,22
2017-03-15,2017-03-15T00:00:00Z,1198.199951171875,1221.199951171875,1197.699951171875,1200.0999755859375,36
2017-03-16,2017-03-16T00:00:00Z,1222.199951171875,1231.4000244140625,1222.199951171875,1226.5,47
2017-03-17,2017-03-17T00:00:00Z,1227.0999755859375,1230.9000244140625,1227.0999755859375,1229.800048828125,26
2017-03-20,2017-03-20T00:00:00Z,1229.300048828125,1234.4000244140625,1229.300048828125,1233.5999755859375,23
2017-03-21,2017-03-21T00:00:00Z,1226.4000244140625,1246.0999755859375,1226.4000244140625,1246.0999755859375,11
2017-03-22,2017-03-22T00:00:00Z,1247.9000244140625,1249.5,1247.699951171875,1249.300048828125,3
2017-03-23,2017-03-23T00:00:00Z,1246.4000244140625,1247.5,1244.800048828125,1246.9000244140625,16
2017-03-24,2017-03-24T00:00:00Z,1248.0,1248.300048828125,1247.5999755859375,1248.199951171875,3
2017-03-27,2017-03-27T00:00:00Z,1255.800048828125,1257.699951171875,1253.800048828125,1255.4000244140625,72
2017-03-28,2017-03-28T00:00:00Z,1255.9000244140625,1255.9000244140625,1255.300048828125,1255.300048828125,19
2017-03-29,2017-03-29T00:00:00Z,1252.199951171875,1253.4000244140625,1252.0999755859375,1253.4000244140625,190678
2017-03-30,2017-03-30T00:00:00Z,1253.0999755859375,1253.5999755859375,1241.0999755859375,1245.0,51328
2017-03-31,2017-03-31T00:00:00Z,1242.0999755859375,1248.800048828125,1238.699951171875,1247.300048828125,8223
2017-04-03,2017-04-03T00:00:00Z,1247.5,1252.4000244140625,1243.5999755859375,1250.800048828125,1160
2017-04-04,2017-04-04T00:00:00Z,1253.0999755859375,1260.300048828125,1253.0,1255.0,724
2017-04-05,2017-04-05T00:00:00Z,1255.4000244140625,1255.4000244140625,1243.0,1245.4000244140625,907
2017-04-06,2017-04-06T00:00:00Z,1256.0999755859375,1257.5,1249.0,1250.300048828125,169
2017-04-07,2017-04-07T00:00:00Z,1249.5,1269.0999755859375,1249.5,1254.300048828125,445
2017-04-10,2017-04-10T00:00:00Z,1252.699951171875,1255.199951171875,1246.800048828125,1251.0999755859375,182
2017-04-11,2017-04-11T00:00:00Z,1254.5,1273.5,1254.5,1271.199951171875,401
2017-04-12,2017-04-12T00:00:00Z,1275.0,1285.0999755859375,1272.0,1275.300048828125,492
2017-04-13,2017-04-13T00:00:00Z,1285.300048828125,1287.5999755859375,1282.0,1285.9000244140625,915
2017-04-17,2017-04-17T00:00:00Z,1291.800048828125,1294.800048828125,1284.300048828125,1289.4000244140625,73
2017-04-18,2017-04-18T00:00:00Z,1283.9000244140625,1291.699951171875,1278.5999755859375,1291.699951171875,394
2017-04-19,2017-04-19T00:00:00Z,1288.0,1288.0,1274.0,1281.4000244140625,194
2017-04-20,2017-04-20T00:00:00Z,1279.699951171875,1281.9000244140625,1276.199951171875,1281.9000244140625,127
2017-04-21,2017-04-21T00:00:00Z,1279.800048828125,1287.4000244140625,1279.199951171875,1287.4000244140625,474
2017-04-24,2017-04-24T00:00:00Z,1275.0,1276.4000244140625,1265.0,1275.800048828125,605
2017-04-25,2017-04-25T00:00:00Z,1275.5999755859375,1276.9000244140625,1262.0999755859375,1265.5999755859375,356
2017-04-26,2017-04-26T00:00:00Z,1266.0,1266.0,1262.0999755859375,1262.0999755859375,1156
2017-04-27,2017-04-27T00:00:00Z,1266.699951171875,1267.199951171875,1262.199951171875,1263.699951171875,206
2017-04-28,2017-04-28T00:00:00Z,1265.9000244140625,1267.199951171875,1264.699951171875,1266.0999755859375,85
2017-05-01,2017-05-01T00:00:00Z,1268.699951171875,1269.300048828125,1253.300048828125,1253.300048828125,34
2017-05-02,2017-05-02T00:00:00Z,1256.199951171875,1256.199951171875,1251.199951171875,1255.0999755859375,90
2017-05-03,2017-05-03T00:00:00Z,1255.0999755859375,1255.800048828125,1238.699951171875,1246.4000244140625,195
2017-05-04,2017-05-04T00:00:00Z,1239.800048828125,1239.800048828125,1224.199951171875,1226.5,72
2017-05-05,2017-05-05T00:00:00Z,1227.0,1233.699951171875,1224.800048828125,1224.800048828125,16
2017-05-08,2017-05-08T00:00:00Z,1224.0,1234.0,1224.0,1225.300048828125,43
2017-05-09,2017-05-09T00:00:00Z,1226.0999755859375,1226.199951171875,1214.0,1214.300048828125,55
2017-05-10,2017-05-10T00:00:00Z,1219.800048828125,1220.199951171875,1217.300048828125,1217.300048828125,23
2017-05-11,2017-05-11T00:00:00Z,1218.5,1222.699951171875,1218.300048828125,1222.699951171875,13
2017-05-12,2017-05-12T00:00:00Z,1228.0,1229.5,1226.0999755859375,1226.199951171875,29
2017-05-15,2017-05-15T00:00:00Z,1227.5,1232.699951171875,1227.5,1228.5999755859375,13
2017-05-16,2017-05-16T00:00:00Z,1230.4000244140625,1237.300048828125,1230.4000244140625,1235.0,20
2017-05-17,2017-05-17T00:00:00Z,1241.0,1259.199951171875,1240.699951171875,1257.5,26
2017-05-18,2017-05-18T00:00:00Z,1254.800048828125,1260.0,1245.800048828125,1251.699951171875,43
2017-05-19,2017-05-19T00:00:00Z,1252.699951171875,1252.699951171875,1252.699951171875,1252.699951171875,14
2017-05-22,2017-05-22T00:00:00Z,1251.699951171875,1260.699951171875,1251.699951171875,1260.699951171875,14
2017-05-23,2017-05-23T00:00:00Z,1261.5,1261.5999755859375,1250.5999755859375,1254.800048828125,20
2017-05-24,2017-05-24T00:00:00Z,1251.9000244140625,1257.800048828125,1249.699951171875,1252.4000244140625,14
2017-05-25,2017-05-25T00:00:00Z,1257.0999755859375,1258.300048828125,1255.800048828125,1255.800048828125,11
2017-05-26,2017-05-26T00:00:00Z,1267.5999755859375,1267.5999755859375,1267.5999755859375,1267.5999755859375,271457
2017-05-30,2017-05-30T00:00:00Z,1267.4000244140625,1270.0,1258.4000244140625,1262.0999755859375,129819
2017-05-31,2017-05-31T00:00:00Z,1262.4000244140625,1273.199951171875,1258.5,1272.0,2712
2017-06-01,2017-06-01T00:00:00Z,1268.0,1269.199951171875,1260.800048828125,1267.0,825
2017-06-02,2017-06-02T00:00:00Z,1265.199951171875,1279.0,1259.0,1276.800048828125,1732
2017-06-05,2017-06-05T00:00:00Z,1279.199951171875,1282.0,1277.0,1279.300048828125,433
2017-06-06,2017-06-06T00:00:00Z,1279.4000244140625,1295.199951171875,1279.4000244140625,1294.4000244140625,942
2017-06-07,2017-06-07T00:00:00Z,1291.5999755859375,1293.0999755859375,1284.300048828125,1290.0999755859375,641
2017-06-08,2017-06-08T00:00:00Z,1285.4000244140625,1287.5999755859375,1268.0999755859375,1276.300048828125,319
2017-06-09,2017-06-09T00:00:00Z,1277.9000244140625,1277.9000244140625,1264.5999755859375,1268.5,467
2017-06-12,2017-06-12T00:00:00Z,1266.4000244140625,1269.300048828125,1263.199951171875,1266.0999755859375,255
2017-06-13,2017-06-13T00:00:00Z,1264.0999755859375,1266.9000244140625,1259.699951171875,1265.800048828125,150
2017-06-14,2017-06-14T00:00:00Z,1269.4000244140625,1278.0,1256.800048828125,1272.800048828125,336
2017-06-15,2017-06-15T00:00:00Z,1263.199951171875,1264.199951171875,1250.300048828125,1252.199951171875,743
2017-06-16,2017-06-16T00:00:00Z,1252.800048828125,1255.300048828125,1251.300048828125,1254.0,34
2017-06-19,2017-06-19T00:00:00Z,1252.0999755859375,1252.199951171875,1241.9000244140625,1244.199951171875,108
2017-06-20,2017-06-20T00:00:00Z,1242.199951171875,1245.5,1240.5,1241.0,75
2017-06-21,2017-06-21T00:00:00Z,1244.0999755859375,1245.0,1240.0,1243.4000244140625,205
2017-06-22,2017-06-22T00:00:00Z,1251.0,1252.699951171875,1246.300048828125,1247.5999755859375,156
2017-06-23,2017-06-23T00:00:00Z,1250.0,1273.5999755859375,1249.800048828125,1256.199951171875,269
2017-06-26,2017-06-26T00:00:00Z,1260.199951171875,1260.199951171875,1241.5999755859375,1246.300048828125,194
2017-06-27,2017-06-27T00:00:00Z,1251.5999755859375,1251.800048828125,1245.9000244140625,1246.4000244140625,111
2017-06-28,2017-06-28T00:00:00Z,1248.5,1248.5,1248.0,1248.0,370
2017-06-29,2017-06-29T00:00:00Z,1248.199951171875,1250.699951171875,1238.0999755859375,1244.199951171875,540
2017-06-30,2017-06-30T00:00:00Z,1243.699951171875,1243.699951171875,1239.0999755859375,1240.699951171875,43
2017-07-03,2017-07-03T00:00:00Z,1236.0,1236.0,1217.9000244140625,1217.9000244140625,33
2017-07-05,2017-07-05T00:00:00Z,1222.5,1225.0,1217.0999755859375,1220.4000244140625,40
2017-07-06,2017-07-06T00:00:00Z,1225.0999755859375,1225.0999755859375,1222.199951171875,1222.199951171875,5
2017-07-07,2017-07-07T00:00:00Z,1219.0999755859375,1220.4000244140625,1208.5999755859375,1208.5999755859375,116
2017-07-10,2017-07-10T00:00:00Z,1211.4000244140625,1212.0999755859375,1209.5999755859375,1212.0999755859375,28
2017-07-11,2017-07-11T00:00:00Z,1208.699951171875,1214.9000244140625,1208.699951171875,1213.5999755859375,12
2017-07-12,2017-07-12T00:00:00Z,1218.300048828125,1219.4000244140625,1217.9000244140625,1218.0999755859375,7
2017-07-13,2017-07-13T00:00:00Z,1221.4000244140625,1221.4000244140625,1216.300048828125,1216.300048828125,7
2017-07-14,2017-07-14T00:00:00Z,1214.9000244140625,1227.5,1214.800048828125,1226.5999755859375,23
2017-07-17,2017-07-17T00:00:00Z,1229.9000244140625,1233.4000244140625,1229.9000244140625,1232.800048828125,7
2017-07-18,2017-07-18T00:00:00Z,1236.199951171875,1241.199951171875,1236.199951171875,1241.0999755859375,29
2017-07-19,2017-07-19T00:00:00Z,1240.4000244140625,1241.199951171875,1240.0999755859375,1241.199951171875,3
2017-07-20,2017-07-20T00:00:00Z,1236.5999755859375,1244.800048828125,1236.5999755859375,1244.800048828125,5
2017-07-21,2017-07-21T00:00:00Z,1250.699951171875,1254.300048828125,1250.5,1254.300048828125,16
2017-07-24,2017-07-24T00:00:00Z,1256.0,1256.0,1253.9000244140625,1253.9000244140625,8
2017-07-25,2017-07-25T00:00:00Z,1252.699951171875,1253.5999755859375,1249.199951171875,1251.699951171875,18
2017-07-26,2017-07-26T00:00:00Z,1244.800048828125,1249.0,1244.800048828125,1249.0,7
2017-07-27,2017-07-27T00:00:00Z,1259.5999755859375,1259.5999755859375,1259.5999755859375,1259.5999755859375,220309
2017-07-28,2017-07-28T00:00:00Z,1258.4000244140625,1270.0,1256.9000244140625,1268.4000244140625,64180
2017-07-31,2017-07-31T00:00:00Z,1268.9000244140625,1270.800048828125,1265.800048828125,1266.5999755859375,7780
2017-08-01,2017-08-01T00:00:00Z,1268.4000244140625,1273.300048828125,1262.0,1272.5999755859375,1061
2017-08-02,2017-08-02T00:00:00Z,1268.5,1272.0999755859375,1262.9000244140625,1271.800048828125,393
2017-08-03,2017-08-03T00:00:00Z,1265.9000244140625,1269.800048828125,1256.5999755859375,1267.800048828125,878
2017-08-04,2017-08-04T00:00:00Z,1269.0,1269.5999755859375,1253.9000244140625,1258.300048828125,521
2017-08-07,2017-08-07T00:00:00Z,1258.699951171875,1259.0999755859375,1255.300048828125,1258.199951171875,260
2017-08-08,2017-08-08T00:00:00Z,1256.9000244140625,1264.0999755859375,1251.4000244140625,1256.4000244140625,555
2017-08-09,2017-08-09T00:00:00Z,1260.199951171875,1277.800048828125,1260.199951171875,1273.0,574
2017-08-10,2017-08-10T00:00:00Z,1276.5999755859375,1287.4000244140625,1274.9000244140625,1283.699951171875,608
2017-08-11,2017-08-11T00:00:00Z,1286.300048828125,1291.0999755859375,1282.0,1287.699951171875,139
2017-08-14,2017-08-14T00:00:00Z,1288.4000244140625,1288.4000244140625,1278.800048828125,1284.199951171875,338
2017-08-15,2017-08-15T00:00:00Z,1280.5,1280.5,1267.4000244140625,1273.699951171875,188
2017-08-16,2017-08-16T00:00:00Z,1271.300048828125,1282.5999755859375,1269.4000244140625,1276.9000244140625,110
2017-08-17,2017-08-17T00:00:00Z,1283.800048828125,1288.5,1283.199951171875,1286.4000244140625,43
2017-08-18,2017-08-18T00:00:00Z,1288.5999755859375,1300.699951171875,1284.300048828125,1285.699951171875,358
2017-08-21,2017-08-21T00:00:00Z,1285.199951171875,1290.800048828125,1284.699951171875,1290.800048828125,18
2017-08-22,2017-08-22T00:00:00Z,1287.199951171875,1288.4000244140625,1283.199951171875,1285.0999755859375,100
2017-08-23,2017-08-23T00:00:00Z,1289.4000244140625,1289.4000244140625,1286.9000244140625,1288.9000244140625,250
2017-08-24,2017-08-24T00:00:00Z,1288.699951171875,1288.699951171875,1284.0,1286.5,550
2017-08-25,2017-08-25T00:00:00Z,1285.4000244140625,1292.699951171875,1280.300048828125,1292.5,280
2017-08-28,2017-08-28T00:00:00Z,1293.5,1311.300048828125,1293.5,1309.699951171875,145
2017-08-29,2017-08-29T00:00:00Z,1318.800048828125,1323.800048828125,1313.0999755859375,1313.0999755859375,1178
2017-08-30,2017-08-30T00:00:00Z,1308.199951171875,1312.5,1304.9000244140625,1308.0999755859375,1178
2017-08-31,2017-08-31T00:00:00Z,1306.5999755859375,1322.300048828125,1301.699951171875,1316.199951171875,373
2017-09-01,2017-09-01T00:00:00Z,1320.199951171875,1327.699951171875,1316.9000244140625,1324.5,313
2017-09-05,2017-09-05T00:00:00Z,1335.199951171875,1339.199951171875,1328.5999755859375,1339.199951171875,39
2017-09-06,2017-09-06T00:00:00Z,1340.0,1340.300048828125,1332.5999755859375,1333.9000244140625,20
2017-09-07,2017-09-07T00:00:00Z,1336.4000244140625,1349.0,1336.4000244140625,1345.0999755859375,26
2017-09-08,2017-09-08T00:00:00Z,1351.0,1355.800048828125,1345.5999755859375,1346.0,37
2017-09-11,2017-09-11T00:00:00Z,1331.0,1331.0,1327.300048828125,1331.0,9
2017-09-12,2017-09-12T00:00:00Z,1327.0,1328.0,1325.199951171875,1328.0,15
2017-09-13,2017-09-13T00:00:00Z,1323.4000244140625,1323.4000244140625,1323.4000244140625,1323.4000244140625,16
2017-09-14,2017-09-14T00:00:00Z,1319.5999755859375,1329.300048828125,1319.5999755859375,1324.699951171875,316
2017-09-15,2017-09-15T00:00:00Z,1320.5999755859375,1321.199951171875,1319.800048828125,1320.4000244140625,15
2017-09-18,2017-09-18T00:00:00Z,1309.800048828125,1310.4000244140625,1306.0,1306.300048828125,129
2017-09-19,2017-09-19T00:00:00Z,1307.9000244140625,1310.300048828125,1305.0999755859375,1306.199951171875,20
2017-09-20,2017-09-20T00:00:00Z,1312.0,1312.0,1298.699951171875,1312.0,12
2017-09-21,2017-09-21T00:00:00Z,1299.0999755859375,1304.0999755859375,1290.300048828125,1290.5999755859375,336
2017-09-22,2017-09-22T00:00:00Z,1295.0,1295.699951171875,1293.300048828125,1293.300048828125,209
2017-09-25,2017-09-25T00:00:00Z,1293.0999755859375,1309.199951171875,1291.0,1306.800048828125,51
2017-09-26,2017-09-26T00:00:00Z,1304.5,1305.5999755859375,1297.0,1297.0,39
2017-09-27,2017-09-27T00:00:00Z,1283.4000244140625,1283.4000244140625,1283.4000244140625,1283.4000244140625,19488
2017-09-28,2017-09-28T00:00:00Z,1283.0999755859375,1288.0,1277.0,1285.5,5226
2017-09-29,2017-09-29T00:00:00Z,1284.199951171875,1289.4000244140625,1281.5,1281.5,492
2017-10-02,2017-10-02T00:00:00Z,1275.0,1276.0999755859375,1270.4000244140625,1272.699951171875,136
2017-10-03,2017-10-03T00:00:00Z,1269.699951171875,1273.300048828125,1268.5999755859375,1271.5,192
2017-10-04,2017-10-04T00:00:00Z,1273.800048828125,1280.800048828125,1270.0,1273.699951171875,218
2017-10-05,2017-10-05T00:00:00Z,1277.800048828125,1277.800048828125,1267.5999755859375,1269.9000244140625,36
2017-10-06,2017-10-06T00:00:00Z,1267.5999755859375,1272.0,1260.5,1271.5999755859375,46
2017-10-09,2017-10-09T00:00:00Z,1280.5999755859375,1284.0,1279.0,1281.800048828125,19
2017-10-10,2017-10-10T00:00:00Z,1282.5999755859375,1293.0,1281.699951171875,1290.5999755859375,18
2017-10-11,2017-10-11T00:00:00Z,1287.300048828125,1292.0,1284.9000244140625,1285.800048828125,21
2017-10-12,2017-10-12T00:00:00Z,1291.5,1294.5,1289.300048828125,1293.300048828125,14
2017-10-13,2017-10-13T00:00:00Z,1293.300048828125,1301.699951171875,1291.699951171875,1301.5,74
2017-10-16,2017-10-16T00:00:00Z,1302.0,1303.800048828125,1291.9000244140625,1299.9000244140625,173
2017-10-17,2017-10-17T00:00:00Z,1295.0999755859375,1295.0999755859375,1283.0,1283.0,571
2017-10-18,2017-10-18T00:00:00Z,1279.9000244140625,1279.9000244140625,1279.9000244140625,1279.9000244140625,163
2017-10-19,2017-10-19T00:00:00Z,1286.4000244140625,1286.9000244140625,1285.0999755859375,1286.9000244140625,134
2017-10-20,2017-10-20T00:00:00Z,1279.5999755859375,1279.5999755859375,1277.4000244140625,1277.4000244140625,304
2017-10-23,2017-10-23T00:00:00Z,1274.699951171875,1280.800048828125,1271.5,1277.699951171875,115
2017-10-24,2017-10-24T00:00:00Z,1275.5,1275.5,1273.699951171875,1275.0,111
2017-10-25,2017-10-25T00:00:00Z,1269.9000244140625,1275.4000244140625,1269.9000244140625,1275.4000244140625,105
2017-10-26,2017-10-26T00:00:00Z,1273.5,1273.5,1264.699951171875,1266.300048828125,39
2017-10-27,2017-10-27T00:00:00Z,1268.4000244140625,1268.5,1267.0999755859375,1268.5,567
2017-10-30,2017-10-30T00:00:00Z,1270.0,1274.0999755859375,1267.9000244140625,1274.0999755859375,222
2017-10-31,2017-10-31T00:00:00Z,1273.0999755859375,1274.5999755859375,1266.0999755859375,1267.0,235
2017-11-01,2017-11-01T00:00:00Z,1272.199951171875,1274.800048828125,1270.300048828125,1274.0999755859375,78
2017-11-02,2017-11-02T00:00:00Z,1274.9000244140625,1274.9000244140625,1274.9000244140625,1274.9000244140625,70
2017-11-03,2017-11-03T00:00:00Z,1265.300048828125,1267.9000244140625,1265.300048828125,1266.5,75
2017-11-06,2017-11-06T00:00:00Z,1269.0,1280.5,1269.0,1279.4000244140625,128
2017-11-07,2017-11-07T00:00:00Z,1276.800048828125,1276.800048828125,1270.4000244140625,1273.699951171875,11
2017-11-08,2017-11-08T00:00:00Z,1275.9000244140625,1284.9000244140625,1274.699951171875,1281.5999755859375,15
2017-11-09,2017-11-09T00:00:00Z,1279.699951171875,1286.9000244140625,1279.699951171875,1285.5999755859375,18
2017-11-10,2017-11-10T00:00:00Z,1283.5,1283.5,1272.4000244140625,1272.4000244140625,10
2017-11-13,2017-11-13T00:00:00Z,1277.300048828125,1277.300048828125,1277.0,1277.300048828125,3
2017-11-14,2017-11-14T00:00:00Z,1276.9000244140625,1281.5,1276.9000244140625,1281.5,4
2017-11-15,2017-11-15T00:00:00Z,1281.4000244140625,1284.699951171875,1275.9000244140625,1276.5,13
2017-11-16,2017-11-16T00:00:00Z,1277.5,1277.5,1277.4000244140625,1277.4000244140625,43
2017-11-17,2017-11-17T00:00:00Z,1288.300048828125,1295.800048828125,1288.300048828125,1295.800048828125,1
2017-11-20,2017-11-20T00:00:00Z,1274.5999755859375,1275.9000244140625,1274.5999755859375,1274.5999755859375,1
2017-11-21,2017-11-21T00:00:00Z,1281.0999755859375,1281.0999755859375,1281.0999755859375,1281.0999755859375,4
2017-11-22,2017-11-22T00:00:00Z,1284.699951171875,1291.5999755859375,1282.9000244140625,1291.5999755859375,4
2017-11-24,2017-11-24T00:00:00Z,1286.699951171875,1286.699951171875,1286.699951171875,1286.699951171875,0
2017-11-27,2017-11-27T00:00:00Z,1293.800048828125,1293.800048828125,1293.800048828125,1293.800048828125,1
2017-11-28,2017-11-28T00:00:00Z,1294.699951171875,1294.699951171875,1294.699951171875,1294.699951171875,275442
2017-11-29,2017-11-29T00:00:00Z,1293.4000244140625,1296.199951171875,1281.0999755859375,1282.0999755859375,47244
2017-11-30,2017-11-30T00:00:00Z,1283.0999755859375,1284.5,1269.699951171875,1273.199951171875,3049
2017-12-01,2017-12-01T00:00:00Z,1274.0999755859375,1288.5999755859375,1271.0,1278.800048828125,823
2017-12-04,2017-12-04T00:00:00Z,1272.5,1276.0999755859375,1270.300048828125,1274.300048828125,850
2017-12-05,2017-12-05T00:00:00Z,1275.4000244140625,1275.800048828125,1260.0,1261.5999755859375,1499
2017-12-06,2017-12-06T00:00:00Z,1264.9000244140625,1267.800048828125,1261.5999755859375,1262.800048828125,373
2017-12-07,2017-12-07T00:00:00Z,1262.300048828125,1262.4000244140625,1243.9000244140625,1249.800048828125,358
2017-12-08,2017-12-08T00:00:00Z,1246.300048828125,1249.300048828125,1241.5,1245.199951171875,157
2017-12-11,2017-12-11T00:00:00Z,1248.4000244140625,1249.199951171875,1239.9000244140625,1243.699951171875,146
2017-12-12,2017-12-12T00:00:00Z,1241.300048828125,1244.4000244140625,1236.5,1238.5,692
2017-12-13,2017-12-13T00:00:00Z,1241.9000244140625,1254.5,1239.800048828125,1245.4000244140625,349
2017-12-14,2017-12-14T00:00:00Z,1252.9000244140625,1257.699951171875,1250.300048828125,1253.800048828125,139
2017-12-15,2017-12-15T00:00:00Z,1253.0999755859375,1260.300048828125,1253.0999755859375,1254.300048828125,578
2017-12-18,2017-12-18T00:00:00Z,1256.199951171875,1262.4000244140625,1255.699951171875,1262.199951171875,45
2017-12-19,2017-12-19T00:00:00Z,1261.0999755859375,1264.300048828125,1259.5,1260.699951171875,329
2017-12-20,2017-12-20T00:00:00Z,1261.300048828125,1266.5999755859375,1261.300048828125,1266.0999755859375,63
2017-12-21,2017-12-21T00:00:00Z,1266.4000244140625,1267.4000244140625,1264.300048828125,1267.300048828125,226
2017-12-22,2017-12-22T00:00:00Z,1266.300048828125,1276.300048828125,1266.300048828125,1275.4000244140625,119
2017-12-26,2017-12-26T00:00:00Z,1282.4000244140625,1284.0999755859375,1281.800048828125,1284.0999755859375,84
2017-12-27,2017-12-27T00:00:00Z,1284.0,1287.0,1284.0,1287.0,456
2017-12-28,2017-12-28T00:00:00Z,1288.199951171875,1294.0999755859375,1288.199951171875,1294.0999755859375,245
2017-12-29,2017-12-29T00:00:00Z,1294.199951171875,1306.300048828125,1294.0,1306.300048828125,65
2018-01-02,2018-01-02T00:00:00Z,1302.300048828125,1317.5999755859375,1302.300048828125,1313.699951171875,68
2018-01-03,2018-01-03T00:00:00Z,1320.0,1320.0999755859375,1312.0999755859375,1316.199951171875,42
2018-01-04,2018-01-04T00:00:00Z,1319.4000244140625,1322.0,1319.4000244140625,1319.4000244140625,2
2018-01-05,2018-01-05T00:00:00Z,1320.300048828125,1320.300048828125,1320.300048828125,1320.300048828125,1
2018-01-08,2018-01-08T00:00:00Z,1319.9000244140625,1319.9000244140625,1314.5999755859375,1318.5999755859375,41
2018-01-09,2018-01-09T00:00:00Z,1309.5999755859375,1311.699951171875,1309.5999755859375,1311.699951171875,16
2018-01-10,2018-01-10T00:00:00Z,1320.300048828125,1320.699951171875,1315.300048828125,1317.4000244140625,70
2018-01-11,2018-01-11T00:00:00Z,1317.0999755859375,1320.5999755859375,1316.300048828125,1320.5999755859375,9
2018-01-12,2018-01-12T00:00:00Z,1327.800048828125,1338.199951171875,1327.800048828125,1333.4000244140625,14
2018-01-16,2018-01-16T00:00:00Z,1331.0999755859375,1335.4000244140625,1331.0,1335.4000244140625,13
2018-01-17,2018-01-17T00:00:00Z,1334.4000244140625,1338.0,1326.800048828125,1338.0,27
2018-01-18,2018-01-18T00:00:00Z,1328.9000244140625,1328.9000244140625,1326.0,1326.0,211
2018-01-19,2018-01-19T00:00:00Z,1330.0999755859375,1333.0,1330.0999755859375,1331.9000244140625,50
2018-01-22,2018-01-22T00:00:00Z,1328.4000244140625,1330.9000244140625,1328.4000244140625,1330.9000244140625,162
2018-01-23,2018-01-23T00:00:00Z,1335.800048828125,1335.9000244140625,1335.699951171875,1335.699951171875,47
2018-01-24,2018-01-24T00:00:00Z,1355.9000244140625,1357.199951171875,1355.9000244140625,1355.9000244140625,18
2018-01-25,2018-01-25T00:00:00Z,1356.300048828125,1362.4000244140625,1346.699951171875,1362.4000244140625,4
2018-01-26,2018-01-26T00:00:00Z,1351.5999755859375,1352.0,1350.9000244140625,1351.5999755859375,280546
2018-01-30,2018-01-30T00:00:00Z,1338.699951171875,1347.800048828125,1332.800048828125,1335.4000244140625,52100
2018-01-31,2018-01-31T00:00:00Z,1337.5,1346.9000244140625,1331.800048828125,1339.0,4881
2018-02-01,2018-02-01T00:00:00Z,1343.800048828125,1350.5999755859375,1336.800048828125,1344.300048828125,1680
2018-02-02,2018-02-02T00:00:00Z,1348.5,1352.0999755859375,1327.699951171875,1333.699951171875,2841
2018-02-05,2018-02-05T00:00:00Z,1331.0999755859375,1340.199951171875,1329.0,1333.0,641
2018-02-06,2018-02-06T00:00:00Z,1338.199951171875,1343.699951171875,1319.5,1326.0999755859375,529
2018-02-07,2018-02-07T00:00:00Z,1325.4000244140625,1331.0999755859375,1310.5,1311.5999755859375,491
2018-02-08,2018-02-08T00:00:00Z,1317.0999755859375,1321.0999755859375,1307.0,1316.9000244140625,459
2018-02-09,2018-02-09T00:00:00Z,1320.9000244140625,1322.0,1311.9000244140625,1313.0999755859375,451
2018-02-12,2018-02-12T00:00:00Z,1323.800048828125,1325.5,1318.0,1324.199951171875,140
2018-02-13,2018-02-13T00:00:00Z,1324.5,1329.5999755859375,1323.4000244140625,1328.0999755859375,71
2018-02-14,2018-02-14T00:00:00Z,1332.800048828125,1355.5,1324.0,1355.5,400
2018-02-15,2018-02-15T00:00:00Z,1352.0,1355.9000244140625,1349.699951171875,1352.0999755859375,111
2018-02-16,2018-02-16T00:00:00Z,1354.0,1361.4000244140625,1344.9000244140625,1353.199951171875,110
2018-02-20,2018-02-20T00:00:00Z,1348.4000244140625,1350.199951171875,1328.5,1328.800048828125,283
2018-02-21,2018-02-21T00:00:00Z,1326.800048828125,1331.5,1324.4000244140625,1330.0,119
2018-02-22,2018-02-22T00:00:00Z,1322.0,1331.4000244140625,1322.0,1330.5999755859375,70
2018-02-23,2018-02-23T00:00:00Z,1328.0,1332.0999755859375,1327.699951171875,1328.199951171875,427
2018-02-26,2018-02-26T00:00:00Z,1335.0,1340.5,1330.699951171875,1330.699951171875,652
2018-02-27,2018-02-27T00:00:00Z,1331.699951171875,1332.5999755859375,1312.699951171875,1315.5,710
2018-02-28,2018-02-28T00:00:00Z,1315.4000244140625,1321.0,1315.4000244140625,1315.5,58
2018-03-01,2018-03-01T00:00:00Z,1310.4000244140625,1318.0999755859375,1301.800048828125,1302.9000244140625,43
2018-03-02,2018-03-02T00:00:00Z,1314.300048828125,1323.199951171875,1314.300048828125,1321.0999755859375,155
2018-03-05,2018-03-05T00:00:00Z,1323.5,1325.9000244140625,1318.0999755859375,1318.0999755859375,18
2018-03-06,2018-03-06T00:00:00Z,1321.5999755859375,1333.5999755859375,1321.4000244140625,1333.5999755859375,18
2018-03-07,2018-03-07T00:00:00Z,1338.0999755859375,1338.0999755859375,1326.0,1326.0,27
2018-03-08,2018-03-08T00:00:00Z,1324.800048828125,1326.800048828125,1319.300048828125,1319.9000244140625,62
2018-03-09,2018-03-09T00:00:00Z,1316.800048828125,1322.4000244140625,1313.0,1322.4000244140625,88
2018-03-12,2018-03-12T00:00:00Z,1319.4000244140625,1319.4000244140625,1319.4000244140625,1319.4000244140625,0
2018-03-13,2018-03-13T00:00:00Z,1325.9000244140625,1325.9000244140625,1325.300048828125,1325.9000244140625,13
2018-03-14,2018-03-14T00:00:00Z,1322.199951171875,1324.4000244140625,1322.199951171875,1324.4000244140625,19
2018-03-15,2018-03-15T00:00:00Z,1316.800048828125,1316.800048828125,1316.800048828125,1316.800048828125,0
2018-03-16,2018-03-16T00:00:00Z,1310.0999755859375,1311.300048828125,1310.0999755859375,1311.300048828125,34
2018-03-19,2018-03-19T00:00:00Z,1309.4000244140625,1316.9000244140625,1307.300048828125,1316.800048828125,6
2018-03-20,2018-03-20T00:00:00Z,1311.0999755859375,1311.0999755859375,1311.0999755859375,1311.0999755859375,4
2018-03-21,2018-03-21T00:00:00Z,1312.4000244140625,1328.800048828125,1312.4000244140625,1320.699951171875,34
2018-03-22,2018-03-22T00:00:00Z,1326.5999755859375,1326.5999755859375,1326.5999755859375,1326.5999755859375,0
2018-03-23,2018-03-23T00:00:00Z,1343.199951171875,1349.300048828125,1343.199951171875,1349.300048828125,8
2018-03-26,2018-03-26T00:00:00Z,1348.5,1354.4000244140625,1345.0999755859375,1354.4000244140625,10
2018-03-27,2018-03-27T00:00:00Z,1341.0,1341.300048828125,1341.0,1341.300048828125,290889
2018-03-28,2018-03-28T00:00:00Z,1345.0,1346.4000244140625,1322.4000244140625,1324.199951171875,59284
2018-03-29,2018-03-29T00:00:00Z,1324.0,1327.0999755859375,1321.699951171875,1322.800048828125,5585
2018-04-02,2018-04-02T00:00:00Z,1327.0,1344.199951171875,1324.699951171875,1342.0999755859375,649
2018-04-03,2018-04-03T00:00:00Z,1340.4000244140625,1341.5,1328.5,1332.800048828125,702
2018-04-04,2018-04-04T00:00:00Z,1331.800048828125,1347.300048828125,1331.5999755859375,1335.800048828125,718
2018-04-05,2018-04-05T00:00:00Z,1333.5,1333.699951171875,1322.5999755859375,1324.300048828125,258
2018-04-06,2018-04-06T00:00:00Z,1326.5,1333.0,1319.0,1331.9000244140625,348
2018-04-09,2018-04-09T00:00:00Z,1333.0,1337.5,1327.0,1336.300048828125,290
2018-04-10,2018-04-10T00:00:00Z,1335.199951171875,1342.0,1333.0,1342.0,105
2018-04-11,2018-04-11T00:00:00Z,1340.0999755859375,1365.4000244140625,1340.0999755859375,1356.5,118
2018-04-12,2018-04-12T00:00:00Z,1351.199951171875,1351.5,1334.5999755859375,1338.4000244140625,34
2018-04-13,2018-04-13T00:00:00Z,1335.9000244140625,1346.0,1335.9000244140625,1344.800048828125,67
2018-04-16,2018-04-16T00:00:00Z,1341.0,1348.800048828125,1341.0,1347.5,60
2018-04-17,2018-04-17T00:00:00Z,1348.0,1348.0999755859375,1339.0,1347.199951171875,409
2018-04-18,2018-04-18T00:00:00Z,1343.5,1354.199951171875,1343.5,1351.199951171875,45
2018-04-19,2018-04-19T00:00:00Z,1348.5999755859375,1355.199951171875,1341.5999755859375,1346.800048828125,387
2018-04-20,2018-04-20T00:00:00Z,1342.5,1343.4000244140625,1335.300048828125,1336.699951171875,310
2018-04-23,2018-04-23T00:00:00Z,1334.0,1334.4000244140625,1322.5,1322.5,68
2018-04-24,2018-04-24T00:00:00Z,1326.4000244140625,1331.699951171875,1326.199951171875,1331.4000244140625,28
2018-04-25,2018-04-25T00:00:00Z,1324.0,1325.0,1320.0,1321.199951171875,278
2018-04-26,2018-04-26T00:00:00Z,1315.699951171875,1316.300048828125,1315.699951171875,1316.300048828125,569
2018-04-27,2018-04-27T00:00:00Z,1315.300048828125,1321.699951171875,1312.800048828125,1320.300048828125,622
2018-04-30,2018-04-30T00:00:00Z,1309.5999755859375,1316.199951171875,1309.5999755859375,1316.199951171875,49
2018-05-01,2018-05-01T00:00:00Z,1313.199951171875,1313.800048828125,1303.4000244140625,1303.800048828125,28
2018-05-02,2018-05-02T00:00:00Z,1309.0,1309.300048828125,1302.5999755859375,1302.5999755859375,23
2018-05-03,2018-05-03T00:00:00Z,1310.699951171875,1310.699951171875,1310.699951171875,1310.699951171875,4
2018-05-04,2018-05-04T00:00:00Z,1312.699951171875,1312.699951171875,1312.699951171875,1312.699951171875,0
2018-05-07,2018-05-07T00:00:00Z,1310.5999755859375,1312.5,1310.199951171875,1312.199951171875,4
2018-05-08,2018-05-08T00:00:00Z,1310.0999755859375,1312.0,1308.5,1312.0,337
2018-05-09,2018-05-09T00:00:00Z,1311.300048828125,1311.300048828125,1311.300048828125,1311.300048828125,70
2018-05-10,2018-05-10T00:00:00Z,1312.199951171875,1320.800048828125,1312.199951171875,1320.800048828125,8
2018-05-11,2018-05-11T00:00:00Z,1319.0,1319.0,1319.0,1319.0,3
2018-05-14,2018-05-14T00:00:00Z,1319.9000244140625,1319.9000244140625,1316.5,1316.5,4
2018-05-15,2018-05-15T00:00:00Z,1304.5999755859375,1304.699951171875,1288.9000244140625,1288.9000244140625,8
2018-05-16,2018-05-16T00:00:00Z,1290.9000244140625,1294.0,1285.4000244140625,1290.199951171875,26
2018-05-17,2018-05-17T00:00:00Z,1291.300048828125,1291.300048828125,1288.199951171875,1288.199951171875,2
2018-05-18,2018-05-18T00:00:00Z,1285.199951171875,1290.199951171875,1285.199951171875,1290.199951171875,2
2018-05-21,2018-05-21T00:00:00Z,1287.4000244140625,1292.0999755859375,1287.4000244140625,1290.199951171875,52
2018-05-22,2018-05-22T00:00:00Z,1291.699951171875,1291.699951171875,1291.699951171875,1291.699951171875,50
2018-05-23,2018-05-23T00:00:00Z,1289.300048828125,1289.300048828125,1289.300048828125,1289.300048828125,10
2018-05-24,2018-05-24T00:00:00Z,1303.699951171875,1303.699951171875,1303.699951171875,1303.699951171875,0
2018-05-25,2018-05-25T00:00:00Z,1303.300048828125,1303.300048828125,1303.300048828125,1303.300048828125,1
2018-05-29,2018-05-29T00:00:00Z,1298.699951171875,1298.699951171875,1298.699951171875,1298.699951171875,386334
2018-05-30,2018-05-30T00:00:00Z,1298.0,1303.699951171875,1295.199951171875,1301.5,50845
2018-05-31,2018-05-31T00:00:00Z,1301.0,1306.800048828125,1296.5999755859375,1300.0999755859375,4082
2018-06-01,2018-06-01T00:00:00Z,1298.5999755859375,1299.5,1288.9000244140625,1294.800048828125,663
2018-06-04,2018-06-04T00:00:00Z,1293.9000244140625,1297.0999755859375,1290.0,1293.0999755859375,144
2018-06-05,2018-06-05T00:00:00Z,1292.0999755859375,1299.800048828125,1289.9000244140625,1297.5,357
2018-06-06,2018-06-06T00:00:00Z,1296.0999755859375,1300.4000244140625,1294.0999755859375,1297.0999755859375,373
2018-06-07,2018-06-07T00:00:00Z,1298.4000244140625,1302.800048828125,1296.199951171875,1298.699951171875,79
2018-06-08,2018-06-08T00:00:00Z,1295.300048828125,1299.4000244140625,1294.800048828125,1298.0999755859375,650
2018-06-11,2018-06-11T00:00:00Z,1299.300048828125,1302.0,1295.199951171875,1298.9000244140625,71
2018-06-12,2018-06-12T00:00:00Z,1297.800048828125,1298.0999755859375,1292.699951171875,1295.0999755859375,153
2018-06-13,2018-06-13T00:00:00Z,1294.0,1299.4000244140625,1290.9000244140625,1296.9000244140625,135
2018-06-14,2018-06-14T00:00:00Z,1297.199951171875,1307.699951171875,1297.199951171875,1304.0,42
2018-06-15,2018-06-15T00:00:00Z,1297.199951171875,1307.699951171875,1274.0,1274.5999755859375,589
2018-06-18,2018-06-18T00:00:00Z,1280.699951171875,1280.699951171875,1276.199951171875,1276.199951171875,35
2018-06-19,2018-06-19T00:00:00Z,1278.699951171875,1281.800048828125,1269.9000244140625,1275.5999755859375,34
2018-06-20,2018-06-20T00:00:00Z,1274.4000244140625,1274.4000244140625,1271.199951171875,1271.199951171875,7
2018-06-21,2018-06-21T00:00:00Z,1262.699951171875,1268.9000244140625,1260.0,1267.199951171875,46
2018-06-22,2018-06-22T00:00:00Z,1268.0999755859375,1270.199951171875,1267.0,1267.4000244140625,74
2018-06-25,2018-06-25T00:00:00Z,1270.5999755859375,1271.199951171875,1265.5999755859375,1265.5999755859375,37
2018-06-26,2018-06-26T00:00:00Z,1267.199951171875,1267.199951171875,1256.5999755859375,1256.5999755859375,89
2018-06-27,2018-06-27T00:00:00Z,1255.5,1255.5,1252.300048828125,1252.800048828125,1162
2018-06-28,2018-06-28T00:00:00Z,1251.699951171875,1251.699951171875,1244.800048828125,1247.800048828125,378
2018-06-29,2018-06-29T00:00:00Z,1250.300048828125,1253.300048828125,1249.0999755859375,1251.300048828125,48
2018-07-02,2018-07-02T00:00:00Z,1249.9000244140625,1249.9000244140625,1239.800048828125,1239.800048828125,29
2018-07-03,2018-07-03T00:00:00Z,1238.0999755859375,1254.0999755859375,1237.0,1251.5999755859375,36
2018-07-05,2018-07-05T00:00:00Z,1255.5,1257.300048828125,1253.5999755859375,1257.300048828125,9
2018-07-06,2018-07-06T00:00:00Z,1255.5,1255.5,1254.300048828125,1254.300048828125,7
2018-07-09,2018-07-09T00:00:00Z,1258.199951171875,1262.300048828125,1257.699951171875,1258.0999755859375,37
2018-07-10,2018-07-10T00:00:00Z,1256.199951171875,1256.9000244140625,1249.300048828125,1253.800048828125,65
2018-07-11,2018-07-11T00:00:00Z,1253.199951171875,1253.199951171875,1242.800048828125,1242.800048828125,30
2018-07-12,2018-07-12T00:00:00Z,1240.9000244140625,1246.699951171875,1240.9000244140625,1245.0,7
2018-07-13,2018-07-13T00:00:00Z,1244.699951171875,1247.0,1239.5999755859375,1239.5999755859375,2
2018-07-16,2018-07-16T00:00:00Z,1242.699951171875,1243.800048828125,1238.0999755859375,1238.0999755859375,2
2018-07-17,2018-07-17T00:00:00Z,1225.699951171875,1225.699951171875,1225.699951171875,1225.699951171875,0
2018-07-18,2018-07-18T00:00:00Z,1226.699951171875,1226.699951171875,1222.199951171875,1226.300048828125,67
2018-07-19,2018-07-19T00:00:00Z,1227.199951171875,1228.0,1211.699951171875,1222.4000244140625,33
2018-07-20,2018-07-20T00:00:00Z,1229.5,1229.5,1229.5,1229.5,0
2018-07-23,2018-07-23T00:00:00Z,1222.0,1224.0,1222.0,1224.0,1
2018-07-24,2018-07-24T00:00:00Z,1223.9000244140625,1223.9000244140625,1223.9000244140625,1223.9000244140625,0
2018-07-25,2018-07-25T00:00:00Z,1231.4000244140625,1231.4000244140625,1231.4000244140625,1231.4000244140625,0
2018-07-26,2018-07-26T00:00:00Z,1227.800048828125,1227.800048828125,1225.300048828125,1225.300048828125,1
2018-07-27,2018-07-27T00:00:00Z,1222.5999755859375,1222.5999755859375,1222.5999755859375,1222.5999755859375,254428
2018-07-30,2018-07-30T00:00:00Z,1222.5,1223.9000244140625,1218.0999755859375,1221.300048828125,62239
2018-07-31,2018-07-31T00:00:00Z,1220.4000244140625,1228.0999755859375,1213.0,1223.699951171875,2722
2018-08-01,2018-08-01T00:00:00Z,1222.9000244140625,1223.699951171875,1214.4000244140625,1217.9000244140625,1026
2018-08-02,2018-08-02T00:00:00Z,1214.699951171875,1219.300048828125,1205.800048828125,1210.5999755859375,411
2018-08-03,2018-08-03T00:00:00Z,1206.5,1218.5999755859375,1205.0999755859375,1214.199951171875,784
2018-08-06,2018-08-06T00:00:00Z,1214.4000244140625,1214.4000244140625,1206.5999755859375,1208.5999755859375,297
2018-08-07,2018-08-07T00:00:00Z,1207.800048828125,1214.800048828125,1207.800048828125,1209.5999755859375,715
2018-08-08,2018-08-08T00:00:00Z,1212.0,1215.199951171875,1205.9000244140625,1212.5999755859375,209
2018-08-09,2018-08-09T00:00:00Z,1214.5,1215.300048828125,1211.5999755859375,1211.9000244140625,44
2018-08-10,2018-08-10T00:00:00Z,1212.5,1216.4000244140625,1205.5999755859375,1211.0999755859375,75
2018-08-13,2018-08-13T00:00:00Z,1207.0,1207.4000244140625,1191.300048828125,1191.300048828125,78
2018-08-14,2018-08-14T00:00:00Z,1193.0999755859375,1197.5,1192.800048828125,1193.0,92
2018-08-15,2018-08-15T00:00:00Z,1187.800048828125,1188.0999755859375,1174.5999755859375,1177.5,71
2018-08-16,2018-08-16T00:00:00Z,1173.199951171875,1180.199951171875,1161.4000244140625,1176.199951171875,123
2018-08-17,2018-08-17T00:00:00Z,1174.699951171875,1181.199951171875,1174.699951171875,1176.5,66
2018-08-20,2018-08-20T00:00:00Z,1184.800048828125,1190.0,1184.4000244140625,1186.800048828125,68
2018-08-21,2018-08-21T00:00:00Z,1189.800048828125,1192.5999755859375,1189.800048828125,1192.5999755859375,22
2018-08-22,2018-08-22T00:00:00Z,1194.699951171875,1196.300048828125,1194.699951171875,1196.300048828125,17
2018-08-23,2018-08-23T00:00:00Z,1189.300048828125,1190.300048828125,1184.9000244140625,1187.0,95
2018-08-24,2018-08-24T00:00:00Z,1185.300048828125,1208.0,1185.300048828125,1206.300048828125,12
2018-08-27,2018-08-27T00:00:00Z,1210.300048828125,1211.4000244140625,1205.199951171875,1209.0,154
2018-08-28,2018-08-28T00:00:00Z,1209.699951171875,1217.0,1202.300048828125,1207.4000244140625,136
2018-08-29,2018-08-29T00:00:00Z,1205.199951171875,1205.199951171875,1202.4000244140625,1204.5,817
2018-08-30,2018-08-30T00:00:00Z,1205.4000244140625,1205.5999755859375,1196.0,1197.699951171875,493
2018-08-31,2018-08-31T00:00:00Z,1207.0999755859375,1208.199951171875,1199.0999755859375,1200.300048828125,191
2018-09-04,2018-09-04T00:00:00Z,1193.800048828125,1193.800048828125,1189.9000244140625,1192.699951171875,26
2018-09-05,2018-09-05T00:00:00Z,1192.5,1196.0,1192.5,1194.9000244140625,21
2018-09-06,2018-09-06T00:00:00Z,1202.0,1202.0,1197.9000244140625,1197.9000244140625,7
2018-09-07,2018-09-07T00:00:00Z,1198.300048828125,1198.300048828125,1193.0999755859375,1193.5999755859375,29
2018-09-10,2018-09-10T00:00:00Z,1193.0,1193.0,1193.0,1193.0,11
2018-09-11,2018-09-11T00:00:00Z,1190.4000244140625,1196.300048828125,1190.4000244140625,1195.4000244140625,21
2018-09-12,2018-09-12T00:00:00Z,1205.0,1205.0,1204.699951171875,1204.699951171875,37
2018-09-13,2018-09-13T00:00:00Z,1203.4000244140625,1203.4000244140625,1200.0,1202.0,22
2018-09-14,2018-09-14T00:00:00Z,1195.0,1195.0,1195.0,1195.0,1
2018-09-17,2018-09-17T00:00:00Z,1199.699951171875,1199.699951171875,1199.699951171875,1199.699951171875,0
2018-09-18,2018-09-18T00:00:00Z,1198.699951171875,1198.699951171875,1196.800048828125,1196.800048828125,2
2018-09-19,2018-09-19T00:00:00Z,1202.199951171875,1202.199951171875,1202.199951171875,1202.199951171875,0
2018-09-20,2018-09-20T00:00:00Z,1206.199951171875,1206.199951171875,1206.199951171875,1206.199951171875,0
2018-09-21,2018-09-21T00:00:00Z,1196.199951171875,1196.199951171875,1196.199951171875,1196.199951171875,0
2018-09-24,2018-09-24T00:00:00Z,1199.300048828125,1199.300048828125,1199.300048828125,1199.300048828125,0
2018-09-25,2018-09-25T00:00:00Z,1202.0999755859375,1202.800048828125,1200.0,1200.0,21
2018-09-26,2018-09-26T00:00:00Z,1194.0,1194.0,1194.0,1194.0,17857
2018-09-27,2018-09-27T00:00:00Z,1194.5999755859375,1197.300048828125,1180.5,1182.300048828125,4947
2018-09-28,2018-09-28T00:00:00Z,1181.699951171875,1191.9000244140625,1180.0,1191.5,404
2018-10-01,2018-10-01T00:00:00Z,1191.5999755859375,1191.5999755859375,1185.800048828125,1187.0999755859375,180
2018-10-02,2018-10-02T00:00:00Z,1193.0,1206.0,1190.300048828125,1202.4000244140625,451
2018-10-03,2018-10-03T00:00:00Z,1202.5999755859375,1202.5999755859375,1196.5999755859375,1198.300048828125,76
2018-10-04,2018-10-04T00:00:00Z,1199.300048828125,1204.5999755859375,1197.199951171875,1197.199951171875,496
2018-10-05,2018-10-05T00:00:00Z,1197.0999755859375,1205.300048828125,1196.9000244140625,1201.199951171875,34
2018-10-08,2018-10-08T00:00:00Z,1201.0,1201.0,1183.699951171875,1184.4000244140625,250
2018-10-09,2018-10-09T00:00:00Z,1185.5999755859375,1189.0999755859375,1185.5999755859375,1187.199951171875,9
2018-10-10,2018-10-10T00:00:00Z,1189.300048828125,1192.0,1189.300048828125,1189.300048828125,1078
2018-10-11,2018-10-11T00:00:00Z,1198.0999755859375,1224.5999755859375,1196.300048828125,1223.5,126
2018-10-12,2018-10-12T00:00:00Z,1221.5999755859375,1221.5999755859375,1216.0,1218.0999755859375,122
2018-10-15,2018-10-15T00:00:00Z,1222.4000244140625,1232.300048828125,1222.4000244140625,1226.4000244140625,136
2018-10-16,2018-10-16T00:00:00Z,1227.0999755859375,1230.5,1227.0999755859375,1227.300048828125,426
2018-10-17,2018-10-17T00:00:00Z,1225.9000244140625,1225.9000244140625,1223.699951171875,1223.699951171875,1
2018-10-18,2018-10-18T00:00:00Z,1226.5,1226.5,1226.5,1226.5,165
2018-10-19,2018-10-19T00:00:00Z,1225.300048828125,1225.300048828125,1225.300048828125,1225.300048828125,55
2018-10-22,2018-10-22T00:00:00Z,1224.5,1224.5,1219.5999755859375,1221.199951171875,18
2018-10-23,2018-10-23T00:00:00Z,1224.800048828125,1237.800048828125,1224.800048828125,1233.4000244140625,33
2018-10-24,2018-10-24T00:00:00Z,1231.5999755859375,1231.5999755859375,1227.800048828125,1227.800048828125,36
2018-10-25,2018-10-25T00:00:00Z,1238.5999755859375,1238.5999755859375,1229.0999755859375,1229.0999755859375,7
2018-10-26,2018-10-26T00:00:00Z,1234.300048828125,1234.800048828125,1232.5,1232.5,20
2018-10-29,2018-10-29T00:00:00Z,1224.5,1224.5,1224.5,1224.5,214
2018-10-30,2018-10-30T00:00:00Z,1227.699951171875,1227.699951171875,1219.800048828125,1222.5999755859375,72
2018-10-31,2018-10-31T00:00:00Z,1216.0,1216.5999755859375,1212.0,1212.300048828125,121
2018-11-01,2018-11-01T00:00:00Z,1215.4000244140625,1236.0,1215.4000244140625,1236.0,14
2018-11-02,2018-11-02T00:00:00Z,1233.300048828125,1233.300048828125,1230.9000244140625,1230.9000244140625,18
2018-11-05,2018-11-05T00:00:00Z,1230.5999755859375,1231.5,1226.699951171875,1229.800048828125,15
2018-11-06,2018-11-06T00:00:00Z,1230.699951171875,1233.800048828125,1223.800048828125,1223.800048828125,4
2018-11-07,2018-11-07T00:00:00Z,1228.5999755859375,1228.5999755859375,1226.199951171875,1226.199951171875,1
2018-11-08,2018-11-08T00:00:00Z,1222.9000244140625,1222.9000244140625,1222.9000244140625,1222.9000244140625,2
2018-11-09,2018-11-09T00:00:00Z,1207.9000244140625,1207.9000244140625,1206.4000244140625,1206.4000244140625,14
2018-11-12,2018-11-12T00:00:00Z,1201.5999755859375,1201.5999755859375,1201.300048828125,1201.300048828125,1
2018-11-13,2018-11-13T00:00:00Z,1196.300048828125,1201.300048828125,1196.300048828125,1199.199951171875,5
2018-11-14,2018-11-14T00:00:00Z,1207.9000244140625,1207.9000244140625,1207.9000244140625,1207.9000244140625,0
2018-11-15,2018-11-15T00:00:00Z,1212.800048828125,1212.800048828125,1212.800048828125,1212.800048828125,0
2018-11-16,2018-11-16T00:00:00Z,1216.699951171875,1223.800048828125,1216.699951171875,1220.800048828125,5
2018-11-19,2018-11-19T00:00:00Z,1223.0999755859375,1223.0999755859375,1223.0999755859375,1223.0999755859375,0
2018-11-20,2018-11-20T00:00:00Z,1225.300048828125,1228.800048828125,1219.0,1219.0,12
2018-11-21,2018-11-21T00:00:00Z,1225.800048828125,1225.800048828125,1225.800048828125,1225.800048828125,0
2018-11-23,2018-11-23T00:00:00Z,1224.800048828125,1224.800048828125,1221.0,1221.0,1
2018-11-26,2018-11-26T00:00:00Z,1220.199951171875,1222.0,1220.199951171875,1220.199951171875,2
2018-11-27,2018-11-27T00:00:00Z,1221.9000244140625,1222.0,1211.199951171875,1211.199951171875,5
2018-11-28,2018-11-28T00:00:00Z,1211.5,1221.4000244140625,1211.5,1221.4000244140625,247168
2018-11-29,2018-11-29T00:00:00Z,1221.0,1228.699951171875,1220.5,1224.0999755859375,55478
2018-11-30,2018-11-30T00:00:00Z,1224.0999755859375,1225.0,1216.0999755859375,1220.199951171875,2060
2018-12-03,2018-12-03T00:00:00Z,1222.5,1234.0999755859375,1221.300048828125,1233.9000244140625,751
2018-12-04,2018-12-04T00:00:00Z,1231.0,1241.4000244140625,1230.4000244140625,1241.0999755859375,474
2018-12-06,2018-12-06T00:00:00Z,1237.5,1244.4000244140625,1234.800048828125,1238.0999755859375,434
2018-12-07,2018-12-07T00:00:00Z,1238.300048828125,1249.800048828125,1237.5999755859375,1246.800048828125,211
2018-12-10,2018-12-10T00:00:00Z,1249.5999755859375,1249.5999755859375,1241.699951171875,1243.699951171875,131
2018-12-11,2018-12-11T00:00:00Z,1245.800048828125,1248.699951171875,1241.5,1241.9000244140625,117
2018-12-12,2018-12-12T00:00:00Z,1245.300048828125,1245.5999755859375,1244.0999755859375,1244.4000244140625,84
2018-12-13,2018-12-13T00:00:00Z,1243.5,1243.5,1241.0,1242.699951171875,194
2018-12-14,2018-12-14T00:00:00Z,1241.699951171875,1241.699951171875,1234.0999755859375,1237.0,33
2018-12-17,2018-12-17T00:00:00Z,1239.300048828125,1247.4000244140625,1239.300048828125,1247.4000244140625,10
2018-12-18,2018-12-18T00:00:00Z,1248.199951171875,1249.199951171875,1245.5999755859375,1249.199951171875,31
2018-12-19,2018-12-19T00:00:00Z,1255.800048828125,1255.800048828125,1252.0999755859375,1252.0999755859375,268
2018-12-20,2018-12-20T00:00:00Z,1243.199951171875,1263.5999755859375,1243.199951171875,1263.5999755859375,49
2018-12-21,2018-12-21T00:00:00Z,1260.300048828125,1261.300048828125,1253.800048828125,1253.800048828125,96
2018-12-24,2018-12-24T00:00:00Z,1260.300048828125,1268.5,1260.300048828125,1267.5,27
2018-12-26,2018-12-26T00:00:00Z,1269.300048828125,1277.4000244140625,1269.199951171875,1269.199951171875,63
2018-12-27,2018-12-27T00:00:00Z,1276.699951171875,1277.300048828125,1276.699951171875,1277.300048828125,480
2018-12-28,2018-12-28T00:00:00Z,1273.5,1280.0999755859375,1273.5,1279.9000244140625,805
2018-12-31,2018-12-31T00:00:00Z,1278.0,1281.300048828125,1277.5999755859375,1278.300048828125,19
2019-01-02,2019-01-02T00:00:00Z,1286.0,1286.0,1277.5999755859375,1281.0,149
2019-01-03,2019-01-03T00:00:00Z,1286.800048828125,1292.0,1286.699951171875,1291.800048828125,10
2019-01-04,2019-01-04T00:00:00Z,1294.199951171875,1294.199951171875,1275.300048828125,1282.699951171875,34
2019-01-07,2019-01-07T00:00:00Z,1286.800048828125,1286.800048828125,1286.5999755859375,1286.800048828125,2
2019-01-08,2019-01-08T00:00:00Z,1280.5,1283.199951171875,1278.199951171875,1283.199951171875,54
2019-01-09,2019-01-09T00:00:00Z,1279.4000244140625,1289.300048828125,1279.199951171875,1289.300048828125,102
2019-01-10,2019-01-10T00:00:00Z,1284.699951171875,1284.699951171875,1284.699951171875,1284.699951171875,0
2019-01-11,2019-01-11T00:00:00Z,1291.199951171875,1291.199951171875,1286.300048828125,1287.0999755859375,11
2019-01-14,2019-01-14T00:00:00Z,1292.4000244140625,1293.9000244140625,1289.0999755859375,1289.0999755859375,7
2019-01-15,2019-01-15T00:00:00Z,1290.0999755859375,1292.699951171875,1286.199951171875,1286.199951171875,3
2019-01-16,2019-01-16T00:00:00Z,1291.5999755859375,1291.5999755859375,1291.5999755859375,1291.5999755859375,2
2019-01-17,2019-01-17T00:00:00Z,1291.5999755859375,1292.699951171875,1288.5,1291.0,10
2019-01-18,2019-01-18T00:00:00Z,1281.300048828125,1281.300048828125,1281.300048828125,1281.300048828125,3
2019-01-22,2019-01-22T00:00:00Z,1282.5,1283.300048828125,1282.5,1282.5,7
2019-01-23,2019-01-23T00:00:00Z,1281.699951171875,1283.9000244140625,1278.699951171875,1283.0999755859375,14
2019-01-24,2019-01-24T00:00:00Z,1279.0999755859375,1279.0999755859375,1278.5,1279.0999755859375,1
2019-01-25,2019-01-25T00:00:00Z,1297.4000244140625,1297.4000244140625,1297.4000244140625,1297.4000244140625,0
2019-01-28,2019-01-28T00:00:00Z,1300.800048828125,1307.0999755859375,1298.4000244140625,1302.4000244140625,54
2019-01-29,2019-01-29T00:00:00Z,1308.199951171875,1308.199951171875,1308.199951171875,1308.199951171875,213607
2019-01-30,2019-01-30T00:00:00Z,1310.4000244140625,1323.4000244140625,1308.0999755859375,1309.9000244140625,54958
2019-01-31,2019-01-31T00:00:00Z,1320.0,1325.4000244140625,1316.699951171875,1319.699951171875,1970
2019-02-01,2019-02-01T00:00:00Z,1320.300048828125,1320.699951171875,1315.4000244140625,1316.9000244140625,878
2019-02-04,2019-02-04T00:00:00Z,1318.0999755859375,1318.0999755859375,1308.300048828125,1314.300048828125,675
2019-02-05,2019-02-05T00:00:00Z,1311.0999755859375,1315.0999755859375,1311.0,1314.199951171875,362
2019-02-06,2019-02-06T00:00:00Z,1312.5,1313.5,1305.0,1309.5,358
2019-02-07,2019-02-07T00:00:00Z,1302.9000244140625,1310.4000244140625,1302.199951171875,1309.4000244140625,203
2019-02-08,2019-02-08T00:00:00Z,1309.5,1314.0,1307.800048828125,1313.699951171875,122
2019-02-11,2019-02-11T00:00:00Z,1313.4000244140625,1313.4000244140625,1304.699951171875,1307.0,119
2019-02-12,2019-02-12T00:00:00Z,1310.0,1312.0,1307.5999755859375,1309.199951171875,109
2019-02-13,2019-02-13T00:00:00Z,1311.5999755859375,1316.0,1308.0999755859375,1310.800048828125,143
2019-02-14,2019-02-14T00:00:00Z,1305.0,1311.800048828125,1301.5999755859375,1309.800048828125,858
2019-02-15,2019-02-15T00:00:00Z,1313.5999755859375,1318.800048828125,1313.5999755859375,1318.0999755859375,190
2019-02-19,2019-02-19T00:00:00Z,1320.9000244140625,1340.0999755859375,1320.5,1340.0999755859375,390
2019-02-20,2019-02-20T00:00:00Z,1342.199951171875,1344.0,1338.0,1343.300048828125,581
2019-02-21,2019-02-21T00:00:00Z,1331.300048828125,1334.9000244140625,1320.9000244140625,1323.5,414
2019-02-22,2019-02-22T00:00:00Z,1324.199951171875,1331.300048828125,1321.0,1329.199951171875,718
2019-02-25,2019-02-25T00:00:00Z,1329.199951171875,1331.5999755859375,1325.5999755859375,1325.9000244140625,185
2019-02-26,2019-02-26T00:00:00Z,1323.300048828125,1325.5,1323.300048828125,1325.0999755859375,939
2019-02-27,2019-02-27T00:00:00Z,1327.699951171875,1327.9000244140625,1316.5,1317.699951171875,604
2019-02-28,2019-02-28T00:00:00Z,1321.0999755859375,1323.699951171875,1311.5,1312.800048828125,141
2019-03-01,2019-03-01T00:00:00Z,1312.199951171875,1312.199951171875,1288.9000244140625,1296.4000244140625,110
2019-03-04,2019-03-04T00:00:00Z,1285.5,1287.0,1281.9000244140625,1284.800048828125,28
2019-03-05,2019-03-05T00:00:00Z,1287.0,1287.0,1282.0,1282.0,114
2019-03-06,2019-03-06T00:00:00Z,1287.0999755859375,1287.0999755859375,1282.5999755859375,1284.9000244140625,14
2019-03-07,2019-03-07T00:00:00Z,1281.0,1284.5999755859375,1281.0,1283.800048828125,11
2019-03-08,2019-03-08T00:00:00Z,1292.0999755859375,1297.4000244140625,1291.5999755859375,1297.0,10
2019-03-11,2019-03-11T00:00:00Z,1291.0,1291.0,1288.800048828125,1288.800048828125,9
2019-03-12,2019-03-12T00:00:00Z,1294.699951171875,1296.300048828125,1294.699951171875,1296.300048828125,1
2019-03-13,2019-03-13T00:00:00Z,1307.5,1307.5,1307.5,1307.5,0
2019-03-14,2019-03-14T00:00:00Z,1293.4000244140625,1293.4000244140625,1293.4000244140625,1293.4000244140625,1
2019-03-15,2019-03-15T00:00:00Z,1300.9000244140625,1304.699951171875,1300.5,1301.800048828125,26
2019-03-18,2019-03-18T00:00:00Z,1297.300048828125,1302.199951171875,1297.300048828125,1300.300048828125,8
2019-03-19,2019-03-19T00:00:00Z,1306.9000244140625,1306.9000244140625,1304.800048828125,1305.0,20
2019-03-20,2019-03-20T00:00:00Z,1300.699951171875,1300.699951171875,1300.5,1300.5,2
2019-03-21,2019-03-21T00:00:00Z,1306.0999755859375,1306.0999755859375,1306.0999755859375,1306.0999755859375,0
2019-03-22,2019-03-22T00:00:00Z,1311.5999755859375,1311.5999755859375,1311.5999755859375,1311.5999755859375,0
2019-03-25,2019-03-25T00:00:00Z,1320.699951171875,1322.9000244140625,1320.699951171875,1321.9000244140625,19
2019-03-26,2019-03-26T00:00:00Z,1315.5999755859375,1315.5999755859375,1314.300048828125,1314.300048828125,1
2019-03-27,2019-03-27T00:00:00Z,1309.9000244140625,1309.9000244140625,1309.9000244140625,1309.9000244140625,206263
2019-03-28,2019-03-28T00:00:00Z,1308.4000244140625,1311.0999755859375,1287.699951171875,1289.800048828125,87798
2019-03-29,2019-03-29T00:00:00Z,1289.5999755859375,1298.5,1286.0999755859375,1293.0,1265
2019-04-01,2019-04-01T00:00:00Z,1291.800048828125,1295.9000244140625,1285.699951171875,1288.4000244140625,675
2019-04-02,2019-04-02T00:00:00Z,1286.300048828125,1290.9000244140625,1284.5,1290.0,525
2019-04-03,2019-04-03T00:00:00Z,1291.4000244140625,1293.0999755859375,1287.5,1289.9000244140625,172
2019-04-04,2019-04-04T00:00:00Z,1290.5999755859375,1292.5999755859375,1279.5,1289.0,269
2019-04-05,2019-04-05T00:00:00Z,1292.0,1292.0,1283.5999755859375,1290.4000244140625,181
2019-04-08,2019-04-08T00:00:00Z,1292.199951171875,1302.0999755859375,1291.800048828125,1297.0999755859375,63
2019-04-09,2019-04-09T00:00:00Z,1298.5,1304.9000244140625,1298.5,1303.5,30
2019-04-10,2019-04-10T00:00:00Z,1304.0,1309.0999755859375,1301.5,1309.0999755859375,66
2019-04-11,2019-04-11T00:00:00Z,1307.0,1307.0999755859375,1288.5999755859375,1288.5999755859375,420
2019-04-12,2019-04-12T00:00:00Z,1293.4000244140625,1293.4000244140625,1289.199951171875,1290.5999755859375,607
2019-04-15,2019-04-15T00:00:00Z,1284.800048828125,1287.300048828125,1282.300048828125,1286.800048828125,523
2019-04-16,2019-04-16T00:00:00Z,1285.199951171875,1285.199951171875,1272.199951171875,1272.5999755859375,643
2019-04-17,2019-04-17T00:00:00Z,1273.5,1273.5,1271.5999755859375,1272.199951171875,308
2019-04-18,2019-04-18T00:00:00Z,1270.800048828125,1273.5999755859375,1270.0999755859375,1271.9000244140625,27
2019-04-22,2019-04-22T00:00:00Z,1273.5,1273.5,1273.5,1273.5,147
2019-04-23,2019-04-23T00:00:00Z,1266.4000244140625,1269.800048828125,1266.0,1269.300048828125,206
2019-04-24,2019-04-24T00:00:00Z,1268.4000244140625,1275.5,1267.800048828125,1275.5,518
2019-04-25,2019-04-25T00:00:00Z,1280.5999755859375,1280.800048828125,1275.800048828125,1275.800048828125,95
2019-04-26,2019-04-26T00:00:00Z,1284.9000244140625,1284.9000244140625,1284.9000244140625,1284.9000244140625,804
2019-04-29,2019-04-29T00:00:00Z,1284.800048828125,1284.9000244140625,1277.0999755859375,1278.5999755859375,568
2019-04-30,2019-04-30T00:00:00Z,1281.699951171875,1283.300048828125,1280.800048828125,1282.800048828125,114
2019-05-01,2019-05-01T00:00:00Z,1278.699951171875,1283.300048828125,1278.699951171875,1281.4000244140625,70
2019-05-02,2019-05-02T00:00:00Z,1269.199951171875,1270.800048828125,1266.5999755859375,1269.699951171875,63
2019-05-03,2019-05-03T00:00:00Z,1270.0999755859375,1279.199951171875,1270.0999755859375,1279.199951171875,15
2019-05-06,2019-05-06T00:00:00Z,1282.199951171875,1282.199951171875,1280.300048828125,1281.699951171875,12
2019-05-07,2019-05-07T00:00:00Z,1280.5,1283.5,1280.5,1283.5,8
2019-05-08,2019-05-08T00:00:00Z,1279.4000244140625,1279.4000244140625,1279.4000244140625,1279.4000244140625,5
2019-05-09,2019-05-09T00:00:00Z,1278.9000244140625,1285.0,1278.800048828125,1283.5,38
2019-05-10,2019-05-10T00:00:00Z,1285.4000244140625,1286.5,1283.300048828125,1285.699951171875,6
2019-05-13,2019-05-13T00:00:00Z,1286.699951171875,1300.0999755859375,1281.800048828125,1300.0999755859375,56
2019-05-14,2019-05-14T00:00:00Z,1297.800048828125,1297.800048828125,1294.699951171875,1294.699951171875,6
2019-05-15,2019-05-15T00:00:00Z,1296.9000244140625,1296.9000244140625,1296.0,1296.300048828125,55
2019-05-16,2019-05-16T00:00:00Z,1285.199951171875,1285.4000244140625,1285.0,1285.0,3
2019-05-17,2019-05-17T00:00:00Z,1280.0,1280.0,1274.5,1274.5,1
2019-05-20,2019-05-20T00:00:00Z,1276.0999755859375,1276.0999755859375,1276.0999755859375,1276.0999755859375,20
2019-05-21,2019-05-21T00:00:00Z,1272.0,1272.0,1272.0,1272.0,0
2019-05-22,2019-05-22T00:00:00Z,1273.5999755859375,1273.5999755859375,1273.5999755859375,1273.5999755859375,0
2019-05-23,2019-05-23T00:00:00Z,1284.800048828125,1284.800048828125,1284.800048828125,1284.800048828125,0
2019-05-24,2019-05-24T00:00:00Z,1283.0,1283.0,1283.0,1283.0,9
2019-05-28,2019-05-28T00:00:00Z,1276.5,1276.5,1276.5,1276.5,0
2019-05-29,2019-05-29T00:00:00Z,1280.5999755859375,1280.5999755859375,1280.5999755859375,1280.5999755859375,189694
2019-05-30,2019-05-30T00:00:00Z,1279.4000244140625,1288.300048828125,1273.9000244140625,1287.0999755859375,55573
2019-05-31,2019-05-31T00:00:00Z,1287.699951171875,1306.4000244140625,1287.5,1305.800048828125,2814
2019-06-03,2019-06-03T00:00:00Z,1307.0,1327.800048828125,1307.0,1322.699951171875,812
2019-06-04,2019-06-04T00:00:00Z,1324.300048828125,1328.5999755859375,1320.800048828125,1323.4000244140625,302
2019-06-05,2019-06-05T00:00:00Z,1328.9000244140625,1343.300048828125,1326.300048828125,1328.300048828125,622
2019-06-06,2019-06-06T00:00:00Z,1330.800048828125,1338.699951171875,1326.199951171875,1337.5999755859375,161
2019-06-07,2019-06-07T00:00:00Z,1333.0999755859375,1347.699951171875,1329.800048828125,1341.199951171875,240
2019-06-10,2019-06-10T00:00:00Z,1335.800048828125,1336.5,1324.0999755859375,1324.699951171875,268
2019-06-11,2019-06-11T00:00:00Z,1328.4000244140625,1328.4000244140625,1319.0999755859375,1326.4000244140625,201
2019-06-12,2019-06-12T00:00:00Z,1326.9000244140625,1334.5,1326.9000244140625,1331.9000244140625,139
2019-06-13,2019-06-13T00:00:00Z,1331.5999755859375,1341.0999755859375,1331.5999755859375,1339.199951171875,157
2019-06-14,2019-06-14T00:00:00Z,1345.4000244140625,1355.4000244140625,1339.300048828125,1340.0999755859375,914
2019-06-17,2019-06-17T00:00:00Z,1339.0,1340.300048828125,1335.0,1338.699951171875,76
2019-06-18,2019-06-18T00:00:00Z,1349.300048828125,1349.300048828125,1341.5999755859375,1346.5999755859375,29
2019-06-19,2019-06-19T00:00:00Z,1344.0,1344.5999755859375,1344.0,1344.5999755859375,129
2019-06-20,2019-06-20T00:00:00Z,1381.5,1392.9000244140625,1379.5,1392.9000244140625,76
2019-06-21,2019-06-21T00:00:00Z,1406.0,1406.0,1390.300048828125,1396.199951171875,35
2019-06-24,2019-06-24T00:00:00Z,1406.0,1420.5999755859375,1402.0999755859375,1414.300048828125,125
2019-06-25,2019-06-25T00:00:00Z,1418.0999755859375,1433.300048828125,1414.9000244140625,1414.9000244140625,105
2019-06-26,2019-06-26T00:00:00Z,1407.199951171875,1413.300048828125,1405.800048828125,1411.5999755859375,1333
2019-06-27,2019-06-27T00:00:00Z,1407.0,1410.800048828125,1399.800048828125,1408.4000244140625,437
2019-06-28,2019-06-28T00:00:00Z,1408.300048828125,1422.0,1408.300048828125,1409.699951171875,356
2019-07-01,2019-07-01T00:00:00Z,1386.5999755859375,1395.800048828125,1382.800048828125,1385.5999755859375,214
2019-07-02,2019-07-02T00:00:00Z,1391.0999755859375,1418.4000244140625,1390.800048828125,1404.5999755859375,38
2019-07-03,2019-07-03T00:00:00Z,1431.0,1434.0,1413.0999755859375,1417.699951171875,46
2019-07-05,2019-07-05T00:00:00Z,1418.300048828125,1418.300048828125,1390.199951171875,1396.699951171875,20
2019-07-08,2019-07-08T00:00:00Z,1395.9000244140625,1397.0,1393.5999755859375,1397.0,14
2019-07-09,2019-07-09T00:00:00Z,1394.5,1397.5,1386.199951171875,1397.5,53
2019-07-10,2019-07-10T00:00:00Z,1409.9000244140625,1410.0999755859375,1409.9000244140625,1410.0999755859375,50
2019-07-11,2019-07-11T00:00:00Z,1424.0,1424.0,1404.300048828125,1404.300048828125,6
2019-07-12,2019-07-12T00:00:00Z,1405.5999755859375,1410.0999755859375,1405.5999755859375,1409.9000244140625,8
2019-07-15,2019-07-15T00:00:00Z,1414.4000244140625,1415.0,1411.4000244140625,1411.4000244140625,25
2019-07-16,2019-07-16T00:00:00Z,1413.5999755859375,1413.699951171875,1405.0,1409.199951171875,13
2019-07-17,2019-07-17T00:00:00Z,1404.5999755859375,1421.300048828125,1404.5999755859375,1421.300048828125,6
2019-07-18,2019-07-18T00:00:00Z,1422.300048828125,1444.199951171875,1419.5,1426.0999755859375,66
2019-07-19,2019-07-19T00:00:00Z,1440.5,1442.0,1425.0999755859375,1425.0999755859375,22
2019-07-22,2019-07-22T00:00:00Z,1425.300048828125,1425.300048828125,1424.0,1425.300048828125,1
2019-07-23,2019-07-23T00:00:00Z,1418.5999755859375,1421.300048828125,1416.300048828125,1420.0999755859375,5
2019-07-24,2019-07-24T00:00:00Z,1422.800048828125,1422.800048828125,1422.800048828125,1422.800048828125,20
2019-07-25,2019-07-25T00:00:00Z,1413.9000244140625,1413.9000244140625,1413.9000244140625,1413.9000244140625,4
2019-07-26,2019-07-26T00:00:00Z,1422.800048828125,1423.0,1418.5,1418.5,5
2019-07-29,2019-07-29T00:00:00Z,1419.5999755859375,1419.5999755859375,1419.5999755859375,1419.5999755859375,224267
2019-07-30,2019-07-30T00:00:00Z,1426.300048828125,1433.9000244140625,1422.0999755859375,1429.699951171875,73874
2019-07-31,2019-07-31T00:00:00Z,1431.300048828125,1435.800048828125,1411.199951171875,1426.0999755859375,3294
2019-08-01,2019-08-01T00:00:00Z,1411.300048828125,1445.199951171875,1400.9000244140625,1420.9000244140625,2431
2019-08-02,2019-08-02T00:00:00Z,1448.0,1448.0,1432.300048828125,1445.5999755859375,1873
2019-08-05,2019-08-05T00:00:00Z,1440.4000244140625,1469.699951171875,1440.4000244140625,1464.5999755859375,1008
2019-08-06,2019-08-06T00:00:00Z,1469.699951171875,1475.0,1457.699951171875,1472.4000244140625,460
2019-08-07,2019-08-07T00:00:00Z,1473.5,1509.9000244140625,1473.199951171875,1507.300048828125,824
2019-08-08,2019-08-08T00:00:00Z,1498.4000244140625,1508.5,1492.0,1497.699951171875,367
2019-08-09,2019-08-09T00:00:00Z,1506.199951171875,1507.5,1495.5999755859375,1496.5999755859375,74
2019-08-12,2019-08-12T00:00:00Z,1496.0,1514.9000244140625,1488.0999755859375,1505.300048828125,257
2019-08-13,2019-08-13T00:00:00Z,1510.4000244140625,1531.4000244140625,1483.699951171875,1502.199951171875,672
2019-08-14,2019-08-14T00:00:00Z,1500.0,1520.5,1497.0,1515.9000244140625,328
2019-08-15,2019-08-15T00:00:00Z,1519.800048828125,1522.699951171875,1510.5999755859375,1519.5999755859375,87
2019-08-16,2019-08-16T00:00:00Z,1524.5999755859375,1524.5999755859375,1504.699951171875,1512.5,1815
2019-08-19,2019-08-19T00:00:00Z,1507.199951171875,1507.5999755859375,1492.9000244140625,1500.4000244140625,205
2019-08-20,2019-08-20T00:00:00Z,1497.5,1506.0999755859375,1497.5,1504.5999755859375,486
2019-08-21,2019-08-21T00:00:00Z,1504.9000244140625,1505.0,1498.800048828125,1504.5999755859375,350
2019-08-22,2019-08-22T00:00:00Z,1495.0999755859375,1497.300048828125,1493.800048828125,1497.300048828125,686
2019-08-23,2019-08-23T00:00:00Z,1493.5,1527.5999755859375,1493.5,1526.5999755859375,983
2019-08-26,2019-08-26T00:00:00Z,1543.199951171875,1543.300048828125,1524.300048828125,1526.300048828125,334
2019-08-27,2019-08-27T00:00:00Z,1530.5,1542.0999755859375,1528.5,1541.0,166
2019-08-28,2019-08-28T00:00:00Z,1538.0999755859375,1538.0999755859375,1537.800048828125,1537.800048828125,2756
2019-08-29,2019-08-29T00:00:00Z,1537.5,1549.300048828125,1519.5999755859375,1526.5,704
2019-08-30,2019-08-30T00:00:00Z,1524.5999755859375,1530.4000244140625,1516.699951171875,1519.0999755859375,276
2019-09-03,2019-09-03T00:00:00Z,1522.9000244140625,1547.300048828125,1521.0,1545.9000244140625,139
2019-09-04,2019-09-04T00:00:00Z,1549.0,1553.199951171875,1534.800048828125,1550.300048828125,46
2019-09-05,2019-09-05T00:00:00Z,1551.0,1551.0999755859375,1511.0999755859375,1515.4000244140625,125
2019-09-06,2019-09-06T00:00:00Z,1517.300048828125,1526.0,1504.5,1506.199951171875,54
2019-09-09,2019-09-09T00:00:00Z,1509.0,1513.0,1498.0,1502.199951171875,69
2019-09-10,2019-09-10T00:00:00Z,1498.5,1498.5,1486.9000244140625,1490.300048828125,23
2019-09-11,2019-09-11T00:00:00Z,1491.699951171875,1496.5999755859375,1490.199951171875,1494.4000244140625,8
2019-09-12,2019-09-12T00:00:00Z,1499.5,1515.4000244140625,1498.699951171875,1498.699951171875,27
2019-09-13,2019-09-13T00:00:00Z,1490.9000244140625,1490.9000244140625,1486.9000244140625,1490.9000244140625,1
2019-09-16,2019-09-16T00:00:00Z,1506.5999755859375,1506.800048828125,1496.9000244140625,1503.0999755859375,21
2019-09-17,2019-09-17T00:00:00Z,1497.9000244140625,1505.0999755859375,1497.9000244140625,1505.0999755859375,3
2019-09-18,2019-09-18T00:00:00Z,1508.9000244140625,1509.4000244140625,1489.300048828125,1507.5,8
2019-09-19,2019-09-19T00:00:00Z,1496.0999755859375,1502.4000244140625,1496.0999755859375,1498.4000244140625,10
2019-09-20,2019-09-20T00:00:00Z,1503.0,1507.300048828125,1503.0,1507.300048828125,2
2019-09-23,2019-09-23T00:00:00Z,1515.5,1523.699951171875,1515.5,1523.699951171875,5
2019-09-24,2019-09-24T00:00:00Z,1515.0999755859375,1533.0,1515.0999755859375,1532.0999755859375,25
2019-09-25,2019-09-25T00:00:00Z,1527.5999755859375,1527.9000244140625,1504.5999755859375,1504.5999755859375,25
2019-09-26,2019-09-26T00:00:00Z,1507.5,1507.5,1507.5,1507.5,8178
2019-09-27,2019-09-27T00:00:00Z,1504.199951171875,1506.0999755859375,1485.5999755859375,1499.0999755859375,7827
2019-09-30,2019-09-30T00:00:00Z,1495.9000244140625,1495.9000244140625,1463.5,1465.699951171875,1078
2019-10-01,2019-10-01T00:00:00Z,1468.699951171875,1485.5,1458.300048828125,1482.0,219
2019-10-02,2019-10-02T00:00:00Z,1476.5999755859375,1503.699951171875,1474.0999755859375,1501.0,205
2019-10-03,2019-10-03T00:00:00Z,1497.4000244140625,1518.199951171875,1496.5999755859375,1507.0999755859375,1213
2019-10-04,2019-10-04T00:00:00Z,1505.5999755859375,1508.699951171875,1497.0999755859375,1506.199951171875,233
2019-10-07,2019-10-07T00:00:00Z,1504.800048828125,1505.800048828125,1489.0999755859375,1497.699951171875,121
2019-10-08,2019-10-08T00:00:00Z,1489.4000244140625,1506.300048828125,1489.300048828125,1497.199951171875,46
2019-10-09,2019-10-09T00:00:00Z,1507.699951171875,1507.699951171875,1498.4000244140625,1506.0999755859375,120
2019-10-10,2019-10-10T00:00:00Z,1511.199951171875,1511.199951171875,1490.5999755859375,1494.800048828125,78
2019-10-11,2019-10-11T00:00:00Z,1491.9000244140625,1494.9000244140625,1476.9000244140625,1482.699951171875,57
2019-10-14,2019-10-14T00:00:00Z,1484.4000244140625,1493.5,1481.300048828125,1491.699951171875,400
2019-10-15,2019-10-15T00:00:00Z,1488.9000244140625,1495.4000244140625,1476.5999755859375,1477.5999755859375,367
2019-10-16,2019-10-16T00:00:00Z,1482.0,1488.0,1480.0,1488.0,383
2019-10-17,2019-10-17T00:00:00Z,1486.199951171875,1493.199951171875,1485.800048828125,1492.300048828125,271
2019-10-18,2019-10-18T00:00:00Z,1487.300048828125,1489.0999755859375,1486.5999755859375,1488.199951171875,82
2019-10-21,2019-10-21T00:00:00Z,1489.9000244140625,1489.9000244140625,1481.5,1482.4000244140625,72
2019-10-22,2019-10-22T00:00:00Z,1483.4000244140625,1483.5,1481.699951171875,1481.699951171875,99
2019-10-23,2019-10-23T00:00:00Z,1486.4000244140625,1490.300048828125,1486.4000244140625,1489.9000244140625,67
2019-10-24,2019-10-24T00:00:00Z,1490.5,1501.199951171875,1485.9000244140625,1498.9000244140625,115
2019-10-25,2019-10-25T00:00:00Z,1501.4000244140625,1514.300048828125,1499.0,1499.5,93
2019-10-28,2019-10-28T00:00:00Z,1504.0999755859375,1504.0999755859375,1490.0,1490.0,37
2019-10-29,2019-10-29T00:00:00Z,1485.9000244140625,1487.0,1485.9000244140625,1487.0,425
2019-10-30,2019-10-30T00:00:00Z,1487.199951171875,1495.4000244140625,1481.0,1493.199951171875,320
2019-10-31,2019-10-31T00:00:00Z,1496.0999755859375,1513.0999755859375,1496.0999755859375,1511.4000244140625,210
2019-11-01,2019-11-01T00:00:00Z,1511.0,1511.5999755859375,1503.0,1508.0,235
2019-11-04,2019-11-04T00:00:00Z,1511.5999755859375,1511.5999755859375,1508.0,1508.0,101
2019-11-05,2019-11-05T00:00:00Z,1507.0999755859375,1507.0999755859375,1480.800048828125,1480.800048828125,31
2019-11-06,2019-11-06T00:00:00Z,1483.199951171875,1491.0,1483.199951171875,1490.199951171875,567
2019-11-07,2019-11-07T00:00:00Z,1489.0999755859375,1489.0999755859375,1464.199951171875,1464.199951171875,581
2019-11-08,2019-11-08T00:00:00Z,1469.0999755859375,1469.0999755859375,1461.300048828125,1461.300048828125,21
2019-11-11,2019-11-11T00:00:00Z,1461.0,1461.0,1449.300048828125,1455.5,22
2019-11-12,2019-11-12T00:00:00Z,1454.9000244140625,1454.9000244140625,1447.0999755859375,1452.0999755859375,6
2019-11-13,2019-11-13T00:00:00Z,1456.800048828125,1463.300048828125,1456.800048828125,1461.699951171875,56
2019-11-14,2019-11-14T00:00:00Z,1463.800048828125,1471.800048828125,1463.699951171875,1471.800048828125,83
2019-11-15,2019-11-15T00:00:00Z,1469.0999755859375,1469.0999755859375,1467.300048828125,1467.300048828125,13
2019-11-18,2019-11-18T00:00:00Z,1472.0,1472.0,1469.699951171875,1470.9000244140625,141
2019-11-19,2019-11-19T00:00:00Z,1467.699951171875,1474.300048828125,1467.699951171875,1473.300048828125,18
2019-11-20,2019-11-20T00:00:00Z,1472.5999755859375,1474.5,1467.300048828125,1473.300048828125,31
2019-11-21,2019-11-21T00:00:00Z,1463.0999755859375,1463.0999755859375,1463.0999755859375,1463.0999755859375,16
2019-11-22,2019-11-22T00:00:00Z,1468.5999755859375,1468.5999755859375,1463.0999755859375,1463.0999755859375,19
2019-11-25,2019-11-25T00:00:00Z,1457.0999755859375,1457.0999755859375,1455.5,1456.5999755859375,14
2019-11-26,2019-11-26T00:00:00Z,1459.800048828125,1459.800048828125,1459.800048828125,1459.800048828125,346362
2019-11-27,2019-11-27T00:00:00Z,1461.0999755859375,1461.9000244140625,1452.0,1453.4000244140625,88364
2019-11-29,2019-11-29T00:00:00Z,1453.5999755859375,1465.5999755859375,1452.0999755859375,1465.5999755859375,7020
2019-12-02,2019-12-02T00:00:00Z,1462.800048828125,1464.4000244140625,1453.300048828125,1462.300048828125,2172
2019-12-03,2019-12-03T00:00:00Z,1461.5999755859375,1480.4000244140625,1459.5,1478.199951171875,1460
2019-12-04,2019-12-04T00:00:00Z,1477.5,1483.4000244140625,1471.199951171875,1474.0,613
2019-12-05,2019-12-05T00:00:00Z,1474.699951171875,1478.0,1472.300048828125,1476.9000244140625,907
2019-12-06,2019-12-06T00:00:00Z,1475.0,1476.0,1458.199951171875,1459.0999755859375,899
2019-12-09,2019-12-09T00:00:00Z,1458.800048828125,1464.199951171875,1458.5999755859375,1459.300048828125,1461
2019-12-10,2019-12-10T00:00:00Z,1460.699951171875,1467.199951171875,1460.699951171875,1462.5999755859375,367
2019-12-11,2019-12-11T00:00:00Z,1463.0999755859375,1475.4000244140625,1463.0999755859375,1469.4000244140625,393
2019-12-12,2019-12-12T00:00:00Z,1475.0999755859375,1483.9000244140625,1463.699951171875,1466.699951171875,955
2019-12-13,2019-12-13T00:00:00Z,1463.0999755859375,1475.9000244140625,1463.0999755859375,1475.5999755859375,468
2019-12-16,2019-12-16T00:00:00Z,1473.800048828125,1475.300048828125,1473.800048828125,1475.0,99
2019-12-17,2019-12-17T00:00:00Z,1474.0999755859375,1476.9000244140625,1474.0,1474.5999755859375,410
2019-12-18,2019-12-18T00:00:00Z,1472.5999755859375,1472.5999755859375,1472.5999755859375,1472.5999755859375,250
2019-12-19,2019-12-19T00:00:00Z,1475.9000244140625,1478.9000244140625,1473.300048828125,1478.199951171875,319
2019-12-20,2019-12-20T00:00:00Z,1476.699951171875,1478.0999755859375,1474.699951171875,1474.699951171875,118
2019-12-23,2019-12-23T00:00:00Z,1482.300048828125,1482.5,1479.9000244140625,1482.5,391
2019-12-24,2019-12-24T00:00:00Z,1488.699951171875,1499.0999755859375,1488.699951171875,1499.0999755859375,52
2019-12-26,2019-12-26T00:00:00Z,1505.199951171875,1512.300048828125,1505.0,1509.300048828125,126
2019-12-27,2019-12-27T00:00:00Z,1513.800048828125,1513.800048828125,1513.800048828125,1513.800048828125,839
2019-12-30,2019-12-30T00:00:00Z,1512.5999755859375,1515.0999755859375,1510.0,1514.5,446
2019-12-31,2019-12-31T00:00:00Z,1513.800048828125,1523.4000244140625,1513.800048828125,1519.5,301
2020-01-02,2020-01-02T00:00:00Z,1518.0999755859375,1528.699951171875,1518.0,1524.5,214
2020-01-03,2020-01-03T00:00:00Z,1530.0999755859375,1552.699951171875,1530.0999755859375,1549.199951171875,107
2020-01-06,2020-01-06T00:00:00Z,1580.0,1580.0,1560.4000244140625,1566.199951171875,416
2020-01-07,2020-01-07T00:00:00Z,1558.300048828125,1576.300048828125,1558.300048828125,1571.800048828125,47
2020-01-08,2020-01-08T00:00:00Z,1579.699951171875,1604.199951171875,1552.300048828125,1557.4000244140625,236
2020-01-09,2020-01-09T00:00:00Z,1555.699951171875,1555.699951171875,1543.300048828125,1551.699951171875,54
2020-01-10,2020-01-10T00:00:00Z,1551.199951171875,1558.800048828125,1545.4000244140625,1557.5,16
2020-01-13,2020-01-13T00:00:00Z,1557.4000244140625,1558.0,1548.4000244140625,1548.4000244140625,48
2020-01-14,2020-01-14T00:00:00Z,1546.699951171875,1546.699951171875,1534.9000244140625,1542.4000244140625,32
2020-01-15,2020-01-15T00:00:00Z,1548.0,1553.9000244140625,1545.5999755859375,1552.0999755859375,11
2020-01-16,2020-01-16T00:00:00Z,1555.699951171875,1556.0999755859375,1548.5,1549.0,98
2020-01-17,2020-01-17T00:00:00Z,1554.0999755859375,1558.800048828125,1553.5999755859375,1558.800048828125,108
2020-01-21,2020-01-21T00:00:00Z,1559.300048828125,1566.199951171875,1551.0,1556.4000244140625,45
2020-01-22,2020-01-22T00:00:00Z,1549.800048828125,1557.0999755859375,1549.800048828125,1555.300048828125,42
2020-01-23,2020-01-23T00:00:00Z,1553.0999755859375,1564.5999755859375,1552.199951171875,1564.5999755859375,15
2020-01-24,2020-01-24T00:00:00Z,1556.300048828125,1571.0999755859375,1556.300048828125,1571.0999755859375,43
2020-01-27,2020-01-27T00:00:00Z,1584.300048828125,1584.5,1576.800048828125,1576.800048828125,22
2020-01-28,2020-01-28T00:00:00Z,1576.4000244140625,1576.4000244140625,1569.199951171875,1569.199951171875,3
2020-01-29,2020-01-29T00:00:00Z,1569.800048828125,1569.800048828125,1569.800048828125,1569.800048828125,251274
2020-01-30,2020-01-30T00:00:00Z,1576.800048828125,1585.0,1571.4000244140625,1583.5,62336
2020-01-31,2020-01-31T00:00:00Z,1573.4000244140625,1589.0,1570.0,1582.9000244140625,1095
2020-02-03,2020-02-03T00:00:00Z,1592.9000244140625,1593.300048828125,1568.199951171875,1577.199951171875,1062
2020-02-04,2020-02-04T00:00:00Z,1577.699951171875,1577.699951171875,1547.800048828125,1550.4000244140625,978
2020-02-05,2020-02-05T00:00:00Z,1553.199951171875,1560.699951171875,1547.699951171875,1557.800048828125,1305
2020-02-06,2020-02-06T00:00:00Z,1553.5999755859375,1565.5999755859375,1551.5999755859375,1565.0999755859375,110
2020-02-07,2020-02-07T00:00:00Z,1564.9000244140625,1571.9000244140625,1560.5,1568.5999755859375,431
2020-02-10,2020-02-10T00:00:00Z,1569.300048828125,1574.699951171875,1568.5999755859375,1574.699951171875,128
2020-02-11,2020-02-11T00:00:00Z,1570.9000244140625,1571.0999755859375,1561.9000244140625,1565.5999755859375,440
2020-02-12,2020-02-12T00:00:00Z,1565.199951171875,1568.699951171875,1561.0,1567.4000244140625,36
2020-02-13,2020-02-13T00:00:00Z,1570.199951171875,1575.0999755859375,1570.199951171875,1575.0999755859375,74
2020-02-14,2020-02-14T00:00:00Z,1575.800048828125,1582.699951171875,1574.800048828125,1582.699951171875,68
2020-02-18,2020-02-18T00:00:00Z,1579.800048828125,1604.300048828125,1579.800048828125,1600.0,310
2020-02-19,2020-02-19T00:00:00Z,1600.5999755859375,1610.5,1599.699951171875,1607.5,542
2020-02-20,2020-02-20T00:00:00Z,1606.5,1621.0,1603.0,1616.5999755859375,117
2020-02-21,2020-02-21T00:00:00Z,1619.300048828125,1645.0,1619.300048828125,1644.5999755859375,186
2020-02-24,2020-02-24T00:00:00Z,1657.0,1686.5999755859375,1650.0,1672.4000244140625,435
2020-02-25,2020-02-25T00:00:00Z,1645.0999755859375,1653.699951171875,1632.300048828125,1646.9000244140625,409
2020-02-26,2020-02-26T00:00:00Z,1644.0,1648.0999755859375,1636.4000244140625,1640.0,1990
2020-02-27,2020-02-27T00:00:00Z,1641.0999755859375,1658.0,1638.5,1640.0,707
2020-02-28,2020-02-28T00:00:00Z,1640.300048828125,1642.5,1564.0999755859375,1564.0999755859375,289
2020-03-02,2020-03-02T00:00:00Z,1583.9000244140625,1608.300048828125,1574.300048828125,1592.300048828125,537
2020-03-03,2020-03-03T00:00:00Z,1594.5,1645.300048828125,1594.0,1642.0999755859375,610
2020-03-04,2020-03-04T00:00:00Z,1645.4000244140625,1645.9000244140625,1631.300048828125,1641.0999755859375,83
2020-03-05,2020-03-05T00:00:00Z,1637.300048828125,1672.9000244140625,1637.199951171875,1666.4000244140625,154
2020-03-06,2020-03-06T00:00:00Z,1670.800048828125,1686.199951171875,1647.199951171875,1670.800048828125,175
2020-03-09,2020-03-09T00:00:00Z,1696.0999755859375,1701.5999755859375,1657.699951171875,1674.5,161
2020-03-10,2020-03-10T00:00:00Z,1671.5999755859375,1674.5999755859375,1643.0,1659.0999755859375,48
2020-03-11,2020-03-11T00:00:00Z,1656.5999755859375,1666.5,1635.0,1641.4000244140625,47
2020-03-12,2020-03-12T00:00:00Z,1637.0,1647.5,1566.4000244140625,1589.300048828125,256
2020-03-13,2020-03-13T00:00:00Z,1574.9000244140625,1589.800048828125,1513.800048828125,1515.699951171875,89
2020-03-16,2020-03-16T00:00:00Z,1569.0999755859375,1569.0999755859375,1452.0999755859375,1485.9000244140625,193
2020-03-17,2020-03-17T00:00:00Z,1469.300048828125,1537.699951171875,1469.300048828125,1524.9000244140625,122
2020-03-18,2020-03-18T00:00:00Z,1537.5,1542.0,1477.300048828125,1477.300048828125,333
2020-03-19,2020-03-19T00:00:00Z,1481.5,1491.5999755859375,1471.0,1478.5999755859375,262
2020-03-20,2020-03-20T00:00:00Z,1483.5,1484.0,1483.5,1484.0,14
2020-03-23,2020-03-23T00:00:00Z,1505.300048828125,1567.0,1490.199951171875,1567.0,51
2020-03-24,2020-03-24T00:00:00Z,1592.699951171875,1685.5,1592.699951171875,1660.199951171875,442
2020-03-25,2020-03-25T00:00:00Z,1676.5,1676.5,1631.0999755859375,1632.300048828125,476
2020-03-26,2020-03-26T00:00:00Z,1660.5,1660.5,1650.0999755859375,1650.0999755859375,3
2020-03-27,2020-03-27T00:00:00Z,1623.9000244140625,1623.9000244140625,1623.9000244140625,1623.9000244140625,100638
2020-03-30,2020-03-30T00:00:00Z,1641.199951171875,1652.800048828125,1607.199951171875,1622.0,16389
2020-03-31,2020-03-31T00:00:00Z,1618.699951171875,1621.0,1576.0,1583.4000244140625,2874
2020-04-01,2020-04-01T00:00:00Z,1570.0,1600.0,1570.0,1578.199951171875,2158
2020-04-02,2020-04-02T00:00:00Z,1590.9000244140625,1631.199951171875,1586.0,1625.699951171875,1294
2020-04-03,2020-04-03T00:00:00Z,1624.5,1636.0,1619.800048828125,1633.699951171875,643
2020-04-06,2020-04-06T00:00:00Z,1629.0999755859375,1696.699951171875,1625.9000244140625,1677.0,1063
2020-04-07,2020-04-07T00:00:00Z,1695.699951171875,1724.4000244140625,1658.0,1664.800048828125,1144
2020-04-08,2020-04-08T00:00:00Z,1669.699951171875,1677.0,1662.5,1665.4000244140625,747
2020-04-09,2020-04-09T00:00:00Z,1662.699951171875,1736.199951171875,1662.699951171875,1736.199951171875,825
2020-04-13,2020-04-13T00:00:00Z,1722.0,1756.800048828125,1710.699951171875,1744.800048828125,696
2020-04-14,2020-04-14T00:00:00Z,1756.800048828125,1775.0,1739.5,1756.699951171875,675
2020-04-15,2020-04-15T00:00:00Z,1739.4000244140625,1744.9000244140625,1722.699951171875,1727.199951171875,642
2020-04-16,2020-04-16T00:00:00Z,1731.0,1750.5999755859375,1715.0,1720.4000244140625,162
2020-04-17,2020-04-17T00:00:00Z,1715.699951171875,1725.0,1684.9000244140625,1689.199951171875,223
2020-04-20,2020-04-20T00:00:00Z,1686.0,1701.5999755859375,1680.0,1701.5999755859375,106
2020-04-21,2020-04-21T00:00:00Z,1697.0,1707.0999755859375,1659.9000244140625,1678.199951171875,666
2020-04-22,2020-04-22T00:00:00Z,1696.0,1728.699951171875,1684.800048828125,1728.699951171875,453
2020-04-23,2020-04-23T00:00:00Z,1734.0,1745.0999755859375,1733.300048828125,1733.300048828125,482
2020-04-24,2020-04-24T00:00:00Z,1744.0,1744.0,1714.5,1723.5,221
2020-04-27,2020-04-27T00:00:00Z,1731.9000244140625,1731.9000244140625,1711.9000244140625,1711.9000244140625,169
2020-04-28,2020-04-28T00:00:00Z,1716.5999755859375,1716.5999755859375,1707.0999755859375,1710.5,1255
2020-04-29,2020-04-29T00:00:00Z,1710.0,1713.5,1702.0,1703.4000244140625,373
2020-04-30,2020-04-30T00:00:00Z,1719.300048828125,1719.300048828125,1680.800048828125,1684.199951171875,327
2020-05-01,2020-05-01T00:00:00Z,1686.5999755859375,1701.5,1670.5,1694.5,337
2020-05-04,2020-05-04T00:00:00Z,1702.5999755859375,1709.0,1699.5999755859375,1706.9000244140625,320
2020-05-05,2020-05-05T00:00:00Z,1701.5,1704.4000244140625,1697.199951171875,1704.4000244140625,82
2020-05-06,2020-05-06T00:00:00Z,1704.0,1704.0,1684.199951171875,1684.199951171875,469
2020-05-07,2020-05-07T00:00:00Z,1686.199951171875,1721.800048828125,1685.5999755859375,1721.800048828125,853
2020-05-08,2020-05-08T00:00:00Z,1726.199951171875,1728.9000244140625,1703.800048828125,1709.9000244140625,330
2020-05-11,2020-05-11T00:00:00Z,1702.300048828125,1704.5,1690.199951171875,1695.300048828125,749
2020-05-12,2020-05-12T00:00:00Z,1699.300048828125,1713.0999755859375,1699.300048828125,1704.4000244140625,324
2020-05-13,2020-05-13T00:00:00Z,1702.0,1721.300048828125,1701.9000244140625,1713.9000244140625,431
2020-05-14,2020-05-14T00:00:00Z,1724.300048828125,1743.0999755859375,1720.5,1738.0999755859375,672
2020-05-15,2020-05-15T00:00:00Z,1739.699951171875,1753.4000244140625,1739.699951171875,1753.4000244140625,719
2020-05-18,2020-05-18T00:00:00Z,1755.699951171875,1770.5,1731.800048828125,1731.800048828125,229
2020-05-19,2020-05-19T00:00:00Z,1744.199951171875,1749.5,1744.199951171875,1744.199951171875,167
2020-05-20,2020-05-20T00:00:00Z,1751.5999755859375,1752.0999755859375,1745.5999755859375,1750.5999755859375,16
2020-05-21,2020-05-21T00:00:00Z,1746.800048828125,1746.800048828125,1720.5,1720.5,528
2020-05-22,2020-05-22T00:00:00Z,1726.5999755859375,1734.5999755859375,1726.5999755859375,1734.5999755859375,6
2020-05-26,2020-05-26T00:00:00Z,1726.4000244140625,1726.4000244140625,1704.800048828125,1704.800048828125,39
2020-05-27,2020-05-27T00:00:00Z,1685.5999755859375,1710.300048828125,1685.5999755859375,1710.300048828125,137416
2020-05-28,2020-05-28T00:00:00Z,1709.300048828125,1727.800048828125,1705.0,1713.300048828125,23355
2020-05-29,2020-05-29T00:00:00Z,1732.699951171875,1754.5,1725.300048828125,1751.699951171875,150112
2020-06-01,2020-06-01T00:00:00Z,1749.800048828125,1761.0,1737.5999755859375,1750.300048828125,146131
2020-06-02,2020-06-02T00:00:00Z,1750.300048828125,1757.0,1728.0,1734.0,175351
2020-06-03,2020-06-03T00:00:00Z,1733.699951171875,1738.9000244140625,1690.300048828125,1704.800048828125,256523
2020-06-04,2020-06-04T00:00:00Z,1702.800048828125,1729.0,1698.9000244140625,1727.4000244140625,198723
2020-06-05,2020-06-05T00:00:00Z,1720.800048828125,1723.199951171875,1671.699951171875,1683.0,273683
2020-06-08,2020-06-08T00:00:00Z,1686.699951171875,1707.5999755859375,1680.699951171875,1705.0999755859375,154767
2020-06-09,2020-06-09T00:00:00Z,1703.9000244140625,1729.4000244140625,1697.5999755859375,1721.9000244140625,182910
2020-06-10,2020-06-10T00:00:00Z,1718.9000244140625,1749.4000244140625,1714.0999755859375,1720.699951171875,198763
2020-06-11,2020-06-11T00:00:00Z,1746.5999755859375,1754.9000244140625,1727.5,1739.800048828125,205348
2020-06-12,2020-06-12T00:00:00Z,1733.5999755859375,1753.0,1728.199951171875,1737.300048828125,151397
2020-06-15,2020-06-15T00:00:00Z,1740.699951171875,1743.800048828125,1706.199951171875,1727.199951171875,200225
2020-06-16,2020-06-16T00:00:00Z,1732.300048828125,1741.300048828125,1721.800048828125,1736.5,182423
2020-06-17,2020-06-17T00:00:00Z,1735.300048828125,1739.300048828125,1717.300048828125,1735.5999755859375,140069
2020-06-18,2020-06-18T00:00:00Z,1735.5,1749.199951171875,1722.699951171875,1731.0999755859375,155912
2020-06-19,2020-06-19T00:00:00Z,1729.800048828125,1760.9000244140625,1728.300048828125,1753.0,181151
2020-06-22,2020-06-22T00:00:00Z,1765.800048828125,1779.0,1753.5,1766.4000244140625,228682
2020-06-23,2020-06-23T00:00:00Z,1764.9000244140625,1786.800048828125,1758.300048828125,1782.0,194678
2020-06-24,2020-06-24T00:00:00Z,1784.4000244140625,1796.0999755859375,1770.5999755859375,1775.0999755859375,239533
2020-06-25,2020-06-25T00:00:00Z,1772.300048828125,1779.5999755859375,1764.0999755859375,1770.5999755859375,152200
2020-06-26,2020-06-26T00:00:00Z,1774.800048828125,1786.199951171875,1754.0,1780.300048828125,201233
2020-06-29,2020-06-29T00:00:00Z,1789.199951171875,1790.4000244140625,1776.5,1781.199951171875,130505
2020-06-30,2020-06-30T00:00:00Z,1784.199951171875,1804.0,1774.800048828125,1800.5,199417
2020-07-01,2020-07-01T00:00:00Z,1798.9000244140625,1807.699951171875,1767.9000244140625,1779.9000244140625,263254
2020-07-02,2020-07-02T00:00:00Z,1779.0,1791.699951171875,1766.300048828125,1790.0,186306
2020-07-06,2020-07-06T00:00:00Z,1787.9000244140625,1799.0,1779.199951171875,1793.5,184653
2020-07-07,2020-07-07T00:00:00Z,1793.9000244140625,1810.800048828125,1781.199951171875,1809.9000244140625,221733
2020-07-08,2020-07-08T00:00:00Z,1807.9000244140625,1829.800048828125,1803.800048828125,1820.5999755859375,247500
2020-07-09,2020-07-09T00:00:00Z,1818.800048828125,1825.5,1799.5999755859375,1803.800048828125,283371
2020-07-10,2020-07-10T00:00:00Z,1808.4000244140625,1817.0,1796.5,1801.9000244140625,223832
2020-07-13,2020-07-13T00:00:00Z,1803.4000244140625,1818.800048828125,1802.0999755859375,1814.0999755859375,230398
2020-07-14,2020-07-14T00:00:00Z,1805.199951171875,1815.0,1791.0999755859375,1813.4000244140625,253207
2020-07-15,2020-07-15T00:00:00Z,1811.0999755859375,1819.5,1804.0,1813.800048828125,183055
2020-07-16,2020-07-16T00:00:00Z,1813.0999755859375,1816.199951171875,1794.0999755859375,1800.300048828125,196566
2020-07-17,2020-07-17T00:00:00Z,1796.9000244140625,1813.9000244140625,1795.199951171875,1810.0,167012
2020-07-20,2020-07-20T00:00:00Z,1812.300048828125,1823.4000244140625,1806.5999755859375,1817.4000244140625,177739
2020-07-21,2020-07-21T00:00:00Z,1819.5999755859375,1844.9000244140625,1817.199951171875,1843.9000244140625,271085
2020-07-22,2020-07-22T00:00:00Z,1842.800048828125,1871.800048828125,1842.0999755859375,1865.0999755859375,382234
2020-07-23,2020-07-23T00:00:00Z,1871.5999755859375,1897.699951171875,1863.0999755859375,1890.0,418749
2020-07-24,2020-07-24T00:00:00Z,1884.9000244140625,1904.5999755859375,1880.5,1897.5,300174
2020-07-27,2020-07-27T00:00:00Z,1901.199951171875,1941.9000244140625,1899.0,1931.0,428229
2020-07-28,2020-07-28T00:00:00Z,1937.0999755859375,1974.699951171875,1900.199951171875,1944.5999755859375,434445
2020-07-29,2020-07-29T00:00:00Z,1950.5999755859375,1974.9000244140625,1935.199951171875,1953.4000244140625,209835
2020-07-30,2020-07-30T00:00:00Z,1963.4000244140625,1965.0999755859375,1930.0,1942.300048828125,28853
2020-07-31,2020-07-31T00:00:00Z,1948.5999755859375,1981.0999755859375,1948.0,1962.800048828125,2914
2020-08-03,2020-08-03T00:00:00Z,1984.300048828125,1984.300048828125,1955.5,1966.0,178754
2020-08-04,2020-08-04T00:00:00Z,1993.5,2037.699951171875,1982.5999755859375,2021.0,274420
2020-08-05,2020-08-05T00:00:00Z,2037.0,2070.300048828125,2027.5,2049.300048828125,366379
2020-08-06,2020-08-06T00:00:00Z,2055.0,2081.800048828125,2049.0,2069.39990234375,312758
2020-08-07,2020-08-07T00:00:00Z,2076.39990234375,2089.199951171875,2024.800048828125,2028.0,398127
2020-08-10,2020-08-10T00:00:00Z,2044.800048828125,2060.800048828125,2027.800048828125,2039.699951171875,251306
2020-08-11,2020-08-11T00:00:00Z,2038.4000244140625,2040.5,1911.300048828125,1946.300048828125,565001
2020-08-12,2020-08-12T00:00:00Z,1921.5999755859375,1961.0,1874.199951171875,1949.0,459842
2020-08-13,2020-08-13T00:00:00Z,1927.300048828125,1974.800048828125,1923.0,1970.4000244140625,349891
2020-08-14,2020-08-14T00:00:00Z,1963.800048828125,1970.0,1939.0999755859375,1949.800048828125,241798
2020-08-17,2020-08-17T00:00:00Z,1956.4000244140625,2000.800048828125,1939.0999755859375,1998.699951171875,289437
2020-08-18,2020-08-18T00:00:00Z,1993.5999755859375,2024.5999755859375,1985.199951171875,2013.0999755859375,361475
2020-08-19,2020-08-19T00:00:00Z,2010.5,2015.5999755859375,1930.5,1970.300048828125,443256
2020-08-20,2020-08-20T00:00:00Z,1934.4000244140625,1963.0999755859375,1928.9000244140625,1946.5,383338
2020-08-21,2020-08-21T00:00:00Z,1955.5999755859375,1963.0999755859375,1916.5999755859375,1947.0,355065
2020-08-24,2020-08-24T00:00:00Z,1947.9000244140625,1970.300048828125,1930.800048828125,1939.199951171875,286258
2020-08-25,2020-08-25T00:00:00Z,1935.9000244140625,1944.0999755859375,1919.0999755859375,1923.0999755859375,274113
2020-08-26,2020-08-26T00:00:00Z,1939.0,1963.4000244140625,1908.4000244140625,1952.5,342207
2020-08-27,2020-08-27T00:00:00Z,1963.0,1987.0,1914.699951171875,1932.5999755859375,467170
2020-08-28,2020-08-28T00:00:00Z,1937.5,1983.0,1928.199951171875,1974.9000244140625,334102
2020-08-31,2020-08-31T00:00:00Z,1973.9000244140625,1985.800048828125,1962.300048828125,1978.5999755859375,245105
2020-09-01,2020-09-01T00:00:00Z,1973.699951171875,2001.199951171875,1969.199951171875,1978.9000244140625,304894
2020-09-02,2020-09-02T00:00:00Z,1976.800048828125,1980.4000244140625,1938.9000244140625,1944.699951171875,332591
2020-09-03,2020-09-03T00:00:00Z,1948.9000244140625,1956.5999755859375,1927.199951171875,1937.800048828125,303029
2020-09-04,2020-09-04T00:00:00Z,1938.0,1956.5999755859375,1921.5999755859375,1934.300048828125,304742
2020-09-08,2020-09-08T00:00:00Z,1938.0,1948.300048828125,1911.699951171875,1943.199951171875,416013
2020-09-09,2020-09-09T00:00:00Z,1939.4000244140625,1959.699951171875,1926.300048828125,1954.9000244140625,227182
2020-09-10,2020-09-10T00:00:00Z,1955.300048828125,1975.199951171875,1948.5999755859375,1964.300048828125,271478
2020-09-11,2020-09-11T00:00:00Z,1953.800048828125,1963.4000244140625,1944.0,1947.9000244140625,205234
2020-09-14,2020-09-14T00:00:00Z,1948.9000244140625,1972.5,1945.199951171875,1963.699951171875,200091
2020-09-15,2020-09-15T00:00:00Z,1966.199951171875,1982.4000244140625,1955.5999755859375,1966.199951171875,239538
2020-09-16,2020-09-16T00:00:00Z,1961.4000244140625,1983.800048828125,1957.199951171875,1970.5,298385
2020-09-17,2020-09-17T00:00:00Z,1967.5999755859375,1969.300048828125,1938.199951171875,1949.9000244140625,273140
2020-09-18,2020-09-18T00:00:00Z,1951.0999755859375,1968.199951171875,1951.0999755859375,1962.0999755859375,176074
2020-09-21,2020-09-21T00:00:00Z,1957.300048828125,1962.9000244140625,1885.4000244140625,1910.5999755859375,386667
2020-09-22,2020-09-22T00:00:00Z,1918.0999755859375,1925.5,1898.9000244140625,1907.5999755859375,282714
2020-09-23,2020-09-23T00:00:00Z,1905.0999755859375,1909.9000244140625,1856.0,1868.4000244140625,411558
2020-09-24,2020-09-24T00:00:00Z,1866.9000244140625,1880.9000244140625,1851.0,1876.9000244140625,345036
2020-09-25,2020-09-25T00:00:00Z,1872.699951171875,1879.300048828125,1854.0999755859375,1866.300048828125,230857
2020-09-28,2020-09-28T00:00:00Z,1862.699951171875,1888.199951171875,1851.0999755859375,1882.300048828125,235915
2020-09-29,2020-09-29T00:00:00Z,1886.4000244140625,1904.800048828125,1880.800048828125,1903.199951171875,217795
2020-09-30,2020-09-30T00:00:00Z,1903.199951171875,1908.199951171875,1885.800048828125,1895.5,259868
2020-10-01,2020-10-01T00:00:00Z,1891.199951171875,1917.9000244140625,1890.0,1916.300048828125,262086
2020-10-02,2020-10-02T00:00:00Z,1911.0,1923.5999755859375,1895.199951171875,1907.5999755859375,212728
2020-10-05,2020-10-05T00:00:00Z,1910.9000244140625,1924.9000244140625,1891.199951171875,1920.0999755859375,177587
2020-10-06,2020-10-06T00:00:00Z,1917.800048828125,1927.0,1878.199951171875,1908.800048828125,219440
2020-10-07,2020-10-07T00:00:00Z,1882.5999755859375,1902.4000244140625,1877.0999755859375,1890.800048828125,188588
2020-10-08,2020-10-08T00:00:00Z,1890.5999755859375,1905.300048828125,1885.300048828125,1895.0999755859375,185453
2020-10-09,2020-10-09T00:00:00Z,1898.4000244140625,1936.800048828125,1898.0,1926.199951171875,229847
2020-10-12,2020-10-12T00:00:00Z,1935.0,1939.4000244140625,1923.800048828125,1928.9000244140625,157212
2020-10-13,2020-10-13T00:00:00Z,1927.300048828125,1930.5999755859375,1889.300048828125,1894.5999755859375,267538
2020-10-14,2020-10-14T00:00:00Z,1895.4000244140625,1917.5,1885.0,1907.300048828125,188302
2020-10-15,2020-10-15T00:00:00Z,1906.0,1913.199951171875,1892.699951171875,1908.9000244140625,213574
2020-10-16,2020-10-16T00:00:00Z,1912.699951171875,1918.699951171875,1901.0999755859375,1906.4000244140625,146910
2020-10-19,2020-10-19T00:00:00Z,1903.199951171875,1923.4000244140625,1900.199951171875,1911.699951171875,159852
2020-10-20,2020-10-20T00:00:00Z,1906.4000244140625,1917.5999755859375,1896.5999755859375,1915.4000244140625,163912
2020-10-21,2020-10-21T00:00:00Z,1911.5999755859375,1936.0,1911.5999755859375,1929.5,201272
2020-10-22,2020-10-22T00:00:00Z,1927.4000244140625,1929.4000244140625,1894.199951171875,1904.5999755859375,215581
2020-10-23,2020-10-23T00:00:00Z,1906.5,1917.300048828125,1895.199951171875,1905.199951171875,172958
2020-10-26,2020-10-26T00:00:00Z,1906.0,1911.0999755859375,1892.5,1905.699951171875,166313
2020-10-27,2020-10-27T00:00:00Z,1904.4000244140625,1913.800048828125,1898.699951171875,1911.9000244140625,153297
2020-10-28,2020-10-28T00:00:00Z,1909.800048828125,1912.5999755859375,1869.0999755859375,1879.199951171875,297085
2020-10-29,2020-10-29T00:00:00Z,1877.5,1885.0999755859375,1859.199951171875,1868.0,225159
2020-10-30,2020-10-30T00:00:00Z,1867.9000244140625,1890.9000244140625,1863.300048828125,1879.9000244140625,213173
2020-11-02,2020-11-02T00:00:00Z,1877.0,1897.0999755859375,1873.300048828125,1892.5,164943
2020-11-03,2020-11-03T00:00:00Z,1896.4000244140625,1912.199951171875,1887.5999755859375,1910.4000244140625,171368
2020-11-04,2020-11-04T00:00:00Z,1910.300048828125,1917.9000244140625,1881.800048828125,1896.199951171875,293946
2020-11-05,2020-11-05T00:00:00Z,1903.4000244140625,1954.300048828125,1902.199951171875,1946.800048828125,297512
2020-11-06,2020-11-06T00:00:00Z,1950.0,1961.800048828125,1937.199951171875,1951.699951171875,246779
2020-11-09,2020-11-09T00:00:00Z,1956.0,1966.0999755859375,1848.0,1854.4000244140625,496088
2020-11-10,2020-11-10T00:00:00Z,1864.0999755859375,1888.9000244140625,1858.9000244140625,1876.4000244140625,264872
2020-11-11,2020-11-11T00:00:00Z,1876.0999755859375,1882.5,1853.9000244140625,1861.5999755859375,215170
2020-11-12,2020-11-12T00:00:00Z,1863.9000244140625,1883.0,1860.699951171875,1873.300048828125,209934
2020-11-13,2020-11-13T00:00:00Z,1875.5999755859375,1895.800048828125,1872.0999755859375,1886.199951171875,162538
2020-11-16,2020-11-16T00:00:00Z,1886.5999755859375,1898.0,1861.5,1887.800048828125,222937
2020-11-17,2020-11-17T00:00:00Z,1888.199951171875,1892.699951171875,1876.300048828125,1885.0999755859375,160884
2020-11-18,2020-11-18T00:00:00Z,1879.5,1884.199951171875,1860.300048828125,1873.9000244140625,209000
2020-11-19,2020-11-19T00:00:00Z,1872.0,1872.5999755859375,1850.0,1861.5,222347
2020-11-20,2020-11-20T00:00:00Z,1864.800048828125,1879.199951171875,1859.0999755859375,1872.4000244140625,186166
2020-11-23,2020-11-23T00:00:00Z,1869.800048828125,1875.0,1828.0,1837.800048828125,319657
2020-11-24,2020-11-24T00:00:00Z,1835.699951171875,1836.9000244140625,1797.0999755859375,1804.5999755859375,367879
2020-11-25,2020-11-25T00:00:00Z,1805.199951171875,1816.300048828125,1798.5999755859375,1805.5,205754
2020-11-27,2020-11-27T00:00:00Z,1806.0999755859375,1817.0,1770.699951171875,1781.9000244140625,71804
2020-11-30,2020-11-30T00:00:00Z,1785.0,1787.199951171875,1762.300048828125,1775.699951171875,3145
2020-12-01,2020-12-01T00:00:00Z,1775.0,1815.9000244140625,1774.9000244140625,1814.0999755859375,203653
2020-12-02,2020-12-02T00:00:00Z,1819.0999755859375,1835.699951171875,1810.5,1830.199951171875,185323
2020-12-03,2020-12-03T00:00:00Z,1833.9000244140625,1847.4000244140625,1826.699951171875,1841.0999755859375,180357
2020-12-04,2020-12-04T00:00:00Z,1844.699951171875,1852.699951171875,1832.0,1840.0,171259
2020-12-07,2020-12-07T00:00:00Z,1841.0999755859375,1873.0,1824.800048828125,1866.0,209042
2020-12-08,2020-12-08T00:00:00Z,1866.0999755859375,1879.800048828125,1863.9000244140625,1874.9000244140625,151792
2020-12-09,2020-12-09T00:00:00Z,1875.4000244140625,1875.9000244140625,1828.199951171875,1838.5,219587
2020-12-10,2020-12-10T00:00:00Z,1843.0,1854.199951171875,1831.5,1837.4000244140625,164803
2020-12-11,2020-12-11T00:00:00Z,1840.0,1851.800048828125,1826.800048828125,1843.5999755859375,153800
2020-12-14,2020-12-14T00:00:00Z,1845.0,1845.5999755859375,1820.0,1832.0999755859375,168491
2020-12-15,2020-12-15T00:00:00Z,1830.5,1859.300048828125,1828.5,1855.300048828125,173607
2020-12-16,2020-12-16T00:00:00Z,1857.699951171875,1870.0,1848.199951171875,1859.0999755859375,199679
2020-12-17,2020-12-17T00:00:00Z,1868.4000244140625,1902.0,1865.9000244140625,1890.4000244140625,219866
2020-12-18,2020-12-18T00:00:00Z,1891.300048828125,1895.699951171875,1881.9000244140625,1888.9000244140625,153231
2020-12-21,2020-12-21T00:00:00Z,1892.9000244140625,1912.0,1859.0,1882.800048828125,232045
2020-12-22,2020-12-22T00:00:00Z,1883.0,1889.4000244140625,1863.699951171875,1870.300048828125,176016
2020-12-23,2020-12-23T00:00:00Z,1865.5999755859375,1883.699951171875,1860.9000244140625,1878.0999755859375,162537
2020-12-24,2020-12-24T00:00:00Z,1877.300048828125,1887.4000244140625,1873.0999755859375,1883.199951171875,89405
2020-12-28,2020-12-28T00:00:00Z,1887.0,1904.0999755859375,1873.0,1880.4000244140625,196760
2020-12-29,2020-12-29T00:00:00Z,1878.0,1891.300048828125,1875.5999755859375,1882.9000244140625,149267
2020-12-30,2020-12-30T00:00:00Z,1881.800048828125,1899.0,1879.5,1893.4000244140625,133658
2020-12-31,2020-12-31T00:00:00Z,1899.0,1904.9000244140625,1889.0999755859375,1895.0999755859375,130631
2021-01-04,2021-01-04T00:00:00Z,1908.199951171875,1948.699951171875,1906.0999755859375,1946.5999755859375,273370
2021-01-05,2021-01-05T00:00:00Z,1946.0,1957.0,1938.4000244140625,1954.4000244140625,201945
2021-01-06,2021-01-06T00:00:00Z,1952.800048828125,1962.5,1902.5999755859375,1908.5999755859375,366605
2021-01-07,2021-01-07T00:00:00Z,1921.5,1929.5999755859375,1907.5,1913.5999755859375,199982
2021-01-08,2021-01-08T00:00:00Z,1915.199951171875,1918.4000244140625,1827.800048828125,1835.4000244140625,443506
2021-01-11,2021-01-11T00:00:00Z,1849.4000244140625,1856.0,1817.0999755859375,1850.800048828125,268363
2021-01-12,2021-01-12T00:00:00Z,1845.4000244140625,1864.0,1835.800048828125,1844.199951171875,240656
2021-01-13,2021-01-13T00:00:00Z,1855.0,1863.0,1841.5999755859375,1854.9000244140625,225988
2021-01-14,2021-01-14T00:00:00Z,1845.5999755859375,1857.5999755859375,1826.5999755859375,1851.4000244140625,257661
2021-01-15,2021-01-15T00:00:00Z,1847.300048828125,1856.5999755859375,1822.0999755859375,1829.9000244140625,231105
2021-01-19,2021-01-19T00:00:00Z,1828.800048828125,1845.0,1800.800048828125,1840.199951171875,331589
2021-01-20,2021-01-20T00:00:00Z,1839.9000244140625,1872.0,1831.0999755859375,1866.5,274396
2021-01-21,2021-01-21T00:00:00Z,1871.0,1874.5999755859375,1857.5,1865.9000244140625,196937
2021-01-22,2021-01-22T00:00:00Z,1870.0999755859375,1870.800048828125,1836.300048828125,1856.199951171875,249715
2021-01-25,2021-01-25T00:00:00Z,1855.300048828125,1867.4000244140625,1846.199951171875,1855.199951171875,211978
2021-01-26,2021-01-26T00:00:00Z,1854.9000244140625,1860.800048828125,1847.199951171875,1850.9000244140625,170259
2021-01-27,2021-01-27T00:00:00Z,1849.699951171875,1851.5,1828.4000244140625,1844.9000244140625,195540
2021-01-28,2021-01-28T00:00:00Z,1843.4000244140625,1862.9000244140625,1831.5,1837.9000244140625,27283
2021-01-29,2021-01-29T00:00:00Z,1842.0,1876.0,1838.699951171875,1847.300048828125,276173
2021-02-01,2021-02-01T00:00:00Z,1865.0,1876.0,1851.699951171875,1863.9000244140625,242045
2021-02-02,2021-02-02T00:00:00Z,1863.5999755859375,1866.300048828125,1830.4000244140625,1833.4000244140625,235995
2021-02-03,2021-02-03T00:00:00Z,1838.5,1845.9000244140625,1830.0999755859375,1835.0999755859375,137228
2021-02-04,2021-02-04T00:00:00Z,1834.5,1835.699951171875,1784.5999755859375,1791.199951171875,279616
2021-02-05,2021-02-05T00:00:00Z,1794.300048828125,1816.0,1792.199951171875,1813.0,205758
2021-02-08,2021-02-08T00:00:00Z,1818.0999755859375,1840.5999755859375,1807.300048828125,1834.199951171875,177562
2021-02-09,2021-02-09T00:00:00Z,1832.4000244140625,1849.5,1830.300048828125,1837.5,154392
2021-02-10,2021-02-10T00:00:00Z,1838.300048828125,1856.5999755859375,1834.0,1842.699951171875,176443
2021-02-11,2021-02-11T00:00:00Z,1844.300048828125,1848.5999755859375,1821.699951171875,1826.800048828125,147019
2021-02-12,2021-02-12T00:00:00Z,1825.4000244140625,1831.5,1810.0999755859375,1823.199951171875,171902
2021-02-16,2021-02-16T00:00:00Z,1826.0,1827.0999755859375,1788.0999755859375,1799.0,355922
2021-02-17,2021-02-17T00:00:00Z,1793.0999755859375,1794.199951171875,1767.9000244140625,1772.800048828125,257335
2021-02-18,2021-02-18T00:00:00Z,1776.0,1788.800048828125,1766.5999755859375,1775.0,224767
2021-02-19,2021-02-19T00:00:00Z,1774.5999755859375,1790.9000244140625,1759.0,1777.4000244140625,251783
2021-02-22,2021-02-22T00:00:00Z,1782.0,1812.4000244140625,1778.5999755859375,1808.4000244140625,221198
2021-02-23,2021-02-23T00:00:00Z,1809.300048828125,1815.199951171875,1794.5,1805.9000244140625,191147
2021-02-24,2021-02-24T00:00:00Z,1805.0,1813.0,1782.199951171875,1797.9000244140625,224060
2021-02-25,2021-02-25T00:00:00Z,1804.9000244140625,1805.0,1763.9000244140625,1775.4000244140625,316252
2021-02-26,2021-02-26T00:00:00Z,1770.9000244140625,1773.800048828125,1714.9000244140625,1728.800048828125,362549
2021-03-01,2021-03-01T00:00:00Z,1732.800048828125,1757.4000244140625,1717.199951171875,1723.0,241917
2021-03-02,2021-03-02T00:00:00Z,1722.800048828125,1737.800048828125,1704.5999755859375,1733.5999755859375,235964
2021-03-03,2021-03-03T00:00:00Z,1736.5,1739.0999755859375,1699.4000244140625,1715.800048828125,255653
2021-03-04,2021-03-04T00:00:00Z,1708.4000244140625,1721.5999755859375,1687.5999755859375,1700.699951171875,277449
2021-03-05,2021-03-05T00:00:00Z,1695.300048828125,1705.699951171875,1683.0,1698.5,269333
2021-03-08,2021-03-08T00:00:00Z,1701.5999755859375,1712.0,1673.300048828125,1678.0,273905
2021-03-09,2021-03-09T00:00:00Z,1679.300048828125,1718.699951171875,1676.699951171875,1716.9000244140625,248946
2021-03-10,2021-03-10T00:00:00Z,1714.5,1725.300048828125,1705.5999755859375,1721.800048828125,226890
2021-03-11,2021-03-11T00:00:00Z,1725.0,1738.0,1716.800048828125,1722.5999755859375,215341
2021-03-12,2021-03-12T00:00:00Z,1720.5,1728.0,1696.5999755859375,1719.800048828125,232207
2021-03-15,2021-03-15T00:00:00Z,1726.5,1733.199951171875,1719.199951171875,1729.199951171875,163045
2021-03-16,2021-03-16T00:00:00Z,1730.699951171875,1740.5,1724.4000244140625,1730.9000244140625,173891
2021-03-17,2021-03-17T00:00:00Z,1730.0,1750.5999755859375,1722.0,1727.0999755859375,220553
2021-03-18,2021-03-18T00:00:00Z,1744.0,1754.199951171875,1716.5999755859375,1732.5,251758
2021-03-19,2021-03-19T00:00:00Z,1733.699951171875,1746.0999755859375,1727.0999755859375,1741.699951171875,213282
2021-03-22,2021-03-22T00:00:00Z,1745.5999755859375,1747.0,1726.4000244140625,1738.0999755859375,196311
2021-03-23,2021-03-23T00:00:00Z,1738.5,1742.0,1722.699951171875,1725.0999755859375,226204
2021-03-24,2021-03-24T00:00:00Z,1725.9000244140625,1737.699951171875,1722.300048828125,1733.199951171875,186524
2021-03-25,2021-03-25T00:00:00Z,1733.199951171875,1744.800048828125,1720.300048828125,1725.0999755859375,226207
2021-03-26,2021-03-26T00:00:00Z,1725.5,1735.5,1718.800048828125,1732.300048828125,172944
2021-03-29,2021-03-29T00:00:00Z,1731.5,1732.5999755859375,1703.300048828125,1712.199951171875,135457
2021-03-30,2021-03-30T00:00:00Z,1711.0,1712.5999755859375,1676.5,1683.9000244140625,25316
2021-03-31,2021-03-31T00:00:00Z,1683.699951171875,1713.800048828125,1676.5,1713.800048828125,210770
2021-04-01,2021-04-01T00:00:00Z,1709.0,1732.0,1706.4000244140625,1728.4000244140625,170430
2021-04-05,2021-04-05T00:00:00Z,1730.0,1734.4000244140625,1721.5999755859375,1728.800048828125,101746
2021-04-06,2021-04-06T00:00:00Z,1729.199951171875,1746.699951171875,1728.199951171875,1743.0,152598
2021-04-07,2021-04-07T00:00:00Z,1744.4000244140625,1745.4000244140625,1731.199951171875,1741.5999755859375,122802
2021-04-08,2021-04-08T00:00:00Z,1738.5999755859375,1759.4000244140625,1733.5999755859375,1758.199951171875,144574
2021-04-09,2021-04-09T00:00:00Z,1756.5,1758.199951171875,1730.800048828125,1744.800048828125,171395
2021-04-12,2021-04-12T00:00:00Z,1744.5,1746.199951171875,1727.0,1732.699951171875,125360
2021-04-13,2021-04-13T00:00:00Z,1732.199951171875,1749.5,1723.199951171875,1747.5999755859375,175594
2021-04-14,2021-04-14T00:00:00Z,1746.4000244140625,1750.699951171875,1732.300048828125,1736.300048828125,145260
2021-04-15,2021-04-15T00:00:00Z,1736.5999755859375,1770.5999755859375,1734.4000244140625,1766.800048828125,198143
2021-04-16,2021-04-16T00:00:00Z,1764.800048828125,1784.699951171875,1760.300048828125,1780.199951171875,173498
2021-04-19,2021-04-19T00:00:00Z,1778.800048828125,1790.4000244140625,1766.5999755859375,1770.5999755859375,180726
2021-04-20,2021-04-20T00:00:00Z,1770.5,1780.800048828125,1763.5,1778.4000244140625,169041
2021-04-21,2021-04-21T00:00:00Z,1779.0999755859375,1798.4000244140625,1776.5999755859375,1793.0999755859375,173968
2021-04-22,2021-04-22T00:00:00Z,1794.5,1798.0999755859375,1777.0999755859375,1782.0,163753
2021-04-23,2021-04-23T00:00:00Z,1784.0,1796.300048828125,1769.5,1777.800048828125,175847
2021-04-26,2021-04-26T00:00:00Z,1776.0999755859375,1783.0999755859375,1768.199951171875,1780.0999755859375,143358
2021-04-27,2021-04-27T00:00:00Z,1781.0999755859375,1785.9000244140625,1773.9000244140625,1778.800048828125,147945
2021-04-28,2021-04-28T00:00:00Z,1776.4000244140625,1782.699951171875,1761.800048828125,1773.9000244140625,198578
2021-04-29,2021-04-29T00:00:00Z,1781.9000244140625,1789.9000244140625,1754.5999755859375,1768.300048828125,231520
2021-04-30,2021-04-30T00:00:00Z,1772.4000244140625,1773.300048828125,1763.300048828125,1767.699951171875,167292
2021-05-03,2021-05-03T00:00:00Z,1768.0999755859375,1798.9000244140625,1765.5999755859375,1791.800048828125,204543
2021-05-04,2021-05-04T00:00:00Z,1793.199951171875,1799.5,1769.199951171875,1776.0,246585
2021-05-05,2021-05-05T00:00:00Z,1778.4000244140625,1788.0999755859375,1769.300048828125,1784.300048828125,178811
2021-05-06,2021-05-06T00:00:00Z,1787.0,1818.5999755859375,1781.800048828125,1815.699951171875,287629
2021-05-07,2021-05-07T00:00:00Z,1815.4000244140625,1844.5999755859375,1813.4000244140625,1831.300048828125,367695
2021-05-10,2021-05-10T00:00:00Z,1835.4000244140625,1846.300048828125,1830.5,1837.5999755859375,269707
2021-05-11,2021-05-11T00:00:00Z,1836.199951171875,1842.5,1817.800048828125,1836.0999755859375,311104
2021-05-12,2021-05-12T00:00:00Z,1838.199951171875,1844.699951171875,1813.0,1822.800048828125,339207
2021-05-13,2021-05-13T00:00:00Z,1816.199951171875,1829.0999755859375,1808.4000244140625,1824.0,249928
2021-05-14,2021-05-14T00:00:00Z,1826.4000244140625,1847.0999755859375,1819.0,1838.0999755859375,224380
2021-05-17,2021-05-17T00:00:00Z,1845.9000244140625,1869.300048828125,1841.0999755859375,1867.5999755859375,267705
2021-05-18,2021-05-18T00:00:00Z,1867.300048828125,1875.9000244140625,1863.5,1868.0,229016
2021-05-19,2021-05-19T00:00:00Z,1870.199951171875,1891.300048828125,1852.199951171875,1881.5,398212
2021-05-20,2021-05-20T00:00:00Z,1869.9000244140625,1885.300048828125,1864.199951171875,1881.9000244140625,223568
2021-05-21,2021-05-21T00:00:00Z,1878.0999755859375,1890.300048828125,1870.300048828125,1876.699951171875,234291
2021-05-24,2021-05-24T00:00:00Z,1883.5,1887.9000244140625,1875.699951171875,1884.5,183312
2021-05-25,2021-05-25T00:00:00Z,1881.199951171875,1901.199951171875,1873.199951171875,1898.0,316673
2021-05-26,2021-05-26T00:00:00Z,1900.0,1913.300048828125,1890.699951171875,1901.199951171875,170526
2021-05-27,2021-05-27T00:00:00Z,1896.800048828125,1903.9000244140625,1888.199951171875,1895.699951171875,35794
2021-05-28,2021-05-28T00:00:00Z,1897.5,1905.4000244140625,1881.9000244140625,1902.5,198141
2021-06-01,2021-06-01T00:00:00Z,1906.800048828125,1919.199951171875,1894.5,1905.0,290653
2021-06-02,2021-06-02T00:00:00Z,1903.0,1911.800048828125,1896.4000244140625,1909.9000244140625,166036
2021-06-03,2021-06-03T00:00:00Z,1910.5,1912.300048828125,1866.699951171875,1873.300048828125,278578
2021-06-04,2021-06-04T00:00:00Z,1872.699951171875,1899.0,1855.5999755859375,1892.0,228826
2021-06-07,2021-06-07T00:00:00Z,1894.300048828125,1902.9000244140625,1883.699951171875,1898.800048828125,146018
2021-06-08,2021-06-08T00:00:00Z,1901.5999755859375,1906.9000244140625,1885.699951171875,1894.4000244140625,173604
2021-06-09,2021-06-09T00:00:00Z,1894.4000244140625,1901.699951171875,1889.300048828125,1895.5,147332
2021-06-10,2021-06-10T00:00:00Z,1891.4000244140625,1903.0,1871.800048828125,1896.4000244140625,250551
2021-06-11,2021-06-11T00:00:00Z,1901.9000244140625,1906.199951171875,1876.0999755859375,1879.5999755859375,220455
2021-06-14,2021-06-14T00:00:00Z,1879.5999755859375,1879.699951171875,1845.699951171875,1865.9000244140625,242302
2021-06-15,2021-06-15T00:00:00Z,1867.800048828125,1870.9000244140625,1853.0,1856.4000244140625,155343
2021-06-16,2021-06-16T00:00:00Z,1861.0,1866.0,1804.4000244140625,1861.4000244140625,234104
2021-06-17,2021-06-17T00:00:00Z,1812.300048828125,1826.4000244140625,1767.9000244140625,1774.800048828125,385888
2021-06-18,2021-06-18T00:00:00Z,1773.9000244140625,1797.9000244140625,1761.199951171875,1769.0,264605
2021-06-21,2021-06-21T00:00:00Z,1764.300048828125,1786.9000244140625,1764.0999755859375,1782.9000244140625,195523
2021-06-22,2021-06-22T00:00:00Z,1783.199951171875,1790.0999755859375,1771.199951171875,1777.4000244140625,172745
2021-06-23,2021-06-23T00:00:00Z,1779.0999755859375,1795.5999755859375,1773.0999755859375,1783.4000244140625,179273
2021-06-24,2021-06-24T00:00:00Z,1778.199951171875,1788.5999755859375,1772.699951171875,1776.699951171875,152232
2021-06-25,2021-06-25T00:00:00Z,1775.699951171875,1791.0,1773.5999755859375,1777.800048828125,161203
2021-06-28,2021-06-28T00:00:00Z,1782.0,1786.0999755859375,1770.4000244140625,1780.699951171875,160788
2021-06-29,2021-06-29T00:00:00Z,1778.800048828125,1779.199951171875,1750.0999755859375,1763.5999755859375,239910
2021-06-30,2021-06-30T00:00:00Z,1761.9000244140625,1774.699951171875,1753.199951171875,1771.5999755859375,177887
2021-07-01,2021-07-01T00:00:00Z,1770.800048828125,1783.4000244140625,1765.9000244140625,1776.800048828125,171443
2021-07-02,2021-07-02T00:00:00Z,1777.5,1795.9000244140625,1774.4000244140625,1783.300048828125,205858
2021-07-06,2021-07-06T00:00:00Z,1787.5,1815.699951171875,1784.699951171875,1794.199951171875,276597
2021-07-07,2021-07-07T00:00:00Z,1797.0,1810.199951171875,1794.0999755859375,1802.0999755859375,171075
2021-07-08,2021-07-08T00:00:00Z,1803.800048828125,1819.5,1793.5,1800.199951171875,249340
2021-07-09,2021-07-09T00:00:00Z,1803.199951171875,1813.0,1796.5999755859375,1810.5999755859375,185581
2021-07-12,2021-07-12T00:00:00Z,1808.5,1811.0,1791.0,1805.9000244140625,201416
2021-07-13,2021-07-13T00:00:00Z,1806.699951171875,1818.0,1798.699951171875,1809.9000244140625,242177
2021-07-14,2021-07-14T00:00:00Z,1808.300048828125,1831.0999755859375,1804.9000244140625,1825.0,229879
2021-07-15,2021-07-15T00:00:00Z,1828.699951171875,1835.0,1820.5999755859375,1829.0,175611
2021-07-16,2021-07-16T00:00:00Z,1830.699951171875,1832.699951171875,1809.5,1815.0,184655
2021-07-19,2021-07-19T00:00:00Z,1811.5999755859375,1818.0,1795.0,1809.199951171875,249675
2021-07-20,2021-07-20T00:00:00Z,1813.5,1825.9000244140625,1805.199951171875,1811.4000244140625,221136
2021-07-21,2021-07-21T00:00:00Z,1810.5999755859375,1814.4000244140625,1794.300048828125,1803.4000244140625,218636
2021-07-22,2021-07-22T00:00:00Z,1803.9000244140625,1808.4000244140625,1791.9000244140625,1805.4000244140625,193318
2021-07-23,2021-07-23T00:00:00Z,1807.699951171875,1810.699951171875,1789.0999755859375,1801.800048828125,236764
2021-07-26,2021-07-26T00:00:00Z,1802.300048828125,1812.0,1796.0,1799.199951171875,204547
2021-07-27,2021-07-27T00:00:00Z,1797.0999755859375,1805.4000244140625,1792.800048828125,1799.800048828125,177043
2021-07-28,2021-07-28T00:00:00Z,1798.5999755859375,1809.0,1790.699951171875,1799.699951171875,209783
2021-07-29,2021-07-29T00:00:00Z,1806.5999755859375,1832.5999755859375,1806.0999755859375,1831.199951171875,30496
2021-07-30,2021-07-30T00:00:00Z,1828.0,1830.5,1808.9000244140625,1812.5999755859375,157136
2021-08-02,2021-08-02T00:00:00Z,1817.0,1823.199951171875,1808.199951171875,1822.199951171875,159755
2021-08-03,2021-08-03T00:00:00Z,1816.800048828125,1818.199951171875,1809.5,1814.0999755859375,103450
2021-08-04,2021-08-04T00:00:00Z,1813.699951171875,1835.9000244140625,1808.300048828125,1814.5,244683
2021-08-05,2021-08-05T00:00:00Z,1814.9000244140625,1817.9000244140625,1799.699951171875,1808.9000244140625,169840
2021-08-06,2021-08-06T00:00:00Z,1806.699951171875,1807.0,1759.5,1763.0999755859375,323149
2021-08-09,2021-08-09T00:00:00Z,1765.0,1765.699951171875,1677.9000244140625,1726.5,289543
2021-08-10,2021-08-10T00:00:00Z,1732.0,1739.4000244140625,1718.5,1731.699951171875,182561
2021-08-11,2021-08-11T00:00:00Z,1730.4000244140625,1756.699951171875,1724.5999755859375,1753.300048828125,185442
2021-08-12,2021-08-12T00:00:00Z,1752.9000244140625,1759.5999755859375,1742.5999755859375,1751.800048828125,137119
2021-08-13,2021-08-13T00:00:00Z,1754.4000244140625,1781.9000244140625,1753.0,1778.199951171875,144809
2021-08-16,2021-08-16T00:00:00Z,1780.699951171875,1791.300048828125,1772.0,1789.800048828125,137698
2021-08-17,2021-08-17T00:00:00Z,1789.0999755859375,1797.5999755859375,1782.0999755859375,1787.800048828125,144815
2021-08-18,2021-08-18T00:00:00Z,1787.800048828125,1795.699951171875,1778.800048828125,1784.4000244140625,132725
2021-08-19,2021-08-19T00:00:00Z,1789.5,1795.0,1774.5999755859375,1783.0999755859375,151245
2021-08-20,2021-08-20T00:00:00Z,1782.800048828125,1791.0,1780.0,1784.0,107966
2021-08-23,2021-08-23T00:00:00Z,1781.199951171875,1809.0999755859375,1778.0,1806.300048828125,156318
2021-08-24,2021-08-24T00:00:00Z,1807.5999755859375,1812.199951171875,1802.5999755859375,1808.5,114785
2021-08-25,2021-08-25T00:00:00Z,1805.0999755859375,1805.300048828125,1784.0,1791.0,163463
2021-08-26,2021-08-26T00:00:00Z,1793.0,1800.4000244140625,1781.300048828125,1795.199951171875,134534
2021-08-27,2021-08-27T00:00:00Z,1795.199951171875,1821.9000244140625,1785.199951171875,1819.5,203642
2021-08-30,2021-08-30T00:00:00Z,1821.5999755859375,1826.5,1810.0,1812.199951171875,104875
2021-08-31,2021-08-31T00:00:00Z,1812.199951171875,1821.9000244140625,1803.4000244140625,1818.0999755859375,170387
2021-09-01,2021-09-01T00:00:00Z,1816.699951171875,1822.699951171875,1810.5999755859375,1816.0,140116
2021-09-02,2021-09-02T00:00:00Z,1816.199951171875,1819.5999755859375,1806.5,1811.5,113025
2021-09-03,2021-09-03T00:00:00Z,1811.5,1836.9000244140625,1810.9000244140625,1833.699951171875,184984
2021-09-07,2021-09-07T00:00:00Z,1833.5,1833.5,1793.699951171875,1798.5,252475
2021-09-08,2021-09-08T00:00:00Z,1796.0999755859375,1804.4000244140625,1783.0999755859375,1793.5,161258
2021-09-09,2021-09-09T00:00:00Z,1790.9000244140625,1803.4000244140625,1785.0999755859375,1800.0,154126
2021-09-10,2021-09-10T00:00:00Z,1796.199951171875,1806.0,1788.199951171875,1792.0999755859375,136246
2021-09-13,2021-09-13T00:00:00Z,1789.800048828125,1800.199951171875,1784.4000244140625,1794.4000244140625,114310
2021-09-14,2021-09-14T00:00:00Z,1794.800048828125,1810.5999755859375,1780.5999755859375,1807.0999755859375,197954
2021-09-15,2021-09-15T00:00:00Z,1806.5999755859375,1808.5,1791.699951171875,1794.800048828125,139297
2021-09-16,2021-09-16T00:00:00Z,1795.5,1797.300048828125,1745.5,1756.699951171875,255267
2021-09-17,2021-09-17T00:00:00Z,1754.5999755859375,1767.800048828125,1747.0999755859375,1751.4000244140625,183254
2021-09-20,2021-09-20T00:00:00Z,1754.199951171875,1768.4000244140625,1742.300048828125,1763.800048828125,152451
2021-09-21,2021-09-21T00:00:00Z,1765.5,1782.800048828125,1758.300048828125,1778.199951171875,141622
2021-09-22,2021-09-22T00:00:00Z,1775.0,1788.4000244140625,1764.5999755859375,1778.800048828125,172348
2021-09-23,2021-09-23T00:00:00Z,1769.199951171875,1777.0999755859375,1737.5,1749.800048828125,225456
2021-09-24,2021-09-24T00:00:00Z,1743.699951171875,1758.0,1740.199951171875,1751.699951171875,151552
2021-09-27,2021-09-27T00:00:00Z,1751.800048828125,1760.9000244140625,1744.699951171875,1752.0,137574
2021-09-28,2021-09-28T00:00:00Z,1750.0,1754.300048828125,1727.800048828125,1737.5,215840
2021-09-29,2021-09-29T00:00:00Z,1734.0,1746.0,1721.0999755859375,1722.9000244140625,177389
2021-09-30,2021-09-30T00:00:00Z,1726.0,1765.0,1721.800048828125,1757.0,246365
2021-10-01,2021-10-01T00:00:00Z,1757.199951171875,1765.199951171875,1749.9000244140625,1758.4000244140625,151195
2021-10-04,2021-10-04T00:00:00Z,1762.5999755859375,1771.5,1747.699951171875,1767.5999755859375,166180
2021-10-05,2021-10-05T00:00:00Z,1770.800048828125,1771.0999755859375,1748.5999755859375,1760.9000244140625,151424
2021-10-06,2021-10-06T00:00:00Z,1760.5,1765.9000244140625,1745.4000244140625,1761.800048828125,159218
2021-10-07,2021-10-07T00:00:00Z,1763.800048828125,1767.699951171875,1752.0,1759.199951171875,146406
2021-10-08,2021-10-08T00:00:00Z,1757.0,1782.4000244140625,1753.5999755859375,1757.4000244140625,240371
2021-10-11,2021-10-11T00:00:00Z,1757.4000244140625,1761.0999755859375,1749.9000244140625,1755.699951171875,114771
2021-10-12,2021-10-12T00:00:00Z,1753.5999755859375,1770.0,1750.5,1759.300048828125,168110
2021-10-13,2021-10-13T00:00:00Z,1760.4000244140625,1797.4000244140625,1757.9000244140625,1794.699951171875,299041
2021-10-14,2021-10-14T00:00:00Z,1793.5999755859375,1801.9000244140625,1787.5999755859375,1797.9000244140625,164651
2021-10-15,2021-10-15T00:00:00Z,1797.300048828125,1797.699951171875,1765.0999755859375,1768.300048828125,202631
2021-10-18,2021-10-18T00:00:00Z,1767.5,1772.5,1760.300048828125,1765.699951171875,152741
2021-10-19,2021-10-19T00:00:00Z,1764.800048828125,1786.0,1763.4000244140625,1770.5,166972
2021-10-20,2021-10-20T00:00:00Z,1769.4000244140625,1789.5999755859375,1767.0999755859375,1784.9000244140625,174076
2021-10-21,2021-10-21T00:00:00Z,1782.5,1790.300048828125,1776.800048828125,1781.9000244140625,138729
2021-10-22,2021-10-22T00:00:00Z,1783.699951171875,1815.5,1783.4000244140625,1796.300048828125,312812
2021-10-25,2021-10-25T00:00:00Z,1794.199951171875,1811.5,1793.0,1806.800048828125,153589
2021-10-26,2021-10-26T00:00:00Z,1808.699951171875,1809.800048828125,1783.0,1793.4000244140625,197929
2021-10-27,2021-10-27T00:00:00Z,1795.0,1801.0,1784.300048828125,1798.800048828125,182801
2021-10-28,2021-10-28T00:00:00Z,1798.699951171875,1812.699951171875,1793.0999755859375,1802.5999755859375,220876
2021-10-29,2021-10-29T00:00:00Z,1801.5,1802.9000244140625,1772.4000244140625,1783.9000244140625,254513
2021-11-01,2021-11-01T00:00:00Z,1785.300048828125,1797.5,1780.199951171875,1795.800048828125,143332
2021-11-02,2021-11-02T00:00:00Z,1794.800048828125,1797.800048828125,1787.4000244140625,1789.4000244140625,145786
2021-11-03,2021-11-03T00:00:00Z,1789.199951171875,1789.300048828125,1758.5,1763.9000244140625,257427
2021-11-04,2021-11-04T00:00:00Z,1769.9000244140625,1800.300048828125,1769.300048828125,1793.5,222609
2021-11-05,2021-11-05T00:00:00Z,1792.5999755859375,1820.0999755859375,1785.300048828125,1816.800048828125,299618
2021-11-08,2021-11-08T00:00:00Z,1820.5999755859375,1828.300048828125,1813.800048828125,1828.0,200412
2021-11-09,2021-11-09T00:00:00Z,1826.9000244140625,1834.800048828125,1821.0,1830.800048828125,224407
2021-11-10,2021-11-10T00:00:00Z,1834.5,1870.5999755859375,1823.0,1848.300048828125,352787
2021-11-11,2021-11-11T00:00:00Z,1851.5,1868.699951171875,1845.0999755859375,1863.9000244140625,205312
2021-11-12,2021-11-12T00:00:00Z,1864.300048828125,1871.4000244140625,1847.5,1868.5,201358
2021-11-15,2021-11-15T00:00:00Z,1872.5999755859375,1873.0,1858.5,1866.5999755859375,221208
2021-11-16,2021-11-16T00:00:00Z,1864.9000244140625,1879.5,1851.0,1854.0999755859375,220431
2021-11-17,2021-11-17T00:00:00Z,1851.5999755859375,1870.5999755859375,1851.0999755859375,1870.199951171875,172417
2021-11-18,2021-11-18T00:00:00Z,1869.5,1873.300048828125,1856.5999755859375,1861.4000244140625,186062
2021-11-19,2021-11-19T00:00:00Z,1860.800048828125,1868.0999755859375,1844.199951171875,1851.5999755859375,234083
2021-11-22,2021-11-22T00:00:00Z,1848.300048828125,1850.4000244140625,1802.4000244140625,1806.300048828125,352857
2021-11-23,2021-11-23T00:00:00Z,1807.0999755859375,1812.5,1781.699951171875,1783.800048828125,311348
2021-11-24,2021-11-24T00:00:00Z,1789.800048828125,1796.199951171875,1777.4000244140625,1784.300048828125,203236
2021-11-26,2021-11-26T00:00:00Z,1789.5999755859375,1816.300048828125,1778.5999755859375,1785.5,186800
2021-11-29,2021-11-29T00:00:00Z,1791.699951171875,1798.9000244140625,1779.0999755859375,1782.300048828125,26926
2021-11-30,2021-11-30T00:00:00Z,1783.9000244140625,1808.0999755859375,1768.699951171875,1773.5999755859375,242861
2021-12-01,2021-12-01T00:00:00Z,1777.4000244140625,1795.699951171875,1773.699951171875,1784.300048828125,180336
2021-12-02,2021-12-02T00:00:00Z,1783.800048828125,1785.199951171875,1762.199951171875,1762.699951171875,172719
2021-12-03,2021-12-03T00:00:00Z,1769.4000244140625,1788.0,1766.0,1783.9000244140625,175176
2021-12-06,2021-12-06T00:00:00Z,1787.699951171875,1789.0,1776.4000244140625,1779.5,104477
2021-12-07,2021-12-07T00:00:00Z,1779.5,1789.300048828125,1772.4000244140625,1784.699951171875,129894
2021-12-08,2021-12-08T00:00:00Z,1785.0999755859375,1794.300048828125,1780.0999755859375,1785.5,109692
2021-12-09,2021-12-09T00:00:00Z,1784.300048828125,1788.4000244140625,1773.300048828125,1776.699951171875,123974
2021-12-10,2021-12-10T00:00:00Z,1776.300048828125,1791.0,1770.4000244140625,1784.800048828125,141995
2021-12-13,2021-12-13T00:00:00Z,1784.199951171875,1792.800048828125,1782.199951171875,1788.300048828125,106057
2021-12-14,2021-12-14T00:00:00Z,1787.5999755859375,1789.800048828125,1766.0999755859375,1772.300048828125,153249
2021-12-15,2021-12-15T00:00:00Z,1771.9000244140625,1781.300048828125,1753.0,1764.5,161101
2021-12-16,2021-12-16T00:00:00Z,1777.9000244140625,1800.699951171875,1775.699951171875,1798.199951171875,167777
2021-12-17,2021-12-17T00:00:00Z,1801.5,1815.699951171875,1796.5,1804.9000244140625,156607
2021-12-20,2021-12-20T00:00:00Z,1800.199951171875,1804.5999755859375,1789.0,1794.5999755859375,105386
2021-12-21,2021-12-21T00:00:00Z,1791.4000244140625,1801.699951171875,1785.0,1788.699951171875,134154
2021-12-22,2021-12-22T00:00:00Z,1789.4000244140625,1806.300048828125,1785.800048828125,1802.199951171875,110408
2021-12-23,2021-12-23T00:00:00Z,1805.5999755859375,1812.0,1799.0,1811.699951171875,104844
2021-12-27,2021-12-27T00:00:00Z,1810.199951171875,1814.5999755859375,1803.5999755859375,1808.800048828125,84225
2021-12-28,2021-12-28T00:00:00Z,1812.0999755859375,1821.5999755859375,1805.5,1810.9000244140625,100542
2021-12-29,2021-12-29T00:00:00Z,1806.5999755859375,1808.0,1789.0999755859375,1805.800048828125,138685
2021-12-30,2021-12-30T00:00:00Z,1805.5999755859375,1818.0999755859375,1796.199951171875,1814.0999755859375,113430
2021-12-31,2021-12-31T00:00:00Z,1817.0,1831.4000244140625,1815.4000244140625,1828.5999755859375,106604
2022-01-03,2022-01-03T00:00:00Z,1830.0999755859375,1833.0,1798.199951171875,1800.0999755859375,168305
2022-01-04,2022-01-04T00:00:00Z,1801.0999755859375,1817.199951171875,1798.0999755859375,1814.5999755859375,167708
2022-01-05,2022-01-05T00:00:00Z,1815.199951171875,1830.699951171875,1808.199951171875,1825.0999755859375,173344
2022-01-06,2022-01-06T00:00:00Z,1810.5999755859375,1811.5999755859375,1785.4000244140625,1789.199951171875,238644
2022-01-07,2022-01-07T00:00:00Z,1791.0,1798.4000244140625,1781.300048828125,1797.4000244140625,238931
2022-01-10,2022-01-10T00:00:00Z,1796.4000244140625,1802.0,1789.300048828125,1798.800048828125,173043
2022-01-11,2022-01-11T00:00:00Z,1801.300048828125,1823.0999755859375,1799.699951171875,1818.5,184152
2022-01-12,2022-01-12T00:00:00Z,1821.300048828125,1828.199951171875,1814.4000244140625,1827.300048828125,192979
2022-01-13,2022-01-13T00:00:00Z,1825.699951171875,1828.300048828125,1811.800048828125,1821.4000244140625,215522
2022-01-14,2022-01-14T00:00:00Z,1822.0999755859375,1829.300048828125,1814.199951171875,1816.5,174944
2022-01-18,2022-01-18T00:00:00Z,1818.699951171875,1822.9000244140625,1804.699951171875,1812.4000244140625,362944
2022-01-19,2022-01-19T00:00:00Z,1812.9000244140625,1843.9000244140625,1809.0,1843.199951171875,318489
2022-01-20,2022-01-20T00:00:00Z,1840.0999755859375,1848.5,1836.199951171875,1842.5999755859375,233862
2022-01-21,2022-01-21T00:00:00Z,1840.5999755859375,1843.699951171875,1828.4000244140625,1831.800048828125,225249
2022-01-24,2022-01-24T00:00:00Z,1835.199951171875,1844.9000244140625,1829.300048828125,1841.699951171875,244325
2022-01-25,2022-01-25T00:00:00Z,1843.5999755859375,1854.199951171875,1834.4000244140625,1852.5,197804
2022-01-26,2022-01-26T00:00:00Z,1848.0,1850.199951171875,1814.0999755859375,1829.699951171875,270028
2022-01-27,2022-01-27T00:00:00Z,1819.0,1821.4000244140625,1790.5999755859375,1793.0999755859375,196036
2022-01-28,2022-01-28T00:00:00Z,1797.5,1798.4000244140625,1778.800048828125,1784.9000244140625,28521
2022-01-31,2022-01-31T00:00:00Z,1788.5,1798.5,1785.0999755859375,1795.0,139421
2022-02-01,2022-02-01T00:00:00Z,1798.9000244140625,1809.699951171875,1796.199951171875,1801.5,128880
2022-02-02,2022-02-02T00:00:00Z,1800.800048828125,1812.0,1794.5999755859375,1810.300048828125,123021
2022-02-03,2022-02-03T00:00:00Z,1807.4000244140625,1809.5,1788.5,1804.0999755859375,173722
2022-02-04,2022-02-04T00:00:00Z,1805.4000244140625,1815.800048828125,1792.0999755859375,1807.800048828125,177709
2022-02-07,2022-02-07T00:00:00Z,1808.0,1824.5999755859375,1807.5,1821.800048828125,139808
2022-02-08,2022-02-08T00:00:00Z,1821.5,1829.9000244140625,1816.0,1827.9000244140625,142408
2022-02-09,2022-02-09T00:00:00Z,1827.0,1837.0999755859375,1825.5,1836.5999755859375,136722
2022-02-10,2022-02-10T00:00:00Z,1834.0,1843.300048828125,1821.800048828125,1837.4000244140625,227458
2022-02-11,2022-02-11T00:00:00Z,1827.0,1867.4000244140625,1821.0999755859375,1842.0999755859375,239093
2022-02-14,2022-02-14T00:00:00Z,1862.199951171875,1876.5,1851.9000244140625,1869.4000244140625,231016
2022-02-15,2022-02-15T00:00:00Z,1873.800048828125,1881.5999755859375,1845.4000244140625,1856.199951171875,214880
2022-02-16,2022-02-16T00:00:00Z,1855.5,1874.5999755859375,1851.800048828125,1871.5,141486
2022-02-17,2022-02-17T00:00:00Z,1872.0,1904.0,1869.699951171875,1902.0,268547
2022-02-18,2022-02-18T00:00:00Z,1901.4000244140625,1905.0,1888.0,1899.800048828125,161745
2022-02-22,2022-02-22T00:00:00Z,1903.5,1918.300048828125,1889.699951171875,1907.4000244140625,334589
2022-02-23,2022-02-23T00:00:00Z,1901.199951171875,1912.9000244140625,1891.0999755859375,1910.4000244140625,154843
2022-02-24,2022-02-24T00:00:00Z,1911.9000244140625,1976.5,1878.5999755859375,1926.300048828125,423048
2022-02-25,2022-02-25T00:00:00Z,1906.5,1925.0,1884.4000244140625,1887.5999755859375,229780
2022-02-28,2022-02-28T00:00:00Z,1921.0,1935.199951171875,1892.199951171875,1900.699951171875,249273
2022-03-01,2022-03-01T00:00:00Z,1908.4000244140625,1952.5999755859375,1903.0,1943.800048828125,223998
2022-03-02,2022-03-02T00:00:00Z,1945.300048828125,1951.4000244140625,1916.0,1922.300048828125,227975
2022-03-03,2022-03-03T00:00:00Z,1931.699951171875,1944.5999755859375,1923.0999755859375,1935.9000244140625,180207
2022-03-04,2022-03-04T00:00:00Z,1938.5,1974.9000244140625,1931.5,1966.5999755859375,241533
2022-03-07,2022-03-07T00:00:00Z,1978.5,2007.5,1964.199951171875,1995.9000244140625,372185
2022-03-08,2022-03-08T00:00:00Z,2001.0,2078.800048828125,1985.800048828125,2043.300048828125,447651
2022-03-09,2022-03-09T00:00:00Z,2060.199951171875,2068.5,1981.0,1988.199951171875,360345
2022-03-10,2022-03-10T00:00:00Z,1992.800048828125,2015.0999755859375,1975.0,2000.4000244140625,303267
2022-03-11,2022-03-11T00:00:00Z,2000.300048828125,2004.0,1960.5999755859375,1985.0,262088
2022-03-14,2022-03-14T00:00:00Z,1988.699951171875,1994.800048828125,1952.0,1960.800048828125,162203
2022-03-15,2022-03-15T00:00:00Z,1953.699951171875,1956.9000244140625,1908.0999755859375,1929.699951171875,220374
2022-03-16,2022-03-16T00:00:00Z,1920.0999755859375,1930.0999755859375,1895.199951171875,1909.199951171875,195460
2022-03-17,2022-03-17T00:00:00Z,1928.4000244140625,1951.0,1924.0,1943.199951171875,149829
2022-03-18,2022-03-18T00:00:00Z,1943.9000244140625,1946.199951171875,1918.0,1929.300048828125,150882
2022-03-21,2022-03-21T00:00:00Z,1922.4000244140625,1941.800048828125,1917.199951171875,1929.5,146411
2022-03-22,2022-03-22T00:00:00Z,1936.0999755859375,1939.5,1909.800048828125,1921.5,153282
2022-03-23,2022-03-23T00:00:00Z,1920.9000244140625,1948.800048828125,1915.5999755859375,1937.300048828125,153306
2022-03-24,2022-03-24T00:00:00Z,1944.0999755859375,1967.199951171875,1937.4000244140625,1962.199951171875,181204
2022-03-25,2022-03-25T00:00:00Z,1957.800048828125,1965.0999755859375,1942.5999755859375,1954.199951171875,147904
2022-03-28,2022-03-28T00:00:00Z,1958.699951171875,1959.800048828125,1915.699951171875,1939.800048828125,181367
2022-03-29,2022-03-29T00:00:00Z,1922.4000244140625,1929.4000244140625,1888.300048828125,1912.199951171875,128051
2022-03-30,2022-03-30T00:00:00Z,1918.4000244140625,1937.0,1914.5,1933.5,17765
2022-03-31,2022-03-31T00:00:00Z,1933.5,1949.9000244140625,1919.0999755859375,1949.199951171875,155299
2022-04-01,2022-04-01T00:00:00Z,1942.4000244140625,1944.5,1921.4000244140625,1923.699951171875,135154
2022-04-04,2022-04-04T00:00:00Z,1927.0999755859375,1941.5999755859375,1918.199951171875,1934.0,108435
2022-04-05,2022-04-05T00:00:00Z,1937.300048828125,1948.9000244140625,1920.9000244140625,1927.5,147256
2022-04-06,2022-04-06T00:00:00Z,1927.5999755859375,1937.5999755859375,1916.199951171875,1923.0999755859375,153971
2022-04-07,2022-04-07T00:00:00Z,1928.0999755859375,1941.699951171875,1923.300048828125,1937.800048828125,122809
2022-04-08,2022-04-08T00:00:00Z,1934.300048828125,1952.199951171875,1930.4000244140625,1945.5999755859375,142498
2022-04-11,2022-04-11T00:00:00Z,1949.5999755859375,1974.5999755859375,1942.9000244140625,1948.199951171875,184385
2022-04-12,2022-04-12T00:00:00Z,1957.4000244140625,1982.699951171875,1953.0,1976.0999755859375,172386
2022-04-13,2022-04-13T00:00:00Z,1970.5,1985.800048828125,1966.300048828125,1984.699951171875,132029
2022-04-14,2022-04-14T00:00:00Z,1981.5999755859375,1984.0,1962.699951171875,1974.9000244140625,139424
2022-04-18,2022-04-18T00:00:00Z,1978.5,2003.0,1974.4000244140625,1986.4000244140625,138130
2022-04-19,2022-04-19T00:00:00Z,1981.199951171875,1985.0999755859375,1945.5,1959.0,181440
2022-04-20,2022-04-20T00:00:00Z,1952.699951171875,1960.9000244140625,1941.0,1955.5999755859375,139507
2022-04-21,2022-04-21T00:00:00Z,1960.0,1960.0999755859375,1938.0,1948.199951171875,154919
2022-04-22,2022-04-22T00:00:00Z,1953.0999755859375,1957.800048828125,1928.0,1934.300048828125,176681
2022-04-25,2022-04-25T00:00:00Z,1931.9000244140625,1935.5,1891.800048828125,1896.0,231494
2022-04-26,2022-04-26T00:00:00Z,1899.800048828125,1912.199951171875,1896.300048828125,1904.0999755859375,166199
2022-04-27,2022-04-27T00:00:00Z,1907.4000244140625,1908.0999755859375,1881.5999755859375,1888.699951171875,178197
2022-04-28,2022-04-28T00:00:00Z,1886.800048828125,1897.800048828125,1870.9000244140625,1891.300048828125,170910
2022-04-29,2022-04-29T00:00:00Z,1895.800048828125,1921.300048828125,1893.5,1911.699951171875,177136
2022-05-02,2022-05-02T00:00:00Z,1896.199951171875,1900.4000244140625,1853.4000244140625,1863.5999755859375,193825
2022-05-03,2022-05-03T00:00:00Z,1863.5999755859375,1878.4000244140625,1849.699951171875,1870.5999755859375,167434
2022-05-04,2022-05-04T00:00:00Z,1868.300048828125,1892.0,1861.0999755859375,1868.800048828125,161479
2022-05-05,2022-05-05T00:00:00Z,1884.0999755859375,1910.699951171875,1872.300048828125,1875.699951171875,218392
2022-05-06,2022-05-06T00:00:00Z,1877.5,1894.0,1865.0,1882.800048828125,194279
2022-05-09,2022-05-09T00:00:00Z,1883.699951171875,1885.5999755859375,1851.0,1858.5999755859375,218821
2022-05-10,2022-05-10T00:00:00Z,1853.9000244140625,1864.699951171875,1834.5,1841.0,260811
2022-05-11,2022-05-11T00:00:00Z,1836.5999755859375,1857.800048828125,1830.5999755859375,1853.699951171875,243561
2022-05-12,2022-05-12T00:00:00Z,1852.300048828125,1858.800048828125,1820.0999755859375,1824.5999755859375,255608
2022-05-13,2022-05-13T00:00:00Z,1821.4000244140625,1827.5999755859375,1797.199951171875,1808.199951171875,179483
2022-05-16,2022-05-16T00:00:00Z,1809.4000244140625,1826.0,1785.0,1814.0,159493
2022-05-17,2022-05-17T00:00:00Z,1823.9000244140625,1834.800048828125,1811.0,1818.9000244140625,137288
2022-05-18,2022-05-18T00:00:00Z,1813.199951171875,1822.9000244140625,1805.0,1815.9000244140625,150353
2022-05-19,2022-05-19T00:00:00Z,1815.0999755859375,1848.199951171875,1808.4000244140625,1841.199951171875,175242
2022-05-20,2022-05-20T00:00:00Z,1839.5999755859375,1847.800048828125,1830.5999755859375,1842.0999755859375,143045
2022-05-23,2022-05-23T00:00:00Z,1844.4000244140625,1864.300048828125,1843.300048828125,1847.800048828125,163266
2022-05-24,2022-05-24T00:00:00Z,1852.300048828125,1869.0999755859375,1847.5999755859375,1865.4000244140625,174762
2022-05-25,2022-05-25T00:00:00Z,1865.4000244140625,1866.699951171875,1838.699951171875,1846.300048828125,182823
2022-05-26,2022-05-26T00:00:00Z,1851.800048828125,1852.800048828125,1836.300048828125,1847.5999755859375,123355
2022-05-27,2022-05-27T00:00:00Z,1848.300048828125,1860.699951171875,1845.9000244140625,1851.300048828125,30091
2022-05-31,2022-05-31T00:00:00Z,1850.300048828125,1862.0999755859375,1832.800048828125,1842.699951171875,201803
2022-06-01,2022-06-01T00:00:00Z,1840.0,1853.0,1830.199951171875,1848.699951171875,158036
2022-06-02,2022-06-02T00:00:00Z,1849.9000244140625,1874.4000244140625,1846.5,1871.4000244140625,127471
2022-06-03,2022-06-03T00:00:00Z,1872.5999755859375,1878.5999755859375,1849.699951171875,1850.199951171875,115343
2022-06-06,2022-06-06T00:00:00Z,1853.699951171875,1861.199951171875,1843.0,1843.699951171875,103179
2022-06-07,2022-06-07T00:00:00Z,1843.5,1858.199951171875,1838.5,1852.0999755859375,119211
2022-06-08,2022-06-08T00:00:00Z,1855.0,1862.4000244140625,1846.5999755859375,1856.5,114141
2022-06-09,2022-06-09T00:00:00Z,1855.0999755859375,1857.800048828125,1841.9000244140625,1852.800048828125,131293
2022-06-10,2022-06-10T00:00:00Z,1850.4000244140625,1879.5999755859375,1826.5,1875.5,267204
2022-06-13,2022-06-13T00:00:00Z,1879.0,1882.5,1819.0,1831.800048828125,252543
2022-06-14,2022-06-14T00:00:00Z,1820.9000244140625,1833.300048828125,1806.0999755859375,1813.5,165146
2022-06-15,2022-06-15T00:00:00Z,1809.699951171875,1845.4000244140625,1808.4000244140625,1819.5999755859375,203421
2022-06-16,2022-06-16T00:00:00Z,1835.800048828125,1860.199951171875,1816.300048828125,1849.9000244140625,180893
2022-06-17,2022-06-17T00:00:00Z,1859.300048828125,1861.5,1836.0999755859375,1840.5999755859375,141718
2022-06-21,2022-06-21T00:00:00Z,1840.5999755859375,1848.4000244140625,1830.699951171875,1838.800048828125,176299
2022-06-22,2022-06-22T00:00:00Z,1834.9000244140625,1850.300048828125,1824.5,1838.4000244140625,149553
2022-06-23,2022-06-23T00:00:00Z,1839.699951171875,1848.9000244140625,1823.5,1829.800048828125,167071
2022-06-24,2022-06-24T00:00:00Z,1824.199951171875,1833.699951171875,1817.699951171875,1830.300048828125,139723
2022-06-27,2022-06-27T00:00:00Z,1839.5999755859375,1842.800048828125,1821.800048828125,1824.800048828125,143820
2022-06-28,2022-06-28T00:00:00Z,1823.5999755859375,1830.9000244140625,1819.0999755859375,1821.199951171875,111397
2022-06-29,2022-06-29T00:00:00Z,1821.4000244140625,1834.9000244140625,1810.699951171875,1817.5,155542
2022-06-30,2022-06-30T00:00:00Z,1819.199951171875,1826.800048828125,1802.5,1807.300048828125,208898
2022-07-01,2022-07-01T00:00:00Z,1808.0999755859375,1813.5999755859375,1783.4000244140625,1801.5,249489
2022-07-05,2022-07-05T00:00:00Z,1814.4000244140625,1815.199951171875,1763.0,1763.9000244140625,310369
2022-07-06,2022-07-06T00:00:00Z,1764.199951171875,1771.5,1730.699951171875,1736.5,258824
2022-07-07,2022-07-07T00:00:00Z,1737.199951171875,1748.199951171875,1734.699951171875,1739.699951171875,151256
2022-07-08,2022-07-08T00:00:00Z,1738.699951171875,1751.699951171875,1726.0,1742.300048828125,189178
2022-07-11,2022-07-11T00:00:00Z,1741.5,1743.0,1729.0,1731.699951171875,171902
2022-07-12,2022-07-12T00:00:00Z,1731.300048828125,1742.199951171875,1721.5999755859375,1724.800048828125,255170
2022-07-13,2022-07-13T00:00:00Z,1723.5999755859375,1744.300048828125,1704.5,1735.5,300550
2022-07-14,2022-07-14T00:00:00Z,1733.5999755859375,1734.800048828125,1695.0,1705.800048828125,266354
2022-07-15,2022-07-15T00:00:00Z,1708.199951171875,1714.199951171875,1696.5999755859375,1703.5999755859375,176797
2022-07-18,2022-07-18T00:00:00Z,1706.4000244140625,1722.0,1704.4000244140625,1710.199951171875,157535
2022-07-19,2022-07-19T00:00:00Z,1707.199951171875,1716.5,1702.5999755859375,1710.699951171875,131771
2022-07-20,2022-07-20T00:00:00Z,1709.5,1712.699951171875,1690.0999755859375,1700.199951171875,174466
2022-07-21,2022-07-21T00:00:00Z,1693.699951171875,1719.5,1678.4000244140625,1713.4000244140625,248875
2022-07-22,2022-07-22T00:00:00Z,1717.199951171875,1738.300048828125,1711.699951171875,1727.4000244140625,200622
2022-07-25,2022-07-25T00:00:00Z,1726.300048828125,1734.5999755859375,1712.9000244140625,1719.0999755859375,160719
2022-07-26,2022-07-26T00:00:00Z,1717.9000244140625,1726.4000244140625,1711.5,1717.699951171875,147367
2022-07-27,2022-07-27T00:00:00Z,1715.199951171875,1739.5999755859375,1709.0999755859375,1719.0999755859375,144865
2022-07-28,2022-07-28T00:00:00Z,1732.300048828125,1755.0,1732.0,1750.300048828125,37236
2022-07-29,2022-07-29T00:00:00Z,1754.0,1765.699951171875,1750.0,1762.9000244140625,140666
2022-08-01,2022-08-01T00:00:00Z,1782.5,1792.5,1774.300048828125,1787.699951171875,133742
2022-08-02,2022-08-02T00:00:00Z,1789.199951171875,1805.0,1776.0,1789.699951171875,174165
2022-08-03,2022-08-03T00:00:00Z,1777.300048828125,1789.4000244140625,1770.0,1776.4000244140625,151734
2022-08-04,2022-08-04T00:00:00Z,1782.0999755859375,1812.0,1779.4000244140625,1806.9000244140625,153292
2022-08-05,2022-08-05T00:00:00Z,1807.699951171875,1811.5999755859375,1780.199951171875,1791.199951171875,168901
2022-08-08,2022-08-08T00:00:00Z,1790.300048828125,1806.4000244140625,1786.9000244140625,1805.199951171875,103683
2022-08-09,2022-08-09T00:00:00Z,1805.5,1817.0,1799.4000244140625,1812.300048828125,120510
2022-08-10,2022-08-10T00:00:00Z,1811.5,1824.5999755859375,1803.300048828125,1813.699951171875,154592
2022-08-11,2022-08-11T00:00:00Z,1807.9000244140625,1814.9000244140625,1798.5999755859375,1807.199951171875,121259
2022-08-12,2022-08-12T00:00:00Z,1805.199951171875,1819.0999755859375,1799.5999755859375,1815.5,118649
2022-08-15,2022-08-15T00:00:00Z,1818.9000244140625,1818.9000244140625,1787.5999755859375,1798.0999755859375,137765
2022-08-16,2022-08-16T00:00:00Z,1795.5,1798.0,1785.4000244140625,1789.699951171875,94403
2022-08-17,2022-08-17T00:00:00Z,1790.800048828125,1796.5999755859375,1773.9000244140625,1776.699951171875,137832
2022-08-18,2022-08-18T00:00:00Z,1777.0999755859375,1786.300048828125,1768.800048828125,1771.199951171875,124319
2022-08-19,2022-08-19T00:00:00Z,1773.0999755859375,1773.300048828125,1759.0999755859375,1762.9000244140625,138699
2022-08-22,2022-08-22T00:00:00Z,1760.5999755859375,1762.0999755859375,1740.199951171875,1748.4000244140625,142857
2022-08-23,2022-08-23T00:00:00Z,1750.0,1767.5,1743.0999755859375,1761.199951171875,145260
2022-08-24,2022-08-24T00:00:00Z,1761.300048828125,1769.5,1754.800048828125,1761.5,112645
2022-08-25,2022-08-25T00:00:00Z,1764.4000244140625,1778.800048828125,1763.0,1771.4000244140625,117570
2022-08-26,2022-08-26T00:00:00Z,1771.800048828125,1772.300048828125,1746.199951171875,1749.800048828125,176904
2022-08-29,2022-08-29T00:00:00Z,1748.4000244140625,1757.9000244140625,1731.4000244140625,1749.699951171875,156220
2022-08-30,2022-08-30T00:00:00Z,1749.800048828125,1752.800048828125,1732.9000244140625,1736.300048828125,130664
2022-08-31,2022-08-31T00:00:00Z,1735.5,1738.0,1720.5999755859375,1726.199951171875,176731
2022-09-01,2022-09-01T00:00:00Z,1723.0,1723.0,1699.0999755859375,1709.300048828125,198618
2022-09-02,2022-09-02T00:00:00Z,1707.800048828125,1729.5,1705.9000244140625,1722.5999755859375,174684
2022-09-06,2022-09-06T00:00:00Z,1724.199951171875,1737.4000244140625,1710.5999755859375,1712.9000244140625,206268
2022-09-07,2022-09-07T00:00:00Z,1712.9000244140625,1731.199951171875,1701.699951171875,1727.800048828125,173624
2022-09-08,2022-09-08T00:00:00Z,1729.5,1739.4000244140625,1713.699951171875,1720.199951171875,184176
2022-09-09,2022-09-09T00:00:00Z,1719.5999755859375,1740.5,1719.4000244140625,1728.5999755859375,154706
2022-09-12,2022-09-12T00:00:00Z,1728.4000244140625,1746.4000244140625,1722.300048828125,1740.5999755859375,154374
2022-09-13,2022-09-13T00:00:00Z,1736.0,1742.9000244140625,1706.699951171875,1717.4000244140625,232696
2022-09-14,2022-09-14T00:00:00Z,1711.5999755859375,1717.300048828125,1703.300048828125,1709.0999755859375,163288
2022-09-15,2022-09-15T00:00:00Z,1707.199951171875,1707.800048828125,1668.9000244140625,1677.300048828125,268094
2022-09-16,2022-09-16T00:00:00Z,1673.699951171875,1689.9000244140625,1661.9000244140625,1683.5,217226
2022-09-19,2022-09-19T00:00:00Z,1685.4000244140625,1688.800048828125,1667.5999755859375,1678.199951171875,141171
2022-09-20,2022-09-20T00:00:00Z,1684.9000244140625,1688.800048828125,1668.0999755859375,1671.0999755859375,143933
2022-09-21,2022-09-21T00:00:00Z,1673.199951171875,1696.9000244140625,1661.300048828125,1675.699951171875,227938
2022-09-22,2022-09-22T00:00:00Z,1682.800048828125,1693.5,1663.300048828125,1681.0999755859375,241279
2022-09-23,2022-09-23T00:00:00Z,1680.0999755859375,1685.0,1646.5999755859375,1655.5999755859375,243045
2022-09-26,2022-09-26T00:00:00Z,1651.0,1657.199951171875,1627.699951171875,1633.4000244140625,219861
2022-09-27,2022-09-27T00:00:00Z,1629.199951171875,1650.0999755859375,1628.699951171875,1636.199951171875,197058
2022-09-28,2022-09-28T00:00:00Z,1636.5,1671.5999755859375,1622.199951171875,1670.0,279817
2022-09-29,2022-09-29T00:00:00Z,1669.0,1673.0999755859375,1649.300048828125,1668.5999755859375,201961
2022-09-30,2022-09-30T00:00:00Z,1669.5,1684.4000244140625,1667.5,1672.0,179989
2022-10-03,2022-10-03T00:00:00Z,1670.5,1710.4000244140625,1666.5,1702.0,215493
2022-10-04,2022-10-04T00:00:00Z,1708.4000244140625,1738.699951171875,1704.0,1730.5,205084
2022-10-05,2022-10-05T00:00:00Z,1734.4000244140625,1736.5999755859375,1708.800048828125,1720.800048828125,173222
2022-10-06,2022-10-06T00:00:00Z,1725.5,1734.199951171875,1714.800048828125,1720.800048828125,139443
2022-10-07,2022-10-07T00:00:00Z,1721.0,1722.800048828125,1698.4000244140625,1709.300048828125,157445
2022-10-10,2022-10-10T00:00:00Z,1703.4000244140625,1707.4000244140625,1672.5,1675.199951171875,157149
2022-10-11,2022-10-11T00:00:00Z,1675.5999755859375,1691.300048828125,1667.5,1686.0,171814
2022-10-12,2022-10-12T00:00:00Z,1673.4000244140625,1685.0999755859375,1668.0,1677.5,131769
2022-10-13,2022-10-13T00:00:00Z,1680.199951171875,1688.9000244140625,1648.300048828125,1677.0,237007
2022-10-14,2022-10-14T00:00:00Z,1672.800048828125,1677.800048828125,1645.5999755859375,1648.9000244140625,183170
2022-10-17,2022-10-17T00:00:00Z,1649.9000244140625,1674.300048828125,1649.0999755859375,1664.0,148889
2022-10-18,2022-10-18T00:00:00Z,1655.9000244140625,1666.0,1650.5999755859375,1655.800048828125,163168
2022-10-19,2022-10-19T00:00:00Z,1657.199951171875,1659.800048828125,1632.199951171875,1634.199951171875,179246
2022-10-20,2022-10-20T00:00:00Z,1634.5999755859375,1650.300048828125,1626.300048828125,1636.800048828125,163734
2022-10-21,2022-10-21T00:00:00Z,1632.4000244140625,1663.0999755859375,1621.0999755859375,1656.300048828125,271095
2022-10-24,2022-10-24T00:00:00Z,1662.9000244140625,1675.5,1648.0,1654.0999755859375,171022
2022-10-25,2022-10-25T00:00:00Z,1654.5,1666.800048828125,1641.199951171875,1658.0,182795
2022-10-26,2022-10-26T00:00:00Z,1657.699951171875,1679.4000244140625,1653.800048828125,1669.199951171875,186926
2022-10-27,2022-10-27T00:00:00Z,1668.800048828125,1674.800048828125,1658.5,1665.5999755859375,189287
2022-10-28,2022-10-28T00:00:00Z,1667.199951171875,1670.9000244140625,1640.699951171875,1644.800048828125,196363
2022-10-31,2022-10-31T00:00:00Z,1647.199951171875,1648.5,1634.5,1640.699951171875,128413
2022-11-01,2022-11-01T00:00:00Z,1636.0999755859375,1660.300048828125,1633.5999755859375,1649.699951171875,197976
2022-11-02,2022-11-02T00:00:00Z,1651.4000244140625,1673.0999755859375,1637.4000244140625,1650.0,220926
2022-11-03,2022-11-03T00:00:00Z,1639.0999755859375,1643.199951171875,1618.300048828125,1630.9000244140625,254699
2022-11-04,2022-11-04T00:00:00Z,1631.699951171875,1686.4000244140625,1631.0999755859375,1676.5999755859375,293521
2022-11-07,2022-11-07T00:00:00Z,1678.5999755859375,1685.5999755859375,1670.0,1680.5,187589
2022-11-08,2022-11-08T00:00:00Z,1678.0,1720.4000244140625,1667.0999755859375,1716.0,297618
2022-11-09,2022-11-09T00:00:00Z,1715.199951171875,1725.800048828125,1705.0999755859375,1713.699951171875,239645
2022-11-10,2022-11-10T00:00:00Z,1709.699951171875,1760.5999755859375,1705.5,1753.699951171875,305717
2022-11-11,2022-11-11T00:00:00Z,1758.300048828125,1775.5999755859375,1750.300048828125,1769.4000244140625,227044
2022-11-14,2022-11-14T00:00:00Z,1769.4000244140625,1778.4000244140625,1755.800048828125,1776.9000244140625,191347
2022-11-15,2022-11-15T00:00:00Z,1774.0,1791.800048828125,1770.199951171875,1776.800048828125,283019
2022-11-16,2022-11-16T00:00:00Z,1782.0,1788.199951171875,1773.4000244140625,1775.800048828125,200755
2022-11-17,2022-11-17T00:00:00Z,1777.0,1777.5999755859375,1756.5999755859375,1763.0,169097
2022-11-18,2022-11-18T00:00:00Z,1763.0999755859375,1769.9000244140625,1749.199951171875,1754.4000244140625,137327
2022-11-21,2022-11-21T00:00:00Z,1752.0,1755.0,1733.9000244140625,1739.5999755859375,166082
2022-11-22,2022-11-22T00:00:00Z,1739.699951171875,1751.0,1737.5999755859375,1739.9000244140625,153092
2022-11-23,2022-11-23T00:00:00Z,1740.800048828125,1754.9000244140625,1719.0,1745.5999755859375,167770
2022-11-25,2022-11-25T00:00:00Z,1751.0,1761.199951171875,1745.9000244140625,1754.0,134299
2022-11-28,2022-11-28T00:00:00Z,1755.0,1763.5,1738.199951171875,1740.300048828125,132767
2022-11-29,2022-11-29T00:00:00Z,1739.5,1758.199951171875,1737.9000244140625,1748.4000244140625,19416
2022-11-30,2022-11-30T00:00:00Z,1748.0999755859375,1769.4000244140625,1745.0999755859375,1746.0,192239
2022-12-01,2022-12-01T00:00:00Z,1783.0999755859375,1818.4000244140625,1782.9000244140625,1815.199951171875,226148
2022-12-02,2022-12-02T00:00:00Z,1817.0,1818.699951171875,1791.800048828125,1809.5999755859375,183724
2022-12-05,2022-12-05T00:00:00Z,1810.5,1822.9000244140625,1778.0999755859375,1781.300048828125,179818
2022-12-06,2022-12-06T00:00:00Z,1780.800048828125,1793.199951171875,1779.0999755859375,1782.4000244140625,127856
2022-12-07,2022-12-07T00:00:00Z,1783.300048828125,1803.199951171875,1780.5,1798.0,155568
2022-12-08,2022-12-08T00:00:00Z,1799.5,1806.9000244140625,1793.199951171875,1801.5,116274
2022-12-09,2022-12-09T00:00:00Z,1801.9000244140625,1819.0,1800.0999755859375,1810.699951171875,150938
2022-12-12,2022-12-12T00:00:00Z,1808.0,1809.300048828125,1789.0,1792.300048828125,107782
2022-12-13,2022-12-13T00:00:00Z,1792.300048828125,1836.9000244140625,1791.800048828125,1825.5,230911
2022-12-14,2022-12-14T00:00:00Z,1822.5999755859375,1825.4000244140625,1806.199951171875,1818.699951171875,143804
2022-12-15,2022-12-15T00:00:00Z,1818.699951171875,1819.699951171875,1782.0,1787.800048828125,185317
2022-12-16,2022-12-16T00:00:00Z,1786.9000244140625,1804.199951171875,1783.9000244140625,1800.199951171875,128751
2022-12-19,2022-12-19T00:00:00Z,1801.5999755859375,1808.5999755859375,1793.199951171875,1797.699951171875,86090
2022-12-20,2022-12-20T00:00:00Z,1796.800048828125,1832.4000244140625,1793.699951171875,1825.4000244140625,197496
2022-12-21,2022-12-21T00:00:00Z,1827.9000244140625,1833.800048828125,1821.300048828125,1825.4000244140625,110177
2022-12-22,2022-12-22T00:00:00Z,1823.800048828125,1829.300048828125,1792.699951171875,1795.300048828125,175774
2022-12-23,2022-12-23T00:00:00Z,1801.0,1812.199951171875,1798.9000244140625,1804.199951171875,105457
2022-12-27,2022-12-27T00:00:00Z,1808.199951171875,1841.9000244140625,1808.0,1823.0999755859375,159616
2022-12-28,2022-12-28T00:00:00Z,1822.4000244140625,1822.800048828125,1804.199951171875,1815.800048828125,118076
2022-12-29,2022-12-29T00:00:00Z,1812.300048828125,1827.300048828125,1811.199951171875,1826.0,105992
2022-12-30,2022-12-30T00:00:00Z,1821.800048828125,1832.4000244140625,1819.800048828125,1826.199951171875,107496
2023-01-03,2023-01-03T00:00:00Z,1831.800048828125,1856.5999755859375,1831.300048828125,1846.0999755859375,212272
2023-01-04,2023-01-04T00:00:00Z,1845.199951171875,1871.300048828125,1842.0,1859.0,198354
2023-01-05,2023-01-05T00:00:00Z,1861.199951171875,1864.300048828125,1829.9000244140625,1840.5999755859375,188603
2023-01-06,2023-01-06T00:00:00Z,1835.9000244140625,1875.199951171875,1835.199951171875,1869.699951171875,215367
2023-01-09,2023-01-09T00:00:00Z,1872.800048828125,1886.4000244140625,1869.300048828125,1877.800048828125,204550
2023-01-10,2023-01-10T00:00:00Z,1875.699951171875,1885.199951171875,1872.0,1876.5,170514
2023-01-11,2023-01-11T00:00:00Z,1881.300048828125,1890.9000244140625,1870.9000244140625,1878.9000244140625,222250
2023-01-12,2023-01-12T00:00:00Z,1879.699951171875,1906.5,1872.4000244140625,1898.800048828125,265174
2023-01-13,2023-01-13T00:00:00Z,1898.800048828125,1925.300048828125,1895.0999755859375,1921.699951171875,247878
2023-01-17,2023-01-17T00:00:00Z,1923.800048828125,1931.800048828125,1906.199951171875,1909.9000244140625,268368
2023-01-18,2023-01-18T00:00:00Z,1911.0999755859375,1929.800048828125,1898.5999755859375,1907.0,218967
2023-01-19,2023-01-19T00:00:00Z,1907.0,1936.9000244140625,1902.0,1923.9000244140625,214246
2023-01-20,2023-01-20T00:00:00Z,1933.699951171875,1939.0,1922.0,1928.199951171875,165272
2023-01-23,2023-01-23T00:00:00Z,1928.4000244140625,1936.699951171875,1912.5,1928.5999755859375,190094
2023-01-24,2023-01-24T00:00:00Z,1932.0,1943.800048828125,1918.199951171875,1935.4000244140625,201713
2023-01-25,2023-01-25T00:00:00Z,1938.699951171875,1949.5,1920.5999755859375,1942.5999755859375,190302
2023-01-26,2023-01-26T00:00:00Z,1948.0,1949.800048828125,1918.4000244140625,1930.0,223255
2023-01-27,2023-01-27T00:00:00Z,1929.300048828125,1935.4000244140625,1916.5,1929.4000244140625,150902
2023-01-30,2023-01-30T00:00:00Z,1928.300048828125,1933.5999755859375,1920.300048828125,1922.9000244140625,27220
2023-01-31,2023-01-31T00:00:00Z,1923.0,1930.4000244140625,1900.5999755859375,1929.5,194077
2023-02-01,2023-02-01T00:00:00Z,1944.0,1970.800048828125,1936.0999755859375,1942.800048828125,210613
2023-02-02,2023-02-02T00:00:00Z,1967.0999755859375,1975.199951171875,1925.5999755859375,1930.800048828125,259844
2023-02-03,2023-02-03T00:00:00Z,1926.300048828125,1932.4000244140625,1874.5,1876.5999755859375,310612
2023-02-06,2023-02-06T00:00:00Z,1878.0,1894.0,1873.199951171875,1879.5,164540
2023-02-07,2023-02-07T00:00:00Z,1880.300048828125,1897.199951171875,1877.5,1884.800048828125,179673
2023-02-08,2023-02-08T00:00:00Z,1885.0999755859375,1898.9000244140625,1881.4000244140625,1890.699951171875,131904
2023-02-09,2023-02-09T00:00:00Z,1888.300048828125,1902.300048828125,1870.199951171875,1878.5,183551
2023-02-10,2023-02-10T00:00:00Z,1873.5,1883.5,1863.5,1874.5,155270
2023-02-13,2023-02-13T00:00:00Z,1876.699951171875,1877.199951171875,1860.800048828125,1863.5,131217
2023-02-14,2023-02-14T00:00:00Z,1864.0999755859375,1881.5999755859375,1852.5,1865.4000244140625,217012
2023-02-15,2023-02-15T00:00:00Z,1865.0999755859375,1870.9000244140625,1839.300048828125,1845.300048828125,169531
2023-02-16,2023-02-16T00:00:00Z,1846.5,1854.9000244140625,1836.5999755859375,1851.800048828125,168509
2023-02-17,2023-02-17T00:00:00Z,1845.699951171875,1853.0999755859375,1827.699951171875,1850.199951171875,165081
2023-02-21,2023-02-21T00:00:00Z,1850.5,1856.4000244140625,1839.0,1842.5,210165
2023-02-22,2023-02-22T00:00:00Z,1843.699951171875,1855.0,1831.9000244140625,1841.5,141500
2023-02-23,2023-02-23T00:00:00Z,1834.699951171875,1841.199951171875,1824.800048828125,1826.800048828125,179972
2023-02-24,2023-02-24T00:00:00Z,1829.699951171875,1835.0999755859375,1815.5,1817.0999755859375,169473
2023-02-27,2023-02-27T00:00:00Z,1818.0,1827.300048828125,1812.0,1824.9000244140625,130427
2023-02-28,2023-02-28T00:00:00Z,1823.9000244140625,1838.5999755859375,1810.800048828125,1836.699951171875,184507
2023-03-01,2023-03-01T00:00:00Z,1834.0,1852.5,1829.5999755859375,1845.4000244140625,182583
2023-03-02,2023-03-02T00:00:00Z,1843.800048828125,1845.300048828125,1835.9000244140625,1840.5,139755
2023-03-03,2023-03-03T00:00:00Z,1842.0999755859375,1864.4000244140625,1842.0,1854.5999755859375,158961
2023-03-06,2023-03-06T00:00:00Z,1861.0,1864.300048828125,1850.5999755859375,1854.5999755859375,136224
2023-03-07,2023-03-07T00:00:00Z,1852.5999755859375,1856.9000244140625,1817.0999755859375,1820.0,248226
2023-03-08,2023-03-08T00:00:00Z,1818.0,1828.699951171875,1813.4000244140625,1818.5999755859375,208292
2023-03-09,2023-03-09T00:00:00Z,1818.0,1839.4000244140625,1815.4000244140625,1834.5999755859375,228473
2023-03-10,2023-03-10T00:00:00Z,1835.0999755859375,1874.300048828125,1830.0,1867.199951171875,345814
2023-03-13,2023-03-13T00:00:00Z,1877.0999755859375,1919.5,1875.699951171875,1916.5,452332
2023-03-14,2023-03-14T00:00:00Z,1919.4000244140625,1919.4000244140625,1899.800048828125,1910.9000244140625,261275
2023-03-15,2023-03-15T00:00:00Z,1908.199951171875,1942.5,1889.5,1931.300048828125,385454
2023-03-16,2023-03-16T00:00:00Z,1922.800048828125,1938.0,1911.5,1923.0,248084
2023-03-17,2023-03-17T00:00:00Z,1925.9000244140625,1993.699951171875,1922.300048828125,1973.5,351092
2023-03-20,2023-03-20T00:00:00Z,1989.699951171875,2014.9000244140625,1970.0,1982.800048828125,338016
2023-03-21,2023-03-21T00:00:00Z,1983.0999755859375,1988.699951171875,1938.5999755859375,1941.0999755859375,248934
2023-03-22,2023-03-22T00:00:00Z,1943.5,1982.300048828125,1936.5,1949.5999755859375,245031
2023-03-23,2023-03-23T00:00:00Z,1974.0,2006.0999755859375,1967.300048828125,1995.9000244140625,262247
2023-03-24,2023-03-24T00:00:00Z,1996.0999755859375,2006.5,1977.699951171875,1983.800048828125,285442
2023-03-27,2023-03-27T00:00:00Z,1982.5999755859375,1984.0,1945.0,1953.800048828125,206630
2023-03-28,2023-03-28T00:00:00Z,1957.800048828125,1977.0999755859375,1949.9000244140625,1973.5,183582
2023-03-29,2023-03-29T00:00:00Z,1975.4000244140625,1976.0,1959.5,1966.9000244140625,88563
2023-03-30,2023-03-30T00:00:00Z,1965.9000244140625,1984.4000244140625,1954.9000244140625,1980.300048828125,10119
2023-03-31,2023-03-31T00:00:00Z,1981.300048828125,1986.800048828125,1968.0,1969.0,162212
2023-04-03,2023-04-03T00:00:00Z,1990.0,2008.0,1965.9000244140625,2000.4000244140625,187986
2023-04-04,2023-04-04T00:00:00Z,2001.300048828125,2043.4000244140625,1994.0,2038.199951171875,233301
2023-04-05,2023-04-05T00:00:00Z,2038.199951171875,2049.199951171875,2026.0999755859375,2035.5999755859375,197371
2023-04-06,2023-04-06T00:00:00Z,2037.0999755859375,2037.699951171875,2016.5,2026.4000244140625,0
2023-04-10,2023-04-10T00:00:00Z,2008.5999755859375,2021.5,1996.5,2003.800048828125,136231
2023-04-11,2023-04-11T00:00:00Z,2007.0,2022.5,2003.699951171875,2019.0,126376
2023-04-12,2023-04-12T00:00:00Z,2019.0999755859375,2043.9000244140625,2015.699951171875,2024.9000244140625,228494
2023-04-13,2023-04-13T00:00:00Z,2029.5,2063.39990234375,2028.300048828125,2055.300048828125,198461
2023-04-14,2023-04-14T00:00:00Z,2054.699951171875,2061.60009765625,2006.0,2015.800048828125,262825
2023-04-17,2023-04-17T00:00:00Z,2014.0999755859375,2028.0,1993.4000244140625,2007.0,183425
2023-04-18,2023-04-18T00:00:00Z,2007.9000244140625,2024.5999755859375,2003.300048828125,2019.699951171875,164975
2023-04-19,2023-04-19T00:00:00Z,2017.9000244140625,2020.300048828125,1980.9000244140625,2007.300048828125,218808
2023-04-20,2023-04-20T00:00:00Z,2007.699951171875,2024.199951171875,2002.199951171875,2019.0999755859375,162840
2023-04-21,2023-04-21T00:00:00Z,2016.0999755859375,2016.800048828125,1982.300048828125,1990.5,210502
2023-04-24,2023-04-24T00:00:00Z,1992.0,2001.5,1984.4000244140625,1999.800048828125,139878
2023-04-25,2023-04-25T00:00:00Z,1999.4000244140625,2014.5,1986.199951171875,2004.5,222551
2023-04-26,2023-04-26T00:00:00Z,2007.699951171875,2020.199951171875,1993.699951171875,1996.0,241399
2023-04-27,2023-04-27T00:00:00Z,1999.800048828125,2013.300048828125,1982.0,1999.0,203898
2023-04-28,2023-04-28T00:00:00Z,1997.199951171875,2004.0999755859375,1984.4000244140625,1999.0999755859375,172445
2023-05-01,2023-05-01T00:00:00Z,2000.199951171875,2015.4000244140625,1985.699951171875,1992.199951171875,173016
2023-05-02,2023-05-02T00:00:00Z,1990.5,2028.800048828125,1986.9000244140625,2023.300048828125,245637
2023-05-03,2023-05-03T00:00:00Z,2026.4000244140625,2050.0,2016.0,2037.0,229674
2023-05-04,2023-05-04T00:00:00Z,2054.699951171875,2085.39990234375,2038.5,2055.699951171875,311003
2023-05-05,2023-05-05T00:00:00Z,2058.0,2061.300048828125,2007.0,2024.800048828125,283299
2023-05-08,2023-05-08T00:00:00Z,2024.5999755859375,2037.0999755859375,2022.0,2033.199951171875,182213
2023-05-09,2023-05-09T00:00:00Z,2028.4000244140625,2045.0999755859375,2026.4000244140625,2042.9000244140625,199701
2023-05-10,2023-05-10T00:00:00Z,2041.5999755859375,2056.0,2028.300048828125,2037.0999755859375,260807
2023-05-11,2023-05-11T00:00:00Z,2036.800048828125,2047.5999755859375,2016.699951171875,2020.5,296976
2023-05-12,2023-05-12T00:00:00Z,2020.5,2027.800048828125,2005.699951171875,2019.800048828125,220500
2023-05-15,2023-05-15T00:00:00Z,2013.4000244140625,2027.5,2011.199951171875,2022.699951171875,163251
2023-05-16,2023-05-16T00:00:00Z,2021.300048828125,2022.699951171875,1989.0999755859375,1993.0,229938
2023-05-17,2023-05-17T00:00:00Z,1993.0,1997.0,1978.0999755859375,1984.9000244140625,206552
2023-05-18,2023-05-18T00:00:00Z,1985.5999755859375,1988.800048828125,1954.4000244140625,1959.800048828125,227733
2023-05-19,2023-05-19T00:00:00Z,1960.5,1987.4000244140625,1956.300048828125,1981.5999755859375,234604
2023-05-22,2023-05-22T00:00:00Z,1979.4000244140625,1984.800048828125,1970.699951171875,1977.199951171875,165768
2023-05-23,2023-05-23T00:00:00Z,1973.9000244140625,1980.0,1955.800048828125,1974.5,214358
2023-05-24,2023-05-24T00:00:00Z,1977.300048828125,1987.9000244140625,1958.4000244140625,1964.5999755859375,229885
2023-05-25,2023-05-25T00:00:00Z,1959.5,1965.4000244140625,1939.0,1943.699951171875,253875
2023-05-26,2023-05-26T00:00:00Z,1941.699951171875,1957.0999755859375,1936.0,1944.300048828125,166036
2023-05-30,2023-05-30T00:00:00Z,1942.699951171875,1962.5999755859375,1931.0,1958.0,37838
2023-05-31,2023-05-31T00:00:00Z,1958.199951171875,1973.0,1953.0,1963.9000244140625,207753
2023-06-01,2023-06-01T00:00:00Z,1981.300048828125,2000.699951171875,1970.0999755859375,1995.5,176911
2023-06-02,2023-06-02T00:00:00Z,1994.5999755859375,2000.5,1963.699951171875,1969.5999755859375,209694
2023-06-05,2023-06-05T00:00:00Z,1962.300048828125,1980.4000244140625,1953.800048828125,1974.300048828125,179985
2023-06-06,2023-06-06T00:00:00Z,1978.0,1982.9000244140625,1970.300048828125,1981.5,135995
2023-06-07,2023-06-07T00:00:00Z,1980.0,1986.5,1955.4000244140625,1958.4000244140625,189529
2023-06-08,2023-06-08T00:00:00Z,1956.199951171875,1985.699951171875,1955.199951171875,1978.5999755859375,191843
2023-06-09,2023-06-09T00:00:00Z,1980.5,1987.800048828125,1971.0,1977.199951171875,130408
2023-06-12,2023-06-12T00:00:00Z,1975.5999755859375,1981.4000244140625,1963.0999755859375,1969.699951171875,122542
2023-06-13,2023-06-13T00:00:00Z,1971.4000244140625,1985.9000244140625,1953.0,1958.5999755859375,198397
2023-06-14,2023-06-14T00:00:00Z,1957.199951171875,1973.9000244140625,1952.5,1968.9000244140625,199710
2023-06-15,2023-06-15T00:00:00Z,1955.699951171875,1972.800048828125,1936.0999755859375,1970.699951171875,266353
2023-06-16,2023-06-16T00:00:00Z,1970.300048828125,1980.4000244140625,1965.4000244140625,1971.199951171875,160514
2023-06-20,2023-06-20T00:00:00Z,1970.699951171875,1971.800048828125,1940.800048828125,1947.699951171875,250140
2023-06-21,2023-06-21T00:00:00Z,1948.0,1950.4000244140625,1929.300048828125,1944.9000244140625,182021
2023-06-22,2023-06-22T00:00:00Z,1943.300048828125,1945.0999755859375,1922.0,1923.699951171875,171779
2023-06-23,2023-06-23T00:00:00Z,1923.5,1949.0,1919.5,1929.5999755859375,186861
2023-06-26,2023-06-26T00:00:00Z,1936.300048828125,1943.4000244140625,1931.0999755859375,1933.800048828125,147769
2023-06-27,2023-06-27T00:00:00Z,1932.699951171875,1940.300048828125,1919.800048828125,1923.800048828125,180436
2023-06-28,2023-06-28T00:00:00Z,1923.0999755859375,1926.0999755859375,1911.4000244140625,1922.199951171875,162493
2023-06-29,2023-06-29T00:00:00Z,1916.5,1921.300048828125,1900.5999755859375,1917.9000244140625,205252
2023-06-30,2023-06-30T00:00:00Z,1916.4000244140625,1930.800048828125,1908.0999755859375,1929.4000244140625,180688
2023-07-03,2023-07-03T00:00:00Z,1927.800048828125,1939.9000244140625,1917.699951171875,1929.5,152959
2023-07-05,2023-07-05T00:00:00Z,1929.0999755859375,1942.9000244140625,1922.0999755859375,1927.0999755859375,245932
2023-07-06,2023-07-06T00:00:00Z,1922.4000244140625,1934.0,1908.5,1915.4000244140625,231513
2023-07-07,2023-07-07T00:00:00Z,1916.5999755859375,1941.0999755859375,1915.4000244140625,1932.5,214272
2023-07-10,2023-07-10T00:00:00Z,1930.699951171875,1933.699951171875,1918.0,1931.0,208085
2023-07-11,2023-07-11T00:00:00Z,1930.800048828125,1944.5,1929.800048828125,1937.0999755859375,189372
2023-07-12,2023-07-12T00:00:00Z,1938.0,1965.0999755859375,1937.5,1961.699951171875,270869
2023-07-13,2023-07-13T00:00:00Z,1962.699951171875,1968.5,1956.5999755859375,1963.800048828125,241215
2023-07-14,2023-07-14T00:00:00Z,1965.199951171875,1967.800048828125,1954.699951171875,1964.4000244140625,209306
2023-07-17,2023-07-17T00:00:00Z,1958.5999755859375,1963.5999755859375,1949.0,1956.4000244140625,165833
2023-07-18,2023-07-18T00:00:00Z,1958.300048828125,1988.300048828125,1958.0999755859375,1980.800048828125,264086
2023-07-19,2023-07-19T00:00:00Z,1982.5,1984.5999755859375,1973.300048828125,1980.800048828125,159409
2023-07-20,2023-07-20T00:00:00Z,1980.0,1989.800048828125,1967.699951171875,1970.9000244140625,189926
2023-07-21,2023-07-21T00:00:00Z,1972.0999755859375,1975.9000244140625,1958.800048828125,1966.5999755859375,156540
2023-07-24,2023-07-24T00:00:00Z,1963.5999755859375,1969.800048828125,1955.300048828125,1962.199951171875,197213
2023-07-25,2023-07-25T00:00:00Z,1957.0,1967.0999755859375,1951.5999755859375,1963.699951171875,188848
2023-07-26,2023-07-26T00:00:00Z,1966.300048828125,1979.9000244140625,1963.199951171875,1970.0999755859375,208106
2023-07-27,2023-07-27T00:00:00Z,1973.300048828125,1982.5999755859375,1941.699951171875,1945.699951171875,194253
2023-07-28,2023-07-28T00:00:00Z,1945.5,1962.199951171875,1944.199951171875,1960.4000244140625,23155
2023-07-31,2023-07-31T00:00:00Z,1959.199951171875,1971.5999755859375,1950.0,1970.5,139955
2023-08-01,2023-08-01T00:00:00Z,2004.199951171875,2004.4000244140625,1978.300048828125,1978.800048828125,167756
2023-08-02,2023-08-02T00:00:00Z,1988.9000244140625,1992.199951171875,1969.0999755859375,1975.0,169658
2023-08-03,2023-08-03T00:00:00Z,1970.800048828125,1974.5,1964.5,1968.800048828125,141345
2023-08-04,2023-08-04T00:00:00Z,1969.5999755859375,1984.199951171875,1954.5,1976.0999755859375,156416
2023-08-07,2023-08-07T00:00:00Z,1977.5999755859375,1981.699951171875,1966.0999755859375,1970.0,104407
2023-08-08,2023-08-08T00:00:00Z,1971.5,1972.800048828125,1956.5,1959.9000244140625,142336
2023-08-09,2023-08-09T00:00:00Z,1959.300048828125,1966.0999755859375,1947.199951171875,1950.5999755859375,139259
2023-08-10,2023-08-10T00:00:00Z,1947.699951171875,1963.5,1944.4000244140625,1948.9000244140625,168264
2023-08-11,2023-08-11T00:00:00Z,1944.9000244140625,1953.5999755859375,1942.699951171875,1946.5999755859375,122320
2023-08-14,2023-08-14T00:00:00Z,1945.5999755859375,1948.199951171875,1934.199951171875,1944.0,120983
2023-08-15,2023-08-15T00:00:00Z,1939.4000244140625,1944.300048828125,1927.5,1935.199951171875,167153
2023-08-16,2023-08-16T00:00:00Z,1933.0999755859375,1938.199951171875,1922.0,1928.300048828125,128612
2023-08-17,2023-08-17T00:00:00Z,1922.4000244140625,1933.5,1914.199951171875,1915.199951171875,152329
2023-08-18,2023-08-18T00:00:00Z,1919.199951171875,1926.0,1915.9000244140625,1916.5,114737
2023-08-21,2023-08-21T00:00:00Z,1918.4000244140625,1927.9000244140625,1913.5999755859375,1923.0,138109
2023-08-22,2023-08-22T00:00:00Z,1924.0,1933.199951171875,1917.5,1926.0,131088
2023-08-23,2023-08-23T00:00:00Z,1926.800048828125,1949.699951171875,1926.199951171875,1948.0999755859375,170040
2023-08-24,2023-08-24T00:00:00Z,1944.9000244140625,1951.300048828125,1939.199951171875,1947.0999755859375,137393
2023-08-25,2023-08-25T00:00:00Z,1944.9000244140625,1950.4000244140625,1931.0,1939.9000244140625,166988
2023-08-28,2023-08-28T00:00:00Z,1944.0,1954.199951171875,1940.0999755859375,1946.800048828125,115553
2023-08-29,2023-08-29T00:00:00Z,1948.0999755859375,1966.5,1941.699951171875,1965.0999755859375,174220
2023-08-30,2023-08-30T00:00:00Z,1966.0,1977.0999755859375,1962.800048828125,1973.0,142380
2023-08-31,2023-08-31T00:00:00Z,1970.199951171875,1974.9000244140625,1965.5,1965.9000244140625,133712
2023-09-01,2023-09-01T00:00:00Z,1966.4000244140625,1980.199951171875,1960.699951171875,1967.0999755859375,160725
2023-09-05,2023-09-05T00:00:00Z,1966.699951171875,1972.5999755859375,1950.5999755859375,1952.5999755859375,192789
2023-09-06,2023-09-06T00:00:00Z,1951.5,1954.5,1940.0,1944.199951171875,148775
2023-09-07,2023-09-07T00:00:00Z,1942.199951171875,1947.9000244140625,1940.300048828125,1942.5,117168
2023-09-08,2023-09-08T00:00:00Z,1943.800048828125,1954.0,1940.800048828125,1942.699951171875,138694
2023-09-11,2023-09-11T00:00:00Z,1943.300048828125,1954.5999755859375,1939.5,1947.199951171875,131076
2023-09-12,2023-09-12T00:00:00Z,1945.5999755859375,1947.5,1929.9000244140625,1935.0999755859375,161993
2023-09-13,2023-09-13T00:00:00Z,1935.199951171875,1938.4000244140625,1927.199951171875,1932.5,161003
2023-09-14,2023-09-14T00:00:00Z,1930.699951171875,1934.5,1921.699951171875,1932.800048828125,201744
2023-09-15,2023-09-15T00:00:00Z,1932.5,1952.4000244140625,1931.199951171875,1946.199951171875,199773
2023-09-18,2023-09-18T00:00:00Z,1945.699951171875,1955.699951171875,1943.800048828125,1953.4000244140625,138031
2023-09-19,2023-09-19T00:00:00Z,1955.300048828125,1958.9000244140625,1950.9000244140625,1953.699951171875,131097
2023-09-20,2023-09-20T00:00:00Z,1953.0,1968.9000244140625,1948.5999755859375,1967.0999755859375,220980
2023-09-21,2023-09-21T00:00:00Z,1952.0,1952.199951171875,1933.0999755859375,1939.5999755859375,225908
2023-09-22,2023-09-22T00:00:00Z,1939.5999755859375,1949.0999755859375,1939.5999755859375,1945.5999755859375,139926
2023-09-25,2023-09-25T00:00:00Z,1944.699951171875,1946.800048828125,1933.800048828125,1936.5999755859375,164259
2023-09-26,2023-09-26T00:00:00Z,1935.0999755859375,1935.5,1917.199951171875,1919.800048828125,212263
2023-09-27,2023-09-27T00:00:00Z,1918.800048828125,1921.699951171875,1890.300048828125,1890.9000244140625,238525
2023-09-28,2023-09-28T00:00:00Z,1893.300048828125,1896.800048828125,1874.5,1878.5999755859375,231419
2023-09-29,2023-09-29T00:00:00Z,1882.300048828125,1896.699951171875,1862.300048828125,1866.0999755859375,245131
2023-10-02,2023-10-02T00:00:00Z,1864.4000244140625,1864.699951171875,1842.699951171875,1847.199951171875,202147
2023-10-03,2023-10-03T00:00:00Z,1844.9000244140625,1849.300048828125,1830.9000244140625,1841.5,216784
2023-10-04,2023-10-04T00:00:00Z,1838.699951171875,1846.800048828125,1831.5999755859375,1834.800048828125,195048
2023-10-05,2023-10-05T00:00:00Z,1837.5999755859375,1843.5,1826.199951171875,1831.800048828125,172464
2023-10-06,2023-10-06T00:00:00Z,1834.300048828125,1849.0,1823.5,1845.199951171875,231024
2023-10-09,2023-10-09T00:00:00Z,1861.0,1877.300048828125,1857.5,1864.300048828125,187802
2023-10-10,2023-10-10T00:00:00Z,1875.4000244140625,1879.0999755859375,1866.0999755859375,1875.300048828125,157340
2023-10-11,2023-10-11T00:00:00Z,1873.699951171875,1890.9000244140625,1871.699951171875,1887.300048828125,169964
2023-10-12,2023-10-12T00:00:00Z,1888.0999755859375,1898.300048828125,1880.5999755859375,1883.0,163475
2023-10-13,2023-10-13T00:00:00Z,1881.699951171875,1946.199951171875,1881.5,1941.5,312994
2023-10-16,2023-10-16T00:00:00Z,1941.300048828125,1943.0,1921.199951171875,1934.300048828125,182823
2023-10-17,2023-10-17T00:00:00Z,1933.300048828125,1944.5,1924.5999755859375,1935.699951171875,165063
2023-10-18,2023-10-18T00:00:00Z,1936.699951171875,1975.800048828125,1935.9000244140625,1968.300048828125,270045
2023-10-19,2023-10-19T00:00:00Z,1960.0999755859375,1990.199951171875,1957.0,1980.5,264821
2023-10-20,2023-10-20T00:00:00Z,1988.0,2009.199951171875,1983.699951171875,1994.4000244140625,289109
2023-10-23,2023-10-23T00:00:00Z,1987.699951171875,1994.300048828125,1971.0,1987.800048828125,212290
2023-10-24,2023-10-24T00:00:00Z,1984.0999755859375,1992.0,1964.5999755859375,1986.0999755859375,200943
2023-10-25,2023-10-25T00:00:00Z,1982.699951171875,1998.5999755859375,1973.5999755859375,1994.9000244140625,240655
2023-10-26,2023-10-26T00:00:00Z,1991.199951171875,2003.699951171875,1981.5999755859375,1997.4000244140625,214053
2023-10-27,2023-10-27T00:00:00Z,1995.0,2019.699951171875,1986.4000244140625,1998.5,213757
2023-10-30,2023-10-30T00:00:00Z,2013.5,2016.800048828125,1999.699951171875,2005.5999755859375,181339
2023-10-31,2023-10-31T00:00:00Z,2005.5999755859375,2017.699951171875,1987.4000244140625,1994.300048828125,214776
2023-11-01,2023-11-01T00:00:00Z,1993.300048828125,2005.9000244140625,1978.199951171875,1987.5,197629
2023-11-02,2023-11-02T00:00:00Z,1992.0,1999.199951171875,1986.300048828125,1993.5,158650
2023-11-03,2023-11-03T00:00:00Z,1993.5,2011.9000244140625,1989.300048828125,1999.199951171875,222189
2023-11-06,2023-11-06T00:00:00Z,1999.4000244140625,2000.0999755859375,1984.199951171875,1988.5999755859375,146279
2023-11-07,2023-11-07T00:00:00Z,1984.800048828125,1985.199951171875,1962.800048828125,1973.5,218948
2023-11-08,2023-11-08T00:00:00Z,1975.300048828125,1977.5,1953.199951171875,1957.800048828125,189359
2023-11-09,2023-11-09T00:00:00Z,1955.5,1971.5,1948.300048828125,1969.800048828125,214077
2023-11-10,2023-11-10T00:00:00Z,1964.0999755859375,1965.5999755859375,1936.9000244140625,1937.699951171875,229637
2023-11-13,2023-11-13T00:00:00Z,1943.4000244140625,1953.5,1935.5999755859375,1950.199951171875,183702
2023-11-14,2023-11-14T00:00:00Z,1950.300048828125,1975.300048828125,1938.800048828125,1966.5,180741
2023-11-15,2023-11-15T00:00:00Z,1966.9000244140625,1979.199951171875,1958.800048828125,1964.300048828125,142924
2023-11-16,2023-11-16T00:00:00Z,1963.0,1991.0999755859375,1959.0,1987.300048828125,186810
2023-11-17,2023-11-17T00:00:00Z,1984.199951171875,1996.4000244140625,1981.0999755859375,1984.699951171875,133120
2023-11-20,2023-11-20T00:00:00Z,1980.9000244140625,1987.800048828125,1967.199951171875,1980.300048828125,177887
2023-11-21,2023-11-21T00:00:00Z,1980.0,2009.800048828125,1979.9000244140625,2001.5999755859375,230024
2023-11-22,2023-11-22T00:00:00Z,2000.300048828125,2008.300048828125,1988.5999755859375,1992.800048828125,199370
2023-11-23,2023-11-23T00:00:00Z,1991.199951171875,1999.5,1990.9000244140625,1993.300048828125,199370
2023-11-24,2023-11-24T00:00:00Z,1991.199951171875,2004.5,1990.9000244140625,2003.0,214880
2023-11-27,2023-11-27T00:00:00Z,2002.5,2018.9000244140625,2001.4000244140625,2012.4000244140625,251250
2023-11-28,2023-11-28T00:00:00Z,2014.300048828125,2044.0999755859375,2011.5,2040.0,174665
2023-11-29,2023-11-29T00:00:00Z,2041.699951171875,2052.10009765625,2036.0,2047.0999755859375,15290
2023-11-30,2023-11-30T00:00:00Z,2046.0999755859375,2047.0999755859375,2033.0999755859375,2038.0999755859375,151918
2023-12-01,2023-12-01T00:00:00Z,2056.5,2095.699951171875,2052.60009765625,2089.699951171875,241615
2023-12-04,2023-12-04T00:00:00Z,2094.39990234375,2152.300048828125,2038.4000244140625,2042.199951171875,378224
2023-12-05,2023-12-05T00:00:00Z,2049.0,2059.60009765625,2027.5999755859375,2036.300048828125,209549
2023-12-06,2023-12-06T00:00:00Z,2037.800048828125,2053.39990234375,2035.300048828125,2047.9000244140625,154219
2023-12-07,2023-12-07T00:00:00Z,2043.4000244140625,2057.199951171875,2036.5999755859375,2046.4000244140625,173977
2023-12-08,2023-12-08T00:00:00Z,2045.699951171875,2050.39990234375,2010.5999755859375,2014.5,237289
2023-12-11,2023-12-11T00:00:00Z,2020.0,2023.699951171875,1991.199951171875,1993.699951171875,160072
2023-12-12,2023-12-12T00:00:00Z,1997.800048828125,2012.5,1992.300048828125,1993.199951171875,148532
2023-12-13,2023-12-13T00:00:00Z,1995.0999755859375,2043.300048828125,1987.9000244140625,1997.300048828125,192679
2023-12-14,2023-12-14T00:00:00Z,2043.199951171875,2062.89990234375,2039.0999755859375,2044.9000244140625,231095
2023-12-15,2023-12-15T00:00:00Z,2051.300048828125,2059.60009765625,2029.199951171875,2035.699951171875,172147
2023-12-18,2023-12-18T00:00:00Z,2033.300048828125,2048.0,2029.5,2040.5,141406
2023-12-19,2023-12-19T00:00:00Z,2041.0999755859375,2061.0,2034.800048828125,2052.10009765625,134781
2023-12-20,2023-12-20T00:00:00Z,2053.800048828125,2056.89990234375,2040.5999755859375,2047.699951171875,122567
2023-12-21,2023-12-21T00:00:00Z,2044.4000244140625,2058.0,2043.300048828125,2051.300048828125,119952
2023-12-22,2023-12-22T00:00:00Z,2061.199951171875,2083.0,2058.199951171875,2069.10009765625,170150
2023-12-26,2023-12-26T00:00:00Z,2066.0,2080.5,2065.10009765625,2069.800048828125,79573
2023-12-27,2023-12-27T00:00:00Z,2079.300048828125,2095.800048828125,2072.800048828125,2093.10009765625,128179
2023-12-28,2023-12-28T00:00:00Z,2089.5,2098.199951171875,2074.60009765625,2083.5,129544
2023-12-29,2023-12-29T00:00:00Z,2076.10009765625,2084.10009765625,2067.60009765625,2071.800048828125,105724
2024-01-02,2024-01-02T00:00:00Z,2072.699951171875,2088.10009765625,2064.300048828125,2073.39990234375,157555
2024-01-03,2024-01-03T00:00:00Z,2067.89990234375,2074.300048828125,2038.300048828125,2042.800048828125,221680
2024-01-04,2024-01-04T00:00:00Z,2049.300048828125,2058.10009765625,2043.300048828125,2050.0,130263
2024-01-05,2024-01-05T00:00:00Z,2051.39990234375,2071.10009765625,2030.800048828125,2049.800048828125,214684
2024-01-08,2024-01-08T00:00:00Z,2052.60009765625,2053.300048828125,2022.699951171875,2033.5,220988
2024-01-09,2024-01-09T00:00:00Z,2034.5,2048.60009765625,2031.9000244140625,2033.0,218745
2024-01-10,2024-01-10T00:00:00Z,2036.0,2046.199951171875,2025.9000244140625,2027.800048828125,205007
2024-01-11,2024-01-11T00:00:00Z,2029.4000244140625,2056.10009765625,2017.300048828125,2019.199951171875,301337
2024-01-12,2024-01-12T00:00:00Z,2033.199951171875,2067.300048828125,2033.0999755859375,2051.60009765625,272352
2024-01-16,2024-01-16T00:00:00Z,2053.39990234375,2062.800048828125,2027.5999755859375,2030.199951171875,285254
2024-01-17,2024-01-17T00:00:00Z,2031.699951171875,2036.0999755859375,2004.5999755859375,2006.5,254292
2024-01-18,2024-01-18T00:00:00Z,2009.0999755859375,2025.5999755859375,2007.699951171875,2021.5999755859375,171928
2024-01-19,2024-01-19T00:00:00Z,2027.4000244140625,2041.9000244140625,2022.199951171875,2029.300048828125,172805
2024-01-22,2024-01-22T00:00:00Z,2031.800048828125,2034.0999755859375,2017.4000244140625,2022.199951171875,152756
2024-01-23,2024-01-23T00:00:00Z,2023.199951171875,2039.300048828125,2020.800048828125,2025.800048828125,156699
2024-01-24,2024-01-24T00:00:00Z,2030.699951171875,2037.9000244140625,2011.699951171875,2016.0,234459
2024-01-25,2024-01-25T00:00:00Z,2014.800048828125,2025.5999755859375,2004.0,2017.800048828125,196670
2024-01-26,2024-01-26T00:00:00Z,2021.0,2028.0999755859375,2015.5999755859375,2017.300048828125,119588
2024-01-29,2024-01-29T00:00:00Z,2024.4000244140625,2037.199951171875,2018.800048828125,2025.4000244140625,150708
2024-01-30,2024-01-30T00:00:00Z,2032.5,2048.5,2028.0999755859375,2031.5,26907
2024-01-31,2024-01-31T00:00:00Z,2035.4000244140625,2055.0,2030.0,2048.39990234375,238373
2024-02-01,2024-02-01T00:00:00Z,2057.89990234375,2083.199951171875,2046.4000244140625,2071.10009765625,260921
2024-02-02,2024-02-02T00:00:00Z,2072.0,2074.699951171875,2044.199951171875,2053.699951171875,219800
2024-02-05,2024-02-05T00:00:00Z,2057.89990234375,2059.10009765625,2030.800048828125,2042.9000244140625,170431
2024-02-06,2024-02-06T00:00:00Z,2041.4000244140625,2055.300048828125,2038.800048828125,2051.39990234375,126384
2024-02-07,2024-02-07T00:00:00Z,2052.60009765625,2061.300048828125,2046.4000244140625,2051.699951171875,125631
2024-02-08,2024-02-08T00:00:00Z,2051.0,2053.800048828125,2034.5999755859375,2047.9000244140625,137076
2024-02-09,2024-02-09T00:00:00Z,2049.699951171875,2051.89990234375,2034.300048828125,2038.699951171875,116031
2024-02-12,2024-02-12T00:00:00Z,2038.199951171875,2041.800048828125,2025.4000244140625,2033.0,116025
2024-02-13,2024-02-13T00:00:00Z,2033.699951171875,2047.300048828125,2002.800048828125,2007.199951171875,217571
2024-02-14,2024-02-14T00:00:00Z,2006.300048828125,2008.800048828125,1996.4000244140625,2004.300048828125,193607
2024-02-15,2024-02-15T00:00:00Z,2004.800048828125,2020.199951171875,2001.800048828125,2014.9000244140625,204249
2024-02-16,2024-02-16T00:00:00Z,2016.0999755859375,2027.199951171875,2006.5999755859375,2024.0999755859375,162356
2024-02-20,2024-02-20T00:00:00Z,2027.699951171875,2042.699951171875,2023.9000244140625,2039.800048828125,202432
2024-02-21,2024-02-21T00:00:00Z,2036.199951171875,2043.5,2030.9000244140625,2034.300048828125,120599
2024-02-22,2024-02-22T00:00:00Z,2036.5,2045.5,2029.300048828125,2030.699951171875,147947
2024-02-23,2024-02-23T00:00:00Z,2034.0999755859375,2053.199951171875,2025.4000244140625,2049.39990234375,212029
2024-02-26,2024-02-26T00:00:00Z,2044.199951171875,2046.800048828125,2034.0999755859375,2038.9000244140625,129021
2024-02-27,2024-02-27T00:00:00Z,2041.199951171875,2049.10009765625,2038.0999755859375,2044.0999755859375,148780
2024-02-28,2024-02-28T00:00:00Z,2039.699951171875,2047.4000244140625,2033.4000244140625,2042.699951171875,137077
2024-02-29,2024-02-29T00:00:00Z,2043.800048828125,2059.39990234375,2036.0,2054.699951171875,227074
2024-03-01,2024-03-01T00:00:00Z,2052.800048828125,2097.10009765625,2047.0,2095.699951171875,330592
2024-03-04,2024-03-04T00:00:00Z,2091.60009765625,2128.39990234375,2088.10009765625,2126.300048828125,328253
2024-03-05,2024-03-05T00:00:00Z,2123.300048828125,2150.5,2118.5,2141.89990234375,283148
2024-03-06,2024-03-06T00:00:00Z,2136.39990234375,2160.699951171875,2131.89990234375,2158.199951171875,319763
2024-03-07,2024-03-07T00:00:00Z,2156.699951171875,2172.199951171875,2151.699951171875,2165.199951171875,267795
2024-03-08,2024-03-08T00:00:00Z,2166.60009765625,2203.0,2161.199951171875,2185.5,389682
2024-03-11,2024-03-11T00:00:00Z,2187.60009765625,2195.5,2180.89990234375,2188.60009765625,242418
2024-03-12,2024-03-12T00:00:00Z,2189.10009765625,2190.800048828125,2156.199951171875,2166.10009765625,316254
2024-03-13,2024-03-13T00:00:00Z,2163.60009765625,2185.60009765625,2161.300048828125,2180.800048828125,232273
2024-03-14,2024-03-14T00:00:00Z,2179.5,2181.300048828125,2157.0,2167.5,207225
2024-03-15,2024-03-15T00:00:00Z,2166.199951171875,2176.89990234375,2158.699951171875,2161.5,187847
2024-03-18,2024-03-18T00:00:00Z,2159.89990234375,2167.199951171875,2149.199951171875,2164.300048828125,211858
2024-03-19,2024-03-19T00:00:00Z,2164.0,2166.300048828125,2150.199951171875,2159.699951171875,178162
2024-03-20,2024-03-20T00:00:00Z,2161.39990234375,2192.199951171875,2152.300048828125,2161.0,233572
2024-03-21,2024-03-21T00:00:00Z,2190.199951171875,2225.300048828125,2168.199951171875,2184.699951171875,391750
2024-03-22,2024-03-22T00:00:00Z,2183.39990234375,2188.0,2158.39990234375,2160.0,205808
2024-03-25,2024-03-25T00:00:00Z,2166.60009765625,2182.5,2164.39990234375,2176.39990234375,211610
2024-03-26,2024-03-26T00:00:00Z,2173.0,2200.60009765625,2168.300048828125,2177.199951171875,202373
2024-03-27,2024-03-27T00:00:00Z,2179.39990234375,2196.199951171875,2172.10009765625,2190.60009765625,31200
2024-03-28,2024-03-28T00:00:00Z,2193.60009765625,2234.10009765625,2187.10009765625,2217.39990234375,250248
2024-04-01,2024-04-01T00:00:00Z,2259.199951171875,2286.39990234375,2249.10009765625,2257.10009765625,220767
2024-04-02,2024-04-02T00:00:00Z,2272.699951171875,2301.89990234375,2267.10009765625,2281.800048828125,277228
2024-04-03,2024-04-03T00:00:00Z,2301.699951171875,2321.800048828125,2285.699951171875,2315.0,254574
2024-04-04,2024-04-04T00:00:00Z,2321.0,2325.300048828125,2298.699951171875,2308.5,236227
2024-04-05,2024-04-05T00:00:00Z,2309.5,2350.0,2286.199951171875,2345.39990234375,293212
2024-04-08,2024-04-08T00:00:00Z,2343.60009765625,2372.5,2321.699951171875,2351.0,285570
2024-04-09,2024-04-09T00:00:00Z,2358.10009765625,2384.5,2355.699951171875,2362.39990234375,279608
2024-04-10,2024-04-10T00:00:00Z,2372.39990234375,2378.10009765625,2337.10009765625,2348.39990234375,353847
2024-04-11,2024-04-11T00:00:00Z,2351.699951171875,2395.60009765625,2343.10009765625,2372.699951171875,260415
2024-04-12,2024-04-12T00:00:00Z,2389.39990234375,2448.800048828125,2350.60009765625,2374.10009765625,479894
2024-04-15,2024-04-15T00:00:00Z,2369.39990234375,2404.300048828125,2340.199951171875,2383.0,343730
2024-04-16,2024-04-16T00:00:00Z,2399.10009765625,2414.800048828125,2379.199951171875,2407.800048828125,297592
2024-04-17,2024-04-17T00:00:00Z,2398.0,2412.0,2370.699951171875,2388.39990234375,284352
2024-04-18,2024-04-18T00:00:00Z,2377.89990234375,2408.0,2377.199951171875,2398.0,200546
2024-04-19,2024-04-19T00:00:00Z,2394.0,2433.300048828125,2386.800048828125,2413.800048828125,275405
2024-04-22,2024-04-22T00:00:00Z,2403.699951171875,2404.300048828125,2338.199951171875,2346.39990234375,262673
2024-04-23,2024-04-23T00:00:00Z,2342.300048828125,2347.89990234375,2304.60009765625,2342.10009765625,270225
2024-04-24,2024-04-24T00:00:00Z,2335.699951171875,2350.89990234375,2324.800048828125,2338.39990234375,187699
2024-04-25,2024-04-25T00:00:00Z,2327.39990234375,2357.60009765625,2316.39990234375,2342.5,224471
2024-04-26,2024-04-26T00:00:00Z,2344.199951171875,2364.39990234375,2338.0,2347.199951171875,171011
2024-04-29,2024-04-29T00:00:00Z,2347.60009765625,2358.89990234375,2331.0,2357.699951171875,187309
2024-04-30,2024-04-30T00:00:00Z,2347.0,2347.60009765625,2296.199951171875,2302.89990234375,229064
2024-05-01,2024-05-01T00:00:00Z,2298.199951171875,2339.5,2291.699951171875,2311.0,227384
2024-05-02,2024-05-02T00:00:00Z,2329.89990234375,2336.10009765625,2294.300048828125,2309.60009765625,193658
2024-05-03,2024-05-03T00:00:00Z,2313.5,2330.699951171875,2285.199951171875,2308.60009765625,231400
2024-05-06,2024-05-06T00:00:00Z,2312.800048828125,2341.89990234375,2300.60009765625,2331.199951171875,191895
2024-05-07,2024-05-07T00:00:00Z,2334.800048828125,2338.699951171875,2318.199951171875,2324.199951171875,204623
2024-05-08,2024-05-08T00:00:00Z,2322.0,2329.60009765625,2311.39990234375,2322.300048828125,214693
2024-05-09,2024-05-09T00:00:00Z,2316.5,2354.199951171875,2312.89990234375,2340.300048828125,249092
2024-05-10,2024-05-10T00:00:00Z,2353.5,2385.300048828125,2352.0,2375.0,275241
2024-05-13,2024-05-13T00:00:00Z,2369.10009765625,2370.800048828125,2337.60009765625,2343.0,243075
2024-05-14,2024-05-14T00:00:00Z,2342.300048828125,2365.199951171875,2340.5,2359.89990234375,192076
2024-05-15,2024-05-15T00:00:00Z,2362.89990234375,2396.10009765625,2357.10009765625,2394.89990234375,249843
2024-05-16,2024-05-16T00:00:00Z,2391.5,2402.699951171875,2375.199951171875,2385.5,191026
2024-05-17,2024-05-17T00:00:00Z,2381.39990234375,2427.39990234375,2377.800048828125,2417.39990234375,218553
2024-05-20,2024-05-20T00:00:00Z,2422.199951171875,2454.199951171875,2411.10009765625,2438.5,281430
2024-05-21,2024-05-21T00:00:00Z,2431.5,2438.199951171875,2408.5,2425.89990234375,229421
2024-05-22,2024-05-22T00:00:00Z,2425.39990234375,2430.5,2378.0,2392.89990234375,253852
2024-05-23,2024-05-23T00:00:00Z,2383.0,2385.699951171875,2328.10009765625,2337.199951171875,273658
2024-05-24,2024-05-24T00:00:00Z,2330.39990234375,2349.0,2326.300048828125,2334.5,178343
2024-05-28,2024-05-28T00:00:00Z,2338.0,2365.5,2333.800048828125,2356.5,316223
2024-05-29,2024-05-29T00:00:00Z,2362.5,2363.699951171875,2334.199951171875,2341.199951171875,119317
2024-05-30,2024-05-30T00:00:00Z,2336.89990234375,2349.5,2320.800048828125,2342.89990234375,32587
2024-05-31,2024-05-31T00:00:00Z,2344.10009765625,2354.0,2319.0,2322.89990234375,183406
2024-06-03,2024-06-03T00:00:00Z,2348.0,2375.5,2334.800048828125,2369.300048828125,173149
2024-06-04,2024-06-04T00:00:00Z,2371.300048828125,2373.10009765625,2335.10009765625,2347.39990234375,171547
2024-06-05,2024-06-05T00:00:00Z,2347.10009765625,2377.60009765625,2345.300048828125,2375.5,171862
2024-06-06,2024-06-06T00:00:00Z,2375.300048828125,2397.800048828125,2372.199951171875,2390.89990234375,172202
2024-06-07,2024-06-07T00:00:00Z,2395.699951171875,2406.699951171875,2304.199951171875,2325.0,314551
2024-06-10,2024-06-10T00:00:00Z,2311.0,2331.300048828125,2304.5,2327.0,142888
2024-06-11,2024-06-11T00:00:00Z,2329.5,2337.300048828125,2314.5,2326.60009765625,145501
2024-06-12,2024-06-12T00:00:00Z,2334.0,2358.800048828125,2327.199951171875,2354.800048828125,241670
2024-06-13,2024-06-13T00:00:00Z,2340.89990234375,2342.39990234375,2310.89990234375,2318.0,182657
2024-06-14,2024-06-14T00:00:00Z,2319.60009765625,2352.300048828125,2316.699951171875,2349.10009765625,163367
2024-06-17,2024-06-17T00:00:00Z,2348.5,2348.699951171875,2324.300048828125,2329.0,122702
2024-06-18,2024-06-18T00:00:00Z,2333.699951171875,2348.199951171875,2320.199951171875,2346.89990234375,154251
2024-06-20,2024-06-20T00:00:00Z,2344.199951171875,2379.5,2338.5,2369.0,252687
2024-06-21,2024-06-21T00:00:00Z,2373.800048828125,2382.60009765625,2329.199951171875,2331.199951171875,194824
2024-06-24,2024-06-24T00:00:00Z,2333.5,2347.5,2329.5,2344.39990234375,117625
2024-06-25,2024-06-25T00:00:00Z,2346.800048828125,2349.699951171875,2327.10009765625,2330.800048828125,144271
2024-06-26,2024-06-26T00:00:00Z,2331.800048828125,2335.800048828125,2304.699951171875,2313.199951171875,191628
2024-06-27,2024-06-27T00:00:00Z,2309.39990234375,2342.0,2306.800048828125,2336.60009765625,140228
2024-06-28,2024-06-28T00:00:00Z,2338.60009765625,2350.60009765625,2329.699951171875,2339.60009765625,135383
2024-07-01,2024-07-01T00:00:00Z,2336.199951171875,2348.800048828125,2328.199951171875,2338.89990234375,142601
2024-07-02,2024-07-02T00:00:00Z,2341.60009765625,2346.10009765625,2327.39990234375,2333.39990234375,153709
2024-07-03,2024-07-03T00:00:00Z,2338.60009765625,2374.5,2335.699951171875,2369.39990234375,193642
2024-07-05,2024-07-05T00:00:00Z,2365.800048828125,2401.5,2356.0,2397.699951171875,293254
2024-07-08,2024-07-08T00:00:00Z,2396.199951171875,2399.300048828125,2358.300048828125,2363.5,240781
2024-07-09,2024-07-09T00:00:00Z,2366.5,2378.300048828125,2356.0,2367.89990234375,252489
2024-07-10,2024-07-10T00:00:00Z,2371.0,2393.39990234375,2369.699951171875,2379.699951171875,163900
2024-07-11,2024-07-11T00:00:00Z,2377.39990234375,2430.39990234375,2376.800048828125,2421.89990234375,303520
2024-07-12,2024-07-12T00:00:00Z,2421.0,2423.199951171875,2396.10009765625,2420.699951171875,220933
2024-07-15,2024-07-15T00:00:00Z,2419.300048828125,2445.0,2406.10009765625,2428.89990234375,193535
2024-07-16,2024-07-16T00:00:00Z,2427.10009765625,2474.5,2424.5,2467.800048828125,246085
2024-07-17,2024-07-17T00:00:00Z,2473.199951171875,2488.39990234375,2455.5,2459.89990234375,259540
2024-07-18,2024-07-18T00:00:00Z,2462.5,2478.5,2442.89990234375,2456.39990234375,192770
2024-07-19,2024-07-19T00:00:00Z,2448.0,2448.39990234375,2395.699951171875,2399.10009765625,254408
2024-07-22,2024-07-22T00:00:00Z,2403.699951171875,2414.39990234375,2385.199951171875,2394.699951171875,197562
2024-07-23,2024-07-23T00:00:00Z,2398.0,2413.5,2389.199951171875,2407.300048828125,171191
2024-07-24,2024-07-24T00:00:00Z,2410.699951171875,2433.0,2397.0,2415.699951171875,245884
2024-07-25,2024-07-25T00:00:00Z,2398.10009765625,2400.800048828125,2351.89990234375,2353.5,294897
2024-07-26,2024-07-26T00:00:00Z,2363.800048828125,2389.699951171875,2354.60009765625,2381.0,154523
2024-07-29,2024-07-29T00:00:00Z,2386.89990234375,2402.10009765625,2367.300048828125,2377.800048828125,126409
2024-07-30,2024-07-30T00:00:00Z,2380.89990234375,2409.300048828125,2373.800048828125,2405.0,25944
2024-07-31,2024-07-31T00:00:00Z,2407.10009765625,2447.60009765625,2402.800048828125,2426.5,176268
2024-08-01,2024-08-01T00:00:00Z,2493.39990234375,2506.60009765625,2474.0,2480.800048828125,219834
2024-08-02,2024-08-02T00:00:00Z,2490.800048828125,2522.5,2453.10009765625,2469.800048828125,309937
2024-08-05,2024-08-05T00:00:00Z,2490.300048828125,2500.800048828125,2403.800048828125,2444.39990234375,352229
2024-08-06,2024-08-06T00:00:00Z,2451.699951171875,2459.5,2421.800048828125,2431.60009765625,186107
2024-08-07,2024-08-07T00:00:00Z,2432.60009765625,2447.300048828125,2418.800048828125,2432.39990234375,166078
2024-08-08,2024-08-08T00:00:00Z,2422.800048828125,2467.89990234375,2420.199951171875,2463.300048828125,178509
2024-08-09,2024-08-09T00:00:00Z,2467.300048828125,2476.5,2456.10009765625,2473.39990234375,152173
2024-08-12,2024-08-12T00:00:00Z,2470.10009765625,2513.39990234375,2462.699951171875,2504.0,171204
2024-08-13,2024-08-13T00:00:00Z,2512.60009765625,2517.300048828125,2498.199951171875,2507.800048828125,155078
2024-08-14,2024-08-14T00:00:00Z,2506.300048828125,2519.699951171875,2476.199951171875,2479.699951171875,187384
2024-08-15,2024-08-15T00:00:00Z,2486.199951171875,2508.0,2469.199951171875,2492.39990234375,169322
2024-08-16,2024-08-16T00:00:00Z,2494.39990234375,2548.300048828125,2488.199951171875,2537.800048828125,223934
2024-08-19,2024-08-19T00:00:00Z,2549.699951171875,2549.89990234375,2523.699951171875,2541.300048828125,155994
2024-08-20,2024-08-20T00:00:00Z,2542.39990234375,2570.39990234375,2535.10009765625,2550.60009765625,191196
2024-08-21,2024-08-21T00:00:00Z,2552.199951171875,2558.0,2528.199951171875,2547.5,148894
2024-08-22,2024-08-22T00:00:00Z,2549.89990234375,2551.39990234375,2506.39990234375,2516.699951171875,177369
2024-08-23,2024-08-23T00:00:00Z,2521.10009765625,2554.5,2519.800048828125,2546.300048828125,164613
2024-08-26,2024-08-26T00:00:00Z,2545.10009765625,2563.199951171875,2544.0,2555.199951171875,127485
2024-08-27,2024-08-27T00:00:00Z,2553.800048828125,2561.39990234375,2538.5,2552.89990234375,146222
2024-08-28,2024-08-28T00:00:00Z,2559.800048828125,2564.300048828125,2527.800048828125,2537.800048828125,165123
2024-08-29,2024-08-29T00:00:00Z,2539.199951171875,2562.199951171875,2536.5,2560.300048828125,159965
2024-08-30,2024-08-30T00:00:00Z,2553.60009765625,2560.10009765625,2526.60009765625,2527.60009765625,175644
2024-09-03,2024-09-03T00:00:00Z,2536.0,2539.5,2504.39990234375,2523.0,273539
2024-09-04,2024-09-04T00:00:00Z,2524.60009765625,2531.5,2502.699951171875,2526.0,167957
2024-09-05,2024-09-05T00:00:00Z,2526.39990234375,2554.0,2523.699951171875,2543.10009765625,152709
2024-09-06,2024-09-06T00:00:00Z,2547.10009765625,2559.800048828125,2513.89990234375,2524.60009765625,228117
2024-09-09,2024-09-09T00:00:00Z,2526.5,2536.5,2514.199951171875,2532.699951171875,140583
2024-09-10,2024-09-10T00:00:00Z,2536.0,2547.5,2528.89990234375,2543.10009765625,156108
2024-09-11,2024-09-11T00:00:00Z,2545.699951171875,2558.0,2529.0,2542.39990234375,194085
2024-09-12,2024-09-12T00:00:00Z,2540.60009765625,2588.5,2538.699951171875,2580.60009765625,233679
2024-09-13,2024-09-13T00:00:00Z,2587.5,2614.60009765625,2585.0,2610.699951171875,174674
2024-09-16,2024-09-16T00:00:00Z,2608.0,2617.39990234375,2602.5,2608.89990234375,127576
2024-09-17,2024-09-17T00:00:00Z,2609.800048828125,2613.699951171875,2587.300048828125,2592.39990234375,159525
2024-09-18,2024-09-18T00:00:00Z,2596.0,2627.199951171875,2572.5,2598.60009765625,233128
2024-09-19,2024-09-19T00:00:00Z,2585.10009765625,2620.5,2575.300048828125,2614.60009765625,204475
2024-09-20,2024-09-20T00:00:00Z,2611.199951171875,2651.0,2608.699951171875,2646.199951171875,207209
2024-09-23,2024-09-23T00:00:00Z,2646.199951171875,2659.800048828125,2638.60009765625,2652.5,170494
2024-09-24,2024-09-24T00:00:00Z,2653.300048828125,2689.39990234375,2647.10009765625,2677.0,216553
2024-09-25,2024-09-25T00:00:00Z,2682.800048828125,2694.89990234375,2673.39990234375,2684.699951171875,189943
2024-09-26,2024-09-26T00:00:00Z,2681.199951171875,2708.699951171875,2677.5,2694.89990234375,217643
2024-09-27,2024-09-27T00:00:00Z,2695.10009765625,2696.89990234375,2665.300048828125,2668.10009765625,196732
2024-09-30,2024-09-30T00:00:00Z,2680.5,2687.699951171875,2646.199951171875,2659.39990234375,173252
2024-10-01,2024-10-01T00:00:00Z,2656.10009765625,2694.699951171875,2653.800048828125,2690.300048828125,202756
2024-10-02,2024-10-02T00:00:00Z,2684.60009765625,2684.800048828125,2662.10009765625,2669.699951171875,128680
2024-10-03,2024-10-03T00:00:00Z,2679.89990234375,2683.39990234375,2657.800048828125,2679.199951171875,138551
2024-10-04,2024-10-04T00:00:00Z,2675.699951171875,2690.60009765625,2651.60009765625,2667.800048828125,192656
2024-10-07,2024-10-07T00:00:00Z,2671.699951171875,2679.199951171875,2657.300048828125,2666.0,130705
2024-10-08,2024-10-08T00:00:00Z,2662.800048828125,2672.39990234375,2623.39990234375,2635.39990234375,233849
2024-10-09,2024-10-09T00:00:00Z,2640.699951171875,2642.89990234375,2622.800048828125,2626.0,143000
2024-10-10,2024-10-10T00:00:00Z,2625.800048828125,2648.89990234375,2618.800048828125,2639.300048828125,195581
2024-10-11,2024-10-11T00:00:00Z,2647.39990234375,2679.0,2645.300048828125,2676.300048828125,168597
2024-10-14,2024-10-14T00:00:00Z,2673.10009765625,2684.199951171875,2660.0,2665.60009765625,123361
2024-10-15,2024-10-15T00:00:00Z,2663.5,2685.89990234375,2654.39990234375,2678.89990234375,160564
2024-10-16,2024-10-16T00:00:00Z,2679.5,2702.5,2674.89990234375,2691.300048828125,156877
2024-10-17,2024-10-17T00:00:00Z,2690.39990234375,2712.699951171875,2688.199951171875,2707.5,181816
2024-10-18,2024-10-18T00:00:00Z,2707.800048828125,2737.800048828125,2707.300048828125,2730.0,178959
2024-10-21,2024-10-21T00:00:00Z,2736.300048828125,2755.39990234375,2728.5,2738.89990234375,210450
2024-10-22,2024-10-22T00:00:00Z,2734.699951171875,2763.300048828125,2733.5,2759.800048828125,173695
2024-10-23,2024-10-23T00:00:00Z,2762.60009765625,2772.60009765625,2722.10009765625,2729.39990234375,214515
2024-10-24,2024-10-24T00:00:00Z,2729.199951171875,2756.300048828125,2728.699951171875,2748.89990234375,175872
2024-10-25,2024-10-25T00:00:00Z,2748.60009765625,2760.89990234375,2729.10009765625,2754.60009765625,153487
2024-10-28,2024-10-28T00:00:00Z,2749.199951171875,2758.300048828125,2736.89990234375,2755.89990234375,161907
2024-10-29,2024-10-29T00:00:00Z,2754.300048828125,2787.699951171875,2752.0,2781.10009765625,207424
2024-10-30,2024-10-30T00:00:00Z,2786.89990234375,2801.800048828125,2782.39990234375,2800.800048828125,191549
2024-10-31,2024-10-31T00:00:00Z,2799.10009765625,2801.199951171875,2741.800048828125,2749.300048828125,242571
2024-11-01,2024-11-01T00:00:00Z,2754.0,2772.39990234375,2742.60009765625,2749.199951171875,180660
2024-11-04,2024-11-04T00:00:00Z,2743.5,2757.5,2739.39990234375,2746.199951171875,145248
2024-11-05,2024-11-05T00:00:00Z,2746.0,2759.5,2733.39990234375,2749.699951171875,151434
2024-11-06,2024-11-06T00:00:00Z,2752.60009765625,2758.800048828125,2660.699951171875,2676.300048828125,361313
2024-11-07,2024-11-07T00:00:00Z,2667.699951171875,2718.300048828125,2650.300048828125,2705.800048828125,292924
2024-11-08,2024-11-08T00:00:00Z,2713.60009765625,2717.800048828125,2687.300048828125,2694.800048828125,233110
2024-11-11,2024-11-11T00:00:00Z,2692.10009765625,2693.39990234375,2617.10009765625,2617.699951171875,281919
2024-11-12,2024-11-12T00:00:00Z,2625.699951171875,2633.39990234375,2595.699951171875,2606.300048828125,282766
2024-11-13,2024-11-13T00:00:00Z,2604.699951171875,2625.0,2578.10009765625,2586.5,262752
2024-11-14,2024-11-14T00:00:00Z,2578.10009765625,2585.800048828125,2541.5,2572.89990234375,266162
2024-11-15,2024-11-15T00:00:00Z,2570.39990234375,2580.800048828125,2558.89990234375,2570.10009765625,179892
2024-11-18,2024-11-18T00:00:00Z,2571.5,2619.5,2568.5,2614.60009765625,195294
2024-11-19,2024-11-19T00:00:00Z,2616.300048828125,2643.39990234375,2614.199951171875,2631.0,202241
2024-11-20,2024-11-20T00:00:00Z,2635.800048828125,2659.0,2621.89990234375,2651.699951171875,182012
2024-11-21,2024-11-21T00:00:00Z,2653.5,2676.5,2651.60009765625,2674.89990234375,186297
2024-11-22,2024-11-22T00:00:00Z,2672.0,2718.5,2670.10009765625,2712.199951171875,220554
2024-11-25,2024-11-25T00:00:00Z,2716.89990234375,2723.199951171875,2616.60009765625,2618.5,305339
2024-11-26,2024-11-26T00:00:00Z,2626.199951171875,2642.699951171875,2605.300048828125,2621.300048828125,177858
2024-11-27,2024-11-27T00:00:00Z,2633.5,2657.89990234375,2627.199951171875,2639.89990234375,61653
2024-11-29,2024-11-29T00:00:00Z,2636.39990234375,2664.300048828125,2620.699951171875,2657.0,180756
2024-12-02,2024-12-02T00:00:00Z,2673.800048828125,2678.5,2644.5,2658.5,163543
2024-12-03,2024-12-03T00:00:00Z,2662.0,2678.39990234375,2656.60009765625,2667.89990234375,140965
2024-12-04,2024-12-04T00:00:00Z,2665.800048828125,2682.0,2654.199951171875,2676.199951171875,171792
2024-12-05,2024-12-05T00:00:00Z,2674.199951171875,2680.0,2646.300048828125,2648.39990234375,156116
2024-12-06,2024-12-06T00:00:00Z,2655.0,2667.89990234375,2635.60009765625,2659.60009765625,167166
2024-12-09,2024-12-09T00:00:00Z,2665.0,2700.0,2649.699951171875,2685.800048828125,182150
2024-12-10,2024-12-10T00:00:00Z,2684.39990234375,2721.699951171875,2680.699951171875,2718.39990234375,181509
2024-12-11,2024-12-11T00:00:00Z,2721.199951171875,2759.699951171875,2719.10009765625,2756.699951171875,264985
2024-12-12,2024-12-12T00:00:00Z,2753.60009765625,2761.300048828125,2696.699951171875,2709.39990234375,219468
2024-12-13,2024-12-13T00:00:00Z,2704.89990234375,2716.39990234375,2663.300048828125,2675.800048828125,178685
2024-12-16,2024-12-16T00:00:00Z,2668.0,2683.39990234375,2661.39990234375,2670.0,115996
2024-12-17,2024-12-17T00:00:00Z,2670.199951171875,2675.800048828125,2646.10009765625,2662.0,147053
2024-12-18,2024-12-18T00:00:00Z,2663.300048828125,2667.60009765625,2598.10009765625,2653.300048828125,156334
2024-12-19,2024-12-19T00:00:00Z,2600.60009765625,2640.89990234375,2596.699951171875,2608.10009765625,191587
2024-12-20,2024-12-20T00:00:00Z,2609.699951171875,2653.800048828125,2603.699951171875,2645.10009765625,153567
2024-12-23,2024-12-23T00:00:00Z,2639.10009765625,2646.800048828125,2623.199951171875,2628.199951171875,105131
2024-12-24,2024-12-24T00:00:00Z,2629.39990234375,2635.800048828125,2624.199951171875,2635.5,53366
2024-12-26,2024-12-26T00:00:00Z,2638.0,2655.699951171875,2634.10009765625,2653.89990234375,79265
2024-12-27,2024-12-27T00:00:00Z,2653.699951171875,2654.60009765625,2625.199951171875,2631.89990234375,93897
2024-12-30,2024-12-30T00:00:00Z,2636.10009765625,2640.699951171875,2608.39990234375,2618.10009765625,110915
2024-12-31,2024-12-31T00:00:00Z,2620.0,2642.0,2614.300048828125,2641.0,86292
2025-01-02,2025-01-02T00:00:00Z,2641.0,2674.199951171875,2636.10009765625,2669.0,144517
2025-01-03,2025-01-03T00:00:00Z,2671.10009765625,2681.0,2649.699951171875,2654.699951171875,121173
2025-01-06,2025-01-06T00:00:00Z,2652.800048828125,2663.800048828125,2624.60009765625,2647.39990234375,169923
2025-01-07,2025-01-07T00:00:00Z,2647.10009765625,2678.5,2643.5,2665.39990234375,161617
2025-01-08,2025-01-08T00:00:00Z,2662.89990234375,2687.0,2658.39990234375,2672.39990234375,197370
2025-01-09,2025-01-09T00:00:00Z,2679.89990234375,2696.800048828125,2673.699951171875,2690.800048828125,156645
2025-01-10,2025-01-10T00:00:00Z,2692.89990234375,2735.0,2686.89990234375,2715.0,298408
2025-01-13,2025-01-13T00:00:00Z,2716.800048828125,2723.800048828125,2675.199951171875,2678.60009765625,211094
2025-01-14,2025-01-14T00:00:00Z,2682.0,2693.699951171875,2672.0,2682.300048828125,179414
2025-01-15,2025-01-15T00:00:00Z,2693.300048828125,2722.699951171875,2685.39990234375,2717.800048828125,193720
2025-01-16,2025-01-16T00:00:00Z,2722.300048828125,2757.89990234375,2720.39990234375,2750.89990234375,186543
2025-01-17,2025-01-17T00:00:00Z,2746.800048828125,2759.199951171875,2729.199951171875,2748.699951171875,156868
2025-01-21,2025-01-21T00:00:00Z,2739.60009765625,2762.0,2715.60009765625,2759.199951171875,294121
2025-01-22,2025-01-22T00:00:00Z,2758.699951171875,2774.39990234375,2756.199951171875,2770.89990234375,158141
2025-01-23,2025-01-23T00:00:00Z,2765.89990234375,2767.10009765625,2741.0,2765.0,194742
2025-01-24,2025-01-24T00:00:00Z,2761.800048828125,2794.800048828125,2761.0,2778.89990234375,199562
2025-01-27,2025-01-27T00:00:00Z,2778.10009765625,2778.10009765625,2732.0,2738.39990234375,215514
2025-01-28,2025-01-28T00:00:00Z,2742.39990234375,2774.0,2737.39990234375,2767.5,171359
2025-01-29,2025-01-29T00:00:00Z,2771.60009765625,2778.10009765625,2761.0,2769.800048828125,125692
2025-01-30,2025-01-30T00:00:00Z,2772.5,2829.5,2770.0,2823.0,40141
2025-01-31,2025-01-31T00:00:00Z,2829.0,2838.0,2804.0,2812.5,165676
2025-02-03,2025-02-03T00:00:00Z,2846.5,2872.0,2802.199951171875,2857.10009765625,181344
2025-02-04,2025-02-04T00:00:00Z,2850.39990234375,2877.10009765625,2837.39990234375,2875.800048828125,145862
2025-02-05,2025-02-05T00:00:00Z,2873.699951171875,2906.0,2870.10009765625,2893.0,167383
2025-02-06,2025-02-06T00:00:00Z,2885.0,2894.199951171875,2855.0,2876.699951171875,167701
2025-02-07,2025-02-07T00:00:00Z,2880.199951171875,2910.60009765625,2876.10009765625,2887.60009765625,192551
2025-02-10,2025-02-10T00:00:00Z,2884.800048828125,2938.10009765625,2879.89990234375,2934.39990234375,167232
2025-02-11,2025-02-11T00:00:00Z,2937.0,2968.5,2907.0,2932.60009765625,218478
2025-02-12,2025-02-12T00:00:00Z,2927.0,2936.5,2886.5,2928.699951171875,204625
2025-02-13,2025-02-13T00:00:00Z,2928.800048828125,2958.800048828125,2925.800048828125,2945.39990234375,169496
2025-02-14,2025-02-14T00:00:00Z,2957.300048828125,2964.10009765625,2889.89990234375,2900.699951171875,228078
2025-02-18,2025-02-18T00:00:00Z,2895.10009765625,2956.5,2887.60009765625,2949.0,218757
2025-02-19,2025-02-19T00:00:00Z,2954.10009765625,2964.39990234375,2933.699951171875,2936.10009765625,159341
2025-02-20,2025-02-20T00:00:00Z,2949.5,2973.39990234375,2939.300048828125,2956.10009765625,172197
2025-02-21,2025-02-21T00:00:00Z,2955.699951171875,2964.699951171875,2930.10009765625,2953.199951171875,163686
2025-02-24,2025-02-24T00:00:00Z,2950.39990234375,2974.0,2936.800048828125,2963.199951171875,162775
2025-02-25,2025-02-25T00:00:00Z,2968.5,2970.39990234375,2897.0,2918.800048828125,234850
2025-02-26,2025-02-26T00:00:00Z,2929.0,2942.0,2903.300048828125,2930.60009765625,163371
2025-02-27,2025-02-27T00:00:00Z,2931.39990234375,2935.800048828125,2879.0,2895.89990234375,207650
2025-02-28,2025-02-28T00:00:00Z,2889.0,2896.10009765625,2844.10009765625,2848.5,210560
2025-03-03,2025-03-03T00:00:00Z,2872.0,2906.39990234375,2866.300048828125,2901.10009765625,177018
2025-03-04,2025-03-04T00:00:00Z,2904.199951171875,2939.800048828125,2892.5,2920.60009765625,188515
2025-03-05,2025-03-05T00:00:00Z,2929.0,2941.300048828125,2903.39990234375,2926.0,183016
2025-03-06,2025-03-06T00:00:00Z,2929.5,2935.89990234375,2897.60009765625,2926.60009765625,166364
2025-03-07,2025-03-07T00:00:00Z,2919.199951171875,2938.800048828125,2905.300048828125,2914.10009765625,237577
2025-03-10,2025-03-10T00:00:00Z,2919.60009765625,2926.39990234375,2885.199951171875,2899.39990234375,221609
2025-03-11,2025-03-11T00:00:00Z,2893.199951171875,2929.0,2882.5,2920.89990234375,194119
2025-03-12,2025-03-12T00:00:00Z,2922.300048828125,2948.89990234375,2911.0,2946.800048828125,209823
2025-03-13,2025-03-13T00:00:00Z,2943.300048828125,3001.5,2942.199951171875,2991.300048828125,256564
2025-03-14,2025-03-14T00:00:00Z,3001.39990234375,3017.10009765625,2988.60009765625,3001.10009765625,181492
2025-03-17,2025-03-17T00:00:00Z,2994.800048828125,3010.89990234375,2991.39990234375,3006.10009765625,142155
2025-03-18,2025-03-18T00:00:00Z,3009.39990234375,3047.5,3008.199951171875,3040.800048828125,177098
2025-03-19,2025-03-19T00:00:00Z,3041.39990234375,3061.60009765625,3031.300048828125,3041.199951171875,145404
2025-03-20,2025-03-20T00:00:00Z,3058.0,3065.199951171875,3032.800048828125,3043.800048828125,141231
2025-03-21,2025-03-21T00:00:00Z,3052.60009765625,3055.0,3004.10009765625,3021.39990234375,190470
2025-03-24,2025-03-24T00:00:00Z,3027.60009765625,3038.39990234375,3007.699951171875,3015.60009765625,202822
2025-03-25,2025-03-25T00:00:00Z,3017.5,3042.39990234375,3010.800048828125,3025.89990234375,172592
2025-03-26,2025-03-26T00:00:00Z,3025.800048828125,3036.10009765625,3017.800048828125,3022.5,172002
2025-03-27,2025-03-27T00:00:00Z,3025.60009765625,3071.300048828125,3022.300048828125,3061.0,124359
2025-03-28,2025-03-28T00:00:00Z,3069.699951171875,3094.89990234375,3066.800048828125,3086.5,31206
2025-03-31,2025-03-31T00:00:00Z,3091.0,3132.5,3086.0,3122.800048828125,228393
2025-04-01,2025-04-01T00:00:00Z,3157.300048828125,3177.0,3130.5,3146.0,197314
2025-04-02,2025-04-02T00:00:00Z,3147.5,3201.60009765625,3135.699951171875,3166.199951171875,223124
2025-04-03,2025-04-03T00:00:00Z,3196.60009765625,3196.60009765625,3073.5,3121.699951171875,382860
2025-04-04,2025-04-04T00:00:00Z,3138.0,3160.199951171875,3032.699951171875,3035.39990234375,341150
2025-04-07,2025-04-07T00:00:00Z,3055.10009765625,3084.39990234375,2970.39990234375,2973.60009765625,328515
2025-04-08,2025-04-08T00:00:00Z,2997.5,3037.89990234375,2988.60009765625,2990.199951171875,197577
2025-04-09,2025-04-09T00:00:00Z,2998.300048828125,3118.5,2983.300048828125,3079.39990234375,298325
2025-04-10,2025-04-10T00:00:00Z,3099.10009765625,3195.0,3086.10009765625,3177.5,234973
2025-04-11,2025-04-11T00:00:00Z,3194.199951171875,3263.0,3193.39990234375,3244.60009765625,247317
2025-04-14,2025-04-14T00:00:00Z,3246.0,3261.60009765625,3208.699951171875,3226.300048828125,189619
2025-04-15,2025-04-15T00:00:00Z,3226.10009765625,3250.89990234375,3225.5,3240.39990234375,123474
2025-04-16,2025-04-16T00:00:00Z,3248.39990234375,3358.39990234375,3245.199951171875,3346.39990234375,258376
2025-04-17,2025-04-17T00:00:00Z,3357.5,3371.89990234375,3296.39990234375,3328.39990234375,242065
2025-04-21,2025-04-21T00:00:00Z,3347.0,3442.300048828125,3344.0,3425.300048828125,243457
2025-04-22,2025-04-22T00:00:00Z,3435.10009765625,3509.89990234375,3379.10009765625,3419.39990234375,423078
2025-04-23,2025-04-23T00:00:00Z,3367.699951171875,3396.0,3270.800048828125,3294.10009765625,377411
2025-04-24,2025-04-24T00:00:00Z,3301.800048828125,3377.0,3301.300048828125,3348.60009765625,239603
2025-04-25,2025-04-25T00:00:00Z,3362.0,3384.10009765625,3274.800048828125,3298.39990234375,241249
2025-04-28,2025-04-28T00:00:00Z,3336.5,3363.800048828125,3278.0,3347.699951171875,217995
2025-04-29,2025-04-29T00:00:00Z,3354.89990234375,3359.300048828125,3309.199951171875,3333.60009765625,170152
2025-04-30,2025-04-30T00:00:00Z,3324.5,3337.60009765625,3275.60009765625,3319.10009765625,207722
2025-05-01,2025-05-01T00:00:00Z,3299.0,3300.60009765625,3209.39990234375,3222.199951171875,214691
2025-05-02,2025-05-02T00:00:00Z,3247.60009765625,3277.0,3229.5,3243.300048828125,210994
2025-05-05,2025-05-05T00:00:00Z,3247.10009765625,3346.699951171875,3243.10009765625,3322.300048828125,184904
2025-05-06,2025-05-06T00:00:00Z,3345.699951171875,3444.5,3332.10009765625,3422.800048828125,268098
2025-05-07,2025-05-07T00:00:00Z,3448.10009765625,3448.199951171875,3367.0,3391.89990234375,304244
2025-05-08,2025-05-08T00:00:00Z,3373.10009765625,3422.0,3293.300048828125,3306.0,327126
2025-05-09,2025-05-09T00:00:00Z,3310.199951171875,3352.699951171875,3278.89990234375,3344.0,232464
2025-05-12,2025-05-12T00:00:00Z,3281.0,3295.5,3211.199951171875,3228.0,308534
2025-05-13,2025-05-13T00:00:00Z,3240.699951171875,3270.39990234375,3220.10009765625,3247.800048828125,214423
2025-05-14,2025-05-14T00:00:00Z,3254.10009765625,3261.300048828125,3170.699951171875,3188.300048828125,233929
2025-05-15,2025-05-15T00:00:00Z,3180.800048828125,3244.300048828125,3123.300048828125,3226.60009765625,253064
2025-05-16,2025-05-16T00:00:00Z,3243.5,3255.800048828125,3156.39990234375,3187.199951171875,245486
2025-05-19,2025-05-19T00:00:00Z,3220.0,3252.89990234375,3209.10009765625,3233.5,185135
2025-05-20,2025-05-20T00:00:00Z,3233.0,3298.5,3207.39990234375,3284.60009765625,224088
2025-05-21,2025-05-21T00:00:00Z,3293.0,3327.199951171875,3287.0,3313.5,229503
2025-05-22,2025-05-22T00:00:00Z,3318.0,3346.800048828125,3277.800048828125,3295.0,234658
2025-05-23,2025-05-23T00:00:00Z,3295.10009765625,3366.5,3285.5,3365.800048828125,247200
2025-05-27,2025-05-27T00:00:00Z,3355.60009765625,3356.0,3283.0,3300.39990234375,297309
2025-05-28,2025-05-28T00:00:00Z,3300.89990234375,3324.5,3273.5,3294.89990234375,127758
2025-05-29,2025-05-29T00:00:00Z,3283.699951171875,3328.800048828125,3242.39990234375,3317.10009765625,24370
2025-05-30,2025-05-30T00:00:00Z,3315.10009765625,3318.0,3270.89990234375,3288.89990234375,184770
2025-06-02,2025-06-02T00:00:00Z,3323.0,3408.10009765625,3319.39990234375,3397.199951171875,180995
2025-06-03,2025-06-03T00:00:00Z,3406.5,3417.800048828125,3357.199951171875,3377.10009765625,168220
2025-06-04,2025-06-04T00:00:00Z,3377.800048828125,3409.699951171875,3366.89990234375,3399.199951171875,167220
2025-06-05,2025-06-05T00:00:00Z,3398.0,3427.699951171875,3362.300048828125,3375.10009765625,224859
2025-06-06,2025-06-06T00:00:00Z,3377.39990234375,3398.300048828125,3328.800048828125,3346.60009765625,185366
2025-06-09,2025-06-09T00:00:00Z,3333.39990234375,3359.0,3313.10009765625,3354.89990234375,142005
2025-06-10,2025-06-10T00:00:00Z,3346.300048828125,3370.39990234375,3321.300048828125,3343.39990234375,158897
2025-06-11,2025-06-11T00:00:00Z,3344.300048828125,3382.300048828125,3335.39990234375,3343.699951171875,201534
2025-06-12,2025-06-12T00:00:00Z,3377.5,3419.800048828125,3358.5,3402.39990234375,230166
2025-06-13,2025-06-13T00:00:00Z,3406.699951171875,3468.0,3399.60009765625,3452.800048828125,270627
2025-06-16,2025-06-16T00:00:00Z,3473.0,3476.300048828125,3400.89990234375,3417.300048828125,192505
2025-06-17,2025-06-17T00:00:00Z,3404.199951171875,3422.699951171875,3384.39990234375,3406.89990234375,209083
2025-06-18,2025-06-18T00:00:00Z,3409.0,3419.0,3380.10009765625,3408.10009765625,0
2025-06-20,2025-06-20T00:00:00Z,3387.10009765625,3405.199951171875,3356.199951171875,3385.699951171875,280833
2025-06-23,2025-06-23T00:00:00Z,3400.699951171875,3413.800048828125,3361.39990234375,3395.0,193872
2025-06-24,2025-06-24T00:00:00Z,3383.800048828125,3385.0,3308.300048828125,3333.89990234375,227429
2025-06-25,2025-06-25T00:00:00Z,3338.10009765625,3351.300048828125,3325.5,3343.10009765625,130010
2025-06-26,2025-06-26T00:00:00Z,3347.5,3363.89990234375,3322.5,3348.0,155584
2025-06-27,2025-06-27T00:00:00Z,3341.300048828125,3341.39990234375,3266.5,3287.60009765625,218869
2025-06-30,2025-06-30T00:00:00Z,3284.300048828125,3321.60009765625,3250.5,3307.699951171875,144201
2025-07-01,2025-07-01T00:00:00Z,3315.699951171875,3370.5,3313.699951171875,3349.800048828125,168854
2025-07-02,2025-07-02T00:00:00Z,3350.0,3371.0,3337.199951171875,3359.699951171875,132187
2025-07-03,2025-07-03T00:00:00Z,3369.0,3376.89990234375,3321.39990234375,3342.89990234375,0
2025-07-04,2025-07-04T00:00:00Z,3335.0,3355.0,3332.800048828125,3346.5,0
2025-07-07,2025-07-07T00:00:00Z,3344.5,3352.89990234375,3304.39990234375,3342.800048828125,235762
2025-07-08,2025-07-08T00:00:00Z,3348.89990234375,3355.60009765625,3295.39990234375,3316.89990234375,218029
2025-07-09,2025-07-09T00:00:00Z,3310.60009765625,3325.60009765625,3290.199951171875,3321.0,167968
2025-07-10,2025-07-10T00:00:00Z,3322.199951171875,3339.39990234375,3319.199951171875,3325.699951171875,168190
2025-07-11,2025-07-11T00:00:00Z,3333.10009765625,3381.60009765625,3332.300048828125,3364.0,216883
2025-07-14,2025-07-14T00:00:00Z,3376.5,3389.300048828125,3348.5,3359.10009765625,195336
2025-07-15,2025-07-15T00:00:00Z,3352.0,3375.39990234375,3327.300048828125,3336.699951171875,179884
2025-07-16,2025-07-16T00:00:00Z,3330.5,3385.800048828125,3326.10009765625,3359.10009765625,235160
2025-07-17,2025-07-17T00:00:00Z,3354.699951171875,3358.199951171875,3314.300048828125,3345.300048828125,161740
2025-07-18,2025-07-18T00:00:00Z,3347.5,3368.0,3337.199951171875,3358.300048828125,115413
2025-07-21,2025-07-21T00:00:00Z,3355.60009765625,3416.89990234375,3351.0,3406.39990234375,191195
2025-07-22,2025-07-22T00:00:00Z,3410.699951171875,3447.5,3394.89990234375,3443.699951171875,227372
2025-07-23,2025-07-23T00:00:00Z,3444.300048828125,3451.699951171875,3390.60009765625,3397.60009765625,263025
2025-07-24,2025-07-24T00:00:00Z,3398.60009765625,3401.10009765625,3355.199951171875,3373.5,215271
2025-07-25,2025-07-25T00:00:00Z,3372.10009765625,3376.60009765625,3325.5,3335.60009765625,196380
2025-07-28,2025-07-28T00:00:00Z,3321.10009765625,3345.39990234375,3300.0,3310.0,180215
2025-07-29,2025-07-29T00:00:00Z,3313.39990234375,3332.300048828125,3305.800048828125,3324.0,113144
2025-07-30,2025-07-30T00:00:00Z,3325.800048828125,3331.800048828125,3263.89990234375,3295.800048828125,19252
2025-07-31,2025-07-31T00:00:00Z,3272.89990234375,3312.0,3272.89990234375,3293.199951171875,158029
2025-08-01,2025-08-01T00:00:00Z,3342.699951171875,3416.89990234375,3331.39990234375,3399.800048828125,229954
2025-08-04,2025-08-04T00:00:00Z,3416.60009765625,3439.5,3397.89990234375,3426.39990234375,138229
2025-08-05,2025-08-05T00:00:00Z,3428.89990234375,3444.89990234375,3403.300048828125,3434.699951171875,154163
2025-08-06,2025-08-06T00:00:00Z,3434.89990234375,3440.5,3411.699951171875,3433.39990234375,151580
2025-08-07,2025-08-07T00:00:00Z,3431.800048828125,3483.800048828125,3430.0,3453.699951171875,249091
2025-08-08,2025-08-08T00:00:00Z,3487.89990234375,3534.10009765625,3445.0,3491.300048828125,321346
2025-08-11,2025-08-11T00:00:00Z,3458.10009765625,3466.300048828125,3393.0,3404.699951171875,224513
2025-08-12,2025-08-12T00:00:00Z,3393.60009765625,3410.800048828125,3379.10009765625,3399.0,193820
2025-08-13,2025-08-13T00:00:00Z,3399.60009765625,3422.60009765625,3392.699951171875,3408.300048828125,135846
2025-08-14,2025-08-14T00:00:00Z,3407.199951171875,3423.800048828125,3375.5,3383.199951171875,165697
2025-08-15,2025-08-15T00:00:00Z,3383.199951171875,3394.800048828125,3377.699951171875,3382.60009765625,118486
2025-08-18,2025-08-18T00:00:00Z,3382.39990234375,3403.60009765625,3368.0,3378.0,119141
2025-08-19,2025-08-19T00:00:00Z,3378.300048828125,3389.699951171875,3358.10009765625,3358.699951171875,133497
2025-08-20,2025-08-20T00:00:00Z,3359.0,3394.300048828125,3353.39990234375,3388.5,135521
2025-08-21,2025-08-21T00:00:00Z,3392.199951171875,3394.39990234375,3367.39990234375,3381.60009765625,123500
2025-08-22,2025-08-22T00:00:00Z,3383.300048828125,3423.39990234375,3362.800048828125,3418.5,186037
2025-08-25,2025-08-25T00:00:00Z,3417.60009765625,3421.5,3405.5,3417.5,97780
2025-08-26,2025-08-26T00:00:00Z,3410.800048828125,3443.300048828125,3396.10009765625,3433.0,176297
2025-08-27,2025-08-27T00:00:00Z,3443.0,3452.5,3422.199951171875,3448.60009765625,153806
2025-08-28,2025-08-28T00:00:00Z,3452.60009765625,3478.699951171875,3442.5,3474.300048828125,156602
2025-08-29,2025-08-29T00:00:00Z,3477.199951171875,3518.5,3463.0,3516.10009765625,0
2025-09-02,2025-09-02T00:00:00Z,3517.89990234375,3602.39990234375,3506.0,3592.199951171875,374141
2025-09-03,2025-09-03T00:00:00Z,3600.0,3640.10009765625,3592.39990234375,3635.5,220786
2025-09-04,2025-09-04T00:00:00Z,3619.800048828125,3621.60009765625,3573.699951171875,3606.699951171875,232579
2025-09-05,2025-09-05T00:00:00Z,3602.0,3655.5,3595.39990234375,3653.300048828125,237651
2025-09-08,2025-09-08T00:00:00Z,3635.0,3685.699951171875,3621.699951171875,3677.39990234375,227640
2025-09-09,2025-09-09T00:00:00Z,3676.60009765625,3715.199951171875,3663.699951171875,3682.199951171875,262656
2025-09-10,2025-09-10T00:00:00Z,3662.0,3697.5,3651.39990234375,3682.0,182028
2025-09-11,2025-09-11T00:00:00Z,3680.60009765625,3687.5,3651.0,3673.60009765625,214612
2025-09-12,2025-09-12T00:00:00Z,3672.800048828125,3695.5,3667.300048828125,3686.39990234375,154559
2025-09-15,2025-09-15T00:00:00Z,3680.199951171875,3724.89990234375,3662.800048828125,3719.0,189452
2025-09-16,2025-09-16T00:00:00Z,3720.300048828125,3739.89990234375,3711.800048828125,3725.10009765625,192295
2025-09-17,2025-09-17T00:00:00Z,3727.300048828125,3744.0,3679.5,3717.800048828125,256047
2025-09-18,2025-09-18T00:00:00Z,3692.5,3707.300048828125,3660.5,3678.300048828125,224128
2025-09-19,2025-09-19T00:00:00Z,3677.699951171875,3719.60009765625,3664.39990234375,3705.800048828125,186954
2025-09-22,2025-09-22T00:00:00Z,3721.300048828125,3783.300048828125,3718.10009765625,3775.10009765625,219170
2025-09-23,2025-09-23T00:00:00Z,3781.199951171875,3824.60009765625,3772.39990234375,3815.699951171875,291564
2025-09-24,2025-09-24T00:00:00Z,3796.89990234375,3812.60009765625,3749.699951171875,3768.10009765625,236560
2025-09-25,2025-09-25T00:00:00Z,3768.300048828125,3792.300048828125,3751.89990234375,3771.10009765625,262183
2025-09-26,2025-09-26T00:00:00Z,3781.5,3814.39990234375,3764.0,3809.0,214083
2025-09-29,2025-09-29T00:00:00Z,3788.800048828125,3863.699951171875,3785.5,3855.199951171875,258145
2025-09-30,2025-09-30T00:00:00Z,3863.10009765625,3899.199951171875,3820.60009765625,3873.199951171875,312257
2025-10-01,2025-10-01T00:00:00Z,3887.699951171875,3922.699951171875,3880.300048828125,3897.5,290470
2025-10-02,2025-10-02T00:00:00Z,3892.699951171875,3923.300048828125,3842.800048828125,3868.10009765625,284217
2025-10-03,2025-10-03T00:00:00Z,3880.39990234375,3916.800048828125,3861.10009765625,3908.89990234375,218284
2025-10-06,2025-10-06T00:00:00Z,3913.5,3994.5,3909.199951171875,3976.300048828125,278143
2025-10-07,2025-10-07T00:00:00Z,3983.0,4014.60009765625,3963.39990234375,4004.39990234375,297512
2025-10-08,2025-10-08T00:00:00Z,4007.10009765625,4081.0,4005.60009765625,4070.5,348778
2025-10-09,2025-10-09T00:00:00Z,4061.800048828125,4077.89990234375,3957.89990234375,3972.60009765625,461023
2025-10-10,2025-10-10T00:00:00Z,3990.10009765625,4038.60009765625,3961.199951171875,4000.39990234375,357542
2025-10-13,2025-10-13T00:00:00Z,4018.300048828125,4137.2001953125,4011.300048828125,4133.0,357542
2025-10-14,2025-10-14T00:00:00Z,4130.89990234375,4190.89990234375,4105.0,4163.39990234375,405991
2025-10-15,2025-10-15T00:00:00Z,4160.10009765625,4235.7998046875,4157.2998046875,4201.60009765625,309914
2025-10-16,2025-10-16T00:00:00Z,4225.10009765625,4346.7001953125,4214.5,4304.60009765625,375196
2025-10-17,2025-10-17T00:00:00Z,4348.10009765625,4392.0,4196.0,4213.2998046875,569847
2025-10-20,2025-10-20T00:00:00Z,4269.0,4398.0,4229.7001953125,4359.39990234375,338235
2025-10-21,2025-10-21T00:00:00Z,4371.0,4393.60009765625,4093.0,4109.10009765625,535325
2025-10-22,2025-10-22T00:00:00Z,4137.0,4175.0,4021.199951171875,4065.39990234375,468711
2025-10-23,2025-10-23T00:00:00Z,4114.7998046875,4171.5,4079.60009765625,4145.60009765625,271973
2025-10-24,2025-10-24T00:00:00Z,4144.0,4159.0,4055.699951171875,4137.7998046875,297599
2025-10-27,2025-10-27T00:00:00Z,4103.2001953125,4123.7998046875,3985.89990234375,4019.699951171875,330749
2025-10-28,2025-10-28T00:00:00Z,3999.89990234375,4034.199951171875,3901.300048828125,3983.10009765625,338428
2025-10-29,2025-10-29T00:00:00Z,3967.199951171875,4046.199951171875,3930.0,4000.699951171875,288266
2025-10-30,2025-10-30T00:00:00Z,3942.800048828125,4041.5,3925.10009765625,4015.89990234375,246321
2025-10-31,2025-10-31T00:00:00Z,4038.199951171875,4059.89990234375,3982.300048828125,3996.5,237172
2025-11-03,2025-11-03T00:00:00Z,4001.0,4043.10009765625,3971.300048828125,4014.0,0
2025-11-04,2025-11-04T00:00:00Z,4013.699951171875,4018.0,3937.10009765625,3960.5,250259
2025-11-05,2025-11-05T00:00:00Z,3939.5,4000.699951171875,3935.699951171875,3992.89990234375,175161
2025-11-06,2025-11-06T00:00:00Z,3992.39990234375,4028.699951171875,3973.199951171875,3991.0,188688
2025-11-07,2025-11-07T00:00:00Z,3986.89990234375,4035.800048828125,3981.60009765625,4009.800048828125,208649
2025-11-10,2025-11-10T00:00:00Z,4007.199951171875,4124.0,4004.199951171875,4122.0,253812
2025-11-11,2025-11-11T00:00:00Z,4124.0,4155.0,4102.7998046875,4116.2998046875,252249
2025-11-12,2025-11-12T00:00:00Z,4132.2001953125,4218.5,4104.39990234375,4213.60009765625,296796
2025-11-13,2025-11-13T00:00:00Z,4202.39990234375,4250.0,4148.5,4194.5,319216
2025-11-14,2025-11-14T00:00:00Z,4174.89990234375,4215.10009765625,4032.60009765625,4094.199951171875,342176
2025-11-17,2025-11-17T00:00:00Z,4084.39990234375,4107.60009765625,4006.800048828125,4074.5,235352
2025-11-18,2025-11-18T00:00:00Z,4045.60009765625,4083.699951171875,3997.39990234375,4066.5,233302
2025-11-19,2025-11-19T00:00:00Z,4067.800048828125,4134.2998046875,4055.60009765625,4082.800048828125,233696
2025-11-20,2025-11-20T00:00:00Z,4079.89990234375,4109.60009765625,4034.0,4060.0,272355
2025-11-21,2025-11-21T00:00:00Z,4074.89990234375,4101.0,4018.10009765625,4079.5,257813
2025-11-24,2025-11-24T00:00:00Z,4069.199951171875,4138.2001953125,4036.39990234375,4094.199951171875,223055
2025-11-25,2025-11-25T00:00:00Z,4133.5,4156.2998046875,4106.7001953125,4140.0,132704
2025-11-26,2025-11-26T00:00:00Z,4128.60009765625,4171.0,4127.5,4165.2001953125,25088
2025-11-28,2025-11-28T00:00:00Z,4198.60009765625,4263.10009765625,4174.60009765625,4254.89990234375,154806
2025-12-01,2025-12-01T00:00:00Z,4258.5,4299.60009765625,4241.10009765625,4274.7998046875,227572
2025-12-02,2025-12-02T00:00:00Z,4265.2998046875,4269.2001953125,4194.0,4220.7998046875,215921
2025-12-03,2025-12-03T00:00:00Z,4241.60009765625,4273.2998046875,4225.10009765625,4232.5,176443
2025-12-04,2025-12-04T00:00:00Z,4234.5,4251.10009765625,4203.2998046875,4243.0,161251
2025-12-05,2025-12-05T00:00:00Z,4239.5,4290.5,4221.39990234375,4243.0,193599
2025-12-08,2025-12-08T00:00:00Z,4228.10009765625,4247.89990234375,4204.0,4217.7001953125,149813
2025-12-09,2025-12-09T00:00:00Z,4219.60009765625,4251.7001953125,4197.7998046875,4236.2001953125,177366
2025-12-10,2025-12-10T00:00:00Z,4237.5,4268.7998046875,4207.7998046875,4224.7001953125,186178
2025-12-11,2025-12-11T00:00:00Z,4258.2998046875,4317.2998046875,4231.2001953125,4313.0,228282
2025-12-12,2025-12-12T00:00:00Z,4309.10009765625,4387.7998046875,4286.0,4328.2998046875,292175
2025-12-15,2025-12-15T00:00:00Z,4330.0,4384.2998046875,4315.89990234375,4335.2001953125,207700
2025-12-16,2025-12-16T00:00:00Z,4334.2998046875,4367.89990234375,4297.39990234375,4332.2998046875,212277
2025-12-17,2025-12-17T00:00:00Z,4333.5,4383.60009765625,4330.7001953125,4373.89990234375,212413
2025-12-18,2025-12-18T00:00:00Z,4371.5,4409.5,4338.0,4364.5,234460
2025-12-19,2025-12-19T00:00:00Z,4363.60009765625,4389.0,4336.2998046875,4387.2998046875,165214
2025-12-22,2025-12-22T00:00:00Z,4369.89990234375,4484.5,4367.89990234375,4469.39990234375,203043
2025-12-23,2025-12-23T00:00:00Z,4481.7998046875,4530.7998046875,4457.7001953125,4505.7001953125,248418
2025-12-24,2025-12-24T00:00:00Z,4516.7001953125,4555.10009765625,4474.2998046875,4502.7998046875,151576
2025-12-26,2025-12-26T00:00:00Z,4523.5,4584.0,4518.0,4552.7001953125,181246
2025-12-29,2025-12-29T00:00:00Z,4568.0,4581.2998046875,4316.0,4343.60009765625,316961
2025-12-30,2025-12-30T00:00:00Z,4350.2998046875,4420.5,4338.7998046875,4386.2998046875,189751
2025-12-31,2025-12-31T00:00:00Z,4353.0,4384.89990234375,4284.2998046875,4341.10009765625,161782
2026-01-02,2026-01-02T00:00:00Z,4340.0,4414.7998046875,4319.7001953125,4329.60009765625,154807
2026-01-05,2026-01-05T00:00:00Z,4368.2998046875,4467.60009765625,4354.60009765625,4451.5,211711
2026-01-06,2026-01-06T00:00:00Z,4459.7998046875,4508.2998046875,4437.89990234375,4496.10009765625,176584
2026-01-07,2026-01-07T00:00:00Z,4505.39990234375,4512.39990234375,4432.89990234375,4462.5,202783
2026-01-08,2026-01-08T00:00:00Z,4467.10009765625,4489.2998046875,4415.0,4460.7001953125,208958
2026-01-09,2026-01-09T00:00:00Z,4489.2998046875,4527.0,4461.7998046875,4500.89990234375,217946
2026-01-12,2026-01-12T00:00:00Z,4529.10009765625,4640.5,4520.7998046875,4614.7001953125,307991
2026-01-13,2026-01-13T00:00:00Z,4610.0,4644.0,4576.7001953125,4599.10009765625,267451
2026-01-14,2026-01-14T00:00:00Z,4594.2998046875,4650.5,4594.2998046875,4635.7001953125,306299
2026-01-15,2026-01-15T00:00:00Z,4635.7001953125,4637.2001953125,4584.0,4623.7001953125,226481
2026-01-16,2026-01-16T00:00:00Z,4621.60009765625,4625.5,4539.10009765625,4595.39990234375,246155
2026-01-20,2026-01-20T00:00:00Z,4633.7001953125,4771.5,4622.2001953125,4765.7998046875,414495
2026-01-21,2026-01-21T00:00:00Z,4767.5,4891.10009765625,4757.10009765625,4837.5,400518
2026-01-22,2026-01-22T00:00:00Z,4836.2001953125,4944.2998046875,4772.7001953125,4913.39990234375,265088
2026-01-23,2026-01-23T00:00:00Z,4940.0,4991.39990234375,4901.2001953125,4979.7001953125,276594
2026-01-26,2026-01-26T00:00:00Z,5013.39990234375,5107.89990234375,4983.60009765625,5082.5,433111
2026-01-27,2026-01-27T00:00:00Z,5005.5,5190.7998046875,5004.5,5082.60009765625,325759
2026-01-28,2026-01-28T00:00:00Z,5179.0,5415.2001953125,5154.7998046875,5303.60009765625,112054
2026-01-29,2026-01-29T00:00:00Z,5415.7001953125,5586.2001953125,5097.5,5318.39990234375,570055
2026-01-30,2026-01-30T00:00:00Z,5410.0,5480.2001953125,4700.39990234375,4745.10009765625,508003
2026-02-02,2026-02-02T00:00:00Z,4816.0,4905.60009765625,4423.2001953125,4652.60009765625,385977
2026-02-03,2026-02-03T00:00:00Z,4691.0,5018.10009765625,4690.2001953125,4935.0,260114
2026-02-04,2026-02-04T00:00:00Z,4966.10009765625,5113.89990234375,4867.7001953125,4950.7998046875,245957
2026-02-05,2026-02-05T00:00:00Z,4986.60009765625,5045.0,4779.60009765625,4889.5,234592
2026-02-06,2026-02-06T00:00:00Z,4800.0,4995.60009765625,4670.0,4979.7998046875,177809
2026-02-09,2026-02-09T00:00:00Z,5003.60009765625,5111.10009765625,4988.60009765625,5079.39990234375,124150
2026-02-10,2026-02-10T00:00:00Z,5084.2998046875,5102.7001953125,5011.0,5031.0,105658
2026-02-11,2026-02-11T00:00:00Z,5048.0,5144.5,5036.2998046875,5098.5,129968
2026-02-12,2026-02-12T00:00:00Z,5107.2998046875,5122.7998046875,4900.0,4948.39990234375,161618
2026-02-13,2026-02-13T00:00:00Z,4950.0,5069.10009765625,4907.10009765625,5046.2998046875,123016
2026-02-17,2026-02-17T00:00:00Z,5050.0,5074.39990234375,4854.2001953125,4905.89990234375,166706
2026-02-18,2026-02-18T00:00:00Z,4898.5,5031.89990234375,4868.5,5009.5,98203
2026-02-19,2026-02-19T00:00:00Z,4993.7001953125,5042.7998046875,4971.5,4997.39990234375,87026
2026-02-20,2026-02-20T00:00:00Z,5015.0,5131.0,4999.2998046875,5080.89990234375,136737
2026-02-23,2026-02-23T00:00:00Z,5128.7998046875,5257.2998046875,5120.39990234375,5225.60009765625,140957
2026-02-24,2026-02-24T00:00:00Z,5247.5,5269.39990234375,5109.5,5176.2998046875,145961
2026-02-25,2026-02-25T00:00:00Z,5160.0,5237.2998046875,5135.89990234375,5226.2001953125,110992
2026-02-26,2026-02-26T00:00:00Z,5175.2998046875,5221.89990234375,5144.7998046875,5194.2001953125,131633
2026-02-27,2026-02-27T00:00:00Z,5201.89990234375,5299.0,5182.89990234375,5247.89990234375,151664
2026-03-02,2026-03-02T00:00:00Z,5360.0,5434.10009765625,5272.89990234375,5311.60009765625,227839
2026-03-03,2026-03-03T00:00:00Z,5335.7001953125,5394.2001953125,5005.0,5123.7001953125,273216
2026-03-04,2026-03-04T00:00:00Z,5110.0,5218.2998046875,5092.7998046875,5134.7001953125,146885
2026-03-05,2026-03-05T00:00:00Z,5155.7001953125,5204.2998046875,5058.89990234375,5078.7001953125,151852
2026-03-06,2026-03-06T00:00:00Z,5099.7001953125,5185.0,5071.0,5158.7001953125,160268
2026-03-09,2026-03-09T00:00:00Z,5186.7001953125,5210.39990234375,5021.2001953125,5103.7001953125,181749
2026-03-10,2026-03-10T00:00:00Z,5152.39990234375,5248.7001953125,5127.10009765625,5242.10009765625,179577
2026-03-11,2026-03-11T00:00:00Z,5194.0,5230.89990234375,5155.89990234375,5179.10009765625,140336
2026-03-12,2026-03-12T00:00:00Z,5185.39990234375,5197.7998046875,5058.2001953125,5125.7998046875,153533
2026-03-13,2026-03-13T00:00:00Z,5084.0,5132.39990234375,5014.10009765625,5061.7001953125,160333
2026-03-16,2026-03-16T00:00:00Z,5010.0,5044.5,4970.10009765625,5002.2001953125,170909
2026-03-17,2026-03-17T00:00:00Z,5012.2001953125,5049.39990234375,4977.0,5008.2001953125,119419
2026-03-18,2026-03-18T00:00:00Z,5010.60009765625,5022.0,4809.2998046875,4896.2001953125,217316
2026-03-19,2026-03-19T00:00:00Z,4828.0,4868.7001953125,4505.0,4605.7001953125,303828
2026-03-20,2026-03-20T00:00:00Z,4653.89990234375,4738.2001953125,4478.39990234375,4574.89990234375,226870
2026-03-23,2026-03-23T00:00:00Z,4450.0,4537.10009765625,4100.0,4407.2998046875,398666
2026-03-24,2026-03-24T00:00:00Z,4414.7998046875,4485.60009765625,4306.2998046875,4402.0,209745
2026-03-25,2026-03-25T00:00:00Z,4473.5,4601.0,4458.2001953125,4552.2998046875,245178
2026-03-26,2026-03-26T00:00:00Z,4508.89990234375,4541.60009765625,4348.2001953125,4376.2998046875,247440
2026-03-27,2026-03-27T00:00:00Z,4371.7998046875,4552.10009765625,4369.10009765625,4492.5,74348
2026-03-30,2026-03-30T00:00:00Z,4482.7998046875,4579.10009765625,4413.39990234375,4526.0,10816
2026-03-31,2026-03-31T00:00:00Z,4510.0,4684.10009765625,4508.60009765625,4647.60009765625,176389
2026-04-01,2026-04-01T00:00:00Z,4698.39990234375,4821.0,4690.0,4813.10009765625,166758
2026-04-02,2026-04-02T00:00:00Z,4783.0,4825.89990234375,4580.39990234375,4679.7001953125,0
2026-04-06,2026-04-06T00:00:00Z,4675.0,4733.10009765625,4626.2001953125,4684.7001953125,89405
2026-04-07,2026-04-07T00:00:00Z,4678.60009765625,4745.7001953125,4631.89990234375,4684.7001953125,145711
2026-04-08,2026-04-08T00:00:00Z,4747.2001953125,4888.0,4720.60009765625,4777.2001953125,215119
2026-04-09,2026-04-09T00:00:00Z,4744.7998046875,4826.0,4718.60009765625,4818.0,133629
2026-04-10,2026-04-10T00:00:00Z,4790.5,4820.0,4752.7001953125,4787.39990234375,121566
2026-04-13,2026-04-13T00:00:00Z,4710.0,4774.39990234375,4626.0,4767.39990234375,127322
2026-04-14,2026-04-14T00:00:00Z,4769.2998046875,4870.2998046875,4767.60009765625,4850.10009765625,129586
2026-04-15,2026-04-15T00:00:00Z,4862.7001953125,4895.39990234375,4807.89990234375,4823.60009765625,106707
2026-04-16,2026-04-16T00:00:00Z,4813.60009765625,4861.2998046875,4792.10009765625,4808.2998046875,108864
2026-04-17,2026-04-17T00:00:00Z,4811.7998046875,4917.7001953125,4785.89990234375,4879.60009765625,135440
2026-04-20,2026-04-20T00:00:00Z,4811.7998046875,4847.89990234375,4752.0,4828.7998046875,123214
2026-04-21,2026-04-21T00:00:00Z,4842.39990234375,4854.7998046875,4685.7998046875,4719.60009765625,177092
2026-04-22,2026-04-22T00:00:00Z,4738.7001953125,4790.7998046875,4733.10009765625,4753.0,100063
2026-04-23,2026-04-23T00:00:00Z,4759.2001953125,4771.2998046875,4680.10009765625,4724.0,153536
2026-04-24,2026-04-24T00:00:00Z,4715.60009765625,4757.10009765625,4672.2001953125,4740.89990234375,103218
2026-04-27,2026-04-27T00:00:00Z,4713.10009765625,4745.7998046875,4681.2001953125,4693.7001953125,85748
2026-04-28,2026-04-28T00:00:00Z,4697.5,4716.5,4567.60009765625,4608.39990234375,144757
2026-04-29,2026-04-29T00:00:00Z,4611.39990234375,4624.2998046875,4522.2001953125,4561.5,126415
2026-04-30,2026-04-30T00:00:00Z,4557.0,4658.7998046875,4550.7998046875,4629.60009765625,119642
2026-05-01,2026-05-01T00:00:00Z,4636.89990234375,4673.0,4570.0,4644.5,93230
2026-05-04,2026-05-04T00:00:00Z,4644.0,4650.60009765625,4510.10009765625,4533.2998046875,117006
2026-05-05,2026-05-05T00:00:00Z,4534.0,4597.5,4522.7001953125,4568.5,88281
2026-05-06,2026-05-06T00:00:00Z,4569.2998046875,4734.60009765625,4556.10009765625,4694.2998046875,160439
2026-05-07,2026-05-07T00:00:00Z,4702.2001953125,4775.2001953125,4693.2998046875,4710.89990234375,159525
2026-05-08,2026-05-08T00:00:00Z,4682.5,4760.39990234375,4671.0,4730.7001953125,122010
2026-05-11,2026-05-11T00:00:00Z,4690.0,4758.39990234375,4655.10009765625,4728.7001953125,147404
2026-05-12,2026-05-12T00:00:00Z,4745.2998046875,4783.39990234375,4645.2001953125,4686.7001953125,146315
2026-05-13,2026-05-13T00:00:00Z,4722.2998046875,4734.7998046875,4676.0,4706.7001953125,120048
2026-05-14,2026-05-14T00:00:00Z,4696.7998046875,4725.7998046875,4649.2998046875,4685.2998046875,102965
2026-05-15,2026-05-15T00:00:00Z,4654.5,4670.10009765625,4513.7998046875,4561.89990234375,169760
2026-05-18,2026-05-18T00:00:00Z,4547.60009765625,4588.60009765625,4483.5,4558.0,151971
2026-05-19,2026-05-19T00:00:00Z,4570.60009765625,4593.2001953125,4467.10009765625,4511.2001953125,140957
2026-05-20,2026-05-20T00:00:00Z,4486.60009765625,4558.39990234375,4455.0,4535.2998046875,152270
2026-05-21,2026-05-21T00:00:00Z,4548.0,4572.39990234375,4488.2998046875,4542.5,153243
2026-05-22,2026-05-22T00:00:00Z,4544.2001953125,4547.0,4488.0,4523.2001953125,108508
2026-05-26,2026-05-26T00:00:00Z,4532.0,4583.2998046875,4480.0,4502.2998046875,254516
2026-05-27,2026-05-27T00:00:00Z,4507.39990234375,4528.10009765625,4398.5,4448.39990234375,81062
2026-05-28,2026-05-28T00:00:00Z,4453.60009765625,4512.60009765625,4363.5,4499.2998046875,153472
2026-05-29,2026-05-29T00:00:00Z,4527.60009765625,4627.10009765625,4519.5,4593.0,133439
2026-06-01,2026-06-01T00:00:00Z,4575.2001953125,4577.2998046875,4476.0,4506.2998046875,116787
2026-06-02,2026-06-02T00:00:00Z,4515.7998046875,4571.2998046875,4492.2998046875,4519.89990234375,100306
2026-06-03,2026-06-03T00:00:00Z,4520.0,4525.10009765625,4454.0,4466.89990234375,106691
2026-06-04,2026-06-04T00:00:00Z,4462.60009765625,4543.2001953125,4450.10009765625,4505.0,109643
2026-06-05,2026-06-05T00:00:00Z,4503.0,4508.7001953125,4336.60009765625,4365.2998046875,179306
2026-06-08,2026-06-08T00:00:00Z,4354.0,4377.5,4293.0,4363.39990234375,144089
2026-06-09,2026-06-09T00:00:00Z,4354.7001953125,4388.60009765625,4259.89990234375,4286.39990234375,138100
2026-06-10,2026-06-10T00:00:00Z,4276.10009765625,4281.10009765625,4090.10009765625,4133.2998046875,206026
2026-06-11,2026-06-11T00:00:00Z,4094.39990234375,4241.2998046875,4046.199951171875,4114.0,206270
2026-06-12,2026-06-12T00:00:00Z,4234.89990234375,4267.7998046875,4191.10009765625,4238.7998046875,136146
2026-06-15,2026-06-15T00:00:00Z,4289.39990234375,4391.5,4283.39990234375,4351.60009765625,132136
2026-06-16,2026-06-16T00:00:00Z,4331.2998046875,4376.5,4326.7001953125,4354.39990234375,89925
2026-06-17,2026-06-17T00:00:00Z,4352.60009765625,4403.60009765625,4237.39990234375,4381.39990234375,160543
2026-06-18,2026-06-18T00:00:00Z,4275.10009765625,4350.2001953125,4220.2998046875,4245.89990234375,139534
2026-06-22,2026-06-22T00:00:00Z,4163.89990234375,4238.10009765625,4151.39990234375,4202.7001953125,177657
2026-06-23,2026-06-23T00:00:00Z,4210.7998046875,4216.0,4108.2001953125,4149.39990234375,118495
2026-06-24,2026-06-24T00:00:00Z,4130.0,4132.39990234375,3975.699951171875,4008.800048828125,189386
2026-06-25,2026-06-25T00:00:00Z,4019.0,4060.0,3976.300048828125,4047.60009765625,147347
2026-06-26,2026-06-26T00:00:00Z,4044.39990234375,4111.5,3998.10009765625,4096.2998046875,118966
2026-06-29,2026-06-29T00:00:00Z,4101.10009765625,4102.89990234375,4012.0,4038.89990234375,107421
2026-06-30,2026-06-30T00:00:00Z,4032.5,4078.10009765625,3955.39990234375,4038.5,125413
2026-07-01,2026-07-01T00:00:00Z,4025.0,4131.0,3973.0,4082.39990234375,146949
2026-07-02,2026-07-02T00:00:00Z,4049.199951171875,4157.10009765625,4042.800048828125,4125.7001953125,0
2026-07-06,2026-07-06T00:00:00Z,4187.5,4215.5,4140.60009765625,4167.5,147556
2026-07-07,2026-07-07T00:00:00Z,4176.39990234375,4192.39990234375,4102.7001953125,4157.39990234375,110330
2026-07-08,2026-07-08T00:00:00Z,4106.5,4144.7001953125,4032.5,4082.39990234375,170826
2026-07-09,2026-07-09T00:00:00Z,4087.60009765625,4148.39990234375,4063.39990234375,4140.7998046875,125061
2026-07-10,2026-07-10T00:00:00Z,4135.39990234375,4144.60009765625,4081.699951171875,4113.7001953125,98745
2026-07-13,2026-07-13T00:00:00Z,4106.60009765625,4111.60009765625,3992.89990234375,4005.699951171875,154814
2026-07-14,2026-07-14T00:00:00Z,4005.89990234375,4112.5,3990.39990234375,4069.699951171875,151122
2026-07-15,2026-07-15T00:00:00Z,4059.800048828125,4089.10009765625,4023.300048828125,4051.800048828125,113034
2026-07-16,2026-07-16T00:00:00Z,4068.89990234375,4071.89990234375,3973.39990234375,3992.10009765625,125063
2026-07-17,2026-07-17T00:00:00Z,3980.10009765625,4028.89990234375,3963.0,4018.800048828125,112279
2026-07-20,2026-07-20T00:00:00Z,4005.60009765625,4046.0,3986.5,4015.89990234375,102847
2026-07-21,2026-07-21T00:00:00Z,4013.39990234375,4092.5,4003.300048828125,4076.39990234375,119957
2026-07-22,2026-07-22T00:00:00Z,4084.699951171875,4171.39990234375,4081.0,4151.89990234375,132783
2026-07-23,2026-07-23T00:00:00Z,4126.0,4144.0,4042.5,4050.199951171875,159889
2026-07-24,2026-07-24T00:00:00Z,4053.39990234375,4085.199951171875,4024.0,4070.800048828125,120072
2026-07-27,2026-07-27T00:00:00Z,4097.5,4119.2998046875,4067.10009765625,4077.0,135087
2026-07-28,2026-07-28T00:00:00Z,4083.0,4085.699951171875,4011.10009765625,4038.699951171875,167757
2026-07-29,2026-07-29T00:00:00Z,4020.89990234375,4115.2001953125,3993.800048828125,4036.300048828125,89664
2026-07-30,2026-07-30T00:00:00Z,4060.699951171875,4118.5,4028.5,4100.10009765625,149370
2026-07-31,2026-07-31T00:00:00Z,4163.89990234375,4170.7001953125,4076.39990234375,4107.0,110633
2026-08-03,2026-08-03T00:00:00Z,4135.2001953125,4145.5,4074.0,4090.5,93289
2026-08-04,2026-08-04T00:00:00Z,4109.60009765625,4163.7998046875,4098.2001953125,4152.60009765625,118831
2026-08-05,2026-08-05T00:00:00Z,4133.7998046875,4328.2001953125,4121.60009765625,4305.2001953125,211902
2026-08-06,2026-08-06T00:00:00Z,4307.0,4363.7001953125,4281.2001953125,4299.60009765625,167624
2026-08-07,2026-08-07T00:00:00Z,4298.2998046875,4432.2998046875,4288.0,4399.7001953125,190635
2026-08-10,2026-08-10T00:00:00Z,4400.0,4453.7998046875,4373.89990234375,4419.7001953125,118606
2026-08-11,2026-08-11T00:00:00Z,4446.89990234375,4495.0,4415.7001953125,4441.10009765625,138129
2026-08-12,2026-08-12T00:00:00Z,4430.0,4502.7001953125,4421.39990234375,4467.5,153093
2026-08-13,2026-08-13T00:00:00Z,4468.7998046875,4509.10009765625,4400.0,4420.39990234375,139219
2026-08-14,2026-08-14T00:00:00Z,4408.2001953125,4454.60009765625,4365.5,4437.2998046875,126955
2026-08-17,2026-08-17T00:00:00Z,4440.0,4486.5,4422.2998046875,4473.7001953125,121052
2026-08-18,2026-08-18T00:00:00Z,4473.39990234375,4493.10009765625,4383.2998046875,4420.60009765625,131150
2026-08-19,2026-08-19T00:00:00Z,4391.39990234375,4582.7998046875,4378.0,4545.2998046875,250482
2026-08-20,2026-08-20T00:00:00Z,4580.0,4597.10009765625,4506.0,4571.39990234375,186475
2026-08-21,2026-08-21T00:00:00Z,4577.0,4690.39990234375,4565.5,4680.60009765625,195566
2026-08-24,2026-08-24T00:00:00Z,4673.39990234375,4738.5,4651.7998046875,4697.7998046875,206802
2026-08-25,2026-08-25T00:00:00Z,4710.10009765625,4755.0,4659.5,4694.5,176784
2026-08-26,2026-08-26T00:00:00Z,4715.7001953125,4730.89990234375,4638.2001953125,4653.2998046875,151459
2026-08-27,2026-08-27T00:00:00Z,4650.0,4697.7001953125,4616.0,4664.0,140302
2026-08-28,2026-08-28T00:00:00Z,4656.0,4688.0,4495.0,4529.89990234375,274603
2026-08-31,2026-08-31T00:00:00Z,4483.2001953125,4521.5,4445.60009765625,4481.5,152216
2026-09-01,2026-09-01T00:00:00Z,4498.7001953125,4510.5,4369.7001953125,4396.39990234375,198560
2026-09-02,2026-09-02T00:00:00Z,4377.2001953125,4444.39990234375,4329.2001953125,4414.60009765625,187568
2026-09-03,2026-09-03T00:00:00Z,4436.39990234375,4558.5,4426.7001953125,4539.89990234375,209167
2026-09-04,2026-09-04T00:00:00Z,4522.0,4537.7998046875,4412.0,4476.60009765625,189656
2026-09-08,2026-09-08T00:00:00Z,4466.5,4488.7998046875,4381.0,4439.0,217162
2026-09-09,2026-09-09T00:00:00Z,4399.0,4479.0,4384.10009765625,4460.7001953125,164390
2026-09-10,2026-09-10T00:00:00Z,4448.0,4479.89990234375,4354.7001953125,4407.2998046875,201300
2026-09-11,2026-09-11T00:00:00Z,4359.39990234375,4444.89990234375,4333.0,4408.89990234375,187975
2026-09-14,2026-09-14T00:00:00Z,4375.0,4396.7998046875,4293.0,4351.89990234375,164499
2026-09-15,2026-09-15T00:00:00Z,4340.2998046875,4358.2001953125,4301.60009765625,4332.7998046875,146019
2026-09-16,2026-09-16T00:00:00Z,4333.5,4413.10009765625,4273.2998046875,4387.5,249081
2026-09-17,2026-09-17T00:00:00Z,4301.39990234375,4423.2998046875,4294.5,4399.7001953125,169188
2026-09-18,2026-09-18T00:00:00Z,4381.60009765625,4439.7998046875,4372.2001953125,4424.89990234375,142919
2026-09-21,2026-09-21T00:00:00Z,4413.0,4422.10009765625,4360.2998046875,4383.89990234375,138203
2026-09-22,2026-09-22T00:00:00Z,4382.5,4414.10009765625,4327.60009765625,4376.39990234375,178132
2026-09-23,2026-09-23T00:00:00Z,4394.7001953125,4407.5,4310.7001953125,4318.39990234375,143873
2026-09-24,2026-09-24T00:00:00Z,4324.39990234375,4338.0,4278.2998046875,4298.0,164814
2026-09-25,2026-09-25T00:00:00Z,4309.5,4351.60009765625,4289.2001953125,4321.2001953125,140092
2026-09-28,2026-09-28T00:00:00Z,4315.0,4315.60009765625,4143.10009765625,4168.39990234375,229031
2026-09-29,2026-09-29T00:00:00Z,4150.10009765625,4218.10009765625,4145.2001953125,4179.7001953125,229031
2026-09-30,2026-09-30T00:00:00Z,4216.2001953125,4251.10009765625,4178.2001953125,4183.10009765625,146100
