session_date,timestamp_utc,Open,High,Low,Close,Volume
2016-09-30,2016-09-30T00:00:00Z,13.859999656677246,14.34000015258789,13.550000190734863,13.880000114440918,0
2016-10-03,2016-10-03T00:00:00Z,14.350000381469727,14.510000228881836,13.90999984741211,14.15999984741211,0
2016-10-04,2016-10-04T00:00:00Z,14.729999542236328,16.729999542236328,14.729999542236328,15.800000190734863,0
2016-10-05,2016-10-05T00:00:00Z,15.380000114440918,22.420000076293945,15.1899995803833,15.210000038146973,0
2016-10-06,2016-10-06T00:00:00Z,15.210000038146973,16.170000076293945,15.210000038146973,16.049999237060547,0
2016-10-07,2016-10-07T00:00:00Z,14.850000381469727,15.970000267028809,14.229999542236328,15.720000267028809,0
2016-10-10,2016-10-10T00:00:00Z,15.720000267028809,15.970000267028809,15.579999923706055,15.600000381469727,0
2016-10-11,2016-10-11T00:00:00Z,15.600000381469727,15.779999732971191,15.430000305175781,15.630000114440918,0
2016-10-12,2016-10-12T00:00:00Z,15.630000114440918,16.219999313354492,15.609999656677246,15.609999656677246,0
2016-10-13,2016-10-13T00:00:00Z,15.670000076293945,15.899999618530273,15.59000015258789,15.630000114440918,0
2016-10-14,2016-10-14T00:00:00Z,15.630000114440918,16.6200008392334,14.800000190734863,15.140000343322754,0
2016-10-17,2016-10-17T00:00:00Z,15.289999961853027,15.399999618530273,15.229999542236328,15.229999542236328,0
2016-10-18,2016-10-18T00:00:00Z,14.989999771118164,15.050000190734863,14.729999542236328,14.729999542236328,0
2016-10-19,2016-10-19T00:00:00Z,14.729999542236328,15.09000015258789,14.40999984741211,14.59000015258789,0
2016-10-20,2016-10-20T00:00:00Z,14.59000015258789,14.739999771118164,14.40999984741211,14.680000305175781,0
2016-10-21,2016-10-21T00:00:00Z,14.479999542236328,14.65999984741211,14.4399995803833,14.550000190734863,0
2016-10-24,2016-10-24T00:00:00Z,14.550000190734863,15.260000228881836,14.550000190734863,14.949999809265137,0
2016-10-25,2016-10-25T00:00:00Z,14.75,14.789999961853027,14.399999618530273,14.550000190734863,0
2016-10-26,2016-10-26T00:00:00Z,14.550000190734863,14.550000190734863,14.350000381469727,14.479999542236328,0
2016-10-27,2016-10-27T00:00:00Z,14.479999542236328,15.25,14.390000343322754,15.0,0
2016-10-28,2016-10-28T00:00:00Z,15.0,17.389999389648438,15.0,16.6200008392334,0
2016-10-31,2016-10-31T00:00:00Z,16.6200008392334,18.1299991607666,16.520000457763672,18.1299991607666,0
2016-11-01,2016-11-01T00:00:00Z,19.030000686645508,19.920000076293945,18.84000015258789,19.020000457763672,0
2016-11-02,2016-11-02T00:00:00Z,19.020000457763672,20.15999984741211,17.719999313354492,19.31999969482422,0
2016-11-03,2016-11-03T00:00:00Z,19.31999969482422,20.030000686645508,18.5,19.979999542236328,0
2016-11-04,2016-11-04T00:00:00Z,20.1299991607666,20.670000076293945,19.780000686645508,20.219999313354492,0
2016-11-07,2016-11-07T00:00:00Z,20.219999313354492,20.219999313354492,18.479999542236328,18.530000686645508,0
2016-11-08,2016-11-08T00:00:00Z,18.649999618530273,19.389999389648438,17.639999389648438,17.93000030517578,0
2016-11-09,2016-11-09T00:00:00Z,17.93000030517578,18.1299991607666,16.5,16.68000030517578,0
2016-11-10,2016-11-10T00:00:00Z,16.65999984741211,19.079999923706055,16.59000015258789,18.520000457763672,0
2016-11-11,2016-11-11T00:00:00Z,18.520000457763672,24.440000534057617,18.520000457763672,23.25,0
2016-11-14,2016-11-14T00:00:00Z,23.25,23.25,20.399999618530273,20.5,0
2016-11-15,2016-11-15T00:00:00Z,19.18000030517578,19.260000228881836,15.6899995803833,16.420000076293945,0
2016-11-16,2016-11-16T00:00:00Z,16.420000076293945,16.8799991607666,15.609999656677246,15.770000457763672,0
2016-11-17,2016-11-17T00:00:00Z,15.770000457763672,17.729999542236328,15.029999732971191,17.5,0
2016-11-18,2016-11-18T00:00:00Z,16.940000534057617,17.979999542236328,16.889999389648438,17.030000686645508,0
2016-11-21,2016-11-21T00:00:00Z,16.809999465942383,16.899999618530273,15.850000381469727,15.859999656677246,0
2016-11-22,2016-11-22T00:00:00Z,15.789999961853027,16.360000610351562,15.319999694824219,15.430000305175781,0
2016-11-23,2016-11-23T00:00:00Z,18.450000762939453,22.110000610351562,17.40999984741211,18.530000686645508,0
2016-11-25,2016-11-25T00:00:00Z,18.530000686645508,19.0,18.1299991607666,18.469999313354492,0
2016-11-28,2016-11-28T00:00:00Z,18.469999313354492,18.8700008392334,17.270000457763672,17.389999389648438,0
2016-11-29,2016-11-29T00:00:00Z,17.59000015258789,18.059999465942383,17.219999313354492,17.280000686645508,0
2016-11-30,2016-11-30T00:00:00Z,17.280000686645508,19.43000030517578,17.280000686645508,19.18000030517578,0
2016-12-01,2016-12-01T00:00:00Z,19.739999771118164,20.399999618530273,19.1299991607666,19.389999389648438,0
2016-12-02,2016-12-02T00:00:00Z,19.389999389648438,19.389999389648438,17.59000015258789,18.440000534057617,0
2016-12-05,2016-12-05T00:00:00Z,18.440000534057617,18.760000228881836,17.3799991607666,17.559999465942383,0
2016-12-06,2016-12-06T00:00:00Z,17.559999465942383,17.559999465942383,16.549999237060547,17.059999465942383,0
2016-12-07,2016-12-07T00:00:00Z,17.059999465942383,17.190000534057617,16.459999084472656,16.8700008392334,0
2016-12-08,2016-12-08T00:00:00Z,16.190000534057617,16.579999923706055,16.079999923706055,16.479999542236328,0
2016-12-09,2016-12-09T00:00:00Z,16.34000015258789,18.739999771118164,16.34000015258789,18.65999984741211,0
2016-12-12,2016-12-12T00:00:00Z,18.65999984741211,18.65999984741211,16.639999389648438,16.969999313354492,0
2016-12-13,2016-12-13T00:00:00Z,16.780000686645508,17.760000228881836,15.4399995803833,16.170000076293945,0
2016-12-14,2016-12-14T00:00:00Z,16.170000076293945,18.3799991607666,11.630000114440918,18.209999084472656,0
2016-12-15,2016-12-15T00:00:00Z,17.899999618530273,19.190000534057617,17.790000915527344,17.889999389648438,0
2016-12-16,2016-12-16T00:00:00Z,17.110000610351562,17.81999969482422,17.110000610351562,17.549999237060547,0
2016-12-19,2016-12-19T00:00:00Z,16.989999771118164,17.0,16.010000228881836,16.049999237060547,0
2016-12-20,2016-12-20T00:00:00Z,16.90999984741211,17.139999389648438,16.649999618530273,16.690000534057617,0
2016-12-21,2016-12-21T00:00:00Z,15.770000457763672,16.1200008392334,15.760000228881836,15.819999694824219,0
2016-12-22,2016-12-22T00:00:00Z,15.819999694824219,15.90999984741211,15.100000381469727,15.279999732971191,0
2016-12-23,2016-12-23T00:00:00Z,15.75,16.450000762939453,15.75,16.360000610351562,0
2016-12-27,2016-12-27T00:00:00Z,16.360000610351562,16.90999984741211,16.360000610351562,16.68000030517578,0
2016-12-28,2016-12-28T00:00:00Z,16.68000030517578,16.68000030517578,15.989999771118164,16.040000915527344,0
2016-12-29,2016-12-29T00:00:00Z,16.079999923706055,16.079999923706055,15.430000305175781,15.680000305175781,0
2016-12-30,2016-12-30T00:00:00Z,15.40999984741211,16.260000228881836,15.40999984741211,16.229999542236328,0
2017-01-03,2017-01-03T00:00:00Z,16.1200008392334,16.40999984741211,15.770000457763672,16.260000228881836,0
2017-01-04,2017-01-04T00:00:00Z,15.890000343322754,15.920000076293945,15.109999656677246,15.15999984741211,0
2017-01-05,2017-01-05T00:00:00Z,15.15999984741211,15.449999809265137,14.789999961853027,14.979999542236328,0
2017-01-06,2017-01-06T00:00:00Z,14.75,14.75,14.329999923706055,14.550000190734863,0
2017-01-09,2017-01-09T00:00:00Z,14.720000267028809,15.039999961853027,14.300000190734863,14.380000114440918,0
2017-01-10,2017-01-10T00:00:00Z,14.380000114440918,14.850000381469727,14.319999694824219,14.319999694824219,0
2017-01-11,2017-01-11T00:00:00Z,14.319999694824219,15.970000267028809,14.319999694824219,14.960000038146973,0
2017-01-12,2017-01-12T00:00:00Z,15.039999961853027,15.449999809265137,14.600000381469727,14.600000381469727,0
2017-01-13,2017-01-13T00:00:00Z,14.539999961853027,14.920000076293945,14.479999542236328,14.630000114440918,0
2017-01-17,2017-01-17T00:00:00Z,15.510000228881836,15.720000267028809,15.380000114440918,15.670000076293945,0
2017-01-18,2017-01-18T00:00:00Z,15.670000076293945,15.670000076293945,14.880000114440918,15.25,0
2017-01-19,2017-01-19T00:00:00Z,15.270000457763672,15.630000114440918,15.0600004196167,15.109999656677246,0
2017-01-20,2017-01-20T00:00:00Z,15.109999656677246,15.279999732971191,14.380000114440918,14.380000114440918,0
2017-01-23,2017-01-23T00:00:00Z,14.380000114440918,15.199999809265137,14.380000114440918,15.149999618530273,0
2017-01-24,2017-01-24T00:00:00Z,15.149999618530273,15.149999618530273,14.5600004196167,14.649999618530273,0
2017-01-25,2017-01-25T00:00:00Z,14.649999618530273,14.84000015258789,14.289999961853027,14.470000267028809,0
2017-01-26,2017-01-26T00:00:00Z,14.970000267028809,15.069999694824219,14.609999656677246,14.739999771118164,0
2017-01-27,2017-01-27T00:00:00Z,14.739999771118164,14.739999771118164,14.119999885559082,14.34000015258789,0
2017-01-30,2017-01-30T00:00:00Z,14.34000015258789,15.770000457763672,14.34000015258789,15.1899995803833,0
2017-01-31,2017-01-31T00:00:00Z,15.1899995803833,15.720000267028809,15.1899995803833,15.270000457763672,0
2017-02-01,2017-02-01T00:00:00Z,14.859999656677246,15.0,14.300000190734863,14.800000190734863,0
2017-02-02,2017-02-02T00:00:00Z,14.800000190734863,15.569999694824219,14.800000190734863,15.039999961853027,0
2017-02-03,2017-02-03T00:00:00Z,15.039999961853027,15.3100004196167,14.880000114440918,15.039999961853027,0
2017-02-06,2017-02-06T00:00:00Z,15.039999961853027,15.75,15.039999961853027,15.739999771118164,0
2017-02-07,2017-02-07T00:00:00Z,15.739999771118164,15.739999771118164,15.220000267028809,15.260000228881836,0
2017-02-08,2017-02-08T00:00:00Z,15.430000305175781,15.65999984741211,15.1899995803833,15.199999809265137,0
2017-02-09,2017-02-09T00:00:00Z,15.140000343322754,15.149999618530273,14.670000076293945,14.880000114440918,0
2017-02-10,2017-02-10T00:00:00Z,14.880000114440918,15.260000228881836,14.569999694824219,14.880000114440918,0
2017-02-13,2017-02-13T00:00:00Z,14.880000114440918,14.989999771118164,14.59000015258789,14.609999656677246,0
2017-02-14,2017-02-14T00:00:00Z,14.869999885559082,14.920000076293945,14.199999809265137,14.210000038146973,0
2017-02-15,2017-02-15T00:00:00Z,13.90999984741211,14.210000038146973,13.529999732971191,13.710000038146973,0
2017-02-16,2017-02-16T00:00:00Z,13.710000038146973,14.390000343322754,13.710000038146973,13.75,0
2017-02-17,2017-02-17T00:00:00Z,14.050000190734863,14.100000381469727,13.260000228881836,13.270000457763672,0
2017-02-21,2017-02-21T00:00:00Z,13.270000457763672,13.8100004196167,13.270000457763672,13.720000267028809,0
2017-02-22,2017-02-22T00:00:00Z,13.720000267028809,13.9399995803833,13.260000228881836,13.260000228881836,0
2017-02-23,2017-02-23T00:00:00Z,13.539999961853027,13.6899995803833,13.289999961853027,13.680000305175781,0
2017-02-24,2017-02-24T00:00:00Z,13.680000305175781,14.329999923706055,13.539999961853027,13.539999961853027,0
2017-02-27,2017-02-27T00:00:00Z,13.539999961853027,14.520000457763672,13.539999961853027,14.4399995803833,0
2017-02-28,2017-02-28T00:00:00Z,14.140000343322754,14.369999885559082,13.979999542236328,14.300000190734863,0
2017-03-01,2017-03-01T00:00:00Z,14.350000381469727,14.8100004196167,14.039999961853027,14.40999984741211,0
2017-03-02,2017-03-02T00:00:00Z,14.289999961853027,14.369999885559082,13.75,13.890000343322754,0
2017-03-03,2017-03-03T00:00:00Z,13.890000343322754,14.229999542236328,13.649999618530273,13.65999984741211,0
2017-03-06,2017-03-06T00:00:00Z,13.65999984741211,13.75,13.1899995803833,13.239999771118164,0
2017-03-07,2017-03-07T00:00:00Z,12.6899995803833,13.220000267028809,12.65999984741211,13.220000267028809,0
2017-03-08,2017-03-08T00:00:00Z,13.130000114440918,13.680000305175781,13.119999885559082,13.579999923706055,0
2017-03-09,2017-03-09T00:00:00Z,13.40999984741211,13.710000038146973,13.350000381469727,13.619999885559082,0
2017-03-10,2017-03-10T00:00:00Z,12.75,13.029999732971191,12.59000015258789,13.029999732971191,0
2017-03-13,2017-03-13T00:00:00Z,13.029999732971191,13.029999732971191,11.229999542236328,11.270000457763672,0
2017-03-14,2017-03-14T00:00:00Z,11.270000457763672,11.710000038146973,11.140000343322754,11.569999694824219,0
2017-03-15,2017-03-15T00:00:00Z,11.930000305175781,14.699999809265137,10.760000228881836,11.229999542236328,0
2017-03-16,2017-03-16T00:00:00Z,11.229999542236328,11.229999542236328,10.520000457763672,11.119999885559082,0
2017-03-17,2017-03-17T00:00:00Z,11.119999885559082,11.119999885559082,10.739999771118164,10.800000190734863,0
2017-03-20,2017-03-20T00:00:00Z,10.800000190734863,11.670000076293945,10.800000190734863,11.350000381469727,0
2017-03-21,2017-03-21T00:00:00Z,11.350000381469727,12.720000267028809,11.180000305175781,12.130000114440918,0
2017-03-22,2017-03-22T00:00:00Z,12.130000114440918,12.8100004196167,11.890000343322754,12.279999732971191,0
2017-03-23,2017-03-23T00:00:00Z,12.630000114440918,12.670000076293945,12.15999984741211,12.579999923706055,0
2017-03-24,2017-03-24T00:00:00Z,12.369999885559082,12.479999542236328,11.75,12.0600004196167,0
2017-03-27,2017-03-27T00:00:00Z,12.0600004196167,13.470000267028809,12.0600004196167,12.510000228881836,0
2017-03-28,2017-03-28T00:00:00Z,12.510000228881836,12.630000114440918,12.119999885559082,12.350000381469727,0
2017-03-29,2017-03-29T00:00:00Z,12.350000381469727,12.350000381469727,11.630000114440918,11.649999618530273,0
2017-03-30,2017-03-30T00:00:00Z,11.649999618530273,12.630000114440918,11.649999618530273,12.09000015258789,0
2017-03-31,2017-03-31T00:00:00Z,12.09000015258789,13.050000190734863,11.789999961853027,12.40999984741211,0
2017-04-03,2017-04-03T00:00:00Z,12.40999984741211,12.930000305175781,12.40999984741211,12.609999656677246,0
2017-04-04,2017-04-04T00:00:00Z,12.609999656677246,12.760000228881836,12.279999732971191,12.40999984741211,0
2017-04-05,2017-04-05T00:00:00Z,12.40999984741211,13.279999732971191,12.260000228881836,13.229999542236328,0
2017-04-06,2017-04-06T00:00:00Z,12.90999984741211,13.149999618530273,12.800000190734863,12.850000381469727,0
2017-04-07,2017-04-07T00:00:00Z,12.829999923706055,13.65999984741211,12.829999923706055,13.449999809265137,0
2017-04-10,2017-04-10T00:00:00Z,13.729999542236328,13.930000305175781,13.579999923706055,13.75,0
2017-04-11,2017-04-11T00:00:00Z,13.75,15.920000076293945,13.75,15.199999809265137,0
2017-04-12,2017-04-12T00:00:00Z,15.199999809265137,16.079999923706055,15.199999809265137,16.079999923706055,0
2017-04-13,2017-04-13T00:00:00Z,16.309999465942383,16.3700008392334,15.25,16.200000762939453,0
2017-04-17,2017-04-17T00:00:00Z,16.3799991607666,16.93000030517578,16.1299991607666,16.200000762939453,0
2017-04-18,2017-04-18T00:00:00Z,16.200000762939453,18.149999618530273,15.640000343322754,15.670000076293945,0
2017-04-19,2017-04-19T00:00:00Z,15.020000457763672,15.020000457763672,14.34000015258789,14.5,0
2017-04-20,2017-04-20T00:00:00Z,14.5,14.899999618530273,14.09000015258789,14.539999961853027,0
2017-04-21,2017-04-21T00:00:00Z,14.539999961853027,15.470000267028809,14.180000305175781,15.3100004196167,0
2017-04-24,2017-04-24T00:00:00Z,11.859999656677246,12.289999961853027,11.720000267028809,12.289999961853027,0
2017-04-25,2017-04-25T00:00:00Z,12.3100004196167,13.010000228881836,12.140000343322754,12.449999809265137,0
2017-04-26,2017-04-26T00:00:00Z,11.90999984741211,12.40999984741211,11.670000076293945,12.020000457763672,0
2017-04-27,2017-04-27T00:00:00Z,11.890000343322754,12.0600004196167,11.489999771118164,11.529999732971191,0
2017-04-28,2017-04-28T00:00:00Z,11.710000038146973,11.729999542236328,11.449999809265137,11.600000381469727,0
2017-05-01,2017-05-01T00:00:00Z,11.600000381469727,12.579999923706055,11.600000381469727,12.350000381469727,0
2017-05-02,2017-05-02T00:00:00Z,12.350000381469727,12.390000343322754,12.069999694824219,12.380000114440918,0
2017-05-03,2017-05-03T00:00:00Z,12.380000114440918,12.779999732971191,12.380000114440918,12.539999961853027,0
2017-05-04,2017-05-04T00:00:00Z,13.039999961853027,13.180000305175781,12.380000114440918,12.40999984741211,0
2017-05-05,2017-05-05T00:00:00Z,12.40999984741211,12.40999984741211,11.880000114440918,12.010000228881836,0
2017-05-08,2017-05-08T00:00:00Z,12.0,12.050000190734863,11.899999618530273,11.949999809265137,0
2017-05-09,2017-05-09T00:00:00Z,11.979999542236328,12.100000381469727,11.699999809265137,12.100000381469727,0
2017-05-10,2017-05-10T00:00:00Z,12.100000381469727,12.100000381469727,11.079999923706055,11.199999809265137,0
2017-05-11,2017-05-11T00:00:00Z,11.199999809265137,11.710000038146973,11.130000114440918,11.239999771118164,0
2017-05-12,2017-05-12T00:00:00Z,11.239999771118164,11.34000015258789,11.050000190734863,11.130000114440918,0
2017-05-15,2017-05-15T00:00:00Z,11.5,11.59000015258789,11.270000457763672,11.279999732971191,0
2017-05-16,2017-05-16T00:00:00Z,11.279999732971191,11.359999656677246,11.140000343322754,11.1899995803833,0
2017-05-17,2017-05-17T00:00:00Z,12.579999923706055,13.180000305175781,12.369999885559082,13.029999732971191,0
2017-05-18,2017-05-18T00:00:00Z,13.489999771118164,13.489999771118164,12.279999732971191,12.949999809265137,0
2017-05-19,2017-05-19T00:00:00Z,12.720000267028809,12.760000228881836,11.880000114440918,12.039999961853027,0
2017-05-22,2017-05-22T00:00:00Z,12.039999961853027,12.710000038146973,12.039999961853027,12.319999694824219,0
2017-05-23,2017-05-23T00:00:00Z,12.319999694824219,12.460000038146973,11.850000381469727,11.890000343322754,0
2017-05-24,2017-05-24T00:00:00Z,11.890000343322754,12.960000038146973,11.4399995803833,11.75,0
2017-05-25,2017-05-25T00:00:00Z,11.75,11.75,11.0600004196167,11.199999809265137,0
2017-05-26,2017-05-26T00:00:00Z,11.510000228881836,11.720000267028809,11.069999694824219,11.59000015258789,0
2017-05-30,2017-05-30T00:00:00Z,11.850000381469727,12.0,11.5,11.619999885559082,0
2017-05-31,2017-05-31T00:00:00Z,11.510000228881836,12.229999542236328,11.380000114440918,11.819999694824219,0
2017-06-01,2017-06-01T00:00:00Z,11.90999984741211,12.039999961853027,11.529999732971191,11.8100004196167,0
2017-06-02,2017-06-02T00:00:00Z,11.8100004196167,12.130000114440918,11.75,12.09000015258789,0
2017-06-05,2017-06-05T00:00:00Z,12.729999542236328,12.829999923706055,12.420000076293945,12.4399995803833,0
2017-06-06,2017-06-06T00:00:00Z,12.4399995803833,13.6899995803833,12.4399995803833,13.229999542236328,0
2017-06-07,2017-06-07T00:00:00Z,13.229999542236328,13.569999694824219,12.430000305175781,13.15999984741211,0
2017-06-08,2017-06-08T00:00:00Z,12.6899995803833,13.180000305175781,11.020000457763672,12.619999885559082,0
2017-06-09,2017-06-09T00:00:00Z,12.0,12.5600004196167,11.949999809265137,12.5,0
2017-06-12,2017-06-12T00:00:00Z,12.5,12.90999984741211,12.1899995803833,12.40999984741211,0
2017-06-13,2017-06-13T00:00:00Z,12.15999984741211,12.5600004196167,12.039999961853027,12.15999984741211,0
2017-06-14,2017-06-14T00:00:00Z,12.479999542236328,15.069999694824219,9.84000015258789,11.5,0
2017-06-15,2017-06-15T00:00:00Z,11.5,11.680000305175781,10.979999542236328,11.029999732971191,0
2017-06-16,2017-06-16T00:00:00Z,11.029999732971191,11.029999732971191,10.119999885559082,10.15999984741211,0
2017-06-19,2017-06-19T00:00:00Z,10.210000038146973,10.6899995803833,10.210000038146973,10.6899995803833,0
2017-06-20,2017-06-20T00:00:00Z,10.8100004196167,11.300000190734863,10.699999809265137,11.140000343322754,0
2017-06-21,2017-06-21T00:00:00Z,11.140000343322754,11.270000457763672,11.079999923706055,11.25,0
2017-06-22,2017-06-22T00:00:00Z,11.25,11.75,11.09000015258789,11.239999771118164,0
2017-06-23,2017-06-23T00:00:00Z,11.229999542236328,11.229999542236328,10.819999694824219,10.859999656677246,0
2017-06-26,2017-06-26T00:00:00Z,11.569999694824219,11.630000114440918,10.949999809265137,11.050000190734863,0
2017-06-27,2017-06-27T00:00:00Z,11.09000015258789,11.970000267028809,11.0600004196167,11.960000038146973,0
2017-06-28,2017-06-28T00:00:00Z,11.960000038146973,11.960000038146973,11.34000015258789,11.380000114440918,0
2017-06-29,2017-06-29T00:00:00Z,11.380000114440918,11.579999923706055,10.989999771118164,11.210000038146973,0
2017-06-30,2017-06-30T00:00:00Z,11.210000038146973,11.210000038146973,10.539999961853027,11.0,0
2017-07-03,2017-07-03T00:00:00Z,11.600000381469727,11.930000305175781,10.819999694824219,11.930000305175781,0
2017-07-05,2017-07-05T00:00:00Z,12.279999732971191,12.399999618530273,11.350000381469727,11.880000114440918,0
2017-07-06,2017-07-06T00:00:00Z,11.880000114440918,11.970000267028809,11.59000015258789,11.720000267028809,0
2017-07-07,2017-07-07T00:00:00Z,11.720000267028809,13.0,11.609999656677246,12.539999961853027,0
2017-07-10,2017-07-10T00:00:00Z,12.539999961853027,12.920000076293945,12.1899995803833,12.220000267028809,0
2017-07-11,2017-07-11T00:00:00Z,11.890000343322754,12.390000343322754,11.84000015258789,12.300000190734863,0
2017-07-12,2017-07-12T00:00:00Z,12.300000190734863,12.300000190734863,11.539999961853027,11.5600004196167,0
2017-07-13,2017-07-13T00:00:00Z,11.5600004196167,11.569999694824219,11.199999809265137,11.289999961853027,0
2017-07-14,2017-07-14T00:00:00Z,11.289999961853027,11.510000228881836,11.100000381469727,11.109999656677246,0
2017-07-17,2017-07-17T00:00:00Z,11.109999656677246,11.579999923706055,11.039999961853027,11.079999923706055,0
2017-07-18,2017-07-18T00:00:00Z,11.34000015258789,11.630000114440918,11.079999923706055,11.140000343322754,0
2017-07-19,2017-07-19T00:00:00Z,11.140000343322754,11.329999923706055,11.0600004196167,11.079999923706055,0
2017-07-20,2017-07-20T00:00:00Z,11.079999923706055,11.640000343322754,10.59000015258789,10.850000381469727,0
2017-07-21,2017-07-21T00:00:00Z,10.850000381469727,11.729999542236328,10.850000381469727,11.220000267028809,0
2017-07-24,2017-07-24T00:00:00Z,11.220000267028809,11.850000381469727,11.220000267028809,11.800000190734863,0
2017-07-25,2017-07-25T00:00:00Z,11.800000190734863,12.140000343322754,11.739999771118164,12.069999694824219,0
2017-07-26,2017-07-26T00:00:00Z,11.850000381469727,19.719999313354492,11.619999885559082,11.630000114440918,0
2017-07-27,2017-07-27T00:00:00Z,11.630000114440918,11.630000114440918,11.15999984741211,11.239999771118164,0
2017-07-28,2017-07-28T00:00:00Z,11.239999771118164,11.670000076293945,11.140000343322754,11.4399995803833,0
2017-07-31,2017-07-31T00:00:00Z,11.4399995803833,11.970000267028809,11.4399995803833,11.609999656677246,0
2017-08-01,2017-08-01T00:00:00Z,11.609999656677246,11.609999656677246,11.260000228881836,11.279999732971191,0
2017-08-02,2017-08-02T00:00:00Z,11.279999732971191,11.890000343322754,11.180000305175781,11.239999771118164,0
2017-08-03,2017-08-03T00:00:00Z,11.239999771118164,11.350000381469727,10.970000267028809,11.3100004196167,0
2017-08-04,2017-08-04T00:00:00Z,10.880000114440918,11.289999961853027,10.760000228881836,10.869999885559082,0
2017-08-07,2017-08-07T00:00:00Z,10.869999885559082,11.0,10.6899995803833,10.729999542236328,0
2017-08-08,2017-08-08T00:00:00Z,10.550000190734863,11.15999984741211,10.359999656677246,11.100000381469727,0
2017-08-09,2017-08-09T00:00:00Z,11.100000381469727,12.600000381469727,11.100000381469727,12.3100004196167,0
2017-08-10,2017-08-10T00:00:00Z,12.3100004196167,13.569999694824219,12.3100004196167,13.430000305175781,0
2017-08-11,2017-08-11T00:00:00Z,13.430000305175781,13.539999961853027,12.979999542236328,13.449999809265137,0
2017-08-14,2017-08-14T00:00:00Z,12.329999923706055,12.329999923706055,11.760000228881836,12.109999656677246,0
2017-08-15,2017-08-15T00:00:00Z,11.619999885559082,12.369999885559082,11.170000076293945,12.199999809265137,0
2017-08-16,2017-08-16T00:00:00Z,12.199999809265137,12.680000305175781,11.390000343322754,12.579999923706055,0
2017-08-17,2017-08-17T00:00:00Z,12.260000228881836,13.359999656677246,11.960000038146973,13.34000015258789,0
2017-08-18,2017-08-18T00:00:00Z,13.34000015258789,13.9399995803833,12.010000228881836,12.119999885559082,0
2017-08-21,2017-08-21T00:00:00Z,12.960000038146973,13.140000343322754,12.739999771118164,13.010000228881836,0
2017-08-22,2017-08-22T00:00:00Z,13.010000228881836,13.010000228881836,12.270000457763672,12.489999771118164,0
2017-08-23,2017-08-23T00:00:00Z,12.710000038146973,12.829999923706055,12.390000343322754,12.680000305175781,0
2017-08-24,2017-08-24T00:00:00Z,12.680000305175781,12.770000457763672,12.260000228881836,12.760000228881836,0
2017-08-25,2017-08-25T00:00:00Z,12.760000228881836,15.600000381469727,12.569999694824219,12.630000114440918,0
2017-08-28,2017-08-28T00:00:00Z,12.630000114440918,14.210000038146973,12.630000114440918,14.199999809265137,0
2017-08-29,2017-08-29T00:00:00Z,14.199999809265137,15.029999732971191,13.130000114440918,13.5,0
2017-08-30,2017-08-30T00:00:00Z,13.5,13.5,12.770000457763672,12.779999732971191,0
2017-08-31,2017-08-31T00:00:00Z,12.779999732971191,13.430000305175781,11.859999656677246,13.260000228881836,0
2017-09-01,2017-09-01T00:00:00Z,13.229999542236328,13.260000228881836,12.430000305175781,12.729999542236328,0
2017-09-05,2017-09-05T00:00:00Z,12.729999542236328,15.539999961853027,12.729999542236328,14.300000190734863,0
2017-09-06,2017-09-06T00:00:00Z,14.4399995803833,14.449999809265137,13.970000267028809,14.170000076293945,0
2017-09-07,2017-09-07T00:00:00Z,14.170000076293945,15.680000305175781,13.960000038146973,14.489999771118164,0
2017-09-08,2017-09-08T00:00:00Z,14.229999542236328,14.25,13.420000076293945,13.770000457763672,0
2017-09-11,2017-09-11T00:00:00Z,13.520000457763672,13.640000343322754,12.880000114440918,13.279999732971191,0
2017-09-12,2017-09-12T00:00:00Z,13.279999732971191,13.279999732971191,11.5600004196167,11.5600004196167,0
2017-09-13,2017-09-13T00:00:00Z,11.510000228881836,12.069999694824219,11.1899995803833,11.979999542236328,0
2017-09-14,2017-09-14T00:00:00Z,12.050000190734863,12.329999923706055,11.640000343322754,12.1899995803833,0
2017-09-15,2017-09-15T00:00:00Z,12.1899995803833,12.489999771118164,11.84000015258789,12.0600004196167,0
2017-09-18,2017-09-18T00:00:00Z,12.319999694824219,12.710000038146973,12.1899995803833,12.6899995803833,0
2017-09-19,2017-09-19T00:00:00Z,12.260000228881836,12.34000015258789,12.15999984741211,12.270000457763672,0
2017-09-20,2017-09-20T00:00:00Z,12.270000457763672,17.440000534057617,11.65999984741211,12.319999694824219,0
2017-09-21,2017-09-21T00:00:00Z,12.319999694824219,12.579999923706055,11.890000343322754,12.1899995803833,0
2017-09-22,2017-09-22T00:00:00Z,12.1899995803833,12.819999694824219,12.029999732971191,12.369999885559082,0
2017-09-25,2017-09-25T00:00:00Z,12.369999885559082,13.949999809265137,12.369999885559082,13.770000457763672,0
2017-09-26,2017-09-26T00:00:00Z,13.770000457763672,13.770000457763672,12.399999618530273,13.319999694824219,0
2017-09-27,2017-09-27T00:00:00Z,13.130000114440918,13.270000457763672,12.619999885559082,12.989999771118164,0
2017-09-28,2017-09-28T00:00:00Z,12.989999771118164,12.989999771118164,11.569999694824219,11.75,0
2017-09-29,2017-09-29T00:00:00Z,11.75,11.819999694824219,11.270000457763672,11.770000457763672,0
2017-10-02,2017-10-02T00:00:00Z,11.720000267028809,12.020000457763672,11.539999961853027,11.720000267028809,0
2017-10-03,2017-10-03T00:00:00Z,11.720000267028809,11.729999542236328,11.359999656677246,11.380000114440918,0
2017-10-04,2017-10-04T00:00:00Z,11.380000114440918,11.779999732971191,11.350000381469727,11.40999984741211,0
2017-10-05,2017-10-05T00:00:00Z,11.369999885559082,11.470000267028809,11.119999885559082,11.399999618530273,0
2017-10-06,2017-10-06T00:00:00Z,11.270000457763672,11.880000114440918,11.079999923706055,11.529999732971191,0
2017-10-09,2017-10-09T00:00:00Z,11.529999732971191,11.970000267028809,11.529999732971191,11.960000038146973,0
2017-10-10,2017-10-10T00:00:00Z,12.069999694824219,12.239999771118164,12.0,12.220000267028809,0
2017-10-11,2017-10-11T00:00:00Z,12.220000267028809,14.680000305175781,11.8100004196167,12.130000114440918,0
2017-10-12,2017-10-12T00:00:00Z,12.350000381469727,12.470000267028809,11.779999732971191,11.819999694824219,0
2017-10-13,2017-10-13T00:00:00Z,11.819999694824219,11.979999542236328,11.539999961853027,11.760000228881836,0
2017-10-16,2017-10-16T00:00:00Z,11.760000228881836,12.199999809265137,11.760000228881836,12.130000114440918,0
2017-10-17,2017-10-17T00:00:00Z,12.15999984741211,12.229999542236328,11.489999771118164,11.640000343322754,0
2017-10-18,2017-10-18T00:00:00Z,11.640000343322754,11.970000267028809,11.510000228881836,11.880000114440918,0
2017-10-19,2017-10-19T00:00:00Z,12.0,12.020000457763672,11.760000228881836,11.9399995803833,0
2017-10-20,2017-10-20T00:00:00Z,11.729999542236328,12.109999656677246,11.460000038146973,11.489999771118164,0
2017-10-23,2017-10-23T00:00:00Z,11.460000038146973,11.720000267028809,10.949999809265137,11.6899995803833,0
2017-10-24,2017-10-24T00:00:00Z,11.380000114440918,11.800000190734863,11.3100004196167,11.729999542236328,0
2017-10-25,2017-10-25T00:00:00Z,11.729999542236328,12.170000076293945,11.420000076293945,12.020000457763672,0
2017-10-26,2017-10-26T00:00:00Z,11.479999542236328,11.729999542236328,11.399999618530273,11.619999885559082,0
2017-10-27,2017-10-27T00:00:00Z,11.59000015258789,11.729999542236328,11.180000305175781,11.479999542236328,0
2017-10-30,2017-10-30T00:00:00Z,11.479999542236328,12.050000190734863,11.479999542236328,11.739999771118164,0
2017-10-31,2017-10-31T00:00:00Z,11.739999771118164,11.850000381469727,11.619999885559082,11.8100004196167,0
2017-11-01,2017-11-01T00:00:00Z,11.8100004196167,11.899999618530273,11.319999694824219,11.800000190734863,0
2017-11-02,2017-11-02T00:00:00Z,11.430000305175781,11.460000038146973,10.930000305175781,10.949999809265137,0
2017-11-03,2017-11-03T00:00:00Z,10.949999809265137,10.949999809265137,10.239999771118164,10.649999618530273,0
2017-11-06,2017-11-06T00:00:00Z,10.930000305175781,11.449999809265137,10.819999694824219,10.9399995803833,0
2017-11-07,2017-11-07T00:00:00Z,11.180000305175781,11.210000038146973,10.9399995803833,10.979999542236328,0
2017-11-08,2017-11-08T00:00:00Z,10.979999542236328,11.359999656677246,10.979999542236328,11.319999694824219,0
2017-11-09,2017-11-09T00:00:00Z,11.369999885559082,12.029999732971191,11.359999656677246,11.729999542236328,0
2017-11-10,2017-11-10T00:00:00Z,11.729999542236328,12.0600004196167,11.600000381469727,11.680000305175781,0
2017-11-13,2017-11-13T00:00:00Z,11.619999885559082,11.670000076293945,11.329999923706055,11.529999732971191,0
2017-11-14,2017-11-14T00:00:00Z,11.529999732971191,11.880000114440918,11.3100004196167,11.609999656677246,0
2017-11-15,2017-11-15T00:00:00Z,11.670000076293945,11.819999694824219,11.420000076293945,11.75,0
2017-11-16,2017-11-16T00:00:00Z,11.75,11.75,10.949999809265137,11.020000457763672,0
2017-11-17,2017-11-17T00:00:00Z,11.020000457763672,15.8100004196167,10.600000381469727,10.619999885559082,0
2017-11-20,2017-11-20T00:00:00Z,10.619999885559082,11.300000190734863,10.619999885559082,11.180000305175781,0
2017-11-21,2017-11-21T00:00:00Z,10.930000305175781,11.119999885559082,10.829999923706055,10.84000015258789,0
2017-11-22,2017-11-22T00:00:00Z,10.9399995803833,11.109999656677246,10.59000015258789,10.75,0
2017-11-24,2017-11-24T00:00:00Z,10.720000267028809,10.800000190734863,10.569999694824219,10.579999923706055,0
2017-11-27,2017-11-27T00:00:00Z,11.029999732971191,11.079999923706055,10.670000076293945,10.720000267028809,0
2017-11-28,2017-11-28T00:00:00Z,10.569999694824219,10.770000457763672,10.25,10.640000343322754,0
2017-11-29,2017-11-29T00:00:00Z,10.279999732971191,11.0600004196167,10.229999542236328,11.020000457763672,0
2017-11-30,2017-11-30T00:00:00Z,11.020000457763672,12.020000457763672,10.529999732971191,11.789999961853027,0
2017-12-01,2017-12-01T00:00:00Z,11.789999961853027,12.760000228881836,10.369999885559082,11.390000343322754,0
2017-12-04,2017-12-04T00:00:00Z,11.210000038146973,11.390000343322754,10.710000038146973,11.380000114440918,0
2017-12-05,2017-12-05T00:00:00Z,11.380000114440918,12.300000190734863,11.1899995803833,12.279999732971191,0
2017-12-06,2017-12-06T00:00:00Z,12.279999732971191,12.279999732971191,11.649999618530273,11.670000076293945,0
2017-12-07,2017-12-07T00:00:00Z,11.670000076293945,13.390000343322754,11.15999984741211,12.989999771118164,0
2017-12-08,2017-12-08T00:00:00Z,12.989999771118164,12.989999771118164,11.09000015258789,11.699999809265137,0
2017-12-11,2017-12-11T00:00:00Z,11.420000076293945,12.800000190734863,11.010000228881836,11.460000038146973,0
2017-12-12,2017-12-12T00:00:00Z,11.399999618530273,12.4399995803833,10.890000343322754,12.140000343322754,0
2017-12-13,2017-12-13T00:00:00Z,11.989999771118164,12.59000015258789,10.75,10.869999885559082,0
2017-12-14,2017-12-14T00:00:00Z,10.869999885559082,10.869999885559082,10.109999656677246,10.399999618530273,0
2017-12-15,2017-12-15T00:00:00Z,10.399999618530273,10.399999618530273,9.40999984741211,9.430000305175781,0
2017-12-18,2017-12-18T00:00:00Z,9.430000305175781,9.9399995803833,9.430000305175781,9.930000305175781,0
2017-12-19,2017-12-19T00:00:00Z,9.930000305175781,10.329999923706055,9.59000015258789,10.319999694824219,0
2017-12-20,2017-12-20T00:00:00Z,10.050000190734863,10.25,9.579999923706055,9.789999961853027,0
2017-12-21,2017-12-21T00:00:00Z,9.859999656677246,9.859999656677246,9.489999771118164,9.640000343322754,0
2017-12-22,2017-12-22T00:00:00Z,9.40999984741211,10.039999961853027,9.380000114440918,10.010000228881836,0
2017-12-26,2017-12-26T00:00:00Z,10.84000015258789,11.270000457763672,10.84000015258789,11.170000076293945,0
2017-12-27,2017-12-27T00:00:00Z,10.5600004196167,10.970000267028809,10.479999542236328,10.729999542236328,0
2017-12-28,2017-12-28T00:00:00Z,10.729999542236328,10.819999694824219,10.40999984741211,10.430000305175781,0
2017-12-29,2017-12-29T00:00:00Z,11.09000015258789,11.390000343322754,10.800000190734863,10.960000038146973,0
2018-01-02,2018-01-02T00:00:00Z,11.65999984741211,12.0,11.600000381469727,11.960000038146973,0
2018-01-03,2018-01-03T00:00:00Z,11.960000038146973,11.960000038146973,11.029999732971191,11.5600004196167,0
2018-01-04,2018-01-04T00:00:00Z,11.390000343322754,11.899999618530273,11.25,11.800000190734863,0
2018-01-05,2018-01-05T00:00:00Z,11.289999961853027,11.359999656677246,11.020000457763672,11.260000228881836,0
2018-01-08,2018-01-08T00:00:00Z,11.430000305175781,11.460000038146973,11.140000343322754,11.1899995803833,0
2018-01-09,2018-01-09T00:00:00Z,11.1899995803833,11.579999923706055,10.569999694824219,10.789999961853027,0
2018-01-10,2018-01-10T00:00:00Z,10.789999961853027,11.0600004196167,10.789999961853027,10.789999961853027,0
2018-01-11,2018-01-11T00:00:00Z,10.789999961853027,11.0,10.529999732971191,10.960000038146973,0
2018-01-12,2018-01-12T00:00:00Z,11.199999809265137,12.069999694824219,11.039999961853027,11.619999885559082,0
2018-01-16,2018-01-16T00:00:00Z,11.619999885559082,12.180000305175781,11.619999885559082,12.09000015258789,0
2018-01-17,2018-01-17T00:00:00Z,12.09000015258789,12.220000267028809,11.119999885559082,11.770000457763672,0
2018-01-18,2018-01-18T00:00:00Z,11.770000457763672,12.279999732971191,11.579999923706055,12.260000228881836,0
2018-01-19,2018-01-19T00:00:00Z,12.260000228881836,12.260000228881836,11.380000114440918,11.430000305175781,0
2018-01-22,2018-01-22T00:00:00Z,11.460000038146973,11.65999984741211,11.0,11.65999984741211,0
2018-01-23,2018-01-23T00:00:00Z,11.65999984741211,11.729999542236328,11.050000190734863,11.720000267028809,0
2018-01-24,2018-01-24T00:00:00Z,11.720000267028809,14.130000114440918,11.720000267028809,13.380000114440918,0
2018-01-25,2018-01-25T00:00:00Z,13.380000114440918,13.640000343322754,12.260000228881836,13.039999961853027,0
2018-01-26,2018-01-26T00:00:00Z,13.039999961853027,13.039999961853027,12.59000015258789,12.979999542236328,0
2018-01-29,2018-01-29T00:00:00Z,13.329999923706055,13.539999961853027,13.210000038146973,13.25,0
2018-01-30,2018-01-30T00:00:00Z,13.25,14.029999732971191,13.25,13.859999656677246,0
2018-01-31,2018-01-31T00:00:00Z,13.859999656677246,13.859999656677246,12.130000114440918,12.970000267028809,0
2018-02-01,2018-02-01T00:00:00Z,12.970000267028809,12.970000267028809,11.880000114440918,12.319999694824219,0
2018-02-02,2018-02-02T00:00:00Z,12.319999694824219,13.15999984741211,12.220000267028809,13.109999656677246,0
2018-02-05,2018-02-05T00:00:00Z,13.109999656677246,17.1200008392334,13.109999656677246,14.350000381469727,0
2018-02-06,2018-02-06T00:00:00Z,14.350000381469727,15.109999656677246,13.449999809265137,13.800000190734863,0
2018-02-07,2018-02-07T00:00:00Z,13.800000190734863,13.90999984741211,13.390000343322754,13.619999885559082,0
2018-02-08,2018-02-08T00:00:00Z,13.619999885559082,15.270000457763672,13.510000228881836,14.850000381469727,0
2018-02-09,2018-02-09T00:00:00Z,14.479999542236328,16.510000228881836,14.399999618530273,14.930000305175781,0
2018-02-12,2018-02-12T00:00:00Z,14.739999771118164,14.930000305175781,13.579999923706055,14.369999885559082,0
2018-02-13,2018-02-13T00:00:00Z,14.369999885559082,14.470000267028809,13.84000015258789,14.069999694824219,0
2018-02-14,2018-02-14T00:00:00Z,14.069999694824219,17.729999542236328,14.069999694824219,14.970000267028809,0
2018-02-15,2018-02-15T00:00:00Z,14.970000267028809,15.4399995803833,14.720000267028809,15.029999732971191,0
2018-02-16,2018-02-16T00:00:00Z,14.489999771118164,14.800000190734863,13.5,13.960000038146973,0
2018-02-20,2018-02-20T00:00:00Z,13.960000038146973,14.079999923706055,13.479999542236328,14.079999923706055,0
2018-02-21,2018-02-21T00:00:00Z,14.079999923706055,15.770000457763672,13.079999923706055,13.829999923706055,0
2018-02-22,2018-02-22T00:00:00Z,13.3100004196167,13.479999542236328,13.15999984741211,13.470000267028809,0
2018-02-23,2018-02-23T00:00:00Z,13.470000267028809,13.470000267028809,11.90999984741211,11.970000267028809,0
2018-02-26,2018-02-26T00:00:00Z,11.970000267028809,12.479999542236328,11.829999923706055,11.890000343322754,0
2018-02-27,2018-02-27T00:00:00Z,11.890000343322754,12.569999694824219,11.59000015258789,11.760000228881836,0
2018-02-28,2018-02-28T00:00:00Z,11.760000228881836,11.829999923706055,11.4399995803833,11.739999771118164,0
2018-03-01,2018-03-01T00:00:00Z,11.739999771118164,12.609999656677246,11.479999542236328,12.069999694824219,0
2018-03-02,2018-03-02T00:00:00Z,12.069999694824219,12.779999732971191,11.600000381469727,11.970000267028809,0
2018-03-05,2018-03-05T00:00:00Z,12.119999885559082,12.220000267028809,11.859999656677246,11.890000343322754,0
2018-03-06,2018-03-06T00:00:00Z,12.039999961853027,12.9399995803833,12.010000228881836,12.329999923706055,0
2018-03-07,2018-03-07T00:00:00Z,12.329999923706055,12.670000076293945,12.130000114440918,12.369999885559082,0
2018-03-08,2018-03-08T00:00:00Z,12.119999885559082,12.130000114440918,11.5,11.569999694824219,0
2018-03-09,2018-03-09T00:00:00Z,11.569999694824219,11.569999694824219,10.8100004196167,10.9399995803833,0
2018-03-12,2018-03-12T00:00:00Z,11.020000457763672,11.079999923706055,10.859999656677246,11.010000228881836,0
2018-03-13,2018-03-13T00:00:00Z,11.010000228881836,11.010000228881836,10.430000305175781,10.699999809265137,0
2018-03-14,2018-03-14T00:00:00Z,10.369999885559082,10.529999732971191,10.359999656677246,10.40999984741211,0
2018-03-15,2018-03-15T00:00:00Z,10.40999984741211,10.539999961853027,10.15999984741211,10.399999618530273,0
2018-03-16,2018-03-16T00:00:00Z,9.890000343322754,10.550000190734863,9.859999656677246,9.880000114440918,0
2018-03-19,2018-03-19T00:00:00Z,10.289999961853027,11.130000114440918,10.270000457763672,10.989999771118164,0
2018-03-20,2018-03-20T00:00:00Z,10.989999771118164,11.699999809265137,10.680000305175781,11.010000228881836,0
2018-03-21,2018-03-21T00:00:00Z,11.010000228881836,11.579999923706055,8.899999618530273,10.90999984741211,0
2018-03-22,2018-03-22T00:00:00Z,10.970000267028809,11.350000381469727,10.8100004196167,11.239999771118164,0
2018-03-23,2018-03-23T00:00:00Z,11.239999771118164,13.460000038146973,11.239999771118164,13.460000038146973,0
2018-03-26,2018-03-26T00:00:00Z,13.460000038146973,13.460000038146973,12.75,12.949999809265137,0
2018-03-27,2018-03-27T00:00:00Z,11.630000114440918,12.479999542236328,11.380000114440918,12.220000267028809,0
2018-03-28,2018-03-28T00:00:00Z,12.220000267028809,12.270000457763672,11.4399995803833,11.739999771118164,0
2018-03-29,2018-03-29T00:00:00Z,11.739999771118164,11.739999771118164,10.979999542236328,11.0600004196167,0
2018-04-02,2018-04-02T00:00:00Z,12.130000114440918,13.329999923706055,11.75,12.859999656677246,0
2018-04-03,2018-04-03T00:00:00Z,12.859999656677246,12.859999656677246,11.739999771118164,11.800000190734863,0
2018-04-04,2018-04-04T00:00:00Z,12.619999885559082,12.640000343322754,11.920000076293945,12.0,0
2018-04-05,2018-04-05T00:00:00Z,12.0,12.149999618530273,11.520000457763672,11.550000190734863,0
2018-04-06,2018-04-06T00:00:00Z,12.270000457763672,12.3100004196167,11.640000343322754,11.949999809265137,0
2018-04-09,2018-04-09T00:00:00Z,11.949999809265137,12.390000343322754,11.90999984741211,12.390000343322754,0
2018-04-10,2018-04-10T00:00:00Z,12.390000343322754,12.90999984741211,12.029999732971191,12.779999732971191,0
2018-04-11,2018-04-11T00:00:00Z,12.779999732971191,17.93000030517578,12.779999732971191,14.359999656677246,0
2018-04-12,2018-04-12T00:00:00Z,14.359999656677246,14.359999656677246,12.680000305175781,12.880000114440918,0
2018-04-13,2018-04-13T00:00:00Z,12.880000114440918,13.75,12.880000114440918,13.359999656677246,0
2018-04-16,2018-04-16T00:00:00Z,13.359999656677246,13.789999961853027,13.130000114440918,13.430000305175781,0
2018-04-17,2018-04-17T00:00:00Z,12.5,13.390000343322754,12.5,13.069999694824219,0
2018-04-18,2018-04-18T00:00:00Z,13.069999694824219,14.8100004196167,13.069999694824219,13.460000038146973,0
2018-04-19,2018-04-19T00:00:00Z,13.6899995803833,13.760000228881836,12.779999732971191,12.880000114440918,0
2018-04-20,2018-04-20T00:00:00Z,11.850000381469727,12.329999923706055,11.680000305175781,12.140000343322754,0
2018-04-23,2018-04-23T00:00:00Z,12.09000015258789,12.149999618530273,11.510000228881836,12.130000114440918,0
2018-04-24,2018-04-24T00:00:00Z,11.800000190734863,12.460000038146973,11.6899995803833,12.239999771118164,0
2018-04-25,2018-04-25T00:00:00Z,12.239999771118164,12.260000228881836,11.850000381469727,11.970000267028809,0
2018-04-26,2018-04-26T00:00:00Z,11.970000267028809,11.970000267028809,11.149999618530273,11.489999771118164,0
2018-04-27,2018-04-27T00:00:00Z,11.010000228881836,11.170000076293945,10.789999961853027,10.989999771118164,0
2018-04-30,2018-04-30T00:00:00Z,11.3100004196167,11.470000267028809,11.109999656677246,11.149999618530273,0
2018-05-01,2018-05-01T00:00:00Z,11.460000038146973,12.0600004196167,11.34000015258789,11.880000114440918,0
2018-05-02,2018-05-02T00:00:00Z,11.649999618530273,12.029999732971191,11.0,11.640000343322754,0
2018-05-03,2018-05-03T00:00:00Z,11.369999885559082,11.569999694824219,11.199999809265137,11.460000038146973,0
2018-05-04,2018-05-04T00:00:00Z,11.460000038146973,11.460000038146973,10.949999809265137,10.989999771118164,0
2018-05-07,2018-05-07T00:00:00Z,11.430000305175781,11.4399995803833,11.260000228881836,11.319999694824219,0
2018-05-08,2018-05-08T00:00:00Z,11.319999694824219,11.619999885559082,10.140000343322754,11.5,0
2018-05-09,2018-05-09T00:00:00Z,11.569999694824219,11.619999885559082,11.3100004196167,11.390000343322754,0
2018-05-10,2018-05-10T00:00:00Z,11.390000343322754,11.5,10.949999809265137,11.420000076293945,0
2018-05-11,2018-05-11T00:00:00Z,11.420000076293945,11.420000076293945,11.0,11.039999961853027,0
2018-05-14,2018-05-14T00:00:00Z,11.0,11.15999984741211,10.729999542236328,11.149999618530273,0
2018-05-15,2018-05-15T00:00:00Z,11.149999618530273,14.199999809265137,11.149999618530273,11.90999984741211,0
2018-05-16,2018-05-16T00:00:00Z,11.859999656677246,12.069999694824219,11.649999618530273,11.770000457763672,0
2018-05-17,2018-05-17T00:00:00Z,11.670000076293945,11.720000267028809,11.470000267028809,11.640000343322754,0
2018-05-18,2018-05-18T00:00:00Z,11.640000343322754,11.640000343322754,10.600000381469727,11.109999656677246,0
2018-05-21,2018-05-21T00:00:00Z,11.630000114440918,11.670000076293945,11.399999618530273,11.619999885559082,0
2018-05-22,2018-05-22T00:00:00Z,11.5600004196167,11.569999694824219,10.869999885559082,10.899999618530273,0
2018-05-23,2018-05-23T00:00:00Z,11.3100004196167,11.399999618530273,10.949999809265137,11.180000305175781,0
2018-05-24,2018-05-24T00:00:00Z,11.180000305175781,11.710000038146973,10.710000038146973,10.989999771118164,0
2018-05-25,2018-05-25T00:00:00Z,10.989999771118164,11.0,10.3100004196167,10.3100004196167,0
2018-05-29,2018-05-29T00:00:00Z,11.350000381469727,12.430000305175781,11.220000267028809,12.329999923706055,0
2018-05-30,2018-05-30T00:00:00Z,11.550000190734863,11.600000381469727,10.770000457763672,10.869999885559082,0
2018-05-31,2018-05-31T00:00:00Z,10.869999885559082,11.25,10.800000190734863,10.920000076293945,0
2018-06-01,2018-06-01T00:00:00Z,10.720000267028809,10.899999618530273,10.579999923706055,10.579999923706055,0
2018-06-04,2018-06-04T00:00:00Z,10.579999923706055,11.0600004196167,10.489999771118164,10.539999961853027,0
2018-06-05,2018-06-05T00:00:00Z,10.539999961853027,10.970000267028809,10.430000305175781,10.460000038146973,0
2018-06-06,2018-06-06T00:00:00Z,10.460000038146973,10.609999656677246,10.180000305175781,10.3100004196167,0
2018-06-07,2018-06-07T00:00:00Z,10.3100004196167,10.609999656677246,10.3100004196167,10.550000190734863,0
2018-06-08,2018-06-08T00:00:00Z,10.550000190734863,10.75,10.510000228881836,10.6899995803833,0
2018-06-11,2018-06-11T00:00:00Z,10.6899995803833,10.890000343322754,10.420000076293945,10.539999961853027,0
2018-06-12,2018-06-12T00:00:00Z,10.539999961853027,10.75,7.289999961853027,10.520000457763672,0
2018-06-13,2018-06-13T00:00:00Z,10.520000457763672,12.460000038146973,9.510000228881836,10.600000381469727,0
2018-06-14,2018-06-14T00:00:00Z,10.3100004196167,10.399999618530273,9.729999542236328,9.829999923706055,0
2018-06-15,2018-06-15T00:00:00Z,9.989999771118164,11.010000228881836,9.84000015258789,10.649999618530273,0
2018-06-18,2018-06-18T00:00:00Z,10.649999618530273,10.649999618530273,9.760000228881836,9.819999694824219,0
2018-06-19,2018-06-19T00:00:00Z,10.829999923706055,11.069999694824219,10.760000228881836,10.989999771118164,0
2018-06-20,2018-06-20T00:00:00Z,10.989999771118164,11.109999656677246,10.489999771118164,11.079999923706055,0
2018-06-21,2018-06-21T00:00:00Z,11.079999923706055,11.569999694824219,11.079999923706055,11.220000267028809,0
2018-06-22,2018-06-22T00:00:00Z,11.220000267028809,11.220000267028809,10.489999771118164,10.670000076293945,0
2018-06-25,2018-06-25T00:00:00Z,10.40999984741211,10.84000015258789,10.359999656677246,10.829999923706055,0
2018-06-26,2018-06-26T00:00:00Z,10.829999923706055,11.149999618530273,10.800000190734863,10.970000267028809,0
2018-06-27,2018-06-27T00:00:00Z,10.720000267028809,11.079999923706055,10.569999694824219,11.010000228881836,0
2018-06-28,2018-06-28T00:00:00Z,11.010000228881836,11.359999656677246,8.479999542236328,11.029999732971191,0
2018-06-29,2018-06-29T00:00:00Z,10.319999694824219,12.229999542236328,8.579999923706055,10.75,0
2018-07-02,2018-07-02T00:00:00Z,11.319999694824219,11.800000190734863,11.079999923706055,11.75,0
2018-07-03,2018-07-03T00:00:00Z,11.75,11.75,11.329999923706055,11.40999984741211,0
2018-07-05,2018-07-05T00:00:00Z,11.470000267028809,11.579999923706055,11.260000228881836,11.319999694824219,0
2018-07-06,2018-07-06T00:00:00Z,11.319999694824219,11.319999694824219,10.630000114440918,10.649999618530273,0
2018-07-09,2018-07-09T00:00:00Z,10.859999656677246,10.890000343322754,10.5,10.550000190734863,0
2018-07-10,2018-07-10T00:00:00Z,10.760000228881836,10.779999732971191,8.699999809265137,10.6899995803833,0
2018-07-11,2018-07-11T00:00:00Z,10.6899995803833,11.279999732971191,10.6899995803833,11.25,0
2018-07-12,2018-07-12T00:00:00Z,11.25,11.260000228881836,10.770000457763672,10.819999694824219,0
2018-07-13,2018-07-13T00:00:00Z,10.819999694824219,11.350000381469727,10.819999694824219,10.989999771118164,0
2018-07-16,2018-07-16T00:00:00Z,11.15999984741211,11.579999923706055,11.119999885559082,11.460000038146973,0
2018-07-17,2018-07-17T00:00:00Z,11.869999885559082,12.109999656677246,9.729999542236328,11.789999961853027,0
2018-07-18,2018-07-18T00:00:00Z,11.770000457763672,12.239999771118164,9.619999885559082,12.149999618530273,0
2018-07-19,2018-07-19T00:00:00Z,12.390000343322754,13.770000457763672,12.260000228881836,12.65999984741211,0
2018-07-20,2018-07-20T00:00:00Z,12.369999885559082,12.449999809265137,11.970000267028809,12.100000381469727,0
2018-07-23,2018-07-23T00:00:00Z,12.100000381469727,12.319999694824219,12.069999694824219,12.220000267028809,0
2018-07-24,2018-07-24T00:00:00Z,12.220000267028809,12.220000267028809,11.680000305175781,11.739999771118164,0
2018-07-25,2018-07-25T00:00:00Z,11.739999771118164,11.739999771118164,8.210000038146973,11.649999618530273,0
2018-07-26,2018-07-26T00:00:00Z,11.079999923706055,11.430000305175781,11.020000457763672,11.430000305175781,0
2018-07-27,2018-07-27T00:00:00Z,11.050000190734863,12.210000038146973,10.970000267028809,11.050000190734863,0
2018-07-30,2018-07-30T00:00:00Z,11.119999885559082,11.1899995803833,10.9399995803833,11.180000305175781,0
2018-07-31,2018-07-31T00:00:00Z,11.180000305175781,11.479999542236328,11.149999618530273,11.210000038146973,0
2018-08-01,2018-08-01T00:00:00Z,11.210000038146973,11.460000038146973,10.4399995803833,10.90999984741211,0
2018-08-02,2018-08-02T00:00:00Z,10.989999771118164,11.1899995803833,10.920000076293945,11.079999923706055,0
2018-08-03,2018-08-03T00:00:00Z,10.859999656677246,10.869999885559082,10.680000305175781,10.770000457763672,0
2018-08-06,2018-08-06T00:00:00Z,10.920000076293945,11.020000457763672,10.789999961853027,11.020000457763672,0
2018-08-07,2018-08-07T00:00:00Z,10.880000114440918,11.119999885559082,10.789999961853027,11.109999656677246,0
2018-08-08,2018-08-08T00:00:00Z,11.109999656677246,11.430000305175781,11.029999732971191,11.430000305175781,0
2018-08-09,2018-08-09T00:00:00Z,11.350000381469727,11.380000114440918,10.989999771118164,10.989999771118164,0
2018-08-10,2018-08-10T00:00:00Z,11.850000381469727,12.0,11.6899995803833,11.779999732971191,0
2018-08-13,2018-08-13T00:00:00Z,11.779999732971191,12.3100004196167,11.720000267028809,11.729999542236328,0
2018-08-14,2018-08-14T00:00:00Z,11.40999984741211,11.899999618530273,11.40999984741211,11.880000114440918,0
2018-08-15,2018-08-15T00:00:00Z,12.149999618530273,13.180000305175781,12.149999618530273,13.15999984741211,0
2018-08-16,2018-08-16T00:00:00Z,12.5,13.390000343322754,12.470000267028809,13.390000343322754,0
2018-08-17,2018-08-17T00:00:00Z,12.710000038146973,13.09000015258789,12.699999809265137,12.890000343322754,0
2018-08-20,2018-08-20T00:00:00Z,12.6899995803833,13.90999984741211,12.390000343322754,12.399999618530273,0
2018-08-21,2018-08-21T00:00:00Z,12.399999618530273,12.399999618530273,11.850000381469727,11.859999656677246,0
2018-08-22,2018-08-22T00:00:00Z,11.859999656677246,40.15999984741211,11.300000190734863,11.8100004196167,0
2018-08-23,2018-08-23T00:00:00Z,11.569999694824219,11.680000305175781,11.4399995803833,11.600000381469727,0
2018-08-24,2018-08-24T00:00:00Z,11.399999618530273,11.75,11.25,11.710000038146973,0
2018-08-27,2018-08-27T00:00:00Z,11.819999694824219,12.34000015258789,11.75,11.770000457763672,0
2018-08-28,2018-08-28T00:00:00Z,11.619999885559082,11.65999984741211,11.270000457763672,11.460000038146973,0
2018-08-29,2018-08-29T00:00:00Z,11.479999542236328,11.5600004196167,11.210000038146973,11.25,0
2018-08-30,2018-08-30T00:00:00Z,11.25,11.529999732971191,11.119999885559082,11.40999984741211,0
2018-08-31,2018-08-31T00:00:00Z,11.180000305175781,11.289999961853027,10.949999809265137,10.960000038146973,0
2018-09-04,2018-09-04T00:00:00Z,11.600000381469727,11.729999542236328,11.380000114440918,11.420000076293945,0
2018-09-05,2018-09-05T00:00:00Z,11.369999885559082,11.430000305175781,11.210000038146973,11.239999771118164,0
2018-09-06,2018-09-06T00:00:00Z,11.239999771118164,11.539999961853027,11.239999771118164,11.539999961853027,0
2018-09-07,2018-09-07T00:00:00Z,11.539999961853027,11.829999923706055,11.279999732971191,11.300000190734863,0
2018-09-10,2018-09-10T00:00:00Z,11.569999694824219,11.569999694824219,11.329999923706055,11.329999923706055,0
2018-09-11,2018-09-11T00:00:00Z,11.329999923706055,11.350000381469727,11.15999984741211,11.260000228881836,0
2018-09-12,2018-09-12T00:00:00Z,11.260000228881836,11.260000228881836,11.020000457763672,11.180000305175781,0
2018-09-13,2018-09-13T00:00:00Z,11.5,11.59000015258789,11.0,11.149999618530273,0
2018-09-14,2018-09-14T00:00:00Z,11.149999618530273,11.149999618530273,9.09000015258789,10.84000015258789,0
2018-09-17,2018-09-17T00:00:00Z,10.859999656677246,11.109999656677246,10.75,10.850000381469727,0
2018-09-18,2018-09-18T00:00:00Z,10.979999542236328,11.020000457763672,10.770000457763672,10.779999732971191,0
2018-09-19,2018-09-19T00:00:00Z,10.899999618530273,11.0,10.770000457763672,10.8100004196167,0
2018-09-20,2018-09-20T00:00:00Z,10.84000015258789,10.899999618530273,10.59000015258789,10.720000267028809,0
2018-09-21,2018-09-21T00:00:00Z,10.720000267028809,10.859999656677246,10.630000114440918,10.760000228881836,0
2018-09-24,2018-09-24T00:00:00Z,10.760000228881836,11.079999923706055,10.760000228881836,10.970000267028809,0
2018-09-25,2018-09-25T00:00:00Z,10.960000038146973,11.039999961853027,10.699999809265137,10.829999923706055,0
2018-09-26,2018-09-26T00:00:00Z,10.899999618530273,13.729999542236328,9.90999984741211,10.760000228881836,0
2018-09-27,2018-09-27T00:00:00Z,11.109999656677246,11.119999885559082,10.75,10.859999656677246,0
2018-09-28,2018-09-28T00:00:00Z,10.84000015258789,11.010000228881836,10.710000038146973,10.739999771118164,0
2018-10-01,2018-10-01T00:00:00Z,11.0600004196167,11.079999923706055,10.949999809265137,11.029999732971191,0
2018-10-02,2018-10-02T00:00:00Z,11.569999694824219,11.609999656677246,11.130000114440918,11.239999771118164,0
2018-10-03,2018-10-03T00:00:00Z,11.180000305175781,11.220000267028809,11.069999694824219,11.210000038146973,0
2018-10-04,2018-10-04T00:00:00Z,11.4399995803833,12.989999771118164,9.579999923706055,11.59000015258789,0
2018-10-05,2018-10-05T00:00:00Z,11.180000305175781,11.65999984741211,11.0600004196167,11.640000343322754,0
2018-10-08,2018-10-08T00:00:00Z,11.640000343322754,12.479999542236328,11.640000343322754,12.479999542236328,0
2018-10-09,2018-10-09T00:00:00Z,12.479999542236328,12.479999542236328,11.899999618530273,12.029999732971191,0
2018-10-10,2018-10-10T00:00:00Z,12.029999732971191,12.520000457763672,9.5600004196167,12.510000228881836,0
2018-10-11,2018-10-11T00:00:00Z,12.899999618530273,14.8100004196167,12.819999694824219,13.569999694824219,0
2018-10-12,2018-10-12T00:00:00Z,12.829999923706055,16.3700008392334,12.75,12.760000228881836,0
2018-10-15,2018-10-15T00:00:00Z,13.569999694824219,13.970000267028809,13.0600004196167,13.130000114440918,0
2018-10-16,2018-10-16T00:00:00Z,13.0,13.029999732971191,12.199999809265137,12.199999809265137,0
2018-10-17,2018-10-17T00:00:00Z,12.199999809265137,12.369999885559082,12.069999694824219,12.140000343322754,0
2018-10-18,2018-10-18T00:00:00Z,12.069999694824219,12.329999923706055,11.850000381469727,12.229999542236328,0
2018-10-19,2018-10-19T00:00:00Z,12.229999542236328,12.229999542236328,11.6899995803833,11.760000228881836,0
2018-10-22,2018-10-22T00:00:00Z,11.649999618530273,11.819999694824219,11.579999923706055,11.680000305175781,0
2018-10-23,2018-10-23T00:00:00Z,13.0,13.029999732971191,12.3100004196167,12.3100004196167,0
2018-10-24,2018-10-24T00:00:00Z,12.3100004196167,13.109999656677246,12.119999885559082,13.109999656677246,0
2018-10-25,2018-10-25T00:00:00Z,12.699999809265137,12.989999771118164,12.270000457763672,12.300000190734863,0
2018-10-26,2018-10-26T00:00:00Z,12.649999618530273,14.720000267028809,10.380000114440918,12.920000076293945,0
2018-10-29,2018-10-29T00:00:00Z,12.920000076293945,13.109999656677246,12.390000343322754,12.979999542236328,0
2018-10-30,2018-10-30T00:00:00Z,12.649999618530273,12.649999618530273,12.199999809265137,12.300000190734863,0
2018-10-31,2018-10-31T00:00:00Z,12.210000038146973,12.25,12.0,12.079999923706055,0
2018-11-01,2018-11-01T00:00:00Z,12.949999809265137,13.029999732971191,12.449999809265137,12.600000381469727,0
2018-11-02,2018-11-02T00:00:00Z,12.600000381469727,12.600000381469727,12.0600004196167,12.5,0
2018-11-05,2018-11-05T00:00:00Z,12.550000190734863,12.609999656677246,12.3100004196167,12.390000343322754,0
2018-11-06,2018-11-06T00:00:00Z,12.399999618530273,12.489999771118164,12.239999771118164,12.470000267028809,0
2018-11-07,2018-11-07T00:00:00Z,11.65999984741211,11.680000305175781,11.15999984741211,11.229999542236328,0
2018-11-08,2018-11-08T00:00:00Z,11.210000038146973,11.40999984741211,11.010000228881836,11.40999984741211,0
2018-11-09,2018-11-09T00:00:00Z,11.319999694824219,11.800000190734863,11.279999732971191,11.4399995803833,0
2018-11-12,2018-11-12T00:00:00Z,11.899999618530273,12.15999984741211,11.869999885559082,12.130000114440918,0
2018-11-13,2018-11-13T00:00:00Z,12.100000381469727,12.199999809265137,12.029999732971191,12.1899995803833,0
2018-11-14,2018-11-14T00:00:00Z,11.979999542236328,13.0,11.880000114440918,12.880000114440918,0
2018-11-15,2018-11-15T00:00:00Z,12.920000076293945,13.380000114440918,12.109999656677246,12.119999885559082,0
2018-11-16,2018-11-16T00:00:00Z,13.039999961853027,13.140000343322754,11.989999771118164,12.050000190734863,0
2018-11-19,2018-11-19T00:00:00Z,12.170000076293945,17.510000228881836,12.0,12.569999694824219,0
2018-11-20,2018-11-20T00:00:00Z,12.59000015258789,12.789999961853027,12.449999809265137,12.630000114440918,0
2018-11-21,2018-11-21T00:00:00Z,12.359999656677246,12.930000305175781,12.109999656677246,12.119999885559082,0
2018-11-23,2018-11-23T00:00:00Z,12.210000038146973,12.25,12.0600004196167,12.100000381469727,0
2018-11-26,2018-11-26T00:00:00Z,12.100000381469727,12.100000381469727,11.710000038146973,11.829999923706055,0
2018-11-27,2018-11-27T00:00:00Z,11.829999923706055,14.649999618530273,11.510000228881836,12.010000228881836,0
2018-11-28,2018-11-28T00:00:00Z,11.550000190734863,28.110000610351562,11.0,11.430000305175781,0
2018-11-29,2018-11-29T00:00:00Z,11.8100004196167,14.789999961853027,8.729999542236328,11.390000343322754,0
2018-11-30,2018-11-30T00:00:00Z,11.390000343322754,11.399999618530273,11.119999885559082,11.260000228881836,0
2018-12-03,2018-12-03T00:00:00Z,11.529999732971191,11.600000381469727,10.90999984741211,10.930000305175781,0
2018-12-04,2018-12-04T00:00:00Z,11.510000228881836,11.649999618530273,11.210000038146973,11.630000114440918,0
2018-12-06,2018-12-06T00:00:00Z,11.9399995803833,12.5600004196167,11.479999542236328,11.609999656677246,0
2018-12-07,2018-12-07T00:00:00Z,11.609999656677246,12.369999885559082,11.15999984741211,12.220000267028809,0
2018-12-10,2018-12-10T00:00:00Z,12.079999923706055,12.079999923706055,11.890000343322754,12.039999961853027,0
2018-12-11,2018-12-11T00:00:00Z,11.229999542236328,11.479999542236328,11.180000305175781,11.460000038146973,0
2018-12-12,2018-12-12T00:00:00Z,11.100000381469727,11.40999984741211,10.890000343322754,11.289999961853027,0
2018-12-13,2018-12-13T00:00:00Z,10.920000076293945,10.9399995803833,10.489999771118164,10.6899995803833,0
2018-12-14,2018-12-14T00:00:00Z,10.6899995803833,11.0600004196167,10.5600004196167,10.770000457763672,0
2018-12-17,2018-12-17T00:00:00Z,11.050000190734863,12.0600004196167,10.970000267028809,11.75,0
2018-12-18,2018-12-18T00:00:00Z,11.699999809265137,12.3100004196167,11.579999923706055,12.180000305175781,0
2018-12-19,2018-12-19T00:00:00Z,12.100000381469727,12.699999809265137,10.779999732971191,11.399999618530273,0
2018-12-20,2018-12-20T00:00:00Z,12.84000015258789,13.3100004196167,11.9399995803833,12.449999809265137,0
2018-12-21,2018-12-21T00:00:00Z,11.649999618530273,12.079999923706055,11.149999618530273,11.970000267028809,0
2018-12-24,2018-12-24T00:00:00Z,13.300000190734863,14.829999923706055,13.279999732971191,14.800000190734863,0
2018-12-26,2018-12-26T00:00:00Z,16.229999542236328,16.600000381469727,14.289999961853027,14.470000267028809,0
2018-12-27,2018-12-27T00:00:00Z,15.1899995803833,16.010000228881836,14.020000457763672,15.180000305175781,0
2018-12-28,2018-12-28T00:00:00Z,15.180000305175781,15.180000305175781,13.859999656677246,14.5600004196167,0
2018-12-31,2018-12-31T00:00:00Z,14.050000190734863,14.079999923706055,13.359999656677246,13.479999542236328,0
2019-01-02,2019-01-02T00:00:00Z,13.510000228881836,13.760000228881836,12.569999694824219,13.180000305175781,0
2019-01-03,2019-01-03T00:00:00Z,13.34000015258789,13.770000457763672,13.25,13.770000457763672,0
2019-01-04,2019-01-04T00:00:00Z,11.90999984741211,14.5,11.579999923706055,12.039999961853027,0
2019-01-07,2019-01-07T00:00:00Z,12.350000381469727,12.350000381469727,10.079999923706055,11.65999984741211,0
2019-01-08,2019-01-08T00:00:00Z,11.050000190734863,11.329999923706055,10.930000305175781,11.15999984741211,0
2019-01-09,2019-01-09T00:00:00Z,11.119999885559082,12.600000381469727,10.3100004196167,11.6899995803833,0
2019-01-10,2019-01-10T00:00:00Z,11.6899995803833,11.6899995803833,10.920000076293945,10.949999809265137,0
2019-01-11,2019-01-11T00:00:00Z,10.880000114440918,11.0,10.579999923706055,11.0,0
2019-01-14,2019-01-14T00:00:00Z,11.279999732971191,11.359999656677246,10.930000305175781,11.0600004196167,0
2019-01-15,2019-01-15T00:00:00Z,11.25,11.270000457763672,10.960000038146973,11.0600004196167,0
2019-01-16,2019-01-16T00:00:00Z,11.0600004196167,11.279999732971191,11.010000228881836,11.079999923706055,0
2019-01-17,2019-01-17T00:00:00Z,11.010000228881836,11.09000015258789,10.760000228881836,10.899999618530273,0
2019-01-18,2019-01-18T00:00:00Z,11.130000114440918,11.359999656677246,10.770000457763672,11.119999885559082,0
2019-01-22,2019-01-22T00:00:00Z,10.640000343322754,10.949999809265137,10.430000305175781,10.770000457763672,0
2019-01-23,2019-01-23T00:00:00Z,10.770000457763672,10.770000457763672,10.460000038146973,10.609999656677246,0
2019-01-24,2019-01-24T00:00:00Z,10.5,10.680000305175781,10.319999694824219,10.369999885559082,0
2019-01-25,2019-01-25T00:00:00Z,10.369999885559082,11.34000015258789,10.369999885559082,11.119999885559082,0
2019-01-28,2019-01-28T00:00:00Z,11.119999885559082,11.34000015258789,10.859999656677246,11.039999961853027,0
2019-01-29,2019-01-29T00:00:00Z,11.039999961853027,11.350000381469727,10.829999923706055,11.25,0
2019-01-30,2019-01-30T00:00:00Z,11.25,18.6200008392334,10.279999732971191,11.140000343322754,0
2019-01-31,2019-01-31T00:00:00Z,11.649999618530273,11.649999618530273,10.609999656677246,10.739999771118164,0
2019-02-01,2019-02-01T00:00:00Z,10.739999771118164,10.739999771118164,10.09000015258789,10.119999885559082,0
2019-02-04,2019-02-04T00:00:00Z,10.119999885559082,10.449999809265137,10.109999656677246,10.109999656677246,0
2019-02-05,2019-02-05T00:00:00Z,10.220000267028809,10.300000190734863,10.029999732971191,10.140000343322754,0
2019-02-06,2019-02-06T00:00:00Z,10.140000343322754,10.140000343322754,9.65999984741211,9.760000228881836,0
2019-02-07,2019-02-07T00:00:00Z,9.760000228881836,10.010000228881836,9.670000076293945,9.720000267028809,0
2019-02-08,2019-02-08T00:00:00Z,9.720000267028809,10.020000457763672,9.720000267028809,9.890000343322754,0
2019-02-11,2019-02-11T00:00:00Z,9.890000343322754,10.390000343322754,9.890000343322754,10.180000305175781,0
2019-02-12,2019-02-12T00:00:00Z,10.180000305175781,10.180000305175781,9.829999923706055,10.029999732971191,0
2019-02-13,2019-02-13T00:00:00Z,10.029999732971191,10.119999885559082,9.4399995803833,9.550000190734863,0
2019-02-14,2019-02-14T00:00:00Z,9.550000190734863,9.960000038146973,9.550000190734863,9.920000076293945,0
2019-02-15,2019-02-15T00:00:00Z,9.920000076293945,10.199999809265137,9.739999771118164,10.15999984741211,0
2019-02-19,2019-02-19T00:00:00Z,10.15999984741211,11.649999618530273,10.15999984741211,11.390000343322754,0
2019-02-20,2019-02-20T00:00:00Z,11.390000343322754,17.399999618530273,10.850000381469727,10.920000076293945,0
2019-02-21,2019-02-21T00:00:00Z,10.920000076293945,10.920000076293945,10.09000015258789,10.289999961853027,0
2019-02-22,2019-02-22T00:00:00Z,10.15999984741211,10.220000267028809,9.949999809265137,10.020000457763672,0
2019-02-25,2019-02-25T00:00:00Z,10.300000190734863,10.359999656677246,9.90999984741211,9.90999984741211,0
2019-02-26,2019-02-26T00:00:00Z,9.90999984741211,9.930000305175781,9.489999771118164,9.859999656677246,0
2019-02-27,2019-02-27T00:00:00Z,9.859999656677246,9.880000114440918,8.760000228881836,9.720000267028809,0
2019-02-28,2019-02-28T00:00:00Z,9.720000267028809,9.739999771118164,9.470000267028809,9.520000457763672,0
2019-03-01,2019-03-01T00:00:00Z,9.550000190734863,10.210000038146973,9.220000267028809,10.199999809265137,0
2019-03-04,2019-03-04T00:00:00Z,10.199999809265137,10.479999542236328,10.199999809265137,10.260000228881836,0
2019-03-05,2019-03-05T00:00:00Z,10.260000228881836,10.289999961853027,10.0,10.1899995803833,0
2019-03-06,2019-03-06T00:00:00Z,10.1899995803833,10.220000267028809,9.949999809265137,10.130000114440918,0
2019-03-07,2019-03-07T00:00:00Z,10.130000114440918,10.6899995803833,10.09000015258789,10.359999656677246,0
2019-03-08,2019-03-08T00:00:00Z,10.359999656677246,10.779999732971191,10.25,10.510000228881836,0
2019-03-11,2019-03-11T00:00:00Z,10.510000228881836,10.5600004196167,9.949999809265137,10.180000305175781,0
2019-03-12,2019-03-12T00:00:00Z,10.180000305175781,10.180000305175781,9.760000228881836,10.079999923706055,0
2019-03-13,2019-03-13T00:00:00Z,10.079999923706055,10.199999809265137,9.9399995803833,10.140000343322754,0
2019-03-14,2019-03-14T00:00:00Z,10.140000343322754,10.140000343322754,9.739999771118164,10.079999923706055,0
2019-03-15,2019-03-15T00:00:00Z,10.079999923706055,10.079999923706055,9.619999885559082,10.010000228881836,0
2019-03-18,2019-03-18T00:00:00Z,10.010000228881836,10.010000228881836,9.770000457763672,9.789999961853027,0
2019-03-19,2019-03-19T00:00:00Z,9.789999961853027,9.880000114440918,9.649999618530273,9.819999694824219,0
2019-03-20,2019-03-20T00:00:00Z,9.819999694824219,23.56999969482422,9.420000076293945,10.149999618530273,0
2019-03-21,2019-03-21T00:00:00Z,9.9399995803833,10.199999809265137,9.65999984741211,10.199999809265137,0
2019-03-22,2019-03-22T00:00:00Z,10.199999809265137,10.359999656677246,9.989999771118164,10.3100004196167,0
2019-03-25,2019-03-25T00:00:00Z,10.3100004196167,10.979999542236328,10.3100004196167,10.770000457763672,0
2019-03-26,2019-03-26T00:00:00Z,10.770000457763672,10.770000457763672,10.109999656677246,10.180000305175781,0
2019-03-27,2019-03-27T00:00:00Z,10.180000305175781,10.529999732971191,10.130000114440918,10.359999656677246,0
2019-03-28,2019-03-28T00:00:00Z,10.359999656677246,10.739999771118164,10.270000457763672,10.350000381469727,0
2019-03-29,2019-03-29T00:00:00Z,10.350000381469727,10.350000381469727,9.819999694824219,9.9399995803833,0
2019-04-01,2019-04-01T00:00:00Z,10.34000015258789,10.34000015258789,10.050000190734863,10.130000114440918,0
2019-04-02,2019-04-02T00:00:00Z,10.130000114440918,10.130000114440918,9.800000190734863,9.8100004196167,0
2019-04-03,2019-04-03T00:00:00Z,9.8100004196167,9.819999694824219,9.630000114440918,9.6899995803833,0
2019-04-04,2019-04-04T00:00:00Z,9.6899995803833,10.0,9.6899995803833,9.920000076293945,0
2019-04-05,2019-04-05T00:00:00Z,9.899999618530273,9.970000267028809,9.630000114440918,9.649999618530273,0
2019-04-08,2019-04-08T00:00:00Z,9.649999618530273,10.199999809265137,9.649999618530273,9.710000038146973,0
2019-04-09,2019-04-09T00:00:00Z,9.760000228881836,9.779999732971191,9.479999542236328,9.550000190734863,0
2019-04-10,2019-04-10T00:00:00Z,9.550000190734863,9.819999694824219,9.289999961853027,9.449999809265137,0
2019-04-11,2019-04-11T00:00:00Z,9.449999809265137,9.609999656677246,9.289999961853027,9.59000015258789,0
2019-04-12,2019-04-12T00:00:00Z,9.25,9.319999694824219,9.069999694824219,9.279999732971191,0
2019-04-15,2019-04-15T00:00:00Z,9.5,9.600000381469727,9.449999809265137,9.569999694824219,0
2019-04-16,2019-04-16T00:00:00Z,9.569999694824219,10.029999732971191,9.569999694824219,9.779999732971191,0
2019-04-17,2019-04-17T00:00:00Z,9.779999732971191,9.779999732971191,9.289999961853027,9.390000343322754,0
2019-04-18,2019-04-18T00:00:00Z,9.149999618530273,9.149999618530273,8.84000015258789,8.960000038146973,0
2019-04-22,2019-04-22T00:00:00Z,9.359999656677246,9.569999694824219,9.270000457763672,9.5600004196167,0
2019-04-23,2019-04-23T00:00:00Z,9.8100004196167,9.819999694824219,9.510000228881836,9.539999961853027,0
2019-04-24,2019-04-24T00:00:00Z,9.529999732971191,9.579999923706055,9.449999809265137,9.479999542236328,0
2019-04-25,2019-04-25T00:00:00Z,9.479999542236328,9.479999542236328,9.15999984741211,9.350000381469727,0
2019-04-26,2019-04-26T00:00:00Z,9.199999809265137,9.359999656677246,9.069999694824219,9.279999732971191,0
2019-04-29,2019-04-29T00:00:00Z,9.279999732971191,9.619999885559082,9.279999732971191,9.460000038146973,0
2019-04-30,2019-04-30T00:00:00Z,9.460000038146973,9.5,9.3100004196167,9.319999694824219,0
2019-05-01,2019-05-01T00:00:00Z,9.34000015258789,9.600000381469727,8.239999771118164,9.1899995803833,0
2019-05-02,2019-05-02T00:00:00Z,9.479999542236328,9.510000228881836,9.0600004196167,9.079999923706055,0
2019-05-03,2019-05-03T00:00:00Z,9.079999923706055,9.130000114440918,8.630000114440918,8.890000343322754,0
2019-05-06,2019-05-06T00:00:00Z,8.890000343322754,9.40999984741211,8.890000343322754,9.260000228881836,0
2019-05-07,2019-05-07T00:00:00Z,9.3100004196167,9.869999885559082,9.289999961853027,9.739999771118164,0
2019-05-08,2019-05-08T00:00:00Z,9.739999771118164,9.949999809265137,9.729999542236328,9.779999732971191,0
2019-05-09,2019-05-09T00:00:00Z,10.069999694824219,10.510000228881836,9.890000343322754,9.960000038146973,0
2019-05-10,2019-05-10T00:00:00Z,9.680000305175781,9.779999732971191,9.09000015258789,9.329999923706055,0
2019-05-13,2019-05-13T00:00:00Z,10.8100004196167,10.819999694824219,10.460000038146973,10.510000228881836,0
2019-05-14,2019-05-14T00:00:00Z,10.039999961853027,10.039999961853027,9.619999885559082,9.760000228881836,0
2019-05-15,2019-05-15T00:00:00Z,9.890000343322754,9.90999984741211,9.399999618530273,9.449999809265137,0
2019-05-16,2019-05-16T00:00:00Z,9.40999984741211,9.40999984741211,9.140000343322754,9.15999984741211,0
2019-05-17,2019-05-17T00:00:00Z,9.079999923706055,9.239999771118164,8.989999771118164,9.15999984741211,0
2019-05-20,2019-05-20T00:00:00Z,9.140000343322754,9.420000076293945,9.0600004196167,9.15999984741211,0
2019-05-21,2019-05-21T00:00:00Z,9.100000381469727,9.170000076293945,8.979999542236328,8.989999771118164,0
2019-05-22,2019-05-22T00:00:00Z,8.90999984741211,9.069999694824219,7.679999828338623,9.039999961853027,0
2019-05-23,2019-05-23T00:00:00Z,9.170000076293945,9.670000076293945,9.15999984741211,9.470000267028809,0
2019-05-24,2019-05-24T00:00:00Z,9.0,9.15999984741211,8.930000305175781,9.0,0
2019-05-28,2019-05-28T00:00:00Z,9.100000381469727,9.210000038146973,9.020000457763672,9.199999809265137,0
2019-05-29,2019-05-29T00:00:00Z,9.199999809265137,9.289999961853027,8.859999656677246,8.880000114440918,0
2019-05-30,2019-05-30T00:00:00Z,9.029999732971191,9.300000190734863,8.8100004196167,9.300000190734863,0
2019-05-31,2019-05-31T00:00:00Z,9.710000038146973,10.350000381469727,9.479999542236328,10.329999923706055,0
2019-06-03,2019-06-03T00:00:00Z,10.829999923706055,12.039999961853027,9.390000343322754,11.789999961853027,0
2019-06-04,2019-06-04T00:00:00Z,10.569999694824219,10.859999656677246,10.350000381469727,10.65999984741211,0
2019-06-05,2019-06-05T00:00:00Z,11.789999961853027,11.84000015258789,11.100000381469727,11.260000228881836,0
2019-06-06,2019-06-06T00:00:00Z,11.260000228881836,11.829999923706055,10.319999694824219,11.619999885559082,0
2019-06-07,2019-06-07T00:00:00Z,11.930000305175781,12.300000190734863,11.260000228881836,11.40999984741211,0
2019-06-10,2019-06-10T00:00:00Z,11.40999984741211,11.40999984741211,10.819999694824219,10.869999885559082,0
2019-06-11,2019-06-11T00:00:00Z,10.75,10.84000015258789,10.5,10.520000457763672,0
2019-06-12,2019-06-12T00:00:00Z,10.600000381469727,11.239999771118164,10.600000381469727,11.0600004196167,0
2019-06-13,2019-06-13T00:00:00Z,11.170000076293945,17.56999969482422,11.149999618530273,11.680000305175781,0
2019-06-14,2019-06-14T00:00:00Z,11.819999694824219,12.40999984741211,10.420000076293945,11.899999618530273,0
2019-06-17,2019-06-17T00:00:00Z,11.899999618530273,12.329999923706055,11.760000228881836,11.989999771118164,0
2019-06-18,2019-06-18T00:00:00Z,13.039999961853027,13.170000076293945,12.1899995803833,12.399999618530273,0
2019-06-19,2019-06-19T00:00:00Z,12.529999732971191,14.289999961853027,12.260000228881836,12.40999984741211,0
2019-06-20,2019-06-20T00:00:00Z,15.609999656677246,15.90999984741211,14.8100004196167,15.6899995803833,0
2019-06-21,2019-06-21T00:00:00Z,15.470000267028809,15.579999923706055,14.770000457763672,15.539999961853027,0
2019-06-24,2019-06-24T00:00:00Z,15.5600004196167,17.09000015258789,15.5600004196167,16.799999237060547,0
2019-06-25,2019-06-25T00:00:00Z,16.799999237060547,17.770000457763672,16.799999237060547,17.079999923706055,0
2019-06-26,2019-06-26T00:00:00Z,16.309999465942383,16.329999923706055,15.75,15.880000114440918,0
2019-06-27,2019-06-27T00:00:00Z,15.3100004196167,15.600000381469727,15.010000228881836,15.569999694824219,0
2019-06-28,2019-06-28T00:00:00Z,15.569999694824219,16.219999313354492,15.569999694824219,15.989999771118164,0
2019-07-01,2019-07-01T00:00:00Z,15.199999809265137,15.199999809265137,14.050000190734863,14.079999923706055,0
2019-07-02,2019-07-02T00:00:00Z,13.239999771118164,15.84000015258789,13.239999771118164,15.800000190734863,0
2019-07-03,2019-07-03T00:00:00Z,15.829999923706055,16.15999984741211,15.539999961853027,15.890000343322754,0
2019-07-05,2019-07-05T00:00:00Z,15.890000343322754,15.890000343322754,14.170000076293945,15.069999694824219,0
2019-07-08,2019-07-08T00:00:00Z,14.399999618530273,15.470000267028809,12.979999542236328,12.989999771118164,0
2019-07-09,2019-07-09T00:00:00Z,12.75,13.869999885559082,12.600000381469727,13.449999809265137,0
2019-07-10,2019-07-10T00:00:00Z,14.069999694824219,15.029999732971191,12.720000267028809,15.010000228881836,0
2019-07-11,2019-07-11T00:00:00Z,14.079999923706055,14.149999618530273,13.369999885559082,13.640000343322754,0
2019-07-12,2019-07-12T00:00:00Z,13.640000343322754,14.710000038146973,13.640000343322754,14.649999618530273,0
2019-07-15,2019-07-15T00:00:00Z,14.739999771118164,15.079999923706055,14.569999694824219,14.899999618530273,0
2019-07-16,2019-07-16T00:00:00Z,14.720000267028809,14.819999694824219,13.6899995803833,14.319999694824219,0
2019-07-17,2019-07-17T00:00:00Z,14.369999885559082,16.020000457763672,14.329999923706055,16.020000457763672,0
2019-07-18,2019-07-18T00:00:00Z,16.049999237060547,17.59000015258789,15.989999771118164,17.450000762939453,0
2019-07-19,2019-07-19T00:00:00Z,15.539999961853027,16.170000076293945,10.220000267028809,15.829999923706055,0
2019-07-22,2019-07-22T00:00:00Z,15.789999961853027,15.970000267028809,14.829999923706055,14.890000343322754,0
2019-07-23,2019-07-23T00:00:00Z,14.989999771118164,15.130000114440918,13.399999618530273,14.279999732971191,0
2019-07-24,2019-07-24T00:00:00Z,14.279999732971191,15.109999656677246,14.279999732971191,14.550000190734863,0
2019-07-25,2019-07-25T00:00:00Z,14.479999542236328,14.479999542236328,11.300000190734863,13.539999961853027,0
2019-07-26,2019-07-26T00:00:00Z,13.539999961853027,13.710000038146973,12.239999771118164,12.3100004196167,0
2019-07-29,2019-07-29T00:00:00Z,13.0600004196167,13.729999542236328,12.449999809265137,13.59000015258789,0
2019-07-30,2019-07-30T00:00:00Z,13.65999984741211,14.520000457763672,13.319999694824219,14.510000228881836,0
2019-07-31,2019-07-31T00:00:00Z,14.40999984741211,17.90999984741211,9.970000267028809,13.210000038146973,0
2019-08-01,2019-08-01T00:00:00Z,11.930000305175781,16.010000228881836,11.6899995803833,16.010000228881836,0
2019-08-02,2019-08-02T00:00:00Z,14.579999923706055,15.989999771118164,14.579999923706055,15.0,0
2019-08-05,2019-08-05T00:00:00Z,17.540000915527344,18.170000076293945,14.390000343322754,16.90999984741211,0
2019-08-06,2019-08-06T00:00:00Z,16.90999984741211,16.940000534057617,15.710000038146973,16.020000457763672,0
2019-08-07,2019-08-07T00:00:00Z,16.020000457763672,18.8700008392334,16.020000457763672,18.15999984741211,0
2019-08-08,2019-08-08T00:00:00Z,18.15999984741211,18.15999984741211,15.210000038146973,17.530000686645508,0
2019-08-09,2019-08-09T00:00:00Z,16.700000762939453,17.3700008392334,16.459999084472656,16.639999389648438,0
2019-08-12,2019-08-12T00:00:00Z,16.639999389648438,19.459999084472656,15.970000267028809,18.459999084472656,0
2019-08-13,2019-08-13T00:00:00Z,18.459999084472656,24.59000015258789,13.800000190734863,17.920000076293945,0
2019-08-14,2019-08-14T00:00:00Z,18.459999084472656,19.229999542236328,17.8799991607666,18.190000534057617,0
2019-08-15,2019-08-15T00:00:00Z,18.209999084472656,19.020000457763672,17.700000762939453,18.719999313354492,0
2019-08-16,2019-08-16T00:00:00Z,17.049999237060547,18.18000030517578,16.329999923706055,16.860000610351562,0
2019-08-19,2019-08-19T00:00:00Z,16.860000610351562,16.860000610351562,14.739999771118164,14.9399995803833,0
2019-08-20,2019-08-20T00:00:00Z,14.9399995803833,15.850000381469727,14.9399995803833,15.420000076293945,0
2019-08-21,2019-08-21T00:00:00Z,15.220000267028809,19.790000915527344,10.979999542236328,15.130000114440918,0
2019-08-22,2019-08-22T00:00:00Z,15.3100004196167,15.699999809265137,15.289999961853027,15.350000381469727,0
2019-08-23,2019-08-23T00:00:00Z,15.350000381469727,20.459999084472656,12.350000381469727,18.360000610351562,0
2019-08-26,2019-08-26T00:00:00Z,18.360000610351562,18.360000610351562,17.1299991607666,17.540000915527344,0
2019-08-27,2019-08-27T00:00:00Z,17.6200008392334,18.530000686645508,16.93000030517578,17.34000015258789,0
2019-08-28,2019-08-28T00:00:00Z,17.610000610351562,17.860000610351562,16.799999237060547,16.829999923706055,0
2019-08-29,2019-08-29T00:00:00Z,17.290000915527344,17.290000915527344,14.380000114440918,16.309999465942383,0
2019-08-30,2019-08-30T00:00:00Z,15.890000343322754,16.729999542236328,14.859999656677246,15.449999809265137,0
2019-09-03,2019-09-03T00:00:00Z,16.65999984741211,17.799999237060547,16.450000762939453,16.860000610351562,0
2019-09-04,2019-09-04T00:00:00Z,16.709999084472656,17.579999923706055,16.68000030517578,17.270000457763672,0
2019-09-05,2019-09-05T00:00:00Z,16.34000015258789,28.639999389648438,12.100000381469727,15.720000267028809,0
2019-09-06,2019-09-06T00:00:00Z,15.720000267028809,15.720000267028809,12.619999885559082,14.75,0
2019-09-09,2019-09-09T00:00:00Z,14.880000114440918,15.25,12.640000343322754,14.760000228881836,0
2019-09-10,2019-09-10T00:00:00Z,14.800000190734863,16.260000228881836,12.710000038146973,14.619999885559082,0
2019-09-11,2019-09-11T00:00:00Z,14.25,15.010000228881836,13.84000015258789,14.949999809265137,0
2019-09-12,2019-09-12T00:00:00Z,14.949999809265137,17.639999389648438,12.8100004196167,15.069999694824219,0
2019-09-13,2019-09-13T00:00:00Z,14.84000015258789,14.989999771118164,12.479999542236328,14.9399995803833,0
2019-09-16,2019-09-16T00:00:00Z,15.770000457763672,16.239999771118164,15.350000381469727,16.06999969482422,0
2019-09-17,2019-09-17T00:00:00Z,16.06999969482422,16.5,15.5,15.90999984741211,0
2019-09-18,2019-09-18T00:00:00Z,15.90999984741211,26.649999618530273,12.079999923706055,15.100000381469727,0
2019-09-19,2019-09-19T00:00:00Z,14.90999984741211,15.149999618530273,14.279999732971191,15.130000114440918,0
2019-09-20,2019-09-20T00:00:00Z,15.010000228881836,17.09000015258789,14.850000381469727,16.790000915527344,0
2019-09-23,2019-09-23T00:00:00Z,16.790000915527344,16.920000076293945,16.739999771118164,16.920000076293945,0
2019-09-24,2019-09-24T00:00:00Z,15.84000015258789,20.469999313354492,15.4399995803833,17.219999313354492,0
2019-09-25,2019-09-25T00:00:00Z,17.219999313354492,21.68000030517578,15.350000381469727,15.619999885559082,0
2019-09-26,2019-09-26T00:00:00Z,15.34000015258789,15.569999694824219,14.779999732971191,15.109999656677246,0
2019-09-27,2019-09-27T00:00:00Z,14.40999984741211,15.430000305175781,13.199999809265137,14.960000038146973,0
2019-09-30,2019-09-30T00:00:00Z,14.960000038146973,15.489999771118164,10.800000190734863,15.369999885559082,0
2019-10-01,2019-10-01T00:00:00Z,15.3100004196167,16.469999313354492,15.020000457763672,15.609999656677246,0
2019-10-02,2019-10-02T00:00:00Z,16.309999465942383,17.389999389648438,15.739999771118164,15.75,0
2019-10-03,2019-10-03T00:00:00Z,16.040000915527344,17.459999084472656,14.270000457763672,16.329999923706055,0
2019-10-04,2019-10-04T00:00:00Z,16.329999923706055,16.420000076293945,15.25,15.260000228881836,0
2019-10-07,2019-10-07T00:00:00Z,15.260000228881836,15.829999923706055,15.220000267028809,15.4399995803833,0
2019-10-08,2019-10-08T00:00:00Z,16.139999389648438,16.239999771118164,15.319999694824219,16.209999084472656,0
2019-10-09,2019-10-09T00:00:00Z,15.84000015258789,16.469999313354492,15.579999923706055,15.729999542236328,0
2019-10-10,2019-10-10T00:00:00Z,15.640000343322754,15.829999923706055,14.970000267028809,15.699999809265137,0
2019-10-11,2019-10-11T00:00:00Z,15.680000305175781,15.970000267028809,15.489999771118164,15.720000267028809,0
2019-10-14,2019-10-14T00:00:00Z,15.859999656677246,16.020000457763672,15.609999656677246,15.649999618530273,0
2019-10-15,2019-10-15T00:00:00Z,15.420000076293945,15.5600004196167,15.029999732971191,15.079999923706055,0
2019-10-16,2019-10-16T00:00:00Z,15.149999618530273,15.210000038146973,13.84000015258789,14.9399995803833,0
2019-10-17,2019-10-17T00:00:00Z,14.9399995803833,15.25,14.800000190734863,14.84000015258789,0
2019-10-18,2019-10-18T00:00:00Z,14.770000457763672,15.0,14.649999618530273,14.850000381469727,0
2019-10-21,2019-10-21T00:00:00Z,14.739999771118164,14.75,14.050000190734863,14.050000190734863,0
2019-10-22,2019-10-22T00:00:00Z,13.930000305175781,14.039999961853027,13.630000114440918,13.670000076293945,0
2019-10-23,2019-10-23T00:00:00Z,13.720000267028809,13.920000076293945,13.069999694824219,13.229999542236328,0
2019-10-24,2019-10-24T00:00:00Z,13.229999542236328,14.039999961853027,13.229999542236328,13.970000267028809,0
2019-10-25,2019-10-25T00:00:00Z,14.739999771118164,14.75,12.920000076293945,13.479999542236328,0
2019-10-28,2019-10-28T00:00:00Z,13.479999542236328,13.8100004196167,13.270000457763672,13.779999732971191,0
2019-10-29,2019-10-29T00:00:00Z,13.40999984741211,13.569999694824219,13.220000267028809,13.460000038146973,0
2019-10-30,2019-10-30T00:00:00Z,13.460000038146973,14.789999961853027,10.079999923706055,13.170000076293945,0
2019-10-31,2019-10-31T00:00:00Z,13.09000015258789,13.920000076293945,13.069999694824219,13.390000343322754,0
2019-11-01,2019-11-01T00:00:00Z,13.0,13.100000381469727,12.569999694824219,12.859999656677246,0
2019-11-04,2019-11-04T00:00:00Z,12.859999656677246,12.859999656677246,12.289999961853027,12.449999809265137,0
2019-11-05,2019-11-05T00:00:00Z,12.180000305175781,12.630000114440918,11.859999656677246,12.430000305175781,0
2019-11-06,2019-11-06T00:00:00Z,12.130000114440918,12.430000305175781,11.960000038146973,12.039999961853027,0
2019-11-07,2019-11-07T00:00:00Z,12.039999961853027,13.270000457763672,12.039999961853027,12.350000381469727,0
2019-11-08,2019-11-08T00:00:00Z,12.210000038146973,12.649999618530273,11.680000305175781,12.270000457763672,0
2019-11-11,2019-11-11T00:00:00Z,12.380000114440918,13.239999771118164,12.260000228881836,12.869999885559082,0
2019-11-12,2019-11-12T00:00:00Z,12.399999618530273,12.510000228881836,11.6899995803833,11.90999984741211,0
2019-11-13,2019-11-13T00:00:00Z,11.930000305175781,11.960000038146973,11.40999984741211,11.5600004196167,0
2019-11-14,2019-11-14T00:00:00Z,11.5600004196167,18.969999313354492,11.430000305175781,11.829999923706055,0
2019-11-15,2019-11-15T00:00:00Z,11.420000076293945,11.4399995803833,11.119999885559082,11.229999542236328,0
2019-11-18,2019-11-18T00:00:00Z,11.829999923706055,11.9399995803833,11.510000228881836,11.550000190734863,0
2019-11-19,2019-11-19T00:00:00Z,11.319999694824219,11.649999618530273,11.270000457763672,11.5,0
2019-11-20,2019-11-20T00:00:00Z,11.630000114440918,11.819999694824219,11.25,11.550000190734863,0
2019-11-21,2019-11-21T00:00:00Z,11.289999961853027,11.380000114440918,11.0,11.369999885559082,0
2019-11-22,2019-11-22T00:00:00Z,11.039999961853027,11.369999885559082,11.0,11.319999694824219,0
2019-11-25,2019-11-25T00:00:00Z,11.539999961853027,11.5600004196167,11.020000457763672,11.149999618530273,0
2019-11-26,2019-11-26T00:00:00Z,10.670000076293945,10.869999885559082,10.579999923706055,10.760000228881836,0
2019-11-27,2019-11-27T00:00:00Z,10.390000343322754,10.4399995803833,10.15999984741211,10.300000190734863,0
2019-11-29,2019-11-29T00:00:00Z,10.25,10.729999542236328,10.229999542236328,10.710000038146973,0
2019-12-02,2019-12-02T00:00:00Z,10.579999923706055,11.0600004196167,10.489999771118164,10.770000457763672,0
2019-12-03,2019-12-03T00:00:00Z,12.09000015258789,12.569999694824219,11.899999618530273,12.149999618530273,0
2019-12-04,2019-12-04T00:00:00Z,11.970000267028809,11.979999542236328,11.359999656677246,11.569999694824219,0
2019-12-05,2019-12-05T00:00:00Z,11.34000015258789,11.479999542236328,11.119999885559082,11.25,0
2019-12-06,2019-12-06T00:00:00Z,10.470000267028809,10.829999923706055,10.470000267028809,10.729999542236328,0
2019-12-09,2019-12-09T00:00:00Z,10.6899995803833,10.75,10.640000343322754,10.75,0
2019-12-10,2019-12-10T00:00:00Z,10.75,11.010000228881836,10.3100004196167,10.329999923706055,0
2019-12-11,2019-12-11T00:00:00Z,10.350000381469727,10.970000267028809,10.34000015258789,10.8100004196167,0
2019-12-12,2019-12-12T00:00:00Z,11.350000381469727,11.350000381469727,10.59000015258789,10.949999809265137,0
2019-12-13,2019-12-13T00:00:00Z,10.949999809265137,11.5600004196167,10.350000381469727,10.390000343322754,0
2019-12-16,2019-12-16T00:00:00Z,10.289999961853027,10.829999923706055,10.289999961853027,10.390000343322754,0
2019-12-17,2019-12-17T00:00:00Z,10.390000343322754,10.390000343322754,10.010000228881836,10.029999732971191,0
2019-12-18,2019-12-18T00:00:00Z,10.109999656677246,10.180000305175781,9.9399995803833,10.039999961853027,0
2019-12-19,2019-12-19T00:00:00Z,10.039999961853027,10.399999618530273,9.699999809265137,10.390000343322754,0
2019-12-20,2019-12-20T00:00:00Z,9.739999771118164,9.770000457763672,9.5,9.6899995803833,0
2019-12-23,2019-12-23T00:00:00Z,9.6899995803833,10.5600004196167,9.6899995803833,10.5600004196167,0
2019-12-24,2019-12-24T00:00:00Z,10.5600004196167,12.0,10.5600004196167,11.930000305175781,0
2019-12-26,2019-12-26T00:00:00Z,11.930000305175781,13.399999618530273,11.930000305175781,13.329999923706055,0
2019-12-27,2019-12-27T00:00:00Z,13.329999923706055,13.329999923706055,11.829999923706055,12.319999694824219,0
2019-12-30,2019-12-30T00:00:00Z,12.319999694824219,12.649999618530273,12.239999771118164,12.5600004196167,0
2019-12-31,2019-12-31T00:00:00Z,12.5600004196167,13.199999809265137,12.4399995803833,12.630000114440918,0
2020-01-02,2020-01-02T00:00:00Z,12.630000114440918,13.449999809265137,12.40999984741211,12.699999809265137,0
2020-01-03,2020-01-03T00:00:00Z,13.579999923706055,13.90999984741211,13.279999732971191,13.460000038146973,0
2020-01-06,2020-01-06T00:00:00Z,13.460000038146973,14.640000343322754,13.460000038146973,14.210000038146973,0
2020-01-07,2020-01-07T00:00:00Z,13.5600004196167,14.010000228881836,13.479999542236328,14.010000228881836,0
2020-01-08,2020-01-08T00:00:00Z,14.010000228881836,14.649999618530273,12.890000343322754,13.670000076293945,0
2020-01-09,2020-01-09T00:00:00Z,12.789999961853027,12.84000015258789,12.359999656677246,12.539999961853027,0
2020-01-10,2020-01-10T00:00:00Z,12.539999961853027,12.539999961853027,11.819999694824219,12.270000457763672,0
2020-01-13,2020-01-13T00:00:00Z,12.270000457763672,12.270000457763672,10.90999984741211,10.90999984741211,0
2020-01-14,2020-01-14T00:00:00Z,10.90999984741211,11.319999694824219,10.619999885559082,11.020000457763672,0
2020-01-15,2020-01-15T00:00:00Z,11.020000457763672,11.9399995803833,11.020000457763672,11.75,0
2020-01-16,2020-01-16T00:00:00Z,11.75,11.75,11.260000228881836,11.380000114440918,0
2020-01-17,2020-01-17T00:00:00Z,11.1899995803833,11.8100004196167,11.09000015258789,11.3100004196167,0
2020-01-21,2020-01-21T00:00:00Z,11.3100004196167,11.75,11.199999809265137,11.479999542236328,0
2020-01-22,2020-01-22T00:00:00Z,11.479999542236328,11.479999542236328,10.770000457763672,11.15999984741211,0
2020-01-23,2020-01-23T00:00:00Z,11.029999732971191,11.90999984741211,11.020000457763672,11.609999656677246,0
2020-01-24,2020-01-24T00:00:00Z,11.609999656677246,12.90999984741211,11.609999656677246,12.479999542236328,0
2020-01-27,2020-01-27T00:00:00Z,13.0600004196167,13.260000228881836,12.640000343322754,12.899999618530273,0
2020-01-28,2020-01-28T00:00:00Z,12.899999618530273,12.899999618530273,11.760000228881836,11.890000343322754,0
2020-01-29,2020-01-29T00:00:00Z,11.890000343322754,12.109999656677246,11.380000114440918,12.09000015258789,0
2020-01-30,2020-01-30T00:00:00Z,12.09000015258789,12.779999732971191,12.079999923706055,12.229999542236328,0
2020-01-31,2020-01-31T00:00:00Z,12.579999923706055,13.760000228881836,12.569999694824219,13.5,0
2020-02-03,2020-02-03T00:00:00Z,13.5,13.5,11.9399995803833,12.479999542236328,0
2020-02-04,2020-02-04T00:00:00Z,12.479999542236328,12.479999542236328,11.520000457763672,12.010000228881836,0
2020-02-05,2020-02-05T00:00:00Z,12.010000228881836,12.010000228881836,11.180000305175781,11.319999694824219,0
2020-02-06,2020-02-06T00:00:00Z,11.420000076293945,11.739999771118164,11.109999656677246,11.449999809265137,0
2020-02-07,2020-02-07T00:00:00Z,11.449999809265137,11.970000267028809,11.300000190734863,11.300000190734863,0
2020-02-10,2020-02-10T00:00:00Z,11.90999984741211,12.109999656677246,11.6899995803833,11.90999984741211,0
2020-02-11,2020-02-11T00:00:00Z,11.90999984741211,11.90999984741211,11.4399995803833,11.479999542236328,0
2020-02-12,2020-02-12T00:00:00Z,11.479999542236328,11.479999542236328,10.9399995803833,11.069999694824219,0
2020-02-13,2020-02-13T00:00:00Z,11.069999694824219,11.880000114440918,11.069999694824219,11.59000015258789,0
2020-02-14,2020-02-14T00:00:00Z,11.59000015258789,12.260000228881836,11.40999984741211,11.619999885559082,0
2020-02-18,2020-02-18T00:00:00Z,11.619999885559082,13.359999656677246,11.619999885559082,13.020000457763672,0
2020-02-19,2020-02-19T00:00:00Z,13.020000457763672,13.350000381469727,12.350000381469727,13.34000015258789,0
2020-02-20,2020-02-20T00:00:00Z,13.34000015258789,13.850000381469727,12.949999809265137,13.350000381469727,0
2020-02-21,2020-02-21T00:00:00Z,14.670000076293945,16.18000030517578,14.619999885559082,15.789999961853027,0
2020-02-24,2020-02-24T00:00:00Z,15.789999961853027,17.8700008392334,15.180000305175781,17.579999923706055,0
2020-02-25,2020-02-25T00:00:00Z,17.579999923706055,18.510000228881836,10.8100004196167,18.1299991607666,0
2020-02-26,2020-02-26T00:00:00Z,18.1299991607666,18.1299991607666,16.15999984741211,16.479999542236328,0
2020-02-27,2020-02-27T00:00:00Z,16.479999542236328,18.59000015258789,15.359999656677246,18.049999237060547,0
2020-02-28,2020-02-28T00:00:00Z,18.049999237060547,25.68000030517578,18.049999237060547,21.270000457763672,0
2020-03-02,2020-03-02T00:00:00Z,20.8700008392334,21.049999237060547,16.6299991607666,18.979999542236328,0
2020-03-03,2020-03-03T00:00:00Z,18.979999542236328,30.09000015258789,17.5,22.010000228881836,0
2020-03-04,2020-03-04T00:00:00Z,22.010000228881836,22.010000228881836,16.989999771118164,18.549999237060547,0
2020-03-05,2020-03-05T00:00:00Z,21.440000534057617,23.34000015258789,20.3799991607666,22.43000030517578,0
2020-03-06,2020-03-06T00:00:00Z,26.440000534057617,28.139999389648438,23.739999771118164,25.1200008392334,0
2020-03-09,2020-03-09T00:00:00Z,31.84000015258789,45.90999984741211,27.18000030517578,31.290000915527344,0
2020-03-10,2020-03-10T00:00:00Z,31.290000915527344,31.290000915527344,23.989999771118164,23.989999771118164,0
2020-03-11,2020-03-11T00:00:00Z,23.989999771118164,28.959999084472656,23.989999771118164,26.739999771118164,0
2020-03-12,2020-03-12T00:00:00Z,26.739999771118164,35.0,24.65999984741211,30.18000030517578,0
2020-03-13,2020-03-13T00:00:00Z,30.18000030517578,38.779998779296875,26.65999984741211,37.43000030517578,0
2020-03-16,2020-03-16T00:00:00Z,37.22999954223633,51.709999084472656,37.13999938964844,41.43000030517578,0
2020-03-17,2020-03-17T00:00:00Z,44.720001220703125,45.40999984741211,42.279998779296875,45.27000045776367,0
2020-03-18,2020-03-18T00:00:00Z,51.58000183105469,54.369998931884766,47.70000076293945,48.97999954223633,0
2020-03-19,2020-03-19T00:00:00Z,53.529998779296875,53.959999084472656,38.529998779296875,39.47999954223633,0
2020-03-20,2020-03-20T00:00:00Z,39.439998626708984,40.02000045776367,36.380001068115234,36.810001373291016,0
2020-03-23,2020-03-23T00:00:00Z,36.810001373291016,42.540000915527344,36.810001373291016,41.15999984741211,0
2020-03-24,2020-03-24T00:00:00Z,42.38999938964844,47.939998626708984,30.760000228881836,40.40999984741211,0
2020-03-25,2020-03-25T00:00:00Z,40.810001373291016,42.790000915527344,39.380001068115234,40.560001373291016,0
2020-03-26,2020-03-26T00:00:00Z,39.47999954223633,40.5,37.13999938964844,37.47999954223633,0
2020-03-27,2020-03-27T00:00:00Z,35.18000030517578,35.790000915527344,34.36000061035156,34.88999938964844,0
2020-03-30,2020-03-30T00:00:00Z,34.720001220703125,34.90999984741211,30.1200008392334,30.420000076293945,0
2020-03-31,2020-03-31T00:00:00Z,28.299999237060547,29.489999771118164,25.65999984741211,29.190000534057617,0
2020-04-01,2020-04-01T00:00:00Z,29.68000030517578,30.81999969482422,28.889999389648438,30.260000228881836,0
2020-04-02,2020-04-02T00:00:00Z,29.760000228881836,32.810001373291016,29.65999984741211,31.90999984741211,0
2020-04-03,2020-04-03T00:00:00Z,31.18000030517578,32.119998931884766,29.75,31.850000381469727,0
2020-04-06,2020-04-06T00:00:00Z,31.850000381469727,35.779998779296875,31.850000381469727,35.7599983215332,0
2020-04-07,2020-04-07T00:00:00Z,35.27000045776367,35.290000915527344,33.34000015258789,34.27000045776367,0
2020-04-08,2020-04-08T00:00:00Z,32.790000915527344,33.099998474121094,29.15999984741211,29.979999542236328,0
2020-04-09,2020-04-09T00:00:00Z,31.850000381469727,32.189998626708984,26.940000534057617,27.59000015258789,0
2020-04-13,2020-04-13T00:00:00Z,27.59000015258789,30.719999313354492,27.59000015258789,28.40999984741211,0
2020-04-14,2020-04-14T00:00:00Z,28.90999984741211,29.8799991607666,28.3799991607666,28.8700008392334,0
2020-04-15,2020-04-15T00:00:00Z,28.59000015258789,28.850000381469727,26.899999618530273,27.389999389648438,0
2020-04-16,2020-04-16T00:00:00Z,25.670000076293945,28.09000015258789,23.959999084472656,27.739999771118164,0
2020-04-17,2020-04-17T00:00:00Z,27.739999771118164,27.739999771118164,26.280000686645508,26.959999084472656,0
2020-04-20,2020-04-20T00:00:00Z,26.959999084472656,28.030000686645508,26.959999084472656,28.010000228881836,0
2020-04-21,2020-04-21T00:00:00Z,28.010000228881836,31.389999389648438,28.010000228881836,30.6200008392334,0
2020-04-22,2020-04-22T00:00:00Z,29.459999084472656,30.559999465942383,29.059999465942383,30.440000534057617,0
2020-04-23,2020-04-23T00:00:00Z,30.350000381469727,30.59000015258789,29.600000381469727,30.25,0
2020-04-24,2020-04-24T00:00:00Z,30.25,30.25,28.809999465942383,29.219999313354492,0
2020-04-27,2020-04-27T00:00:00Z,29.219999313354492,29.219999313354492,26.399999618530273,26.75,0
2020-04-28,2020-04-28T00:00:00Z,25.579999923706055,26.489999771118164,23.920000076293945,24.43000030517578,0
2020-04-29,2020-04-29T00:00:00Z,24.43000030517578,24.43000030517578,22.729999542236328,24.15999984741211,0
2020-04-30,2020-04-30T00:00:00Z,23.34000015258789,25.18000030517578,22.920000076293945,24.239999771118164,0
2020-05-01,2020-05-01T00:00:00Z,24.239999771118164,25.040000915527344,23.65999984741211,24.25,0
2020-05-04,2020-05-04T00:00:00Z,24.25,25.09000015258789,23.6299991607666,23.68000030517578,0
2020-05-05,2020-05-05T00:00:00Z,23.68000030517578,24.979999542236328,23.209999084472656,24.969999313354492,0
2020-05-06,2020-05-06T00:00:00Z,24.469999313354492,25.059999465942383,24.280000686645508,24.469999313354492,0
2020-05-07,2020-05-07T00:00:00Z,24.469999313354492,26.90999984741211,23.729999542236328,26.149999618530273,0
2020-05-08,2020-05-08T00:00:00Z,26.149999618530273,26.899999618530273,24.770000457763672,24.889999389648438,0
2020-05-11,2020-05-11T00:00:00Z,24.889999389648438,24.889999389648438,22.979999542236328,23.549999237060547,0
2020-05-12,2020-05-12T00:00:00Z,22.860000610351562,23.049999237060547,21.559999465942383,22.450000762939453,0
2020-05-13,2020-05-13T00:00:00Z,22.450000762939453,23.110000610351562,21.56999969482422,22.709999084472656,0
2020-05-14,2020-05-14T00:00:00Z,22.709999084472656,25.469999313354492,22.709999084472656,24.149999618530273,0
2020-05-15,2020-05-15T00:00:00Z,24.940000534057617,25.049999237060547,23.200000762939453,23.6299991607666,0
2020-05-18,2020-05-18T00:00:00Z,23.6299991607666,24.299999237060547,22.420000076293945,22.809999465942383,0
2020-05-19,2020-05-19T00:00:00Z,22.809999465942383,22.809999465942383,20.690000534057617,21.329999923706055,0
2020-05-20,2020-05-20T00:00:00Z,21.329999923706055,21.329999923706055,19.940000534057617,20.1200008392334,0
2020-05-21,2020-05-21T00:00:00Z,20.1200008392334,20.31999969482422,18.809999465942383,19.739999771118164,0
2020-05-22,2020-05-22T00:00:00Z,19.739999771118164,19.780000686645508,18.950000762939453,18.950000762939453,0
2020-05-26,2020-05-26T00:00:00Z,18.950000762939453,18.979999542236328,17.649999618530273,18.56999969482422,0
2020-05-27,2020-05-27T00:00:00Z,18.56999969482422,19.280000686645508,18.170000076293945,18.510000228881836,0
2020-05-28,2020-05-28T00:00:00Z,18.510000228881836,18.510000228881836,17.229999542236328,18.100000381469727,0
2020-05-29,2020-05-29T00:00:00Z,18.649999618530273,18.920000076293945,17.670000076293945,18.149999618530273,0
2020-06-01,2020-06-01T00:00:00Z,18.860000610351562,19.010000228881836,17.790000915527344,18.059999465942383,0
2020-06-02,2020-06-02T00:00:00Z,18.059999465942383,18.360000610351562,17.350000381469727,18.100000381469727,0
2020-06-03,2020-06-03T00:00:00Z,18.149999618530273,19.0,17.690000534057617,18.469999313354492,0
2020-06-04,2020-06-04T00:00:00Z,18.34000015258789,18.34000015258789,17.850000381469727,18.049999237060547,0
2020-06-05,2020-06-05T00:00:00Z,18.18000030517578,18.649999618530273,17.559999465942383,18.170000076293945,0
2020-06-08,2020-06-08T00:00:00Z,18.170000076293945,18.260000228881836,17.690000534057617,17.940000534057617,0
2020-06-09,2020-06-09T00:00:00Z,17.940000534057617,19.0,17.940000534057617,19.0,0
2020-06-10,2020-06-10T00:00:00Z,19.469999313354492,21.889999389648438,18.170000076293945,20.75,0
2020-06-11,2020-06-11T00:00:00Z,20.309999465942383,23.059999465942383,20.309999465942383,23.040000915527344,0
2020-06-12,2020-06-12T00:00:00Z,21.899999618530273,22.020000457763672,20.389999389648438,20.389999389648438,0
2020-06-15,2020-06-15T00:00:00Z,20.389999389648438,21.510000228881836,20.079999923706055,20.110000610351562,0
2020-06-16,2020-06-16T00:00:00Z,20.219999313354492,20.260000228881836,18.829999923706055,19.290000915527344,0
2020-06-17,2020-06-17T00:00:00Z,19.290000915527344,19.31999969482422,18.770000457763672,18.8799991607666,0
2020-06-18,2020-06-18T00:00:00Z,18.8799991607666,19.229999542236328,18.25,18.309999465942383,0
2020-06-19,2020-06-19T00:00:00Z,18.309999465942383,19.110000610351562,18.010000228881836,18.270000457763672,0
2020-06-22,2020-06-22T00:00:00Z,20.709999084472656,20.809999465942383,19.139999389648438,19.549999237060547,0
2020-06-23,2020-06-23T00:00:00Z,19.549999237060547,20.530000686645508,19.549999237060547,20.510000228881836,0
2020-06-24,2020-06-24T00:00:00Z,20.510000228881836,20.84000015258789,19.600000381469727,20.010000228881836,0
2020-06-25,2020-06-25T00:00:00Z,20.010000228881836,20.290000915527344,19.600000381469727,19.729999542236328,0
2020-06-26,2020-06-26T00:00:00Z,19.729999542236328,21.5,19.010000228881836,20.520000457763672,0
2020-06-29,2020-06-29T00:00:00Z,20.520000457763672,20.969999313354492,19.079999923706055,19.260000228881836,0
2020-06-30,2020-06-30T00:00:00Z,19.260000228881836,20.139999389648438,18.56999969482422,19.649999618530273,0
2020-07-01,2020-07-01T00:00:00Z,19.649999618530273,19.649999618530273,18.040000915527344,18.850000381469727,0
2020-07-02,2020-07-02T00:00:00Z,18.850000381469727,18.850000381469727,17.510000228881836,17.700000762939453,0
2020-07-06,2020-07-06T00:00:00Z,17.700000762939453,18.549999237060547,17.079999923706055,17.420000076293945,0
2020-07-07,2020-07-07T00:00:00Z,17.420000076293945,17.420000076293945,16.510000228881836,17.3700008392334,0
2020-07-08,2020-07-08T00:00:00Z,17.3700008392334,18.40999984741211,14.460000038146973,17.739999771118164,0
2020-07-09,2020-07-09T00:00:00Z,17.739999771118164,18.049999237060547,17.100000381469727,17.389999389648438,0
2020-07-10,2020-07-10T00:00:00Z,17.389999389648438,17.389999389648438,15.630000114440918,16.639999389648438,0
2020-07-13,2020-07-13T00:00:00Z,16.520000457763672,16.670000076293945,15.850000381469727,16.530000686645508,0
2020-07-14,2020-07-14T00:00:00Z,16.530000686645508,16.530000686645508,15.630000114440918,16.0,0
2020-07-15,2020-07-15T00:00:00Z,16.0,16.139999389648438,15.239999771118164,15.359999656677246,0
2020-07-16,2020-07-16T00:00:00Z,15.359999656677246,15.449999809265137,14.130000114440918,15.369999885559082,0
2020-07-17,2020-07-17T00:00:00Z,15.369999885559082,15.369999885559082,14.239999771118164,15.09000015258789,0
2020-07-20,2020-07-20T00:00:00Z,15.09000015258789,15.579999923706055,14.760000228881836,15.300000190734863,0
2020-07-21,2020-07-21T00:00:00Z,15.300000190734863,17.5,15.300000190734863,16.670000076293945,0
2020-07-22,2020-07-22T00:00:00Z,16.670000076293945,22.510000228881836,16.670000076293945,22.450000762939453,0
2020-07-23,2020-07-23T00:00:00Z,22.450000762939453,23.1200008392334,20.700000762939453,21.989999771118164,0
2020-07-24,2020-07-24T00:00:00Z,21.989999771118164,23.59000015258789,21.049999237060547,21.610000610351562,0
2020-07-27,2020-07-27T00:00:00Z,21.610000610351562,26.600000381469727,21.610000610351562,25.520000457763672,0
2020-07-28,2020-07-28T00:00:00Z,25.520000457763672,29.270000457763672,25.520000457763672,28.959999084472656,0
2020-07-29,2020-07-29T00:00:00Z,28.959999084472656,28.959999084472656,24.280000686645508,26.790000915527344,0
2020-07-30,2020-07-30T00:00:00Z,23.399999618530273,24.81999969482422,23.329999923706055,24.1299991607666,0
2020-07-31,2020-07-31T00:00:00Z,23.969999313354492,24.510000228881836,23.510000228881836,24.459999084472656,0
2020-08-03,2020-08-03T00:00:00Z,24.459999084472656,24.459999084472656,22.31999969482422,23.559999465942383,0
2020-08-04,2020-08-04T00:00:00Z,23.559999465942383,26.3700008392334,21.200000762939453,26.299999237060547,0
2020-08-05,2020-08-05T00:00:00Z,26.690000534057617,28.799999237060547,25.690000534057617,25.690000534057617,0
2020-08-06,2020-08-06T00:00:00Z,25.690000534057617,27.93000030517578,25.690000534057617,27.360000610351562,0
2020-08-07,2020-08-07T00:00:00Z,27.360000610351562,27.360000610351562,25.110000610351562,26.219999313354492,0
2020-08-10,2020-08-10T00:00:00Z,24.520000457763672,25.479999542236328,23.559999465942383,23.889999389648438,0
2020-08-11,2020-08-11T00:00:00Z,23.889999389648438,28.709999084472656,23.889999389648438,27.479999542236328,0
2020-08-12,2020-08-12T00:00:00Z,27.479999542236328,27.479999542236328,25.3700008392334,25.850000381469727,0
2020-08-13,2020-08-13T00:00:00Z,25.850000381469727,26.079999923706055,24.200000762939453,25.81999969482422,0
2020-08-14,2020-08-14T00:00:00Z,25.81999969482422,25.81999969482422,22.729999542236328,23.530000686645508,0
2020-08-17,2020-08-17T00:00:00Z,23.530000686645508,26.3799991607666,23.530000686645508,26.350000381469727,0
2020-08-18,2020-08-18T00:00:00Z,26.350000381469727,26.809999465942383,24.979999542236328,26.459999084472656,0
2020-08-19,2020-08-19T00:00:00Z,26.459999084472656,28.450000762939453,24.920000076293945,28.149999618530273,0
2020-08-20,2020-08-20T00:00:00Z,28.149999618530273,28.149999618530273,25.899999618530273,25.90999984741211,0
2020-08-21,2020-08-21T00:00:00Z,25.90999984741211,26.809999465942383,25.18000030517578,25.959999084472656,0
2020-08-24,2020-08-24T00:00:00Z,25.959999084472656,25.959999084472656,23.75,23.860000610351562,0
2020-08-25,2020-08-25T00:00:00Z,23.860000610351562,23.860000610351562,20.8700008392334,22.760000228881836,0
2020-08-26,2020-08-26T00:00:00Z,21.700000762939453,24.790000915527344,21.6299991607666,24.790000915527344,0
2020-08-27,2020-08-27T00:00:00Z,24.790000915527344,24.790000915527344,20.1299991607666,23.079999923706055,0
2020-08-28,2020-08-28T00:00:00Z,23.530000686645508,24.06999969482422,22.469999313354492,23.190000534057617,0
2020-08-31,2020-08-31T00:00:00Z,23.190000534057617,24.40999984741211,22.8700008392334,24.31999969482422,0
2020-09-01,2020-09-01T00:00:00Z,24.31999969482422,24.68000030517578,22.959999084472656,23.0,0
2020-09-02,2020-09-02T00:00:00Z,23.0,23.93000030517578,22.65999984741211,23.56999969482422,0
2020-09-03,2020-09-03T00:00:00Z,23.56999969482422,24.65999984741211,22.969999313354492,23.68000030517578,0
2020-09-04,2020-09-04T00:00:00Z,22.260000228881836,23.260000228881836,21.649999618530273,21.979999542236328,0
2020-09-08,2020-09-08T00:00:00Z,21.979999542236328,23.729999542236328,21.979999542236328,22.489999771118164,0
2020-09-09,2020-09-09T00:00:00Z,22.489999771118164,22.489999771118164,21.450000762939453,21.65999984741211,0
2020-09-10,2020-09-10T00:00:00Z,21.299999237060547,21.770000457763672,20.860000610351562,21.260000228881836,0
2020-09-11,2020-09-11T00:00:00Z,21.260000228881836,21.260000228881836,20.149999618530273,20.200000762939453,0
2020-09-14,2020-09-14T00:00:00Z,20.200000762939453,20.940000534057617,19.799999237060547,20.90999984741211,0
2020-09-15,2020-09-15T00:00:00Z,20.770000457763672,20.889999389648438,20.110000610351562,20.31999969482422,0
2020-09-16,2020-09-16T00:00:00Z,20.31999969482422,21.399999618530273,20.049999237060547,20.079999923706055,0
2020-09-17,2020-09-17T00:00:00Z,20.079999923706055,20.56999969482422,19.790000915527344,19.950000762939453,0
2020-09-18,2020-09-18T00:00:00Z,19.950000762939453,21.100000381469727,19.56999969482422,20.219999313354492,0
2020-09-21,2020-09-21T00:00:00Z,20.219999313354492,24.530000686645508,20.219999313354492,21.600000381469727,0
2020-09-22,2020-09-22T00:00:00Z,21.399999618530273,22.059999465942383,20.43000030517578,21.6299991607666,0
2020-09-23,2020-09-23T00:00:00Z,21.93000030517578,23.600000381469727,21.90999984741211,23.43000030517578,0
2020-09-24,2020-09-24T00:00:00Z,23.43000030517578,23.950000762939453,22.020000457763672,23.40999984741211,0
2020-09-25,2020-09-25T00:00:00Z,22.40999984741211,22.780000686645508,21.09000015258789,22.09000015258789,0
2020-09-28,2020-09-28T00:00:00Z,22.299999237060547,22.309999465942383,21.610000610351562,22.010000228881836,0
2020-09-29,2020-09-29T00:00:00Z,21.719999313354492,23.280000686645508,21.260000228881836,23.280000686645508,0
2020-09-30,2020-09-30T00:00:00Z,23.280000686645508,23.280000686645508,21.979999542236328,22.06999969482422,0
2020-10-01,2020-10-01T00:00:00Z,22.06999969482422,22.610000610351562,22.06999969482422,22.389999389648438,0
2020-10-02,2020-10-02T00:00:00Z,22.790000915527344,22.950000762939453,22.190000534057617,22.59000015258789,0
2020-10-05,2020-10-05T00:00:00Z,22.59000015258789,23.049999237060547,22.1299991607666,22.1299991607666,0
2020-10-06,2020-10-06T00:00:00Z,22.1299991607666,22.84000015258789,21.729999542236328,22.790000915527344,0
2020-10-07,2020-10-07T00:00:00Z,23.1200008392334,23.299999237060547,22.540000915527344,23.280000686645508,0
2020-10-08,2020-10-08T00:00:00Z,23.280000686645508,23.280000686645508,21.8700008392334,21.959999084472656,0
2020-10-09,2020-10-09T00:00:00Z,21.959999084472656,22.459999084472656,21.739999771118164,22.440000534057617,0
2020-10-12,2020-10-12T00:00:00Z,22.440000534057617,22.760000228881836,21.969999313354492,22.65999984741211,0
2020-10-13,2020-10-13T00:00:00Z,22.65999984741211,23.719999313354492,22.1200008392334,23.170000076293945,0
2020-10-14,2020-10-14T00:00:00Z,23.170000076293945,23.170000076293945,21.739999771118164,21.8799991607666,0
2020-10-15,2020-10-15T00:00:00Z,22.600000381469727,22.6299991607666,21.59000015258789,21.729999542236328,0
2020-10-16,2020-10-16T00:00:00Z,21.579999923706055,21.729999542236328,20.09000015258789,20.290000915527344,0
2020-10-19,2020-10-19T00:00:00Z,20.290000915527344,21.43000030517578,20.290000915527344,21.329999923706055,0
2020-10-20,2020-10-20T00:00:00Z,21.329999923706055,21.56999969482422,20.719999313354492,21.540000915527344,0
2020-10-21,2020-10-21T00:00:00Z,21.540000915527344,22.65999984741211,21.479999542236328,22.65999984741211,0
2020-10-22,2020-10-22T00:00:00Z,22.65999984741211,22.729999542236328,21.360000610351562,21.3799991607666,0
2020-10-23,2020-10-23T00:00:00Z,21.3799991607666,21.3799991607666,20.59000015258789,21.040000915527344,0
2020-10-26,2020-10-26T00:00:00Z,21.040000915527344,21.610000610351562,20.81999969482422,20.93000030517578,0
2020-10-27,2020-10-27T00:00:00Z,20.93000030517578,20.93000030517578,15.8100004196167,20.40999984741211,0
2020-10-28,2020-10-28T00:00:00Z,20.40999984741211,22.81999969482422,20.40999984741211,21.93000030517578,0
2020-10-29,2020-10-29T00:00:00Z,21.93000030517578,21.93000030517578,21.329999923706055,21.899999618530273,0
2020-10-30,2020-10-30T00:00:00Z,21.549999237060547,23.40999984741211,21.40999984741211,23.260000228881836,0
2020-11-02,2020-11-02T00:00:00Z,23.260000228881836,23.739999771118164,22.229999542236328,23.739999771118164,0
2020-11-03,2020-11-03T00:00:00Z,23.739999771118164,24.31999969482422,23.1200008392334,23.31999969482422,0
2020-11-04,2020-11-04T00:00:00Z,21.270000457763672,21.270000457763672,19.760000228881836,20.489999771118164,0
2020-11-05,2020-11-05T00:00:00Z,20.489999771118164,22.329999923706055,20.229999542236328,22.0,0
2020-11-06,2020-11-06T00:00:00Z,22.0,22.239999771118164,20.940000534057617,21.100000381469727,0
2020-11-09,2020-11-09T00:00:00Z,21.469999313354492,23.139999389648438,21.420000076293945,21.860000610351562,0
2020-11-10,2020-11-10T00:00:00Z,21.260000228881836,21.270000457763672,20.139999389648438,20.459999084472656,0
2020-11-11,2020-11-11T00:00:00Z,20.200000762939453,20.239999771118164,19.040000915527344,19.139999389648438,0
2020-11-12,2020-11-12T00:00:00Z,18.530000686645508,19.200000762939453,18.260000228881836,18.979999542236328,0
2020-11-13,2020-11-13T00:00:00Z,18.68000030517578,18.690000534057617,17.59000015258789,17.739999771118164,0
2020-11-16,2020-11-16T00:00:00Z,17.709999084472656,18.309999465942383,17.34000015258789,18.309999465942383,0
2020-11-17,2020-11-17T00:00:00Z,17.920000076293945,17.989999771118164,17.100000381469727,17.540000915527344,0
2020-11-18,2020-11-18T00:00:00Z,17.520000457763672,17.770000457763672,17.229999542236328,17.670000076293945,0
2020-11-19,2020-11-19T00:00:00Z,19.700000762939453,19.860000610351562,17.889999389648438,17.959999084472656,0
2020-11-20,2020-11-20T00:00:00Z,17.969999313354492,17.969999313354492,17.559999465942383,17.719999313354492,0
2020-11-23,2020-11-23T00:00:00Z,17.950000762939453,20.530000686645508,15.739999771118164,18.979999542236328,0
2020-11-24,2020-11-24T00:00:00Z,19.639999389648438,20.280000686645508,19.479999542236328,20.09000015258789,0
2020-11-25,2020-11-25T00:00:00Z,20.09000015258789,20.09000015258789,18.760000228881836,19.75,0
2020-11-27,2020-11-27T00:00:00Z,19.770000457763672,21.079999923706055,18.799999237060547,19.09000015258789,0
2020-11-30,2020-11-30T00:00:00Z,20.020000457763672,20.15999984741211,19.25,19.690000534057617,0
2020-12-01,2020-12-01T00:00:00Z,19.760000228881836,19.760000228881836,19.09000015258789,19.610000610351562,0
2020-12-02,2020-12-02T00:00:00Z,19.469999313354492,19.6200008392334,19.209999084472656,19.420000076293945,0
2020-12-03,2020-12-03T00:00:00Z,19.440000534057617,19.670000076293945,18.950000762939453,19.610000610351562,0
2020-12-04,2020-12-04T00:00:00Z,19.43000030517578,19.5,18.8799991607666,18.950000762939453,0
2020-12-07,2020-12-07T00:00:00Z,19.079999923706055,19.8799991607666,19.040000915527344,19.790000915527344,0
2020-12-08,2020-12-08T00:00:00Z,19.959999084472656,20.110000610351562,19.520000457763672,19.860000610351562,0
2020-12-09,2020-12-09T00:00:00Z,19.639999389648438,20.579999923706055,19.420000076293945,20.260000228881836,0
2020-12-10,2020-12-10T00:00:00Z,19.719999313354492,19.950000762939453,19.440000534057617,19.65999984741211,0
2020-12-11,2020-12-11T00:00:00Z,19.65999984741211,19.65999984741211,18.979999542236328,19.239999771118164,0
2020-12-14,2020-12-14T00:00:00Z,19.43000030517578,19.65999984741211,19.100000381469727,19.43000030517578,0
2020-12-15,2020-12-15T00:00:00Z,19.729999542236328,19.860000610351562,18.959999084472656,19.75,0
2020-12-16,2020-12-16T00:00:00Z,19.719999313354492,20.25,18.139999389648438,19.389999389648438,0
2020-12-17,2020-12-17T00:00:00Z,20.549999237060547,20.65999984741211,19.56999969482422,20.100000381469727,0
2020-12-18,2020-12-18T00:00:00Z,19.8799991607666,20.010000228881836,19.15999984741211,19.579999923706055,0
2020-12-21,2020-12-21T00:00:00Z,20.610000610351562,20.860000610351562,19.790000915527344,19.799999237060547,0
2020-12-22,2020-12-22T00:00:00Z,19.290000915527344,19.6200008392334,18.969999313354492,19.5,0
2020-12-23,2020-12-23T00:00:00Z,19.31999969482422,19.329999923706055,18.670000076293945,18.8700008392334,0
2020-12-24,2020-12-24T00:00:00Z,18.65999984741211,19.110000610351562,18.469999313354492,18.989999771118164,0
2020-12-28,2020-12-28T00:00:00Z,19.979999542236328,20.459999084472656,19.889999389648438,20.200000762939453,0
2020-12-29,2020-12-29T00:00:00Z,20.1299991607666,20.15999984741211,19.479999542236328,19.530000686645508,0
2020-12-30,2020-12-30T00:00:00Z,20.31999969482422,20.399999618530273,19.600000381469727,20.059999465942383,0
2020-12-31,2020-12-31T00:00:00Z,20.280000686645508,20.790000915527344,20.149999618530273,20.790000915527344,0
2021-01-04,2021-01-04T00:00:00Z,22.09000015258789,22.360000610351562,21.239999771118164,21.860000610351562,0
2021-01-05,2021-01-05T00:00:00Z,21.110000610351562,22.260000228881836,20.920000076293945,22.139999389648438,0
2021-01-06,2021-01-06T00:00:00Z,20.860000610351562,21.809999465942383,20.59000015258789,21.700000762939453,0
2021-01-07,2021-01-07T00:00:00Z,21.239999771118164,21.420000076293945,20.389999389648438,20.65999984741211,0
2021-01-08,2021-01-08T00:00:00Z,20.1200008392334,23.469999313354492,19.540000915527344,22.15999984741211,0
2021-01-11,2021-01-11T00:00:00Z,21.940000534057617,22.020000457763672,20.530000686645508,20.649999618530273,0
2021-01-12,2021-01-12T00:00:00Z,20.3799991607666,20.540000915527344,19.59000015258789,20.010000228881836,0
2021-01-13,2021-01-13T00:00:00Z,19.59000015258789,19.649999618530273,18.479999542236328,18.799999237060547,0
2021-01-14,2021-01-14T00:00:00Z,18.809999465942383,19.290000915527344,18.440000534057617,19.209999084472656,0
2021-01-15,2021-01-15T00:00:00Z,18.760000228881836,19.540000915527344,18.399999618530273,19.040000915527344,0
2021-01-19,2021-01-19T00:00:00Z,18.90999984741211,19.020000457763672,18.579999923706055,18.8700008392334,0
2021-01-20,2021-01-20T00:00:00Z,19.010000228881836,19.170000076293945,18.270000457763672,18.950000762939453,0
2021-01-21,2021-01-21T00:00:00Z,18.8700008392334,18.940000534057617,18.43000030517578,18.850000381469727,0
2021-01-22,2021-01-22T00:00:00Z,18.6299991607666,19.510000228881836,18.280000686645508,18.420000076293945,0
2021-01-25,2021-01-25T00:00:00Z,18.469999313354492,18.889999389648438,18.209999084472656,18.510000228881836,0
2021-01-26,2021-01-26T00:00:00Z,17.8700008392334,18.139999389648438,17.6200008392334,17.8799991607666,0
2021-01-27,2021-01-27T00:00:00Z,18.09000015258789,19.149999618530273,17.649999618530273,18.469999313354492,0
2021-01-28,2021-01-28T00:00:00Z,19.809999465942383,21.860000610351562,19.18000030517578,19.3799991607666,0
2021-01-29,2021-01-29T00:00:00Z,22.049999237060547,23.360000610351562,20.440000534057617,20.639999389648438,0
2021-02-01,2021-02-01T00:00:00Z,23.520000457763672,24.030000686645508,21.799999237060547,21.809999465942383,0
2021-02-02,2021-02-02T00:00:00Z,20.200000762939453,20.399999618530273,19.139999389648438,19.610000610351562,0
2021-02-03,2021-02-03T00:00:00Z,18.6200008392334,18.889999389648438,18.329999923706055,18.450000762939453,0
2021-02-04,2021-02-04T00:00:00Z,20.209999084472656,20.420000076293945,19.049999237060547,19.299999237060547,0
2021-02-05,2021-02-05T00:00:00Z,19.100000381469727,19.110000610351562,18.6299991607666,18.700000762939453,0
2021-02-08,2021-02-08T00:00:00Z,19.6200008392334,19.6200008392334,18.43000030517578,18.450000762939453,0
2021-02-09,2021-02-09T00:00:00Z,18.979999542236328,18.979999542236328,17.979999542236328,18.350000381469727,0
2021-02-10,2021-02-10T00:00:00Z,18.31999969482422,18.56999969482422,18.110000610351562,18.56999969482422,0
2021-02-11,2021-02-11T00:00:00Z,18.540000915527344,18.65999984741211,18.020000457763672,18.309999465942383,0
2021-02-12,2021-02-12T00:00:00Z,18.399999618530273,18.579999923706055,18.0,18.079999923706055,0
2021-02-16,2021-02-16T00:00:00Z,19.40999984741211,19.6299991607666,18.610000610351562,19.56999969482422,0
2021-02-17,2021-02-17T00:00:00Z,19.81999969482422,20.959999084472656,19.68000030517578,20.489999771118164,0
2021-02-18,2021-02-18T00:00:00Z,19.850000381469727,20.5,18.43000030517578,19.65999984741211,0
2021-02-19,2021-02-19T00:00:00Z,19.309999465942383,19.3700008392334,18.469999313354492,19.260000228881836,0
2021-02-22,2021-02-22T00:00:00Z,18.899999618530273,19.299999237060547,18.780000686645508,19.1200008392334,0
2021-02-23,2021-02-23T00:00:00Z,19.010000228881836,19.18000030517578,18.239999771118164,18.299999237060547,0
2021-02-24,2021-02-24T00:00:00Z,19.209999084472656,19.31999969482422,18.1200008392334,18.309999465942383,0
2021-02-25,2021-02-25T00:00:00Z,19.719999313354492,21.389999389648438,17.59000015258789,21.260000228881836,0
2021-02-26,2021-02-26T00:00:00Z,20.969999313354492,23.84000015258789,17.510000228881836,21.079999923706055,0
2021-03-01,2021-03-01T00:00:00Z,20.56999969482422,22.190000534057617,16.239999771118164,21.329999923706055,0
2021-03-02,2021-03-02T00:00:00Z,20.829999923706055,21.09000015258789,19.75,20.059999465942383,0
2021-03-03,2021-03-03T00:00:00Z,20.610000610351562,21.850000381469727,14.140000343322754,20.93000030517578,0
2021-03-04,2021-03-04T00:00:00Z,20.600000381469727,22.639999389648438,14.90999984741211,21.610000610351562,0
2021-03-05,2021-03-05T00:00:00Z,19.780000686645508,20.290000915527344,18.75,20.209999084472656,0
2021-03-08,2021-03-08T00:00:00Z,20.6299991607666,21.280000686645508,20.360000610351562,20.639999389648438,0
2021-03-09,2021-03-09T00:00:00Z,19.889999389648438,19.889999389648438,19.260000228881836,19.540000915527344,0
2021-03-10,2021-03-10T00:00:00Z,18.899999618530273,19.030000686645508,18.389999389648438,18.549999237060547,0
2021-03-11,2021-03-11T00:00:00Z,18.1200008392334,18.270000457763672,17.799999237060547,18.209999084472656,0
2021-03-12,2021-03-12T00:00:00Z,18.950000762939453,19.049999237060547,17.81999969482422,18.360000610351562,0
2021-03-15,2021-03-15T00:00:00Z,18.200000762939453,18.459999084472656,17.850000381469727,17.860000610351562,0
2021-03-16,2021-03-16T00:00:00Z,17.770000457763672,18.0,17.610000610351562,17.93000030517578,0
2021-03-17,2021-03-17T00:00:00Z,18.1299991607666,19.290000915527344,17.18000030517578,17.239999771118164,0
2021-03-18,2021-03-18T00:00:00Z,17.649999618530273,17.8799991607666,17.110000610351562,17.790000915527344,0
2021-03-19,2021-03-19T00:00:00Z,17.200000762939453,17.209999084472656,16.459999084472656,16.56999969482422,0
2021-03-22,2021-03-22T00:00:00Z,17.43000030517578,17.450000762939453,16.360000610351562,16.469999313354492,0
2021-03-23,2021-03-23T00:00:00Z,16.469999313354492,16.690000534057617,15.979999542236328,16.690000534057617,0
2021-03-24,2021-03-24T00:00:00Z,16.200000762939453,16.219999313354492,15.510000228881836,15.699999809265137,0
2021-03-25,2021-03-25T00:00:00Z,15.539999961853027,16.260000228881836,14.710000038146973,15.579999923706055,0
2021-03-26,2021-03-26T00:00:00Z,15.460000038146973,15.5600004196167,14.369999885559082,15.479999542236328,0
2021-03-29,2021-03-29T00:00:00Z,16.700000762939453,17.729999542236328,16.510000228881836,17.229999542236328,0
2021-03-30,2021-03-30T00:00:00Z,17.229999542236328,18.3799991607666,17.229999542236328,18.299999237060547,0
2021-03-31,2021-03-31T00:00:00Z,17.6200008392334,17.649999618530273,17.020000457763672,17.06999969482422,0
2021-04-01,2021-04-01T00:00:00Z,16.510000228881836,16.770000457763672,14.569999694824219,16.739999771118164,0
2021-04-05,2021-04-05T00:00:00Z,17.139999389648438,17.239999771118164,16.959999084472656,17.079999923706055,0
2021-04-06,2021-04-06T00:00:00Z,16.719999313354492,16.8700008392334,16.450000762939453,16.760000228881836,0
2021-04-07,2021-04-07T00:00:00Z,16.170000076293945,16.25,15.789999961853027,16.110000610351562,0
2021-04-08,2021-04-08T00:00:00Z,15.770000457763672,15.880000114440918,15.359999656677246,15.720000267028809,0
2021-04-09,2021-04-09T00:00:00Z,15.720000267028809,15.720000267028809,15.09000015258789,15.300000190734863,0
2021-04-12,2021-04-12T00:00:00Z,14.960000038146973,15.180000305175781,14.670000076293945,14.880000114440918,0
2021-04-13,2021-04-13T00:00:00Z,14.600000381469727,14.75,14.199999809265137,14.260000228881836,0
2021-04-14,2021-04-14T00:00:00Z,14.199999809265137,14.720000267028809,14.050000190734863,14.6899995803833,0
2021-04-15,2021-04-15T00:00:00Z,14.779999732971191,15.359999656677246,14.420000076293945,15.359999656677246,0
2021-04-16,2021-04-16T00:00:00Z,15.359999656677246,15.399999618530273,14.520000457763672,15.319999694824219,0
2021-04-19,2021-04-19T00:00:00Z,15.850000381469727,16.139999389648438,15.770000457763672,16.010000228881836,0
2021-04-20,2021-04-20T00:00:00Z,15.59000015258789,15.680000305175781,15.40999984741211,15.59000015258789,0
2021-04-21,2021-04-21T00:00:00Z,15.579999923706055,16.459999084472656,15.5600004196167,16.40999984741211,0
2021-04-22,2021-04-22T00:00:00Z,15.770000457763672,16.209999084472656,15.640000343322754,16.049999237060547,0
2021-04-23,2021-04-23T00:00:00Z,15.90999984741211,16.149999618530273,15.15999984741211,15.739999771118164,0
2021-04-26,2021-04-26T00:00:00Z,15.850000381469727,15.880000114440918,15.449999809265137,15.510000228881836,0
2021-04-27,2021-04-27T00:00:00Z,15.079999923706055,15.140000343322754,14.699999809265137,14.770000457763672,0
2021-04-28,2021-04-28T00:00:00Z,15.109999656677246,15.199999809265137,10.880000114440918,14.789999961853027,0
2021-04-29,2021-04-29T00:00:00Z,14.229999542236328,14.6899995803833,14.130000114440918,14.539999961853027,0
2021-04-30,2021-04-30T00:00:00Z,14.539999961853027,14.59000015258789,14.380000114440918,14.579999923706055,0
2021-05-03,2021-05-03T00:00:00Z,15.420000076293945,15.760000228881836,13.399999618530273,15.649999618530273,0
2021-05-04,2021-05-04T00:00:00Z,15.430000305175781,16.100000381469727,15.40999984741211,15.90999984741211,0
2021-05-05,2021-05-05T00:00:00Z,15.6899995803833,15.699999809265137,15.180000305175781,15.699999809265137,0
2021-05-06,2021-05-06T00:00:00Z,15.649999618530273,16.809999465942383,15.579999923706055,16.56999969482422,0
2021-05-07,2021-05-07T00:00:00Z,16.549999237060547,16.549999237060547,15.770000457763672,16.459999084472656,0
2021-05-10,2021-05-10T00:00:00Z,17.0,17.280000686645508,16.93000030517578,17.190000534057617,0
2021-05-11,2021-05-11T00:00:00Z,17.170000076293945,17.170000076293945,15.529999732971191,17.170000076293945,0
2021-05-12,2021-05-12T00:00:00Z,17.020000457763672,17.68000030517578,15.3100004196167,17.559999465942383,0
2021-05-13,2021-05-13T00:00:00Z,17.010000228881836,17.270000457763672,16.719999313354492,17.100000381469727,0
2021-05-14,2021-05-14T00:00:00Z,16.75,16.760000228881836,16.200000762939453,16.75,0
2021-05-17,2021-05-17T00:00:00Z,16.809999465942383,17.889999389648438,16.760000228881836,17.6200008392334,0
2021-05-18,2021-05-18T00:00:00Z,17.649999618530273,17.670000076293945,16.950000762939453,17.0,0
2021-05-19,2021-05-19T00:00:00Z,17.780000686645508,19.690000534057617,17.420000076293945,17.790000915527344,0
2021-05-20,2021-05-20T00:00:00Z,17.670000076293945,17.969999313354492,17.1299991607666,17.290000915527344,0
2021-05-21,2021-05-21T00:00:00Z,17.280000686645508,17.280000686645508,16.399999618530273,16.469999313354492,0
2021-05-24,2021-05-24T00:00:00Z,16.989999771118164,17.190000534057617,16.84000015258789,16.90999984741211,0
2021-05-25,2021-05-25T00:00:00Z,16.59000015258789,17.260000228881836,15.630000114440918,17.09000015258789,0
2021-05-26,2021-05-26T00:00:00Z,17.09000015258789,17.15999984741211,16.68000030517578,16.809999465942383,0
2021-05-27,2021-05-27T00:00:00Z,16.479999542236328,16.950000762939453,15.079999923706055,16.149999618530273,0
2021-05-28,2021-05-28T00:00:00Z,16.0,16.09000015258789,15.609999656677246,16.079999923706055,0
2021-06-01,2021-06-01T00:00:00Z,16.389999389648438,16.450000762939453,15.479999542236328,16.09000015258789,0
2021-06-02,2021-06-02T00:00:00Z,16.09000015258789,16.09000015258789,15.399999618530273,15.649999618530273,0
2021-06-03,2021-06-03T00:00:00Z,15.819999694824219,16.3700008392334,11.09000015258789,15.949999809265137,0
2021-06-04,2021-06-04T00:00:00Z,15.350000381469727,15.829999923706055,14.5600004196167,15.829999923706055,0
2021-06-07,2021-06-07T00:00:00Z,15.609999656677246,15.619999885559082,15.369999885559082,15.569999694824219,0
2021-06-08,2021-06-08T00:00:00Z,15.510000228881836,15.729999542236328,15.220000267028809,15.59000015258789,0
2021-06-09,2021-06-09T00:00:00Z,15.680000305175781,15.890000343322754,14.800000190734863,15.430000305175781,0
2021-06-10,2021-06-10T00:00:00Z,15.199999809265137,15.510000228881836,14.819999694824219,15.5,0
2021-06-11,2021-06-11T00:00:00Z,15.5,15.5,14.930000305175781,15.210000038146973,0
2021-06-14,2021-06-14T00:00:00Z,15.989999771118164,16.239999771118164,15.789999961853027,16.1299991607666,0
2021-06-15,2021-06-15T00:00:00Z,16.0,16.329999923706055,15.680000305175781,16.260000228881836,0
2021-06-16,2021-06-16T00:00:00Z,15.520000457763672,16.84000015258789,15.109999656677246,16.299999237060547,0
2021-06-17,2021-06-17T00:00:00Z,16.670000076293945,17.670000076293945,15.949999809265137,17.65999984741211,0
2021-06-18,2021-06-18T00:00:00Z,17.43000030517578,17.989999771118164,17.219999313354492,17.899999618530273,0
2021-06-21,2021-06-21T00:00:00Z,17.65999984741211,17.68000030517578,16.790000915527344,16.90999984741211,0
2021-06-22,2021-06-22T00:00:00Z,16.90999984741211,17.079999923706055,16.06999969482422,16.65999984741211,0
2021-06-23,2021-06-23T00:00:00Z,15.899999618530273,16.200000762939453,15.399999618530273,16.200000762939453,0
2021-06-24,2021-06-24T00:00:00Z,16.200000762939453,16.200000762939453,15.359999656677246,15.699999809265137,0
2021-06-25,2021-06-25T00:00:00Z,15.699999809265137,15.699999809265137,14.529999732971191,15.289999961853027,0
2021-06-28,2021-06-28T00:00:00Z,15.4399995803833,15.460000038146973,15.0600004196167,15.359999656677246,0
2021-06-29,2021-06-29T00:00:00Z,15.359999656677246,17.100000381469727,15.359999656677246,16.190000534057617,0
2021-06-30,2021-06-30T00:00:00Z,16.190000534057617,16.190000534057617,15.399999618530273,15.970000267028809,0
2021-07-01,2021-07-01T00:00:00Z,15.970000267028809,16.0,15.510000228881836,15.800000190734863,0
2021-07-02,2021-07-02T00:00:00Z,15.220000267028809,15.319999694824219,14.760000228881836,15.279999732971191,0
2021-07-06,2021-07-06T00:00:00Z,15.729999542236328,15.960000038146973,15.15999984741211,15.449999809265137,0
2021-07-07,2021-07-07T00:00:00Z,15.449999809265137,15.670000076293945,15.039999961853027,15.210000038146973,0
2021-07-08,2021-07-08T00:00:00Z,15.210000038146973,15.949999809265137,15.210000038146973,15.819999694824219,0
2021-07-09,2021-07-09T00:00:00Z,15.1899995803833,15.350000381469727,15.029999732971191,15.270000457763672,0
2021-07-12,2021-07-12T00:00:00Z,15.180000305175781,15.380000114440918,14.84000015258789,15.039999961853027,0
2021-07-13,2021-07-13T00:00:00Z,14.710000038146973,24.43000030517578,14.4399995803833,14.84000015258789,0
2021-07-14,2021-07-14T00:00:00Z,15.029999732971191,15.079999923706055,14.5600004196167,14.789999961853027,0
2021-07-15,2021-07-15T00:00:00Z,14.789999961853027,15.039999961853027,14.640000343322754,15.010000228881836,0
2021-07-16,2021-07-16T00:00:00Z,14.800000190734863,17.729999542236328,14.420000076293945,14.600000381469727,0
2021-07-19,2021-07-19T00:00:00Z,15.25,16.1299991607666,15.25,15.960000038146973,0
2021-07-20,2021-07-20T00:00:00Z,15.960000038146973,15.960000038146973,14.930000305175781,15.010000228881836,0
2021-07-21,2021-07-21T00:00:00Z,15.40999984741211,15.40999984741211,14.930000305175781,15.010000228881836,0
2021-07-22,2021-07-22T00:00:00Z,15.010000228881836,15.010000228881836,14.399999618530273,14.510000228881836,0
2021-07-23,2021-07-23T00:00:00Z,14.680000305175781,14.739999771118164,14.180000305175781,14.529999732971191,0
2021-07-26,2021-07-26T00:00:00Z,15.149999618530273,15.260000228881836,14.930000305175781,15.199999809265137,0
2021-07-27,2021-07-27T00:00:00Z,15.140000343322754,15.649999618530273,14.850000381469727,15.510000228881836,0
2021-07-28,2021-07-28T00:00:00Z,15.229999542236328,15.609999656677246,8.710000038146973,15.609999656677246,0
2021-07-29,2021-07-29T00:00:00Z,15.050000190734863,15.649999618530273,14.989999771118164,15.210000038146973,0
2021-07-30,2021-07-30T00:00:00Z,15.210000038146973,15.210000038146973,14.699999809265137,15.09000015258789,0
2021-08-02,2021-08-02T00:00:00Z,15.25,15.369999885559082,15.079999923706055,15.229999542236328,0
2021-08-03,2021-08-03T00:00:00Z,15.229999542236328,15.229999542236328,14.729999542236328,15.09000015258789,0
2021-08-04,2021-08-04T00:00:00Z,15.09000015258789,16.110000610351562,13.279999732971191,14.880000114440918,0
2021-08-05,2021-08-05T00:00:00Z,14.880000114440918,15.039999961853027,14.699999809265137,14.84000015258789,0
2021-08-06,2021-08-06T00:00:00Z,14.84000015258789,15.899999618530273,14.84000015258789,15.899999618530273,0
2021-08-09,2021-08-09T00:00:00Z,16.899999618530273,18.219999313354492,16.899999618530273,17.260000228881836,0
2021-08-10,2021-08-10T00:00:00Z,16.8700008392334,17.610000610351562,16.68000030517578,16.93000030517578,0
2021-08-11,2021-08-11T00:00:00Z,16.93000030517578,16.93000030517578,15.270000457763672,15.829999923706055,0
2021-08-12,2021-08-12T00:00:00Z,15.850000381469727,15.920000076293945,15.420000076293945,15.670000076293945,0
2021-08-13,2021-08-13T00:00:00Z,15.319999694824219,15.350000381469727,14.90999984741211,15.149999618530273,0
2021-08-16,2021-08-16T00:00:00Z,15.600000381469727,15.850000381469727,15.529999732971191,15.619999885559082,0
2021-08-17,2021-08-17T00:00:00Z,15.800000190734863,16.139999389648438,15.739999771118164,16.100000381469727,0
2021-08-18,2021-08-18T00:00:00Z,16.100000381469727,16.90999984741211,15.640000343322754,15.800000190734863,0
2021-08-19,2021-08-19T00:00:00Z,16.079999923706055,16.34000015258789,15.789999961853027,15.90999984741211,0
2021-08-20,2021-08-20T00:00:00Z,15.90999984741211,15.90999984741211,15.3100004196167,15.34000015258789,0
2021-08-23,2021-08-23T00:00:00Z,15.989999771118164,16.030000686645508,15.199999809265137,15.84000015258789,0
2021-08-24,2021-08-24T00:00:00Z,15.84000015258789,15.84000015258789,14.460000038146973,15.449999809265137,0
2021-08-25,2021-08-25T00:00:00Z,15.449999809265137,15.989999771118164,15.449999809265137,15.899999618530273,0
2021-08-26,2021-08-26T00:00:00Z,15.899999618530273,16.440000534057617,15.760000228881836,16.440000534057617,0
2021-08-27,2021-08-27T00:00:00Z,16.440000534057617,17.270000457763672,10.020000457763672,15.270000457763672,0
2021-08-30,2021-08-30T00:00:00Z,15.619999885559082,15.619999885559082,15.350000381469727,15.520000457763672,0
2021-08-31,2021-08-31T00:00:00Z,15.520000457763672,15.6899995803833,15.239999771118164,15.470000267028809,0
2021-09-01,2021-09-01T00:00:00Z,15.470000267028809,15.470000267028809,14.899999618530273,15.119999885559082,0
2021-09-02,2021-09-02T00:00:00Z,15.119999885559082,15.119999885559082,14.449999809265137,14.760000228881836,0
2021-09-03,2021-09-03T00:00:00Z,14.640000343322754,15.119999885559082,14.5,14.949999809265137,0
2021-09-07,2021-09-07T00:00:00Z,15.369999885559082,15.84000015258789,15.1899995803833,15.359999656677246,0
2021-09-08,2021-09-08T00:00:00Z,15.359999656677246,15.359999656677246,14.960000038146973,15.140000343322754,0
2021-09-09,2021-09-09T00:00:00Z,14.930000305175781,15.329999923706055,14.890000343322754,15.100000381469727,0
2021-09-10,2021-09-10T00:00:00Z,15.100000381469727,15.149999618530273,14.819999694824219,15.149999618530273,0
2021-09-13,2021-09-13T00:00:00Z,15.239999771118164,15.239999771118164,14.720000267028809,15.09000015258789,0
2021-09-14,2021-09-14T00:00:00Z,15.09000015258789,15.09000015258789,14.479999542236328,15.020000457763672,0
2021-09-15,2021-09-15T00:00:00Z,15.020000457763672,15.220000267028809,14.890000343322754,15.140000343322754,0
2021-09-16,2021-09-16T00:00:00Z,15.140000343322754,17.360000610351562,15.140000343322754,15.920000076293945,0
2021-09-17,2021-09-17T00:00:00Z,15.920000076293945,16.079999923706055,14.979999542236328,15.920000076293945,0
2021-09-20,2021-09-20T00:00:00Z,16.780000686645508,16.979999542236328,16.329999923706055,16.850000381469727,0
2021-09-21,2021-09-21T00:00:00Z,16.850000381469727,16.850000381469727,16.1200008392334,16.459999084472656,0
2021-09-22,2021-09-22T00:00:00Z,16.459999084472656,20.940000534057617,14.069999694824219,16.40999984741211,0
2021-09-23,2021-09-23T00:00:00Z,16.40999984741211,16.84000015258789,16.06999969482422,16.81999969482422,0
2021-09-24,2021-09-24T00:00:00Z,16.81999969482422,17.010000228881836,16.030000686645508,16.440000534057617,0
2021-09-27,2021-09-27T00:00:00Z,16.760000228881836,16.790000915527344,16.100000381469727,16.200000762939453,0
2021-09-28,2021-09-28T00:00:00Z,16.200000762939453,17.360000610351562,16.200000762939453,16.780000686645508,0
2021-09-29,2021-09-29T00:00:00Z,16.780000686645508,17.670000076293945,16.6200008392334,17.389999389648438,0
2021-09-30,2021-09-30T00:00:00Z,17.389999389648438,17.389999389648438,16.40999984741211,17.15999984741211,0
2021-10-01,2021-10-01T00:00:00Z,17.15999984741211,17.15999984741211,13.239999771118164,16.329999923706055,0
2021-10-04,2021-10-04T00:00:00Z,16.8700008392334,16.950000762939453,15.529999732971191,16.770000457763672,0
2021-10-05,2021-10-05T00:00:00Z,16.770000457763672,17.40999984741211,16.540000915527344,16.559999465942383,0
2021-10-06,2021-10-06T00:00:00Z,16.559999465942383,16.75,16.399999618530273,16.579999923706055,0
2021-10-07,2021-10-07T00:00:00Z,16.579999923706055,16.610000610351562,16.229999542236328,16.290000915527344,0
2021-10-08,2021-10-08T00:00:00Z,16.290000915527344,16.290000915527344,15.520000457763672,15.670000076293945,0
2021-10-11,2021-10-11T00:00:00Z,15.850000381469727,15.850000381469727,15.149999618530273,15.5600004196167,0
2021-10-12,2021-10-12T00:00:00Z,15.5600004196167,15.5600004196167,15.010000228881836,15.100000381469727,0
2021-10-13,2021-10-13T00:00:00Z,15.100000381469727,16.06999969482422,14.949999809265137,15.510000228881836,0
2021-10-14,2021-10-14T00:00:00Z,15.510000228881836,15.550000190734863,15.220000267028809,15.34000015258789,0
2021-10-15,2021-10-15T00:00:00Z,15.34000015258789,16.56999969482422,14.989999771118164,15.0600004196167,0
2021-10-18,2021-10-18T00:00:00Z,15.649999618530273,15.869999885559082,15.489999771118164,15.529999732971191,0
2021-10-19,2021-10-19T00:00:00Z,15.529999732971191,15.529999732971191,15.289999961853027,15.319999694824219,0
2021-10-20,2021-10-20T00:00:00Z,15.319999694824219,15.489999771118164,15.079999923706055,15.270000457763672,0
2021-10-21,2021-10-21T00:00:00Z,15.270000457763672,15.329999923706055,14.970000267028809,15.149999618530273,0
2021-10-22,2021-10-22T00:00:00Z,15.149999618530273,15.850000381469727,15.149999618530273,15.739999771118164,0
2021-10-25,2021-10-25T00:00:00Z,16.25,16.829999923706055,16.229999542236328,16.729999542236328,0
2021-10-26,2021-10-26T00:00:00Z,16.729999542236328,16.729999542236328,15.930000305175781,15.960000038146973,0
2021-10-27,2021-10-27T00:00:00Z,15.960000038146973,16.079999923706055,15.699999809265137,16.079999923706055,0
2021-10-28,2021-10-28T00:00:00Z,16.079999923706055,16.239999771118164,15.739999771118164,15.800000190734863,0
2021-10-29,2021-10-29T00:00:00Z,15.800000190734863,16.209999084472656,15.800000190734863,16.06999969482422,0
2021-11-01,2021-11-01T00:00:00Z,16.280000686645508,16.389999389648438,16.229999542236328,16.309999465942383,0
2021-11-02,2021-11-02T00:00:00Z,16.309999465942383,16.479999542236328,16.209999084472656,16.469999313354492,0
2021-11-03,2021-11-03T00:00:00Z,16.469999313354492,22.59000015258789,16.239999771118164,16.280000686645508,0
2021-11-04,2021-11-04T00:00:00Z,16.280000686645508,16.280000686645508,15.75,15.869999885559082,0
2021-11-05,2021-11-05T00:00:00Z,15.869999885559082,17.09000015258789,15.40999984741211,16.639999389648438,0
2021-11-08,2021-11-08T00:00:00Z,16.989999771118164,17.010000228881836,16.5,16.65999984741211,0
2021-11-09,2021-11-09T00:00:00Z,16.65999984741211,16.809999465942383,16.399999618530273,16.760000228881836,0
2021-11-10,2021-11-10T00:00:00Z,16.760000228881836,17.559999465942383,16.5,16.799999237060547,0
2021-11-11,2021-11-11T00:00:00Z,16.799999237060547,16.959999084472656,16.719999313354492,16.950000762939453,0
2021-11-12,2021-11-12T00:00:00Z,16.950000762939453,16.950000762939453,16.479999542236328,16.850000381469727,0
2021-11-15,2021-11-15T00:00:00Z,17.110000610351562,17.229999542236328,16.8700008392334,17.0,0
2021-11-16,2021-11-16T00:00:00Z,17.0,17.020000457763672,16.5,16.670000076293945,0
2021-11-17,2021-11-17T00:00:00Z,16.670000076293945,16.780000686645508,16.56999969482422,16.690000534057617,0
2021-11-18,2021-11-18T00:00:00Z,16.690000534057617,16.690000534057617,16.200000762939453,16.25,0
2021-11-19,2021-11-19T00:00:00Z,16.25,16.559999465942383,15.6899995803833,15.989999771118164,0
2021-11-22,2021-11-22T00:00:00Z,16.270000457763672,16.610000610351562,16.170000076293945,16.59000015258789,0
2021-11-23,2021-11-23T00:00:00Z,16.59000015258789,16.899999618530273,16.3700008392334,16.809999465942383,0
2021-11-24,2021-11-24T00:00:00Z,16.809999465942383,17.030000686645508,16.3700008392334,16.75,0
2021-11-26,2021-11-26T00:00:00Z,16.75,18.010000228881836,16.09000015258789,17.989999771118164,0
2021-11-29,2021-11-29T00:00:00Z,17.56999969482422,17.639999389648438,17.360000610351562,17.549999237060547,0
2021-11-30,2021-11-30T00:00:00Z,17.549999237060547,19.40999984741211,17.34000015258789,17.989999771118164,0
2021-12-01,2021-12-01T00:00:00Z,17.989999771118164,18.389999389648438,17.229999542236328,18.389999389648438,0
2021-12-02,2021-12-02T00:00:00Z,18.389999389648438,18.719999313354492,18.110000610351562,18.450000762939453,0
2021-12-03,2021-12-03T00:00:00Z,18.450000762939453,18.56999969482422,15.850000381469727,17.920000076293945,0
2021-12-06,2021-12-06T00:00:00Z,17.729999542236328,17.770000457763672,17.290000915527344,17.440000534057617,0
2021-12-07,2021-12-07T00:00:00Z,17.440000534057617,17.440000534057617,17.010000228881836,17.020000457763672,0
2021-12-08,2021-12-08T00:00:00Z,17.020000457763672,17.020000457763672,16.139999389648438,16.479999542236328,0
2021-12-09,2021-12-09T00:00:00Z,16.479999542236328,16.700000762939453,16.1299991607666,16.700000762939453,0
2021-12-10,2021-12-10T00:00:00Z,16.700000762939453,16.700000762939453,15.229999542236328,15.350000381469727,0
2021-12-13,2021-12-13T00:00:00Z,15.5,16.0,15.239999771118164,15.970000267028809,0
2021-12-14,2021-12-14T00:00:00Z,15.970000267028809,16.520000457763672,15.90999984741211,16.40999984741211,0
2021-12-15,2021-12-15T00:00:00Z,16.40999984741211,34.56999969482422,15.0600004196167,15.539999961853027,0
2021-12-16,2021-12-16T00:00:00Z,15.539999961853027,15.539999961853027,14.880000114440918,15.220000267028809,0
2021-12-17,2021-12-17T00:00:00Z,15.220000267028809,15.220000267028809,14.819999694824219,15.069999694824219,0
2021-12-20,2021-12-20T00:00:00Z,15.800000190734863,15.949999809265137,15.579999923706055,15.770000457763672,0
2021-12-21,2021-12-21T00:00:00Z,15.770000457763672,15.770000457763672,15.260000228881836,15.420000076293945,0
2021-12-22,2021-12-22T00:00:00Z,15.420000076293945,15.420000076293945,14.260000228881836,14.9399995803833,0
2021-12-23,2021-12-23T00:00:00Z,14.9399995803833,14.9399995803833,14.59000015258789,14.619999885559082,0
2021-12-27,2021-12-27T00:00:00Z,15.680000305175781,15.739999771118164,15.359999656677246,15.4399995803833,0
2021-12-28,2021-12-28T00:00:00Z,15.4399995803833,15.4399995803833,14.989999771118164,15.0600004196167,0
2021-12-29,2021-12-29T00:00:00Z,15.0600004196167,15.380000114440918,15.0600004196167,15.130000114440918,0
2021-12-30,2021-12-30T00:00:00Z,15.130000114440918,15.130000114440918,14.65999984741211,14.770000457763672,0
2021-12-31,2021-12-31T00:00:00Z,14.770000457763672,14.770000457763672,14.350000381469727,14.609999656677246,0
2022-01-03,2022-01-03T00:00:00Z,14.609999656677246,15.600000381469727,14.609999656677246,15.34000015258789,0
2022-01-04,2022-01-04T00:00:00Z,15.34000015258789,15.520000457763672,15.079999923706055,15.329999923706055,0
2022-01-05,2022-01-05T00:00:00Z,15.329999923706055,16.299999237060547,15.289999961853027,16.209999084472656,0
2022-01-06,2022-01-06T00:00:00Z,16.209999084472656,19.450000762939453,15.789999961853027,15.869999885559082,0
2022-01-07,2022-01-07T00:00:00Z,15.869999885559082,15.869999885559082,14.920000076293945,15.039999961853027,0
2022-01-10,2022-01-10T00:00:00Z,15.609999656677246,15.619999885559082,15.260000228881836,15.5600004196167,0
2022-01-11,2022-01-11T00:00:00Z,15.5600004196167,15.5600004196167,15.029999732971191,15.210000038146973,0
2022-01-12,2022-01-12T00:00:00Z,15.210000038146973,15.319999694824219,15.0,15.319999694824219,0
2022-01-13,2022-01-13T00:00:00Z,15.319999694824219,15.319999694824219,14.729999542236328,15.170000076293945,0
2022-01-14,2022-01-14T00:00:00Z,15.170000076293945,15.170000076293945,14.569999694824219,14.729999542236328,0
2022-01-18,2022-01-18T00:00:00Z,15.119999885559082,15.329999923706055,14.930000305175781,15.09000015258789,0
2022-01-19,2022-01-19T00:00:00Z,15.09000015258789,23.110000610351562,14.960000038146973,15.640000343322754,0
2022-01-20,2022-01-20T00:00:00Z,15.640000343322754,15.640000343322754,15.050000190734863,15.09000015258789,0
2022-01-21,2022-01-21T00:00:00Z,15.09000015258789,15.300000190734863,14.850000381469727,15.199999809265137,0
2022-01-24,2022-01-24T00:00:00Z,16.09000015258789,16.6200008392334,16.059999465942383,16.299999237060547,0
2022-01-25,2022-01-25T00:00:00Z,16.299999237060547,17.450000762939453,16.299999237060547,16.469999313354492,0
2022-01-26,2022-01-26T00:00:00Z,16.469999313354492,16.889999389648438,15.270000457763672,16.420000076293945,0
2022-01-27,2022-01-27T00:00:00Z,16.420000076293945,17.229999542236328,16.170000076293945,17.149999618530273,0
2022-01-28,2022-01-28T00:00:00Z,17.149999618530273,17.559999465942383,16.81999969482422,17.1200008392334,0
2022-01-31,2022-01-31T00:00:00Z,17.1200008392334,17.329999923706055,16.649999618530273,16.700000762939453,0
2022-02-01,2022-02-01T00:00:00Z,16.700000762939453,16.700000762939453,16.489999771118164,16.5,0
2022-02-02,2022-02-02T00:00:00Z,16.5,16.5,15.640000343322754,15.65999984741211,0
2022-02-03,2022-02-03T00:00:00Z,15.65999984741211,16.170000076293945,15.489999771118164,16.010000228881836,0
2022-02-04,2022-02-04T00:00:00Z,16.010000228881836,16.110000610351562,15.449999809265137,15.529999732971191,0
2022-02-07,2022-02-07T00:00:00Z,15.8100004196167,16.190000534057617,15.75,16.149999618530273,0
2022-02-08,2022-02-08T00:00:00Z,16.149999618530273,16.149999618530273,15.829999923706055,15.859999656677246,0
2022-02-09,2022-02-09T00:00:00Z,15.859999656677246,15.859999656677246,15.3100004196167,15.630000114440918,0
2022-02-10,2022-02-10T00:00:00Z,15.630000114440918,15.920000076293945,15.239999771118164,15.920000076293945,0
2022-02-11,2022-02-11T00:00:00Z,15.920000076293945,20.43000030517578,15.670000076293945,17.809999465942383,0
2022-02-14,2022-02-14T00:00:00Z,18.350000381469727,19.350000381469727,18.1200008392334,18.950000762939453,0
2022-02-15,2022-02-15T00:00:00Z,18.950000762939453,18.950000762939453,17.579999923706055,17.700000762939453,0
2022-02-16,2022-02-16T00:00:00Z,17.700000762939453,18.510000228881836,17.3799991607666,18.06999969482422,0
2022-02-17,2022-02-17T00:00:00Z,18.06999969482422,19.860000610351562,18.06999969482422,19.790000915527344,0
2022-02-18,2022-02-18T00:00:00Z,19.790000915527344,19.790000915527344,18.020000457763672,18.540000915527344,0
2022-02-22,2022-02-22T00:00:00Z,18.25,18.399999618530273,17.56999969482422,17.93000030517578,0
2022-02-23,2022-02-23T00:00:00Z,17.93000030517578,17.93000030517578,17.030000686645508,17.690000534057617,0
2022-02-24,2022-02-24T00:00:00Z,17.690000534057617,20.25,17.479999542236328,18.1200008392334,0
2022-02-25,2022-02-25T00:00:00Z,18.1200008392334,18.40999984741211,17.530000686645508,18.399999618530273,0
2022-02-28,2022-02-28T00:00:00Z,20.579999923706055,21.059999465942383,19.219999313354492,20.969999313354492,0
2022-03-01,2022-03-01T00:00:00Z,20.969999313354492,23.239999771118164,20.579999923706055,22.700000762939453,0
2022-03-02,2022-03-02T00:00:00Z,22.700000762939453,22.700000762939453,20.959999084472656,21.850000381469727,0
2022-03-03,2022-03-03T00:00:00Z,21.850000381469727,23.049999237060547,21.520000457763672,22.940000534057617,0
2022-03-04,2022-03-04T00:00:00Z,22.940000534057617,27.079999923706055,22.940000534057617,26.290000915527344,0
2022-03-07,2022-03-07T00:00:00Z,26.290000915527344,30.600000381469727,26.290000915527344,29.670000076293945,0
2022-03-08,2022-03-08T00:00:00Z,29.670000076293945,33.77000045776367,29.139999389648438,31.700000762939453,0
2022-03-09,2022-03-09T00:00:00Z,31.700000762939453,31.700000762939453,25.959999084472656,28.010000228881836,0
2022-03-10,2022-03-10T00:00:00Z,28.010000228881836,28.010000228881836,25.690000534057617,26.079999923706055,0
2022-03-11,2022-03-11T00:00:00Z,26.079999923706055,26.079999923706055,24.389999389648438,24.729999542236328,0
2022-03-14,2022-03-14T00:00:00Z,25.020000457763672,25.059999465942383,22.940000534057617,24.079999923706055,0
2022-03-15,2022-03-15T00:00:00Z,24.079999923706055,24.540000915527344,23.149999618530273,23.799999237060547,0
2022-03-16,2022-03-16T00:00:00Z,23.799999237060547,26.610000610351562,19.989999771118164,22.510000228881836,0
2022-03-17,2022-03-17T00:00:00Z,22.510000228881836,23.1299991607666,22.1299991607666,22.229999542236328,0
2022-03-18,2022-03-18T00:00:00Z,22.229999542236328,23.049999237060547,21.34000015258789,22.0,0
2022-03-21,2022-03-21T00:00:00Z,21.559999465942383,24.059999465942383,21.459999084472656,21.889999389648438,0
2022-03-22,2022-03-22T00:00:00Z,21.889999389648438,21.889999389648438,20.3799991607666,20.579999923706055,0
2022-03-23,2022-03-23T00:00:00Z,20.579999923706055,23.40999984741211,20.579999923706055,23.40999984741211,0
2022-03-24,2022-03-24T00:00:00Z,23.40999984741211,24.84000015258789,22.8700008392334,24.06999969482422,0
2022-03-25,2022-03-25T00:00:00Z,24.06999969482422,24.75,22.8700008392334,24.68000030517578,0
2022-03-28,2022-03-28T00:00:00Z,24.079999923706055,24.8700008392334,23.049999237060547,23.200000762939453,0
2022-03-29,2022-03-29T00:00:00Z,23.200000762939453,23.200000762939453,18.270000457763672,21.280000686645508,0
2022-03-30,2022-03-30T00:00:00Z,21.280000686645508,21.280000686645508,17.760000228881836,21.079999923706055,0
2022-03-31,2022-03-31T00:00:00Z,21.079999923706055,21.079999923706055,20.149999618530273,20.25,0
2022-04-01,2022-04-01T00:00:00Z,20.25,20.25,16.530000686645508,19.079999923706055,0
2022-04-04,2022-04-04T00:00:00Z,19.299999237060547,19.530000686645508,19.020000457763672,19.219999313354492,0
2022-04-05,2022-04-05T00:00:00Z,19.219999313354492,19.34000015258789,18.290000915527344,18.469999313354492,0
2022-04-06,2022-04-06T00:00:00Z,18.469999313354492,18.969999313354492,17.459999084472656,18.8799991607666,0
2022-04-07,2022-04-07T00:00:00Z,18.8799991607666,19.950000762939453,18.3799991607666,18.43000030517578,0
2022-04-08,2022-04-08T00:00:00Z,18.43000030517578,18.829999923706055,18.229999542236328,18.3700008392334,0
2022-04-11,2022-04-11T00:00:00Z,18.690000534057617,19.280000686645508,18.190000534057617,19.25,0
2022-04-12,2022-04-12T00:00:00Z,19.25,29.790000915527344,18.920000076293945,19.3700008392334,0
2022-04-13,2022-04-13T00:00:00Z,19.3700008392334,28.079999923706055,18.610000610351562,18.700000762939453,0
2022-04-14,2022-04-14T00:00:00Z,18.700000762939453,18.700000762939453,17.389999389648438,17.709999084472656,0
2022-04-18,2022-04-18T00:00:00Z,19.479999542236328,19.540000915527344,19.06999969482422,19.06999969482422,0
2022-04-19,2022-04-19T00:00:00Z,19.06999969482422,19.06999969482422,18.010000228881836,18.190000534057617,0
2022-04-20,2022-04-20T00:00:00Z,18.190000534057617,24.790000915527344,17.43000030517578,18.149999618530273,0
2022-04-21,2022-04-21T00:00:00Z,18.149999618530273,18.329999923706055,17.530000686645508,18.219999313354492,0
2022-04-22,2022-04-22T00:00:00Z,18.219999313354492,19.68000030517578,17.559999465942383,18.969999313354492,0
2022-04-25,2022-04-25T00:00:00Z,18.979999542236328,19.5,18.829999923706055,19.469999313354492,0
2022-04-26,2022-04-26T00:00:00Z,19.469999313354492,20.56999969482422,18.15999984741211,19.229999542236328,0
2022-04-27,2022-04-27T00:00:00Z,19.229999542236328,20.25,18.530000686645508,19.15999984741211,0
2022-04-28,2022-04-28T00:00:00Z,19.15999984741211,20.420000076293945,16.790000915527344,19.0,0
2022-04-29,2022-04-29T00:00:00Z,19.0,19.90999984741211,16.93000030517578,19.829999923706055,0
2022-05-02,2022-05-02T00:00:00Z,20.469999313354492,20.649999618530273,19.84000015258789,20.059999465942383,0
2022-05-03,2022-05-03T00:00:00Z,20.059999465942383,20.059999465942383,19.68000030517578,19.709999084472656,0
2022-05-04,2022-05-04T00:00:00Z,19.709999084472656,19.709999084472656,15.119999885559082,18.809999465942383,0
2022-05-05,2022-05-05T00:00:00Z,18.809999465942383,19.389999389648438,18.479999542236328,19.360000610351562,0
2022-05-06,2022-05-06T00:00:00Z,19.360000610351562,19.360000610351562,18.700000762939453,18.709999084472656,0
2022-05-09,2022-05-09T00:00:00Z,19.540000915527344,20.510000228881836,19.09000015258789,20.489999771118164,0
2022-05-10,2022-05-10T00:00:00Z,20.489999771118164,20.489999771118164,19.219999313354492,20.020000457763672,0
2022-05-11,2022-05-11T00:00:00Z,20.020000457763672,21.889999389648438,18.1200008392334,20.260000228881836,0
2022-05-12,2022-05-12T00:00:00Z,20.260000228881836,21.670000076293945,19.610000610351562,21.510000228881836,0
2022-05-13,2022-05-13T00:00:00Z,21.510000228881836,21.600000381469727,20.950000762939453,21.200000762939453,0
2022-05-16,2022-05-16T00:00:00Z,21.420000076293945,21.559999465942383,20.84000015258789,21.15999984741211,0
2022-05-17,2022-05-17T00:00:00Z,21.15999984741211,21.15999984741211,19.920000076293945,20.049999237060547,0
2022-05-18,2022-05-18T00:00:00Z,20.049999237060547,20.049999237060547,19.3700008392334,19.690000534057617,0
2022-05-19,2022-05-19T00:00:00Z,19.690000534057617,20.6299991607666,19.690000534057617,20.25,0
2022-05-20,2022-05-20T00:00:00Z,20.25,20.25,18.700000762939453,19.309999465942383,0
2022-05-23,2022-05-23T00:00:00Z,20.110000610351562,20.149999618530273,19.420000076293945,19.6299991607666,0
2022-05-24,2022-05-24T00:00:00Z,19.6299991607666,26.520000457763672,16.34000015258789,19.1299991607666,0
2022-05-25,2022-05-25T00:00:00Z,19.1299991607666,21.6200008392334,17.450000762939453,18.270000457763672,0
2022-05-26,2022-05-26T00:00:00Z,18.270000457763672,18.270000457763672,15.630000114440918,17.809999465942383,0
2022-05-27,2022-05-27T00:00:00Z,17.809999465942383,17.809999465942383,17.31999969482422,17.5,0
2022-05-31,2022-05-31T00:00:00Z,17.56999969482422,17.59000015258789,13.170000076293945,17.190000534057617,0
2022-06-01,2022-06-01T00:00:00Z,17.190000534057617,17.31999969482422,14.859999656677246,16.940000534057617,0
2022-06-02,2022-06-02T00:00:00Z,16.940000534057617,17.809999465942383,16.690000534057617,17.1299991607666,0
2022-06-03,2022-06-03T00:00:00Z,17.1299991607666,18.139999389648438,16.389999389648438,16.510000228881836,0
2022-06-06,2022-06-06T00:00:00Z,16.65999984741211,16.860000610351562,16.579999923706055,16.809999465942383,0
2022-06-07,2022-06-07T00:00:00Z,16.579999923706055,16.729999542236328,16.420000076293945,16.639999389648438,0
2022-06-08,2022-06-08T00:00:00Z,16.40999984741211,16.420000076293945,16.040000915527344,16.040000915527344,0
2022-06-09,2022-06-09T00:00:00Z,15.859999656677246,16.329999923706055,15.779999732971191,16.290000915527344,0
2022-06-10,2022-06-10T00:00:00Z,16.389999389648438,17.780000686645508,16.389999389648438,17.579999923706055,0
2022-06-13,2022-06-13T00:00:00Z,19.280000686645508,20.889999389648438,19.260000228881836,20.84000015258789,0
2022-06-14,2022-06-14T00:00:00Z,21.1299991607666,22.270000457763672,21.010000228881836,21.989999771118164,0
2022-06-15,2022-06-15T00:00:00Z,21.079999923706055,21.709999084472656,19.260000228881836,19.399999618530273,0
2022-06-16,2022-06-16T00:00:00Z,19.459999084472656,20.8700008392334,19.389999389648438,20.649999618530273,0
2022-06-17,2022-06-17T00:00:00Z,19.65999984741211,21.690000534057617,19.649999618530273,20.280000686645508,0
2022-06-21,2022-06-21T00:00:00Z,18.520000457763672,18.729999542236328,18.1299991607666,18.239999771118164,0
2022-06-22,2022-06-22T00:00:00Z,18.940000534057617,18.959999084472656,18.219999313354492,18.290000915527344,0
2022-06-23,2022-06-23T00:00:00Z,18.15999984741211,18.84000015258789,18.1200008392334,18.649999618530273,0
2022-06-24,2022-06-24T00:00:00Z,18.25,18.389999389648438,17.850000381469727,17.920000076293945,0
2022-06-27,2022-06-27T00:00:00Z,18.190000534057617,18.309999465942383,17.68000030517578,17.8799991607666,0
2022-06-28,2022-06-28T00:00:00Z,17.540000915527344,18.040000915527344,17.540000915527344,17.950000762939453,0
2022-06-29,2022-06-29T00:00:00Z,17.799999237060547,18.309999465942383,17.799999237060547,18.079999923706055,0
2022-06-30,2022-06-30T00:00:00Z,18.780000686645508,19.780000686645508,18.690000534057617,19.610000610351562,0
2022-07-01,2022-07-01T00:00:00Z,20.639999389648438,20.65999984741211,20.09000015258789,20.170000076293945,0
2022-07-05,2022-07-05T00:00:00Z,20.809999465942383,22.709999084472656,20.809999465942383,21.329999923706055,0
2022-07-06,2022-07-06T00:00:00Z,21.09000015258789,23.25,20.969999313354492,21.90999984741211,0
2022-07-07,2022-07-07T00:00:00Z,20.799999237060547,21.030000686645508,20.350000381469727,20.5,0
2022-07-08,2022-07-08T00:00:00Z,19.84000015258789,19.899999618530273,19.100000381469727,19.40999984741211,0
2022-07-11,2022-07-11T00:00:00Z,19.719999313354492,19.8700008392334,19.479999542236328,19.719999313354492,0
2022-07-12,2022-07-12T00:00:00Z,19.59000015258789,19.889999389648438,19.260000228881836,19.780000686645508,0
2022-07-13,2022-07-13T00:00:00Z,19.399999618530273,19.579999923706055,18.06999969482422,18.360000610351562,0
2022-07-14,2022-07-14T00:00:00Z,19.530000686645508,20.770000457763672,19.34000015258789,19.600000381469727,0
2022-07-15,2022-07-15T00:00:00Z,19.440000534057617,19.579999923706055,19.09000015258789,19.270000457763672,0
2022-07-18,2022-07-18T00:00:00Z,19.200000762939453,19.530000686645508,18.989999771118164,19.420000076293945,0
2022-07-19,2022-07-19T00:00:00Z,18.959999084472656,18.989999771118164,18.6299991607666,18.6299991607666,0
2022-07-20,2022-07-20T00:00:00Z,18.6299991607666,19.260000228881836,18.389999389648438,19.260000228881836,0
2022-07-21,2022-07-21T00:00:00Z,19.1200008392334,19.260000228881836,18.5,18.709999084472656,0
2022-07-22,2022-07-22T00:00:00Z,18.610000610351562,22.280000686645508,18.260000228881836,18.299999237060547,0
2022-07-25,2022-07-25T00:00:00Z,18.760000228881836,18.799999237060547,18.149999618530273,18.299999237060547,0
2022-07-26,2022-07-26T00:00:00Z,18.290000915527344,18.329999923706055,18.040000915527344,18.059999465942383,0
2022-07-27,2022-07-27T00:00:00Z,17.860000610351562,19.040000915527344,17.010000228881836,17.389999389648438,0
2022-07-28,2022-07-28T00:00:00Z,17.40999984741211,17.510000228881836,16.75,16.84000015258789,0
2022-07-29,2022-07-29T00:00:00Z,16.40999984741211,16.6200008392334,16.09000015258789,16.489999771118164,0
2022-08-01,2022-08-01T00:00:00Z,17.5,17.84000015258789,17.399999618530273,17.520000457763672,0
2022-08-02,2022-08-02T00:00:00Z,17.6299991607666,17.6299991607666,17.280000686645508,17.34000015258789,0
2022-08-03,2022-08-03T00:00:00Z,17.260000228881836,17.440000534057617,16.719999313354492,16.760000228881836,0
2022-08-04,2022-08-04T00:00:00Z,16.700000762939453,16.950000762939453,16.579999923706055,16.950000762939453,0
2022-08-05,2022-08-05T00:00:00Z,16.670000076293945,16.719999313354492,16.34000015258789,16.3700008392334,0
2022-08-08,2022-08-08T00:00:00Z,16.940000534057617,17.010000228881836,16.65999984741211,16.760000228881836,0
2022-08-09,2022-08-09T00:00:00Z,16.489999771118164,16.739999771118164,16.469999313354492,16.690000534057617,0
2022-08-10,2022-08-10T00:00:00Z,16.15999984741211,16.350000381469727,15.920000076293945,16.270000457763672,0
2022-08-11,2022-08-11T00:00:00Z,15.6899995803833,15.920000076293945,15.529999732971191,15.8100004196167,0
2022-08-12,2022-08-12T00:00:00Z,15.1899995803833,15.420000076293945,15.069999694824219,15.220000267028809,0
2022-08-15,2022-08-15T00:00:00Z,15.710000038146973,15.90999984741211,15.34000015258789,15.369999885559082,0
2022-08-16,2022-08-16T00:00:00Z,15.319999694824219,15.489999771118164,15.15999984741211,15.270000457763672,0
2022-08-17,2022-08-17T00:00:00Z,15.350000381469727,17.579999923706055,15.319999694824219,15.319999694824219,0
2022-08-18,2022-08-18T00:00:00Z,15.319999694824219,15.739999771118164,15.220000267028809,15.359999656677246,0
2022-08-19,2022-08-19T00:00:00Z,15.479999542236328,15.979999542236328,15.390000343322754,15.90999984741211,0
2022-08-22,2022-08-22T00:00:00Z,16.690000534057617,16.799999237060547,16.520000457763672,16.56999969482422,0
2022-08-23,2022-08-23T00:00:00Z,16.579999923706055,16.579999923706055,15.789999961853027,15.800000190734863,0
2022-08-24,2022-08-24T00:00:00Z,15.869999885559082,15.960000038146973,15.609999656677246,15.899999618530273,0
2022-08-25,2022-08-25T00:00:00Z,15.739999771118164,15.779999732971191,15.380000114440918,15.569999694824219,0
2022-08-26,2022-08-26T00:00:00Z,15.470000267028809,15.569999694824219,15.170000076293945,15.420000076293945,0
2022-08-29,2022-08-29T00:00:00Z,16.010000228881836,16.09000015258789,15.869999885559082,16.020000457763672,0
2022-08-30,2022-08-30T00:00:00Z,15.829999923706055,16.59000015258789,15.789999961853027,16.520000457763672,0
2022-08-31,2022-08-31T00:00:00Z,16.770000457763672,17.030000686645508,16.639999389648438,17.020000457763672,0
2022-09-01,2022-09-01T00:00:00Z,17.25,17.950000762939453,17.239999771118164,17.799999237060547,0
2022-09-02,2022-09-02T00:00:00Z,16.450000762939453,16.920000076293945,16.229999542236328,16.8799991607666,0
2022-09-06,2022-09-06T00:00:00Z,17.489999771118164,17.790000915527344,17.489999771118164,17.68000030517578,0
2022-09-07,2022-09-07T00:00:00Z,17.6299991607666,17.649999618530273,16.700000762939453,16.770000457763672,0
2022-09-08,2022-09-08T00:00:00Z,16.75,16.850000381469727,16.299999237060547,16.399999618530273,0
2022-09-09,2022-09-09T00:00:00Z,16.309999465942383,16.329999923706055,15.890000343322754,15.90999984741211,0
2022-09-12,2022-09-12T00:00:00Z,15.869999885559082,15.9399995803833,15.649999618530273,15.789999961853027,0
2022-09-13,2022-09-13T00:00:00Z,16.0,16.950000762939453,15.90999984741211,16.93000030517578,0
2022-09-14,2022-09-14T00:00:00Z,16.6200008392334,17.229999542236328,16.389999389648438,17.170000076293945,0
2022-09-15,2022-09-15T00:00:00Z,17.889999389648438,19.850000381469727,17.709999084472656,19.65999984741211,0
2022-09-16,2022-09-16T00:00:00Z,19.049999237060547,19.049999237060547,17.809999465942383,18.309999465942383,0
2022-09-19,2022-09-19T00:00:00Z,18.8799991607666,18.8799991607666,18.239999771118164,18.3700008392334,0
2022-09-20,2022-09-20T00:00:00Z,18.559999465942383,18.719999313354492,18.360000610351562,18.59000015258789,0
2022-09-21,2022-09-21T00:00:00Z,18.489999771118164,18.93000030517578,17.760000228881836,18.479999542236328,0
2022-09-22,2022-09-22T00:00:00Z,17.75,18.229999542236328,17.68000030517578,17.93000030517578,0
2022-09-23,2022-09-23T00:00:00Z,18.940000534057617,19.760000228881836,18.93000030517578,19.420000076293945,0
2022-09-26,2022-09-26T00:00:00Z,19.719999313354492,20.709999084472656,19.229999542236328,20.260000228881836,0
2022-09-27,2022-09-27T00:00:00Z,19.40999984741211,19.729999542236328,19.030000686645508,19.260000228881836,0
2022-09-28,2022-09-28T00:00:00Z,19.299999237060547,19.389999389648438,18.90999984741211,19.270000457763672,0
2022-09-29,2022-09-29T00:00:00Z,19.520000457763672,20.030000686645508,19.440000534057617,19.780000686645508,0
2022-09-30,2022-09-30T00:00:00Z,19.440000534057617,19.639999389648438,19.420000076293945,19.520000457763672,0
2022-10-03,2022-10-03T00:00:00Z,20.110000610351562,20.860000610351562,20.110000610351562,20.290000915527344,0
2022-10-04,2022-10-04T00:00:00Z,19.600000381469727,19.790000915527344,19.309999465942383,19.549999237060547,0
2022-10-05,2022-10-05T00:00:00Z,20.049999237060547,20.18000030517578,19.690000534057617,19.690000534057617,0
2022-10-06,2022-10-06T00:00:00Z,19.799999237060547,20.030000686645508,19.639999389648438,19.670000076293945,0
2022-10-07,2022-10-07T00:00:00Z,19.559999465942383,19.760000228881836,19.440000534057617,19.65999984741211,0
2022-10-10,2022-10-10T00:00:00Z,20.520000457763672,20.81999969482422,20.450000762939453,20.540000915527344,0
2022-10-11,2022-10-11T00:00:00Z,20.489999771118164,20.760000228881836,20.1200008392334,20.59000015258789,0
2022-10-12,2022-10-12T00:00:00Z,20.31999969482422,20.5,19.969999313354492,20.399999618530273,0
2022-10-13,2022-10-13T00:00:00Z,20.510000228881836,21.010000228881836,19.969999313354492,20.06999969482422,0
2022-10-14,2022-10-14T00:00:00Z,19.950000762939453,20.440000534057617,19.790000915527344,20.06999969482422,0
2022-10-17,2022-10-17T00:00:00Z,20.09000015258789,20.100000381469727,19.579999923706055,19.959999084472656,0
2022-10-18,2022-10-18T00:00:00Z,19.610000610351562,19.639999389648438,19.170000076293945,19.190000534057617,0
2022-10-19,2022-10-19T00:00:00Z,19.469999313354492,19.5,19.229999542236328,19.40999984741211,0
2022-10-20,2022-10-20T00:00:00Z,19.170000076293945,19.299999237060547,18.860000610351562,19.229999542236328,0
2022-10-21,2022-10-21T00:00:00Z,19.479999542236328,19.530000686645508,18.959999084472656,19.049999237060547,0
2022-10-24,2022-10-24T00:00:00Z,19.8799991607666,19.899999618530273,19.399999618530273,19.579999923706055,0
2022-10-25,2022-10-25T00:00:00Z,19.43000030517578,19.56999969482422,19.299999237060547,19.329999923706055,0
2022-10-26,2022-10-26T00:00:00Z,19.1299991607666,19.190000534057617,18.670000076293945,18.670000076293945,0
2022-10-27,2022-10-27T00:00:00Z,18.739999771118164,18.739999771118164,18.399999618530273,18.510000228881836,0
2022-10-28,2022-10-28T00:00:00Z,18.56999969482422,18.56999969482422,17.93000030517578,18.010000228881836,0
2022-10-31,2022-10-31T00:00:00Z,18.6299991607666,18.6299991607666,18.270000457763672,18.270000457763672,0
2022-11-01,2022-11-01T00:00:00Z,18.540000915527344,18.610000610351562,18.3700008392334,18.450000762939453,0
2022-11-02,2022-11-02T00:00:00Z,18.649999618530273,18.709999084472656,17.799999237060547,17.84000015258789,0
2022-11-03,2022-11-03T00:00:00Z,18.540000915527344,18.610000610351562,17.940000534057617,18.030000686645508,0
2022-11-04,2022-11-04T00:00:00Z,17.920000076293945,18.079999923706055,17.709999084472656,18.030000686645508,0
2022-11-07,2022-11-07T00:00:00Z,18.25,18.280000686645508,18.079999923706055,18.1200008392334,0
2022-11-08,2022-11-08T00:00:00Z,18.010000228881836,19.079999923706055,17.979999542236328,18.90999984741211,0
2022-11-09,2022-11-09T00:00:00Z,18.5,18.969999313354492,18.479999542236328,18.90999984741211,0
2022-11-10,2022-11-10T00:00:00Z,18.09000015258789,18.15999984741211,17.600000381469727,17.690000534057617,0
2022-11-11,2022-11-11T00:00:00Z,17.420000076293945,17.700000762939453,17.139999389648438,17.56999969482422,0
2022-11-14,2022-11-14T00:00:00Z,17.459999084472656,17.649999618530273,17.3700008392334,17.40999984741211,0
2022-11-15,2022-11-15T00:00:00Z,17.299999237060547,19.079999923706055,17.149999618530273,17.719999313354492,0
2022-11-16,2022-11-16T00:00:00Z,17.299999237060547,17.43000030517578,17.170000076293945,17.229999542236328,0
2022-11-17,2022-11-17T00:00:00Z,17.190000534057617,17.260000228881836,16.770000457763672,16.770000457763672,0
2022-11-18,2022-11-18T00:00:00Z,16.639999389648438,16.8799991607666,16.420000076293945,16.510000228881836,0
2022-11-21,2022-11-21T00:00:00Z,16.719999313354492,16.829999923706055,16.56999969482422,16.68000030517578,0
2022-11-22,2022-11-22T00:00:00Z,16.3700008392334,16.389999389648438,15.920000076293945,16.06999969482422,0
2022-11-23,2022-11-23T00:00:00Z,15.829999923706055,15.979999542236328,15.510000228881836,15.84000015258789,0
2022-11-25,2022-11-25T00:00:00Z,15.119999885559082,15.319999694824219,15.119999885559082,15.229999542236328,0
2022-11-28,2022-11-28T00:00:00Z,15.65999984741211,15.880000114440918,15.640000343322754,15.770000457763672,0
2022-11-29,2022-11-29T00:00:00Z,15.640000343322754,15.770000457763672,15.59000015258789,15.710000038146973,0
2022-11-30,2022-11-30T00:00:00Z,15.640000343322754,15.970000267028809,15.430000305175781,15.449999809265137,0
2022-12-01,2022-12-01T00:00:00Z,15.520000457763672,15.9399995803833,15.399999618530273,15.920000076293945,0
2022-12-02,2022-12-02T00:00:00Z,15.420000076293945,15.5600004196167,15.369999885559082,15.420000076293945,0
2022-12-05,2022-12-05T00:00:00Z,15.6899995803833,15.949999809265137,15.6899995803833,15.8100004196167,0
2022-12-06,2022-12-06T00:00:00Z,15.850000381469727,16.260000228881836,15.8100004196167,16.190000534057617,0
2022-12-07,2022-12-07T00:00:00Z,16.15999984741211,16.610000610351562,16.149999618530273,16.549999237060547,0
2022-12-08,2022-12-08T00:00:00Z,16.489999771118164,16.68000030517578,16.399999618530273,16.450000762939453,0
2022-12-09,2022-12-09T00:00:00Z,16.3799991607666,16.540000915527344,16.170000076293945,16.260000228881836,0
2022-12-12,2022-12-12T00:00:00Z,15.569999694824219,15.670000076293945,15.319999694824219,15.510000228881836,0
2022-12-13,2022-12-13T00:00:00Z,14.739999771118164,14.84000015258789,14.449999809265137,14.710000038146973,0
2022-12-14,2022-12-14T00:00:00Z,14.609999656677246,16.90999984741211,13.039999961853027,14.0600004196167,0
2022-12-15,2022-12-15T00:00:00Z,14.229999542236328,14.569999694824219,14.109999656677246,14.390000343322754,0
2022-12-16,2022-12-16T00:00:00Z,14.229999542236328,14.380000114440918,13.90999984741211,14.140000343322754,0
2022-12-19,2022-12-19T00:00:00Z,14.359999656677246,14.59000015258789,14.34000015258789,14.489999771118164,0
2022-12-20,2022-12-20T00:00:00Z,14.489999771118164,15.149999618530273,14.40999984741211,15.029999732971191,0
2022-12-21,2022-12-21T00:00:00Z,14.850000381469727,15.039999961853027,14.760000228881836,14.779999732971191,0
2022-12-22,2022-12-22T00:00:00Z,14.899999618530273,15.199999809265137,14.789999961853027,14.880000114440918,0
2022-12-23,2022-12-23T00:00:00Z,14.979999542236328,15.0,14.739999771118164,14.859999656677246,0
2022-12-27,2022-12-27T00:00:00Z,15.890000343322754,16.3799991607666,15.850000381469727,16.299999237060547,0
2022-12-28,2022-12-28T00:00:00Z,16.18000030517578,16.190000534057617,15.9399995803833,15.989999771118164,0
2022-12-29,2022-12-29T00:00:00Z,16.059999465942383,16.190000534057617,15.819999694824219,16.18000030517578,0
2022-12-30,2022-12-30T00:00:00Z,16.190000534057617,16.360000610351562,16.100000381469727,16.25,0
2023-01-03,2023-01-03T00:00:00Z,17.280000686645508,17.3700008392334,17.18000030517578,17.260000228881836,0
2023-01-04,2023-01-04T00:00:00Z,17.280000686645508,17.510000228881836,17.020000457763672,17.350000381469727,0
2023-01-05,2023-01-05T00:00:00Z,16.920000076293945,17.0,16.75,16.780000686645508,0
2023-01-06,2023-01-06T00:00:00Z,16.200000762939453,16.579999923706055,15.920000076293945,16.440000534057617,0
2023-01-09,2023-01-09T00:00:00Z,17.010000228881836,17.040000915527344,16.8700008392334,16.920000076293945,0
2023-01-10,2023-01-10T00:00:00Z,16.790000915527344,16.850000381469727,16.530000686645508,16.59000015258789,0
2023-01-11,2023-01-11T00:00:00Z,16.479999542236328,16.530000686645508,16.270000457763672,16.31999969482422,0
2023-01-12,2023-01-12T00:00:00Z,15.880000114440918,15.970000267028809,15.649999618530273,15.949999809265137,0
2023-01-13,2023-01-13T00:00:00Z,15.789999961853027,16.3799991607666,15.770000457763672,16.3700008392334,0
2023-01-17,2023-01-17T00:00:00Z,16.59000015258789,16.6299991607666,16.40999984741211,16.489999771118164,0
2023-01-18,2023-01-18T00:00:00Z,16.440000534057617,16.559999465942383,16.18000030517578,16.190000534057617,0
2023-01-19,2023-01-19T00:00:00Z,16.190000534057617,16.709999084472656,16.15999984741211,16.709999084472656,0
2023-01-20,2023-01-20T00:00:00Z,16.420000076293945,16.549999237060547,16.309999465942383,16.399999618530273,0
2023-01-23,2023-01-23T00:00:00Z,16.639999389648438,16.68000030517578,16.149999618530273,16.200000762939453,0
2023-01-24,2023-01-24T00:00:00Z,16.399999618530273,16.829999923706055,16.110000610351562,16.170000076293945,0
2023-01-25,2023-01-25T00:00:00Z,16.15999984741211,16.260000228881836,16.059999465942383,16.1200008392334,0
2023-01-26,2023-01-26T00:00:00Z,15.970000267028809,15.979999542236328,15.5600004196167,15.59000015258789,0
2023-01-27,2023-01-27T00:00:00Z,15.359999656677246,15.539999961853027,15.210000038146973,15.229999542236328,0
2023-01-30,2023-01-30T00:00:00Z,15.609999656677246,15.670000076293945,15.510000228881836,15.59000015258789,0
2023-01-31,2023-01-31T00:00:00Z,15.710000038146973,15.949999809265137,15.65999984741211,15.75,0
2023-02-01,2023-02-01T00:00:00Z,15.720000267028809,16.170000076293945,15.079999923706055,15.220000267028809,0
2023-02-02,2023-02-02T00:00:00Z,15.100000381469727,15.300000190734863,14.989999771118164,15.140000343322754,0
2023-02-03,2023-02-03T00:00:00Z,15.0600004196167,15.229999542236328,14.800000190734863,15.0600004196167,0
2023-02-06,2023-02-06T00:00:00Z,15.5,15.829999923706055,15.449999809265137,15.8100004196167,0
2023-02-07,2023-02-07T00:00:00Z,15.770000457763672,15.920000076293945,15.59000015258789,15.619999885559082,0
2023-02-08,2023-02-08T00:00:00Z,15.539999961853027,15.640000343322754,15.430000305175781,15.460000038146973,0
2023-02-09,2023-02-09T00:00:00Z,15.300000190734863,15.579999923706055,15.270000457763672,15.520000457763672,0
2023-02-10,2023-02-10T00:00:00Z,15.600000381469727,15.630000114440918,15.420000076293945,15.460000038146973,0
2023-02-13,2023-02-13T00:00:00Z,15.75,15.789999961853027,15.539999961853027,15.579999923706055,0
2023-02-14,2023-02-14T00:00:00Z,15.0,15.039999961853027,14.670000076293945,14.880000114440918,0
2023-02-15,2023-02-15T00:00:00Z,14.9399995803833,15.0600004196167,14.770000457763672,14.899999618530273,0
2023-02-16,2023-02-16T00:00:00Z,14.920000076293945,14.989999771118164,14.75,14.920000076293945,0
2023-02-17,2023-02-17T00:00:00Z,15.100000381469727,15.149999618530273,14.649999618530273,14.6899995803833,0
2023-02-21,2023-02-21T00:00:00Z,15.430000305175781,15.539999961853027,15.34000015258789,15.479999542236328,0
2023-02-22,2023-02-22T00:00:00Z,15.539999961853027,15.539999961853027,15.050000190734863,15.050000190734863,0
2023-02-23,2023-02-23T00:00:00Z,15.119999885559082,15.170000076293945,14.770000457763672,14.84000015258789,0
2023-02-24,2023-02-24T00:00:00Z,14.859999656677246,14.890000343322754,14.470000267028809,14.5600004196167,0
2023-02-27,2023-02-27T00:00:00Z,14.720000267028809,14.760000228881836,14.329999923706055,14.350000381469727,0
2023-02-28,2023-02-28T00:00:00Z,14.279999732971191,14.319999694824219,14.0600004196167,14.170000076293945,0
2023-03-01,2023-03-01T00:00:00Z,14.109999656677246,14.220000267028809,13.899999618530273,14.15999984741211,0
2023-03-02,2023-03-02T00:00:00Z,14.239999771118164,14.25,13.90999984741211,13.9399995803833,0
2023-03-03,2023-03-03T00:00:00Z,13.880000114440918,14.020000457763672,13.6899995803833,13.930000305175781,0
2023-03-06,2023-03-06T00:00:00Z,14.119999885559082,14.319999694824219,14.0600004196167,14.239999771118164,0
2023-03-07,2023-03-07T00:00:00Z,14.170000076293945,14.369999885559082,14.09000015258789,14.199999809265137,0
2023-03-08,2023-03-08T00:00:00Z,14.109999656677246,14.119999885559082,13.739999771118164,13.789999961853027,0
2023-03-09,2023-03-09T00:00:00Z,13.760000228881836,14.3100004196167,13.630000114440918,14.300000190734863,0
2023-03-10,2023-03-10T00:00:00Z,14.140000343322754,16.56999969482422,14.100000381469727,16.56999969482422,0
2023-03-13,2023-03-13T00:00:00Z,18.799999237060547,20.229999542236328,18.690000534057617,20.0,0
2023-03-14,2023-03-14T00:00:00Z,17.780000686645508,18.1299991607666,16.950000762939453,17.950000762939453,0
2023-03-15,2023-03-15T00:00:00Z,22.030000686645508,22.030000686645508,19.530000686645508,19.75,0
2023-03-16,2023-03-16T00:00:00Z,20.170000076293945,20.280000686645508,17.270000457763672,17.3799991607666,0
2023-03-17,2023-03-17T00:00:00Z,18.489999771118164,24.559999465942383,18.450000762939453,22.829999923706055,0
2023-03-20,2023-03-20T00:00:00Z,21.8700008392334,21.889999389648438,21.18000030517578,21.399999618530273,0
2023-03-21,2023-03-21T00:00:00Z,19.770000457763672,19.809999465942383,18.780000686645508,19.139999389648438,0
2023-03-22,2023-03-22T00:00:00Z,18.280000686645508,20.260000228881836,18.260000228881836,19.219999313354492,0
2023-03-23,2023-03-23T00:00:00Z,18.399999618530273,21.209999084472656,18.389999389648438,20.950000762939453,0
2023-03-24,2023-03-24T00:00:00Z,21.290000915527344,21.459999084472656,19.850000381469727,19.959999084472656,0
2023-03-27,2023-03-27T00:00:00Z,19.079999923706055,19.190000534057617,18.850000381469727,19.18000030517578,0
2023-03-28,2023-03-28T00:00:00Z,18.8799991607666,19.219999313354492,18.530000686645508,19.030000686645508,0
2023-03-29,2023-03-29T00:00:00Z,18.06999969482422,18.1299991607666,17.760000228881836,17.770000457763672,0
2023-03-30,2023-03-30T00:00:00Z,17.649999618530273,18.530000686645508,17.530000686645508,18.389999389648438,0
2023-03-31,2023-03-31T00:00:00Z,17.829999923706055,17.90999984741211,17.079999923706055,17.309999465942383,0
2023-04-03,2023-04-03T00:00:00Z,17.899999618530273,18.43000030517578,17.770000457763672,18.25,0
2023-04-04,2023-04-04T00:00:00Z,18.190000534057617,20.239999771118164,18.190000534057617,19.729999542236328,0
2023-04-05,2023-04-05T00:00:00Z,19.760000228881836,20.1299991607666,18.950000762939453,18.979999542236328,0
2023-04-06,2023-04-06T00:00:00Z,18.690000534057617,18.93000030517578,18.389999389648438,18.440000534057617,0
2023-04-10,2023-04-10T00:00:00Z,18.700000762939453,18.760000228881836,18.5,18.540000915527344,0
2023-04-11,2023-04-11T00:00:00Z,18.290000915527344,18.3799991607666,18.079999923706055,18.329999923706055,0
2023-04-12,2023-04-12T00:00:00Z,17.979999542236328,18.09000015258789,17.389999389648438,17.690000534057617,0
2023-04-13,2023-04-13T00:00:00Z,18.329999923706055,19.25,18.31999969482422,18.479999542236328,0
2023-04-14,2023-04-14T00:00:00Z,17.969999313354492,18.030000686645508,17.149999618530273,17.15999984741211,0
2023-04-17,2023-04-17T00:00:00Z,17.209999084472656,17.389999389648438,17.1299991607666,17.3700008392334,0
2023-04-18,2023-04-18T00:00:00Z,16.8799991607666,17.450000762939453,16.8799991607666,17.139999389648438,0
2023-04-19,2023-04-19T00:00:00Z,17.040000915527344,17.350000381469727,17.040000915527344,17.209999084472656,0
2023-04-20,2023-04-20T00:00:00Z,17.290000915527344,17.299999237060547,16.850000381469727,17.209999084472656,0
2023-04-21,2023-04-21T00:00:00Z,17.170000076293945,17.239999771118164,16.389999389648438,16.420000076293945,0
2023-04-24,2023-04-24T00:00:00Z,16.520000457763672,16.899999618530273,16.40999984741211,16.8799991607666,0
2023-04-25,2023-04-25T00:00:00Z,16.889999389648438,18.020000457763672,16.860000610351562,17.719999313354492,0
2023-04-26,2023-04-26T00:00:00Z,17.959999084472656,17.989999771118164,17.389999389648438,17.739999771118164,0
2023-04-27,2023-04-27T00:00:00Z,17.350000381469727,17.420000076293945,17.18000030517578,17.280000686645508,0
2023-04-28,2023-04-28T00:00:00Z,16.979999542236328,17.010000228881836,16.469999313354492,16.469999313354492,0
2023-05-01,2023-05-01T00:00:00Z,17.139999389648438,17.549999237060547,16.6299991607666,16.6299991607666,0
2023-05-02,2023-05-02T00:00:00Z,17.040000915527344,18.729999542236328,16.959999084472656,18.690000534057617,0
2023-05-03,2023-05-03T00:00:00Z,18.81999969482422,19.489999771118164,18.030000686645508,18.700000762939453,0
2023-05-04,2023-05-04T00:00:00Z,19.020000457763672,21.049999237060547,19.010000228881836,20.350000381469727,0
2023-05-05,2023-05-05T00:00:00Z,18.610000610351562,18.93000030517578,18.440000534057617,18.5,0
2023-05-08,2023-05-08T00:00:00Z,18.56999969482422,18.799999237060547,18.520000457763672,18.670000076293945,0
2023-05-09,2023-05-09T00:00:00Z,18.690000534057617,18.889999389648438,18.549999237060547,18.729999542236328,0
2023-05-10,2023-05-10T00:00:00Z,18.329999923706055,18.639999389648438,18.010000228881836,18.3700008392334,0
2023-05-11,2023-05-11T00:00:00Z,18.329999923706055,18.3799991607666,17.739999771118164,17.770000457763672,0
2023-05-12,2023-05-12T00:00:00Z,17.489999771118164,17.56999969482422,17.139999389648438,17.3700008392334,0
2023-05-15,2023-05-15T00:00:00Z,17.860000610351562,18.049999237060547,17.510000228881836,17.520000457763672,0
2023-05-16,2023-05-16T00:00:00Z,17.489999771118164,17.690000534057617,17.229999542236328,17.6200008392334,0
2023-05-17,2023-05-17T00:00:00Z,17.229999542236328,17.350000381469727,16.950000762939453,16.989999771118164,0
2023-05-18,2023-05-18T00:00:00Z,16.56999969482422,16.959999084472656,16.56999969482422,16.950000762939453,0
2023-05-19,2023-05-19T00:00:00Z,16.709999084472656,17.760000228881836,16.6299991607666,17.219999313354492,0
2023-05-22,2023-05-22T00:00:00Z,17.6200008392334,17.889999389648438,17.540000915527344,17.549999237060547,0
2023-05-23,2023-05-23T00:00:00Z,17.59000015258789,19.8700008392334,17.350000381469727,17.65999984741211,0
2023-05-24,2023-05-24T00:00:00Z,17.68000030517578,18.90999984741211,17.450000762939453,17.559999465942383,0
2023-05-25,2023-05-25T00:00:00Z,17.270000457763672,17.3799991607666,16.709999084472656,16.84000015258789,0
2023-05-26,2023-05-26T00:00:00Z,16.6200008392334,16.6299991607666,16.170000076293945,16.299999237060547,0
2023-05-30,2023-05-30T00:00:00Z,16.1299991607666,16.1299991607666,15.829999923706055,15.880000114440918,0
2023-05-31,2023-05-31T00:00:00Z,15.819999694824219,18.309999465942383,15.600000381469727,15.630000114440918,0
2023-06-01,2023-06-01T00:00:00Z,15.739999771118164,15.84000015258789,15.430000305175781,15.5,0
2023-06-02,2023-06-02T00:00:00Z,14.600000381469727,14.649999618530273,14.3100004196167,14.319999694824219,0
2023-06-05,2023-06-05T00:00:00Z,14.350000381469727,14.5600004196167,14.100000381469727,14.270000457763672,0
2023-06-06,2023-06-06T00:00:00Z,14.229999542236328,14.239999771118164,13.9399995803833,13.9399995803833,0
2023-06-07,2023-06-07T00:00:00Z,13.479999542236328,14.010000228881836,13.460000038146973,13.8100004196167,0
2023-06-08,2023-06-08T00:00:00Z,13.699999809265137,14.09000015258789,13.699999809265137,13.9399995803833,0
2023-06-09,2023-06-09T00:00:00Z,13.720000267028809,13.8100004196167,13.510000228881836,13.6899995803833,0
2023-06-12,2023-06-12T00:00:00Z,13.739999771118164,13.779999732971191,13.420000076293945,13.699999809265137,0
2023-06-13,2023-06-13T00:00:00Z,13.329999923706055,13.5,13.109999656677246,13.449999809265137,0
2023-06-14,2023-06-14T00:00:00Z,13.1899995803833,16.100000381469727,12.670000076293945,12.84000015258789,0
2023-06-15,2023-06-15T00:00:00Z,13.079999923706055,13.239999771118164,12.869999885559082,13.0,0
2023-06-16,2023-06-16T00:00:00Z,12.75,16.65999984741211,12.399999618530273,12.399999618530273,0
2023-06-20,2023-06-20T00:00:00Z,12.800000190734863,13.109999656677246,12.729999542236328,12.729999542236328,0
2023-06-21,2023-06-21T00:00:00Z,12.899999618530273,13.1899995803833,12.880000114440918,12.979999542236328,0
2023-06-22,2023-06-22T00:00:00Z,13.0,13.119999885559082,12.899999618530273,12.960000038146973,0
2023-06-23,2023-06-23T00:00:00Z,13.109999656677246,13.130000114440918,12.699999809265137,12.729999542236328,0
2023-06-26,2023-06-26T00:00:00Z,13.369999885559082,13.369999885559082,13.029999732971191,13.079999923706055,0
2023-06-27,2023-06-27T00:00:00Z,12.989999771118164,13.100000381469727,12.850000381469727,12.880000114440918,0
2023-06-28,2023-06-28T00:00:00Z,12.9399995803833,12.970000267028809,12.529999732971191,12.529999732971191,0
2023-06-29,2023-06-29T00:00:00Z,12.850000381469727,12.859999656677246,12.199999809265137,12.210000038146973,0
2023-06-30,2023-06-30T00:00:00Z,12.229999542236328,12.300000190734863,12.0,12.039999961853027,0
2023-07-03,2023-07-03T00:00:00Z,12.4399995803833,12.520000457763672,12.210000038146973,12.220000267028809,0
2023-07-05,2023-07-05T00:00:00Z,12.619999885559082,12.649999618530273,12.40999984741211,12.460000038146973,0
2023-07-06,2023-07-06T00:00:00Z,12.430000305175781,13.109999656677246,12.25,12.25,0
2023-07-07,2023-07-07T00:00:00Z,12.180000305175781,12.479999542236328,12.09000015258789,12.119999885559082,0
2023-07-10,2023-07-10T00:00:00Z,12.510000228881836,12.539999961853027,12.399999618530273,12.40999984741211,0
2023-07-11,2023-07-11T00:00:00Z,12.649999618530273,12.720000267028809,12.5600004196167,12.640000343322754,0
2023-07-12,2023-07-12T00:00:00Z,12.579999923706055,13.119999885559082,12.479999542236328,13.119999885559082,0
2023-07-13,2023-07-13T00:00:00Z,12.729999542236328,12.869999885559082,12.670000076293945,12.729999542236328,0
2023-07-14,2023-07-14T00:00:00Z,12.359999656677246,12.779999732971191,12.050000190734863,12.050000190734863,0
2023-07-17,2023-07-17T00:00:00Z,12.449999809265137,12.479999542236328,12.319999694824219,12.34000015258789,0
2023-07-18,2023-07-18T00:00:00Z,12.630000114440918,13.0,12.569999694824219,12.619999885559082,0
2023-07-19,2023-07-19T00:00:00Z,12.739999771118164,12.979999542236328,12.600000381469727,12.890000343322754,0
2023-07-20,2023-07-20T00:00:00Z,12.930000305175781,12.949999809265137,12.670000076293945,12.670000076293945,0
2023-07-21,2023-07-21T00:00:00Z,12.609999656677246,12.630000114440918,12.15999984741211,12.229999542236328,0
2023-07-24,2023-07-24T00:00:00Z,12.529999732971191,12.609999656677246,12.260000228881836,12.350000381469727,0
2023-07-25,2023-07-25T00:00:00Z,12.380000114440918,12.460000038146973,12.289999961853027,12.420000076293945,0
2023-07-26,2023-07-26T00:00:00Z,12.380000114440918,14.800000190734863,12.100000381469727,12.109999656677246,0
2023-07-27,2023-07-27T00:00:00Z,11.920000076293945,12.289999961853027,11.859999656677246,12.289999961853027,0
2023-07-28,2023-07-28T00:00:00Z,11.960000038146973,11.970000267028809,11.779999732971191,11.779999732971191,0
2023-07-31,2023-07-31T00:00:00Z,11.880000114440918,12.180000305175781,11.880000114440918,12.15999984741211,0
2023-08-01,2023-08-01T00:00:00Z,12.100000381469727,12.130000114440918,11.819999694824219,11.829999923706055,0
2023-08-02,2023-08-02T00:00:00Z,12.079999923706055,12.470000267028809,12.069999694824219,12.449999809265137,0
2023-08-03,2023-08-03T00:00:00Z,12.649999618530273,14.390000343322754,12.539999961853027,12.789999961853027,0
2023-08-04,2023-08-04T00:00:00Z,12.279999732971191,12.319999694824219,12.020000457763672,12.220000267028809,0
2023-08-07,2023-08-07T00:00:00Z,12.430000305175781,12.5,12.220000267028809,12.239999771118164,0
2023-08-08,2023-08-08T00:00:00Z,12.270000457763672,12.449999809265137,12.210000038146973,12.210000038146973,0
2023-08-09,2023-08-09T00:00:00Z,12.199999809265137,12.359999656677246,12.149999618530273,12.329999923706055,0
2023-08-10,2023-08-10T00:00:00Z,12.010000228881836,12.010000228881836,11.760000228881836,11.84000015258789,0
2023-08-11,2023-08-11T00:00:00Z,11.569999694824219,11.65999984741211,11.420000076293945,11.539999961853027,0
2023-08-14,2023-08-14T00:00:00Z,11.649999618530273,12.020000457763672,11.640000343322754,11.970000267028809,0
2023-08-15,2023-08-15T00:00:00Z,12.029999732971191,12.260000228881836,12.010000228881836,12.109999656677246,0
2023-08-16,2023-08-16T00:00:00Z,12.3100004196167,12.430000305175781,12.0,12.430000305175781,0
2023-08-17,2023-08-17T00:00:00Z,12.329999923706055,12.960000038146973,12.279999732971191,12.890000343322754,0
2023-08-18,2023-08-18T00:00:00Z,12.90999984741211,13.069999694824219,12.550000190734863,12.630000114440918,0
2023-08-21,2023-08-21T00:00:00Z,12.819999694824219,12.960000038146973,12.779999732971191,12.90999984741211,0
2023-08-22,2023-08-22T00:00:00Z,12.819999694824219,12.819999694824219,12.5600004196167,12.579999923706055,0
2023-08-23,2023-08-23T00:00:00Z,12.84000015258789,12.869999885559082,12.649999618530273,12.670000076293945,0
2023-08-24,2023-08-24T00:00:00Z,12.5600004196167,12.569999694824219,12.470000267028809,12.529999732971191,0
2023-08-25,2023-08-25T00:00:00Z,12.479999542236328,12.489999771118164,12.0,12.09000015258789,0
2023-08-28,2023-08-28T00:00:00Z,12.420000076293945,12.449999809265137,12.210000038146973,12.210000038146973,0
2023-08-29,2023-08-29T00:00:00Z,12.109999656677246,12.5600004196167,11.979999542236328,12.5,0
2023-08-30,2023-08-30T00:00:00Z,12.4399995803833,12.579999923706055,12.319999694824219,12.390000343322754,0
2023-08-31,2023-08-31T00:00:00Z,12.079999923706055,12.119999885559082,11.770000457763672,11.779999732971191,0
2023-09-01,2023-09-01T00:00:00Z,11.510000228881836,11.670000076293945,11.25,11.279999732971191,0
2023-09-05,2023-09-05T00:00:00Z,11.649999618530273,11.649999618530273,11.350000381469727,11.359999656677246,0
2023-09-06,2023-09-06T00:00:00Z,11.319999694824219,11.449999809265137,11.300000190734863,11.3100004196167,0
2023-09-07,2023-09-07T00:00:00Z,11.319999694824219,11.319999694824219,11.100000381469727,11.109999656677246,0
2023-09-08,2023-09-08T00:00:00Z,11.039999961853027,11.050000190734863,10.9399995803833,10.989999771118164,0
2023-09-11,2023-09-11T00:00:00Z,10.770000457763672,10.789999961853027,10.609999656677246,10.75,0
2023-09-12,2023-09-12T00:00:00Z,10.979999542236328,11.020000457763672,10.739999771118164,10.819999694824219,0
2023-09-13,2023-09-13T00:00:00Z,10.680000305175781,10.720000267028809,10.25,10.329999923706055,0
2023-09-14,2023-09-14T00:00:00Z,10.390000343322754,10.5,10.220000267028809,10.220000267028809,0
2023-09-15,2023-09-15T00:00:00Z,10.609999656677246,10.770000457763672,10.300000190734863,10.34000015258789,0
2023-09-18,2023-09-18T00:00:00Z,10.800000190734863,11.260000228881836,10.710000038146973,11.100000381469727,0
2023-09-19,2023-09-19T00:00:00Z,10.989999771118164,11.180000305175781,10.899999618530273,11.09000015258789,0
2023-09-20,2023-09-20T00:00:00Z,11.109999656677246,12.140000343322754,10.960000038146973,10.960000038146973,0
2023-09-21,2023-09-21T00:00:00Z,11.25,11.369999885559082,11.050000190734863,11.109999656677246,0
2023-09-22,2023-09-22T00:00:00Z,11.079999923706055,11.15999984741211,10.8100004196167,10.869999885559082,0
2023-09-25,2023-09-25T00:00:00Z,11.079999923706055,11.4399995803833,11.050000190734863,11.430000305175781,0
2023-09-26,2023-09-26T00:00:00Z,11.779999732971191,13.630000114440918,11.720000267028809,13.630000114440918,0
2023-09-27,2023-09-27T00:00:00Z,13.229999542236328,14.470000267028809,13.229999542236328,13.859999656677246,0
2023-09-28,2023-09-28T00:00:00Z,13.15999984741211,13.779999732971191,12.949999809265137,13.09000015258789,0
2023-09-29,2023-09-29T00:00:00Z,12.380000114440918,13.289999961853027,12.260000228881836,12.9399995803833,0
2023-10-02,2023-10-02T00:00:00Z,13.579999923706055,18.399999618530273,13.569999694824219,14.130000114440918,0
2023-10-03,2023-10-03T00:00:00Z,14.619999885559082,15.430000305175781,14.289999961853027,15.3100004196167,0
2023-10-04,2023-10-04T00:00:00Z,14.899999618530273,15.539999961853027,14.539999961853027,14.579999923706055,0
2023-10-05,2023-10-05T00:00:00Z,14.479999542236328,14.800000190734863,14.4399995803833,14.699999809265137,0
2023-10-06,2023-10-06T00:00:00Z,14.739999771118164,14.869999885559082,13.979999542236328,14.029999732971191,0
2023-10-09,2023-10-09T00:00:00Z,14.84000015258789,15.239999771118164,14.609999656677246,15.180000305175781,0
2023-10-10,2023-10-10T00:00:00Z,14.319999694824219,14.520000457763672,14.109999656677246,14.489999771118164,0
2023-10-11,2023-10-11T00:00:00Z,14.420000076293945,17.149999618530273,14.140000343322754,14.380000114440918,0
2023-10-12,2023-10-12T00:00:00Z,13.6899995803833,14.100000381469727,13.600000381469727,13.979999542236328,0
2023-10-13,2023-10-13T00:00:00Z,15.210000038146973,19.100000381469727,15.100000381469727,18.90999984741211,0
2023-10-16,2023-10-16T00:00:00Z,17.8799991607666,17.889999389648438,16.219999313354492,16.219999313354492,0
2023-10-17,2023-10-17T00:00:00Z,16.049999237060547,17.030000686645508,16.0,16.59000015258789,0
2023-10-18,2023-10-18T00:00:00Z,17.969999313354492,18.739999771118164,17.299999237060547,17.3799991607666,0
2023-10-19,2023-10-19T00:00:00Z,16.3799991607666,19.510000228881836,16.31999969482422,19.399999618530273,0
2023-10-20,2023-10-20T00:00:00Z,19.1299991607666,20.020000457763672,18.280000686645508,18.559999465942383,0
2023-10-23,2023-10-23T00:00:00Z,17.709999084472656,17.709999084472656,17.229999542236328,17.280000686645508,0
2023-10-24,2023-10-24T00:00:00Z,15.869999885559082,16.389999389648438,15.699999809265137,16.049999237060547,0
2023-10-25,2023-10-25T00:00:00Z,15.84000015258789,17.469999313354492,15.699999809265137,16.760000228881836,0
2023-10-26,2023-10-26T00:00:00Z,16.350000381469727,16.93000030517578,16.110000610351562,16.530000686645508,0
2023-10-27,2023-10-27T00:00:00Z,16.149999618530273,18.260000228881836,15.829999923706055,17.690000534057617,0
2023-10-30,2023-10-30T00:00:00Z,16.899999618530273,17.020000457763672,16.670000076293945,16.84000015258789,0
2023-10-31,2023-10-31T00:00:00Z,16.420000076293945,17.06999969482422,16.110000610351562,16.229999542236328,0
2023-11-01,2023-11-01T00:00:00Z,15.890000343322754,16.510000228881836,15.289999961853027,15.359999656677246,0
2023-11-02,2023-11-02T00:00:00Z,14.8100004196167,14.930000305175781,14.630000114440918,14.760000228881836,0
2023-11-03,2023-11-03T00:00:00Z,14.40999984741211,14.630000114440918,13.930000305175781,14.039999961853027,0
2023-11-06,2023-11-06T00:00:00Z,13.829999923706055,13.829999923706055,13.1899995803833,13.25,0
2023-11-07,2023-11-07T00:00:00Z,13.359999656677246,13.489999771118164,13.25,13.329999923706055,0
2023-11-08,2023-11-08T00:00:00Z,13.470000267028809,14.15999984741211,13.390000343322754,14.069999694824219,0
2023-11-09,2023-11-09T00:00:00Z,14.09000015258789,14.380000114440918,14.039999961853027,14.0600004196167,0
2023-11-10,2023-11-10T00:00:00Z,14.0,14.069999694824219,13.65999984741211,13.960000038146973,0
2023-11-13,2023-11-13T00:00:00Z,14.0,14.069999694824219,13.75,13.920000076293945,0
2023-11-14,2023-11-14T00:00:00Z,13.449999809265137,13.819999694824219,13.430000305175781,13.729999542236328,0
2023-11-15,2023-11-15T00:00:00Z,13.350000381469727,13.40999984741211,12.949999809265137,12.979999542236328,0
2023-11-16,2023-11-16T00:00:00Z,12.710000038146973,13.3100004196167,12.710000038146973,13.039999961853027,0
2023-11-17,2023-11-17T00:00:00Z,13.0,13.119999885559082,12.800000190734863,12.970000267028809,0
2023-11-20,2023-11-20T00:00:00Z,12.770000457763672,12.84000015258789,12.539999961853027,12.59000015258789,0
2023-11-21,2023-11-21T00:00:00Z,13.350000381469727,14.119999885559082,13.220000267028809,14.09000015258789,0
2023-11-22,2023-11-22T00:00:00Z,13.630000114440918,13.819999694824219,13.210000038146973,13.350000381469727,0
2023-11-24,2023-11-24T00:00:00Z,13.069999694824219,13.270000457763672,12.970000267028809,13.050000190734863,0
2023-11-27,2023-11-27T00:00:00Z,13.430000305175781,13.489999771118164,13.170000076293945,13.3100004196167,0
2023-11-28,2023-11-28T00:00:00Z,13.84000015258789,15.680000305175781,13.680000305175781,15.539999961853027,0
2023-11-29,2023-11-29T00:00:00Z,15.140000343322754,15.420000076293945,14.920000076293945,15.039999961853027,0
2023-11-30,2023-11-30T00:00:00Z,14.420000076293945,14.5600004196167,14.199999809265137,14.220000267028809,0
2023-12-01,2023-12-01T00:00:00Z,14.239999771118164,18.110000610351562,14.239999771118164,16.959999084472656,0
2023-12-04,2023-12-04T00:00:00Z,17.030000686645508,18.079999923706055,17.030000686645508,17.1299991607666,0
2023-12-05,2023-12-05T00:00:00Z,16.200000762939453,16.280000686645508,15.399999618530273,15.460000038146973,0
2023-12-06,2023-12-06T00:00:00Z,15.65999984741211,15.84000015258789,15.319999694824219,15.399999618530273,0
2023-12-07,2023-12-07T00:00:00Z,15.34000015258789,15.350000381469727,14.699999809265137,14.930000305175781,0
2023-12-08,2023-12-08T00:00:00Z,13.920000076293945,19.850000381469727,13.920000076293945,14.140000343322754,0
2023-12-11,2023-12-11T00:00:00Z,14.069999694824219,14.069999694824219,13.65999984741211,13.989999771118164,0
2023-12-12,2023-12-12T00:00:00Z,13.680000305175781,13.680000305175781,11.699999809265137,12.819999694824219,0
2023-12-13,2023-12-13T00:00:00Z,12.770000457763672,14.329999923706055,12.430000305175781,13.670000076293945,0
2023-12-14,2023-12-14T00:00:00Z,13.770000457763672,14.739999771118164,13.319999694824219,13.960000038146973,0
2023-12-15,2023-12-15T00:00:00Z,13.8100004196167,16.170000076293945,13.369999885559082,13.489999771118164,0
2023-12-18,2023-12-18T00:00:00Z,13.789999961853027,13.880000114440918,13.239999771118164,13.789999961853027,0
2023-12-19,2023-12-19T00:00:00Z,13.369999885559082,14.319999694824219,13.359999656677246,13.75,0
2023-12-20,2023-12-20T00:00:00Z,13.600000381469727,14.010000228881836,13.319999694824219,13.819999694824219,0
2023-12-21,2023-12-21T00:00:00Z,13.850000381469727,14.289999961853027,13.739999771118164,14.270000457763672,0
2023-12-22,2023-12-22T00:00:00Z,15.539999961853027,15.710000038146973,14.59000015258789,15.25,0
2023-12-26,2023-12-26T00:00:00Z,15.449999809265137,15.829999923706055,15.229999542236328,15.829999923706055,0
2023-12-27,2023-12-27T00:00:00Z,15.649999618530273,17.239999771118164,15.649999618530273,16.959999084472656,0
2023-12-28,2023-12-28T00:00:00Z,16.5,16.56999969482422,15.970000267028809,16.049999237060547,0
2023-12-29,2023-12-29T00:00:00Z,15.789999961853027,18.940000534057617,15.739999771118164,15.850000381469727,0
2024-01-02,2024-01-02T00:00:00Z,16.010000228881836,16.59000015258789,15.710000038146973,15.729999542236328,0
2024-01-03,2024-01-03T00:00:00Z,15.359999656677246,15.630000114440918,14.600000381469727,14.850000381469727,0
2024-01-04,2024-01-04T00:00:00Z,14.619999885559082,14.619999885559082,14.180000305175781,14.199999809265137,0
2024-01-05,2024-01-05T00:00:00Z,14.270000457763672,14.989999771118164,13.779999732971191,13.8100004196167,0
2024-01-08,2024-01-08T00:00:00Z,13.5,13.899999618530273,13.449999809265137,13.5600004196167,0
2024-01-09,2024-01-09T00:00:00Z,13.470000267028809,13.5,13.130000114440918,13.15999984741211,0
2024-01-10,2024-01-10T00:00:00Z,13.489999771118164,13.539999961853027,13.0600004196167,13.260000228881836,0
2024-01-11,2024-01-11T00:00:00Z,12.739999771118164,12.84000015258789,12.430000305175781,12.800000190734863,0
2024-01-12,2024-01-12T00:00:00Z,14.220000267028809,14.5,13.130000114440918,13.489999771118164,0
2024-01-16,2024-01-16T00:00:00Z,13.779999732971191,13.779999732971191,13.300000190734863,13.550000190734863,0
2024-01-17,2024-01-17T00:00:00Z,13.819999694824219,13.819999694824219,13.329999923706055,13.529999732971191,0
2024-01-18,2024-01-18T00:00:00Z,13.390000343322754,13.390000343322754,12.9399995803833,13.09000015258789,0
2024-01-19,2024-01-19T00:00:00Z,13.279999732971191,13.279999732971191,12.720000267028809,12.949999809265137,0
2024-01-22,2024-01-22T00:00:00Z,13.279999732971191,13.279999732971191,12.819999694824219,12.829999923706055,0
2024-01-23,2024-01-23T00:00:00Z,12.760000228881836,12.819999694824219,12.539999961853027,12.729999542236328,0
2024-01-24,2024-01-24T00:00:00Z,12.920000076293945,13.5600004196167,12.680000305175781,12.699999809265137,0
2024-01-25,2024-01-25T00:00:00Z,12.890000343322754,13.0,12.630000114440918,12.789999961853027,0
2024-01-26,2024-01-26T00:00:00Z,12.390000343322754,12.460000038146973,11.859999656677246,11.90999984741211,0
2024-01-29,2024-01-29T00:00:00Z,12.890000343322754,13.220000267028809,12.539999961853027,13.079999923706055,0
2024-01-30,2024-01-30T00:00:00Z,13.760000228881836,15.65999984741211,12.90999984741211,13.050000190734863,0
2024-01-31,2024-01-31T00:00:00Z,13.390000343322754,14.5600004196167,12.9399995803833,13.15999984741211,0
2024-02-01,2024-02-01T00:00:00Z,13.829999923706055,15.3100004196167,13.65999984741211,13.720000267028809,0
2024-02-02,2024-02-02T00:00:00Z,12.770000457763672,19.040000915527344,12.529999732971191,12.65999984741211,0
2024-02-05,2024-02-05T00:00:00Z,12.640000343322754,12.75,12.350000381469727,12.489999771118164,0
2024-02-06,2024-02-06T00:00:00Z,12.109999656677246,12.430000305175781,12.069999694824219,12.3100004196167,0
2024-02-07,2024-02-07T00:00:00Z,12.029999732971191,12.550000190734863,11.699999809265137,11.84000015258789,0
2024-02-08,2024-02-08T00:00:00Z,11.970000267028809,12.020000457763672,11.609999656677246,11.710000038146973,0
2024-02-09,2024-02-09T00:00:00Z,11.59000015258789,11.649999618530273,11.199999809265137,11.199999809265137,0
2024-02-12,2024-02-12T00:00:00Z,11.569999694824219,11.850000381469727,11.550000190734863,11.8100004196167,0
2024-02-13,2024-02-13T00:00:00Z,11.850000381469727,12.149999618530273,11.779999732971191,12.149999618530273,0
2024-02-14,2024-02-14T00:00:00Z,12.0600004196167,12.25,11.979999542236328,12.020000457763672,0
2024-02-15,2024-02-15T00:00:00Z,12.039999961853027,12.130000114440918,11.729999542236328,11.789999961853027,0
2024-02-16,2024-02-16T00:00:00Z,11.739999771118164,12.84000015258789,11.609999656677246,11.75,0
2024-02-20,2024-02-20T00:00:00Z,11.960000038146973,11.960000038146973,11.699999809265137,11.8100004196167,0
2024-02-21,2024-02-21T00:00:00Z,11.65999984741211,12.329999923706055,11.369999885559082,11.460000038146973,0
2024-02-22,2024-02-22T00:00:00Z,11.460000038146973,15.109999656677246,11.15999984741211,11.1899995803833,0
2024-02-23,2024-02-23T00:00:00Z,10.930000305175781,11.510000228881836,10.850000381469727,11.5,0
2024-02-26,2024-02-26T00:00:00Z,11.369999885559082,11.430000305175781,11.0600004196167,11.289999961853027,0
2024-02-27,2024-02-27T00:00:00Z,11.020000457763672,13.380000114440918,10.869999885559082,10.949999809265137,0
2024-02-28,2024-02-28T00:00:00Z,11.010000228881836,11.029999732971191,10.850000381469727,10.930000305175781,0
2024-02-29,2024-02-29T00:00:00Z,11.149999618530273,12.489999771118164,11.130000114440918,11.15999984741211,0
2024-03-01,2024-03-01T00:00:00Z,11.470000267028809,16.940000534057617,11.4399995803833,13.470000267028809,0
2024-03-04,2024-03-04T00:00:00Z,14.1899995803833,15.199999809265137,13.979999542236328,14.609999656677246,0
2024-03-05,2024-03-05T00:00:00Z,15.270000457763672,15.3100004196167,14.210000038146973,14.539999961853027,0
2024-03-06,2024-03-06T00:00:00Z,14.880000114440918,16.049999237060547,14.779999732971191,15.170000076293945,0
2024-03-07,2024-03-07T00:00:00Z,15.380000114440918,15.420000076293945,15.079999923706055,15.09000015258789,0
2024-03-08,2024-03-08T00:00:00Z,14.960000038146973,15.970000267028809,14.649999618530273,15.470000267028809,0
2024-03-11,2024-03-11T00:00:00Z,15.09000015258789,15.649999618530273,14.989999771118164,15.5,0
2024-03-12,2024-03-12T00:00:00Z,14.59000015258789,14.619999885559082,14.020000457763672,14.100000381469727,0
2024-03-13,2024-03-13T00:00:00Z,13.6899995803833,14.140000343322754,13.569999694824219,14.09000015258789,0
2024-03-14,2024-03-14T00:00:00Z,13.399999618530273,13.65999984741211,13.220000267028809,13.300000190734863,0
2024-03-15,2024-03-15T00:00:00Z,13.4399995803833,16.170000076293945,13.40999984741211,13.539999961853027,0
2024-03-18,2024-03-18T00:00:00Z,13.800000190734863,13.949999809265137,13.770000457763672,13.829999923706055,0
2024-03-19,2024-03-19T00:00:00Z,13.710000038146973,13.729999542236328,13.449999809265137,13.479999542236328,0
2024-03-20,2024-03-20T00:00:00Z,13.220000267028809,15.199999809265137,13.220000267028809,13.619999885559082,0
2024-03-21,2024-03-21T00:00:00Z,14.460000038146973,17.309999465942383,13.100000381469727,13.420000076293945,0
2024-03-22,2024-03-22T00:00:00Z,12.979999542236328,13.140000343322754,12.279999732971191,12.529999732971191,0
2024-03-25,2024-03-25T00:00:00Z,12.390000343322754,13.170000076293945,12.09000015258789,12.09000015258789,0
2024-03-26,2024-03-26T00:00:00Z,13.09000015258789,13.529999732971191,12.359999656677246,12.569999694824219,0
2024-03-27,2024-03-27T00:00:00Z,13.069999694824219,13.579999923706055,13.069999694824219,13.579999923706055,0
2024-03-28,2024-03-28T00:00:00Z,14.729999542236328,15.479999542236328,14.329999923706055,15.4399995803833,0
2024-04-01,2024-04-01T00:00:00Z,17.139999389648438,17.139999389648438,15.529999732971191,16.25,0
2024-04-02,2024-04-02T00:00:00Z,16.559999465942383,17.770000457763672,15.829999923706055,17.1299991607666,0
2024-04-03,2024-04-03T00:00:00Z,16.5,17.549999237060547,16.0,17.489999771118164,0
2024-04-04,2024-04-04T00:00:00Z,16.690000534057617,17.809999465942383,16.18000030517578,17.290000915527344,0
2024-04-05,2024-04-05T00:00:00Z,16.510000228881836,17.770000457763672,16.479999542236328,16.920000076293945,0
2024-04-08,2024-04-08T00:00:00Z,18.110000610351562,18.190000534057617,17.6299991607666,18.170000076293945,0
2024-04-09,2024-04-09T00:00:00Z,18.079999923706055,18.709999084472656,18.079999923706055,18.299999237060547,0
2024-04-10,2024-04-10T00:00:00Z,17.950000762939453,18.799999237060547,17.469999313354492,18.670000076293945,0
2024-04-11,2024-04-11T00:00:00Z,18.309999465942383,19.010000228881836,18.0,18.969999313354492,0
2024-04-12,2024-04-12T00:00:00Z,21.75,24.190000534057617,20.06999969482422,20.209999084472656,0
2024-04-15,2024-04-15T00:00:00Z,20.010000228881836,22.829999923706055,19.350000381469727,22.25,0
2024-04-16,2024-04-16T00:00:00Z,21.110000610351562,21.260000228881836,20.43000030517578,20.559999465942383,0
2024-04-17,2024-04-17T00:00:00Z,19.459999084472656,19.809999465942383,18.790000915527344,19.010000228881836,0
2024-04-18,2024-04-18T00:00:00Z,18.75,20.209999084472656,18.440000534057617,18.649999618530273,0
2024-04-19,2024-04-19T00:00:00Z,18.579999923706055,18.920000076293945,18.489999771118164,18.510000228881836,0
2024-04-22,2024-04-22T00:00:00Z,18.020000457763672,18.049999237060547,17.709999084472656,17.760000228881836,0
2024-04-23,2024-04-23T00:00:00Z,17.690000534057617,18.860000610351562,17.5,17.729999542236328,0
2024-04-24,2024-04-24T00:00:00Z,17.540000915527344,17.959999084472656,17.399999618530273,17.450000762939453,0
2024-04-25,2024-04-25T00:00:00Z,17.520000457763672,17.969999313354492,17.25,17.31999969482422,0
2024-04-26,2024-04-26T00:00:00Z,17.34000015258789,17.40999984741211,16.649999618530273,16.920000076293945,0
2024-04-29,2024-04-29T00:00:00Z,17.139999389648438,17.209999084472656,16.739999771118164,16.920000076293945,0
2024-04-30,2024-04-30T00:00:00Z,16.709999084472656,17.260000228881836,16.459999084472656,16.540000915527344,0
2024-05-01,2024-05-01T00:00:00Z,16.809999465942383,19.670000076293945,16.219999313354492,16.25,0
2024-05-02,2024-05-02T00:00:00Z,16.100000381469727,16.270000457763672,15.989999771118164,16.049999237060547,0
2024-05-03,2024-05-03T00:00:00Z,15.65999984741211,17.290000915527344,15.5,15.829999923706055,0
2024-05-06,2024-05-06T00:00:00Z,16.350000381469727,16.510000228881836,16.06999969482422,16.229999542236328,0
2024-05-07,2024-05-07T00:00:00Z,15.970000267028809,16.040000915527344,15.640000343322754,15.75,0
2024-05-08,2024-05-08T00:00:00Z,15.4399995803833,15.539999961853027,15.1899995803833,15.289999961853027,0
2024-05-09,2024-05-09T00:00:00Z,15.520000457763672,16.360000610351562,15.470000267028809,16.270000457763672,0
2024-05-10,2024-05-10T00:00:00Z,16.739999771118164,17.219999313354492,16.149999618530273,16.200000762939453,0
2024-05-13,2024-05-13T00:00:00Z,16.790000915527344,16.829999923706055,16.389999389648438,16.520000457763672,0
2024-05-14,2024-05-14T00:00:00Z,16.75,16.889999389648438,16.559999465942383,16.610000610351562,0
2024-05-15,2024-05-15T00:00:00Z,15.949999809265137,17.0,15.890000343322754,16.989999771118164,0
2024-05-16,2024-05-16T00:00:00Z,16.489999771118164,16.520000457763672,16.229999542236328,16.260000228881836,0
2024-05-17,2024-05-17T00:00:00Z,16.690000534057617,17.479999542236328,16.540000915527344,17.399999618530273,0
2024-05-20,2024-05-20T00:00:00Z,17.700000762939453,18.06999969482422,17.469999313354492,17.579999923706055,0
2024-05-21,2024-05-21T00:00:00Z,17.270000457763672,17.329999923706055,16.649999618530273,16.760000228881836,0
2024-05-22,2024-05-22T00:00:00Z,16.360000610351562,17.299999237060547,16.040000915527344,16.450000762939453,0
2024-05-23,2024-05-23T00:00:00Z,16.309999465942383,16.360000610351562,15.869999885559082,16.030000686645508,0
2024-05-24,2024-05-24T00:00:00Z,15.710000038146973,15.760000228881836,15.239999771118164,15.260000228881836,0
2024-05-28,2024-05-28T00:00:00Z,16.360000610351562,16.3700008392334,15.84000015258789,15.920000076293945,0
2024-05-29,2024-05-29T00:00:00Z,15.9399995803833,15.989999771118164,15.789999961853027,15.829999923706055,0
2024-05-30,2024-05-30T00:00:00Z,15.869999885559082,16.010000228881836,15.630000114440918,15.739999771118164,0
2024-05-31,2024-05-31T00:00:00Z,15.649999618530273,15.699999809265137,15.109999656677246,15.260000228881836,0
2024-06-03,2024-06-03T00:00:00Z,15.550000190734863,16.579999923706055,15.1899995803833,16.0,0
2024-06-04,2024-06-04T00:00:00Z,16.25,16.829999923706055,15.90999984741211,16.219999313354492,0
2024-06-05,2024-06-05T00:00:00Z,16.25,16.65999984741211,15.869999885559082,16.5,0
2024-06-06,2024-06-06T00:00:00Z,16.290000915527344,16.8799991607666,16.25,16.850000381469727,0
2024-06-07,2024-06-07T00:00:00Z,16.940000534057617,17.31999969482422,16.68000030517578,17.1299991607666,0
2024-06-10,2024-06-10T00:00:00Z,17.170000076293945,17.170000076293945,16.65999984741211,16.65999984741211,0
2024-06-11,2024-06-11T00:00:00Z,16.610000610351562,16.670000076293945,16.3700008392334,16.450000762939453,0
2024-06-12,2024-06-12T00:00:00Z,16.459999084472656,16.559999465942383,15.859999656677246,15.920000076293945,0
2024-06-13,2024-06-13T00:00:00Z,15.729999542236328,15.8100004196167,15.5,15.710000038146973,0
2024-06-14,2024-06-14T00:00:00Z,16.209999084472656,17.170000076293945,15.890000343322754,16.06999969482422,0
2024-06-17,2024-06-17T00:00:00Z,15.84000015258789,15.90999984741211,15.59000015258789,15.630000114440918,0
2024-06-18,2024-06-18T00:00:00Z,15.59000015258789,15.710000038146973,15.489999771118164,15.640000343322754,0
2024-06-20,2024-06-20T00:00:00Z,15.890000343322754,16.399999618530273,15.859999656677246,16.399999618530273,0
2024-06-21,2024-06-21T00:00:00Z,16.139999389648438,17.6200008392334,15.6899995803833,15.859999656677246,0
2024-06-24,2024-06-24T00:00:00Z,15.829999923706055,15.850000381469727,15.4399995803833,15.489999771118164,0
2024-06-25,2024-06-25T00:00:00Z,15.15999984741211,15.829999923706055,14.869999885559082,14.880000114440918,0
2024-06-26,2024-06-26T00:00:00Z,14.880000114440918,15.0600004196167,14.770000457763672,14.880000114440918,0
2024-06-27,2024-06-27T00:00:00Z,15.0600004196167,15.25,14.90999984741211,15.010000228881836,0
2024-06-28,2024-06-28T00:00:00Z,15.100000381469727,16.09000015258789,14.720000267028809,14.720000267028809,0
2024-07-01,2024-07-01T00:00:00Z,15.050000190734863,16.25,14.829999923706055,14.859999656677246,0
2024-07-02,2024-07-02T00:00:00Z,14.720000267028809,14.84000015258789,13.930000305175781,14.350000381469727,0
2024-07-03,2024-07-03T00:00:00Z,14.90999984741211,15.210000038146973,14.699999809265137,14.890000343322754,0
2024-07-05,2024-07-05T00:00:00Z,15.09000015258789,15.880000114440918,14.949999809265137,15.619999885559082,0
2024-07-08,2024-07-08T00:00:00Z,15.0,15.180000305175781,14.859999656677246,15.130000114440918,0
2024-07-09,2024-07-09T00:00:00Z,14.779999732971191,14.930000305175781,14.550000190734863,14.640000343322754,0
2024-07-10,2024-07-10T00:00:00Z,14.9399995803833,15.510000228881836,14.859999656677246,14.890000343322754,0
2024-07-11,2024-07-11T00:00:00Z,15.430000305175781,15.970000267028809,15.210000038146973,15.739999771118164,0
2024-07-12,2024-07-12T00:00:00Z,15.229999542236328,15.65999984741211,15.109999656677246,15.119999885559082,0
2024-07-15,2024-07-15T00:00:00Z,15.4399995803833,16.559999465942383,15.40999984741211,15.979999542236328,0
2024-07-16,2024-07-16T00:00:00Z,16.360000610351562,17.610000610351562,16.34000015258789,17.149999618530273,0
2024-07-17,2024-07-17T00:00:00Z,17.260000228881836,17.65999984741211,16.530000686645508,16.700000762939453,0
2024-07-18,2024-07-18T00:00:00Z,16.479999542236328,16.770000457763672,16.1200008392334,16.25,0
2024-07-19,2024-07-19T00:00:00Z,16.450000762939453,16.579999923706055,16.110000610351562,16.34000015258789,0
2024-07-22,2024-07-22T00:00:00Z,16.399999618530273,16.43000030517578,15.720000267028809,15.739999771118164,0
2024-07-23,2024-07-23T00:00:00Z,15.75,15.760000228881836,15.390000343322754,15.4399995803833,0
2024-07-24,2024-07-24T00:00:00Z,15.670000076293945,16.25,14.529999732971191,15.979999542236328,0
2024-07-25,2024-07-25T00:00:00Z,16.229999542236328,16.350000381469727,15.40999984741211,15.539999961853027,0
2024-07-26,2024-07-26T00:00:00Z,15.229999542236328,15.579999923706055,15.180000305175781,15.199999809265137,0
2024-07-29,2024-07-29T00:00:00Z,15.90999984741211,15.90999984741211,15.470000267028809,15.640000343322754,0
2024-07-30,2024-07-30T00:00:00Z,15.739999771118164,16.360000610351562,15.199999809265137,16.299999237060547,0
2024-07-31,2024-07-31T00:00:00Z,16.75,18.18000030517578,16.479999542236328,17.8799991607666,0
2024-08-01,2024-08-01T00:00:00Z,17.43000030517578,17.760000228881836,16.940000534057617,17.610000610351562,0
2024-08-02,2024-08-02T00:00:00Z,18.170000076293945,18.739999771118164,17.969999313354492,18.700000762939453,0
2024-08-05,2024-08-05T00:00:00Z,22.780000686645508,22.850000381469727,20.299999237060547,21.950000762939453,0
2024-08-06,2024-08-06T00:00:00Z,19.440000534057617,19.459999084472656,18.75,19.100000381469727,0
2024-08-07,2024-08-07T00:00:00Z,18.280000686645508,18.3700008392334,17.489999771118164,18.1200008392334,0
2024-08-08,2024-08-08T00:00:00Z,18.290000915527344,19.010000228881836,18.260000228881836,18.450000762939453,0
2024-08-09,2024-08-09T00:00:00Z,18.1299991607666,18.15999984741211,17.790000915527344,17.799999237060547,0
2024-08-12,2024-08-12T00:00:00Z,18.940000534057617,20.6299991607666,18.940000534057617,20.610000610351562,0
2024-08-13,2024-08-13T00:00:00Z,19.510000228881836,19.75,19.06999969482422,19.18000030517578,0
2024-08-14,2024-08-14T00:00:00Z,18.450000762939453,18.760000228881836,18.43000030517578,18.489999771118164,0
2024-08-15,2024-08-15T00:00:00Z,18.540000915527344,18.56999969482422,18.09000015258789,18.15999984741211,0
2024-08-16,2024-08-16T00:00:00Z,19.06999969482422,20.149999618530273,18.639999389648438,20.09000015258789,0
2024-08-19,2024-08-19T00:00:00Z,19.25,19.40999984741211,18.760000228881836,18.770000457763672,0
2024-08-20,2024-08-20T00:00:00Z,18.579999923706055,18.6299991607666,18.170000076293945,18.469999313354492,0
2024-08-21,2024-08-21T00:00:00Z,18.25,20.3700008392334,18.15999984741211,18.6299991607666,0
2024-08-22,2024-08-22T00:00:00Z,18.219999313354492,18.770000457763672,17.860000610351562,17.889999389648438,0
2024-08-23,2024-08-23T00:00:00Z,17.84000015258789,20.829999923706055,17.399999618530273,17.489999771118164,0
2024-08-26,2024-08-26T00:00:00Z,18.0,18.010000228881836,17.75,17.899999618530273,0
2024-08-27,2024-08-27T00:00:00Z,17.459999084472656,19.3799991607666,17.40999984741211,17.690000534057617,0
2024-08-28,2024-08-28T00:00:00Z,17.110000610351562,17.229999542236328,16.969999313354492,17.18000030517578,0
2024-08-29,2024-08-29T00:00:00Z,17.06999969482422,18.0,17.059999465942383,17.219999313354492,0
2024-08-30,2024-08-30T00:00:00Z,16.850000381469727,16.90999984741211,16.3799991607666,16.399999618530273,0
2024-09-03,2024-09-03T00:00:00Z,16.770000457763672,17.850000381469727,16.420000076293945,16.549999237060547,0
2024-09-04,2024-09-04T00:00:00Z,16.670000076293945,16.700000762939453,15.449999809265137,16.190000534057617,0
2024-09-05,2024-09-05T00:00:00Z,16.510000228881836,17.219999313354492,16.350000381469727,16.479999542236328,0
2024-09-06,2024-09-06T00:00:00Z,16.049999237060547,16.6200008392334,15.989999771118164,16.489999771118164,0
2024-09-09,2024-09-09T00:00:00Z,16.489999771118164,16.5,16.15999984741211,16.15999984741211,0
2024-09-10,2024-09-10T00:00:00Z,15.920000076293945,16.079999923706055,15.859999656677246,16.079999923706055,0
2024-09-11,2024-09-11T00:00:00Z,15.850000381469727,15.930000305175781,15.479999542236328,15.520000457763672,0
2024-09-12,2024-09-12T00:00:00Z,16.0,16.809999465942383,16.0,16.739999771118164,0
2024-09-13,2024-09-13T00:00:00Z,17.190000534057617,18.520000457763672,16.670000076293945,16.8799991607666,0
2024-09-16,2024-09-16T00:00:00Z,17.40999984741211,17.43000030517578,16.93000030517578,17.030000686645508,0
2024-09-17,2024-09-17T00:00:00Z,16.649999618530273,17.489999771118164,16.649999618530273,17.489999771118164,0
2024-09-18,2024-09-18T00:00:00Z,17.510000228881836,23.020000457763672,17.030000686645508,17.1299991607666,0
2024-09-19,2024-09-19T00:00:00Z,16.690000534057617,16.770000457763672,16.420000076293945,16.760000228881836,0
2024-09-20,2024-09-20T00:00:00Z,16.790000915527344,17.31999969482422,16.68000030517578,17.079999923706055,0
2024-09-23,2024-09-23T00:00:00Z,17.540000915527344,19.6200008392334,17.5,17.719999313354492,0
2024-09-24,2024-09-24T00:00:00Z,17.719999313354492,19.260000228881836,17.700000762939453,19.260000228881836,0
2024-09-25,2024-09-25T00:00:00Z,18.40999984741211,19.389999389648438,18.239999771118164,19.1299991607666,0
2024-09-26,2024-09-26T00:00:00Z,18.8700008392334,19.059999465942383,18.6299991607666,18.81999969482422,0
2024-09-27,2024-09-27T00:00:00Z,18.68000030517578,18.8799991607666,17.959999084472656,18.59000015258789,0
2024-09-30,2024-09-30T00:00:00Z,18.360000610351562,18.3700008392334,18.06999969482422,18.079999923706055,0
2024-10-01,2024-10-01T00:00:00Z,18.049999237060547,20.200000762939453,18.049999237060547,18.56999969482422,0
2024-10-02,2024-10-02T00:00:00Z,18.600000381469727,18.649999618530273,17.950000762939453,18.06999969482422,0
2024-10-03,2024-10-03T00:00:00Z,17.770000457763672,18.420000076293945,17.510000228881836,18.280000686645508,0
2024-10-04,2024-10-04T00:00:00Z,18.020000457763672,18.40999984741211,17.469999313354492,17.479999542236328,0
2024-10-07,2024-10-07T00:00:00Z,17.700000762939453,17.719999313354492,17.559999465942383,17.709999084472656,0
2024-10-08,2024-10-08T00:00:00Z,17.780000686645508,17.979999542236328,17.540000915527344,17.639999389648438,0
2024-10-09,2024-10-09T00:00:00Z,17.68000030517578,17.780000686645508,16.040000915527344,17.6200008392334,0
2024-10-10,2024-10-10T00:00:00Z,17.100000381469727,17.360000610351562,16.8799991607666,17.270000457763672,0
2024-10-11,2024-10-11T00:00:00Z,17.110000610351562,17.3700008392334,17.079999923706055,17.270000457763672,0
2024-10-14,2024-10-14T00:00:00Z,17.40999984741211,17.530000686645508,17.34000015258789,17.469999313354492,0
2024-10-15,2024-10-15T00:00:00Z,16.979999542236328,17.3799991607666,16.959999084472656,17.3799991607666,0
2024-10-16,2024-10-16T00:00:00Z,17.56999969482422,17.65999984741211,17.290000915527344,17.309999465942383,0
2024-10-17,2024-10-17T00:00:00Z,17.360000610351562,17.65999984741211,17.350000381469727,17.56999969482422,0
2024-10-18,2024-10-18T00:00:00Z,17.719999313354492,17.93000030517578,17.530000686645508,17.770000457763672,0
2024-10-21,2024-10-21T00:00:00Z,18.0,18.209999084472656,17.920000076293945,18.190000534057617,0
2024-10-22,2024-10-22T00:00:00Z,18.239999771118164,18.75,18.229999542236328,18.729999542236328,0
2024-10-23,2024-10-23T00:00:00Z,18.600000381469727,19.020000457763672,18.510000228881836,18.979999542236328,0
2024-10-24,2024-10-24T00:00:00Z,19.049999237060547,19.350000381469727,18.65999984741211,18.65999984741211,0
2024-10-25,2024-10-25T00:00:00Z,18.670000076293945,19.260000228881836,18.639999389648438,18.8799991607666,0
2024-10-28,2024-10-28T00:00:00Z,18.649999618530273,18.729999542236328,18.31999969482422,18.34000015258789,0
2024-10-29,2024-10-29T00:00:00Z,18.34000015258789,19.780000686645508,18.239999771118164,18.510000228881836,0
2024-10-30,2024-10-30T00:00:00Z,18.450000762939453,18.690000534057617,18.450000762939453,18.68000030517578,0
2024-10-31,2024-10-31T00:00:00Z,18.709999084472656,19.600000381469727,18.700000762939453,19.459999084472656,0
2024-11-01,2024-11-01T00:00:00Z,19.309999465942383,19.34000015258789,18.860000610351562,19.290000915527344,0
2024-11-04,2024-11-04T00:00:00Z,19.799999237060547,19.959999084472656,19.65999984741211,19.90999984741211,0
2024-11-05,2024-11-05T00:00:00Z,19.709999084472656,20.299999237060547,19.540000915527344,19.59000015258789,0
2024-11-06,2024-11-06T00:00:00Z,18.530000686645508,18.610000610351562,17.610000610351562,17.6299991607666,0
2024-11-07,2024-11-07T00:00:00Z,17.25,17.43000030517578,17.0,17.3700008392334,0
2024-11-08,2024-11-08T00:00:00Z,16.559999465942383,16.59000015258789,15.899999618530273,15.90999984741211,0
2024-11-11,2024-11-11T00:00:00Z,16.489999771118164,16.600000381469727,16.010000228881836,16.020000457763672,0
2024-11-12,2024-11-12T00:00:00Z,16.209999084472656,16.309999465942383,16.020000457763672,16.25,0
2024-11-13,2024-11-13T00:00:00Z,15.920000076293945,17.06999969482422,15.880000114440918,17.049999237060547,0
2024-11-14,2024-11-14T00:00:00Z,17.889999389648438,17.93000030517578,17.309999465942383,17.389999389648438,0
2024-11-15,2024-11-15T00:00:00Z,16.8799991607666,17.209999084472656,16.719999313354492,17.170000076293945,0
2024-11-18,2024-11-18T00:00:00Z,17.110000610351562,17.110000610351562,16.850000381469727,16.969999313354492,0
2024-11-19,2024-11-19T00:00:00Z,17.34000015258789,17.850000381469727,17.299999237060547,17.850000381469727,0
2024-11-20,2024-11-20T00:00:00Z,17.440000534057617,18.709999084472656,17.43000030517578,18.34000015258789,0
2024-11-21,2024-11-21T00:00:00Z,17.809999465942383,17.860000610351562,17.579999923706055,17.59000015258789,0
2024-11-22,2024-11-22T00:00:00Z,17.790000915527344,17.799999237060547,17.31999969482422,17.540000915527344,0
2024-11-25,2024-11-25T00:00:00Z,17.559999465942383,18.299999237060547,17.469999313354492,17.799999237060547,0
2024-11-26,2024-11-26T00:00:00Z,17.690000534057617,17.739999771118164,16.899999618530273,17.0,0
2024-11-27,2024-11-27T00:00:00Z,16.68000030517578,16.690000534057617,16.239999771118164,16.540000915527344,0
2024-11-29,2024-11-29T00:00:00Z,16.489999771118164,16.520000457763672,16.3700008392334,16.3700008392334,0
2024-12-02,2024-12-02T00:00:00Z,16.799999237060547,16.809999465942383,16.270000457763672,16.329999923706055,0
2024-12-03,2024-12-03T00:00:00Z,16.43000030517578,16.489999771118164,16.100000381469727,16.209999084472656,0
2024-12-04,2024-12-04T00:00:00Z,16.1299991607666,16.200000762939453,15.90999984741211,15.920000076293945,0
2024-12-05,2024-12-05T00:00:00Z,15.430000305175781,16.049999237060547,15.34000015258789,15.930000305175781,0
2024-12-06,2024-12-06T00:00:00Z,15.59000015258789,15.600000381469727,15.020000457763672,15.039999961853027,0
2024-12-09,2024-12-09T00:00:00Z,15.779999732971191,15.869999885559082,15.569999694824219,15.75,0
2024-12-10,2024-12-10T00:00:00Z,16.020000457763672,16.530000686645508,16.010000228881836,16.34000015258789,0
2024-12-11,2024-12-11T00:00:00Z,16.989999771118164,18.270000457763672,16.850000381469727,16.860000610351562,0
2024-12-12,2024-12-12T00:00:00Z,16.1299991607666,16.670000076293945,15.40999984741211,15.430000305175781,0
2024-12-13,2024-12-13T00:00:00Z,15.319999694824219,15.630000114440918,15.15999984741211,15.630000114440918,0
2024-12-16,2024-12-16T00:00:00Z,15.630000114440918,16.729999542236328,15.350000381469727,15.380000114440918,0
2024-12-17,2024-12-17T00:00:00Z,15.289999961853027,15.649999618530273,15.109999656677246,15.640000343322754,0
2024-12-18,2024-12-18T00:00:00Z,15.289999961853027,17.079999923706055,14.279999732971191,16.540000915527344,0
2024-12-19,2024-12-19T00:00:00Z,16.1299991607666,16.15999984741211,15.65999984741211,15.829999923706055,0
2024-12-20,2024-12-20T00:00:00Z,15.75,16.170000076293945,14.529999732971191,15.729999542236328,0
2024-12-23,2024-12-23T00:00:00Z,15.880000114440918,15.979999542236328,15.539999961853027,15.539999961853027,0
2024-12-24,2024-12-24T00:00:00Z,15.180000305175781,15.270000457763672,14.670000076293945,14.710000038146973,0
2024-12-26,2024-12-26T00:00:00Z,15.09000015258789,15.279999732971191,15.029999732971191,15.1899995803833,0
2024-12-27,2024-12-27T00:00:00Z,14.960000038146973,15.0,14.65999984741211,14.670000076293945,0
2024-12-30,2024-12-30T00:00:00Z,15.119999885559082,15.25,15.0,15.020000457763672,0
2024-12-31,2024-12-31T00:00:00Z,15.09000015258789,15.09000015258789,14.59000015258789,14.619999885559082,0
2025-01-02,2025-01-02T00:00:00Z,14.789999961853027,15.220000267028809,14.779999732971191,15.069999694824219,0
2025-01-03,2025-01-03T00:00:00Z,14.890000343322754,14.970000267028809,14.489999771118164,14.489999771118164,0
2025-01-06,2025-01-06T00:00:00Z,14.949999809265137,15.329999923706055,14.65999984741211,14.760000228881836,0
2025-01-07,2025-01-07T00:00:00Z,15.010000228881836,15.09000015258789,14.680000305175781,14.680000305175781,0
2025-01-08,2025-01-08T00:00:00Z,15.069999694824219,15.670000076293945,14.819999694824219,14.819999694824219,0
2025-01-10,2025-01-10T00:00:00Z,15.8100004196167,18.43000030517578,15.100000381469727,15.770000457763672,0
2025-01-13,2025-01-13T00:00:00Z,15.699999809265137,15.789999961853027,15.100000381469727,15.270000457763672,0
2025-01-14,2025-01-14T00:00:00Z,14.699999809265137,15.25,14.699999809265137,15.0,0
2025-01-15,2025-01-15T00:00:00Z,14.949999809265137,15.300000190734863,14.800000190734863,15.229999542236328,0
2025-01-16,2025-01-16T00:00:00Z,15.880000114440918,16.31999969482422,15.399999618530273,15.399999618530273,0
2025-01-17,2025-01-17T00:00:00Z,15.710000038146973,15.8100004196167,14.970000267028809,14.979999542236328,0
2025-01-21,2025-01-21T00:00:00Z,14.760000228881836,15.569999694824219,14.649999618530273,15.5,0
2025-01-22,2025-01-22T00:00:00Z,15.279999732971191,15.520000457763672,15.170000076293945,15.239999771118164,0
2025-01-23,2025-01-23T00:00:00Z,14.869999885559082,15.140000343322754,14.600000381469727,14.949999809265137,0
2025-01-24,2025-01-24T00:00:00Z,15.029999732971191,16.65999984741211,14.710000038146973,14.850000381469727,0
2025-01-27,2025-01-27T00:00:00Z,15.569999694824219,16.15999984741211,15.039999961853027,15.229999542236328,0
2025-01-28,2025-01-28T00:00:00Z,15.260000228881836,18.209999084472656,15.079999923706055,15.460000038146973,0
2025-01-29,2025-01-29T00:00:00Z,15.270000457763672,15.880000114440918,14.819999694824219,14.84000015258789,0
2025-01-30,2025-01-30T00:00:00Z,15.520000457763672,16.6200008392334,15.390000343322754,16.09000015258789,0
2025-01-31,2025-01-31T00:00:00Z,16.25,18.020000457763672,15.699999809265137,15.819999694824219,0
2025-02-03,2025-02-03T00:00:00Z,17.469999313354492,19.479999542236328,16.75,16.809999465942383,0
2025-02-04,2025-02-04T00:00:00Z,16.559999465942383,17.110000610351562,16.489999771118164,17.110000610351562,0
2025-02-05,2025-02-05T00:00:00Z,17.020000457763672,18.309999465942383,16.81999969482422,17.190000534057617,0
2025-02-06,2025-02-06T00:00:00Z,17.0,17.059999465942383,15.460000038146973,16.270000457763672,0
2025-02-07,2025-02-07T00:00:00Z,15.279999732971191,16.329999923706055,15.279999732971191,16.229999542236328,0
2025-02-10,2025-02-10T00:00:00Z,17.15999984741211,17.809999465942383,16.299999237060547,17.59000015258789,0
2025-02-11,2025-02-11T00:00:00Z,17.6200008392334,17.690000534057617,16.84000015258789,17.479999542236328,0
2025-02-12,2025-02-12T00:00:00Z,17.579999923706055,17.75,17.229999542236328,17.34000015258789,0
2025-02-13,2025-02-13T00:00:00Z,17.040000915527344,17.56999969482422,16.93000030517578,17.1299991607666,0
2025-02-14,2025-02-14T00:00:00Z,17.290000915527344,17.299999237060547,16.84000015258789,17.229999542236328,0
2025-02-18,2025-02-18T00:00:00Z,17.350000381469727,18.059999465942383,17.15999984741211,18.030000686645508,0
2025-02-19,2025-02-19T00:00:00Z,17.75,17.920000076293945,16.6200008392334,16.760000228881836,0
2025-02-20,2025-02-20T00:00:00Z,17.190000534057617,17.190000534057617,16.450000762939453,16.450000762939453,0
2025-02-21,2025-02-21T00:00:00Z,16.479999542236328,18.360000610351562,16.209999084472656,16.549999237060547,0
2025-02-24,2025-02-24T00:00:00Z,16.940000534057617,16.940000534057617,16.600000381469727,16.729999542236328,0
2025-02-25,2025-02-25T00:00:00Z,16.600000381469727,17.25,16.329999923706055,16.719999313354492,0
2025-02-26,2025-02-26T00:00:00Z,16.639999389648438,16.979999542236328,16.25,16.360000610351562,0
2025-02-27,2025-02-27T00:00:00Z,16.329999923706055,16.549999237060547,15.989999771118164,16.450000762939453,0
2025-02-28,2025-02-28T00:00:00Z,16.260000228881836,16.260000228881836,15.760000228881836,15.819999694824219,0
2025-03-03,2025-03-03T00:00:00Z,16.31999969482422,16.850000381469727,16.200000762939453,16.809999465942383,0
2025-03-04,2025-03-04T00:00:00Z,16.690000534057617,17.260000228881836,16.68000030517578,17.25,0
2025-03-05,2025-03-05T00:00:00Z,16.969999313354492,17.229999542236328,16.6200008392334,16.920000076293945,0
2025-03-06,2025-03-06T00:00:00Z,16.8799991607666,17.020000457763672,16.75,16.829999923706055,0
2025-03-07,2025-03-07T00:00:00Z,16.6299991607666,16.889999389648438,16.190000534057617,16.190000534057617,0
2025-03-10,2025-03-10T00:00:00Z,16.760000228881836,17.270000457763672,16.760000228881836,17.059999465942383,0
2025-03-11,2025-03-11T00:00:00Z,16.8799991607666,17.149999618530273,16.540000915527344,17.139999389648438,0
2025-03-12,2025-03-12T00:00:00Z,16.889999389648438,17.290000915527344,16.739999771118164,16.81999969482422,0
2025-03-13,2025-03-13T00:00:00Z,16.809999465942383,17.600000381469727,16.809999465942383,17.40999984741211,0
2025-03-14,2025-03-14T00:00:00Z,17.579999923706055,17.579999923706055,17.110000610351562,17.1299991607666,0
2025-03-17,2025-03-17T00:00:00Z,17.40999984741211,17.65999984741211,17.329999923706055,17.600000381469727,0
2025-03-18,2025-03-18T00:00:00Z,17.56999969482422,17.600000381469727,17.450000762939453,17.530000686645508,0
2025-03-19,2025-03-19T00:00:00Z,17.280000686645508,17.280000686645508,16.469999313354492,16.739999771118164,0
2025-03-20,2025-03-20T00:00:00Z,16.829999923706055,16.899999618530273,16.43000030517578,16.450000762939453,0
2025-03-21,2025-03-21T00:00:00Z,16.219999313354492,16.600000381469727,15.90999984741211,15.979999542236328,0
2025-03-24,2025-03-24T00:00:00Z,16.190000534057617,16.190000534057617,15.729999542236328,15.800000190734863,0
2025-03-25,2025-03-25T00:00:00Z,15.670000076293945,15.789999961853027,15.220000267028809,15.229999542236328,0
2025-03-26,2025-03-26T00:00:00Z,15.119999885559082,15.229999542236328,14.949999809265137,15.039999961853027,0
2025-03-27,2025-03-27T00:00:00Z,15.239999771118164,16.170000076293945,15.229999542236328,16.079999923706055,0
2025-03-28,2025-03-28T00:00:00Z,16.079999923706055,19.170000076293945,16.06999969482422,16.450000762939453,0
2025-03-31,2025-03-31T00:00:00Z,17.489999771118164,17.899999618530273,17.459999084472656,17.84000015258789,0
2025-04-01,2025-04-01T00:00:00Z,18.040000915527344,18.75,17.809999465942383,17.950000762939453,0
2025-04-02,2025-04-02T00:00:00Z,18.200000762939453,18.709999084472656,17.90999984741211,17.920000076293945,0
2025-04-03,2025-04-03T00:00:00Z,17.440000534057617,20.239999771118164,16.719999313354492,18.360000610351562,0
2025-04-04,2025-04-04T00:00:00Z,19.639999389648438,22.729999542236328,19.510000228881836,22.030000686645508,0
2025-04-07,2025-04-07T00:00:00Z,23.25,23.34000015258789,19.68000030517578,19.68000030517578,0
2025-04-08,2025-04-08T00:00:00Z,20.09000015258789,23.780000686645508,19.450000762939453,23.729999542236328,0
2025-04-09,2025-04-09T00:00:00Z,25.489999771118164,26.8799991607666,20.540000915527344,24.530000686645508,0
2025-04-10,2025-04-10T00:00:00Z,23.770000457763672,27.6200008392334,23.739999771118164,26.59000015258789,0
2025-04-11,2025-04-11T00:00:00Z,28.389999389648438,29.899999618530273,27.520000457763672,28.440000534057617,0
2025-04-14,2025-04-14T00:00:00Z,24.399999618530273,24.56999969482422,23.6299991607666,23.799999237060547,0
2025-04-15,2025-04-15T00:00:00Z,22.100000381469727,22.420000076293945,20.969999313354492,21.540000915527344,0
2025-04-16,2025-04-16T00:00:00Z,24.079999923706055,26.90999984741211,23.93000030517578,26.729999542236328,0
2025-04-17,2025-04-17T00:00:00Z,24.700000762939453,24.729999542236328,23.34000015258789,24.139999389648438,0
2025-04-21,2025-04-21T00:00:00Z,26.469999313354492,28.950000762939453,26.440000534057617,28.139999389648438,0
2025-04-22,2025-04-22T00:00:00Z,28.760000228881836,29.280000686645508,27.8799991607666,28.440000534057617,0
2025-04-23,2025-04-23T00:00:00Z,25.889999389648438,25.889999389648438,23.43000030517578,25.229999542236328,0
2025-04-24,2025-04-24T00:00:00Z,25.360000610351562,25.360000610351562,24.540000915527344,24.93000030517578,0
2025-04-25,2025-04-25T00:00:00Z,23.600000381469727,24.040000915527344,22.959999084472656,23.360000610351562,0
2025-04-28,2025-04-28T00:00:00Z,22.420000076293945,23.389999389648438,22.309999465942383,23.25,0
2025-04-29,2025-04-29T00:00:00Z,22.459999084472656,22.899999618530273,22.100000381469727,22.100000381469727,0
2025-04-30,2025-04-30T00:00:00Z,22.329999923706055,22.90999984741211,21.399999618530273,21.520000457763672,0
2025-05-01,2025-05-01T00:00:00Z,21.860000610351562,22.139999389648438,21.040000915527344,21.510000228881836,0
2025-05-02,2025-05-02T00:00:00Z,20.799999237060547,22.010000228881836,20.790000915527344,21.350000381469727,0
2025-05-05,2025-05-05T00:00:00Z,22.719999313354492,23.309999465942383,22.549999237060547,23.200000762939453,0
2025-05-06,2025-05-06T00:00:00Z,23.420000076293945,24.75,23.010000228881836,24.719999313354492,0
2025-05-07,2025-05-07T00:00:00Z,23.6200008392334,23.729999542236328,22.100000381469727,22.989999771118164,0
2025-05-08,2025-05-08T00:00:00Z,22.479999542236328,22.65999984741211,21.260000228881836,22.579999923706055,0
2025-05-09,2025-05-09T00:00:00Z,22.190000534057617,22.459999084472656,21.770000457763672,21.860000610351562,0
2025-05-12,2025-05-12T00:00:00Z,21.479999542236328,21.59000015258789,21.0,21.3799991607666,0
2025-05-13,2025-05-13T00:00:00Z,20.360000610351562,20.3700008392334,19.440000534057617,19.579999923706055,0
2025-05-14,2025-05-14T00:00:00Z,20.020000457763672,20.809999465942383,19.889999389648438,20.780000686645508,0
2025-05-15,2025-05-15T00:00:00Z,20.770000457763672,21.6299991607666,20.670000076293945,21.6299991607666,0
2025-05-16,2025-05-16T00:00:00Z,21.700000762939453,21.8799991607666,21.06999969482422,21.469999313354492,0
2025-05-19,2025-05-19T00:00:00Z,22.34000015258789,22.34000015258789,21.34000015258789,21.3700008392334,0
2025-05-20,2025-05-20T00:00:00Z,20.690000534057617,21.959999084472656,20.68000030517578,21.950000762939453,0
2025-05-21,2025-05-21T00:00:00Z,21.760000228881836,22.440000534057617,21.59000015258789,22.229999542236328,0
2025-05-22,2025-05-22T00:00:00Z,22.209999084472656,22.270000457763672,21.43000030517578,21.549999237060547,0
2025-05-23,2025-05-23T00:00:00Z,22.270000457763672,22.56999969482422,22.020000457763672,22.280000686645508,0
2025-05-27,2025-05-27T00:00:00Z,21.690000534057617,21.690000534057617,20.90999984741211,21.1200008392334,0
2025-05-28,2025-05-28T00:00:00Z,20.18000030517578,20.229999542236328,18.829999923706055,19.690000534057617,0
2025-05-29,2025-05-29T00:00:00Z,19.790000915527344,19.940000534057617,19.649999618530273,19.649999618530273,0
2025-05-30,2025-05-30T00:00:00Z,19.329999923706055,19.350000381469727,19.100000381469727,19.100000381469727,0
2025-06-02,2025-06-02T00:00:00Z,20.219999313354492,20.84000015258789,20.149999618530273,20.600000381469727,0
2025-06-03,2025-06-03T00:00:00Z,20.1200008392334,20.530000686645508,18.920000076293945,20.100000381469727,0
2025-06-04,2025-06-04T00:00:00Z,19.780000686645508,20.15999984741211,19.649999618530273,19.81999969482422,0
2025-06-05,2025-06-05T00:00:00Z,19.670000076293945,19.739999771118164,19.3700008392334,19.690000534057617,0
2025-06-06,2025-06-06T00:00:00Z,19.139999389648438,19.170000076293945,18.829999923706055,19.15999984741211,0
2025-06-09,2025-06-09T00:00:00Z,19.389999389648438,19.5,19.31999969482422,19.450000762939453,0
2025-06-10,2025-06-10T00:00:00Z,19.299999237060547,19.360000610351562,18.940000534057617,19.0,0
2025-06-11,2025-06-11T00:00:00Z,18.600000381469727,19.239999771118164,18.299999237060547,19.15999984741211,0
2025-06-12,2025-06-12T00:00:00Z,20.100000381469727,20.350000381469727,19.3799991607666,19.700000762939453,0
2025-06-13,2025-06-13T00:00:00Z,20.979999542236328,21.520000457763672,20.0,21.15999984741211,0
2025-06-16,2025-06-16T00:00:00Z,20.1299991607666,20.15999984741211,19.639999389648438,19.8700008392334,0
2025-06-17,2025-06-17T00:00:00Z,20.1299991607666,20.760000228881836,19.860000610351562,20.40999984741211,0
2025-06-18,2025-06-18T00:00:00Z,20.329999923706055,20.350000381469727,18.989999771118164,19.579999923706055,0
2025-06-20,2025-06-20T00:00:00Z,19.5,19.520000457763672,19.1299991607666,19.270000457763672,0
2025-06-23,2025-06-23T00:00:00Z,19.43000030517578,19.8799991607666,18.989999771118164,19.020000457763672,0
2025-06-24,2025-06-24T00:00:00Z,18.520000457763672,18.760000228881836,17.700000762939453,18.280000686645508,0
2025-06-25,2025-06-25T00:00:00Z,17.469999313354492,17.540000915527344,17.229999542236328,17.329999923706055,0
2025-06-26,2025-06-26T00:00:00Z,16.729999542236328,16.93000030517578,16.389999389648438,16.649999618530273,0
2025-06-27,2025-06-27T00:00:00Z,16.780000686645508,17.549999237060547,16.309999465942383,16.489999771118164,0
2025-06-30,2025-06-30T00:00:00Z,17.010000228881836,17.350000381469727,16.579999923706055,17.309999465942383,0
2025-07-01,2025-07-01T00:00:00Z,17.239999771118164,17.239999771118164,16.6200008392334,16.760000228881836,0
2025-07-02,2025-07-02T00:00:00Z,16.549999237060547,16.93000030517578,16.440000534057617,16.8700008392334,0
2025-07-03,2025-07-03T00:00:00Z,16.5,16.729999542236328,16.049999237060547,16.190000534057617,0
2025-07-07,2025-07-07T00:00:00Z,16.3700008392334,16.979999542236328,16.350000381469727,16.90999984741211,0
2025-07-08,2025-07-08T00:00:00Z,16.1299991607666,16.309999465942383,16.010000228881836,16.200000762939453,0
2025-07-09,2025-07-09T00:00:00Z,15.800000190734863,15.930000305175781,15.619999885559082,15.859999656677246,0
2025-07-10,2025-07-10T00:00:00Z,15.960000038146973,16.040000915527344,15.890000343322754,16.040000915527344,0
2025-07-11,2025-07-11T00:00:00Z,16.649999618530273,17.25,16.549999237060547,16.940000534057617,0
2025-07-14,2025-07-14T00:00:00Z,17.3700008392334,17.56999969482422,16.969999313354492,16.989999771118164,0
2025-07-15,2025-07-15T00:00:00Z,16.360000610351562,16.639999389648438,16.34000015258789,16.3700008392334,0
2025-07-16,2025-07-16T00:00:00Z,16.239999771118164,19.049999237060547,16.190000534057617,17.270000457763672,0
2025-07-17,2025-07-17T00:00:00Z,16.59000015258789,17.09000015258789,16.59000015258789,16.90999984741211,0
2025-07-18,2025-07-18T00:00:00Z,17.149999618530273,17.149999618530273,16.729999542236328,16.729999542236328,0
2025-07-21,2025-07-21T00:00:00Z,17.450000762939453,17.8700008392334,17.420000076293945,17.780000686645508,0
2025-07-22,2025-07-22T00:00:00Z,17.90999984741211,19.079999923706055,17.770000457763672,19.079999923706055,0
2025-07-23,2025-07-23T00:00:00Z,18.200000762939453,18.84000015258789,18.0,18.440000534057617,0
2025-07-24,2025-07-24T00:00:00Z,17.850000381469727,18.09000015258789,17.540000915527344,17.81999969482422,0
2025-07-25,2025-07-25T00:00:00Z,17.299999237060547,17.479999542236328,16.850000381469727,17.049999237060547,0
2025-07-28,2025-07-28T00:00:00Z,16.639999389648438,16.959999084472656,16.520000457763672,16.790000915527344,0
2025-07-29,2025-07-29T00:00:00Z,16.610000610351562,16.6200008392334,16.1299991607666,16.610000610351562,0
2025-07-30,2025-07-30T00:00:00Z,16.399999618530273,16.56999969482422,15.949999809265137,16.479999542236328,0
2025-07-31,2025-07-31T00:00:00Z,16.479999542236328,16.479999542236328,15.970000267028809,16.040000915527344,0
2025-08-01,2025-08-01T00:00:00Z,16.530000686645508,17.850000381469727,15.710000038146973,17.299999237060547,0
2025-08-04,2025-08-04T00:00:00Z,17.809999465942383,17.81999969482422,16.8799991607666,17.06999969482422,0
2025-08-05,2025-08-05T00:00:00Z,16.579999923706055,17.100000381469727,16.530000686645508,16.68000030517578,0
2025-08-06,2025-08-06T00:00:00Z,16.469999313354492,16.610000610351562,16.40999984741211,16.420000076293945,0
2025-08-07,2025-08-07T00:00:00Z,17.049999237060547,17.1200008392334,16.290000915527344,16.950000762939453,0
2025-08-08,2025-08-08T00:00:00Z,18.100000381469727,18.100000381469727,16.010000228881836,16.360000610351562,0
2025-08-11,2025-08-11T00:00:00Z,16.440000534057617,17.15999984741211,16.309999465942383,16.940000534057617,0
2025-08-12,2025-08-12T00:00:00Z,16.40999984741211,16.860000610351562,15.859999656677246,16.350000381469727,0
2025-08-13,2025-08-13T00:00:00Z,16.170000076293945,16.290000915527344,15.9399995803833,15.949999809265137,0
2025-08-14,2025-08-14T00:00:00Z,15.720000267028809,15.770000457763672,15.329999923706055,15.329999923706055,0
2025-08-15,2025-08-15T00:00:00Z,15.069999694824219,15.479999542236328,15.029999732971191,15.220000267028809,0
2025-08-18,2025-08-18T00:00:00Z,15.270000457763672,15.270000457763672,14.84000015258789,14.899999618530273,0
2025-08-19,2025-08-19T00:00:00Z,14.6899995803833,15.050000190734863,14.6899995803833,14.819999694824219,0
2025-08-20,2025-08-20T00:00:00Z,14.970000267028809,15.4399995803833,14.880000114440918,15.399999618530273,0
2025-08-21,2025-08-21T00:00:00Z,15.1899995803833,15.619999885559082,14.579999923706055,15.4399995803833,0
2025-08-22,2025-08-22T00:00:00Z,15.5600004196167,15.819999694824219,14.470000267028809,15.149999618530273,0
2025-08-25,2025-08-25T00:00:00Z,15.079999923706055,15.119999885559082,14.960000038146973,15.09000015258789,0
2025-08-26,2025-08-26T00:00:00Z,15.300000190734863,15.989999771118164,15.180000305175781,15.880000114440918,0
2025-08-27,2025-08-27T00:00:00Z,15.510000228881836,16.190000534057617,15.4399995803833,15.899999618530273,0
2025-08-28,2025-08-28T00:00:00Z,16.110000610351562,16.649999618530273,15.65999984741211,16.34000015258789,0
2025-08-29,2025-08-29T00:00:00Z,16.260000228881836,17.559999465942383,15.869999885559082,17.389999389648438,0
2025-09-02,2025-09-02T00:00:00Z,17.90999984741211,19.959999084472656,17.020000457763672,19.809999465942383,0
2025-09-03,2025-09-03T00:00:00Z,19.40999984741211,19.950000762939453,18.75,19.530000686645508,0
2025-09-04,2025-09-04T00:00:00Z,18.8700008392334,18.950000762939453,17.790000915527344,18.329999923706055,0
2025-09-05,2025-09-05T00:00:00Z,17.81999969482422,18.649999618530273,17.5,18.299999237060547,0
2025-09-08,2025-09-08T00:00:00Z,19.020000457763672,19.350000381469727,18.829999923706055,19.09000015258789,0
2025-09-09,2025-09-09T00:00:00Z,18.969999313354492,19.420000076293945,17.950000762939453,17.989999771118164,0
2025-09-10,2025-09-10T00:00:00Z,17.90999984741211,18.15999984741211,17.290000915527344,17.3700008392334,0
2025-09-11,2025-09-11T00:00:00Z,16.56999969482422,16.770000457763672,16.440000534057617,16.479999542236328,0
2025-09-12,2025-09-12T00:00:00Z,16.65999984741211,16.729999542236328,16.3799991607666,16.3799991607666,0
2025-09-15,2025-09-15T00:00:00Z,16.760000228881836,18.030000686645508,16.760000228881836,17.899999618530273,0
2025-09-16,2025-09-16T00:00:00Z,17.850000381469727,18.389999389648438,17.850000381469727,18.3700008392334,0
2025-09-17,2025-09-17T00:00:00Z,18.030000686645508,18.719999313354492,16.68000030517578,17.40999984741211,0
2025-09-18,2025-09-18T00:00:00Z,17.0,17.0,16.399999618530273,16.450000762939453,0
2025-09-19,2025-09-19T00:00:00Z,16.06999969482422,17.209999084472656,16.059999465942383,16.760000228881836,0
2025-09-22,2025-09-22T00:00:00Z,17.540000915527344,18.639999389648438,17.3799991607666,18.43000030517578,0
2025-09-23,2025-09-23T00:00:00Z,18.889999389648438,19.579999923706055,18.309999465942383,19.059999465942383,0
2025-09-24,2025-09-24T00:00:00Z,18.829999923706055,18.829999923706055,17.989999771118164,18.299999237060547,0
2025-09-25,2025-09-25T00:00:00Z,18.719999313354492,19.420000076293945,18.260000228881836,19.06999969482422,0
2025-09-26,2025-09-26T00:00:00Z,18.809999465942383,19.520000457763672,18.579999923706055,18.59000015258789,0
2025-09-29,2025-09-29T00:00:00Z,19.75,20.0,19.020000457763672,19.190000534057617,0
2025-09-30,2025-09-30T00:00:00Z,19.489999771118164,19.989999771118164,18.5,19.950000762939453,0
2025-10-01,2025-10-01T00:00:00Z,19.56999969482422,19.799999237060547,19.049999237060547,19.049999237060547,0
2025-10-02,2025-10-02T00:00:00Z,18.829999923706055,18.829999923706055,17.989999771118164,18.049999237060547,0
2025-10-03,2025-10-03T00:00:00Z,17.709999084472656,18.239999771118164,17.139999389648438,17.65999984741211,0
2025-10-06,2025-10-06T00:00:00Z,18.06999969482422,19.780000686645508,18.0,19.510000228881836,0
2025-10-07,2025-10-07T00:00:00Z,19.559999465942383,20.59000015258789,19.540000915527344,19.940000534057617,0
2025-10-08,2025-10-08T00:00:00Z,21.059999465942383,22.200000762939453,20.770000457763672,21.809999465942383,0
2025-10-09,2025-10-09T00:00:00Z,21.040000915527344,22.579999923706055,20.389999389648438,21.850000381469727,0
2025-10-10,2025-10-10T00:00:00Z,22.31999969482422,23.90999984741211,21.530000686645508,23.780000686645508,0
2025-10-13,2025-10-13T00:00:00Z,23.670000076293945,24.90999984741211,23.059999465942383,24.530000686645508,0
2025-10-14,2025-10-14T00:00:00Z,24.610000610351562,26.110000610351562,24.459999084472656,26.110000610351562,0
2025-10-15,2025-10-15T00:00:00Z,26.280000686645508,27.3799991607666,25.389999389648438,27.1200008392334,0
2025-10-16,2025-10-16T00:00:00Z,28.100000381469727,32.95000076293945,27.559999465942383,32.779998779296875,0
2025-10-17,2025-10-17T00:00:00Z,31.850000381469727,33.0,30.350000381469727,31.200000762939453,0
2025-10-20,2025-10-20T00:00:00Z,30.729999542236328,31.549999237060547,29.360000610351562,31.43000030517578,0
2025-10-21,2025-10-21T00:00:00Z,30.170000076293945,30.989999771118164,29.079999923706055,29.81999969482422,0
2025-10-22,2025-10-22T00:00:00Z,28.3799991607666,28.40999984741211,25.540000915527344,27.190000534057617,0
2025-10-23,2025-10-23T00:00:00Z,26.899999618530273,27.030000686645508,26.43000030517578,26.68000030517578,0
2025-10-24,2025-10-24T00:00:00Z,25.850000381469727,25.860000610351562,24.649999618530273,24.75,0
2025-10-27,2025-10-27T00:00:00Z,24.059999465942383,24.1200008392334,23.34000015258789,23.940000534057617,0
2025-10-28,2025-10-28T00:00:00Z,23.979999542236328,24.84000015258789,23.610000610351562,24.030000686645508,0
2025-10-29,2025-10-29T00:00:00Z,24.68000030517578,25.520000457763672,23.420000076293945,24.700000762939453,0
2025-10-30,2025-10-30T00:00:00Z,24.40999984741211,24.84000015258789,24.149999618530273,24.81999969482422,0
2025-10-31,2025-10-31T00:00:00Z,24.31999969482422,24.329999923706055,22.649999618530273,22.65999984741211,0
2025-11-03,2025-11-03T00:00:00Z,22.469999313354492,23.329999923706055,21.3799991607666,21.3799991607666,0
2025-11-04,2025-11-04T00:00:00Z,21.280000686645508,21.600000381469727,21.059999465942383,21.43000030517578,0
2025-11-05,2025-11-05T00:00:00Z,21.389999389648438,21.530000686645508,20.1299991607666,20.149999618530273,0
2025-11-06,2025-11-06T00:00:00Z,20.170000076293945,20.3799991607666,20.079999923706055,20.1299991607666,0
2025-11-07,2025-11-07T00:00:00Z,20.219999313354492,20.829999923706055,20.020000457763672,20.360000610351562,0
2025-11-10,2025-11-10T00:00:00Z,22.239999771118164,23.459999084472656,21.559999465942383,23.34000015258789,0
2025-11-11,2025-11-11T00:00:00Z,23.290000915527344,23.399999618530273,22.329999923706055,23.329999923706055,0
2025-11-12,2025-11-12T00:00:00Z,22.950000762939453,26.549999237060547,22.690000534057617,25.81999969482422,0
2025-11-13,2025-11-13T00:00:00Z,25.8799991607666,26.530000686645508,24.59000015258789,24.81999969482422,0
2025-11-14,2025-11-14T00:00:00Z,24.09000015258789,24.860000610351562,23.90999984741211,24.1299991607666,0
2025-11-17,2025-11-17T00:00:00Z,24.420000076293945,24.479999542236328,23.75,24.06999969482422,0
2025-11-18,2025-11-18T00:00:00Z,24.6299991607666,24.6299991607666,23.899999618530273,23.899999618530273,0
2025-11-19,2025-11-19T00:00:00Z,24.25,24.649999618530273,23.889999389648438,23.889999389648438,0
2025-11-20,2025-11-20T00:00:00Z,23.149999618530273,23.450000762939453,22.43000030517578,22.93000030517578,0
2025-11-21,2025-11-21T00:00:00Z,23.610000610351562,23.610000610351562,21.93000030517578,21.93000030517578,0
2025-11-24,2025-11-24T00:00:00Z,22.059999465942383,22.559999465942383,21.43000030517578,22.549999237060547,0
2025-11-25,2025-11-25T00:00:00Z,22.309999465942383,23.360000610351562,22.170000076293945,22.399999618530273,0
2025-11-26,2025-11-26T00:00:00Z,22.270000457763672,22.670000076293945,21.950000762939453,21.950000762939453,0
2025-11-28,2025-11-28T00:00:00Z,20.850000381469727,23.110000610351562,20.850000381469727,22.8700008392334,0
2025-12-01,2025-12-01T00:00:00Z,23.610000610351562,23.75,22.84000015258789,23.34000015258789,0
2025-12-02,2025-12-02T00:00:00Z,22.549999237060547,22.559999465942383,22.09000015258789,22.489999771118164,0
2025-12-03,2025-12-03T00:00:00Z,22.40999984741211,22.780000686645508,21.8799991607666,21.959999084472656,0
2025-12-04,2025-12-04T00:00:00Z,21.649999618530273,21.709999084472656,20.510000228881836,20.56999969482422,0
2025-12-05,2025-12-05T00:00:00Z,20.43000030517578,20.809999465942383,19.920000076293945,19.920000076293945,0
2025-12-08,2025-12-08T00:00:00Z,20.209999084472656,20.219999313354492,19.579999923706055,19.579999923706055,0
2025-12-09,2025-12-09T00:00:00Z,19.6299991607666,20.489999771118164,19.6299991607666,20.350000381469727,0
2025-12-10,2025-12-10T00:00:00Z,19.969999313354492,20.790000915527344,19.389999389648438,20.200000762939453,0
2025-12-11,2025-12-11T00:00:00Z,19.889999389648438,22.059999465942383,19.889999389648438,20.969999313354492,0
2025-12-12,2025-12-12T00:00:00Z,21.93000030517578,22.260000228881836,20.760000228881836,21.459999084472656,0
2025-12-15,2025-12-15T00:00:00Z,22.139999389648438,22.139999389648438,21.200000762939453,21.200000762939453,0
2025-12-16,2025-12-16T00:00:00Z,20.6200008392334,21.15999984741211,19.979999542236328,20.18000030517578,0
2025-12-17,2025-12-17T00:00:00Z,20.739999771118164,21.31999969482422,20.739999771118164,21.219999313354492,0
2025-12-18,2025-12-18T00:00:00Z,20.649999618530273,21.510000228881836,20.049999237060547,21.309999465942383,0
2025-12-19,2025-12-19T00:00:00Z,21.260000228881836,21.389999389648438,20.719999313354492,20.719999313354492,0
2025-12-22,2025-12-22T00:00:00Z,22.719999313354492,24.06999969482422,22.420000076293945,23.799999237060547,0
2025-12-23,2025-12-23T00:00:00Z,24.020000457763672,24.649999618530273,22.969999313354492,24.530000686645508,0
2025-12-24,2025-12-24T00:00:00Z,23.1200008392334,24.020000457763672,23.1200008392334,23.809999465942383,0
2025-12-26,2025-12-26T00:00:00Z,25.0,25.81999969482422,24.459999084472656,25.780000686645508,0
2025-12-29,2025-12-29T00:00:00Z,24.520000457763672,26.360000610351562,24.469999313354492,25.709999084472656,0
2025-12-30,2025-12-30T00:00:00Z,25.829999923706055,25.829999923706055,24.829999923706055,24.829999923706055,0
2025-12-31,2025-12-31T00:00:00Z,24.3799991607666,24.510000228881836,23.850000381469727,23.920000076293945,0
2026-01-02,2026-01-02T00:00:00Z,23.889999389648438,24.040000915527344,23.540000915527344,23.799999237060547,0
2026-01-05,2026-01-05T00:00:00Z,24.34000015258789,24.729999542236328,24.040000915527344,24.25,0
2026-01-06,2026-01-06T00:00:00Z,24.3799991607666,24.889999389648438,24.219999313354492,24.81999969482422,0
2026-01-07,2026-01-07T00:00:00Z,24.399999618530273,24.610000610351562,24.1299991607666,24.1299991607666,0
2026-01-08,2026-01-08T00:00:00Z,23.8799991607666,24.079999923706055,23.530000686645508,24.06999969482422,0
2026-01-09,2026-01-09T00:00:00Z,24.040000915527344,24.170000076293945,23.350000381469727,23.43000030517578,0
2026-01-12,2026-01-12T00:00:00Z,25.1299991607666,25.489999771118164,24.700000762939453,25.030000686645508,0
2026-01-13,2026-01-13T00:00:00Z,24.280000686645508,24.65999984741211,23.510000228881836,23.760000228881836,0
2026-01-14,2026-01-14T00:00:00Z,24.979999542236328,24.979999542236328,23.09000015258789,23.56999969482422,0
2026-01-15,2026-01-15T00:00:00Z,21.889999389648438,22.520000457763672,21.579999923706055,22.059999465942383,0
2026-01-16,2026-01-16T00:00:00Z,21.940000534057617,22.889999389648438,21.8799991607666,22.229999542236328,0
2026-01-20,2026-01-20T00:00:00Z,24.459999084472656,24.860000610351562,23.549999237060547,24.790000915527344,0
2026-01-21,2026-01-21T00:00:00Z,27.59000015258789,28.75,26.18000030517578,26.270000457763672,0
2026-01-22,2026-01-22T00:00:00Z,25.09000015258789,28.229999542236328,25.09000015258789,28.110000610351562,0
2026-01-23,2026-01-23T00:00:00Z,28.540000915527344,30.209999084472656,28.209999084472656,30.010000228881836,0
2026-01-26,2026-01-26T00:00:00Z,32.040000915527344,34.91999816894531,32.029998779296875,32.70000076293945,0
2026-01-27,2026-01-27T00:00:00Z,32.65999984741211,33.150001525878906,29.84000015258789,33.130001068115234,0
2026-01-28,2026-01-28T00:00:00Z,33.310001373291016,40.18000030517578,33.150001525878906,39.66999816894531,0
2026-01-29,2026-01-29T00:00:00Z,44.18000030517578,48.150001525878906,41.20000076293945,46.02000045776367,0
2026-01-30,2026-01-30T00:00:00Z,47.4900016784668,48.68000030517578,41.20000076293945,44.08000183105469,0
2026-02-02,2026-02-02T00:00:00Z,44.150001525878906,44.27000045776367,36.529998779296875,37.380001068115234,0
2026-02-03,2026-02-03T00:00:00Z,40.459999084472656,41.40999984741211,38.02000045776367,41.040000915527344,0
2026-02-04,2026-02-04T00:00:00Z,40.25,40.25,36.779998779296875,36.93000030517578,0
2026-02-05,2026-02-05T00:00:00Z,36.529998779296875,36.529998779296875,35.119998931884766,35.529998779296875,0
2026-02-06,2026-02-06T00:00:00Z,36.2400016784668,36.369998931884766,33.29999923706055,33.959999084472656,0
2026-02-09,2026-02-09T00:00:00Z,32.34000015258789,32.84000015258789,31.56999969482422,32.84000015258789,0
2026-02-10,2026-02-10T00:00:00Z,29.110000610351562,29.190000534057617,28.030000686645508,28.860000610351562,0
2026-02-11,2026-02-11T00:00:00Z,29.31999969482422,29.65999984741211,28.760000228881836,29.3799991607666,0
2026-02-12,2026-02-12T00:00:00Z,27.239999771118164,32.5099983215332,26.600000381469727,30.229999542236328,0
2026-02-13,2026-02-13T00:00:00Z,29.549999237060547,32.47999954223633,29.270000457763672,30.84000015258789,0
2026-02-17,2026-02-17T00:00:00Z,32.0099983215332,33.599998474121094,32.0,33.2400016784668,0
2026-02-18,2026-02-18T00:00:00Z,34.369998931884766,34.81999969482422,30.899999618530273,33.75,0
2026-02-19,2026-02-19T00:00:00Z,34.56999969482422,35.88999938964844,33.400001525878906,33.560001373291016,0
2026-02-20,2026-02-20T00:00:00Z,34.88999938964844,36.439998626708984,33.56999969482422,36.439998626708984,0
2026-02-23,2026-02-23T00:00:00Z,36.790000915527344,38.720001220703125,36.439998626708984,38.459999084472656,0
2026-02-24,2026-02-24T00:00:00Z,36.150001525878906,37.650001525878906,35.36000061035156,37.54999923706055,0
2026-02-25,2026-02-25T00:00:00Z,35.439998626708984,35.61000061035156,34.36000061035156,34.959999084472656,0
2026-02-26,2026-02-26T00:00:00Z,32.93000030517578,33.689998626708984,32.810001373291016,33.06999969482422,0
2026-02-27,2026-02-27T00:00:00Z,34.06999969482422,34.880001068115234,33.08000183105469,33.22999954223633,0
2026-03-02,2026-03-02T00:00:00Z,35.150001525878906,35.529998779296875,34.29999923706055,34.83000183105469,0
2026-03-03,2026-03-03T00:00:00Z,36.70000076293945,40.36000061035156,36.4900016784668,38.77000045776367,0
2026-03-04,2026-03-04T00:00:00Z,36.59000015258789,37.68000030517578,36.47999954223633,36.47999954223633,0
2026-03-05,2026-03-05T00:00:00Z,36.529998779296875,36.529998779296875,35.08000183105469,35.310001373291016,0
2026-03-06,2026-03-06T00:00:00Z,35.08000183105469,35.97999954223633,33.75,34.2599983215332,0
2026-03-09,2026-03-09T00:00:00Z,35.709999084472656,35.709999084472656,33.52000045776367,33.52000045776367,0
2026-03-10,2026-03-10T00:00:00Z,32.40999984741211,32.869998931884766,31.920000076293945,32.11000061035156,0
2026-03-11,2026-03-11T00:00:00Z,31.40999984741211,31.440000534057617,30.639999389648438,30.68000030517578,0
2026-03-12,2026-03-12T00:00:00Z,30.469999313354492,31.260000228881836,30.399999618530273,31.09000015258789,0
2026-03-13,2026-03-13T00:00:00Z,30.959999084472656,32.349998474121094,30.040000915527344,32.310001373291016,0
2026-03-16,2026-03-16T00:00:00Z,31.549999237060547,32.310001373291016,30.5,30.559999465942383,0
2026-03-17,2026-03-17T00:00:00Z,29.43000030517578,29.479999542236328,27.93000030517578,27.979999542236328,0
2026-03-18,2026-03-18T00:00:00Z,29.760000228881836,29.8700008392334,26.219999313354492,29.420000076293945,0
2026-03-19,2026-03-19T00:00:00Z,34.349998474121094,34.560001373291016,31.040000915527344,31.049999237060547,0
2026-03-20,2026-03-20T00:00:00Z,31.200000762939453,35.939998626708984,31.030000686645508,35.25,0
2026-03-23,2026-03-23T00:00:00Z,41.959999084472656,44.709999084472656,38.939998626708984,43.36000061035156,0
2026-03-24,2026-03-24T00:00:00Z,42.619998931884766,42.68000030517578,40.29999923706055,41.900001525878906,0
2026-03-25,2026-03-25T00:00:00Z,39.209999084472656,40.15999984741211,37.86000061035156,38.650001525878906,0
2026-03-26,2026-03-26T00:00:00Z,42.36000061035156,45.09000015258789,40.040000915527344,45.06999969482422,0
2026-03-27,2026-03-27T00:00:00Z,43.93000030517578,45.54999923706055,41.720001220703125,45.5099983215332,0
2026-03-30,2026-03-30T00:00:00Z,42.720001220703125,43.72999954223633,41.790000915527344,42.709999084472656,0
2026-03-31,2026-03-31T00:00:00Z,40.33000183105469,40.33000183105469,38.630001068115234,38.88999938964844,0
2026-04-01,2026-04-01T00:00:00Z,37.189998626708984,37.47999954223633,35.619998931884766,36.11000061035156,0
2026-04-02,2026-04-02T00:00:00Z,40.310001373291016,40.41999816894531,37.849998474121094,37.849998474121094,0
2026-04-06,2026-04-06T00:00:00Z,39.4900016784668,39.4900016784668,37.040000915527344,37.040000915527344,0
2026-04-07,2026-04-07T00:00:00Z,37.9900016784668,39.45000076293945,37.029998779296875,37.43000030517578,0
2026-04-08,2026-04-08T00:00:00Z,34.15999984741211,35.31999969482422,33.400001525878906,34.209999084472656,0
2026-04-09,2026-04-09T00:00:00Z,32.459999084472656,32.54999923706055,31.540000915527344,31.65999984741211,0
2026-04-10,2026-04-10T00:00:00Z,30.520000457763672,30.760000228881836,29.860000610351562,30.459999084472656,0
2026-04-13,2026-04-13T00:00:00Z,32.06999969482422,32.13999938964844,29.829999923706055,30.0,0
2026-04-14,2026-04-14T00:00:00Z,29.3799991607666,31.479999542236328,29.3799991607666,31.040000915527344,0
2026-04-15,2026-04-15T00:00:00Z,31.139999389648438,31.5,29.969999313354492,29.969999313354492,0
2026-04-16,2026-04-16T00:00:00Z,29.920000076293945,29.959999084472656,28.489999771118164,28.649999618530273,0
2026-04-17,2026-04-17T00:00:00Z,28.920000076293945,29.280000686645508,28.3799991607666,28.950000762939453,0
2026-04-20,2026-04-20T00:00:00Z,29.6200008392334,29.860000610351562,28.40999984741211,28.459999084472656,0
2026-04-21,2026-04-21T00:00:00Z,27.739999771118164,29.719999313354492,27.450000762939453,29.309999465942383,0
2026-04-22,2026-04-22T00:00:00Z,27.709999084472656,27.719999313354492,26.950000762939453,27.09000015258789,0
2026-04-23,2026-04-23T00:00:00Z,27.860000610351562,29.09000015258789,26.690000534057617,27.8700008392334,0
2026-04-24,2026-04-24T00:00:00Z,27.350000381469727,27.40999984741211,25.8799991607666,25.8799991607666,0
2026-04-27,2026-04-27T00:00:00Z,26.0,26.239999771118164,25.3700008392334,25.3700008392334,0
2026-04-28,2026-04-28T00:00:00Z,26.829999923706055,26.84000015258789,26.06999969482422,26.190000534057617,0
2026-04-29,2026-04-29T00:00:00Z,27.059999465942383,28.459999084472656,26.969999313354492,27.770000457763672,0
2026-04-30,2026-04-30T00:00:00Z,26.940000534057617,27.030000686645508,26.639999389648438,26.639999389648438,0
2026-05-01,2026-05-01T00:00:00Z,26.8799991607666,26.979999542236328,26.3700008392334,26.43000030517578,0
2026-05-04,2026-05-04T00:00:00Z,27.65999984741211,28.56999969482422,27.059999465942383,27.920000076293945,0
2026-05-05,2026-05-05T00:00:00Z,26.84000015258789,27.010000228881836,26.549999237060547,26.610000610351562,0
2026-05-06,2026-05-06T00:00:00Z,26.68000030517578,26.770000457763672,26.260000228881836,26.34000015258789,0
2026-05-07,2026-05-07T00:00:00Z,26.940000534057617,27.360000610351562,26.84000015258789,27.030000686645508,0
2026-05-08,2026-05-08T00:00:00Z,26.709999084472656,27.06999969482422,26.479999542236328,26.479999542236328,0
2026-05-11,2026-05-11T00:00:00Z,27.979999542236328,28.479999542236328,27.459999084472656,27.479999542236328,0
2026-05-12,2026-05-12T00:00:00Z,27.81999969482422,27.979999542236328,26.940000534057617,27.15999984741211,0
2026-05-13,2026-05-13T00:00:00Z,26.690000534057617,27.31999969482422,26.5,26.559999465942383,0
2026-05-14,2026-05-14T00:00:00Z,26.010000228881836,26.389999389648438,25.709999084472656,25.790000915527344,0
2026-05-15,2026-05-15T00:00:00Z,27.06999969482422,27.760000228881836,26.170000076293945,26.34000015258789,0
2026-05-18,2026-05-18T00:00:00Z,27.1200008392334,27.1200008392334,26.170000076293945,26.200000762939453,0
2026-05-19,2026-05-19T00:00:00Z,28.079999923706055,28.3799991607666,26.479999542236328,26.6299991607666,0
2026-05-20,2026-05-20T00:00:00Z,26.0,26.059999465942383,25.1200008392334,25.170000076293945,0
2026-05-21,2026-05-21T00:00:00Z,25.530000686645508,25.81999969482422,24.559999465942383,24.59000015258789,0
2026-05-22,2026-05-22T00:00:00Z,24.139999389648438,24.399999618530273,23.670000076293945,23.860000610351562,0
2026-05-26,2026-05-26T00:00:00Z,24.93000030517578,25.020000457763672,24.270000457763672,24.270000457763672,0
2026-05-27,2026-05-27T00:00:00Z,26.040000915527344,26.040000915527344,24.43000030517578,24.469999313354492,0
2026-05-28,2026-05-28T00:00:00Z,25.309999465942383,25.43000030517578,24.709999084472656,24.829999923706055,0
2026-05-29,2026-05-29T00:00:00Z,24.760000228881836,25.780000686645508,24.559999465942383,24.90999984741211,0
2026-06-01,2026-06-01T00:00:00Z,26.65999984741211,26.799999237060547,25.639999389648438,25.639999389648438,0
2026-06-02,2026-06-02T00:00:00Z,25.1299991607666,25.639999389648438,24.329999923706055,24.440000534057617,0
2026-06-03,2026-06-03T00:00:00Z,24.920000076293945,25.489999771118164,24.40999984741211,24.489999771118164,0
2026-06-04,2026-06-04T00:00:00Z,24.790000915527344,24.790000915527344,23.8700008392334,23.8700008392334,0
2026-06-05,2026-06-05T00:00:00Z,24.790000915527344,28.979999542236328,24.780000686645508,28.889999389648438,0
2026-06-08,2026-06-08T00:00:00Z,27.31999969482422,27.56999969482422,26.459999084472656,27.170000076293945,0
2026-06-09,2026-06-09T00:00:00Z,26.31999969482422,30.31999969482422,26.170000076293945,28.040000915527344,0
2026-06-10,2026-06-10T00:00:00Z,31.68000030517578,32.41999816894531,29.829999923706055,32.18000030517578,0
2026-06-11,2026-06-11T00:00:00Z,31.290000915527344,31.84000015258789,28.31999969482422,28.329999923706055,0
2026-06-12,2026-06-12T00:00:00Z,27.84000015258789,29.040000915527344,26.790000915527344,26.850000381469727,0
2026-06-15,2026-06-15T00:00:00Z,25.809999465942383,26.6200008392334,25.579999923706055,26.469999313354492,0
2026-06-16,2026-06-16T00:00:00Z,25.520000457763672,25.540000915527344,25.010000228881836,25.18000030517578,0
2026-06-17,2026-06-17T00:00:00Z,25.450000762939453,29.200000762939453,25.1200008392334,28.450000762939453,0
2026-06-18,2026-06-18T00:00:00Z,27.010000228881836,28.649999618530273,26.329999923706055,27.899999618530273,0
2026-06-22,2026-06-22T00:00:00Z,26.969999313354492,27.239999771118164,26.139999389648438,26.149999618530273,0
2026-06-23,2026-06-23T00:00:00Z,28.280000686645508,28.510000228881836,27.25,27.40999984741211,0
2026-06-24,2026-06-24T00:00:00Z,32.63999938964844,32.7599983215332,30.600000381469727,31.600000381469727,0
2026-06-25,2026-06-25T00:00:00Z,29.889999389648438,30.639999389648438,29.209999084472656,29.579999923706055,0
2026-06-26,2026-06-26T00:00:00Z,28.709999084472656,28.84000015258789,27.18000030517578,27.18000030517578,0
2026-06-29,2026-06-29T00:00:00Z,28.18000030517578,28.809999465942383,27.610000610351562,27.700000762939453,0
2026-06-30,2026-06-30T00:00:00Z,28.149999618530273,28.649999618530273,27.149999618530273,27.200000762939453,0
2026-07-01,2026-07-01T00:00:00Z,27.18000030517578,27.90999984741211,26.760000228881836,27.1200008392334,0
2026-07-02,2026-07-02T00:00:00Z,26.709999084472656,26.709999084472656,25.899999618530273,26.0,0
2026-07-06,2026-07-06T00:00:00Z,26.239999771118164,26.520000457763672,25.329999923706055,25.329999923706055,0
2026-07-07,2026-07-07T00:00:00Z,25.170000076293945,26.850000381469727,24.81999969482422,26.209999084472656,0
2026-07-08,2026-07-08T00:00:00Z,27.549999237060547,28.920000076293945,27.31999969482422,27.600000381469727,0
2026-07-09,2026-07-09T00:00:00Z,26.3799991607666,26.399999618530273,25.309999465942383,25.329999923706055,0
2026-07-10,2026-07-10T00:00:00Z,25.040000915527344,25.389999389648438,23.90999984741211,23.950000762939453,0
2026-07-13,2026-07-13T00:00:00Z,25.969999313354492,27.239999771118164,25.65999984741211,26.93000030517578,0
2026-07-14,2026-07-14T00:00:00Z,25.670000076293945,26.059999465942383,25.020000457763672,25.020000457763672,0
2026-07-15,2026-07-15T00:00:00Z,25.329999923706055,25.40999984741211,24.360000610351562,24.8799991607666,0
2026-07-16,2026-07-16T00:00:00Z,26.40999984741211,27.0,26.079999923706055,26.649999618530273,0
2026-07-17,2026-07-17T00:00:00Z,27.139999389648438,27.149999618530273,25.579999923706055,25.600000381469727,0
2026-07-20,2026-07-20T00:00:00Z,26.43000030517578,26.43000030517578,25.360000610351562,25.3700008392334,0
2026-07-21,2026-07-21T00:00:00Z,25.100000381469727,25.100000381469727,23.889999389648438,23.940000534057617,0
2026-07-22,2026-07-22T00:00:00Z,24.229999542236328,24.520000457763672,24.010000228881836,24.020000457763672,0
2026-07-23,2026-07-23T00:00:00Z,25.309999465942383,25.559999465942383,25.010000228881836,25.139999389648438,0
2026-07-24,2026-07-24T00:00:00Z,24.670000076293945,25.06999969482422,24.229999542236328,24.329999923706055,0
2026-07-27,2026-07-27T00:00:00Z,25.020000457763672,25.020000457763672,24.1299991607666,24.1299991607666,0
2026-07-28,2026-07-28T00:00:00Z,24.610000610351562,25.190000534057617,24.270000457763672,24.6200008392334,0
2026-07-29,2026-07-29T00:00:00Z,25.829999923706055,27.34000015258789,23.649999618530273,24.639999389648438,0
2026-07-30,2026-07-30T00:00:00Z,24.149999618530273,24.610000610351562,24.09000015258789,24.479999542236328,0
2026-07-31,2026-07-31T00:00:00Z,24.610000610351562,25.969999313354492,23.309999465942383,23.309999465942383,0
2026-08-03,2026-08-03T00:00:00Z,24.25,24.799999237060547,23.31999969482422,23.649999618530273,0
2026-08-04,2026-08-04T00:00:00Z,23.520000457763672,23.799999237060547,23.209999084472656,23.5,0
2026-08-05,2026-08-05T00:00:00Z,25.1299991607666,26.239999771118164,25.110000610351562,25.59000015258789,0
2026-08-06,2026-08-06T00:00:00Z,25.469999313354492,26.059999465942383,24.799999237060547,24.860000610351562,0
2026-08-07,2026-08-07T00:00:00Z,26.030000686645508,26.59000015258789,25.420000076293945,25.639999389648438,0
2026-08-10,2026-08-10T00:00:00Z,25.739999771118164,29.030000686645508,25.68000030517578,27.899999618530273,0
2026-08-11,2026-08-11T00:00:00Z,27.290000915527344,27.290000915527344,25.989999771118164,25.989999771118164,0
2026-08-12,2026-08-12T00:00:00Z,26.450000762939453,26.950000762939453,25.579999923706055,25.579999923706055,0
2026-08-13,2026-08-13T00:00:00Z,24.399999618530273,24.399999618530273,23.850000381469727,23.8700008392334,0
2026-08-14,2026-08-14T00:00:00Z,23.780000686645508,24.700000762939453,23.780000686645508,23.920000076293945,0
2026-08-17,2026-08-17T00:00:00Z,24.6200008392334,25.549999237060547,24.6200008392334,25.1200008392334,0
2026-08-18,2026-08-18T00:00:00Z,24.90999984741211,25.1299991607666,23.959999084472656,23.979999542236328,0
2026-08-19,2026-08-19T00:00:00Z,26.510000228881836,27.1299991607666,25.790000915527344,26.68000030517578,0
2026-08-20,2026-08-20T00:00:00Z,25.969999313354492,27.489999771118164,25.969999313354492,27.280000686645508,0
2026-08-21,2026-08-21T00:00:00Z,27.700000762939453,28.219999313354492,27.290000915527344,27.290000915527344,0
2026-08-24,2026-08-24T00:00:00Z,29.610000610351562,29.850000381469727,28.25,28.280000686645508,0
2026-08-25,2026-08-25T00:00:00Z,27.770000457763672,28.149999618530273,27.31999969482422,27.690000534057617,0
2026-08-26,2026-08-26T00:00:00Z,27.6200008392334,27.780000686645508,26.950000762939453,26.959999084472656,0
2026-08-27,2026-08-27T00:00:00Z,27.25,27.25,26.690000534057617,26.799999237060547,0
2026-08-28,2026-08-28T00:00:00Z,27.43000030517578,29.06999969482422,25.170000076293945,25.170000076293945,0
2026-08-31,2026-08-31T00:00:00Z,24.8799991607666,24.969999313354492,24.399999618530273,24.399999618530273,0
2026-09-01,2026-09-01T00:00:00Z,25.600000381469727,25.600000381469727,24.790000915527344,25.43000030517578,0
2026-09-02,2026-09-02T00:00:00Z,25.3799991607666,26.209999084472656,25.290000915527344,26.139999389648438,0
2026-09-03,2026-09-03T00:00:00Z,27.459999084472656,28.190000534057617,26.56999969482422,27.18000030517578,0
2026-09-04,2026-09-04T00:00:00Z,26.56999969482422,26.65999984741211,26.229999542236328,26.6299991607666,0
2026-09-08,2026-09-08T00:00:00Z,27.510000228881836,27.600000381469727,27.139999389648438,27.260000228881836,0
2026-09-09,2026-09-09T00:00:00Z,28.09000015258789,28.229999542236328,27.399999618530273,27.790000915527344,0
2026-09-10,2026-09-10T00:00:00Z,28.219999313354492,28.690000534057617,27.850000381469727,28.479999542236328,0
2026-09-11,2026-09-11T00:00:00Z,27.790000915527344,28.06999969482422,25.530000686645508,25.68000030517578,0
2026-09-14,2026-09-14T00:00:00Z,27.3700008392334,27.3700008392334,26.450000762939453,26.540000915527344,0
2026-09-15,2026-09-15T00:00:00Z,27.34000015258789,27.479999542236328,26.889999389648438,26.899999618530273,0
2026-09-16,2026-09-16T00:00:00Z,27.34000015258789,28.510000228881836,26.34000015258789,26.549999237060547,0
2026-09-17,2026-09-17T00:00:00Z,26.579999923706055,26.579999923706055,24.920000076293945,24.979999542236328,0
2026-09-18,2026-09-18T00:00:00Z,24.950000762939453,24.950000762939453,23.299999237060547,23.309999465942383,0
2026-09-21,2026-09-21T00:00:00Z,24.149999618530273,24.15999984741211,23.309999465942383,23.3799991607666,0
2026-09-22,2026-09-22T00:00:00Z,23.530000686645508,23.700000762939453,23.100000381469727,23.59000015258789,0
2026-09-23,2026-09-23T00:00:00Z,23.709999084472656,23.709999084472656,22.649999618530273,22.770000457763672,0
2026-09-24,2026-09-24T00:00:00Z,23.030000686645508,23.030000686645508,22.579999923706055,22.579999923706055,0
2026-09-25,2026-09-25T00:00:00Z,22.389999389648438,22.68000030517578,22.149999618530273,22.440000534057617,0
2026-09-28,2026-09-28T00:00:00Z,25.34000015258789,25.709999084472656,24.610000610351562,24.829999923706055,0
2026-09-29,2026-09-29T00:00:00Z,24.790000915527344,24.809999465942383,23.920000076293945,24.3700008392334,0
2026-09-30,2026-09-30T00:00:00Z,23.790000915527344,24.040000915527344,23.649999618530273,23.889999389648438,0
