session_date,timestamp_utc,Open,High,Low,Close,Volume
2016-09-30,2016-09-30T00:00:00Z,77.125,78.42500305175781,76.4000015258789,78.42500305175781,4798364
2016-10-03,2016-10-03T00:00:00Z,78.42500305175781,79.07499694824219,78.1500015258789,78.75,2719424
2016-10-04,2016-10-04T00:00:00Z,78.82499694824219,79.7750015258789,78.80000305175781,79.57499694824219,5130540
2016-10-05,2016-10-05T00:00:00Z,79.17500305175781,79.69999694824219,78.8499984741211,79.5250015258789,3448440
2016-10-06,2016-10-06T00:00:00Z,79.94999694824219,80.19999694824219,79.2249984741211,79.80000305175781,4219552
2016-10-07,2016-10-07T00:00:00Z,79.80000305175781,79.9000015258789,78.94999694824219,79.19999694824219,4277672
2016-10-10,2016-10-10T00:00:00Z,79.25,80.44999694824219,78.94999694824219,80.44999694824219,3557376
2016-10-11,2016-10-11T00:00:00Z,80.2750015258789,80.55000305175781,79.94999694824219,80.25,4769948
2016-10-12,2016-10-12T00:00:00Z,79.75,80.2249984741211,79.5250015258789,79.57499694824219,5294496
2016-10-13,2016-10-13T00:00:00Z,79.375,79.375,77.80000305175781,78.1500015258789,5507628
2016-10-14,2016-10-14T00:00:00Z,78.25,79.375,78.25,79.1500015258789,3924052
2016-10-17,2016-10-17T00:00:00Z,79.05000305175781,79.32499694824219,78.4749984741211,78.8499984741211,3293788
2016-10-18,2016-10-18T00:00:00Z,79.30000305175781,80.4749984741211,79.30000305175781,80.1500015258789,3689252
2016-10-19,2016-10-19T00:00:00Z,80.17500305175781,80.69999694824219,79.19999694824219,79.6500015258789,3646580
2016-10-20,2016-10-20T00:00:00Z,79.625,80.30000305175781,79.32499694824219,80.0250015258789,5046492
2016-10-21,2016-10-21T00:00:00Z,80.0250015258789,81.0250015258789,80.0,80.80000305175781,4471788
2016-10-24,2016-10-24T00:00:00Z,80.9749984741211,81.80000305175781,80.9749984741211,81.375,4548776
2016-10-25,2016-10-25T00:00:00Z,81.5,81.67500305175781,81.17500305175781,81.375,3339464
2016-10-26,2016-10-26T00:00:00Z,81.7249984741211,81.80000305175781,80.25,80.82499694824219,3742212
2016-10-27,2016-10-27T00:00:00Z,80.94999694824219,80.94999694824219,79.82499694824219,80.3499984741211,5267216
2016-10-28,2016-10-28T00:00:00Z,80.0999984741211,80.5999984741211,79.6500015258789,80.42500305175781,4491732
2016-10-31,2016-10-31T00:00:00Z,80.32499694824219,80.32499694824219,79.82499694824219,80.2750015258789,4892764
2016-11-01,2016-11-01T00:00:00Z,80.5,80.82499694824219,79.0,79.0,3983584
2016-11-02,2016-11-02T00:00:00Z,78.7750015258789,78.80000305175781,77.8499984741211,78.0250015258789,3513332
2016-11-03,2016-11-03T00:00:00Z,77.75,78.5250015258789,77.55000305175781,77.625,3013256
2016-11-04,2016-11-04T00:00:00Z,77.5,77.5999984741211,76.42500305175781,76.5999984741211,2529712
2016-11-07,2016-11-07T00:00:00Z,77.42500305175781,78.125,77.42500305175781,77.94999694824219,3394428
2016-11-08,2016-11-08T00:00:00Z,78.25,78.55000305175781,77.57499694824219,78.19999694824219,3244056
2016-11-09,2016-11-09T00:00:00Z,75.75,78.4000015258789,75.7249984741211,78.32499694824219,7342944
2016-11-10,2016-11-10T00:00:00Z,78.625,80.1500015258789,77.9749984741211,78.30000305175781,7188724
2016-11-11,2016-11-11T00:00:00Z,78.80000305175781,79.2249984741211,77.375,77.5,3394884
2016-11-14,2016-11-14T00:00:00Z,78.0999984741211,78.5999984741211,76.9749984741211,77.2750015258789,6590504
2016-11-15,2016-11-15T00:00:00Z,77.44999694824219,78.2249984741211,77.42500305175781,78.125,3201924
2016-11-16,2016-11-16T00:00:00Z,78.2249984741211,78.5,76.69999694824219,76.9000015258789,4883688
2016-11-17,2016-11-17T00:00:00Z,76.875,77.30000305175781,76.32499694824219,77.30000305175781,5841776
2016-11-18,2016-11-18T00:00:00Z,77.375,77.625,76.875,77.625,5088028
2016-11-21,2016-11-21T00:00:00Z,77.625,77.6500015258789,76.5999984741211,76.92500305175781,5394760
2016-11-22,2016-11-22T00:00:00Z,77.375,77.6500015258789,76.625,77.07499694824219,5882028
2016-11-23,2016-11-23T00:00:00Z,77.0250015258789,77.55000305175781,76.625,77.375,4556028
2016-11-24,2016-11-24T00:00:00Z,77.44999694824219,77.92500305175781,77.44999694824219,77.8499984741211,3281468
2016-11-25,2016-11-25T00:00:00Z,77.9000015258789,78.32499694824219,77.5250015258789,78.30000305175781,3925024
2016-11-28,2016-11-28T00:00:00Z,78.25,78.2750015258789,77.1500015258789,77.32499694824219,3827432
2016-11-29,2016-11-29T00:00:00Z,77.25,78.07499694824219,76.625,77.17500305175781,8679444
2016-11-30,2016-11-30T00:00:00Z,77.17500305175781,77.9749984741211,76.9000015258789,77.875,11408332
2016-12-01,2016-12-01T00:00:00Z,77.5999984741211,78.3499984741211,77.30000305175781,78.05000305175781,4983324
2016-12-02,2016-12-02T00:00:00Z,77.8499984741211,78.05000305175781,77.25,77.57499694824219,4287016
2016-12-05,2016-12-05T00:00:00Z,77.25,79.125,77.25,79.05000305175781,4977084
2016-12-06,2016-12-06T00:00:00Z,79.0250015258789,79.6500015258789,78.80000305175781,79.6500015258789,6057064
2016-12-07,2016-12-07T00:00:00Z,80.0,81.19999694824219,79.94999694824219,81.19999694824219,6277724
2016-12-08,2016-12-08T00:00:00Z,81.07499694824219,81.7249984741211,81.05000305175781,81.7249984741211,5655336
2016-12-09,2016-12-09T00:00:00Z,81.7249984741211,83.8499984741211,81.55000305175781,83.44999694824219,8235228
2016-12-12,2016-12-12T00:00:00Z,83.44999694824219,84.1500015258789,82.8499984741211,83.57499694824219,6880248
2016-12-13,2016-12-13T00:00:00Z,83.5,84.67500305175781,83.17500305175781,84.55000305175781,4849316
2016-12-14,2016-12-14T00:00:00Z,84.4000015258789,84.875,83.875,84.375,6084108
2016-12-15,2016-12-15T00:00:00Z,84.375,85.625,84.30000305175781,85.625,5134960
2016-12-16,2016-12-16T00:00:00Z,85.3499984741211,86.07499694824219,84.94999694824219,85.55000305175781,6324072
2016-12-19,2016-12-19T00:00:00Z,85.55000305175781,86.1500015258789,85.17500305175781,85.94999694824219,7418592
2016-12-20,2016-12-20T00:00:00Z,85.94999694824219,86.4000015258789,85.80000305175781,86.2249984741211,8185544
2016-12-21,2016-12-21T00:00:00Z,86.0,86.19999694824219,85.0999984741211,85.30000305175781,4217032
2016-12-22,2016-12-22T00:00:00Z,85.1500015258789,85.32499694824219,84.7750015258789,85.30000305175781,3087148
2016-12-23,2016-12-23T00:00:00Z,85.2249984741211,85.94999694824219,85.2249984741211,85.82499694824219,2044832
2016-12-27,2016-12-27T00:00:00Z,85.6500015258789,86.2750015258789,85.625,85.94999694824219,1856624
2016-12-28,2016-12-28T00:00:00Z,85.7750015258789,86.05000305175781,85.2750015258789,85.42500305175781,2406496
2016-12-29,2016-12-29T00:00:00Z,85.2249984741211,85.7750015258789,84.92500305175781,85.19999694824219,2477392
2016-12-30,2016-12-30T00:00:00Z,85.0250015258789,85.5,85.0,85.125,2409188
2017-01-02,2017-01-02T00:00:00Z,84.75,85.75,83.6500015258789,85.4749984741211,2319352
2017-01-03,2017-01-03T00:00:00Z,85.6500015258789,86.25,85.32499694824219,85.80000305175781,4625196
2017-01-04,2017-01-04T00:00:00Z,86.0,86.19999694824219,85.5250015258789,85.67500305175781,3351180
2017-01-05,2017-01-05T00:00:00Z,85.55000305175781,85.69999694824219,84.92500305175781,85.0,1790172
2017-01-09,2017-01-09T00:00:00Z,84.9000015258789,85.80000305175781,84.875,85.4000015258789,4130020
2017-01-10,2017-01-10T00:00:00Z,85.3499984741211,85.6500015258789,84.67500305175781,84.92500305175781,3612844
2017-01-11,2017-01-11T00:00:00Z,84.92500305175781,85.19999694824219,84.5999984741211,85.0,5110388
2017-01-12,2017-01-12T00:00:00Z,84.7750015258789,85.1500015258789,84.44999694824219,84.625,3778764
2017-01-13,2017-01-13T00:00:00Z,84.875,85.8499984741211,84.6500015258789,85.8499984741211,3102700
2017-01-16,2017-01-16T00:00:00Z,85.57499694824219,85.69999694824219,84.875,85.0250015258789,2759728
2017-01-17,2017-01-17T00:00:00Z,84.875,85.375,84.375,84.92500305175781,3647012
2017-01-18,2017-01-18T00:00:00Z,85.05000305175781,85.375,84.42500305175781,85.375,3220828
2017-01-19,2017-01-19T00:00:00Z,85.375,86.42500305175781,84.92500305175781,85.67500305175781,3886204
2017-01-20,2017-01-20T00:00:00Z,85.44999694824219,86.75,85.42500305175781,86.5999984741211,3748400
2017-01-23,2017-01-23T00:00:00Z,86.25,86.4000015258789,85.57499694824219,85.9749984741211,4181844
2017-01-24,2017-01-24T00:00:00Z,85.9749984741211,87.32499694824219,85.82499694824219,87.32499694824219,4851772
2017-01-25,2017-01-25T00:00:00Z,87.7249984741211,89.125,87.67500305175781,89.125,6725516
2017-01-26,2017-01-26T00:00:00Z,89.5,89.5,88.75,89.25,5222096
2017-01-27,2017-01-27T00:00:00Z,89.0999984741211,89.0999984741211,88.4749984741211,88.625,3430824
2017-01-30,2017-01-30T00:00:00Z,88.625,88.625,87.5999984741211,87.875,3894220
2017-01-31,2017-01-31T00:00:00Z,87.875,88.75,87.05000305175781,87.2249984741211,4779260
2017-02-01,2017-02-01T00:00:00Z,87.42500305175781,88.0999984741211,86.5999984741211,87.7249984741211,4928996
2017-02-02,2017-02-02T00:00:00Z,87.7750015258789,88.55000305175781,87.4000015258789,88.2249984741211,3425732
2017-02-03,2017-02-03T00:00:00Z,88.0,89.625,87.8499984741211,88.42500305175781,5603692
2017-02-06,2017-02-06T00:00:00Z,88.55000305175781,88.9749984741211,88.17500305175781,88.30000305175781,2450652
2017-02-07,2017-02-07T00:00:00Z,88.17500305175781,89.07499694824219,88.1500015258789,88.5,3178360
2017-02-08,2017-02-08T00:00:00Z,88.75,88.94999694824219,87.9000015258789,88.6500015258789,3649024
2017-02-09,2017-02-09T00:00:00Z,88.7750015258789,89.2750015258789,88.4749984741211,89.2249984741211,4056580
2017-02-10,2017-02-10T00:00:00Z,89.25,89.7249984741211,88.625,88.875,3256272
2017-02-13,2017-02-13T00:00:00Z,89.1500015258789,89.4000015258789,88.5999984741211,89.25,3338044
2017-02-14,2017-02-14T00:00:00Z,89.07499694824219,89.7750015258789,88.7249984741211,89.42500305175781,3791088
2017-02-15,2017-02-15T00:00:00Z,89.67500305175781,89.8499984741211,88.9000015258789,89.67500305175781,4926560
2017-02-16,2017-02-16T00:00:00Z,89.67500305175781,90.0,89.19999694824219,89.92500305175781,4402684
2017-02-17,2017-02-17T00:00:00Z,90.0,90.19999694824219,89.55000305175781,89.94999694824219,4665904
2017-02-20,2017-02-20T00:00:00Z,90.30000305175781,90.625,89.7249984741211,89.7750015258789,5041852
2017-02-21,2017-02-21T00:00:00Z,89.69999694824219,90.94999694824219,89.4000015258789,90.67500305175781,3507952
2017-02-22,2017-02-22T00:00:00Z,90.75,91.5250015258789,90.17500305175781,90.375,3542704
2017-02-23,2017-02-23T00:00:00Z,90.32499694824219,91.7750015258789,90.1500015258789,91.2249984741211,4710368
2017-02-24,2017-02-24T00:00:00Z,91.30000305175781,91.32499694824219,89.44999694824219,89.7249984741211,4041336
2017-02-27,2017-02-27T00:00:00Z,90.0,90.07499694824219,89.2249984741211,89.375,3740704
2017-02-28,2017-02-28T00:00:00Z,89.5999984741211,90.0,88.92500305175781,89.5,5039044
2017-03-01,2017-03-01T00:00:00Z,89.7750015258789,91.2249984741211,89.75,91.0,4030312
2017-03-02,2017-03-02T00:00:00Z,91.0250015258789,91.1500015258789,90.19999694824219,90.3499984741211,3393004
2017-03-03,2017-03-03T00:00:00Z,90.32499694824219,90.82499694824219,89.69999694824219,90.2249984741211,3081256
2017-03-06,2017-03-06T00:00:00Z,90.2249984741211,90.2249984741211,89.30000305175781,89.8499984741211,2315448
2017-03-07,2017-03-07T00:00:00Z,89.8499984741211,90.25,89.5250015258789,89.92500305175781,3335432
2017-03-08,2017-03-08T00:00:00Z,89.92500305175781,90.7249984741211,89.7750015258789,90.0,2867276
2017-03-09,2017-03-09T00:00:00Z,89.75,90.55000305175781,89.3499984741211,90.5250015258789,3503092
2017-03-10,2017-03-10T00:00:00Z,91.125,92.125,91.0,91.42500305175781,5278940
2017-03-13,2017-03-13T00:00:00Z,91.42500305175781,92.19999694824219,91.125,91.9000015258789,3366524
2017-03-14,2017-03-14T00:00:00Z,91.9000015258789,91.94999694824219,91.0999984741211,91.5,4555324
2017-03-15,2017-03-15T00:00:00Z,91.92500305175781,92.6500015258789,91.625,92.4000015258789,5054044
2017-03-16,2017-03-16T00:00:00Z,92.82499694824219,92.94999694824219,92.25,92.69999694824219,4845272
2017-03-17,2017-03-17T00:00:00Z,92.80000305175781,93.3499984741211,92.5250015258789,93.0,5028720
2017-03-20,2017-03-20T00:00:00Z,93.0,93.19999694824219,92.5,92.92500305175781,4555340
2017-03-21,2017-03-21T00:00:00Z,93.4749984741211,93.4749984741211,91.75,91.9749984741211,4650972
2017-03-22,2017-03-22T00:00:00Z,91.75,91.75,90.1500015258789,91.0,6734536
2017-03-23,2017-03-23T00:00:00Z,91.2249984741211,91.69999694824219,90.42500305175781,91.69999694824219,4741544
2017-03-24,2017-03-24T00:00:00Z,91.625,91.6500015258789,90.5999984741211,90.94999694824219,3634536
2017-03-27,2017-03-27T00:00:00Z,90.44999694824219,91.375,89.2750015258789,91.19999694824219,5693760
2017-03-28,2017-03-28T00:00:00Z,91.25,91.625,90.2750015258789,91.42500305175781,3952712
2017-03-29,2017-03-29T00:00:00Z,91.7750015258789,93.0,91.7750015258789,92.875,5860408
2017-03-30,2017-03-30T00:00:00Z,93.0,93.55000305175781,92.375,93.0,4745108
2017-03-31,2017-03-31T00:00:00Z,93.375,94.67500305175781,93.0,94.30000305175781,5347516
2017-04-03,2017-04-03T00:00:00Z,94.5,94.67500305175781,93.5250015258789,93.57499694824219,4826700
2017-04-04,2017-04-04T00:00:00Z,93.75,94.05000305175781,93.57499694824219,93.82499694824219,5452564
2017-04-05,2017-04-05T00:00:00Z,94.2750015258789,95.9000015258789,93.80000305175781,95.2750015258789,7515092
2017-04-06,2017-04-06T00:00:00Z,95.0250015258789,95.625,94.07499694824219,95.625,4574328
2017-04-07,2017-04-07T00:00:00Z,95.2249984741211,95.625,94.625,95.55000305175781,5729376
2017-04-10,2017-04-10T00:00:00Z,95.4000015258789,96.4000015258789,95.125,96.30000305175781,3960100
2017-04-11,2017-04-11T00:00:00Z,96.05000305175781,96.9749984741211,95.6500015258789,95.9000015258789,3983548
2017-04-12,2017-04-12T00:00:00Z,96.0999984741211,97.25,96.0999984741211,96.3499984741211,3473840
2017-04-13,2017-04-13T00:00:00Z,96.375,96.4000015258789,95.67500305175781,96.07499694824219,1545080
2017-04-18,2017-04-18T00:00:00Z,97.0250015258789,97.0250015258789,96.0250015258789,96.32499694824219,5557096
2017-04-19,2017-04-19T00:00:00Z,96.32499694824219,96.42500305175781,95.67500305175781,96.2249984741211,3359072
2017-04-20,2017-04-20T00:00:00Z,96.17500305175781,97.2750015258789,95.7750015258789,96.8499984741211,3329320
2017-04-21,2017-04-21T00:00:00Z,96.9000015258789,97.2249984741211,96.55000305175781,97.0,4104116
2017-04-24,2017-04-24T00:00:00Z,98.0,99.9000015258789,97.94999694824219,99.9000015258789,7321848
2017-04-25,2017-04-25T00:00:00Z,99.82499694824219,101.4000015258789,99.42500305175781,101.2750015258789,8481984
2017-04-26,2017-04-26T00:00:00Z,101.2750015258789,101.5999984741211,100.8499984741211,101.5999984741211,5663360
2017-04-27,2017-04-27T00:00:00Z,101.19999694824219,101.25,100.44999694824219,101.0,4555996
2017-04-28,2017-04-28T00:00:00Z,101.0999984741211,101.30000305175781,100.8499984741211,101.2249984741211,3693360
2017-05-02,2017-05-02T00:00:00Z,102.0,102.6500015258789,101.55000305175781,102.55000305175781,6501796
2017-05-03,2017-05-03T00:00:00Z,102.375,102.375,101.5,102.25,5713672
2017-05-04,2017-05-04T00:00:00Z,99.875,100.5999984741211,99.07499694824219,100.5999984741211,5592972
2017-05-05,2017-05-05T00:00:00Z,100.7249984741211,101.75,100.125,101.67500305175781,3562628
2017-05-08,2017-05-08T00:00:00Z,101.75,101.94999694824219,100.69999694824219,101.9000015258789,4061256
2017-05-09,2017-05-09T00:00:00Z,101.8499984741211,103.5,101.67500305175781,103.44999694824219,5253176
2017-05-10,2017-05-10T00:00:00Z,103.25,103.25,101.92500305175781,102.375,4545392
2017-05-11,2017-05-11T00:00:00Z,102.375,103.0999984741211,102.0250015258789,102.5999984741211,4984644
2017-05-12,2017-05-12T00:00:00Z,102.5999984741211,103.125,101.80000305175781,102.6500015258789,5005268
2017-05-15,2017-05-15T00:00:00Z,103.0,103.625,102.69999694824219,103.4749984741211,3899760
2017-05-16,2017-05-16T00:00:00Z,103.5,103.92500305175781,102.69999694824219,102.92500305175781,4191800
2017-05-17,2017-05-17T00:00:00Z,102.55000305175781,102.6500015258789,100.625,100.875,4982580
2017-05-18,2017-05-18T00:00:00Z,100.0,101.07499694824219,98.6500015258789,99.55000305175781,8418460
2017-05-19,2017-05-19T00:00:00Z,99.75,100.25,99.32499694824219,99.55000305175781,5545884
2017-05-22,2017-05-22T00:00:00Z,99.94999694824219,100.32499694824219,98.82499694824219,99.05000305175781,3800464
2017-05-23,2017-05-23T00:00:00Z,99.0250015258789,99.75,99.0,99.75,3934076
2017-05-24,2017-05-24T00:00:00Z,99.75,99.94999694824219,99.3499984741211,99.75,1579100
2017-05-26,2017-05-26T00:00:00Z,99.92500305175781,100.1500015258789,98.42500305175781,99.4749984741211,3777804
2017-05-29,2017-05-29T00:00:00Z,99.44999694824219,99.67500305175781,99.2750015258789,99.5,3241848
2017-05-30,2017-05-30T00:00:00Z,99.32499694824219,99.80000305175781,99.0,99.7750015258789,5467500
2017-05-31,2017-05-31T00:00:00Z,99.875,101.19999694824219,99.55000305175781,100.44999694824219,7844616
2017-06-01,2017-06-01T00:00:00Z,100.25,101.5,100.0999984741211,100.6500015258789,4263576
2017-06-02,2017-06-02T00:00:00Z,101.25,101.75,101.1500015258789,101.42500305175781,3839100
2017-06-05,2017-06-05T00:00:00Z,101.42500305175781,101.67500305175781,100.875,101.05000305175781,1824316
2017-06-06,2017-06-06T00:00:00Z,101.05000305175781,101.05000305175781,101.05000305175781,101.05000305175781,0
2017-06-07,2017-06-07T00:00:00Z,101.375,101.42500305175781,100.5999984741211,100.6500015258789,4084344
2017-06-08,2017-06-08T00:00:00Z,100.69999694824219,101.57499694824219,100.57499694824219,100.7750015258789,3331968
2017-06-09,2017-06-09T00:00:00Z,100.94999694824219,102.3499984741211,100.8499984741211,102.17500305175781,3602544
2017-06-12,2017-06-12T00:00:00Z,102.17500305175781,102.17500305175781,100.9000015258789,101.17500305175781,3328840
2017-06-13,2017-06-13T00:00:00Z,101.25,102.44999694824219,101.25,102.1500015258789,4039476
2017-06-14,2017-06-14T00:00:00Z,102.4749984741211,103.4749984741211,102.42500305175781,102.5,4929900
2017-06-15,2017-06-15T00:00:00Z,102.375,102.42500305175781,101.0999984741211,101.5250015258789,4371284
2017-06-16,2017-06-16T00:00:00Z,101.80000305175781,103.0999984741211,101.80000305175781,103.0999984741211,5888896
2017-06-19,2017-06-19T00:00:00Z,103.3499984741211,105.0,103.3499984741211,104.82499694824219,3807724
2017-06-20,2017-06-20T00:00:00Z,104.82499694824219,106.2750015258789,104.7249984741211,105.3499984741211,5554216
2017-06-21,2017-06-21T00:00:00Z,105.17500305175781,105.25,104.2750015258789,104.69999694824219,3596612
2017-06-22,2017-06-22T00:00:00Z,104.69999694824219,105.94999694824219,104.375,105.0,3699240
2017-06-23,2017-06-23T00:00:00Z,105.0,105.0,105.0,105.0,0
2017-06-26,2017-06-26T00:00:00Z,104.8499984741211,106.4000015258789,104.8499984741211,105.1500015258789,4609840
2017-06-27,2017-06-27T00:00:00Z,105.1500015258789,105.32499694824219,104.125,104.42500305175781,3733196
2017-06-28,2017-06-28T00:00:00Z,104.42500305175781,104.42500305175781,103.2750015258789,104.30000305175781,3904668
2017-06-29,2017-06-29T00:00:00Z,104.375,104.80000305175781,101.375,101.5,4492072
2017-06-30,2017-06-30T00:00:00Z,101.55000305175781,102.4749984741211,101.0250015258789,101.5,4976452
2017-07-03,2017-07-03T00:00:00Z,101.75,102.9749984741211,101.75,102.82499694824219,3320372
2017-07-04,2017-07-04T00:00:00Z,102.5,102.6500015258789,101.92500305175781,102.2249984741211,2846844
2017-07-05,2017-07-05T00:00:00Z,102.07499694824219,102.7249984741211,101.32499694824219,102.6500015258789,2516864
2017-07-06,2017-07-06T00:00:00Z,102.55000305175781,102.80000305175781,100.57499694824219,101.69999694824219,3999608
2017-07-07,2017-07-07T00:00:00Z,101.9000015258789,101.9749984741211,101.0999984741211,101.5250015258789,2613280
2017-07-10,2017-07-10T00:00:00Z,101.82499694824219,102.125,101.4749984741211,101.5999984741211,3667304
2017-07-11,2017-07-11T00:00:00Z,101.5999984741211,102.25,101.2750015258789,101.8499984741211,3369128
2017-07-12,2017-07-12T00:00:00Z,101.9749984741211,103.1500015258789,101.82499694824219,103.1500015258789,3026504
2017-07-13,2017-07-13T00:00:00Z,103.42500305175781,103.5,102.5,102.67500305175781,2170776
2017-07-14,2017-07-14T00:00:00Z,102.82499694824219,102.94999694824219,102.125,102.6500015258789,2661556
2017-07-17,2017-07-17T00:00:00Z,102.75,102.9749984741211,101.44999694824219,102.5250015258789,3914560
2017-07-18,2017-07-18T00:00:00Z,102.0250015258789,102.2249984741211,98.80000305175781,99.875,6464472
2017-07-19,2017-07-19T00:00:00Z,100.0,101.5,98.6500015258789,100.625,4506924
2017-07-20,2017-07-20T00:00:00Z,100.7249984741211,101.4749984741211,99.30000305175781,99.7750015258789,4425812
2017-07-21,2017-07-21T00:00:00Z,99.5,99.92500305175781,98.3499984741211,98.8499984741211,4171844
2017-07-24,2017-07-24T00:00:00Z,98.8499984741211,99.30000305175781,97.875,97.9749984741211,5889576
2017-07-25,2017-07-25T00:00:00Z,97.75,98.7249984741211,97.75,98.375,2925800
2017-07-26,2017-07-26T00:00:00Z,97.9749984741211,98.57499694824219,97.7750015258789,98.55000305175781,3480328
2017-07-27,2017-07-27T00:00:00Z,98.07499694824219,98.375,97.30000305175781,97.30000305175781,4612116
2017-07-28,2017-07-28T00:00:00Z,97.3499984741211,97.5250015258789,95.5250015258789,96.0999984741211,5948300
2017-07-31,2017-07-31T00:00:00Z,95.94999694824219,96.9000015258789,95.6500015258789,95.75,3500716
2017-08-01,2017-08-01T00:00:00Z,96.0250015258789,97.80000305175781,95.9749984741211,97.4000015258789,4969320
2017-08-02,2017-08-02T00:00:00Z,97.67500305175781,98.17500305175781,96.80000305175781,97.19999694824219,2974680
2017-08-03,2017-08-03T00:00:00Z,97.2249984741211,97.375,96.5,96.67500305175781,3128560
2017-08-04,2017-08-04T00:00:00Z,96.7249984741211,97.7249984741211,96.30000305175781,97.44999694824219,2607348
2017-08-07,2017-08-07T00:00:00Z,97.44999694824219,98.0999984741211,97.4000015258789,97.82499694824219,2017924
2017-08-08,2017-08-08T00:00:00Z,97.82499694824219,98.375,97.5,98.0,2630984
2017-08-09,2017-08-09T00:00:00Z,97.6500015258789,97.6500015258789,96.5,97.19999694824219,3392096
2017-08-10,2017-08-10T00:00:00Z,97.05000305175781,97.17500305175781,95.94999694824219,96.0,2592780
2017-08-11,2017-08-11T00:00:00Z,95.57499694824219,95.92500305175781,94.80000305175781,94.8499984741211,3838384
2017-08-14,2017-08-14T00:00:00Z,95.07499694824219,96.32499694824219,95.07499694824219,95.92500305175781,3188680
2017-08-15,2017-08-15T00:00:00Z,96.5,96.6500015258789,94.80000305175781,94.9000015258789,3423012
2017-08-16,2017-08-16T00:00:00Z,95.25,95.82499694824219,95.25,95.2750015258789,2303076
2017-08-17,2017-08-17T00:00:00Z,95.25,95.25,94.0,94.25,3602508
2017-08-18,2017-08-18T00:00:00Z,93.4000015258789,93.7750015258789,92.80000305175781,93.7249984741211,4390680
2017-08-21,2017-08-21T00:00:00Z,92.9000015258789,93.8499984741211,92.625,93.55000305175781,3299588
2017-08-22,2017-08-22T00:00:00Z,94.0,94.55000305175781,93.2750015258789,94.2750015258789,5052128
2017-08-23,2017-08-23T00:00:00Z,94.5,94.5250015258789,93.67500305175781,93.92500305175781,3594628
2017-08-24,2017-08-24T00:00:00Z,93.94999694824219,94.375,92.875,92.875,3143728
2017-08-25,2017-08-25T00:00:00Z,92.9749984741211,94.0250015258789,92.6500015258789,93.0250015258789,3298664
2017-08-28,2017-08-28T00:00:00Z,92.75,93.44999694824219,92.42500305175781,93.0,2565020
2017-08-29,2017-08-29T00:00:00Z,92.25,92.42500305175781,91.07499694824219,91.30000305175781,4379168
2017-08-30,2017-08-30T00:00:00Z,91.875,92.125,91.5999984741211,91.67500305175781,3163400
2017-08-31,2017-08-31T00:00:00Z,92.0999984741211,93.17500305175781,91.82499694824219,92.9000015258789,4338392
2017-09-01,2017-09-01T00:00:00Z,93.0250015258789,93.9749984741211,93.0250015258789,93.5999984741211,3644296
2017-09-04,2017-09-04T00:00:00Z,93.0250015258789,93.32499694824219,92.67500305175781,93.125,2244184
2017-09-05,2017-09-05T00:00:00Z,93.75,93.75,92.9749984741211,93.07499694824219,3556032
2017-09-06,2017-09-06T00:00:00Z,92.7249984741211,92.7249984741211,91.42500305175781,91.5999984741211,5858836
2017-09-07,2017-09-07T00:00:00Z,91.8499984741211,92.0,91.0250015258789,91.7249984741211,5434128
2017-09-08,2017-09-08T00:00:00Z,91.5,91.8499984741211,91.3499984741211,91.6500015258789,3142220
2017-09-11,2017-09-11T00:00:00Z,92.07499694824219,93.75,92.07499694824219,93.57499694824219,3376724
2017-09-12,2017-09-12T00:00:00Z,94.07499694824219,94.94999694824219,93.69999694824219,94.69999694824219,4226252
2017-09-13,2017-09-13T00:00:00Z,94.75,95.1500015258789,94.4749984741211,94.80000305175781,4609688
2017-09-14,2017-09-14T00:00:00Z,94.9000015258789,95.92500305175781,94.82499694824219,95.30000305175781,7891872
2017-09-15,2017-09-15T00:00:00Z,95.32499694824219,96.55000305175781,94.6500015258789,94.9000015258789,5717284
2017-09-18,2017-09-18T00:00:00Z,95.6500015258789,96.25,95.2750015258789,96.125,3990080
2017-09-19,2017-09-19T00:00:00Z,96.2249984741211,96.67500305175781,96.125,96.5250015258789,3438388
2017-09-20,2017-09-20T00:00:00Z,96.55000305175781,96.69999694824219,96.125,96.5,2152096
2017-09-21,2017-09-21T00:00:00Z,96.875,97.44999694824219,96.67500305175781,97.0250015258789,2852348
2017-09-22,2017-09-22T00:00:00Z,97.0,97.44999694824219,96.875,97.30000305175781,2466456
2017-09-25,2017-09-25T00:00:00Z,97.30000305175781,98.0999984741211,96.92500305175781,97.5999984741211,2508932
2017-09-26,2017-09-26T00:00:00Z,97.75,98.5250015258789,97.5999984741211,98.125,2855656
2017-09-27,2017-09-27T00:00:00Z,98.67500305175781,98.92500305175781,98.32499694824219,98.6500015258789,2680964
2017-09-28,2017-09-28T00:00:00Z,98.8499984741211,99.375,98.80000305175781,99.30000305175781,3328264
2017-09-29,2017-09-29T00:00:00Z,99.30000305175781,100.57499694824219,99.2249984741211,100.57499694824219,3215872
2017-10-02,2017-10-02T00:00:00Z,100.75,101.30000305175781,100.67500305175781,101.25,3384400
2017-10-03,2017-10-03T00:00:00Z,101.4749984741211,103.0999984741211,101.30000305175781,103.0999984741211,5313636
2017-10-04,2017-10-04T00:00:00Z,103.25,103.25,102.125,102.7249984741211,3224056
2017-10-05,2017-10-05T00:00:00Z,102.55000305175781,103.875,102.2750015258789,103.5999984741211,4341456
2017-10-06,2017-10-06T00:00:00Z,103.6500015258789,103.94999694824219,103.25,103.7249984741211,4152088
2017-10-09,2017-10-09T00:00:00Z,103.75,104.32499694824219,103.5999984741211,103.9749984741211,3211972
2017-10-10,2017-10-10T00:00:00Z,103.67500305175781,103.9749984741211,103.0250015258789,103.4749984741211,2575328
2017-10-11,2017-10-11T00:00:00Z,103.55000305175781,103.94999694824219,103.05000305175781,103.44999694824219,2910204
2017-10-12,2017-10-12T00:00:00Z,103.44999694824219,104.0250015258789,103.19999694824219,103.25,3651952
2017-10-13,2017-10-13T00:00:00Z,103.42500305175781,103.42500305175781,103.0,103.125,3782160
2017-10-16,2017-10-16T00:00:00Z,103.25,103.25,102.7249984741211,102.82499694824219,3108584
2017-10-17,2017-10-17T00:00:00Z,102.875,102.875,101.55000305175781,102.0,4225036
2017-10-18,2017-10-18T00:00:00Z,101.8499984741211,102.94999694824219,101.80000305175781,102.7249984741211,4252348
2017-10-19,2017-10-19T00:00:00Z,102.75,102.875,101.69999694824219,102.2750015258789,3825652
2017-10-20,2017-10-20T00:00:00Z,102.75,103.7249984741211,102.375,103.55000305175781,4877504
2017-10-23,2017-10-23T00:00:00Z,103.55000305175781,103.57499694824219,102.80000305175781,103.125,3437492
2017-10-24,2017-10-24T00:00:00Z,103.125,103.7249984741211,102.5999984741211,102.9749984741211,4497764
2017-10-25,2017-10-25T00:00:00Z,103.0999984741211,103.4000015258789,102.6500015258789,102.8499984741211,3092744
2017-10-26,2017-10-26T00:00:00Z,102.67500305175781,104.5250015258789,102.5999984741211,104.4749984741211,4107636
2017-10-27,2017-10-27T00:00:00Z,104.44999694824219,104.9749984741211,104.05000305175781,104.4000015258789,3955232
2017-10-30,2017-10-30T00:00:00Z,104.2750015258789,104.44999694824219,102.82499694824219,102.92500305175781,5458856
2017-10-31,2017-10-31T00:00:00Z,103.25,104.25,103.1500015258789,103.7249984741211,3296888
2017-11-01,2017-11-01T00:00:00Z,103.75,104.17500305175781,103.625,103.82499694824219,3976856
2017-11-02,2017-11-02T00:00:00Z,103.8499984741211,103.94999694824219,103.25,103.7249984741211,3306128
2017-11-03,2017-11-03T00:00:00Z,103.75,104.42500305175781,103.7249984741211,104.1500015258789,2391088
2017-11-06,2017-11-06T00:00:00Z,104.19999694824219,104.94999694824219,103.7249984741211,104.30000305175781,3289772
2017-11-07,2017-11-07T00:00:00Z,104.5,104.625,103.07499694824219,103.07499694824219,4096136
2017-11-08,2017-11-08T00:00:00Z,103.05000305175781,103.19999694824219,101.69999694824219,102.4749984741211,5256104
2017-11-09,2017-11-09T00:00:00Z,102.5,102.9749984741211,100.94999694824219,101.05000305175781,4468200
2017-11-10,2017-11-10T00:00:00Z,100.75,101.7750015258789,100.7249984741211,101.125,3598420
2017-11-13,2017-11-13T00:00:00Z,101.25,101.42500305175781,99.44999694824219,100.19999694824219,4061692
2017-11-14,2017-11-14T00:00:00Z,100.07499694824219,101.05000305175781,99.67500305175781,100.07499694824219,3693680
2017-11-15,2017-11-15T00:00:00Z,99.5,100.19999694824219,98.80000305175781,100.0,4035356
2017-11-16,2017-11-16T00:00:00Z,100.30000305175781,100.875,100.0250015258789,100.5999984741211,3562844
2017-11-17,2017-11-17T00:00:00Z,100.75,100.94999694824219,99.80000305175781,100.2750015258789,3660632
2017-11-20,2017-11-20T00:00:00Z,99.9749984741211,100.75,99.42500305175781,100.55000305175781,3648420
2017-11-21,2017-11-21T00:00:00Z,100.55000305175781,102.19999694824219,100.2249984741211,101.8499984741211,4234252
2017-11-22,2017-11-22T00:00:00Z,101.8499984741211,101.8499984741211,99.75,99.7750015258789,3824520
2017-11-23,2017-11-23T00:00:00Z,99.625,100.07499694824219,98.9749984741211,99.625,3054132
2017-11-24,2017-11-24T00:00:00Z,99.625,100.0,98.82499694824219,99.25,3380396
2017-11-27,2017-11-27T00:00:00Z,99.0,99.7249984741211,98.67500305175781,98.69999694824219,3695976
2017-11-28,2017-11-28T00:00:00Z,98.75,99.42500305175781,98.75,99.05000305175781,3979980
2017-11-29,2017-11-29T00:00:00Z,99.5250015258789,99.67500305175781,98.5,98.5,3750092
2017-11-30,2017-11-30T00:00:00Z,98.6500015258789,98.9000015258789,97.7249984741211,97.7249984741211,8794184
2017-12-01,2017-12-01T00:00:00Z,97.75,97.94999694824219,95.9000015258789,95.9000015258789,6113176
2017-12-04,2017-12-04T00:00:00Z,96.7750015258789,99.19999694824219,96.5250015258789,98.57499694824219,7323756
2017-12-05,2017-12-05T00:00:00Z,98.3499984741211,98.7750015258789,97.44999694824219,98.05000305175781,3676960
2017-12-06,2017-12-06T00:00:00Z,96.9749984741211,97.17500305175781,96.32499694824219,96.82499694824219,3557368
2017-12-07,2017-12-07T00:00:00Z,96.8499984741211,97.42500305175781,96.4749984741211,96.5999984741211,3759956
2017-12-08,2017-12-08T00:00:00Z,97.4749984741211,97.92500305175781,96.94999694824219,96.94999694824219,4819612
2017-12-11,2017-12-11T00:00:00Z,97.125,97.69999694824219,96.875,97.3499984741211,5227792
2017-12-12,2017-12-12T00:00:00Z,97.375,97.7750015258789,96.9749984741211,97.6500015258789,3056668
2017-12-13,2017-12-13T00:00:00Z,96.75,97.67500305175781,96.42500305175781,97.3499984741211,4855376
2017-12-14,2017-12-14T00:00:00Z,97.0,97.55000305175781,96.4749984741211,96.5,2684176
2017-12-15,2017-12-15T00:00:00Z,96.4000015258789,96.67500305175781,95.17500305175781,95.7750015258789,5222324
2017-12-18,2017-12-18T00:00:00Z,96.2750015258789,97.42500305175781,96.2750015258789,97.0250015258789,5271436
2017-12-19,2017-12-19T00:00:00Z,97.07499694824219,97.25,96.3499984741211,96.3499984741211,3272776
2017-12-20,2017-12-20T00:00:00Z,96.25,96.55000305175781,95.0,95.07499694824219,4695212
2017-12-21,2017-12-21T00:00:00Z,95.125,95.9749984741211,94.7249984741211,95.8499984741211,4642356
2017-12-22,2017-12-22T00:00:00Z,95.67500305175781,95.80000305175781,94.625,94.80000305175781,4918052
2017-12-27,2017-12-27T00:00:00Z,95.0,95.0250015258789,94.30000305175781,94.44999694824219,3307132
2017-12-28,2017-12-28T00:00:00Z,94.44999694824219,94.5999984741211,93.8499984741211,94.0250015258789,2899140
2017-12-29,2017-12-29T00:00:00Z,94.07499694824219,94.1500015258789,93.25,93.5250015258789,3548704
2018-01-02,2018-01-02T00:00:00Z,93.9000015258789,94.0,92.92500305175781,93.44999694824219,3342496
2018-01-03,2018-01-03T00:00:00Z,93.8499984741211,94.8499984741211,93.6500015258789,94.7249984741211,3741312
2018-01-04,2018-01-04T00:00:00Z,94.92500305175781,97.42500305175781,94.92500305175781,97.05000305175781,5859592
2018-01-05,2018-01-05T00:00:00Z,97.3499984741211,97.9000015258789,97.05000305175781,97.5,1938604
2018-01-08,2018-01-08T00:00:00Z,98.0999984741211,98.625,97.875,98.4000015258789,5573500
2018-01-09,2018-01-09T00:00:00Z,98.55000305175781,99.17500305175781,98.42500305175781,98.55000305175781,3997244
2018-01-10,2018-01-10T00:00:00Z,98.625,98.69999694824219,98.05000305175781,98.55000305175781,3606220
2018-01-11,2018-01-11T00:00:00Z,98.5250015258789,98.875,98.3499984741211,98.5999984741211,3255224
2018-01-12,2018-01-12T00:00:00Z,99.0,99.0,97.5,98.07499694824219,3459424
2018-01-15,2018-01-15T00:00:00Z,98.05000305175781,98.55000305175781,97.94999694824219,98.25,2885052
2018-01-16,2018-01-16T00:00:00Z,98.42500305175781,98.9000015258789,97.5250015258789,97.67500305175781,3906408
2018-01-17,2018-01-17T00:00:00Z,97.5,98.5250015258789,97.0,98.0250015258789,3314652
2018-01-18,2018-01-18T00:00:00Z,98.44999694824219,98.5,97.5,97.875,3028536
2018-01-19,2018-01-19T00:00:00Z,97.9000015258789,98.4000015258789,97.80000305175781,98.2750015258789,2505440
2018-01-22,2018-01-22T00:00:00Z,98.2750015258789,98.55000305175781,97.7750015258789,98.375,3228236
2018-01-23,2018-01-23T00:00:00Z,99.0,100.1500015258789,98.875,99.5999984741211,4247604
2018-01-24,2018-01-24T00:00:00Z,100.0,100.7750015258789,99.875,100.07499694824219,4617120
2018-01-25,2018-01-25T00:00:00Z,100.0,100.0,96.92500305175781,97.0999984741211,6192212
2018-01-26,2018-01-26T00:00:00Z,97.5,97.55000305175781,96.57499694824219,96.82499694824219,4380612
2018-01-29,2018-01-29T00:00:00Z,97.55000305175781,98.32499694824219,97.375,97.80000305175781,4968436
2018-01-30,2018-01-30T00:00:00Z,97.375,97.42500305175781,96.42500305175781,96.75,5594220
2018-01-31,2018-01-31T00:00:00Z,96.8499984741211,97.375,96.0999984741211,96.2750015258789,4990580
2018-02-01,2018-02-01T00:00:00Z,96.7750015258789,98.17500305175781,96.69999694824219,97.19999694824219,5855900
2018-02-02,2018-02-02T00:00:00Z,97.25,97.2750015258789,95.125,95.30000305175781,5006340
2018-02-05,2018-02-05T00:00:00Z,94.875,94.92500305175781,91.125,91.125,10276128
2018-02-06,2018-02-06T00:00:00Z,87.5,90.69999694824219,87.0,89.4000015258789,14592580
2018-02-07,2018-02-07T00:00:00Z,91.19999694824219,92.92500305175781,90.0250015258789,92.7249984741211,7902972
2018-02-08,2018-02-08T00:00:00Z,92.25,92.55000305175781,89.5,89.5,5503464
2018-02-09,2018-02-09T00:00:00Z,88.92500305175781,89.55000305175781,87.5999984741211,87.82499694824219,8159392
2018-02-12,2018-02-12T00:00:00Z,89.0999984741211,90.30000305175781,88.7249984741211,89.17500305175781,6078560
2018-02-13,2018-02-13T00:00:00Z,89.25,89.75,88.69999694824219,88.69999694824219,4361124
2018-02-14,2018-02-14T00:00:00Z,89.5250015258789,90.94999694824219,88.125,90.6500015258789,6619472
2018-02-15,2018-02-15T00:00:00Z,91.44999694824219,91.5,90.125,90.4749984741211,7267564
2018-02-16,2018-02-16T00:00:00Z,91.57499694824219,91.875,90.6500015258789,91.25,5034512
2018-02-19,2018-02-19T00:00:00Z,91.69999694824219,91.69999694824219,90.5,90.75,3217252
2018-02-20,2018-02-20T00:00:00Z,90.94999694824219,92.2750015258789,90.5,92.05000305175781,4229940
2018-02-21,2018-02-21T00:00:00Z,91.92500305175781,92.30000305175781,90.80000305175781,91.92500305175781,4422252
2018-02-22,2018-02-22T00:00:00Z,91.25,91.69999694824219,90.55000305175781,91.6500015258789,5119048
2018-02-23,2018-02-23T00:00:00Z,91.6500015258789,92.2249984741211,91.2750015258789,91.94999694824219,4058596
2018-02-26,2018-02-26T00:00:00Z,92.55000305175781,93.67500305175781,92.55000305175781,93.32499694824219,4612804
2018-02-27,2018-02-27T00:00:00Z,93.5,94.07499694824219,93.05000305175781,93.5,3736140
2018-02-28,2018-02-28T00:00:00Z,93.2249984741211,94.5,93.0,93.7750015258789,4252452
2018-03-01,2018-03-01T00:00:00Z,93.3499984741211,93.4000015258789,91.7750015258789,91.7750015258789,4982604
2018-03-02,2018-03-02T00:00:00Z,90.75,91.0250015258789,90.05000305175781,90.19999694824219,5976596
2018-03-05,2018-03-05T00:00:00Z,90.0250015258789,91.0,89.875,90.8499984741211,4369180
2018-03-06,2018-03-06T00:00:00Z,91.4749984741211,92.5250015258789,91.32499694824219,91.75,5010876
2018-03-07,2018-03-07T00:00:00Z,91.5999984741211,92.4749984741211,90.9000015258789,92.4000015258789,4368156
2018-03-08,2018-03-08T00:00:00Z,92.5,94.0250015258789,92.25,93.94999694824219,4754668
2018-03-09,2018-03-09T00:00:00Z,93.875,94.0250015258789,93.07499694824219,93.7750015258789,4400824
2018-03-12,2018-03-12T00:00:00Z,94.5,94.5999984741211,93.5999984741211,93.9749984741211,3910716
2018-03-13,2018-03-13T00:00:00Z,93.9749984741211,95.1500015258789,93.30000305175781,93.5,5025668
2018-03-14,2018-03-14T00:00:00Z,93.875,95.0,93.55000305175781,93.92500305175781,4988768
2018-03-15,2018-03-15T00:00:00Z,94.2249984741211,95.42500305175781,93.82499694824219,95.32499694824219,9189184
2018-03-16,2018-03-16T00:00:00Z,95.25,95.7249984741211,94.82499694824219,95.17500305175781,9690556
2018-03-19,2018-03-19T00:00:00Z,95.0,95.0,92.7750015258789,92.9749984741211,5993388
2018-03-20,2018-03-20T00:00:00Z,93.67500305175781,94.125,92.9749984741211,93.3499984741211,4088672
2018-03-21,2018-03-21T00:00:00Z,93.6500015258789,93.6500015258789,92.5250015258789,93.30000305175781,3371564
2018-03-22,2018-03-22T00:00:00Z,92.75,93.375,91.05000305175781,91.55000305175781,5107948
2018-03-23,2018-03-23T00:00:00Z,90.5,91.57499694824219,90.07499694824219,90.7249984741211,5923840
2018-03-26,2018-03-26T00:00:00Z,90.7750015258789,91.57499694824219,89.875,90.19999694824219,4853656
2018-03-27,2018-03-27T00:00:00Z,91.80000305175781,92.05000305175781,91.0,91.1500015258789,5896564
2018-03-28,2018-03-28T00:00:00Z,90.5,91.55000305175781,89.5250015258789,91.55000305175781,5078352
2018-03-29,2018-03-29T00:00:00Z,91.69999694824219,92.94999694824219,91.625,92.30000305175781,2122656
2018-04-03,2018-04-03T00:00:00Z,91.80000305175781,92.0,90.7750015258789,91.7249984741211,5173516
2018-04-04,2018-04-04T00:00:00Z,91.9749984741211,92.0,89.69999694824219,90.92500305175781,4541968
2018-04-05,2018-04-05T00:00:00Z,92.0999984741211,93.25,91.80000305175781,93.17500305175781,3625516
2018-04-06,2018-04-06T00:00:00Z,92.75,93.3499984741211,91.9000015258789,92.57499694824219,3742160
2018-04-09,2018-04-09T00:00:00Z,93.42500305175781,93.9000015258789,91.92500305175781,92.4749984741211,6945248
2018-04-10,2018-04-10T00:00:00Z,93.2249984741211,93.75,92.7750015258789,93.75,3365548
2018-04-11,2018-04-11T00:00:00Z,93.7249984741211,93.7249984741211,91.69999694824219,91.8499984741211,4478496
2018-04-12,2018-04-12T00:00:00Z,92.0999984741211,92.82499694824219,91.67500305175781,92.625,3619672
2018-04-13,2018-04-13T00:00:00Z,93.0250015258789,94.0999984741211,92.7249984741211,93.19999694824219,4493096
2018-04-16,2018-04-16T00:00:00Z,93.25,93.57499694824219,92.69999694824219,92.82499694824219,2845860
2018-04-17,2018-04-17T00:00:00Z,93.0999984741211,93.8499984741211,92.92500305175781,93.55000305175781,4239728
2018-04-18,2018-04-18T00:00:00Z,93.5250015258789,94.125,92.7750015258789,93.30000305175781,2075268
2018-04-19,2018-04-19T00:00:00Z,93.0999984741211,94.3499984741211,93.05000305175781,93.94999694824219,5579176
2018-04-20,2018-04-20T00:00:00Z,94.7249984741211,96.0250015258789,94.0250015258789,95.625,6279020
2018-04-23,2018-04-23T00:00:00Z,95.75,96.44999694824219,95.0250015258789,96.30000305175781,5760688
2018-04-24,2018-04-24T00:00:00Z,96.5999984741211,97.6500015258789,95.80000305175781,95.9749984741211,5685716
2018-04-25,2018-04-25T00:00:00Z,95.80000305175781,95.94999694824219,93.5250015258789,94.0,5479280
2018-04-26,2018-04-26T00:00:00Z,94.25,95.32499694824219,93.9749984741211,94.94999694824219,4315480
2018-04-27,2018-04-27T00:00:00Z,95.2249984741211,95.9000015258789,94.875,95.875,3721600
2018-04-30,2018-04-30T00:00:00Z,96.2249984741211,96.7249984741211,95.6500015258789,95.7750015258789,3303788
2018-05-02,2018-05-02T00:00:00Z,96.42500305175781,96.80000305175781,95.9000015258789,96.57499694824219,8246124
2018-05-03,2018-05-03T00:00:00Z,96.5,96.5250015258789,94.5250015258789,94.9000015258789,5065292
2018-05-04,2018-05-04T00:00:00Z,95.375,96.125,95.0250015258789,96.125,4740876
2018-05-07,2018-05-07T00:00:00Z,96.125,98.25,95.7249984741211,98.0250015258789,5261836
2018-05-08,2018-05-08T00:00:00Z,98.125,98.42500305175781,97.19999694824219,98.42500305175781,7601580
2018-05-09,2018-05-09T00:00:00Z,96.4000015258789,97.2249984741211,96.0999984741211,96.5,5259780
2018-05-11,2018-05-11T00:00:00Z,96.5250015258789,97.05000305175781,95.0999984741211,95.30000305175781,5543448
2018-05-14,2018-05-14T00:00:00Z,95.42500305175781,95.69999694824219,93.4749984741211,93.9000015258789,5642064
2018-05-15,2018-05-15T00:00:00Z,93.9000015258789,94.875,93.69999694824219,94.7750015258789,4545820
2018-05-16,2018-05-16T00:00:00Z,94.69999694824219,94.75,93.44999694824219,94.17500305175781,4755104
2018-05-17,2018-05-17T00:00:00Z,94.30000305175781,95.57499694824219,94.2249984741211,95.44999694824219,3892944
2018-05-18,2018-05-18T00:00:00Z,95.57499694824219,95.92500305175781,95.1500015258789,95.4749984741211,3967392
2018-05-21,2018-05-21T00:00:00Z,95.875,96.55000305175781,95.67500305175781,95.9000015258789,3732956
2018-05-22,2018-05-22T00:00:00Z,96.2249984741211,96.4000015258789,95.32499694824219,95.5999984741211,3365724
2018-05-23,2018-05-23T00:00:00Z,95.3499984741211,95.44999694824219,93.1500015258789,93.3499984741211,4330864
2018-05-24,2018-05-24T00:00:00Z,93.5250015258789,94.42500305175781,92.7249984741211,93.0250015258789,4193788
2018-05-25,2018-05-25T00:00:00Z,93.55000305175781,94.2249984741211,92.9749984741211,93.17500305175781,3359104
2018-05-28,2018-05-28T00:00:00Z,94.19999694824219,94.32499694824219,92.94999694824219,93.6500015258789,4965272
2018-05-29,2018-05-29T00:00:00Z,93.17500305175781,93.17500305175781,91.69999694824219,92.4749984741211,4570520
2018-05-30,2018-05-30T00:00:00Z,92.55000305175781,92.55000305175781,91.17500305175781,91.55000305175781,4612464
2018-05-31,2018-05-31T00:00:00Z,91.94999694824219,92.17500305175781,90.57499694824219,91.4000015258789,12148728
2018-06-01,2018-06-01T00:00:00Z,92.05000305175781,93.5,91.44999694824219,93.125,5678640
2018-06-04,2018-06-04T00:00:00Z,93.5250015258789,94.0999984741211,92.75,92.9749984741211,4089908
2018-06-05,2018-06-05T00:00:00Z,93.17500305175781,93.7249984741211,91.92500305175781,91.92500305175781,5438300
2018-06-06,2018-06-06T00:00:00Z,91.92500305175781,91.92500305175781,91.92500305175781,91.92500305175781,0
2018-06-07,2018-06-07T00:00:00Z,92.625,93.07499694824219,91.44999694824219,91.875,4628900
2018-06-08,2018-06-08T00:00:00Z,91.30000305175781,92.1500015258789,90.7750015258789,91.5250015258789,4669044
2018-06-11,2018-06-11T00:00:00Z,91.9000015258789,92.375,91.44999694824219,92.32499694824219,4712396
2018-06-12,2018-06-12T00:00:00Z,92.55000305175781,92.57499694824219,91.4000015258789,91.6500015258789,4092860
2018-06-13,2018-06-13T00:00:00Z,91.5999984741211,92.1500015258789,91.30000305175781,91.7750015258789,4401396
2018-06-14,2018-06-14T00:00:00Z,91.5,93.67500305175781,91.32499694824219,93.42500305175781,7790784
2018-06-15,2018-06-15T00:00:00Z,93.5,93.75,92.69999694824219,92.92500305175781,5627460
2018-06-18,2018-06-18T00:00:00Z,92.75,92.92500305175781,91.4000015258789,91.69999694824219,3812376
2018-06-19,2018-06-19T00:00:00Z,91.19999694824219,91.44999694824219,90.57499694824219,91.0250015258789,5344772
2018-06-20,2018-06-20T00:00:00Z,91.25,92.0999984741211,90.82499694824219,90.9000015258789,4289068
2018-06-21,2018-06-21T00:00:00Z,90.875,91.125,89.375,89.625,4524964
2018-06-22,2018-06-22T00:00:00Z,89.625,89.625,89.625,89.625,0
2018-06-25,2018-06-25T00:00:00Z,90.0,90.30000305175781,89.2750015258789,89.3499984741211,5029984
2018-06-26,2018-06-26T00:00:00Z,89.4749984741211,89.69999694824219,88.5250015258789,88.75,4563332
2018-06-27,2018-06-27T00:00:00Z,88.5999984741211,90.0250015258789,87.67500305175781,89.4749984741211,4898756
2018-06-28,2018-06-28T00:00:00Z,89.17500305175781,89.875,88.4000015258789,89.0,4028008
2018-06-29,2018-06-29T00:00:00Z,89.75,91.2249984741211,89.75,91.2249984741211,6007300
2018-07-02,2018-07-02T00:00:00Z,90.55000305175781,90.57499694824219,89.4000015258789,89.94999694824219,3531316
2018-07-03,2018-07-03T00:00:00Z,90.19999694824219,90.94999694824219,89.57499694824219,89.875,3947216
2018-07-04,2018-07-04T00:00:00Z,89.82499694824219,89.9749984741211,88.8499984741211,89.0999984741211,3252676
2018-07-05,2018-07-05T00:00:00Z,89.0999984741211,89.9749984741211,88.92500305175781,89.25,2938568
2018-07-06,2018-07-06T00:00:00Z,89.55000305175781,89.69999694824219,88.55000305175781,89.4000015258789,3185524
2018-07-09,2018-07-09T00:00:00Z,89.625,90.44999694824219,89.57499694824219,90.375,2374156
2018-07-10,2018-07-10T00:00:00Z,90.5999984741211,90.94999694824219,90.3499984741211,90.80000305175781,2594248
2018-07-11,2018-07-11T00:00:00Z,90.4000015258789,90.4749984741211,89.0,89.17500305175781,3117188
2018-07-12,2018-07-12T00:00:00Z,89.4749984741211,90.07499694824219,88.92500305175781,89.92500305175781,1952812
2018-07-13,2018-07-13T00:00:00Z,90.07499694824219,90.92500305175781,90.07499694824219,90.55000305175781,2325608
2018-07-16,2018-07-16T00:00:00Z,90.75,91.25,90.625,90.82499694824219,2489576
2018-07-17,2018-07-17T00:00:00Z,91.5,93.2750015258789,91.32499694824219,93.1500015258789,5564868
2018-07-18,2018-07-18T00:00:00Z,93.75,94.5250015258789,93.3499984741211,94.5250015258789,4743712
2018-07-19,2018-07-19T00:00:00Z,94.6500015258789,94.8499984741211,93.92500305175781,94.0250015258789,4260144
2018-07-20,2018-07-20T00:00:00Z,94.0250015258789,95.1500015258789,93.67500305175781,94.44999694824219,4747076
2018-07-23,2018-07-23T00:00:00Z,94.25,94.375,93.6500015258789,93.7249984741211,2557708
2018-07-24,2018-07-24T00:00:00Z,94.05000305175781,95.2249984741211,93.9749984741211,94.875,3294948
2018-07-25,2018-07-25T00:00:00Z,95.05000305175781,95.55000305175781,94.375,94.44999694824219,3011540
2018-07-26,2018-07-26T00:00:00Z,95.2750015258789,95.9000015258789,95.1500015258789,95.5250015258789,2731900
2018-07-27,2018-07-27T00:00:00Z,95.7750015258789,96.17500305175781,95.4749984741211,95.67500305175781,3244244
2018-07-30,2018-07-30T00:00:00Z,95.67500305175781,95.92500305175781,95.30000305175781,95.55000305175781,1799840
2018-07-31,2018-07-31T00:00:00Z,95.5,96.19999694824219,95.19999694824219,95.8499984741211,2300188
2018-08-01,2018-08-01T00:00:00Z,96.05000305175781,97.125,95.7249984741211,96.44999694824219,2962064
2018-08-02,2018-08-02T00:00:00Z,96.25,96.25,95.125,95.19999694824219,2992268
2018-08-03,2018-08-03T00:00:00Z,95.67500305175781,96.25,95.57499694824219,96.1500015258789,2097668
2018-08-06,2018-08-06T00:00:00Z,96.30000305175781,96.5999984741211,95.67500305175781,96.4000015258789,2764380
2018-08-07,2018-08-07T00:00:00Z,96.55000305175781,98.44999694824219,96.4749984741211,98.375,5156376
2018-08-08,2018-08-08T00:00:00Z,98.375,99.0999984741211,98.0,98.5999984741211,3515912
2018-08-09,2018-08-09T00:00:00Z,98.5999984741211,99.5999984741211,98.125,99.5250015258789,3701884
2018-08-10,2018-08-10T00:00:00Z,98.92500305175781,99.1500015258789,98.19999694824219,98.7249984741211,3386760
2018-08-13,2018-08-13T00:00:00Z,98.25,99.0,97.82499694824219,98.5,3292640
2018-08-14,2018-08-14T00:00:00Z,98.94999694824219,99.42500305175781,98.4000015258789,98.7249984741211,3390168
2018-08-15,2018-08-15T00:00:00Z,99.0,99.69999694824219,98.55000305175781,98.80000305175781,4708956
2018-08-16,2018-08-16T00:00:00Z,99.25,99.82499694824219,98.94999694824219,99.67500305175781,4203380
2018-08-17,2018-08-17T00:00:00Z,99.75,100.7750015258789,99.44999694824219,100.7750015258789,4312660
2018-08-20,2018-08-20T00:00:00Z,100.7750015258789,101.6500015258789,100.55000305175781,101.19999694824219,3666596
2018-08-21,2018-08-21T00:00:00Z,101.19999694824219,101.94999694824219,101.0,101.4749984741211,3017664
2018-08-22,2018-08-22T00:00:00Z,101.4749984741211,102.125,101.42500305175781,101.9749984741211,3276052
2018-08-23,2018-08-23T00:00:00Z,101.94999694824219,102.44999694824219,101.8499984741211,102.125,3552648
2018-08-24,2018-08-24T00:00:00Z,102.07499694824219,102.80000305175781,101.92500305175781,102.1500015258789,2646436
2018-08-27,2018-08-27T00:00:00Z,102.5,103.57499694824219,102.5,103.2750015258789,3742380
2018-08-28,2018-08-28T00:00:00Z,103.6500015258789,103.94999694824219,103.3499984741211,103.69999694824219,3437456
2018-08-29,2018-08-29T00:00:00Z,103.5,104.0999984741211,103.1500015258789,103.625,3113224
2018-08-30,2018-08-30T00:00:00Z,103.4749984741211,103.9749984741211,103.19999694824219,103.6500015258789,3841084
2018-08-31,2018-08-31T00:00:00Z,103.5250015258789,103.625,102.9749984741211,103.17500305175781,4678760
2018-09-03,2018-09-03T00:00:00Z,103.1500015258789,103.7249984741211,103.125,103.44999694824219,3030808
2018-09-04,2018-09-04T00:00:00Z,103.625,103.69999694824219,102.0999984741211,103.2750015258789,4136776
2018-09-05,2018-09-05T00:00:00Z,103.0250015258789,103.19999694824219,102.0,102.0250015258789,3364476
2018-09-06,2018-09-06T00:00:00Z,101.625,102.7750015258789,101.5,102.05000305175781,3290360
2018-09-07,2018-09-07T00:00:00Z,102.1500015258789,102.3499984741211,100.9749984741211,101.4000015258789,4022280
2018-09-10,2018-09-10T00:00:00Z,101.1500015258789,102.7750015258789,100.9749984741211,102.0999984741211,3295568
2018-09-11,2018-09-11T00:00:00Z,102.05000305175781,102.07499694824219,100.2249984741211,101.3499984741211,5005072
2018-09-12,2018-09-12T00:00:00Z,101.5,102.2750015258789,101.44999694824219,101.69999694824219,3175916
2018-09-13,2018-09-13T00:00:00Z,101.67500305175781,102.57499694824219,101.67500305175781,101.9749984741211,2893360
2018-09-14,2018-09-14T00:00:00Z,102.32499694824219,102.80000305175781,102.1500015258789,102.5250015258789,2569540
2018-09-17,2018-09-17T00:00:00Z,102.1500015258789,102.5999984741211,101.92500305175781,102.125,2933032
2018-09-18,2018-09-18T00:00:00Z,102.0,102.0250015258789,100.4749984741211,101.17500305175781,3818060
2018-09-19,2018-09-19T00:00:00Z,101.4749984741211,102.125,101.3499984741211,101.82499694824219,4289056
2018-09-20,2018-09-20T00:00:00Z,101.8499984741211,102.8499984741211,101.7249984741211,102.69999694824219,3893236
2018-09-21,2018-09-21T00:00:00Z,103.0,104.9749984741211,102.9000015258789,104.9749984741211,11532456
2018-09-24,2018-09-24T00:00:00Z,104.25,104.4000015258789,102.5250015258789,102.67500305175781,4679040
2018-09-25,2018-09-25T00:00:00Z,102.75,103.5999984741211,102.625,103.30000305175781,4022852
2018-09-26,2018-09-26T00:00:00Z,103.2750015258789,103.375,102.44999694824219,103.30000305175781,3543436
2018-09-27,2018-09-27T00:00:00Z,102.9000015258789,104.19999694824219,102.75,104.19999694824219,4508396
2018-09-28,2018-09-28T00:00:00Z,104.19999694824219,104.2249984741211,102.30000305175781,102.67500305175781,5217756
2018-10-01,2018-10-01T00:00:00Z,103.0999984741211,103.25,101.94999694824219,102.625,5330688
2018-10-02,2018-10-02T00:00:00Z,102.625,102.625,101.9000015258789,102.32499694824219,3483992
2018-10-03,2018-10-03T00:00:00Z,103.30000305175781,104.625,103.0,104.3499984741211,7016512
2018-10-04,2018-10-04T00:00:00Z,104.19999694824219,104.32499694824219,103.30000305175781,103.3499984741211,3969064
2018-10-05,2018-10-05T00:00:00Z,103.44999694824219,103.6500015258789,102.30000305175781,102.30000305175781,5324076
2018-10-08,2018-10-08T00:00:00Z,102.2750015258789,102.2750015258789,100.57499694824219,100.82499694824219,4284040
2018-10-09,2018-10-09T00:00:00Z,100.94999694824219,101.3499984741211,99.94999694824219,100.94999694824219,5205976
2018-10-10,2018-10-10T00:00:00Z,101.125,101.25,98.2249984741211,98.5250015258789,7471364
2018-10-11,2018-10-11T00:00:00Z,97.1500015258789,97.3499984741211,95.6500015258789,96.30000305175781,8198744
2018-10-12,2018-10-12T00:00:00Z,96.4000015258789,97.0250015258789,95.125,95.17500305175781,7005588
2018-10-15,2018-10-15T00:00:00Z,95.42500305175781,95.5,93.5999984741211,94.4749984741211,6090796
2018-10-16,2018-10-16T00:00:00Z,94.5,95.9000015258789,93.67500305175781,95.57499694824219,6466332
2018-10-17,2018-10-17T00:00:00Z,96.9749984741211,97.125,95.1500015258789,95.5,6353008
2018-10-18,2018-10-18T00:00:00Z,95.5,97.57499694824219,95.125,97.05000305175781,7544884
2018-10-19,2018-10-19T00:00:00Z,97.30000305175781,98.07499694824219,95.57499694824219,97.0,7590068
2018-10-22,2018-10-22T00:00:00Z,97.4749984741211,98.44999694824219,96.3499984741211,96.75,5093692
2018-10-23,2018-10-23T00:00:00Z,96.25,96.25,94.875,95.4000015258789,6671216
2018-10-24,2018-10-24T00:00:00Z,95.42500305175781,96.4749984741211,94.75,94.94999694824219,5108336
2018-10-25,2018-10-25T00:00:00Z,94.25,96.0999984741211,93.8499984741211,95.7750015258789,6360496
2018-10-26,2018-10-26T00:00:00Z,95.25,95.5,93.0999984741211,94.3499984741211,6885652
2018-10-29,2018-10-29T00:00:00Z,94.6500015258789,96.94999694824219,94.6500015258789,95.7249984741211,4770804
2018-10-30,2018-10-30T00:00:00Z,96.07499694824219,97.07499694824219,95.57499694824219,97.07499694824219,4034956
2018-10-31,2018-10-31T00:00:00Z,98.2249984741211,99.19999694824219,98.0,99.17500305175781,8101216
2018-11-01,2018-11-01T00:00:00Z,99.19999694824219,99.19999694824219,97.375,97.625,4316868
2018-11-02,2018-11-02T00:00:00Z,98.9000015258789,99.4749984741211,98.17500305175781,99.4000015258789,2238164
2018-11-05,2018-11-05T00:00:00Z,99.3499984741211,99.3499984741211,97.9749984741211,98.07499694824219,4897012
2018-11-06,2018-11-06T00:00:00Z,98.3499984741211,98.55000305175781,97.5999984741211,98.17500305175781,2881000
2018-11-07,2018-11-07T00:00:00Z,98.625,98.82499694824219,98.2249984741211,98.4749984741211,3308856
2018-11-08,2018-11-08T00:00:00Z,99.0250015258789,99.82499694824219,98.125,98.4749984741211,5783992
2018-11-09,2018-11-09T00:00:00Z,97.5,98.55000305175781,97.2750015258789,98.25,4571452
2018-11-12,2018-11-12T00:00:00Z,98.625,99.07499694824219,97.0250015258789,97.30000305175781,3746672
2018-11-13,2018-11-13T00:00:00Z,97.5,97.6500015258789,96.55000305175781,97.375,4419896
2018-11-14,2018-11-14T00:00:00Z,96.9749984741211,97.19999694824219,95.80000305175781,96.5,4902828
2018-11-15,2018-11-15T00:00:00Z,96.5,97.32499694824219,94.5999984741211,95.2750015258789,5024744
2018-11-16,2018-11-16T00:00:00Z,95.69999694824219,96.25,95.1500015258789,96.125,5521456
2018-11-19,2018-11-19T00:00:00Z,96.42500305175781,96.57499694824219,95.375,95.55000305175781,5502444
2018-11-20,2018-11-20T00:00:00Z,95.07499694824219,95.30000305175781,92.2750015258789,92.9000015258789,7500288
2018-11-21,2018-11-21T00:00:00Z,92.9000015258789,94.0,92.5250015258789,94.0,5245112
2018-11-22,2018-11-22T00:00:00Z,93.75,93.94999694824219,93.0250015258789,93.125,2815752
2018-11-23,2018-11-23T00:00:00Z,93.25,93.7249984741211,92.6500015258789,93.67500305175781,3491972
2018-11-26,2018-11-26T00:00:00Z,94.0250015258789,95.30000305175781,94.0250015258789,95.25,4140404
2018-11-27,2018-11-27T00:00:00Z,95.32499694824219,95.7750015258789,94.67500305175781,95.42500305175781,4218388
2018-11-28,2018-11-28T00:00:00Z,95.75,96.625,95.5,96.5250015258789,3402476
2018-11-29,2018-11-29T00:00:00Z,97.0,98.4000015258789,96.8499984741211,98.4000015258789,6384488
2018-11-30,2018-11-30T00:00:00Z,98.375,99.67500305175781,97.55000305175781,99.67500305175781,8626268
2018-12-03,2018-12-03T00:00:00Z,100.75,101.2249984741211,99.625,99.7750015258789,4954508
2018-12-04,2018-12-04T00:00:00Z,99.375,99.69999694824219,98.69999694824219,98.9749984741211,4445260
2018-12-05,2018-12-05T00:00:00Z,97.9000015258789,98.32499694824219,97.17500305175781,97.625,3834100
2018-12-06,2018-12-06T00:00:00Z,96.94999694824219,96.94999694824219,94.25,94.25,6797296
2018-12-07,2018-12-07T00:00:00Z,94.875,96.19999694824219,94.55000305175781,94.5999984741211,5468316
2018-12-10,2018-12-10T00:00:00Z,94.25,94.375,93.19999694824219,93.2750015258789,7100468
2018-12-11,2018-12-11T00:00:00Z,94.1500015258789,95.3499984741211,93.8499984741211,95.07499694824219,6590760
2018-12-12,2018-12-12T00:00:00Z,95.42500305175781,97.44999694824219,95.25,97.44999694824219,6324992
2018-12-13,2018-12-13T00:00:00Z,98.0,98.1500015258789,96.94999694824219,97.5,4452800
2018-12-14,2018-12-14T00:00:00Z,97.0,97.8499984741211,96.19999694824219,97.0250015258789,4169496
2018-12-17,2018-12-17T00:00:00Z,97.05000305175781,97.2750015258789,95.42500305175781,95.80000305175781,4516120
2018-12-18,2018-12-18T00:00:00Z,95.5,95.7249984741211,95.05000305175781,95.30000305175781,3656748
2018-12-19,2018-12-19T00:00:00Z,95.42500305175781,96.80000305175781,95.25,96.6500015258789,5456296
2018-12-20,2018-12-20T00:00:00Z,95.30000305175781,95.7249984741211,94.625,94.875,5842752
2018-12-21,2018-12-21T00:00:00Z,94.75,94.8499984741211,92.8499984741211,93.7750015258789,6841392
2018-12-27,2018-12-27T00:00:00Z,94.0,94.4749984741211,91.5999984741211,92.125,5413972
2018-12-28,2018-12-28T00:00:00Z,92.57499694824219,94.57499694824219,92.57499694824219,93.9000015258789,4929688
2019-01-02,2019-01-02T00:00:00Z,92.75,93.7249984741211,91.5250015258789,93.375,4224180
2019-01-03,2019-01-03T00:00:00Z,92.7750015258789,93.5,92.5,92.75,3352448
2019-01-04,2019-01-04T00:00:00Z,93.1500015258789,95.7750015258789,93.0999984741211,95.3499984741211,4066980
2019-01-07,2019-01-07T00:00:00Z,95.57499694824219,96.1500015258789,95.17500305175781,95.7750015258789,3303808
2019-01-08,2019-01-08T00:00:00Z,96.1500015258789,98.0,96.0,97.5999984741211,4831632
2019-01-09,2019-01-09T00:00:00Z,98.0250015258789,98.375,97.32499694824219,97.8499984741211,4292004
2019-01-10,2019-01-10T00:00:00Z,97.375,98.8499984741211,97.125,98.5250015258789,3612784
2019-01-11,2019-01-11T00:00:00Z,98.75,99.32499694824219,98.125,98.5,3768292
2019-01-14,2019-01-14T00:00:00Z,98.1500015258789,98.3499984741211,97.6500015258789,98.07499694824219,3212644
2019-01-15,2019-01-15T00:00:00Z,98.7249984741211,99.30000305175781,97.69999694824219,98.0999984741211,2833028
2019-01-16,2019-01-16T00:00:00Z,98.625,98.8499984741211,97.32499694824219,98.1500015258789,4271300
2019-01-17,2019-01-17T00:00:00Z,97.6500015258789,98.30000305175781,97.17500305175781,98.0999984741211,3156704
2019-01-18,2019-01-18T00:00:00Z,99.05000305175781,100.25,98.7750015258789,100.25,5176112
2019-01-21,2019-01-21T00:00:00Z,100.25,100.5,99.625,100.30000305175781,2486360
2019-01-22,2019-01-22T00:00:00Z,99.75,100.5999984741211,99.57499694824219,99.92500305175781,2485884
2019-01-23,2019-01-23T00:00:00Z,99.75,100.25,99.05000305175781,100.07499694824219,3466748
2019-01-24,2019-01-24T00:00:00Z,98.75,100.07499694824219,98.75,99.92500305175781,3259520
2019-01-25,2019-01-25T00:00:00Z,100.32499694824219,101.17500305175781,99.625,99.625,5167852
2019-01-28,2019-01-28T00:00:00Z,99.57499694824219,99.57499694824219,97.3499984741211,97.55000305175781,6215184
2019-01-29,2019-01-29T00:00:00Z,97.625,98.8499984741211,97.19999694824219,98.4749984741211,5157564
2019-01-30,2019-01-30T00:00:00Z,98.75,99.32499694824219,98.17500305175781,99.25,2849552
2019-01-31,2019-01-31T00:00:00Z,99.5,100.4000015258789,98.7249984741211,99.2750015258789,5371320
2019-02-01,2019-02-01T00:00:00Z,99.5,100.625,99.32499694824219,100.625,4342420
2019-02-04,2019-02-04T00:00:00Z,100.625,101.19999694824219,100.125,100.94999694824219,3233464
2019-02-05,2019-02-05T00:00:00Z,101.07499694824219,101.92500305175781,101.07499694824219,101.7750015258789,3635020
2019-02-06,2019-02-06T00:00:00Z,101.6500015258789,102.55000305175781,101.42500305175781,102.0999984741211,4720380
2019-02-07,2019-02-07T00:00:00Z,101.82499694824219,102.5999984741211,100.7750015258789,100.7750015258789,4476184
2019-02-08,2019-02-08T00:00:00Z,100.75,100.875,100.17500305175781,100.4749984741211,3485904
2019-02-11,2019-02-11T00:00:00Z,100.7249984741211,102.17500305175781,100.7249984741211,101.875,4049976
2019-02-12,2019-02-12T00:00:00Z,102.2750015258789,102.5250015258789,101.80000305175781,102.125,4224100
2019-02-13,2019-02-13T00:00:00Z,102.5,102.9000015258789,101.55000305175781,102.8499984741211,5031148
2019-02-14,2019-02-14T00:00:00Z,103.125,103.3499984741211,101.5250015258789,102.0,5204892
2019-02-15,2019-02-15T00:00:00Z,101.7249984741211,103.44999694824219,101.30000305175781,103.0,6995528
2019-02-18,2019-02-18T00:00:00Z,103.0,103.4749984741211,102.57499694824219,103.17500305175781,3293068
2019-02-19,2019-02-19T00:00:00Z,103.375,104.0,102.94999694824219,103.67500305175781,3410964
2019-02-20,2019-02-20T00:00:00Z,103.75,104.9749984741211,103.4000015258789,104.8499984741211,4177652
2019-02-21,2019-02-21T00:00:00Z,104.75,105.6500015258789,104.5,104.5,5052636
2019-02-22,2019-02-22T00:00:00Z,104.5,105.42500305175781,104.5,104.75,4003056
2019-02-25,2019-02-25T00:00:00Z,105.0250015258789,105.44999694824219,103.32499694824219,103.80000305175781,3802108
2019-02-26,2019-02-26T00:00:00Z,103.3499984741211,103.67500305175781,103.0250015258789,103.5,4532940
2019-02-27,2019-02-27T00:00:00Z,103.5,103.5,102.07499694824219,102.4749984741211,4149836
2019-02-28,2019-02-28T00:00:00Z,102.3499984741211,103.125,101.57499694824219,103.125,4591264
2019-03-01,2019-03-01T00:00:00Z,103.5,103.7249984741211,102.5,102.9749984741211,2805256
2019-03-04,2019-03-04T00:00:00Z,103.5,104.69999694824219,103.5,104.375,3474152
2019-03-05,2019-03-05T00:00:00Z,104.25,104.42500305175781,103.42500305175781,104.17500305175781,3384664
2019-03-06,2019-03-06T00:00:00Z,104.4749984741211,104.4749984741211,102.625,102.6500015258789,4755144
2019-03-07,2019-03-07T00:00:00Z,102.69999694824219,103.05000305175781,101.57499694824219,101.9749984741211,3309468
2019-03-08,2019-03-08T00:00:00Z,101.25,101.625,101.07499694824219,101.57499694824219,3212764
2019-03-11,2019-03-11T00:00:00Z,101.75,102.42500305175781,101.75,101.9749984741211,2602408
2019-03-12,2019-03-12T00:00:00Z,102.2750015258789,102.625,101.7750015258789,102.19999694824219,3635016
2019-03-13,2019-03-13T00:00:00Z,102.19999694824219,102.9000015258789,101.94999694824219,102.4749984741211,3587388
2019-03-14,2019-03-14T00:00:00Z,102.4749984741211,103.80000305175781,102.42500305175781,103.7249984741211,4308700
2019-03-15,2019-03-15T00:00:00Z,103.92500305175781,104.8499984741211,103.32499694824219,104.4749984741211,7341652
2019-03-18,2019-03-18T00:00:00Z,104.4749984741211,105.1500015258789,104.32499694824219,105.0250015258789,3541140
2019-03-19,2019-03-19T00:00:00Z,105.0250015258789,106.5250015258789,104.875,105.5999984741211,3816796
2019-03-20,2019-03-20T00:00:00Z,105.5,106.125,105.25,105.4749984741211,2940316
2019-03-21,2019-03-21T00:00:00Z,105.5250015258789,105.92500305175781,104.625,104.94999694824219,3559648
2019-03-22,2019-03-22T00:00:00Z,105.32499694824219,105.67500305175781,103.94999694824219,104.0,4102536
2019-03-25,2019-03-25T00:00:00Z,103.875,104.0999984741211,103.0,103.75,3252936
2019-03-26,2019-03-26T00:00:00Z,104.0,104.0,102.8499984741211,103.30000305175781,4992292
2019-03-27,2019-03-27T00:00:00Z,103.625,105.05000305175781,103.375,104.125,4066196
2019-03-28,2019-03-28T00:00:00Z,104.19999694824219,105.32499694824219,104.05000305175781,104.67500305175781,4552536
2019-03-29,2019-03-29T00:00:00Z,105.0,105.42500305175781,104.1500015258789,104.67500305175781,4484504
2019-04-01,2019-04-01T00:00:00Z,105.0999984741211,107.11250305175781,105.01249694824219,106.9625015258789,5611336
2019-04-02,2019-04-02T00:00:00Z,106.94999694824219,108.0999984741211,106.55000305175781,107.5,3217084
2019-04-03,2019-04-03T00:00:00Z,107.82499694824219,108.69999694824219,107.82499694824219,108.69999694824219,4669848
2019-04-04,2019-04-04T00:00:00Z,108.1500015258789,108.30000305175781,107.57499694824219,108.125,4147380
2019-04-05,2019-04-05T00:00:00Z,108.17500305175781,108.6500015258789,107.75,108.17500305175781,2793972
2019-04-08,2019-04-08T00:00:00Z,108.17500305175781,108.32499694824219,107.19999694824219,107.875,3396980
2019-04-09,2019-04-09T00:00:00Z,107.875,108.4000015258789,107.17500305175781,107.4000015258789,3051712
2019-04-10,2019-04-10T00:00:00Z,107.5,107.8499984741211,106.9749984741211,107.375,3503992
2019-04-11,2019-04-11T00:00:00Z,107.7249984741211,108.05000305175781,107.0250015258789,107.2750015258789,2892756
2019-04-12,2019-04-12T00:00:00Z,107.2750015258789,108.2750015258789,107.17500305175781,107.67500305175781,3884772
2019-04-15,2019-04-15T00:00:00Z,107.75,108.875,107.75,108.5,3483172
2019-04-16,2019-04-16T00:00:00Z,108.75,109.67500305175781,108.5,108.8499984741211,3655088
2019-04-17,2019-04-17T00:00:00Z,109.1500015258789,109.44999694824219,108.4000015258789,109.1500015258789,3320732
2019-04-18,2019-04-18T00:00:00Z,109.0,109.82499694824219,108.5999984741211,109.67500305175781,1723040
2019-04-23,2019-04-23T00:00:00Z,109.67500305175781,109.67500305175781,108.4749984741211,109.0999984741211,4417044
2019-04-24,2019-04-24T00:00:00Z,109.1500015258789,110.9000015258789,109.0,109.25,4762568
2019-04-25,2019-04-25T00:00:00Z,110.375,112.0,109.57499694824219,110.94999694824219,6865624
2019-04-26,2019-04-26T00:00:00Z,111.0250015258789,112.69999694824219,111.0,112.44999694824219,4773452
2019-04-29,2019-04-29T00:00:00Z,112.67500305175781,112.875,111.9000015258789,112.625,3296196
2019-04-30,2019-04-30T00:00:00Z,112.5999984741211,113.44999694824219,112.55000305175781,113.17500305175781,2943872
2019-05-02,2019-05-02T00:00:00Z,113.19999694824219,113.44999694824219,112.125,112.44999694824219,5421652
2019-05-03,2019-05-03T00:00:00Z,112.5,113.0999984741211,112.25,113.0999984741211,4251144
2019-05-06,2019-05-06T00:00:00Z,111.82499694824219,111.82499694824219,109.07499694824219,110.69999694824219,5676152
2019-05-07,2019-05-07T00:00:00Z,110.75,111.625,109.375,109.82499694824219,5688332
2019-05-08,2019-05-08T00:00:00Z,109.375,110.92500305175781,109.05000305175781,110.92500305175781,5151232
2019-05-09,2019-05-09T00:00:00Z,108.5,108.55000305175781,106.3499984741211,106.69999694824219,5795600
2019-05-10,2019-05-10T00:00:00Z,107.3499984741211,108.05000305175781,106.8499984741211,107.625,4287408
2019-05-13,2019-05-13T00:00:00Z,107.625,107.6500015258789,105.42500305175781,105.42500305175781,5865568
2019-05-14,2019-05-14T00:00:00Z,105.3499984741211,107.92500305175781,105.3499984741211,107.9000015258789,4490328
2019-05-15,2019-05-15T00:00:00Z,108.2750015258789,108.4749984741211,106.6500015258789,108.2249984741211,3643116
2019-05-16,2019-05-16T00:00:00Z,108.25,110.125,107.6500015258789,110.0,3348192
2019-05-17,2019-05-17T00:00:00Z,109.80000305175781,109.8499984741211,108.5999984741211,109.69999694824219,3807412
2019-05-20,2019-05-20T00:00:00Z,109.82499694824219,109.94999694824219,108.0,108.7249984741211,3253880
2019-05-21,2019-05-21T00:00:00Z,109.1500015258789,109.6500015258789,108.67500305175781,108.92500305175781,2856960
2019-05-22,2019-05-22T00:00:00Z,108.69999694824219,109.19999694824219,108.1500015258789,108.6500015258789,2722476
2019-05-23,2019-05-23T00:00:00Z,108.0,108.07499694824219,106.0999984741211,106.5250015258789,4234008
2019-05-24,2019-05-24T00:00:00Z,106.75,108.44999694824219,106.75,107.875,3377832
2019-05-27,2019-05-27T00:00:00Z,108.55000305175781,108.75,107.32499694824219,107.5250015258789,2138856
2019-05-28,2019-05-28T00:00:00Z,107.5250015258789,107.92500305175781,106.3499984741211,106.3499984741211,6843908
2019-05-29,2019-05-29T00:00:00Z,105.75,106.32499694824219,104.67500305175781,105.0,2925592
2019-05-31,2019-05-31T00:00:00Z,104.55000305175781,104.75,102.5250015258789,102.57499694824219,7092888
2019-06-03,2019-06-03T00:00:00Z,102.2750015258789,104.07499694824219,101.4000015258789,103.9749984741211,6128752
2019-06-04,2019-06-04T00:00:00Z,103.69999694824219,105.32499694824219,102.5,105.19999694824219,5298544
2019-06-05,2019-06-05T00:00:00Z,105.19999694824219,105.80000305175781,104.5250015258789,105.55000305175781,4367340
2019-06-07,2019-06-07T00:00:00Z,105.7750015258789,106.9749984741211,105.75,106.4000015258789,3544340
2019-06-11,2019-06-11T00:00:00Z,108.5,110.1500015258789,108.30000305175781,109.32499694824219,3706308
2019-06-12,2019-06-12T00:00:00Z,108.9749984741211,109.9000015258789,108.55000305175781,109.57499694824219,2973444
2019-06-13,2019-06-13T00:00:00Z,109.375,110.8499984741211,109.0999984741211,110.0250015258789,3621236
2019-06-14,2019-06-14T00:00:00Z,110.0250015258789,110.07499694824219,108.9000015258789,109.8499984741211,3151132
2019-06-18,2019-06-18T00:00:00Z,110.5250015258789,112.42500305175781,109.44999694824219,112.375,4587512
2019-06-19,2019-06-19T00:00:00Z,112.5,113.4749984741211,111.92500305175781,113.4749984741211,4909672
2019-06-20,2019-06-20T00:00:00Z,113.75,114.82499694824219,113.57499694824219,113.75,7139628
2019-06-24,2019-06-24T00:00:00Z,113.75,114.5250015258789,112.5,112.75,4055960
2019-06-25,2019-06-25T00:00:00Z,112.42500305175781,112.67500305175781,111.9000015258789,112.0999984741211,3639520
2019-06-26,2019-06-26T00:00:00Z,111.875,112.57499694824219,111.19999694824219,111.8499984741211,2376152
2019-06-27,2019-06-27T00:00:00Z,111.94999694824219,112.19999694824219,110.57499694824219,111.0999984741211,2676996
2019-06-28,2019-06-28T00:00:00Z,111.2750015258789,111.9000015258789,110.80000305175781,111.5250015258789,3570572
2019-07-01,2019-07-01T00:00:00Z,112.75,113.42500305175781,111.67500305175781,112.32499694824219,3264548
2019-07-02,2019-07-02T00:00:00Z,112.32499694824219,113.2750015258789,112.0999984741211,112.9749984741211,2894840
2019-07-03,2019-07-03T00:00:00Z,112.9000015258789,114.19999694824219,112.625,114.0,2753672
2019-07-04,2019-07-04T00:00:00Z,114.0250015258789,114.82499694824219,114.0250015258789,114.5999984741211,2053420
2019-07-05,2019-07-05T00:00:00Z,114.75,115.0,113.625,114.05000305175781,2917204
2019-07-08,2019-07-08T00:00:00Z,114.05000305175781,115.67500305175781,114.05000305175781,115.375,3104072
2019-07-09,2019-07-09T00:00:00Z,115.0,115.8499984741211,114.4749984741211,115.25,2674068
2019-07-10,2019-07-10T00:00:00Z,115.19999694824219,116.0999984741211,114.75,115.0250015258789,3251316
2019-07-11,2019-07-11T00:00:00Z,115.07499694824219,115.5999984741211,113.67500305175781,113.94999694824219,2216028
2019-07-12,2019-07-12T00:00:00Z,114.2249984741211,114.75,113.625,114.05000305175781,2621312
2019-07-15,2019-07-15T00:00:00Z,114.07499694824219,114.8499984741211,113.5250015258789,114.1500015258789,2331412
2019-07-16,2019-07-16T00:00:00Z,113.8499984741211,114.25,113.4000015258789,113.69999694824219,2392168
2019-07-17,2019-07-17T00:00:00Z,113.5250015258789,114.82499694824219,113.0999984741211,114.4749984741211,2460508
2019-07-18,2019-07-18T00:00:00Z,114.125,114.4749984741211,112.875,113.94999694824219,3946856
2019-07-19,2019-07-19T00:00:00Z,114.07499694824219,115.375,113.9749984741211,115.2249984741211,3362232
2019-07-22,2019-07-22T00:00:00Z,115.0250015258789,115.0250015258789,113.75,113.9749984741211,3659340
2019-07-23,2019-07-23T00:00:00Z,114.32499694824219,116.0250015258789,114.25,115.9000015258789,3153856
2019-07-24,2019-07-24T00:00:00Z,116.0,116.0,114.94999694824219,115.2750015258789,1761156
2019-07-25,2019-07-25T00:00:00Z,115.42500305175781,116.75,113.8499984741211,114.375,2672964
2019-07-26,2019-07-26T00:00:00Z,114.625,115.44999694824219,114.3499984741211,114.92500305175781,1796320
2019-07-29,2019-07-29T00:00:00Z,114.92500305175781,115.80000305175781,114.30000305175781,115.57499694824219,1575944
2019-07-30,2019-07-30T00:00:00Z,115.57499694824219,115.8499984741211,114.25,114.94999694824219,2031636
2019-07-31,2019-07-31T00:00:00Z,115.0,115.375,114.19999694824219,115.1500015258789,2567024
2019-08-01,2019-08-01T00:00:00Z,114.3499984741211,116.94999694824219,114.0,116.7249984741211,3024380
2019-08-02,2019-08-02T00:00:00Z,114.44999694824219,115.2750015258789,113.32499694824219,113.75,4747856
2019-08-06,2019-08-06T00:00:00Z,110.42500305175781,111.25,109.42500305175781,109.75,3316892
2019-08-07,2019-08-07T00:00:00Z,110.375,111.375,109.19999694824219,110.05000305175781,3772472
2019-08-08,2019-08-08T00:00:00Z,111.30000305175781,112.1500015258789,110.92500305175781,111.2249984741211,3072428
2019-08-09,2019-08-09T00:00:00Z,111.30000305175781,111.44999694824219,109.7249984741211,109.9000015258789,2345512
2019-08-12,2019-08-12T00:00:00Z,110.42500305175781,111.4749984741211,109.5250015258789,110.0,2536644
2019-08-13,2019-08-13T00:00:00Z,109.4749984741211,110.5,108.17500305175781,109.875,4327104
2019-08-14,2019-08-14T00:00:00Z,110.125,110.2249984741211,107.7249984741211,108.1500015258789,5840424
2019-08-15,2019-08-15T00:00:00Z,107.7750015258789,108.80000305175781,105.7249984741211,107.44999694824219,6325692
2019-08-16,2019-08-16T00:00:00Z,107.44999694824219,109.25,107.44999694824219,109.05000305175781,6151912
2019-08-19,2019-08-19T00:00:00Z,109.75,110.625,109.4000015258789,110.25,2857660
2019-08-20,2019-08-20T00:00:00Z,110.1500015258789,111.69999694824219,109.875,110.80000305175781,3587964
2019-08-21,2019-08-21T00:00:00Z,110.80000305175781,112.2249984741211,110.7249984741211,111.92500305175781,3104832
2019-08-22,2019-08-22T00:00:00Z,111.625,111.9749984741211,110.82499694824219,111.5999984741211,3490364
2019-08-23,2019-08-23T00:00:00Z,111.75,112.32499694824219,110.67500305175781,110.67500305175781,3328988
2019-08-26,2019-08-26T00:00:00Z,109.7750015258789,110.6500015258789,108.7249984741211,110.0,3800576
2019-08-27,2019-08-27T00:00:00Z,110.375,110.9749984741211,109.8499984741211,110.9749984741211,3615620
2019-08-28,2019-08-28T00:00:00Z,111.0,111.4000015258789,110.17500305175781,111.17500305175781,3062552
2019-08-29,2019-08-29T00:00:00Z,111.25,112.92500305175781,111.0999984741211,112.67500305175781,3219652
2019-08-30,2019-08-30T00:00:00Z,113.125,115.2750015258789,112.80000305175781,115.05000305175781,5024388
2019-09-02,2019-09-02T00:00:00Z,115.25,116.44999694824219,115.25,115.55000305175781,3270276
2019-09-03,2019-09-03T00:00:00Z,115.55000305175781,116.6500015258789,115.05000305175781,115.57499694824219,3244812
2019-09-04,2019-09-04T00:00:00Z,116.5,116.82499694824219,115.5250015258789,115.80000305175781,2986160
2019-09-05,2019-09-05T00:00:00Z,116.57499694824219,116.875,114.0,115.42500305175781,5005292
2019-09-06,2019-09-06T00:00:00Z,115.4749984741211,116.07499694824219,115.125,115.8499984741211,2914508
2019-09-09,2019-09-09T00:00:00Z,116.0250015258789,116.2750015258789,114.875,115.25,2398304
2019-09-10,2019-09-10T00:00:00Z,115.25,115.5,114.17500305175781,115.0,3531940
2019-09-11,2019-09-11T00:00:00Z,115.375,116.07499694824219,115.17500305175781,116.0250015258789,2944352
2019-09-12,2019-09-12T00:00:00Z,116.30000305175781,117.9000015258789,116.0250015258789,117.125,4217684
2019-09-13,2019-09-13T00:00:00Z,117.5,118.57499694824219,117.42500305175781,118.32499694824219,3289036
2019-09-16,2019-09-16T00:00:00Z,117.80000305175781,117.9749984741211,116.7750015258789,116.82499694824219,2961520
2019-09-17,2019-09-17T00:00:00Z,116.55000305175781,117.6500015258789,116.05000305175781,117.0,3051732
2019-09-18,2019-09-18T00:00:00Z,117.07499694824219,118.2249984741211,117.05000305175781,117.875,3433772
2019-09-19,2019-09-19T00:00:00Z,117.8499984741211,119.4000015258789,117.4000015258789,119.2750015258789,3829672
2019-09-20,2019-09-20T00:00:00Z,119.0250015258789,120.0,119.0,119.69999694824219,5883340
2019-09-23,2019-09-23T00:00:00Z,119.55000305175781,119.80000305175781,117.17500305175781,117.6500015258789,3726716
2019-09-24,2019-09-24T00:00:00Z,118.0,118.5999984741211,117.4000015258789,117.7750015258789,3348644
2019-09-25,2019-09-25T00:00:00Z,117.5999984741211,117.5999984741211,115.375,116.92500305175781,4927368
2019-09-26,2019-09-26T00:00:00Z,116.67500305175781,118.69999694824219,116.67500305175781,118.625,2255116
2019-09-27,2019-09-27T00:00:00Z,118.75,119.4749984741211,118.3499984741211,119.30000305175781,3313348
2019-09-30,2019-09-30T00:00:00Z,119.32499694824219,120.3499984741211,118.6500015258789,120.2750015258789,3837096
2019-10-01,2019-10-01T00:00:00Z,120.4000015258789,120.92500305175781,119.25,119.6500015258789,2868588
2019-10-02,2019-10-02T00:00:00Z,119.32499694824219,119.4000015258789,115.5999984741211,116.0,4818460
2019-10-03,2019-10-03T00:00:00Z,115.6500015258789,115.94999694824219,113.875,114.8499984741211,4687136
2019-10-04,2019-10-04T00:00:00Z,115.25,115.875,114.9749984741211,115.80000305175781,3941684
2019-10-07,2019-10-07T00:00:00Z,115.80000305175781,117.07499694824219,115.5250015258789,116.92500305175781,2703000
2019-10-08,2019-10-08T00:00:00Z,117.0,117.75,116.0250015258789,116.5999984741211,2883376
2019-10-09,2019-10-09T00:00:00Z,116.5,118.0250015258789,116.07499694824219,117.6500015258789,2226416
2019-10-10,2019-10-10T00:00:00Z,117.6500015258789,117.67500305175781,116.3499984741211,117.6500015258789,2714444
2019-10-11,2019-10-11T00:00:00Z,117.875,119.0,117.42500305175781,118.5999984741211,3666640
2019-10-14,2019-10-14T00:00:00Z,118.57499694824219,119.1500015258789,117.9000015258789,119.125,3845588
2019-10-15,2019-10-15T00:00:00Z,119.5,120.4000015258789,119.5,119.75,4440648
2019-10-16,2019-10-16T00:00:00Z,119.75,119.9749984741211,119.30000305175781,119.6500015258789,4282892
2019-10-17,2019-10-17T00:00:00Z,119.6500015258789,120.8499984741211,119.625,120.1500015258789,3949908
2019-10-18,2019-10-18T00:00:00Z,120.44999694824219,121.4749984741211,120.19999694824219,121.05000305175781,3986700
2019-10-21,2019-10-21T00:00:00Z,121.05000305175781,122.55000305175781,120.7249984741211,122.0999984741211,5308532
2019-10-22,2019-10-22T00:00:00Z,122.125,123.5250015258789,121.92500305175781,122.5250015258789,4165076
2019-10-23,2019-10-23T00:00:00Z,122.25,122.82499694824219,121.7249984741211,122.44999694824219,4857104
2019-10-24,2019-10-24T00:00:00Z,122.5,123.125,122.19999694824219,123.05000305175781,6687668
2019-10-25,2019-10-25T00:00:00Z,123.125,123.6500015258789,122.7249984741211,123.25,4606844
2019-10-28,2019-10-28T00:00:00Z,123.44999694824219,123.8499984741211,123.17500305175781,123.42500305175781,3314732
2019-10-29,2019-10-29T00:00:00Z,123.57499694824219,124.0250015258789,122.69999694824219,123.6500015258789,4697148
2019-10-30,2019-10-30T00:00:00Z,123.5,125.05000305175781,123.30000305175781,124.67500305175781,4329940
2019-10-31,2019-10-31T00:00:00Z,124.75,125.19999694824219,123.3499984741211,123.625,4191276
2019-11-01,2019-11-01T00:00:00Z,123.92500305175781,124.375,123.4000015258789,123.75,1487276
2019-11-04,2019-11-04T00:00:00Z,124.5,126.30000305175781,124.05000305175781,126.19999694824219,4552712
2019-11-05,2019-11-05T00:00:00Z,126.30000305175781,126.30000305175781,125.55000305175781,126.05000305175781,2944968
2019-11-06,2019-11-06T00:00:00Z,126.05000305175781,126.75,125.3499984741211,126.5,2942232
2019-11-07,2019-11-07T00:00:00Z,126.94999694824219,127.5,126.44999694824219,126.6500015258789,3686832
2019-11-08,2019-11-08T00:00:00Z,125.69999694824219,127.69999694824219,125.30000305175781,127.30000305175781,4100716
2019-11-11,2019-11-11T00:00:00Z,127.30000305175781,127.55000305175781,126.19999694824219,126.55000305175781,3045072
2019-11-12,2019-11-12T00:00:00Z,126.9000015258789,128.5500030517578,126.44999694824219,128.39999389648438,3783868
2019-11-13,2019-11-13T00:00:00Z,128.0,128.1999969482422,127.05000305175781,127.8499984741211,4538728
2019-11-14,2019-11-14T00:00:00Z,127.80000305175781,128.75,127.69999694824219,128.5,3241704
2019-11-15,2019-11-15T00:00:00Z,129.14999389648438,129.35000610351562,126.5999984741211,127.5,5922092
2019-11-18,2019-11-18T00:00:00Z,127.3499984741211,127.5999984741211,126.55000305175781,127.0,2704640
2019-11-19,2019-11-19T00:00:00Z,127.05000305175781,127.5,125.75,126.1500015258789,4212348
2019-11-20,2019-11-20T00:00:00Z,125.4000015258789,126.25,125.1500015258789,125.75,4170640
2019-11-21,2019-11-21T00:00:00Z,124.9000015258789,124.92500305175781,124.2249984741211,124.5250015258789,3926380
2019-11-22,2019-11-22T00:00:00Z,124.6500015258789,125.4000015258789,124.42500305175781,125.19999694824219,3079420
2019-11-25,2019-11-25T00:00:00Z,125.69999694824219,126.25,125.5999984741211,126.0,1962988
2019-11-26,2019-11-26T00:00:00Z,126.25,127.05000305175781,125.8499984741211,126.55000305175781,4724544
2019-11-27,2019-11-27T00:00:00Z,126.75,127.19999694824219,126.0,126.69999694824219,4557304
2019-11-28,2019-11-28T00:00:00Z,126.55000305175781,126.6500015258789,125.8499984741211,126.3499984741211,1732404
2019-11-29,2019-11-29T00:00:00Z,126.0,126.80000305175781,125.4000015258789,126.55000305175781,3163476
2019-12-02,2019-12-02T00:00:00Z,126.75,127.6500015258789,124.1500015258789,124.5250015258789,3719980
2019-12-03,2019-12-03T00:00:00Z,124.80000305175781,125.75,122.7750015258789,123.07499694824219,4619408
2019-12-04,2019-12-04T00:00:00Z,123.0999984741211,124.82499694824219,123.0999984741211,124.6500015258789,2752268
2019-12-05,2019-12-05T00:00:00Z,124.94999694824219,126.19999694824219,124.5999984741211,125.44999694824219,4111884
2019-12-06,2019-12-06T00:00:00Z,125.44999694824219,127.75,125.44999694824219,127.5999984741211,3584552
2019-12-09,2019-12-09T00:00:00Z,127.6500015258789,128.89999389648438,127.25,128.3000030517578,3825452
2019-12-10,2019-12-10T00:00:00Z,128.25,128.35000610351562,126.3499984741211,128.1999969482422,6457436
2019-12-11,2019-12-11T00:00:00Z,128.3000030517578,129.39999389648438,127.5999984741211,129.39999389648438,4707096
2019-12-12,2019-12-12T00:00:00Z,129.39999389648438,130.10000610351562,127.75,129.64999389648438,5754736
2019-12-13,2019-12-13T00:00:00Z,131.25,131.39999389648438,128.0,128.3000030517578,4446316
2019-12-16,2019-12-16T00:00:00Z,128.8000030517578,130.0,128.5,130.0,3088664
2019-12-17,2019-12-17T00:00:00Z,130.0,130.1999969482422,129.14999389648438,129.8000030517578,4243812
2019-12-18,2019-12-18T00:00:00Z,129.64999389648438,130.0500030517578,128.64999389648438,128.89999389648438,2756176
2019-12-19,2019-12-19T00:00:00Z,128.75,129.1999969482422,128.14999389648438,128.75,4504532
2019-12-20,2019-12-20T00:00:00Z,128.75,130.39999389648438,128.5,130.3000030517578,3953260
2019-12-23,2019-12-23T00:00:00Z,130.3000030517578,130.39999389648438,129.5500030517578,129.85000610351562,2428236
2019-12-27,2019-12-27T00:00:00Z,130.0,130.25,129.25,129.39999389648438,2715684
2019-12-30,2019-12-30T00:00:00Z,129.4499969482422,129.5,127.6500015258789,127.80000305175781,3012980
2020-01-02,2020-01-02T00:00:00Z,128.1999969482422,131.35000610351562,128.1999969482422,130.75,4537988
2020-01-03,2020-01-03T00:00:00Z,129.75,129.75,128.39999389648438,129.3000030517578,3417924
2020-01-07,2020-01-07T00:00:00Z,129.3000030517578,130.4499969482422,129.0500030517578,129.5,3683196
2020-01-08,2020-01-08T00:00:00Z,128.6999969482422,129.64999389648438,127.8499984741211,129.4499969482422,3259716
2020-01-09,2020-01-09T00:00:00Z,130.25,131.10000610351562,130.10000610351562,130.5,3710640
2020-01-10,2020-01-10T00:00:00Z,130.75,131.25,130.0,130.0,3759264
2020-01-13,2020-01-13T00:00:00Z,130.0,130.9499969482422,129.75,130.14999389648438,3031172
2020-01-14,2020-01-14T00:00:00Z,130.14999389648438,130.60000610351562,128.6999969482422,130.60000610351562,3935064
2020-01-15,2020-01-15T00:00:00Z,130.60000610351562,130.75,129.75,130.75,3866612
2020-01-16,2020-01-16T00:00:00Z,130.9499969482422,133.1999969482422,130.9499969482422,133.1999969482422,4215800
2020-01-17,2020-01-17T00:00:00Z,134.0,134.89999389648438,133.64999389648438,134.5500030517578,4483936
2020-01-20,2020-01-20T00:00:00Z,134.64999389648438,135.0,133.89999389648438,134.14999389648438,2397040
2020-01-21,2020-01-21T00:00:00Z,133.8000030517578,134.25,132.8000030517578,134.25,2715888
2020-01-22,2020-01-22T00:00:00Z,134.64999389648438,135.0500030517578,133.6999969482422,134.10000610351562,3058768
2020-01-23,2020-01-23T00:00:00Z,134.10000610351562,134.25,132.5500030517578,132.75,4160728
2020-01-24,2020-01-24T00:00:00Z,133.60000610351562,136.10000610351562,133.5,134.89999389648438,5122604
2020-01-27,2020-01-27T00:00:00Z,133.25,133.5,131.39999389648438,131.6999969482422,5682300
2020-01-28,2020-01-28T00:00:00Z,131.8000030517578,134.64999389648438,131.8000030517578,134.3000030517578,5608380
2020-01-29,2020-01-29T00:00:00Z,134.6999969482422,135.5500030517578,134.10000610351562,134.6999969482422,4652788
2020-01-30,2020-01-30T00:00:00Z,133.89999389648438,134.35000610351562,132.75,133.5,5228848
2020-01-31,2020-01-31T00:00:00Z,134.35000610351562,134.5500030517578,131.89999389648438,132.0500030517578,4484428
2020-02-03,2020-02-03T00:00:00Z,132.0500030517578,133.4499969482422,131.0500030517578,133.0500030517578,4408928
2020-02-04,2020-02-04T00:00:00Z,133.5,136.85000610351562,133.5,136.85000610351562,5221104
2020-02-05,2020-02-05T00:00:00Z,136.8000030517578,139.35000610351562,135.9499969482422,138.89999389648438,6095304
2020-02-06,2020-02-06T00:00:00Z,139.89999389648438,140.5500030517578,138.3000030517578,138.5500030517578,4040660
2020-02-07,2020-02-07T00:00:00Z,138.5500030517578,138.9499969482422,137.4499969482422,138.35000610351562,4295608
2020-02-10,2020-02-10T00:00:00Z,138.3000030517578,139.1999969482422,137.6999969482422,138.89999389648438,2689484
2020-02-11,2020-02-11T00:00:00Z,139.85000610351562,140.3000030517578,139.5500030517578,140.3000030517578,4360592
2020-02-12,2020-02-12T00:00:00Z,140.5,140.89999389648438,139.5500030517578,139.75,4061336
2020-02-13,2020-02-13T00:00:00Z,139.5500030517578,140.14999389648438,138.5,140.14999389648438,4191124
2020-02-14,2020-02-14T00:00:00Z,140.39999389648438,141.10000610351562,139.9499969482422,140.8000030517578,2312124
2020-02-17,2020-02-17T00:00:00Z,140.9499969482422,141.64999389648438,140.60000610351562,141.0500030517578,2289348
2020-02-18,2020-02-18T00:00:00Z,140.4499969482422,141.5,139.75,140.3000030517578,3837924
2020-02-19,2020-02-19T00:00:00Z,140.6999969482422,141.6999969482422,140.6999969482422,141.3000030517578,2678792
2020-02-20,2020-02-20T00:00:00Z,141.75,142.14999389648438,140.5,140.89999389648438,3922096
2020-02-21,2020-02-21T00:00:00Z,140.14999389648438,141.0500030517578,139.14999389648438,139.8000030517578,3345672
2020-02-24,2020-02-24T00:00:00Z,137.3000030517578,137.3000030517578,132.14999389648438,132.6999969482422,8618228
2020-02-25,2020-02-25T00:00:00Z,132.6999969482422,134.10000610351562,128.89999389648438,129.39999389648438,7610660
2020-02-26,2020-02-26T00:00:00Z,128.5,129.5500030517578,123.80000305175781,129.10000610351562,10379288
2020-02-27,2020-02-27T00:00:00Z,126.9000015258789,127.0,121.375,123.69999694824219,9609836
2020-02-28,2020-02-28T00:00:00Z,119.0999984741211,121.57499694824219,117.67500305175781,119.32499694824219,13921592
2020-03-02,2020-03-02T00:00:00Z,121.1500015258789,123.125,117.94999694824219,121.3499984741211,13295428
2020-03-03,2020-03-03T00:00:00Z,123.75,126.19999694824219,122.9749984741211,123.55000305175781,9273760
2020-03-04,2020-03-04T00:00:00Z,124.2249984741211,126.5999984741211,123.19999694824219,125.44999694824219,6653812
2020-03-05,2020-03-05T00:00:00Z,127.3499984741211,127.80000305175781,122.9000015258789,124.80000305175781,7062604
2020-03-06,2020-03-06T00:00:00Z,121.875,122.6500015258789,119.5999984741211,120.7249984741211,7339608
2020-03-09,2020-03-09T00:00:00Z,112.1500015258789,117.3499984741211,110.5999984741211,114.44999694824219,13965428
2020-03-10,2020-03-10T00:00:00Z,115.75,120.625,113.1500015258789,114.19999694824219,11396380
2020-03-11,2020-03-11T00:00:00Z,115.375,116.75,112.2249984741211,113.17500305175781,9589164
2020-03-12,2020-03-12T00:00:00Z,107.1500015258789,107.69999694824219,99.25,100.0,20984856
2020-03-13,2020-03-13T00:00:00Z,101.67500305175781,108.32499694824219,99.05000305175781,102.1500015258789,19463044
2020-03-16,2020-03-16T00:00:00Z,97.0,99.2249984741211,92.5250015258789,97.19999694824219,16791436
2020-03-17,2020-03-17T00:00:00Z,101.625,103.5999984741211,93.92500305175781,97.5,17254576
2020-03-18,2020-03-18T00:00:00Z,94.69999694824219,98.375,93.7750015258789,97.8499984741211,10764304
2020-03-19,2020-03-19T00:00:00Z,97.875,103.05000305175781,96.25,103.05000305175781,15254648
2020-03-20,2020-03-20T00:00:00Z,106.57499694824219,109.2249984741211,98.7249984741211,100.5250015258789,17026204
2020-03-23,2020-03-23T00:00:00Z,94.42500305175781,101.0999984741211,94.17500305175781,95.80000305175781,12865592
2020-03-24,2020-03-24T00:00:00Z,100.75,104.9749984741211,98.57499694824219,104.9749984741211,10219848
2020-03-25,2020-03-25T00:00:00Z,108.75,109.82499694824219,100.6500015258789,108.875,14620496
2020-03-26,2020-03-26T00:00:00Z,106.3499984741211,110.375,105.2750015258789,110.375,7969908
2020-03-27,2020-03-27T00:00:00Z,109.42500305175781,109.4749984741211,106.1500015258789,108.9000015258789,9151776
2020-03-30,2020-03-30T00:00:00Z,108.9000015258789,112.07499694824219,106.25,112.07499694824219,7613512
2020-03-31,2020-03-31T00:00:00Z,114.5999984741211,115.9000015258789,111.69999694824219,114.2750015258789,10609792
2020-04-01,2020-04-01T00:00:00Z,111.42500305175781,112.19999694824219,108.25,110.44999694824219,8240996
2020-04-02,2020-04-02T00:00:00Z,110.8499984741211,111.4749984741211,107.2750015258789,109.8499984741211,8870972
2020-04-03,2020-04-03T00:00:00Z,109.75,110.4749984741211,107.625,108.44999694824219,4942340
2020-04-06,2020-04-06T00:00:00Z,111.25,114.0,111.0,113.4000015258789,6716424
2020-04-07,2020-04-07T00:00:00Z,115.75,118.80000305175781,115.44999694824219,117.9749984741211,9996492
2020-04-08,2020-04-08T00:00:00Z,117.5,119.82499694824219,116.5,119.25,8534332
2020-04-09,2020-04-09T00:00:00Z,120.5250015258789,120.5250015258789,115.67500305175781,115.67500305175781,5631700
2020-04-14,2020-04-14T00:00:00Z,119.25,121.07499694824219,117.5,121.07499694824219,7655788
2020-04-15,2020-04-15T00:00:00Z,121.07499694824219,121.75,117.32499694824219,117.6500015258789,6995968
2020-04-16,2020-04-16T00:00:00Z,118.2249984741211,119.30000305175781,116.32499694824219,117.2750015258789,5659736
2020-04-17,2020-04-17T00:00:00Z,120.0250015258789,121.69999694824219,119.92500305175781,121.4749984741211,8300540
2020-04-20,2020-04-20T00:00:00Z,122.9000015258789,123.6500015258789,119.5,121.625,6082684
2020-04-21,2020-04-21T00:00:00Z,120.625,121.4749984741211,119.5,119.55000305175781,5933352
2020-04-22,2020-04-22T00:00:00Z,120.7249984741211,121.375,119.69999694824219,120.44999694824219,5001600
2020-04-23,2020-04-23T00:00:00Z,120.75,122.375,119.44999694824219,121.7750015258789,5093916
2020-04-24,2020-04-24T00:00:00Z,120.30000305175781,120.9000015258789,119.17500305175781,119.17500305175781,5630188
2020-04-27,2020-04-27T00:00:00Z,120.82499694824219,121.30000305175781,119.82499694824219,119.94999694824219,5305528
2020-04-28,2020-04-28T00:00:00Z,120.5250015258789,122.125,119.7750015258789,121.125,5537100
2020-04-29,2020-04-29T00:00:00Z,121.125,124.4749984741211,120.375,124.42500305175781,5623860
2020-04-30,2020-04-30T00:00:00Z,124.5,124.5999984741211,121.5250015258789,122.80000305175781,4437676
2020-05-04,2020-05-04T00:00:00Z,119.5,119.69999694824219,115.875,116.0,7712320
2020-05-05,2020-05-05T00:00:00Z,117.67500305175781,118.625,116.875,118.42500305175781,5580184
2020-05-06,2020-05-06T00:00:00Z,118.42500305175781,118.44999694824219,116.5250015258789,116.69999694824219,4375944
2020-05-07,2020-05-07T00:00:00Z,117.125,119.125,116.7750015258789,118.80000305175781,4175188
2020-05-08,2020-05-08T00:00:00Z,119.5,121.92500305175781,119.125,120.9000015258789,5757988
2020-05-11,2020-05-11T00:00:00Z,121.5,121.55000305175781,117.8499984741211,119.125,4359344
2020-05-12,2020-05-12T00:00:00Z,118.17500305175781,120.92500305175781,117.92500305175781,120.0250015258789,5918744
2020-05-13,2020-05-13T00:00:00Z,118.67500305175781,119.2249984741211,116.4000015258789,116.4000015258789,5935168
2020-05-14,2020-05-14T00:00:00Z,115.42500305175781,115.69999694824219,111.17500305175781,111.94999694824219,8493440
2020-05-15,2020-05-15T00:00:00Z,113.2750015258789,115.9749984741211,113.0,114.67500305175781,7463844
2020-05-18,2020-05-18T00:00:00Z,116.5,120.0,116.42500305175781,119.92500305175781,5663656
2020-05-19,2020-05-19T00:00:00Z,120.75,121.19999694824219,118.82499694824219,120.625,6734628
2020-05-20,2020-05-20T00:00:00Z,120.25,121.125,119.0250015258789,120.17500305175781,2782008
2020-05-22,2020-05-22T00:00:00Z,119.0999984741211,120.3499984741211,118.57499694824219,119.7249984741211,3754860
2020-05-25,2020-05-25T00:00:00Z,121.25,123.44999694824219,120.32499694824219,123.0999984741211,3297700
2020-05-26,2020-05-26T00:00:00Z,124.125,124.5,123.0999984741211,123.7750015258789,4845680
2020-05-27,2020-05-27T00:00:00Z,124.125,124.5999984741211,122.17500305175781,122.4000015258789,5078440
2020-05-28,2020-05-28T00:00:00Z,123.5,125.44999694824219,122.375,125.25,5261824
2020-05-29,2020-05-29T00:00:00Z,124.19999694824219,126.25,123.6500015258789,125.25,8213356
2020-06-01,2020-06-01T00:00:00Z,127.0,127.30000305175781,123.94999694824219,125.19999694824219,3796260
2020-06-02,2020-06-02T00:00:00Z,125.69999694824219,127.5,125.05000305175781,126.3499984741211,4616484
2020-06-03,2020-06-03T00:00:00Z,127.05000305175781,129.89999389648438,126.75,129.89999389648438,4748868
2020-06-04,2020-06-04T00:00:00Z,129.39999389648438,129.6999969482422,127.55000305175781,129.0,4662592
2020-06-05,2020-06-05T00:00:00Z,129.89999389648438,131.85000610351562,129.39999389648438,131.85000610351562,4791712
2020-06-08,2020-06-08T00:00:00Z,131.60000610351562,131.75,129.64999389648438,130.14999389648438,3660360
2020-06-09,2020-06-09T00:00:00Z,130.35000610351562,130.75,127.5999984741211,129.14999389648438,5687980
2020-06-10,2020-06-10T00:00:00Z,129.35000610351562,131.25,128.39999389648438,128.5,4512628
2020-06-11,2020-06-11T00:00:00Z,126.19999694824219,126.6500015258789,121.0999984741211,121.0999984741211,6589072
2020-06-12,2020-06-12T00:00:00Z,119.75,123.19999694824219,119.17500305175781,120.75,5876716
2020-06-15,2020-06-15T00:00:00Z,118.94999694824219,123.44999694824219,117.69999694824219,123.3499984741211,7499764
2020-06-16,2020-06-16T00:00:00Z,126.0,128.3000030517578,125.4000015258789,128.0500030517578,7834408
2020-06-17,2020-06-17T00:00:00Z,128.1999969482422,130.8000030517578,128.14999389648438,128.64999389648438,6336236
2020-06-18,2020-06-18T00:00:00Z,126.55000305175781,127.0999984741211,125.19999694824219,125.9000015258789,7596440
2020-06-22,2020-06-22T00:00:00Z,125.0,125.1500015258789,122.80000305175781,122.80000305175781,4312696
2020-06-23,2020-06-23T00:00:00Z,123.75,124.5250015258789,123.19999694824219,123.55000305175781,3844540
2020-06-24,2020-06-24T00:00:00Z,122.9000015258789,123.1500015258789,120.42500305175781,120.57499694824219,4357728
2020-06-25,2020-06-25T00:00:00Z,120.25,122.19999694824219,119.0250015258789,121.7750015258789,4036960
2020-06-26,2020-06-26T00:00:00Z,122.5,124.69999694824219,121.9000015258789,122.07499694824219,3610040
2020-06-29,2020-06-29T00:00:00Z,121.625,123.625,120.94999694824219,123.44999694824219,3577760
2020-06-30,2020-06-30T00:00:00Z,123.57499694824219,123.9000015258789,122.125,122.92500305175781,3935828
2020-07-01,2020-07-01T00:00:00Z,122.92500305175781,124.30000305175781,121.8499984741211,123.2249984741211,4425956
2020-07-02,2020-07-02T00:00:00Z,124.2249984741211,125.6500015258789,123.94999694824219,125.5999984741211,3558624
2020-07-03,2020-07-03T00:00:00Z,125.55000305175781,125.9000015258789,124.2249984741211,124.44999694824219,2502640
2020-07-06,2020-07-06T00:00:00Z,126.25,127.3499984741211,125.8499984741211,127.3499984741211,3168020
2020-07-07,2020-07-07T00:00:00Z,126.9000015258789,127.05000305175781,125.69999694824219,126.75,2762260
2020-07-08,2020-07-08T00:00:00Z,126.19999694824219,128.3000030517578,125.75,126.55000305175781,2877868
2020-07-09,2020-07-09T00:00:00Z,127.5,127.69999694824219,125.25,125.5999984741211,2585352
2020-07-10,2020-07-10T00:00:00Z,125.19999694824219,126.75,124.94999694824219,126.55000305175781,2579548
2020-07-13,2020-07-13T00:00:00Z,127.75,129.25,126.9000015258789,128.85000610351562,3579000
2020-07-14,2020-07-14T00:00:00Z,127.80000305175781,128.60000610351562,126.5999984741211,127.69999694824219,3217472
2020-07-15,2020-07-15T00:00:00Z,128.75,130.10000610351562,127.5999984741211,129.89999389648438,3429812
2020-07-16,2020-07-16T00:00:00Z,129.5,129.5500030517578,128.0500030517578,128.85000610351562,3584964
2020-07-17,2020-07-17T00:00:00Z,130.25,130.60000610351562,128.89999389648438,129.6999969482422,3063992
2020-07-20,2020-07-20T00:00:00Z,130.10000610351562,131.64999389648438,129.8000030517578,131.3000030517578,3002916
2020-07-21,2020-07-21T00:00:00Z,131.75,133.0,131.14999389648438,131.35000610351562,4037532
2020-07-22,2020-07-22T00:00:00Z,132.5,132.75,131.0,132.75,3256916
2020-07-23,2020-07-23T00:00:00Z,133.25,134.4499969482422,132.60000610351562,133.1999969482422,3169608
2020-07-24,2020-07-24T00:00:00Z,132.0,132.3000030517578,130.14999389648438,130.6999969482422,3454012
2020-07-27,2020-07-27T00:00:00Z,130.6999969482422,131.9499969482422,130.35000610351562,131.35000610351562,1978008
2020-07-28,2020-07-28T00:00:00Z,131.3000030517578,131.85000610351562,129.89999389648438,130.6999969482422,2615988
2020-07-29,2020-07-29T00:00:00Z,130.75,131.64999389648438,130.25,131.60000610351562,2521560
2020-07-30,2020-07-30T00:00:00Z,131.60000610351562,131.60000610351562,127.6500015258789,128.5500030517578,3515968
2020-07-31,2020-07-31T00:00:00Z,128.6999969482422,130.75,128.6999969482422,129.14999389648438,3345940
2020-08-03,2020-08-03T00:00:00Z,129.3000030517578,133.6999969482422,128.85000610351562,133.39999389648438,3569084
2020-08-04,2020-08-04T00:00:00Z,133.75,134.35000610351562,131.0,131.3000030517578,3382652
2020-08-05,2020-08-05T00:00:00Z,132.0,133.25,132.0,133.0500030517578,2673200
2020-08-06,2020-08-06T00:00:00Z,133.0500030517578,134.0,131.75,132.5,2200348
2020-08-07,2020-08-07T00:00:00Z,132.39999389648438,133.89999389648438,132.14999389648438,133.39999389648438,2421384
2020-08-10,2020-08-10T00:00:00Z,134.0,134.60000610351562,133.0,133.3000030517578,2166588
2020-08-11,2020-08-11T00:00:00Z,134.4499969482422,136.75,134.1999969482422,135.64999389648438,4267264
2020-08-12,2020-08-12T00:00:00Z,135.5,136.64999389648438,134.5500030517578,136.1999969482422,4006248
2020-08-13,2020-08-13T00:00:00Z,135.8000030517578,136.64999389648438,135.4499969482422,135.60000610351562,2356792
2020-08-14,2020-08-14T00:00:00Z,135.5,135.5500030517578,132.75,134.0500030517578,3605176
2020-08-17,2020-08-17T00:00:00Z,134.0500030517578,136.10000610351562,134.0500030517578,136.10000610351562,2775484
2020-08-18,2020-08-18T00:00:00Z,135.64999389648438,136.64999389648438,134.10000610351562,136.0,3735952
2020-08-19,2020-08-19T00:00:00Z,136.0500030517578,138.0,135.5,137.5,2593260
2020-08-20,2020-08-20T00:00:00Z,136.64999389648438,137.4499969482422,135.89999389648438,137.0500030517578,4172592
2020-08-21,2020-08-21T00:00:00Z,137.5,138.10000610351562,136.10000610351562,137.4499969482422,3106852
2020-08-24,2020-08-24T00:00:00Z,138.4499969482422,140.8000030517578,138.4499969482422,139.25,3336028
2020-08-25,2020-08-25T00:00:00Z,139.85000610351562,140.9499969482422,139.0,139.0500030517578,2796560
2020-08-26,2020-08-26T00:00:00Z,139.0500030517578,140.75,138.75,140.75,2658592
2020-08-27,2020-08-27T00:00:00Z,140.75,141.35000610351562,140.10000610351562,140.25,2571644
2020-08-28,2020-08-28T00:00:00Z,140.75,140.89999389648438,137.75,138.0500030517578,2962068
2020-08-31,2020-08-31T00:00:00Z,138.5,139.8000030517578,137.4499969482422,137.85000610351562,4269288
2020-09-01,2020-09-01T00:00:00Z,138.5,139.14999389648438,137.39999389648438,138.6999969482422,3234456
2020-09-02,2020-09-02T00:00:00Z,139.25,141.89999389648438,139.25,140.35000610351562,3664488
2020-09-03,2020-09-03T00:00:00Z,142.10000610351562,142.64999389648438,138.0,138.5,4444028
2020-09-04,2020-09-04T00:00:00Z,137.89999389648438,140.14999389648438,136.60000610351562,137.3000030517578,3375512
2020-09-07,2020-09-07T00:00:00Z,138.1999969482422,140.4499969482422,138.1999969482422,140.39999389648438,2581728
2020-09-08,2020-09-08T00:00:00Z,140.60000610351562,140.60000610351562,138.6999969482422,139.35000610351562,3427392
2020-09-09,2020-09-09T00:00:00Z,139.0,143.5500030517578,139.0,143.14999389648438,3695880
2020-09-10,2020-09-10T00:00:00Z,143.14999389648438,143.25,141.4499969482422,142.1999969482422,3324232
2020-09-11,2020-09-11T00:00:00Z,142.1999969482422,142.6999969482422,141.35000610351562,141.9499969482422,3748780
2020-09-14,2020-09-14T00:00:00Z,142.5,143.3000030517578,141.60000610351562,142.3000030517578,2425672
2020-09-15,2020-09-15T00:00:00Z,142.25,143.6999969482422,141.5,143.0,3559060
2020-09-16,2020-09-16T00:00:00Z,143.0,145.39999389648438,142.75,145.35000610351562,3559884
2020-09-17,2020-09-17T00:00:00Z,143.85000610351562,144.8000030517578,143.14999389648438,143.9499969482422,3296444
2020-09-18,2020-09-18T00:00:00Z,144.0,146.4499969482422,144.0,146.14999389648438,6726032
2020-09-21,2020-09-21T00:00:00Z,145.75,145.75,140.8000030517578,140.8000030517578,5985048
2020-09-22,2020-09-22T00:00:00Z,141.39999389648438,143.60000610351562,140.64999389648438,141.3000030517578,3962212
2020-09-23,2020-09-23T00:00:00Z,142.14999389648438,144.14999389648438,141.89999389648438,141.9499969482422,3077816
2020-09-24,2020-09-24T00:00:00Z,140.8000030517578,142.85000610351562,139.6999969482422,141.5,3785984
2020-09-25,2020-09-25T00:00:00Z,141.75,143.64999389648438,141.39999389648438,143.1999969482422,2880652
2020-09-28,2020-09-28T00:00:00Z,144.8000030517578,147.60000610351562,144.1999969482422,147.35000610351562,4426288
2020-09-29,2020-09-29T00:00:00Z,147.10000610351562,147.85000610351562,146.35000610351562,147.10000610351562,2962596
2020-09-30,2020-09-30T00:00:00Z,146.5,147.60000610351562,145.8000030517578,146.75,3768060
2020-10-01,2020-10-01T00:00:00Z,146.6999969482422,147.0500030517578,144.75,144.75,3783716
2020-10-02,2020-10-02T00:00:00Z,144.14999389648438,144.14999389648438,141.14999389648438,143.39999389648438,4131280
2020-10-05,2020-10-05T00:00:00Z,144.1999969482422,145.5,143.60000610351562,144.9499969482422,3224760
2020-10-06,2020-10-06T00:00:00Z,145.0,145.3000030517578,142.60000610351562,143.1999969482422,3774876
2020-10-07,2020-10-07T00:00:00Z,142.64999389648438,144.25,141.89999389648438,142.5,2755572
2020-10-08,2020-10-08T00:00:00Z,142.85000610351562,143.1999969482422,140.6999969482422,142.0,3117700
2020-10-09,2020-10-09T00:00:00Z,142.0,142.8000030517578,141.10000610351562,141.5,2319632
2020-10-12,2020-10-12T00:00:00Z,141.5,143.35000610351562,141.25,142.89999389648438,3086332
2020-10-13,2020-10-13T00:00:00Z,143.0500030517578,143.0500030517578,140.6999969482422,141.4499969482422,2902724
2020-10-14,2020-10-14T00:00:00Z,141.3000030517578,142.4499969482422,140.6999969482422,141.6999969482422,2496748
2020-10-15,2020-10-15T00:00:00Z,140.1999969482422,140.1999969482422,138.25,139.1999969482422,3604708
2020-10-16,2020-10-16T00:00:00Z,139.6999969482422,142.5500030517578,139.5500030517578,141.89999389648438,3717076
2020-10-19,2020-10-19T00:00:00Z,141.89999389648438,143.25,141.4499969482422,141.75,2138716
2020-10-20,2020-10-20T00:00:00Z,142.25,144.3000030517578,141.5,141.6999969482422,3278768
2020-10-21,2020-10-21T00:00:00Z,142.5,142.75,138.6999969482422,139.3000030517578,3647556
2020-10-22,2020-10-22T00:00:00Z,139.0,140.89999389648438,137.35000610351562,140.6999969482422,3162256
2020-10-23,2020-10-23T00:00:00Z,141.1999969482422,142.3000030517578,140.64999389648438,141.39999389648438,2052940
2020-10-26,2020-10-26T00:00:00Z,140.1999969482422,140.75,137.5,137.64999389648438,3191516
2020-10-27,2020-10-27T00:00:00Z,137.75,138.25,135.89999389648438,136.89999389648438,3232180
2020-10-28,2020-10-28T00:00:00Z,135.0,135.39999389648438,132.5,133.89999389648438,5493888
2020-10-29,2020-10-29T00:00:00Z,133.14999389648438,135.89999389648438,133.14999389648438,133.85000610351562,4127944
2020-10-30,2020-10-30T00:00:00Z,133.10000610351562,134.0,132.35000610351562,133.60000610351562,2471172
2020-11-02,2020-11-02T00:00:00Z,134.60000610351562,136.14999389648438,133.5500030517578,135.39999389648438,4481352
2020-11-03,2020-11-03T00:00:00Z,136.10000610351562,138.5,136.0,138.35000610351562,4151880
2020-11-04,2020-11-04T00:00:00Z,137.5,142.14999389648438,136.3000030517578,141.6999969482422,4412524
2020-11-05,2020-11-05T00:00:00Z,143.0,145.10000610351562,142.85000610351562,143.35000610351562,3903312
2020-11-06,2020-11-06T00:00:00Z,143.1999969482422,144.64999389648438,142.25,143.64999389648438,2828896
2020-11-09,2020-11-09T00:00:00Z,146.25,149.9499969482422,145.35000610351562,148.3000030517578,6436436
2020-11-10,2020-11-10T00:00:00Z,148.60000610351562,149.25,146.75,147.39999389648438,4526100
2020-11-11,2020-11-11T00:00:00Z,147.39999389648438,149.9499969482422,147.35000610351562,149.5500030517578,3767672
2020-11-12,2020-11-12T00:00:00Z,148.5,149.5,147.6999969482422,148.35000610351562,3663092
2020-11-13,2020-11-13T00:00:00Z,148.25,148.89999389648438,147.39999389648438,148.5500030517578,3785212
2020-11-16,2020-11-16T00:00:00Z,149.0,149.3000030517578,147.75,148.5,3461736
2020-11-17,2020-11-17T00:00:00Z,148.39999389648438,149.60000610351562,147.75,149.0500030517578,4014080
2020-11-18,2020-11-18T00:00:00Z,148.75,151.14999389648438,147.89999389648438,150.10000610351562,3533676
2020-11-19,2020-11-19T00:00:00Z,148.5,149.9499969482422,148.5,149.5,3382004
2020-11-20,2020-11-20T00:00:00Z,149.14999389648438,150.5,149.10000610351562,149.75,2965060
2020-11-23,2020-11-23T00:00:00Z,149.89999389648438,150.89999389648438,148.5500030517578,148.5500030517578,2687052
2020-11-24,2020-11-24T00:00:00Z,149.5,149.85000610351562,147.5500030517578,149.25,2777972
2020-11-25,2020-11-25T00:00:00Z,149.85000610351562,150.35000610351562,148.39999389648438,148.75,3179792
2020-11-26,2020-11-26T00:00:00Z,149.3000030517578,149.89999389648438,148.64999389648438,149.4499969482422,1791056
2020-11-27,2020-11-27T00:00:00Z,148.8000030517578,149.85000610351562,148.3000030517578,148.75,2380036
2020-11-30,2020-11-30T00:00:00Z,148.25,148.89999389648438,146.85000610351562,148.39999389648438,5799508
2020-12-01,2020-12-01T00:00:00Z,148.5500030517578,148.6999969482422,146.5500030517578,148.0500030517578,3007316
2020-12-02,2020-12-02T00:00:00Z,147.89999389648438,149.0500030517578,147.3000030517578,148.60000610351562,2471168
2020-12-03,2020-12-03T00:00:00Z,148.60000610351562,148.9499969482422,147.3000030517578,147.4499969482422,2113336
2020-12-04,2020-12-04T00:00:00Z,147.64999389648438,148.35000610351562,147.10000610351562,147.85000610351562,1590684
2020-12-07,2020-12-07T00:00:00Z,147.9499969482422,148.25,146.5,147.6999969482422,2498968
2020-12-08,2020-12-08T00:00:00Z,147.6999969482422,149.4499969482422,146.9499969482422,149.4499969482422,3427252
2020-12-09,2020-12-09T00:00:00Z,149.60000610351562,149.85000610351562,148.0,148.14999389648438,2568888
2020-12-10,2020-12-10T00:00:00Z,148.14999389648438,148.89999389648438,145.64999389648438,147.35000610351562,3656924
2020-12-11,2020-12-11T00:00:00Z,146.85000610351562,147.0,144.89999389648438,146.39999389648438,3372852
2020-12-14,2020-12-14T00:00:00Z,147.5,148.14999389648438,146.4499969482422,146.8000030517578,2951176
2020-12-15,2020-12-15T00:00:00Z,146.75,148.3000030517578,145.9499969482422,147.0,3037264
2020-12-16,2020-12-16T00:00:00Z,147.5500030517578,148.1999969482422,145.64999389648438,146.89999389648438,3299752
2020-12-17,2020-12-17T00:00:00Z,147.39999389648438,149.0,147.25,148.4499969482422,3466336
2020-12-18,2020-12-18T00:00:00Z,148.4499969482422,149.5500030517578,147.35000610351562,147.39999389648438,4623980
2020-12-21,2020-12-21T00:00:00Z,146.5,146.5,143.4499969482422,144.0500030517578,3924332
2020-12-22,2020-12-22T00:00:00Z,144.3000030517578,145.6999969482422,144.3000030517578,145.3000030517578,2414684
2020-12-23,2020-12-23T00:00:00Z,145.6999969482422,146.25,145.0500030517578,146.0,1846416
2020-12-28,2020-12-28T00:00:00Z,146.9499969482422,149.0,146.5,148.6999969482422,2080372
2020-12-29,2020-12-29T00:00:00Z,149.25,151.10000610351562,149.0,150.35000610351562,2572436
2020-12-30,2020-12-30T00:00:00Z,150.5,150.85000610351562,149.8000030517578,149.8000030517578,2704920
2021-01-04,2021-01-04T00:00:00Z,150.6999969482422,153.5,150.6999969482422,152.5,3109640
2021-01-05,2021-01-05T00:00:00Z,151.9499969482422,152.60000610351562,150.0500030517578,150.0500030517578,1778668
2021-01-07,2021-01-07T00:00:00Z,152.4499969482422,153.14999389648438,150.5500030517578,152.85000610351562,4379888
2021-01-08,2021-01-08T00:00:00Z,153.3000030517578,156.4499969482422,152.85000610351562,155.25,3682516
2021-01-11,2021-01-11T00:00:00Z,155.25,156.39999389648438,153.35000610351562,153.4499969482422,3057460
2021-01-12,2021-01-12T00:00:00Z,153.5,155.64999389648438,153.35000610351562,153.9499969482422,2836224
2021-01-13,2021-01-13T00:00:00Z,154.0,154.1999969482422,153.0500030517578,153.85000610351562,3232372
2021-01-14,2021-01-14T00:00:00Z,153.9499969482422,155.5500030517578,153.4499969482422,155.25,2491432
2021-01-15,2021-01-15T00:00:00Z,155.0500030517578,156.0,154.39999389648438,154.8000030517578,4273176
2021-01-18,2021-01-18T00:00:00Z,154.5,155.85000610351562,154.0500030517578,155.5500030517578,2177024
2021-01-19,2021-01-19T00:00:00Z,156.39999389648438,156.8000030517578,154.8000030517578,155.0,3298088
2021-01-20,2021-01-20T00:00:00Z,155.5,156.39999389648438,155.39999389648438,156.0,5689192
2021-01-21,2021-01-21T00:00:00Z,156.5,158.6999969482422,155.5500030517578,156.8000030517578,6762164
2021-01-22,2021-01-22T00:00:00Z,157.0,157.14999389648438,155.25,156.25,5379300
2021-01-25,2021-01-25T00:00:00Z,157.5,157.9499969482422,154.75,155.89999389648438,4568332
2021-01-26,2021-01-26T00:00:00Z,155.89999389648438,159.8000030517578,155.89999389648438,159.1999969482422,4214436
2021-01-27,2021-01-27T00:00:00Z,159.25,159.39999389648438,156.8000030517578,157.64999389648438,4547888
2021-01-28,2021-01-28T00:00:00Z,156.75,157.0,153.0500030517578,155.5500030517578,5145848
2021-01-29,2021-01-29T00:00:00Z,153.64999389648438,155.10000610351562,152.5500030517578,153.60000610351562,4846028
2021-02-01,2021-02-01T00:00:00Z,154.25,158.6999969482422,154.0,158.60000610351562,3309780
2021-02-02,2021-02-02T00:00:00Z,159.25,161.3000030517578,158.85000610351562,160.5500030517578,3894608
2021-02-03,2021-02-03T00:00:00Z,161.1999969482422,161.6999969482422,159.39999389648438,159.75,2672616
2021-02-04,2021-02-04T00:00:00Z,159.85000610351562,161.5,159.3000030517578,160.3000030517578,3838044
2021-02-05,2021-02-05T00:00:00Z,160.5500030517578,161.10000610351562,159.0,159.0,2757056
2021-02-08,2021-02-08T00:00:00Z,160.10000610351562,160.5500030517578,158.75,158.8000030517578,2408816
2021-02-09,2021-02-09T00:00:00Z,159.0500030517578,159.5,157.75,159.35000610351562,2138900
2021-02-10,2021-02-10T00:00:00Z,159.5500030517578,160.10000610351562,158.0500030517578,158.9499969482422,2877304
2021-02-11,2021-02-11T00:00:00Z,159.5,162.10000610351562,159.4499969482422,162.0500030517578,2920828
2021-02-12,2021-02-12T00:00:00Z,162.0,163.25,161.14999389648438,162.6999969482422,2631976
2021-02-15,2021-02-15T00:00:00Z,163.5500030517578,164.0500030517578,162.5,162.6999969482422,2150104
2021-02-16,2021-02-16T00:00:00Z,162.6999969482422,162.8000030517578,161.39999389648438,161.39999389648438,2608036
2021-02-17,2021-02-17T00:00:00Z,161.0500030517578,161.35000610351562,157.8000030517578,158.5500030517578,4222316
2021-02-18,2021-02-18T00:00:00Z,158.4499969482422,159.35000610351562,156.85000610351562,157.75,3274336
2021-02-19,2021-02-19T00:00:00Z,157.89999389648438,158.5500030517578,157.3000030517578,158.5,3108520
2021-02-22,2021-02-22T00:00:00Z,158.5,158.5500030517578,156.25,157.14999389648438,3167056
2021-02-23,2021-02-23T00:00:00Z,157.64999389648438,157.85000610351562,154.5,156.9499969482422,3390156
2021-02-24,2021-02-24T00:00:00Z,156.89999389648438,158.35000610351562,156.25,158.10000610351562,3023496
2021-02-25,2021-02-25T00:00:00Z,158.75,159.3000030517578,157.25,158.35000610351562,2738040
2021-02-26,2021-02-26T00:00:00Z,155.60000610351562,157.85000610351562,155.0,156.1999969482422,2503620
2021-03-01,2021-03-01T00:00:00Z,157.5,160.89999389648438,157.25,160.64999389648438,2700116
2021-03-02,2021-03-02T00:00:00Z,160.64999389648438,162.10000610351562,160.0,161.8000030517578,2730152
2021-03-03,2021-03-03T00:00:00Z,162.25,162.75,159.85000610351562,161.25,2288768
2021-03-04,2021-03-04T00:00:00Z,160.14999389648438,162.6999969482422,159.89999389648438,162.39999389648438,2680736
2021-03-05,2021-03-05T00:00:00Z,161.75,162.39999389648438,160.5500030517578,160.6999969482422,2533792
2021-03-08,2021-03-08T00:00:00Z,161.85000610351562,165.75,161.35000610351562,165.5500030517578,4036564
2021-03-09,2021-03-09T00:00:00Z,165.35000610351562,166.60000610351562,163.64999389648438,166.5,3995564
2021-03-10,2021-03-10T00:00:00Z,166.5,168.14999389648438,165.60000610351562,167.6999969482422,3252368
2021-03-11,2021-03-11T00:00:00Z,168.0,171.10000610351562,167.9499969482422,170.89999389648438,3690400
2021-03-12,2021-03-12T00:00:00Z,170.35000610351562,170.8000030517578,168.5,170.8000030517578,4052116
2021-03-15,2021-03-15T00:00:00Z,170.75,171.5500030517578,168.9499969482422,169.35000610351562,2948540
2021-03-16,2021-03-16T00:00:00Z,169.75,171.4499969482422,169.75,171.25,3867996
2021-03-17,2021-03-17T00:00:00Z,171.25,171.35000610351562,170.0,170.89999389648438,3831200
2021-03-18,2021-03-18T00:00:00Z,171.35000610351562,171.5500030517578,169.25,169.39999389648438,4557396
2021-03-19,2021-03-19T00:00:00Z,169.39999389648438,170.35000610351562,168.14999389648438,168.3000030517578,7126312
2021-03-22,2021-03-22T00:00:00Z,167.9499969482422,170.64999389648438,167.0,170.0,3257320
2021-03-23,2021-03-23T00:00:00Z,169.85000610351562,170.85000610351562,168.75,170.35000610351562,3323484
2021-03-24,2021-03-24T00:00:00Z,169.39999389648438,171.89999389648438,169.14999389648438,171.10000610351562,3417948
2021-03-25,2021-03-25T00:00:00Z,170.85000610351562,172.5,170.39999389648438,171.5500030517578,3898884
2021-03-26,2021-03-26T00:00:00Z,172.0,173.85000610351562,171.1999969482422,173.5,3336400
2021-03-29,2021-03-29T00:00:00Z,173.5,174.5,171.14999389648438,171.25,4345116
2021-03-30,2021-03-30T00:00:00Z,172.5,174.3000030517578,172.3000030517578,174.14999389648438,2967356
2021-03-31,2021-03-31T00:00:00Z,174.14999389648438,175.3000030517578,173.64999389648438,174.10000610351562,4355396
2021-04-01,2021-04-01T00:00:00Z,175.02499389648438,176.0749969482422,174.10000610351562,175.89999389648438,1924260
2021-04-06,2021-04-06T00:00:00Z,177.5,177.875,175.89999389648438,177.27499389648438,4104244
2021-04-07,2021-04-07T00:00:00Z,177.4499969482422,177.72500610351562,175.47500610351562,177.39999389648438,3215044
2021-04-08,2021-04-08T00:00:00Z,177.39999389648438,178.77499389648438,176.60000610351562,176.875,3897440
2021-04-09,2021-04-09T00:00:00Z,177.0,178.75,176.25,178.6750030517578,3235100
2021-04-12,2021-04-12T00:00:00Z,178.6750030517578,178.75,177.60000610351562,178.1999969482422,2592152
2021-04-13,2021-04-13T00:00:00Z,178.25,180.5,177.4499969482422,180.3000030517578,4069320
2021-04-14,2021-04-14T00:00:00Z,180.60000610351562,180.60000610351562,178.47500610351562,178.97500610351562,4161172
2021-04-15,2021-04-15T00:00:00Z,178.9499969482422,180.875,178.77499389648438,179.8249969482422,3274428
2021-04-16,2021-04-16T00:00:00Z,180.0,182.77499389648438,179.375,182.77499389648438,4263836
2021-04-19,2021-04-19T00:00:00Z,182.77499389648438,184.1999969482422,181.8000030517578,181.97500610351562,3332520
2021-04-20,2021-04-20T00:00:00Z,181.97500610351562,182.1750030517578,176.47500610351562,177.375,4824648
2021-04-21,2021-04-21T00:00:00Z,177.5,180.3000030517578,177.5,179.0,4111032
2021-04-22,2021-04-22T00:00:00Z,179.25,179.5,177.5749969482422,178.0,4430792
2021-04-23,2021-04-23T00:00:00Z,177.5500030517578,178.52499389648438,177.14999389648438,178.52499389648438,2917452
2021-04-26,2021-04-26T00:00:00Z,178.52499389648438,179.89999389648438,178.4250030517578,179.0,2937628
2021-04-27,2021-04-27T00:00:00Z,179.0,180.125,178.27499389648438,180.0749969482422,4880184
2021-04-28,2021-04-28T00:00:00Z,180.875,181.0,178.3249969482422,180.0,3748456
2021-04-29,2021-04-29T00:00:00Z,180.5,181.97500610351562,180.0749969482422,180.85000610351562,3315708
2021-04-30,2021-04-30T00:00:00Z,181.22500610351562,181.47500610351562,179.35000610351562,179.72500610351562,2154004
2021-05-03,2021-05-03T00:00:00Z,179.875,181.8000030517578,179.10000610351562,181.14999389648438,2920864
2021-05-04,2021-05-04T00:00:00Z,181.14999389648438,181.35000610351562,177.22500610351562,177.4250030517578,3982612
2021-05-05,2021-05-05T00:00:00Z,177.9499969482422,183.0,177.9499969482422,182.9250030517578,3842352
2021-05-06,2021-05-06T00:00:00Z,181.10000610351562,181.60000610351562,179.22500610351562,181.35000610351562,5254728
2021-05-07,2021-05-07T00:00:00Z,183.10000610351562,183.125,181.5,181.6999969482422,3196452
2021-05-10,2021-05-10T00:00:00Z,182.0,182.64999389648438,180.64999389648438,182.4499969482422,3177440
2021-05-11,2021-05-11T00:00:00Z,181.25,181.27499389648438,176.9250030517578,177.4250030517578,4541752
2021-05-12,2021-05-12T00:00:00Z,177.5,180.27499389648438,177.5,177.77499389648438,2020408
2021-05-14,2021-05-14T00:00:00Z,179.5749969482422,182.8000030517578,179.1750030517578,182.5,4692304
2021-05-17,2021-05-17T00:00:00Z,182.9250030517578,183.625,180.8249969482422,182.75,3413668
2021-05-18,2021-05-18T00:00:00Z,184.0749969482422,186.60000610351562,183.75,186.25,4790948
2021-05-19,2021-05-19T00:00:00Z,187.0,187.5,184.0,184.4600067138672,4996905
2021-05-20,2021-05-20T00:00:00Z,185.5,189.9199981689453,185.5,189.27999877929688,4583975
2021-05-21,2021-05-21T00:00:00Z,191.25,191.3000030517578,188.39999389648438,188.6999969482422,3284940
2021-05-24,2021-05-24T00:00:00Z,189.0,190.5,187.1999969482422,188.75,2735800
2021-05-25,2021-05-25T00:00:00Z,189.0,189.89999389648438,187.85000610351562,188.35000610351562,3616667
2021-05-26,2021-05-26T00:00:00Z,188.5,189.5,187.25,188.0,2750472
2021-05-27,2021-05-27T00:00:00Z,188.0,189.3000030517578,187.75,188.35000610351562,4732597
2021-05-28,2021-05-28T00:00:00Z,189.0,191.10000610351562,188.1999969482422,190.9499969482422,2634119
2021-05-31,2021-05-31T00:00:00Z,191.0,192.5,189.85000610351562,191.60000610351562,4674382
2021-06-01,2021-06-01T00:00:00Z,192.1999969482422,194.3000030517578,190.89999389648438,192.4499969482422,3400761
2021-06-02,2021-06-02T00:00:00Z,192.5,193.4499969482422,191.25,192.5,2843206
2021-06-03,2021-06-03T00:00:00Z,192.5500030517578,194.35000610351562,191.5,194.1999969482422,2641016
2021-06-04,2021-06-04T00:00:00Z,194.1999969482422,196.5500030517578,193.64999389648438,194.75,3011881
2021-06-07,2021-06-07T00:00:00Z,194.75,195.25,193.6999969482422,194.1999969482422,2270410
2021-06-08,2021-06-08T00:00:00Z,194.1999969482422,195.10000610351562,193.5,194.9499969482422,609722
2021-06-09,2021-06-09T00:00:00Z,194.1999969482422,195.6999969482422,193.5,194.9499969482422,2415073
2021-06-10,2021-06-10T00:00:00Z,195.0,195.89999389648438,193.85000610351562,194.85000610351562,2430821
2021-06-11,2021-06-11T00:00:00Z,195.0,196.25,193.64999389648438,195.89999389648438,2691517
2021-06-14,2021-06-14T00:00:00Z,196.0,197.6999969482422,194.5500030517578,195.8000030517578,2701465
2021-06-15,2021-06-15T00:00:00Z,196.0,196.4499969482422,195.0,195.64999389648438,2169386
2021-06-16,2021-06-16T00:00:00Z,195.6999969482422,197.39999389648438,195.1999969482422,196.5,4575721
2021-06-17,2021-06-17T00:00:00Z,196.14999389648438,196.25,194.14999389648438,195.35000610351562,2867736
2021-06-18,2021-06-18T00:00:00Z,195.35000610351562,198.4499969482422,194.5500030517578,194.9499969482422,4400287
2021-06-21,2021-06-21T00:00:00Z,193.5500030517578,197.4499969482422,193.0500030517578,196.5,2801231
2021-06-22,2021-06-22T00:00:00Z,197.35000610351562,198.0,196.0,197.1999969482422,2541805
2021-06-23,2021-06-23T00:00:00Z,197.1999969482422,197.9499969482422,194.1999969482422,194.1999969482422,2903426
2021-06-24,2021-06-24T00:00:00Z,195.0500030517578,197.4499969482422,194.60000610351562,197.10000610351562,2407607
2021-06-28,2021-06-28T00:00:00Z,197.10000610351562,198.35000610351562,196.0,196.5,2458627
2021-06-29,2021-06-29T00:00:00Z,196.9499969482422,199.5,196.60000610351562,198.8000030517578,2564404
2021-06-30,2021-06-30T00:00:00Z,198.8000030517578,200.60000610351562,197.10000610351562,197.25,3908668
2021-07-01,2021-07-01T00:00:00Z,198.14999389648438,199.10000610351562,196.64999389648438,198.64999389648438,2637722
2021-07-02,2021-07-02T00:00:00Z,199.0,201.0,199.0,199.89999389648438,2566368
2021-07-05,2021-07-05T00:00:00Z,200.0,201.60000610351562,198.35000610351562,201.3000030517578,1575238
2021-07-06,2021-07-06T00:00:00Z,201.39999389648438,203.10000610351562,200.3000030517578,200.89999389648438,3367613
2021-07-07,2021-07-07T00:00:00Z,202.1999969482422,206.0,202.0,205.89999389648438,2720563
2021-07-08,2021-07-08T00:00:00Z,205.5,205.8000030517578,201.3000030517578,202.39999389648438,2907392
2021-07-09,2021-07-09T00:00:00Z,203.39999389648438,205.3000030517578,202.5,205.1999969482422,1904679
2021-07-12,2021-07-12T00:00:00Z,205.5,209.10000610351562,205.3000030517578,208.39999389648438,2177935
2021-07-13,2021-07-13T00:00:00Z,208.5,209.8000030517578,207.60000610351562,209.3000030517578,2283399
2021-07-14,2021-07-14T00:00:00Z,208.89999389648438,209.60000610351562,207.8000030517578,209.1999969482422,2213902
2021-07-15,2021-07-15T00:00:00Z,209.1999969482422,211.1999969482422,207.6999969482422,209.10000610351562,2513062
2021-07-16,2021-07-16T00:00:00Z,209.10000610351562,212.10000610351562,208.5,211.3000030517578,3101165
2021-07-19,2021-07-19T00:00:00Z,211.0,211.1999969482422,202.8000030517578,203.3000030517578,4347570
2021-07-20,2021-07-20T00:00:00Z,204.0,206.5,203.1999969482422,205.60000610351562,3325596
2021-07-21,2021-07-21T00:00:00Z,207.0,210.89999389648438,206.0,210.5,2573483
2021-07-22,2021-07-22T00:00:00Z,211.8000030517578,215.10000610351562,211.5,213.6999969482422,2485444
2021-07-23,2021-07-23T00:00:00Z,214.6999969482422,218.3000030517578,214.1999969482422,216.1999969482422,3281610
2021-07-26,2021-07-26T00:00:00Z,216.1999969482422,216.39999389648438,214.39999389648438,215.10000610351562,2400227
2021-07-27,2021-07-27T00:00:00Z,212.60000610351562,214.5,210.0,213.60000610351562,3142715
2021-07-28,2021-07-28T00:00:00Z,213.60000610351562,213.8000030517578,212.5,213.5,2269540
2021-07-29,2021-07-29T00:00:00Z,214.3000030517578,215.0,213.10000610351562,214.89999389648438,1960696
2021-07-30,2021-07-30T00:00:00Z,214.1999969482422,214.8000030517578,212.39999389648438,213.3000030517578,2946856
2021-08-02,2021-08-02T00:00:00Z,214.10000610351562,216.5,213.60000610351562,214.60000610351562,2256061
2021-08-03,2021-08-03T00:00:00Z,214.8000030517578,215.10000610351562,213.1999969482422,214.3000030517578,2192210
2021-08-04,2021-08-04T00:00:00Z,215.10000610351562,218.5,215.10000610351562,218.0,2364025
2021-08-05,2021-08-05T00:00:00Z,218.10000610351562,221.60000610351562,218.0,218.5,2583911
2021-08-06,2021-08-06T00:00:00Z,218.60000610351562,219.10000610351562,215.5,215.5,2413528
2021-08-09,2021-08-09T00:00:00Z,215.3000030517578,216.6999969482422,214.3000030517578,216.1999969482422,2603564
2021-08-10,2021-08-10T00:00:00Z,216.1999969482422,218.39999389648438,215.8000030517578,217.5,2273981
2021-08-11,2021-08-11T00:00:00Z,218.0,219.3000030517578,217.1999969482422,218.39999389648438,2075513
2021-08-12,2021-08-12T00:00:00Z,218.6999969482422,219.0,216.89999389648438,218.0,2089671
2021-08-13,2021-08-13T00:00:00Z,218.0,219.10000610351562,217.6999969482422,218.0,2410044
2021-08-16,2021-08-16T00:00:00Z,216.39999389648438,216.39999389648438,207.89999389648438,209.1999969482422,5581374
2021-08-17,2021-08-17T00:00:00Z,208.5,213.39999389648438,207.0,213.39999389648438,5031563
2021-08-18,2021-08-18T00:00:00Z,213.39999389648438,213.89999389648438,208.14999389648438,209.89999389648438,3397288
2021-08-19,2021-08-19T00:00:00Z,206.60000610351562,207.5,202.5,206.89999389648438,4380054
2021-08-20,2021-08-20T00:00:00Z,206.6999969482422,209.39999389648438,203.5,208.3000030517578,3742244
2021-08-23,2021-08-23T00:00:00Z,210.0,211.39999389648438,207.10000610351562,208.8000030517578,2507586
2021-08-24,2021-08-24T00:00:00Z,209.3000030517578,210.1999969482422,205.3000030517578,206.89999389648438,1988369
2021-08-25,2021-08-25T00:00:00Z,206.89999389648438,206.89999389648438,204.0,204.8000030517578,2094957
2021-08-26,2021-08-26T00:00:00Z,204.10000610351562,205.5,203.0,205.1999969482422,2416960
2021-08-27,2021-08-27T00:00:00Z,205.0,205.0,203.60000610351562,204.6999969482422,1869455
2021-08-30,2021-08-30T00:00:00Z,204.8000030517578,208.10000610351562,204.10000610351562,206.6999969482422,2382751
2021-08-31,2021-08-31T00:00:00Z,207.10000610351562,208.0,205.89999389648438,206.39999389648438,4780338
2021-09-01,2021-09-01T00:00:00Z,207.8000030517578,208.89999389648438,207.10000610351562,208.1999969482422,2300992
2021-09-02,2021-09-02T00:00:00Z,208.5,211.1999969482422,208.5,209.10000610351562,2734416
2021-09-03,2021-09-03T00:00:00Z,209.10000610351562,210.1999969482422,205.89999389648438,205.89999389648438,3102299
2021-09-06,2021-09-06T00:00:00Z,206.1999969482422,208.6999969482422,206.10000610351562,208.3000030517578,1676371
2021-09-07,2021-09-07T00:00:00Z,208.10000610351562,208.1999969482422,203.60000610351562,204.89999389648438,2779757
2021-09-08,2021-09-08T00:00:00Z,204.0,204.3000030517578,200.10000610351562,202.8000030517578,3937654
2021-09-09,2021-09-09T00:00:00Z,201.10000610351562,204.3000030517578,200.3000030517578,202.8000030517578,2778245
2021-09-10,2021-09-10T00:00:00Z,203.6999969482422,204.5,202.8000030517578,203.60000610351562,2527880
2021-09-13,2021-09-13T00:00:00Z,203.60000610351562,203.89999389648438,200.0,200.5,2724152
2021-09-14,2021-09-14T00:00:00Z,200.8000030517578,202.60000610351562,200.10000610351562,202.39999389648438,2808044
2021-09-15,2021-09-15T00:00:00Z,202.39999389648438,203.10000610351562,199.6199951171875,200.9499969482422,2678546
2021-09-16,2021-09-16T00:00:00Z,201.0,202.9499969482422,200.8000030517578,201.35000610351562,2133866
2021-09-17,2021-09-17T00:00:00Z,202.5,203.14999389648438,197.44000244140625,197.83999633789062,4726824
2021-09-20,2021-09-20T00:00:00Z,195.52000427246094,195.52000427246094,191.86000061035156,192.6999969482422,4303692
2021-09-21,2021-09-21T00:00:00Z,192.60000610351562,194.97999572753906,192.3000030517578,193.74000549316406,2974294
2021-09-22,2021-09-22T00:00:00Z,194.66000366210938,195.77999877929688,193.13999938964844,194.0,2513205
2021-09-23,2021-09-23T00:00:00Z,195.8800048828125,197.97999572753906,195.47999572753906,197.8000030517578,3149886
2021-09-24,2021-09-24T00:00:00Z,197.8000030517578,197.8000030517578,193.77999877929688,194.66000366210938,2737857
2021-09-27,2021-09-27T00:00:00Z,196.67999267578125,196.97999572753906,193.33999633789062,194.5399932861328,2738226
2021-09-28,2021-09-28T00:00:00Z,194.1999969482422,194.1999969482422,188.44000244140625,188.63999938964844,4223148
2021-09-29,2021-09-29T00:00:00Z,189.0,191.3000030517578,188.39999389648438,188.94000244140625,3253131
2021-09-30,2021-09-30T00:00:00Z,190.6999969482422,191.52000427246094,188.22000122070312,189.13999938964844,2870189
2021-10-01,2021-10-01T00:00:00Z,185.5399932861328,190.0,181.0,190.0,4049009
2021-10-04,2021-10-04T00:00:00Z,190.0,190.02000427246094,186.44000244140625,186.74000549316406,2712196
2021-10-05,2021-10-05T00:00:00Z,186.74000549316406,189.24000549316406,186.0,189.13999938964844,2622536
2021-10-06,2021-10-06T00:00:00Z,188.27999877929688,188.27999877929688,183.9199981689453,185.5,3874241
2021-10-07,2021-10-07T00:00:00Z,188.0,189.83999633789062,187.10000610351562,189.3800048828125,3424362
2021-10-08,2021-10-08T00:00:00Z,189.5,189.86000061035156,186.9600067138672,187.67999267578125,2503569
2021-10-11,2021-10-11T00:00:00Z,187.67999267578125,187.9600067138672,185.9199981689453,187.24000549316406,3016988
2021-10-12,2021-10-12T00:00:00Z,185.25999450683594,190.60000610351562,185.02000427246094,190.44000244140625,2578494
2021-10-13,2021-10-13T00:00:00Z,191.44000244140625,193.4600067138672,189.17999267578125,192.55999755859375,3928275
2021-10-14,2021-10-14T00:00:00Z,194.0,196.39999389648438,193.5399932861328,195.83999633789062,4099457
2021-10-15,2021-10-15T00:00:00Z,197.22000122070312,198.16000366210938,195.66000366210938,196.94000244140625,3907518
2021-10-18,2021-10-18T00:00:00Z,196.97999572753906,198.32000732421875,193.17999267578125,195.02000427246094,3145713
2021-10-19,2021-10-19T00:00:00Z,195.5,198.8000030517578,195.5,197.63999938964844,3396002
2021-10-20,2021-10-20T00:00:00Z,197.6999969482422,197.6999969482422,194.24000549316406,196.74000549316406,3690228
2021-10-21,2021-10-21T00:00:00Z,196.0399932861328,197.13999938964844,195.1199951171875,196.63999938964844,2853942
2021-10-22,2021-10-22T00:00:00Z,197.5,199.55999755859375,196.16000366210938,199.55999755859375,3015237
2021-10-25,2021-10-25T00:00:00Z,199.55999755859375,199.86000061035156,198.02000427246094,199.02000427246094,3032218
2021-10-26,2021-10-26T00:00:00Z,199.5,202.6999969482422,198.86000061035156,200.89999389648438,3111780
2021-10-27,2021-10-27T00:00:00Z,200.89999389648438,202.3000030517578,200.39999389648438,200.85000610351562,2498076
2021-10-28,2021-10-28T00:00:00Z,200.60000610351562,200.89999389648438,199.33999633789062,200.60000610351562,2832103
2021-10-29,2021-10-29T00:00:00Z,200.5,200.9499969482422,196.10000610351562,197.89999389648438,4115934
2021-11-01,2021-11-01T00:00:00Z,198.4600067138672,200.9499969482422,198.10000610351562,200.9499969482422,2410915
2021-11-02,2021-11-02T00:00:00Z,201.0,202.60000610351562,199.60000610351562,202.1999969482422,2157876
2021-11-03,2021-11-03T00:00:00Z,202.35000610351562,205.5500030517578,201.6999969482422,205.5500030517578,2205348
2021-11-04,2021-11-04T00:00:00Z,207.0,209.0500030517578,206.35000610351562,208.8000030517578,3134789
2021-11-05,2021-11-05T00:00:00Z,208.25,210.0,206.85000610351562,209.14999389648438,1696763
2021-11-08,2021-11-08T00:00:00Z,209.14999389648438,209.1999969482422,207.1999969482422,208.25,2850742
2021-11-09,2021-11-09T00:00:00Z,208.25,209.14999389648438,206.0,206.0500030517578,2625881
2021-11-10,2021-11-10T00:00:00Z,206.10000610351562,208.10000610351562,206.0,207.1999969482422,2128678
2021-11-11,2021-11-11T00:00:00Z,207.1999969482422,209.39999389648438,207.10000610351562,208.8000030517578,2613719
2021-11-12,2021-11-12T00:00:00Z,216.0,221.9499969482422,213.5,218.9499969482422,8420128
2021-11-15,2021-11-15T00:00:00Z,216.85000610351562,218.75,214.25,218.35000610351562,3921894
2021-11-16,2021-11-16T00:00:00Z,218.5,220.0500030517578,216.4499969482422,217.39999389648438,4523529
2021-11-17,2021-11-17T00:00:00Z,217.39999389648438,218.89999389648438,216.10000610351562,218.0,3107358
2021-11-18,2021-11-18T00:00:00Z,218.0,219.14999389648438,215.8000030517578,216.14999389648438,2812708
2021-11-19,2021-11-19T00:00:00Z,216.39999389648438,217.75,213.8000030517578,215.5,3513500
2021-11-22,2021-11-22T00:00:00Z,215.5,217.5,215.0500030517578,215.0500030517578,2923677
2021-11-23,2021-11-23T00:00:00Z,214.25,214.25,210.64999389648438,211.5,4116491
2021-11-24,2021-11-24T00:00:00Z,211.6999969482422,214.0,208.85000610351562,210.85000610351562,3746413
2021-11-25,2021-11-25T00:00:00Z,212.0,214.60000610351562,211.39999389648438,213.5500030517578,2928003
2021-11-26,2021-11-26T00:00:00Z,207.25,209.10000610351562,205.14999389648438,205.35000610351562,7083997
2021-11-29,2021-11-29T00:00:00Z,206.8000030517578,212.75,206.8000030517578,211.85000610351562,4686525
2021-11-30,2021-11-30T00:00:00Z,210.35000610351562,213.5,207.6999969482422,209.9499969482422,9783982
2021-12-01,2021-12-01T00:00:00Z,211.85000610351562,213.9499969482422,208.85000610351562,213.1999969482422,3185104
2021-12-02,2021-12-02T00:00:00Z,210.3000030517578,213.85000610351562,209.5500030517578,212.75,3268179
2021-12-03,2021-12-03T00:00:00Z,214.60000610351562,215.25,210.39999389648438,210.89999389648438,3273527
2021-12-06,2021-12-06T00:00:00Z,212.4499969482422,213.8000030517578,210.10000610351562,213.25,2837069
2021-12-07,2021-12-07T00:00:00Z,215.39999389648438,220.60000610351562,215.10000610351562,220.4499969482422,3933649
2021-12-08,2021-12-08T00:00:00Z,220.4499969482422,223.25,218.25,218.39999389648438,3926284
2021-12-09,2021-12-09T00:00:00Z,219.9499969482422,221.8000030517578,219.14999389648438,219.8000030517578,3166708
2021-12-10,2021-12-10T00:00:00Z,219.10000610351562,220.25,218.3000030517578,218.6999969482422,2421246
2021-12-13,2021-12-13T00:00:00Z,219.4499969482422,222.10000610351562,217.6999969482422,218.0,2582259
2021-12-14,2021-12-14T00:00:00Z,219.0,220.35000610351562,215.0,215.1999969482422,2729591
2021-12-15,2021-12-15T00:00:00Z,216.1999969482422,218.39999389648438,215.85000610351562,218.35000610351562,3499399
2021-12-16,2021-12-16T00:00:00Z,221.5500030517578,222.1999969482422,217.35000610351562,217.35000610351562,3750015
2021-12-17,2021-12-17T00:00:00Z,216.35000610351562,217.8000030517578,214.0500030517578,216.6999969482422,4523604
2021-12-20,2021-12-20T00:00:00Z,213.0,215.89999389648438,211.0,213.75,2510638
2021-12-21,2021-12-21T00:00:00Z,215.60000610351562,217.35000610351562,214.35000610351562,215.14999389648438,2655547
2021-12-22,2021-12-22T00:00:00Z,216.3000030517578,216.35000610351562,213.8000030517578,215.89999389648438,1874654
2021-12-23,2021-12-23T00:00:00Z,217.0,221.1999969482422,216.60000610351562,221.1999969482422,2259655
2021-12-27,2021-12-27T00:00:00Z,221.1999969482422,226.1999969482422,220.89999389648438,225.35000610351562,2254792
2021-12-28,2021-12-28T00:00:00Z,225.6999969482422,228.0500030517578,225.39999389648438,227.5500030517578,1987598
2021-12-29,2021-12-29T00:00:00Z,227.5500030517578,227.85000610351562,225.6999969482422,227.35000610351562,1588626
2021-12-30,2021-12-30T00:00:00Z,227.6999969482422,228.75,227.25,227.75,2024865
2022-01-03,2022-01-03T00:00:00Z,227.89999389648438,231.4499969482422,227.8000030517578,230.64999389648438,2576064
2022-01-04,2022-01-04T00:00:00Z,231.9499969482422,233.89999389648438,231.0500030517578,232.8000030517578,2393464
2022-01-05,2022-01-05T00:00:00Z,233.0,233.25,228.0,228.0,1873142
2022-01-07,2022-01-07T00:00:00Z,224.0,226.4499969482422,223.1999969482422,225.4499969482422,3213989
2022-01-10,2022-01-10T00:00:00Z,225.4499969482422,226.4499969482422,217.75,218.8000030517578,4240729
2022-01-11,2022-01-11T00:00:00Z,219.0,220.39999389648438,216.4499969482422,218.5500030517578,3941527
2022-01-12,2022-01-12T00:00:00Z,219.6999969482422,220.39999389648438,217.1999969482422,219.5,2867838
2022-01-13,2022-01-13T00:00:00Z,219.5,220.35000610351562,215.35000610351562,216.75,2991926
2022-01-14,2022-01-14T00:00:00Z,215.0,215.0,208.39999389648438,208.64999389648438,4498520
2022-01-17,2022-01-17T00:00:00Z,209.0,210.64999389648438,206.60000610351562,210.35000610351562,2604992
2022-01-18,2022-01-18T00:00:00Z,209.60000610351562,209.64999389648438,203.0500030517578,203.39999389648438,4428238
2022-01-19,2022-01-19T00:00:00Z,201.0,208.14999389648438,200.1999969482422,205.3000030517578,4504618
2022-01-20,2022-01-20T00:00:00Z,205.85000610351562,208.5500030517578,203.0500030517578,208.0,4016601
2022-01-21,2022-01-21T00:00:00Z,206.10000610351562,208.10000610351562,202.4499969482422,203.75,5077013
2022-01-24,2022-01-24T00:00:00Z,202.0,202.39999389648438,192.0800018310547,194.27999877929688,6474171
2022-01-25,2022-01-25T00:00:00Z,196.0,199.4600067138672,195.33999633789062,196.8000030517578,5524922
2022-01-26,2022-01-26T00:00:00Z,198.5,201.5500030517578,196.72000122070312,200.25,3842255
2022-01-27,2022-01-27T00:00:00Z,196.8000030517578,199.77999877929688,196.0399932861328,198.4199981689453,4505339
2022-01-28,2022-01-28T00:00:00Z,198.4199981689453,198.9600067138672,194.6999969482422,197.55999755859375,3489529
2022-01-31,2022-01-31T00:00:00Z,201.39999389648438,203.14999389648438,200.14999389648438,200.35000610351562,4217037
2022-02-01,2022-02-01T00:00:00Z,202.10000610351562,204.89999389648438,201.5500030517578,202.3000030517578,3681170
2022-02-02,2022-02-02T00:00:00Z,204.1999969482422,206.3000030517578,203.39999389648438,205.8000030517578,4112500
2022-02-03,2022-02-03T00:00:00Z,206.10000610351562,206.10000610351562,200.4499969482422,200.4499969482422,4119339
2022-02-04,2022-02-04T00:00:00Z,201.0,201.89999389648438,197.89999389648438,198.3000030517578,3984094
2022-02-07,2022-02-07T00:00:00Z,199.5399932861328,200.1999969482422,196.74000549316406,199.1999969482422,2999409
2022-02-08,2022-02-08T00:00:00Z,199.1999969482422,199.3000030517578,196.4199981689453,198.63999938964844,3050336
2022-02-09,2022-02-09T00:00:00Z,200.4499969482422,205.25,200.39999389648438,204.3000030517578,3171719
2022-02-10,2022-02-10T00:00:00Z,204.75,204.8000030517578,201.0,202.8000030517578,2847732
2022-02-11,2022-02-11T00:00:00Z,200.3000030517578,202.85000610351562,199.86000061035156,201.39999389648438,2761733
2022-02-14,2022-02-14T00:00:00Z,195.0,195.8000030517578,190.66000366210938,194.9600067138672,6712963
2022-02-15,2022-02-15T00:00:00Z,193.5399932861328,201.3000030517578,193.33999633789062,200.5500030517578,3646650
2022-02-16,2022-02-16T00:00:00Z,201.1999969482422,201.8000030517578,199.02000427246094,200.39999389648438,3526431
2022-02-17,2022-02-17T00:00:00Z,200.39999389648438,201.85000610351562,195.9199981689453,196.5399932861328,3697595
2022-02-18,2022-02-18T00:00:00Z,196.5,197.05999755859375,192.8800048828125,194.25999450683594,3836928
2022-02-21,2022-02-21T00:00:00Z,194.25999450683594,195.72000122070312,187.16000366210938,188.63999938964844,4296817
2022-02-22,2022-02-22T00:00:00Z,183.4600067138672,194.77999877929688,182.0,193.4600067138672,5309841
2022-02-23,2022-02-23T00:00:00Z,194.0,197.0800018310547,189.8800048828125,190.05999755859375,3699782
2022-02-24,2022-02-24T00:00:00Z,178.6199951171875,189.0,178.02000427246094,187.52000427246094,8044243
2022-02-25,2022-02-25T00:00:00Z,189.0,192.24000549316406,185.82000732421875,191.9199981689453,5328594
2022-02-28,2022-02-28T00:00:00Z,187.72000122070312,194.83999633789062,187.1199951171875,194.10000610351562,6783848
2022-03-01,2022-03-01T00:00:00Z,194.02000427246094,194.6199951171875,189.89999389648438,189.89999389648438,3326296
2022-03-02,2022-03-02T00:00:00Z,188.22000122070312,193.55999755859375,186.5399932861328,192.5800018310547,4231502
2022-03-03,2022-03-03T00:00:00Z,191.9600067138672,191.9600067138672,185.89999389648438,186.10000610351562,4447374
2022-03-04,2022-03-04T00:00:00Z,184.4600067138672,185.94000244140625,180.67999267578125,181.9199981689453,4834198
2022-03-07,2022-03-07T00:00:00Z,174.67999267578125,184.94000244140625,173.6999969482422,181.67999267578125,7530832
2022-03-08,2022-03-08T00:00:00Z,181.0,187.5,180.33999633789062,182.60000610351562,5280527
2022-03-09,2022-03-09T00:00:00Z,187.1999969482422,190.55999755859375,184.16000366210938,189.8800048828125,4428372
2022-03-10,2022-03-10T00:00:00Z,191.6999969482422,192.5,186.94000244140625,188.77999877929688,4958290
2022-03-11,2022-03-11T00:00:00Z,190.17999267578125,195.5399932861328,189.89999389648438,191.55999755859375,4339090
2022-03-14,2022-03-14T00:00:00Z,193.86000061035156,198.74000549316406,191.02000427246094,196.27999877929688,4267558
2022-03-15,2022-03-15T00:00:00Z,195.5,196.72000122070312,192.16000366210938,195.25999450683594,3230814
2022-03-16,2022-03-16T00:00:00Z,201.0,204.4499969482422,200.0,204.0,5516984
2022-03-17,2022-03-17T00:00:00Z,206.0,207.3000030517578,203.10000610351562,206.0,5420477
2022-03-18,2022-03-18T00:00:00Z,207.1999969482422,209.1999969482422,205.8000030517578,209.1999969482422,6320174
2022-03-21,2022-03-21T00:00:00Z,208.5500030517578,209.25,206.3000030517578,208.5,2621907
2022-03-22,2022-03-22T00:00:00Z,209.0,210.3000030517578,207.25,209.1999969482422,2638376
2022-03-23,2022-03-23T00:00:00Z,210.0500030517578,210.89999389648438,205.10000610351562,206.6999969482422,2219217
2022-03-24,2022-03-24T00:00:00Z,206.6999969482422,207.14999389648438,202.5,203.10000610351562,2465381
2022-03-25,2022-03-25T00:00:00Z,203.10000610351562,205.64999389648438,201.64999389648438,202.6999969482422,2481278
2022-03-28,2022-03-28T00:00:00Z,203.60000610351562,206.5,203.25,205.85000610351562,2305675
2022-03-29,2022-03-29T00:00:00Z,209.0,212.10000610351562,207.1999969482422,210.0500030517578,3107040
2022-03-30,2022-03-30T00:00:00Z,210.1999969482422,210.8000030517578,205.0,208.5,2749943
2022-03-31,2022-03-31T00:00:00Z,209.10000610351562,210.25,205.6999969482422,206.14999389648438,3003781
2022-04-01,2022-04-01T00:00:00Z,205.3000030517578,209.60000610351562,203.75,209.35000610351562,2906880
2022-04-04,2022-04-04T00:00:00Z,210.25,211.85000610351562,207.60000610351562,210.89999389648438,2738671
2022-04-05,2022-04-05T00:00:00Z,210.89999389648438,212.89999389648438,209.3000030517578,210.3000030517578,2837239
2022-04-06,2022-04-06T00:00:00Z,209.5,210.14999389648438,205.35000610351562,208.0500030517578,3897493
2022-04-07,2022-04-07T00:00:00Z,208.35000610351562,211.5500030517578,207.25,209.35000610351562,2811276
2022-04-08,2022-04-08T00:00:00Z,211.64999389648438,211.64999389648438,208.25,210.0,2843315
2022-04-11,2022-04-11T00:00:00Z,210.0,210.6999969482422,206.3000030517578,207.3000030517578,3409129
2022-04-12,2022-04-12T00:00:00Z,205.3000030517578,207.89999389648438,202.89999389648438,206.39999389648438,2815953
2022-04-13,2022-04-13T00:00:00Z,206.39999389648438,208.14999389648438,204.89999389648438,208.14999389648438,2575875
2022-04-14,2022-04-14T00:00:00Z,208.14999389648438,208.35000610351562,206.1999969482422,208.35000610351562,1183947
2022-04-19,2022-04-19T00:00:00Z,209.6999969482422,209.6999969482422,206.6999969482422,208.25,2864056
2022-04-20,2022-04-20T00:00:00Z,208.5500030517578,212.10000610351562,207.85000610351562,209.14999389648438,2554063
2022-04-21,2022-04-21T00:00:00Z,209.39999389648438,211.0500030517578,203.89999389648438,205.3000030517578,3835054
2022-04-22,2022-04-22T00:00:00Z,202.89999389648438,204.39999389648438,198.0,198.0,3512784
2022-04-25,2022-04-25T00:00:00Z,194.9600067138672,195.5399932861328,190.0399932861328,190.74000549316406,4056302
2022-04-26,2022-04-26T00:00:00Z,192.9199981689453,193.63999938964844,187.86000061035156,187.86000061035156,3642188
2022-04-27,2022-04-27T00:00:00Z,187.86000061035156,190.8800048828125,185.6999969482422,188.94000244140625,3156112
2022-04-28,2022-04-28T00:00:00Z,190.8000030517578,192.32000732421875,187.05999755859375,188.17999267578125,3452424
2022-04-29,2022-04-29T00:00:00Z,190.13999938964844,194.13999938964844,188.33999633789062,191.13999938964844,4018646
2022-05-02,2022-05-02T00:00:00Z,189.9199981689453,189.9199981689453,182.0,186.1199951171875,3618868
2022-05-03,2022-05-03T00:00:00Z,187.3000030517578,187.8000030517578,182.82000732421875,182.89999389648438,3615499
2022-05-04,2022-05-04T00:00:00Z,180.0,180.8000030517578,176.6199951171875,178.13999938964844,3848414
2022-05-05,2022-05-05T00:00:00Z,181.97999572753906,182.27999877929688,176.0,176.4600067138672,3345991
2022-05-06,2022-05-06T00:00:00Z,175.0,176.47999572753906,171.22000122070312,172.8000030517578,4979956
2022-05-09,2022-05-09T00:00:00Z,172.0,172.36000061035156,167.83999633789062,168.4600067138672,5138280
2022-05-10,2022-05-10T00:00:00Z,170.13999938964844,173.3000030517578,169.10000610351562,169.63999938964844,4809237
2022-05-11,2022-05-11T00:00:00Z,170.86000061035156,173.1199951171875,168.24000549316406,173.0800018310547,5588106
2022-05-12,2022-05-12T00:00:00Z,170.0399932861328,172.52000427246094,168.16000366210938,171.67999267578125,4836354
2022-05-13,2022-05-13T00:00:00Z,173.0,176.17999267578125,171.8000030517578,175.9199981689453,3368288
2022-05-16,2022-05-16T00:00:00Z,176.0,176.72000122070312,173.44000244140625,175.0,3290359
2022-05-17,2022-05-17T00:00:00Z,176.9199981689453,180.13999938964844,175.60000610351562,177.77999877929688,3319141
2022-05-18,2022-05-18T00:00:00Z,178.5,179.82000732421875,174.55999755859375,174.55999755859375,3272494
2022-05-19,2022-05-19T00:00:00Z,172.55999755859375,173.8800048828125,170.5399932861328,173.05999755859375,3474454
2022-05-20,2022-05-20T00:00:00Z,174.02000427246094,177.4199981689453,172.94000244140625,174.86000061035156,4536590
2022-05-23,2022-05-23T00:00:00Z,177.17999267578125,178.60000610351562,175.05999755859375,176.9199981689453,3362244
2022-05-24,2022-05-24T00:00:00Z,176.0,178.0800018310547,175.36000061035156,176.44000244140625,2682958
2022-05-25,2022-05-25T00:00:00Z,178.36000061035156,179.1999969482422,174.39999389648438,174.39999389648438,1821651
2022-05-27,2022-05-27T00:00:00Z,178.8800048828125,183.4199981689453,177.9600067138672,182.74000549316406,3424567
2022-05-30,2022-05-30T00:00:00Z,184.0,187.44000244140625,183.60000610351562,186.3000030517578,2622560
2022-05-31,2022-05-31T00:00:00Z,186.02000427246094,186.75999450683594,182.77999877929688,183.02000427246094,10201654
2022-06-01,2022-06-01T00:00:00Z,184.0,185.33999633789062,181.0,181.0,3730793
2022-06-02,2022-06-02T00:00:00Z,181.32000732421875,184.13999938964844,180.5,184.0,3023144
2022-06-03,2022-06-03T00:00:00Z,185.8800048828125,186.33999633789062,183.44000244140625,183.44000244140625,3042846
2022-06-07,2022-06-07T00:00:00Z,183.9199981689453,187.0,183.75999450683594,186.16000366210938,3081398
2022-06-08,2022-06-08T00:00:00Z,186.44000244140625,186.82000732421875,183.3800048828125,185.02000427246094,2952282
2022-06-09,2022-06-09T00:00:00Z,183.75999450683594,183.86000061035156,179.52000427246094,179.8000030517578,4113128
2022-06-10,2022-06-10T00:00:00Z,179.22000122070312,179.74000549316406,175.5,176.24000549316406,3309285
2022-06-13,2022-06-13T00:00:00Z,175.0,175.16000366210938,172.16000366210938,174.24000549316406,3511857
2022-06-14,2022-06-14T00:00:00Z,175.10000610351562,176.52000427246094,170.8800048828125,170.8800048828125,5499677
2022-06-15,2022-06-15T00:00:00Z,173.0399932861328,176.17999267578125,170.6999969482422,175.4600067138672,4147786
2022-06-16,2022-06-16T00:00:00Z,175.32000732421875,175.32000732421875,167.16000366210938,168.44000244140625,5065442
2022-06-17,2022-06-17T00:00:00Z,169.10000610351562,171.97999572753906,166.9600067138672,167.24000549316406,6292605
2022-06-20,2022-06-20T00:00:00Z,168.10000610351562,169.5,165.3000030517578,167.02000427246094,2572551
2022-06-21,2022-06-21T00:00:00Z,168.3000030517578,170.25999450683594,167.0399932861328,167.1199951171875,3545603
2022-06-22,2022-06-22T00:00:00Z,166.0,167.83999633789062,162.6199951171875,167.16000366210938,3190854
2022-06-23,2022-06-23T00:00:00Z,166.5,166.5,163.6199951171875,165.60000610351562,2457999
2022-06-27,2022-06-27T00:00:00Z,169.5,172.60000610351562,169.02000427246094,172.36000061035156,3284129
2022-06-28,2022-06-28T00:00:00Z,173.05999755859375,174.0800018310547,170.0,170.47999572753906,2323089
2022-06-29,2022-06-29T00:00:00Z,169.0,170.97999572753906,167.4199981689453,169.5,3007403
2022-06-30,2022-06-30T00:00:00Z,168.25999450683594,168.6199951171875,166.17999267578125,168.17999267578125,4248019
2022-07-01,2022-07-01T00:00:00Z,167.4600067138672,171.39999389648438,166.16000366210938,169.75999450683594,2266611
2022-07-04,2022-07-04T00:00:00Z,171.33999633789062,172.83999633789062,170.63999938964844,171.4600067138672,2107604
2022-07-05,2022-07-05T00:00:00Z,173.0,174.3000030517578,169.63999938964844,170.10000610351562,3362200
2022-07-06,2022-07-06T00:00:00Z,172.1199951171875,175.6199951171875,171.75999450683594,175.24000549316406,3001029
2022-07-07,2022-07-07T00:00:00Z,177.25999450683594,178.39999389648438,175.6999969482422,178.36000061035156,3530698
2022-07-08,2022-07-08T00:00:00Z,178.36000061035156,180.24000549316406,176.5399932861328,179.94000244140625,2560556
2022-07-11,2022-07-11T00:00:00Z,178.0,178.9600067138672,177.25999450683594,177.97999572753906,2078659
2022-07-12,2022-07-12T00:00:00Z,177.0,181.10000610351562,175.75999450683594,181.10000610351562,2883577
2022-07-13,2022-07-13T00:00:00Z,180.72000122070312,180.72000122070312,176.27999877929688,177.66000366210938,3091214
2022-07-14,2022-07-14T00:00:00Z,177.66000366210938,178.24000549316406,174.39999389648438,177.0800018310547,3644357
2022-07-15,2022-07-15T00:00:00Z,177.0800018310547,177.17999267578125,170.86000061035156,173.4199981689453,3719637
2022-07-18,2022-07-18T00:00:00Z,174.94000244140625,176.72000122070312,173.72000122070312,176.05999755859375,3590559
2022-07-19,2022-07-19T00:00:00Z,175.97999572753906,177.10000610351562,172.8000030517578,177.0,4038961
2022-07-20,2022-07-20T00:00:00Z,178.8000030517578,179.8000030517578,174.86000061035156,176.0800018310547,3095959
2022-07-21,2022-07-21T00:00:00Z,176.5,182.13999938964844,175.6199951171875,181.9600067138672,4118196
2022-07-22,2022-07-22T00:00:00Z,182.47999572753906,185.1999969482422,180.27999877929688,183.05999755859375,2960236
2022-07-25,2022-07-25T00:00:00Z,182.97999572753906,183.63999938964844,181.55999755859375,182.5,2658902
2022-07-26,2022-07-26T00:00:00Z,182.5,183.0,178.82000732421875,179.22000122070312,2185834
2022-07-27,2022-07-27T00:00:00Z,179.6199951171875,180.94000244140625,179.0399932861328,179.6199951171875,2130899
2022-07-28,2022-07-28T00:00:00Z,180.8800048828125,182.25999450683594,179.02000427246094,182.25999450683594,2733351
2022-07-29,2022-07-29T00:00:00Z,183.6999969482422,189.44000244140625,182.72000122070312,188.8000030517578,3123170
2022-08-01,2022-08-01T00:00:00Z,189.0,189.94000244140625,184.74000549316406,186.4600067138672,2166681
2022-08-02,2022-08-02T00:00:00Z,184.33999633789062,185.05999755859375,182.3800048828125,182.6999969482422,2059991
2022-08-03,2022-08-03T00:00:00Z,182.5,185.77999877929688,182.44000244140625,184.83999633789062,2122185
2022-08-04,2022-08-04T00:00:00Z,185.17999267578125,187.1199951171875,184.6999969482422,184.89999389648438,2088063
2022-08-05,2022-08-05T00:00:00Z,184.89999389648438,185.82000732421875,181.32000732421875,181.4600067138672,1904784
2022-08-08,2022-08-08T00:00:00Z,183.1199951171875,185.83999633789062,182.74000549316406,185.67999267578125,2050995
2022-08-09,2022-08-09T00:00:00Z,185.67999267578125,185.97999572753906,180.24000549316406,180.5,3317232
2022-08-10,2022-08-10T00:00:00Z,180.0,184.82000732421875,179.1199951171875,184.47999572753906,2897573
2022-08-11,2022-08-11T00:00:00Z,184.9600067138672,185.67999267578125,183.02000427246094,183.63999938964844,1953718
2022-08-12,2022-08-12T00:00:00Z,184.0399932861328,185.6199951171875,183.39999389648438,183.47999572753906,1700925
2022-08-15,2022-08-15T00:00:00Z,183.5800018310547,186.67999267578125,183.33999633789062,185.1999969482422,2333484
2022-08-16,2022-08-16T00:00:00Z,185.8800048828125,187.47999572753906,184.94000244140625,186.66000366210938,2295332
2022-08-17,2022-08-17T00:00:00Z,186.8000030517578,187.39999389648438,183.5399932861328,184.3800048828125,2852008
2022-08-18,2022-08-18T00:00:00Z,183.8000030517578,186.44000244140625,183.55999755859375,186.44000244140625,1505257
2022-08-19,2022-08-19T00:00:00Z,185.0,185.9600067138672,183.32000732421875,183.33999633789062,2666338
2022-08-22,2022-08-22T00:00:00Z,183.0,183.3000030517578,180.10000610351562,180.32000732421875,2293594
2022-08-23,2022-08-23T00:00:00Z,180.10000610351562,180.9600067138672,176.0,176.67999267578125,2302376
2022-08-24,2022-08-24T00:00:00Z,175.63999938964844,178.63999938964844,174.6199951171875,177.10000610351562,2952993
2022-08-25,2022-08-25T00:00:00Z,178.0,179.47999572753906,176.52000427246094,179.0800018310547,2244345
2022-08-26,2022-08-26T00:00:00Z,180.0,180.74000549316406,174.05999755859375,174.22000122070312,2386834
2022-08-29,2022-08-29T00:00:00Z,172.4199981689453,174.74000549316406,171.1199951171875,173.4600067138672,2511222
2022-08-30,2022-08-30T00:00:00Z,173.82000732421875,176.89999389648438,172.67999267578125,173.36000061035156,1993964
2022-08-31,2022-08-31T00:00:00Z,174.17999267578125,174.33999633789062,168.5,168.6999969482422,5243126
2022-09-01,2022-09-01T00:00:00Z,167.60000610351562,168.5,165.9199981689453,165.9199981689453,2977006
2022-09-02,2022-09-02T00:00:00Z,168.0,171.24000549316406,166.86000061035156,171.1999969482422,2354079
2022-09-05,2022-09-05T00:00:00Z,166.8800048828125,170.1999969482422,166.0,170.1999969482422,2227890
2022-09-06,2022-09-06T00:00:00Z,170.1999969482422,171.8800048828125,168.4600067138672,169.9199981689453,2185038
2022-09-07,2022-09-07T00:00:00Z,167.77999877929688,169.39999389648438,166.47999572753906,168.82000732421875,2342843
2022-09-08,2022-09-08T00:00:00Z,169.67999267578125,171.22000122070312,166.77999877929688,170.6999969482422,1972558
2022-09-09,2022-09-09T00:00:00Z,170.8000030517578,174.4600067138672,170.77999877929688,173.32000732421875,2042205
2022-09-12,2022-09-12T00:00:00Z,174.13999938964844,176.97999572753906,173.66000366210938,176.55999755859375,2391673
2022-09-13,2022-09-13T00:00:00Z,177.72000122070312,178.4199981689453,173.3000030517578,173.3000030517578,2709292
2022-09-14,2022-09-14T00:00:00Z,172.0399932861328,173.16000366210938,170.6999969482422,171.17999267578125,2367184
2022-09-15,2022-09-15T00:00:00Z,171.60000610351562,173.9199981689453,171.60000610351562,172.4600067138672,2069855
2022-09-16,2022-09-16T00:00:00Z,170.67999267578125,172.05999755859375,169.55999755859375,169.83999633789062,4615154
2022-09-19,2022-09-19T00:00:00Z,169.55999755859375,170.22000122070312,166.5800018310547,169.36000061035156,2571845
2022-09-20,2022-09-20T00:00:00Z,169.97999572753906,170.67999267578125,165.10000610351562,165.10000610351562,2576496
2022-09-21,2022-09-21T00:00:00Z,165.0,167.3800048828125,163.5800018310547,166.8800048828125,2275042
2022-09-22,2022-09-22T00:00:00Z,164.6999969482422,166.13999938964844,162.02000427246094,162.0399932861328,3205294
2022-09-23,2022-09-23T00:00:00Z,162.52000427246094,163.39999389648438,158.89999389648438,160.63999938964844,4354584
2022-09-26,2022-09-26T00:00:00Z,159.9199981689453,162.75999450683594,159.16000366210938,159.47999572753906,3676549
2022-09-27,2022-09-27T00:00:00Z,160.9600067138672,162.63999938964844,159.72000122070312,161.10000610351562,3069207
2022-09-28,2022-09-28T00:00:00Z,160.0,164.6999969482422,158.1999969482422,163.9600067138672,3650032
2022-09-29,2022-09-29T00:00:00Z,164.02000427246094,164.0800018310547,158.1999969482422,158.97999572753906,3613819
2022-09-30,2022-09-30T00:00:00Z,160.0,164.0800018310547,159.1199951171875,163.5800018310547,4029776
2022-10-03,2022-10-03T00:00:00Z,162.75999450683594,165.55999755859375,159.5,165.55999755859375,3694335
2022-10-04,2022-10-04T00:00:00Z,169.0,171.3800048828125,167.27999877929688,170.9199981689453,3559439
2022-10-05,2022-10-05T00:00:00Z,170.67999267578125,171.52000427246094,167.89999389648438,169.02000427246094,2874996
2022-10-06,2022-10-06T00:00:00Z,170.5,171.36000061035156,168.66000366210938,169.47999572753906,2456916
2022-10-07,2022-10-07T00:00:00Z,169.3800048828125,169.44000244140625,163.5800018310547,163.67999267578125,2509702
2022-10-10,2022-10-10T00:00:00Z,162.16000366210938,163.66000366210938,160.8000030517578,161.0399932861328,2671309
2022-10-11,2022-10-11T00:00:00Z,160.0,162.10000610351562,159.52000427246094,161.3800048828125,2880699
2022-10-12,2022-10-12T00:00:00Z,162.0,163.17999267578125,160.44000244140625,161.10000610351562,2288592
2022-10-13,2022-10-13T00:00:00Z,160.6199951171875,165.0,158.52000427246094,164.17999267578125,3518037
2022-10-14,2022-10-14T00:00:00Z,166.66000366210938,167.13999938964844,163.86000061035156,164.17999267578125,2651819
2022-10-17,2022-10-17T00:00:00Z,164.60000610351562,170.63999938964844,163.0800018310547,169.75999450683594,3608278
2022-10-18,2022-10-18T00:00:00Z,171.0,175.24000549316406,170.6999969482422,173.9199981689453,4324857
2022-10-19,2022-10-19T00:00:00Z,175.10000610351562,175.6199951171875,171.1999969482422,171.1999969482422,5030438
2022-10-20,2022-10-20T00:00:00Z,170.0,172.55999755859375,168.10000610351562,171.1199951171875,3158661
2022-10-21,2022-10-21T00:00:00Z,169.8000030517578,171.17999267578125,168.02000427246094,171.05999755859375,3435674
2022-10-24,2022-10-24T00:00:00Z,172.74000549316406,176.0,171.1999969482422,176.0,3243132
2022-10-25,2022-10-25T00:00:00Z,177.0399932861328,182.0800018310547,175.6999969482422,181.24000549316406,3620742
2022-10-26,2022-10-26T00:00:00Z,181.44000244140625,181.6199951171875,178.33999633789062,180.97999572753906,2534596
2022-10-27,2022-10-27T00:00:00Z,180.0,181.9199981689453,179.17999267578125,180.13999938964844,2185586
2022-10-28,2022-10-28T00:00:00Z,178.66000366210938,181.8800048828125,177.83999633789062,181.55999755859375,1960161
2022-10-31,2022-10-31T00:00:00Z,182.0,182.1999969482422,179.6999969482422,180.36000061035156,2679193
2022-11-01,2022-11-01T00:00:00Z,181.27999877929688,183.52000427246094,179.5800018310547,180.24000549316406,3172680
2022-11-02,2022-11-02T00:00:00Z,180.52000427246094,181.32000732421875,178.44000244140625,179.5800018310547,2310576
2022-11-03,2022-11-03T00:00:00Z,178.0,179.27999877929688,177.0399932861328,178.16000366210938,3063955
2022-11-04,2022-11-04T00:00:00Z,178.16000366210938,180.8000030517578,177.0800018310547,180.8000030517578,1649155
2022-11-07,2022-11-07T00:00:00Z,180.0,182.17999267578125,179.32000732421875,180.86000061035156,1999335
2022-11-08,2022-11-08T00:00:00Z,180.86000061035156,185.13999938964844,180.0800018310547,184.32000732421875,2806520
2022-11-09,2022-11-09T00:00:00Z,183.8000030517578,184.27999877929688,182.25999450683594,184.16000366210938,2456779
2022-11-10,2022-11-10T00:00:00Z,183.0,193.82000732421875,181.02000427246094,193.5399932861328,4081162
2022-11-11,2022-11-11T00:00:00Z,195.0,196.0,190.75999450683594,193.16000366210938,3901220
2022-11-14,2022-11-14T00:00:00Z,193.3000030517578,194.16000366210938,190.8800048828125,192.13999938964844,2261620
2022-11-15,2022-11-15T00:00:00Z,192.8000030517578,194.3000030517578,190.0800018310547,191.75999450683594,2769777
2022-11-16,2022-11-16T00:00:00Z,191.6199951171875,193.0,188.74000549316406,189.33999633789062,2091480
2022-11-17,2022-11-17T00:00:00Z,189.55999755859375,192.39999389648438,188.27999877929688,189.5399932861328,2129863
2022-11-18,2022-11-18T00:00:00Z,190.0,193.17999267578125,189.55999755859375,191.47999572753906,2680939
2022-11-21,2022-11-21T00:00:00Z,191.1999969482422,191.89999389648438,189.27999877929688,190.74000549316406,1842319
2022-11-22,2022-11-22T00:00:00Z,190.74000549316406,192.83999633789062,190.1199951171875,192.0800018310547,2025741
2022-11-23,2022-11-23T00:00:00Z,192.8000030517578,193.74000549316406,192.0,193.10000610351562,2424392
2022-11-24,2022-11-24T00:00:00Z,193.33999633789062,195.9199981689453,192.86000061035156,193.5800018310547,1897641
2022-11-25,2022-11-25T00:00:00Z,194.10000610351562,195.5399932861328,193.63999938964844,195.24000549316406,2046348
2022-11-28,2022-11-28T00:00:00Z,194.94000244140625,194.94000244140625,192.66000366210938,193.27999877929688,2211072
2022-11-29,2022-11-29T00:00:00Z,193.6999969482422,194.60000610351562,191.33999633789062,191.4199981689453,2161822
2022-11-30,2022-11-30T00:00:00Z,193.0,195.89999389648438,192.02000427246094,193.0,6997577
2022-12-01,2022-12-01T00:00:00Z,196.0,198.27999877929688,192.74000549316406,193.9199981689453,4243629
2022-12-02,2022-12-02T00:00:00Z,193.67999267578125,194.74000549316406,191.4600067138672,193.1999969482422,2411952
2022-12-05,2022-12-05T00:00:00Z,193.5,195.74000549316406,192.27999877929688,195.3000030517578,2542083
2022-12-06,2022-12-06T00:00:00Z,194.86000061035156,195.8000030517578,192.39999389648438,192.60000610351562,3370401
2022-12-07,2022-12-07T00:00:00Z,192.4199981689453,192.52000427246094,190.27999877929688,191.32000732421875,2319216
2022-12-08,2022-12-08T00:00:00Z,190.5800018310547,192.47999572753906,189.36000061035156,190.4199981689453,2768205
2022-12-09,2022-12-09T00:00:00Z,191.5,194.39999389648438,191.36000061035156,193.89999389648438,2809660
2022-12-12,2022-12-12T00:00:00Z,192.33999633789062,194.0,192.17999267578125,193.9600067138672,2530904
2022-12-13,2022-12-13T00:00:00Z,194.6199951171875,200.8000030517578,193.32000732421875,197.17999267578125,3952316
2022-12-14,2022-12-14T00:00:00Z,197.17999267578125,199.5800018310547,195.22000122070312,198.0800018310547,2826842
2022-12-15,2022-12-15T00:00:00Z,196.0800018310547,196.36000061035156,192.75999450683594,192.82000732421875,3688777
2022-12-16,2022-12-16T00:00:00Z,192.22000122070312,194.4199981689453,189.22000122070312,189.22000122070312,4475312
2022-12-19,2022-12-19T00:00:00Z,189.86000061035156,190.77999877929688,187.9199981689453,188.9199981689453,2532101
2022-12-20,2022-12-20T00:00:00Z,187.36000061035156,188.82000732421875,186.66000366210938,187.9199981689453,2402600
2022-12-21,2022-12-21T00:00:00Z,188.9199981689453,190.8000030517578,188.3800048828125,190.8000030517578,2806549
2022-12-22,2022-12-22T00:00:00Z,191.1199951171875,192.16000366210938,187.9199981689453,188.32000732421875,1779418
2022-12-23,2022-12-23T00:00:00Z,188.32000732421875,190.74000549316406,188.16000366210938,189.44000244140625,1690342
2022-12-27,2022-12-27T00:00:00Z,190.63999938964844,192.1199951171875,190.22000122070312,190.94000244140625,1634233
2022-12-28,2022-12-28T00:00:00Z,190.94000244140625,191.47999572753906,189.24000549316406,189.77999877929688,1707065
2022-12-29,2022-12-29T00:00:00Z,189.77999877929688,191.9199981689453,188.52000427246094,191.89999389648438,1752810
2022-12-30,2022-12-30T00:00:00Z,191.5399932861328,191.5399932861328,188.3000030517578,188.55999755859375,2855446
2023-01-02,2023-01-02T00:00:00Z,190.0,190.5,188.13999938964844,190.5,1790984
2023-01-03,2023-01-03T00:00:00Z,190.5,194.47999572753906,190.0,192.4199981689453,2231197
2023-01-04,2023-01-04T00:00:00Z,193.1999969482422,195.1199951171875,192.8800048828125,194.86000061035156,2045968
2023-01-05,2023-01-05T00:00:00Z,194.86000061035156,195.3000030517578,194.0,194.0800018310547,971154
2023-01-09,2023-01-09T00:00:00Z,195.1999969482422,198.94000244140625,195.1999969482422,198.89999389648438,4110848
2023-01-10,2023-01-10T00:00:00Z,197.97999572753906,198.0399932861328,195.8000030517578,197.4199981689453,2488937
2023-01-11,2023-01-11T00:00:00Z,199.1199951171875,205.64999389648438,198.74000549316406,204.35000610351562,4206091
2023-01-12,2023-01-12T00:00:00Z,204.0,207.9499969482422,203.64999389648438,206.89999389648438,3888026
2023-01-13,2023-01-13T00:00:00Z,206.60000610351562,208.10000610351562,204.8000030517578,206.14999389648438,2528402
2023-01-16,2023-01-16T00:00:00Z,206.9499969482422,208.1999969482422,205.14999389648438,207.3000030517578,1602869
2023-01-17,2023-01-17T00:00:00Z,206.6999969482422,207.4499969482422,205.14999389648438,205.60000610351562,2151218
2023-01-18,2023-01-18T00:00:00Z,206.0,206.75,203.39999389648438,204.60000610351562,2645768
2023-01-19,2023-01-19T00:00:00Z,203.4499969482422,203.6999969482422,200.5500030517578,200.9499969482422,3303935
2023-01-20,2023-01-20T00:00:00Z,203.0,204.39999389648438,200.35000610351562,202.35000610351562,3510748
2023-01-23,2023-01-23T00:00:00Z,204.0,206.10000610351562,202.6999969482422,206.0500030517578,2387178
2023-01-24,2023-01-24T00:00:00Z,206.35000610351562,206.4499969482422,203.89999389648438,204.25,2264327
2023-01-25,2023-01-25T00:00:00Z,204.0,204.0,201.4499969482422,202.75,2091951
2023-01-26,2023-01-26T00:00:00Z,203.39999389648438,206.0,202.89999389648438,204.14999389648438,3666833
2023-01-27,2023-01-27T00:00:00Z,204.8000030517578,205.4499969482422,203.10000610351562,204.0,2333211
2023-01-30,2023-01-30T00:00:00Z,203.75,204.10000610351562,202.14999389648438,202.85000610351562,1935761
2023-01-31,2023-01-31T00:00:00Z,202.85000610351562,203.5500030517578,201.3000030517578,202.35000610351562,2610442
2023-02-01,2023-02-01T00:00:00Z,202.5,204.0,201.39999389648438,202.10000610351562,2645576
2023-02-02,2023-02-02T00:00:00Z,203.89999389648438,211.10000610351562,203.39999389648438,211.10000610351562,5664509
2023-02-03,2023-02-03T00:00:00Z,209.60000610351562,210.3000030517578,207.10000610351562,210.1999969482422,2594966
2023-02-06,2023-02-06T00:00:00Z,209.0,209.0,205.39999389648438,206.3000030517578,2548269
2023-02-07,2023-02-07T00:00:00Z,206.3000030517578,206.5500030517578,204.25,205.0,2594298
2023-02-08,2023-02-08T00:00:00Z,206.60000610351562,207.10000610351562,205.0500030517578,205.0500030517578,3107579
2023-02-09,2023-02-09T00:00:00Z,205.6999969482422,206.9499969482422,204.14999389648438,204.64999389648438,2460843
2023-02-10,2023-02-10T00:00:00Z,203.89999389648438,203.89999389648438,200.6999969482422,202.35000610351562,2352675
2023-02-13,2023-02-13T00:00:00Z,203.14999389648438,204.75,203.0,204.60000610351562,2206902
2023-02-14,2023-02-14T00:00:00Z,205.0,205.89999389648438,202.85000610351562,203.85000610351562,2874891
2023-02-15,2023-02-15T00:00:00Z,203.64999389648438,205.1999969482422,202.25,205.1999969482422,2475378
2023-02-16,2023-02-16T00:00:00Z,206.0,207.5,202.89999389648438,205.0,3352561
2023-02-17,2023-02-17T00:00:00Z,203.9499969482422,204.8000030517578,202.10000610351562,203.6999969482422,2650495
2023-02-20,2023-02-20T00:00:00Z,204.89999389648438,204.89999389648438,202.5500030517578,202.85000610351562,1434428
2023-02-21,2023-02-21T00:00:00Z,202.14999389648438,203.0500030517578,200.4499969482422,200.75,1890367
2023-02-22,2023-02-22T00:00:00Z,200.3000030517578,200.85000610351562,197.83999633789062,200.39999389648438,2712743
2023-02-23,2023-02-23T00:00:00Z,200.60000610351562,202.9499969482422,200.60000610351562,201.75,2210787
2023-02-24,2023-02-24T00:00:00Z,202.39999389648438,203.64999389648438,199.10000610351562,200.3000030517578,2534644
2023-02-27,2023-02-27T00:00:00Z,200.75,203.75,200.75,203.0,1392629
2023-02-28,2023-02-28T00:00:00Z,202.5,203.60000610351562,201.39999389648438,202.60000610351562,2967120
2023-03-01,2023-03-01T00:00:00Z,203.14999389648438,204.6999969482422,200.89999389648438,201.3000030517578,2344426
2023-03-02,2023-03-02T00:00:00Z,200.5,202.5,199.83999633789062,202.3000030517578,1504959
2023-03-03,2023-03-03T00:00:00Z,203.0500030517578,205.8000030517578,203.0500030517578,205.60000610351562,1934497
2023-03-06,2023-03-06T00:00:00Z,206.39999389648438,208.1999969482422,206.1999969482422,206.5,1970775
2023-03-07,2023-03-07T00:00:00Z,206.1999969482422,207.89999389648438,203.8000030517578,204.1999969482422,2183187
2023-03-08,2023-03-08T00:00:00Z,203.35000610351562,204.60000610351562,203.14999389648438,203.6999969482422,3019438
2023-03-09,2023-03-09T00:00:00Z,203.5500030517578,205.14999389648438,201.85000610351562,204.60000610351562,2319953
2023-03-10,2023-03-10T00:00:00Z,201.0,201.9499969482422,198.89999389648438,200.35000610351562,3615124
2023-03-13,2023-03-13T00:00:00Z,200.60000610351562,201.1999969482422,194.1999969482422,197.24000549316406,4679370
2023-03-14,2023-03-14T00:00:00Z,196.52000427246094,201.6999969482422,196.10000610351562,201.3000030517578,3967532
2023-03-15,2023-03-15T00:00:00Z,201.39999389648438,201.5,193.36000061035156,193.36000061035156,4279958
2023-03-16,2023-03-16T00:00:00Z,196.05999755859375,197.97999572753906,192.82000732421875,197.39999389648438,4226647
2023-03-17,2023-03-17T00:00:00Z,197.6999969482422,198.63999938964844,190.66000366210938,191.33999633789062,7937215
2023-03-20,2023-03-20T00:00:00Z,188.5800018310547,195.4600067138672,187.66000366210938,194.60000610351562,3237377
2023-03-21,2023-03-21T00:00:00Z,196.67999267578125,199.25999450683594,195.89999389648438,198.82000732421875,3067296
2023-03-22,2023-03-22T00:00:00Z,199.13999938964844,199.86000061035156,198.02000427246094,198.74000549316406,2032366
2023-03-23,2023-03-23T00:00:00Z,198.67999267578125,198.67999267578125,195.5,197.94000244140625,2141142
2023-03-24,2023-03-24T00:00:00Z,200.10000610351562,201.6999969482422,195.6199951171875,196.5399932861328,3196555
2023-03-27,2023-03-27T00:00:00Z,198.60000610351562,201.35000610351562,198.4199981689453,199.97999572753906,2784494
2023-03-28,2023-03-28T00:00:00Z,200.4499969482422,201.60000610351562,197.83999633789062,198.67999267578125,3048475
2023-03-29,2023-03-29T00:00:00Z,200.89999389648438,201.5,200.10000610351562,201.39999389648438,2662076
2023-03-30,2023-03-30T00:00:00Z,202.5,204.89999389648438,202.3000030517578,204.64999389648438,2717296
2023-03-31,2023-03-31T00:00:00Z,204.64999389648438,206.85000610351562,204.10000610351562,206.0500030517578,2866728
2023-04-03,2023-04-03T00:00:00Z,206.35000610351562,206.75,205.0,206.0,2386143
2023-04-04,2023-04-04T00:00:00Z,206.75,208.8000030517578,206.64999389648438,208.14999389648438,2482928
2023-04-05,2023-04-05T00:00:00Z,208.14999389648438,208.35000610351562,206.6999969482422,208.0,2508815
2023-04-06,2023-04-06T00:00:00Z,208.85000610351562,209.60000610351562,208.0,209.60000610351562,1392420
2023-04-11,2023-04-11T00:00:00Z,210.4499969482422,211.8000030517578,210.39999389648438,211.39999389648438,2760185
2023-04-12,2023-04-12T00:00:00Z,212.0,213.9499969482422,210.1999969482422,210.60000610351562,3317173
2023-04-13,2023-04-13T00:00:00Z,211.60000610351562,211.89999389648438,209.14999389648438,210.89999389648438,2646477
2023-04-14,2023-04-14T00:00:00Z,211.35000610351562,212.64999389648438,211.3000030517578,211.60000610351562,2490949
2023-04-17,2023-04-17T00:00:00Z,212.39999389648438,212.39999389648438,208.5500030517578,209.0500030517578,2714894
2023-04-18,2023-04-18T00:00:00Z,209.5,210.89999389648438,208.60000610351562,210.1999969482422,1883714
2023-04-19,2023-04-19T00:00:00Z,210.14999389648438,210.5,208.75,209.35000610351562,2325928
2023-04-20,2023-04-20T00:00:00Z,209.35000610351562,210.0,208.1999969482422,208.9499969482422,2343419
2023-04-21,2023-04-21T00:00:00Z,209.0,210.4499969482422,208.14999389648438,209.85000610351562,3909974
2023-04-24,2023-04-24T00:00:00Z,210.10000610351562,217.10000610351562,209.64999389648438,216.5,2826448
2023-04-25,2023-04-25T00:00:00Z,216.0,219.3000030517578,215.85000610351562,218.8000030517578,3673186
2023-04-26,2023-04-26T00:00:00Z,220.0,220.0,217.14999389648438,218.5500030517578,3636568
2023-04-27,2023-04-27T00:00:00Z,218.60000610351562,220.64999389648438,217.89999389648438,220.0500030517578,4559993
2023-04-28,2023-04-28T00:00:00Z,220.8000030517578,221.9499969482422,218.3000030517578,219.8000030517578,3978401
2023-05-02,2023-05-02T00:00:00Z,220.5,220.5500030517578,217.4499969482422,218.89999389648438,3429817
2023-05-03,2023-05-03T00:00:00Z,219.0500030517578,221.4499969482422,217.4499969482422,219.85000610351562,2957138
2023-05-04,2023-05-04T00:00:00Z,215.35000610351562,217.64999389648438,214.14999389648438,217.14999389648438,2514870
2023-05-05,2023-05-05T00:00:00Z,218.1999969482422,218.39999389648438,215.39999389648438,217.89999389648438,2462259
2023-05-08,2023-05-08T00:00:00Z,218.0,218.5500030517578,216.60000610351562,218.5500030517578,2152672
2023-05-09,2023-05-09T00:00:00Z,218.5500030517578,218.60000610351562,214.1999969482422,215.64999389648438,2743203
2023-05-10,2023-05-10T00:00:00Z,216.75,218.10000610351562,213.35000610351562,215.25,2803674
2023-05-11,2023-05-11T00:00:00Z,215.35000610351562,217.39999389648438,214.35000610351562,216.10000610351562,2885007
2023-05-12,2023-05-12T00:00:00Z,216.9499969482422,217.60000610351562,214.14999389648438,215.14999389648438,2302144
2023-05-15,2023-05-15T00:00:00Z,215.14999389648438,216.4499969482422,214.5,215.6999969482422,2637662
2023-05-16,2023-05-16T00:00:00Z,216.3000030517578,216.9499969482422,214.35000610351562,215.10000610351562,2116272
2023-05-17,2023-05-17T00:00:00Z,214.35000610351562,214.64999389648438,213.1999969482422,213.6999969482422,1144742
2023-05-19,2023-05-19T00:00:00Z,216.39999389648438,219.8000030517578,216.39999389648438,219.1999969482422,2093355
2023-05-22,2023-05-22T00:00:00Z,219.1999969482422,219.8000030517578,218.3000030517578,218.89999389648438,2005826
2023-05-23,2023-05-23T00:00:00Z,218.85000610351562,219.6999969482422,217.60000610351562,218.14999389648438,1868668
2023-05-24,2023-05-24T00:00:00Z,217.5,217.5,214.39999389648438,214.6999969482422,1684281
2023-05-25,2023-05-25T00:00:00Z,215.0,215.5,213.25,213.25,2273492
2023-05-26,2023-05-26T00:00:00Z,213.75,218.75,212.8000030517578,218.1999969482422,2219582
2023-05-29,2023-05-29T00:00:00Z,218.60000610351562,219.6999969482422,218.35000610351562,219.0,1625604
2023-05-30,2023-05-30T00:00:00Z,219.0,221.5,218.75,219.89999389648438,1980331
2023-05-31,2023-05-31T00:00:00Z,218.60000610351562,221.4499969482422,218.14999389648438,220.64999389648438,11598885
2023-06-01,2023-06-01T00:00:00Z,221.75,223.60000610351562,220.8000030517578,221.75,2802559
2023-06-02,2023-06-02T00:00:00Z,222.25,223.60000610351562,220.8000030517578,221.8000030517578,3100505
2023-06-05,2023-06-05T00:00:00Z,221.8000030517578,222.25,219.39999389648438,220.35000610351562,1998222
2023-06-07,2023-06-07T00:00:00Z,220.35000610351562,222.9499969482422,219.5500030517578,219.6999969482422,3010234
2023-06-08,2023-06-08T00:00:00Z,218.64999389648438,219.3000030517578,217.35000610351562,218.5,2545540
2023-06-09,2023-06-09T00:00:00Z,219.39999389648438,219.64999389648438,216.0,217.1999969482422,2206708
2023-06-12,2023-06-12T00:00:00Z,217.89999389648438,218.5,215.14999389648438,215.1999969482422,2519451
2023-06-13,2023-06-13T00:00:00Z,215.89999389648438,216.9499969482422,215.3000030517578,216.25,2969474
2023-06-14,2023-06-14T00:00:00Z,216.25,216.35000610351562,214.4499969482422,214.4499969482422,2912978
2023-06-15,2023-06-15T00:00:00Z,214.5,215.85000610351562,214.0500030517578,215.8000030517578,2127672
2023-06-16,2023-06-16T00:00:00Z,216.0,218.8000030517578,214.89999389648438,218.25,11840028
2023-06-19,2023-06-19T00:00:00Z,217.8000030517578,217.8000030517578,212.60000610351562,213.10000610351562,3036218
2023-06-20,2023-06-20T00:00:00Z,213.0,214.4499969482422,212.0500030517578,212.5500030517578,2994763
2023-06-21,2023-06-21T00:00:00Z,212.5500030517578,212.75,209.35000610351562,209.60000610351562,3883919
2023-06-22,2023-06-22T00:00:00Z,208.8000030517578,209.6999969482422,207.6999969482422,208.9499969482422,2349993
2023-06-26,2023-06-26T00:00:00Z,208.9499969482422,208.9499969482422,205.9499969482422,208.89999389648438,2963948
2023-06-27,2023-06-27T00:00:00Z,208.89999389648438,210.60000610351562,207.85000610351562,210.39999389648438,2122812
2023-06-28,2023-06-28T00:00:00Z,211.3000030517578,213.25,211.0,212.5,1892635
2023-06-29,2023-06-29T00:00:00Z,212.5,213.89999389648438,211.5500030517578,212.5,1932192
2023-06-30,2023-06-30T00:00:00Z,212.89999389648438,216.0,212.60000610351562,215.64999389648438,2722850
2023-07-03,2023-07-03T00:00:00Z,215.64999389648438,216.4499969482422,214.5500030517578,215.10000610351562,2324641
2023-07-04,2023-07-04T00:00:00Z,215.10000610351562,216.4499969482422,214.6999969482422,215.10000610351562,2208956
2023-07-05,2023-07-05T00:00:00Z,213.8000030517578,214.1999969482422,209.64999389648438,209.89999389648438,3437029
2023-07-06,2023-07-06T00:00:00Z,209.0,209.6999969482422,207.0500030517578,207.9499969482422,2984938
2023-07-07,2023-07-07T00:00:00Z,207.9499969482422,209.64999389648438,206.75,208.0,1964128
2023-07-10,2023-07-10T00:00:00Z,207.85000610351562,207.89999389648438,206.64999389648438,206.89999389648438,1958537
2023-07-11,2023-07-11T00:00:00Z,207.9499969482422,208.0,205.3000030517578,206.0,2581513
2023-07-12,2023-07-12T00:00:00Z,207.0,208.89999389648438,205.5500030517578,208.75,2036149
2023-07-13,2023-07-13T00:00:00Z,209.6999969482422,209.6999969482422,207.6999969482422,207.6999969482422,1776725
2023-07-14,2023-07-14T00:00:00Z,207.89999389648438,209.5,206.64999389648438,208.64999389648438,2135629
2023-07-17,2023-07-17T00:00:00Z,207.75,207.75,204.5500030517578,206.0500030517578,2623843
2023-07-18,2023-07-18T00:00:00Z,212.0,213.10000610351562,208.8000030517578,210.10000610351562,3963259
2023-07-19,2023-07-19T00:00:00Z,211.0500030517578,212.6999969482422,210.75,211.4499969482422,2935979
2023-07-20,2023-07-20T00:00:00Z,210.35000610351562,211.75,209.85000610351562,211.75,2801050
2023-07-21,2023-07-21T00:00:00Z,211.60000610351562,213.6999969482422,209.60000610351562,213.6999969482422,2128227
2023-07-24,2023-07-24T00:00:00Z,213.0,215.64999389648438,212.5,215.1999969482422,1504070
2023-07-25,2023-07-25T00:00:00Z,215.1999969482422,216.5,213.5,216.3000030517578,1673645
2023-07-26,2023-07-26T00:00:00Z,216.0,216.1999969482422,213.60000610351562,215.85000610351562,1712119
2023-07-27,2023-07-27T00:00:00Z,216.60000610351562,218.35000610351562,215.1999969482422,216.1999969482422,3377346
2023-07-28,2023-07-28T00:00:00Z,215.8000030517578,217.10000610351562,215.25,216.1999969482422,1613436
2023-07-31,2023-07-31T00:00:00Z,216.1999969482422,216.35000610351562,214.9499969482422,214.9499969482422,1582626
2023-08-01,2023-08-01T00:00:00Z,214.6999969482422,216.1999969482422,214.4499969482422,214.4499969482422,1222378
2023-08-02,2023-08-02T00:00:00Z,212.5500030517578,213.0500030517578,210.10000610351562,212.0500030517578,2063285
2023-08-03,2023-08-03T00:00:00Z,210.6999969482422,211.0500030517578,208.35000610351562,209.1999969482422,2325584
2023-08-04,2023-08-04T00:00:00Z,210.0500030517578,210.5500030517578,208.14999389648438,210.5,1576572
2023-08-07,2023-08-07T00:00:00Z,209.5500030517578,210.8000030517578,209.1999969482422,210.6999969482422,1594897
2023-08-08,2023-08-08T00:00:00Z,210.0,211.60000610351562,209.60000610351562,210.35000610351562,1479539
2023-08-09,2023-08-09T00:00:00Z,211.64999389648438,214.4499969482422,211.35000610351562,213.5500030517578,1856424
2023-08-10,2023-08-10T00:00:00Z,213.75,215.9499969482422,213.75,214.8000030517578,1873731
2023-08-11,2023-08-11T00:00:00Z,214.5,214.5,208.75,209.64999389648438,2907574
2023-08-14,2023-08-14T00:00:00Z,209.0500030517578,210.35000610351562,208.3000030517578,210.0500030517578,2055303
2023-08-15,2023-08-15T00:00:00Z,210.0500030517578,210.14999389648438,205.89999389648438,206.85000610351562,2733034
2023-08-16,2023-08-16T00:00:00Z,206.0,208.64999389648438,205.60000610351562,208.14999389648438,1993279
2023-08-17,2023-08-17T00:00:00Z,207.0500030517578,207.25,205.0500030517578,205.5500030517578,2746384
2023-08-18,2023-08-18T00:00:00Z,205.0,205.35000610351562,203.3000030517578,204.5,2756003
2023-08-21,2023-08-21T00:00:00Z,204.3000030517578,207.85000610351562,203.64999389648438,205.14999389648438,2103666
2023-08-22,2023-08-22T00:00:00Z,206.5,208.25,205.6999969482422,207.5,2794269
2023-08-23,2023-08-23T00:00:00Z,207.85000610351562,210.8000030517578,207.3000030517578,210.6999969482422,2820422
2023-08-24,2023-08-24T00:00:00Z,212.0,212.39999389648438,210.0500030517578,210.39999389648438,3251172
2023-08-25,2023-08-25T00:00:00Z,209.5,211.39999389648438,208.75,209.64999389648438,2441517
2023-08-28,2023-08-28T00:00:00Z,211.0,211.60000610351562,208.4499969482422,210.5,2475822
2023-08-29,2023-08-29T00:00:00Z,211.1999969482422,211.6999969482422,210.0500030517578,211.25,2938904
2023-08-30,2023-08-30T00:00:00Z,211.85000610351562,211.85000610351562,209.1999969482422,210.60000610351562,2702124
2023-08-31,2023-08-31T00:00:00Z,210.75,212.5,209.75,211.10000610351562,6232783
2023-09-01,2023-09-01T00:00:00Z,211.10000610351562,211.6999969482422,209.64999389648438,209.85000610351562,1920676
2023-09-04,2023-09-04T00:00:00Z,209.85000610351562,211.35000610351562,209.75,210.39999389648438,1912472
2023-09-05,2023-09-05T00:00:00Z,210.0,212.85000610351562,209.8000030517578,212.4499969482422,2694843
2023-09-06,2023-09-06T00:00:00Z,212.4499969482422,215.0500030517578,211.25,214.9499969482422,2657896
2023-09-07,2023-09-07T00:00:00Z,214.4499969482422,215.14999389648438,212.3000030517578,213.39999389648438,2442055
2023-09-08,2023-09-08T00:00:00Z,214.0,214.25,211.10000610351562,212.1999969482422,1338381
2023-09-11,2023-09-11T00:00:00Z,212.1999969482422,214.14999389648438,211.8000030517578,212.85000610351562,2060559
2023-09-12,2023-09-12T00:00:00Z,213.35000610351562,213.85000610351562,210.6999969482422,212.5,2676558
2023-09-13,2023-09-13T00:00:00Z,211.35000610351562,212.60000610351562,210.35000610351562,211.85000610351562,2036770
2023-09-14,2023-09-14T00:00:00Z,211.85000610351562,213.9499969482422,211.35000610351562,213.5500030517578,2556221
2023-09-15,2023-09-15T00:00:00Z,214.85000610351562,216.4499969482422,214.4499969482422,215.10000610351562,5998381
2023-09-18,2023-09-18T00:00:00Z,215.10000610351562,215.4499969482422,213.64999389648438,214.3000030517578,1956926
2023-09-19,2023-09-19T00:00:00Z,214.3000030517578,216.89999389648438,214.10000610351562,215.0,2349349
2023-09-20,2023-09-20T00:00:00Z,215.25,218.0,215.1999969482422,217.25,2923165
2023-09-21,2023-09-21T00:00:00Z,216.14999389648438,217.5,214.25,215.9499969482422,2580389
2023-09-22,2023-09-22T00:00:00Z,215.0,215.4499969482422,213.4499969482422,214.10000610351562,2138288
2023-09-25,2023-09-25T00:00:00Z,214.10000610351562,215.10000610351562,212.3000030517578,213.5,2638206
2023-09-26,2023-09-26T00:00:00Z,212.89999389648438,214.10000610351562,211.4499969482422,212.14999389648438,2955168
2023-09-27,2023-09-27T00:00:00Z,212.85000610351562,213.0500030517578,209.6999969482422,210.25,2573251
2023-09-28,2023-09-28T00:00:00Z,210.25,210.8000030517578,208.9499969482422,209.89999389648438,1906039
2023-09-29,2023-09-29T00:00:00Z,210.5500030517578,212.14999389648438,209.4499969482422,209.8000030517578,2614246
2023-10-02,2023-10-02T00:00:00Z,209.8000030517578,210.89999389648438,207.85000610351562,209.5500030517578,2894256
2023-10-03,2023-10-03T00:00:00Z,209.0,209.75,207.1999969482422,207.5,1987139
2023-10-04,2023-10-04T00:00:00Z,206.85000610351562,208.10000610351562,205.10000610351562,206.5500030517578,2396048
2023-10-05,2023-10-05T00:00:00Z,207.14999389648438,210.10000610351562,206.9499969482422,208.6999969482422,2802808
2023-10-06,2023-10-06T00:00:00Z,209.75,211.1999969482422,208.5500030517578,211.1999969482422,2079817
2023-10-09,2023-10-09T00:00:00Z,210.85000610351562,213.35000610351562,210.14999389648438,212.5500030517578,2980767
2023-10-10,2023-10-10T00:00:00Z,214.1999969482422,217.1999969482422,214.0,216.3000030517578,2577896
2023-10-11,2023-10-11T00:00:00Z,216.10000610351562,217.60000610351562,215.60000610351562,216.9499969482422,2935927
2023-10-12,2023-10-12T00:00:00Z,217.8000030517578,221.89999389648438,217.5500030517578,220.1999969482422,5675957
2023-10-13,2023-10-13T00:00:00Z,219.8000030517578,220.5,218.1999969482422,218.5500030517578,2752920
2023-10-16,2023-10-16T00:00:00Z,218.5500030517578,220.0500030517578,216.6999969482422,219.10000610351562,2751654
2023-10-17,2023-10-17T00:00:00Z,219.0,219.8000030517578,215.8000030517578,217.35000610351562,3223682
2023-10-18,2023-10-18T00:00:00Z,217.35000610351562,218.14999389648438,211.64999389648438,211.64999389648438,3721398
2023-10-19,2023-10-19T00:00:00Z,211.64999389648438,212.39999389648438,208.60000610351562,210.0,3178555
2023-10-20,2023-10-20T00:00:00Z,208.5500030517578,208.5500030517578,199.74000549316406,199.97999572753906,7650512
2023-10-23,2023-10-23T00:00:00Z,201.0500030517578,201.5,197.8800048828125,199.55999755859375,5126515
2023-10-24,2023-10-24T00:00:00Z,199.5800018310547,201.3000030517578,198.22000122070312,200.89999389648438,3209396
2023-10-25,2023-10-25T00:00:00Z,200.9499969482422,203.4499969482422,199.74000549316406,202.0,3412543
2023-10-26,2023-10-26T00:00:00Z,200.0500030517578,204.8000030517578,199.67999267578125,203.5500030517578,3294134
2023-10-27,2023-10-27T00:00:00Z,204.0,204.0,200.1999969482422,201.4499969482422,2350348
2023-10-30,2023-10-30T00:00:00Z,201.4499969482422,203.35000610351562,201.0500030517578,202.4499969482422,2060304
2023-10-31,2023-10-31T00:00:00Z,202.60000610351562,204.5500030517578,201.8000030517578,204.39999389648438,2425381
2023-11-01,2023-11-01T00:00:00Z,204.9499969482422,206.75,204.10000610351562,205.35000610351562,2417559
2023-11-02,2023-11-02T00:00:00Z,206.8000030517578,210.10000610351562,206.64999389648438,208.35000610351562,3238846
2023-11-03,2023-11-03T00:00:00Z,208.5,209.0,206.6999969482422,206.6999969482422,1711807
2023-11-06,2023-11-06T00:00:00Z,207.89999389648438,208.1999969482422,204.75,206.0500030517578,2906849
2023-11-07,2023-11-07T00:00:00Z,205.64999389648438,206.6999969482422,205.14999389648438,206.0,1869380
2023-11-08,2023-11-08T00:00:00Z,205.39999389648438,207.8000030517578,204.89999389648438,206.8000030517578,1577673
2023-11-09,2023-11-09T00:00:00Z,207.10000610351562,209.0,206.64999389648438,209.0,2404067
2023-11-10,2023-11-10T00:00:00Z,207.9499969482422,208.60000610351562,205.6999969482422,206.89999389648438,1881388
2023-11-13,2023-11-13T00:00:00Z,207.1999969482422,208.0,205.39999389648438,206.39999389648438,2229516
2023-11-14,2023-11-14T00:00:00Z,206.5,209.89999389648438,205.35000610351562,209.89999389648438,4662374
2023-11-15,2023-11-15T00:00:00Z,210.0,212.0500030517578,209.0500030517578,211.39999389648438,5649863
2023-11-16,2023-11-16T00:00:00Z,211.0500030517578,211.6999969482422,209.0500030517578,209.8000030517578,3891750
2023-11-17,2023-11-17T00:00:00Z,210.0,212.4499969482422,209.9499969482422,211.35000610351562,2890412
2023-11-20,2023-11-20T00:00:00Z,211.5500030517578,213.0,210.8000030517578,213.0,2639449
2023-11-21,2023-11-21T00:00:00Z,213.0,213.64999389648438,211.0500030517578,212.10000610351562,3738764
2023-11-22,2023-11-22T00:00:00Z,212.3000030517578,214.5,211.60000610351562,213.60000610351562,3744718
2023-11-23,2023-11-23T00:00:00Z,213.85000610351562,216.5500030517578,213.4499969482422,214.6999969482422,2324382
2023-11-24,2023-11-24T00:00:00Z,214.75,216.0,214.3000030517578,215.9499969482422,1924919
2023-11-27,2023-11-27T00:00:00Z,215.9499969482422,216.35000610351562,214.3000030517578,215.64999389648438,1959520
2023-11-28,2023-11-28T00:00:00Z,215.0,215.85000610351562,213.25,214.25,1977551
2023-11-29,2023-11-29T00:00:00Z,214.25,216.25,214.0500030517578,215.5,2687670
2023-11-30,2023-11-30T00:00:00Z,216.0,218.1999969482422,215.6999969482422,217.8000030517578,11116972
2023-12-01,2023-12-01T00:00:00Z,218.3000030517578,219.9499969482422,217.8000030517578,219.0500030517578,2600401
2023-12-04,2023-12-04T00:00:00Z,219.0,220.4499969482422,218.5,219.5,2610601
2023-12-05,2023-12-05T00:00:00Z,219.5,222.6999969482422,219.39999389648438,222.14999389648438,2858366
2023-12-06,2023-12-06T00:00:00Z,222.25,224.1999969482422,221.5,223.1999969482422,2135352
2023-12-07,2023-12-07T00:00:00Z,222.75,224.39999389648438,222.3000030517578,224.14999389648438,2721924
2023-12-08,2023-12-08T00:00:00Z,224.75,225.5500030517578,223.60000610351562,224.60000610351562,3113515
2023-12-11,2023-12-11T00:00:00Z,224.60000610351562,227.6999969482422,224.0500030517578,227.6999969482422,3538288
2023-12-12,2023-12-12T00:00:00Z,227.89999389648438,229.10000610351562,227.25,228.75,3548097
2023-12-13,2023-12-13T00:00:00Z,228.75,230.0500030517578,227.5500030517578,227.6999969482422,3816536
2023-12-14,2023-12-14T00:00:00Z,229.5500030517578,231.10000610351562,228.64999389648438,229.85000610351562,4607698
2023-12-15,2023-12-15T00:00:00Z,230.3000030517578,232.64999389648438,230.0500030517578,231.3000030517578,5155985
2023-12-18,2023-12-18T00:00:00Z,231.3000030517578,231.5500030517578,229.64999389648438,231.14999389648438,2447438
2023-12-19,2023-12-19T00:00:00Z,231.14999389648438,233.64999389648438,231.14999389648438,231.85000610351562,2878852
2023-12-20,2023-12-20T00:00:00Z,232.89999389648438,234.35000610351562,231.85000610351562,232.8000030517578,3808937
2023-12-21,2023-12-21T00:00:00Z,232.0,232.25,229.75,231.14999389648438,2213157
2023-12-22,2023-12-22T00:00:00Z,231.0,232.5,230.10000610351562,231.9499969482422,2107061
2023-12-27,2023-12-27T00:00:00Z,232.0,233.10000610351562,231.4499969482422,232.10000610351562,2610513
2023-12-28,2023-12-28T00:00:00Z,232.60000610351562,232.9499969482422,231.5,231.9499969482422,2084982
2023-12-29,2023-12-29T00:00:00Z,232.0,233.6999969482422,231.85000610351562,233.5,2445449
2024-01-02,2024-01-02T00:00:00Z,233.14999389648438,235.4499969482422,232.89999389648438,234.14999389648438,2600876
2024-01-03,2024-01-03T00:00:00Z,235.0,235.39999389648438,230.0500030517578,231.1999969482422,2496083
2024-01-04,2024-01-04T00:00:00Z,231.1999969482422,232.75,230.75,232.1999969482422,2088293
2024-01-05,2024-01-05T00:00:00Z,230.60000610351562,231.1999969482422,228.39999389648438,228.60000610351562,1651230
2024-01-08,2024-01-08T00:00:00Z,229.0,230.64999389648438,228.14999389648438,230.64999389648438,2008029
2024-01-09,2024-01-09T00:00:00Z,231.0,231.10000610351562,227.25,228.9499969482422,2889016
2024-01-10,2024-01-10T00:00:00Z,228.39999389648438,229.10000610351562,227.75,229.10000610351562,2556991
2024-01-11,2024-01-11T00:00:00Z,230.0,231.60000610351562,228.39999389648438,228.60000610351562,2608031
2024-01-12,2024-01-12T00:00:00Z,229.0,232.25,229.0,232.25,2165046
2024-01-15,2024-01-15T00:00:00Z,231.60000610351562,232.0,229.75,230.5500030517578,1097491
2024-01-16,2024-01-16T00:00:00Z,229.5,230.3000030517578,228.60000610351562,229.75,1678419
2024-01-17,2024-01-17T00:00:00Z,227.35000610351562,227.5500030517578,224.5,226.14999389648438,2686885
2024-01-18,2024-01-18T00:00:00Z,227.0,227.5500030517578,225.3000030517578,227.0,2369609
2024-01-19,2024-01-19T00:00:00Z,228.4499969482422,231.35000610351562,228.4499969482422,230.5500030517578,3740667
2024-01-22,2024-01-22T00:00:00Z,232.9499969482422,240.0500030517578,232.4499969482422,238.6999969482422,5366447
2024-01-23,2024-01-23T00:00:00Z,240.0,240.0,236.6999969482422,237.9499969482422,3983260
2024-01-24,2024-01-24T00:00:00Z,240.0,241.5,239.35000610351562,241.25,2563718
2024-01-25,2024-01-25T00:00:00Z,241.8000030517578,242.5,239.35000610351562,242.5,2358131
2024-01-26,2024-01-26T00:00:00Z,242.85000610351562,244.3000030517578,240.89999389648438,244.10000610351562,1912320
2024-01-29,2024-01-29T00:00:00Z,244.1999969482422,246.10000610351562,242.9499969482422,244.6999969482422,2062003
2024-01-30,2024-01-30T00:00:00Z,245.0500030517578,246.64999389648438,245.0500030517578,246.35000610351562,1747896
2024-01-31,2024-01-31T00:00:00Z,247.0,247.39999389648438,245.75,245.89999389648438,2891500
2024-02-01,2024-02-01T00:00:00Z,245.0,247.89999389648438,244.3000030517578,246.3000030517578,2140249
2024-02-02,2024-02-02T00:00:00Z,248.3000030517578,249.35000610351562,246.5500030517578,247.10000610351562,1790912
2024-02-05,2024-02-05T00:00:00Z,247.1999969482422,247.6999969482422,245.10000610351562,246.0,2231078
2024-02-06,2024-02-06T00:00:00Z,247.64999389648438,248.1999969482422,245.1999969482422,247.6999969482422,2146537
2024-02-07,2024-02-07T00:00:00Z,247.6999969482422,248.5500030517578,246.89999389648438,247.5,1964922
2024-02-08,2024-02-08T00:00:00Z,248.39999389648438,249.14999389648438,247.14999389648438,248.5500030517578,1780531
2024-02-09,2024-02-09T00:00:00Z,248.5500030517578,249.60000610351562,246.4499969482422,247.75,1935019
2024-02-12,2024-02-12T00:00:00Z,248.35000610351562,250.25,247.64999389648438,250.10000610351562,1852216
2024-02-13,2024-02-13T00:00:00Z,249.60000610351562,250.0,247.64999389648438,249.39999389648438,2624004
2024-02-14,2024-02-14T00:00:00Z,249.39999389648438,251.25,249.0500030517578,250.8000030517578,2189320
2024-02-15,2024-02-15T00:00:00Z,251.60000610351562,253.5,250.6999969482422,251.35000610351562,2601878
2024-02-16,2024-02-16T00:00:00Z,252.5,256.1499938964844,252.5,255.39999389648438,2950388
2024-02-19,2024-02-19T00:00:00Z,254.8000030517578,256.25,252.64999389648438,256.20001220703125,1880913
2024-02-20,2024-02-20T00:00:00Z,256.20001220703125,256.79998779296875,253.8000030517578,255.60000610351562,2008306
2024-02-21,2024-02-21T00:00:00Z,255.60000610351562,256.04998779296875,252.39999389648438,254.4499969482422,1729125
2024-02-22,2024-02-22T00:00:00Z,256.0,258.0,255.14999389648438,257.45001220703125,2128590
2024-02-23,2024-02-23T00:00:00Z,258.0,259.95001220703125,257.20001220703125,259.95001220703125,1752658
2024-02-26,2024-02-26T00:00:00Z,260.0,260.75,259.1000061035156,260.45001220703125,1852987
2024-02-27,2024-02-27T00:00:00Z,261.0,261.1499938964844,258.8999938964844,259.1000061035156,2332476
2024-02-28,2024-02-28T00:00:00Z,259.1000061035156,260.04998779296875,258.29998779296875,259.0,1828391
2024-02-29,2024-02-29T00:00:00Z,259.5,260.70001220703125,257.45001220703125,260.3999938964844,5045604
2024-03-01,2024-03-01T00:00:00Z,261.0,262.0,258.95001220703125,260.04998779296875,2017229
2024-03-04,2024-03-04T00:00:00Z,260.1000061035156,260.29998779296875,258.29998779296875,259.54998779296875,1990489
2024-03-05,2024-03-05T00:00:00Z,259.5,260.8500061035156,256.6000061035156,259.5,2441962
2024-03-06,2024-03-06T00:00:00Z,259.5,260.75,257.6000061035156,260.54998779296875,2269039
2024-03-07,2024-03-07T00:00:00Z,259.8999938964844,262.29998779296875,258.25,261.75,1954307
2024-03-08,2024-03-08T00:00:00Z,262.1000061035156,264.04998779296875,261.6000061035156,263.25,2332242
2024-03-11,2024-03-11T00:00:00Z,262.70001220703125,263.5,261.75,263.20001220703125,2227295
2024-03-12,2024-03-12T00:00:00Z,264.0,269.3500061035156,263.8999938964844,268.54998779296875,3604738
2024-03-13,2024-03-13T00:00:00Z,269.20001220703125,269.75,267.75,268.75,3231380
2024-03-14,2024-03-14T00:00:00Z,269.5,270.75,267.3999938964844,268.04998779296875,3255856
2024-03-15,2024-03-15T00:00:00Z,267.8999938964844,271.45001220703125,267.0,270.8500061035156,6096263
2024-03-18,2024-03-18T00:00:00Z,270.8500061035156,271.1499938964844,259.45001220703125,263.1499938964844,4510799
2024-03-19,2024-03-19T00:00:00Z,262.95001220703125,266.3999938964844,262.54998779296875,266.1000061035156,2846219
2024-03-20,2024-03-20T00:00:00Z,265.5,265.6499938964844,263.0,263.79998779296875,2375250
2024-03-21,2024-03-21T00:00:00Z,267.54998779296875,267.95001220703125,264.6000061035156,267.3500061035156,2881461
2024-03-22,2024-03-22T00:00:00Z,266.04998779296875,269.95001220703125,265.5,269.45001220703125,2521694
2024-03-25,2024-03-25T00:00:00Z,269.45001220703125,270.25,268.1499938964844,269.5,2190907
2024-03-26,2024-03-26T00:00:00Z,269.54998779296875,272.0,268.6499938964844,269.5,3101811
2024-03-27,2024-03-27T00:00:00Z,269.54998779296875,270.79998779296875,268.8999938964844,269.8500061035156,2615776
2024-03-28,2024-03-28T00:00:00Z,269.8999938964844,271.29998779296875,267.54998779296875,268.6499938964844,1953790
2024-04-02,2024-04-02T00:00:00Z,269.0,272.0,266.1000061035156,268.29998779296875,3400878
2024-04-03,2024-04-03T00:00:00Z,268.3999938964844,270.70001220703125,268.1499938964844,268.1499938964844,2191643
2024-04-04,2024-04-04T00:00:00Z,268.3500061035156,268.6499938964844,267.04998779296875,268.1499938964844,1582991
2024-04-05,2024-04-05T00:00:00Z,263.95001220703125,264.04998779296875,260.20001220703125,262.1499938964844,3711341
2024-04-08,2024-04-08T00:00:00Z,262.1499938964844,263.5,259.29998779296875,263.1000061035156,2984987
2024-04-09,2024-04-09T00:00:00Z,262.6499938964844,263.75,260.54998779296875,261.3999938964844,2209083
2024-04-10,2024-04-10T00:00:00Z,262.20001220703125,263.95001220703125,259.3999938964844,261.70001220703125,2134669
2024-04-11,2024-04-11T00:00:00Z,261.6499938964844,262.29998779296875,257.0,260.1000061035156,2710792
2024-04-12,2024-04-12T00:00:00Z,262.0,264.8999938964844,260.0,260.79998779296875,2025169
2024-04-15,2024-04-15T00:00:00Z,261.54998779296875,263.8999938964844,261.1499938964844,262.1499938964844,1824980
2024-04-16,2024-04-16T00:00:00Z,260.0,260.95001220703125,257.6499938964844,260.54998779296875,2310200
2024-04-17,2024-04-17T00:00:00Z,260.3500061035156,264.29998779296875,260.0,262.29998779296875,2238013
2024-04-18,2024-04-18T00:00:00Z,265.5,267.25,259.6000061035156,261.8500061035156,2462315
2024-04-19,2024-04-19T00:00:00Z,259.8500061035156,261.79998779296875,258.79998779296875,261.04998779296875,2728206
2024-04-22,2024-04-22T00:00:00Z,262.29998779296875,265.0,261.70001220703125,264.25,3045616
2024-04-23,2024-04-23T00:00:00Z,266.20001220703125,268.8999938964844,266.0,268.6000061035156,2336127
2024-04-24,2024-04-24T00:00:00Z,270.0,271.1499938964844,268.29998779296875,270.0,2610904
2024-04-25,2024-04-25T00:00:00Z,270.3999938964844,271.29998779296875,265.20001220703125,266.1000061035156,2613937
2024-04-26,2024-04-26T00:00:00Z,268.0,271.54998779296875,267.8999938964844,271.04998779296875,2712920
2024-04-29,2024-04-29T00:00:00Z,271.6000061035156,274.04998779296875,271.6000061035156,272.1000061035156,2472214
2024-04-30,2024-04-30T00:00:00Z,272.54998779296875,272.8999938964844,269.45001220703125,272.3500061035156,2378073
2024-05-02,2024-05-02T00:00:00Z,273.04998779296875,273.29998779296875,268.6000061035156,269.79998779296875,3172663
2024-05-03,2024-05-03T00:00:00Z,270.8999938964844,273.45001220703125,269.8500061035156,273.45001220703125,2302094
2024-05-06,2024-05-06T00:00:00Z,274.5,276.54998779296875,273.3999938964844,276.3500061035156,1920504
2024-05-07,2024-05-07T00:00:00Z,277.5,280.0,275.79998779296875,280.0,3069271
2024-05-08,2024-05-08T00:00:00Z,277.5,279.5,276.45001220703125,279.0,1711385
2024-05-10,2024-05-10T00:00:00Z,282.5,283.25,280.20001220703125,282.3500061035156,2660951
2024-05-13,2024-05-13T00:00:00Z,282.3999938964844,282.79998779296875,280.5,282.54998779296875,1418436
2024-05-14,2024-05-14T00:00:00Z,282.3999938964844,283.20001220703125,280.1499938964844,281.6499938964844,2178056
2024-05-15,2024-05-15T00:00:00Z,282.8500061035156,284.3500061035156,280.5,281.6000061035156,2203115
2024-05-16,2024-05-16T00:00:00Z,282.45001220703125,282.75,276.1499938964844,278.04998779296875,3052113
2024-05-17,2024-05-17T00:00:00Z,277.6499938964844,277.70001220703125,275.1000061035156,276.6499938964844,2265296
2024-05-20,2024-05-20T00:00:00Z,277.6000061035156,283.45001220703125,277.45001220703125,283.29998779296875,3031183
2024-05-21,2024-05-21T00:00:00Z,283.70001220703125,286.79998779296875,282.6000061035156,286.25,2970255
2024-05-22,2024-05-22T00:00:00Z,287.0,288.0,285.6499938964844,286.1499938964844,2326242
2024-05-23,2024-05-23T00:00:00Z,286.6000061035156,287.3999938964844,283.8500061035156,285.0,2565028
2024-05-24,2024-05-24T00:00:00Z,284.04998779296875,285.45001220703125,282.20001220703125,284.8500061035156,2297502
2024-05-27,2024-05-27T00:00:00Z,284.8500061035156,286.20001220703125,283.79998779296875,285.95001220703125,1798520
2024-05-28,2024-05-28T00:00:00Z,286.6000061035156,287.6499938964844,281.8999938964844,283.8500061035156,2476247
2024-05-29,2024-05-29T00:00:00Z,283.5,284.20001220703125,281.25,282.20001220703125,2440485
2024-05-30,2024-05-30T00:00:00Z,282.20001220703125,282.54998779296875,280.8500061035156,282.0,1701868
2024-05-31,2024-05-31T00:00:00Z,282.1499938964844,284.6499938964844,281.0,284.3999938964844,11369683
2024-06-03,2024-06-03T00:00:00Z,286.8999938964844,288.8500061035156,284.3500061035156,285.3500061035156,2523250
2024-06-04,2024-06-04T00:00:00Z,285.0,285.95001220703125,282.75,284.04998779296875,2104864
2024-06-05,2024-06-05T00:00:00Z,285.75,288.8999938964844,285.70001220703125,287.20001220703125,2701102
2024-06-07,2024-06-07T00:00:00Z,289.0,289.75,286.54998779296875,288.79998779296875,2750445
2024-06-10,2024-06-10T00:00:00Z,288.54998779296875,288.54998779296875,285.8999938964844,286.8500061035156,2391057
2024-06-11,2024-06-11T00:00:00Z,287.8999938964844,289.6000061035156,283.29998779296875,285.20001220703125,2553026
2024-06-12,2024-06-12T00:00:00Z,286.1499938964844,293.5,285.95001220703125,292.75,2634228
2024-06-13,2024-06-13T00:00:00Z,292.75,293.5,286.3999938964844,286.8500061035156,4070228
2024-06-14,2024-06-14T00:00:00Z,287.54998779296875,287.95001220703125,282.25,283.75,2134683
2024-06-17,2024-06-17T00:00:00Z,284.6000061035156,285.6000061035156,282.0,283.6000061035156,2701276
2024-06-18,2024-06-18T00:00:00Z,284.6499938964844,285.3500061035156,283.1499938964844,284.8500061035156,2370255
2024-06-19,2024-06-19T00:00:00Z,284.8500061035156,285.45001220703125,282.79998779296875,284.45001220703125,2012828
2024-06-20,2024-06-20T00:00:00Z,285.0,288.8999938964844,284.8500061035156,287.95001220703125,3714162
2024-06-24,2024-06-24T00:00:00Z,286.70001220703125,289.8999938964844,283.29998779296875,288.8500061035156,2490084
2024-06-25,2024-06-25T00:00:00Z,288.8500061035156,289.04998779296875,285.95001220703125,286.8500061035156,1753948
2024-06-26,2024-06-26T00:00:00Z,288.45001220703125,291.3999938964844,288.0,289.1000061035156,2315878
2024-06-27,2024-06-27T00:00:00Z,289.1000061035156,291.75,288.8999938964844,289.25,1861227
2024-06-28,2024-06-28T00:00:00Z,290.6499938964844,291.45001220703125,288.5,290.20001220703125,2689656
2024-07-01,2024-07-01T00:00:00Z,292.6000061035156,292.75,289.1000061035156,290.04998779296875,1646829
2024-07-02,2024-07-02T00:00:00Z,290.04998779296875,290.5,288.1000061035156,290.5,1661739
2024-07-03,2024-07-03T00:00:00Z,291.29998779296875,291.45001220703125,288.29998779296875,289.5,2241054
2024-07-04,2024-07-04T00:00:00Z,290.0,291.8999938964844,289.25,291.04998779296875,1357774
2024-07-05,2024-07-05T00:00:00Z,291.70001220703125,292.0,288.20001220703125,289.04998779296875,1582571
2024-07-08,2024-07-08T00:00:00Z,289.04998779296875,289.1499938964844,286.6000061035156,288.1000061035156,1700346
2024-07-09,2024-07-09T00:00:00Z,287.70001220703125,290.5,286.25,286.95001220703125,1531158
2024-07-10,2024-07-10T00:00:00Z,287.3500061035156,287.5,284.95001220703125,287.0,1669480
2024-07-11,2024-07-11T00:00:00Z,287.5,288.6499938964844,286.5,287.75,1741129
2024-07-12,2024-07-12T00:00:00Z,288.29998779296875,296.3500061035156,288.1499938964844,296.1000061035156,2358240
2024-07-15,2024-07-15T00:00:00Z,295.95001220703125,297.0,294.54998779296875,296.0,1554415
2024-07-16,2024-07-16T00:00:00Z,295.8500061035156,297.5,294.1000061035156,296.1499938964844,1757464
2024-07-17,2024-07-17T00:00:00Z,296.1499938964844,296.75,291.8999938964844,294.45001220703125,2297955
2024-07-18,2024-07-18T00:00:00Z,295.0,298.8500061035156,292.75,293.04998779296875,3464009
2024-07-19,2024-07-19T00:00:00Z,293.04998779296875,295.3500061035156,291.6499938964844,294.3500061035156,1847223
2024-07-22,2024-07-22T00:00:00Z,295.1000061035156,299.3999938964844,295.1000061035156,298.79998779296875,1864666
2024-07-23,2024-07-23T00:00:00Z,299.5,301.95001220703125,297.79998779296875,300.0,1714113
2024-07-24,2024-07-24T00:00:00Z,298.5,298.6000061035156,296.20001220703125,296.6499938964844,1939410
2024-07-25,2024-07-25T00:00:00Z,294.20001220703125,296.6499938964844,291.8999938964844,296.29998779296875,2249443
2024-07-26,2024-07-26T00:00:00Z,296.29998779296875,300.54998779296875,295.70001220703125,299.70001220703125,1953612
2024-07-29,2024-07-29T00:00:00Z,301.0,304.1499938964844,300.8500061035156,300.8999938964844,1839287
2024-07-30,2024-07-30T00:00:00Z,301.1000061035156,303.45001220703125,300.70001220703125,301.3500061035156,1553253
2024-07-31,2024-07-31T00:00:00Z,303.25,305.6000061035156,302.0,303.79998779296875,2587431
2024-08-01,2024-08-01T00:00:00Z,304.0,304.20001220703125,297.54998779296875,298.0,2049044
2024-08-02,2024-08-02T00:00:00Z,296.1499938964844,296.1499938964844,281.6000061035156,282.0,5709207
2024-08-05,2024-08-05T00:00:00Z,272.0,275.54998779296875,265.8999938964844,273.0,7907477
2024-08-06,2024-08-06T00:00:00Z,280.25,281.3999938964844,275.95001220703125,277.1499938964844,4770692
2024-08-07,2024-08-07T00:00:00Z,280.0,285.1499938964844,279.3999938964844,284.1499938964844,3302325
2024-08-08,2024-08-08T00:00:00Z,282.6000061035156,284.6000061035156,279.5,283.3999938964844,2437573
2024-08-09,2024-08-09T00:00:00Z,285.20001220703125,287.8500061035156,283.79998779296875,285.1499938964844,1745275
2024-08-12,2024-08-12T00:00:00Z,286.1000061035156,288.1000061035156,284.8999938964844,286.0,1603131
2024-08-13,2024-08-13T00:00:00Z,287.0,287.8999938964844,284.70001220703125,287.04998779296875,1442123
2024-08-14,2024-08-14T00:00:00Z,288.8999938964844,289.8999938964844,287.5,289.75,1619445
2024-08-15,2024-08-15T00:00:00Z,290.5,294.3999938964844,290.0,293.8999938964844,1677349
2024-08-16,2024-08-16T00:00:00Z,293.8999938964844,296.70001220703125,292.8999938964844,296.54998779296875,2192656
2024-08-19,2024-08-19T00:00:00Z,296.70001220703125,297.3999938964844,295.04998779296875,297.3500061035156,1647792
2024-08-20,2024-08-20T00:00:00Z,298.0,298.3500061035156,295.0,296.0,1646163
2024-08-21,2024-08-21T00:00:00Z,296.0,297.25,294.54998779296875,295.79998779296875,1418717
2024-08-22,2024-08-22T00:00:00Z,295.79998779296875,301.6000061035156,295.79998779296875,300.54998779296875,1895514
2024-08-23,2024-08-23T00:00:00Z,300.54998779296875,303.45001220703125,300.54998779296875,302.20001220703125,2249758
2024-08-26,2024-08-26T00:00:00Z,302.20001220703125,304.75,301.54998779296875,304.20001220703125,1868505
2024-08-27,2024-08-27T00:00:00Z,304.20001220703125,304.79998779296875,299.8999938964844,300.04998779296875,1758899
2024-08-28,2024-08-28T00:00:00Z,301.3999938964844,304.3999938964844,299.6000061035156,302.95001220703125,1649738
2024-08-29,2024-08-29T00:00:00Z,302.95001220703125,306.6000061035156,302.95001220703125,306.5,1430354
2024-08-30,2024-08-30T00:00:00Z,306.0,306.3999938964844,304.1499938964844,305.3500061035156,3517623
2024-09-02,2024-09-02T00:00:00Z,305.3500061035156,307.20001220703125,304.25,307.20001220703125,1615102
2024-09-03,2024-09-03T00:00:00Z,307.1000061035156,308.6000061035156,303.70001220703125,304.5,2128567
2024-09-04,2024-09-04T00:00:00Z,297.5,303.1000061035156,297.0,300.70001220703125,2376260
2024-09-05,2024-09-05T00:00:00Z,299.8999938964844,299.95001220703125,292.1499938964844,293.25,2932133
2024-09-06,2024-09-06T00:00:00Z,292.8500061035156,298.25,291.04998779296875,294.1000061035156,2198654
2024-09-09,2024-09-09T00:00:00Z,296.0,298.8999938964844,295.8999938964844,298.45001220703125,1615837
2024-09-10,2024-09-10T00:00:00Z,298.45001220703125,300.54998779296875,296.6000061035156,298.25,1624154
2024-09-11,2024-09-11T00:00:00Z,298.3999938964844,300.20001220703125,294.79998779296875,295.6499938964844,1774801
2024-09-12,2024-09-12T00:00:00Z,299.54998779296875,302.54998779296875,297.29998779296875,298.95001220703125,1764072
2024-09-13,2024-09-13T00:00:00Z,300.0,301.3999938964844,299.45001220703125,301.04998779296875,1557431
2024-09-16,2024-09-16T00:00:00Z,300.04998779296875,304.6000061035156,299.6000061035156,303.75,1347593
2024-09-17,2024-09-17T00:00:00Z,304.20001220703125,306.6499938964844,304.20001220703125,305.45001220703125,1828582
2024-09-18,2024-09-18T00:00:00Z,305.45001220703125,305.8500061035156,300.8999938964844,302.0,2595955
2024-09-19,2024-09-19T00:00:00Z,304.95001220703125,309.25,303.6000061035156,308.6000061035156,2930601
2024-09-20,2024-09-20T00:00:00Z,308.20001220703125,311.8999938964844,307.95001220703125,310.1499938964844,6997514
2024-09-23,2024-09-23T00:00:00Z,310.3500061035156,312.3500061035156,308.1499938964844,310.1499938964844,2431205
2024-09-24,2024-09-24T00:00:00Z,311.25,311.3500061035156,305.3500061035156,307.8500061035156,2402431
2024-09-25,2024-09-25T00:00:00Z,307.0,311.8500061035156,306.54998779296875,311.25,2199416
2024-09-26,2024-09-26T00:00:00Z,312.95001220703125,315.0,312.3500061035156,314.04998779296875,2357220
2024-09-27,2024-09-27T00:00:00Z,314.04998779296875,315.3500061035156,310.04998779296875,311.8500061035156,2675795
2024-09-30,2024-09-30T00:00:00Z,311.29998779296875,313.20001220703125,310.5,312.54998779296875,2520648
2024-10-01,2024-10-01T00:00:00Z,312.70001220703125,314.8999938964844,309.45001220703125,310.1000061035156,2305913
2024-10-02,2024-10-02T00:00:00Z,310.70001220703125,311.6000061035156,307.79998779296875,310.1000061035156,1950905
2024-10-03,2024-10-03T00:00:00Z,309.25,309.75,306.54998779296875,307.20001220703125,1672899
2024-10-04,2024-10-04T00:00:00Z,307.29998779296875,308.79998779296875,305.54998779296875,307.3999938964844,1981778
2024-10-07,2024-10-07T00:00:00Z,308.0,308.75,305.1499938964844,306.25,1586151
2024-10-08,2024-10-08T00:00:00Z,304.54998779296875,306.70001220703125,303.79998779296875,305.3500061035156,1622753
2024-10-09,2024-10-09T00:00:00Z,305.3500061035156,307.8500061035156,303.6000061035156,307.1000061035156,1968312
2024-10-10,2024-10-10T00:00:00Z,307.1000061035156,307.95001220703125,303.1000061035156,304.75,1817082
2024-10-11,2024-10-11T00:00:00Z,305.29998779296875,311.8999938964844,305.25,311.8999938964844,3153821
2024-10-14,2024-10-14T00:00:00Z,312.0,313.25,309.5,313.25,1771744
2024-10-15,2024-10-15T00:00:00Z,313.3999938964844,315.20001220703125,309.79998779296875,310.6499938964844,2443402
2024-10-16,2024-10-16T00:00:00Z,310.6499938964844,311.6499938964844,308.6499938964844,310.75,2041032
2024-10-17,2024-10-17T00:00:00Z,311.6499938964844,316.79998779296875,306.0,308.5,3254778
2024-10-18,2024-10-18T00:00:00Z,308.5,311.1000061035156,306.20001220703125,309.95001220703125,1833620
2024-10-21,2024-10-21T00:00:00Z,307.29998779296875,311.6499938964844,306.0,308.3999938964844,2066505
2024-10-22,2024-10-22T00:00:00Z,308.3999938964844,309.25,303.79998779296875,306.6000061035156,1729416
2024-10-23,2024-10-23T00:00:00Z,306.0,307.95001220703125,304.54998779296875,306.70001220703125,2331128
2024-10-24,2024-10-24T00:00:00Z,306.8999938964844,307.95001220703125,303.54998779296875,303.8999938964844,2452808
2024-10-25,2024-10-25T00:00:00Z,303.8999938964844,307.1000061035156,303.8999938964844,306.0,1972766
2024-10-28,2024-10-28T00:00:00Z,306.70001220703125,309.95001220703125,306.1000061035156,309.1499938964844,2210618
2024-10-29,2024-10-29T00:00:00Z,310.1000061035156,311.75,307.45001220703125,307.5,1922341
2024-10-30,2024-10-30T00:00:00Z,306.6000061035156,307.29998779296875,302.70001220703125,303.3999938964844,2297132
2024-10-31,2024-10-31T00:00:00Z,301.45001220703125,302.54998779296875,299.75,301.45001220703125,3745213
2024-11-01,2024-11-01T00:00:00Z,301.45001220703125,303.45001220703125,301.1000061035156,302.1499938964844,1371460
2024-11-04,2024-11-04T00:00:00Z,302.1499938964844,304.5,301.70001220703125,303.8500061035156,1495060
2024-11-05,2024-11-05T00:00:00Z,303.8500061035156,304.45001220703125,301.1000061035156,303.5,1770222
2024-11-06,2024-11-06T00:00:00Z,307.0,312.75,303.6000061035156,303.6499938964844,3692105
2024-11-07,2024-11-07T00:00:00Z,303.8500061035156,306.45001220703125,300.75,305.8999938964844,2348102
2024-11-08,2024-11-08T00:00:00Z,304.0,304.79998779296875,300.04998779296875,302.75,2330513
2024-11-11,2024-11-11T00:00:00Z,304.5,307.3500061035156,303.8500061035156,305.3500061035156,1882241
2024-11-12,2024-11-12T00:00:00Z,302.45001220703125,303.1000061035156,297.04998779296875,298.1499938964844,3167245
2024-11-13,2024-11-13T00:00:00Z,298.1499938964844,299.0,293.29998779296875,296.70001220703125,2873329
2024-11-14,2024-11-14T00:00:00Z,298.5,301.20001220703125,298.29998779296875,300.70001220703125,2711664
2024-11-15,2024-11-15T00:00:00Z,299.0,299.3500061035156,295.95001220703125,296.25,2149695
2024-11-18,2024-11-18T00:00:00Z,297.04998779296875,298.75,295.04998779296875,297.8999938964844,2149254
2024-11-19,2024-11-19T00:00:00Z,298.20001220703125,298.8999938964844,292.1000061035156,295.8999938964844,3139576
2024-11-20,2024-11-20T00:00:00Z,297.20001220703125,298.54998779296875,294.6499938964844,295.04998779296875,2154957
2024-11-21,2024-11-21T00:00:00Z,295.04998779296875,297.25,292.3500061035156,296.8500061035156,2415279
2024-11-22,2024-11-22T00:00:00Z,297.70001220703125,299.5,294.6000061035156,298.45001220703125,2399073
2024-11-25,2024-11-25T00:00:00Z,299.3500061035156,300.70001220703125,296.1000061035156,297.6499938964844,5459052
2024-11-26,2024-11-26T00:00:00Z,295.5,298.0,294.8500061035156,296.6499938964844,1636499
2024-11-27,2024-11-27T00:00:00Z,296.25,297.95001220703125,294.6000061035156,297.20001220703125,1921878
2024-11-28,2024-11-28T00:00:00Z,298.70001220703125,299.8999938964844,297.5,297.6499938964844,1596770
2024-11-29,2024-11-29T00:00:00Z,297.20001220703125,299.3500061035156,296.20001220703125,299.25,2351311
2024-12-02,2024-12-02T00:00:00Z,297.70001220703125,304.1499938964844,296.5,303.20001220703125,3157384
2024-12-03,2024-12-03T00:00:00Z,303.54998779296875,305.79998779296875,302.8999938964844,305.1499938964844,2112026
2024-12-04,2024-12-04T00:00:00Z,305.5,306.79998779296875,304.79998779296875,305.45001220703125,2013475
2024-12-05,2024-12-05T00:00:00Z,305.45001220703125,307.45001220703125,305.45001220703125,305.75,1983564
2024-12-06,2024-12-06T00:00:00Z,305.25,308.79998779296875,304.20001220703125,308.20001220703125,1781884
2024-12-09,2024-12-09T00:00:00Z,308.5,309.45001220703125,304.8500061035156,305.1000061035156,2113271
2024-12-10,2024-12-10T00:00:00Z,304.6499938964844,305.6499938964844,303.0,303.0,2000252
2024-12-11,2024-12-11T00:00:00Z,302.45001220703125,304.1000061035156,298.6499938964844,299.6499938964844,2640985
2024-12-12,2024-12-12T00:00:00Z,300.0,301.70001220703125,296.04998779296875,297.6000061035156,2345766
2024-12-13,2024-12-13T00:00:00Z,297.20001220703125,299.29998779296875,296.5,296.8999938964844,2170864
2024-12-16,2024-12-16T00:00:00Z,296.8999938964844,297.79998779296875,295.79998779296875,296.6499938964844,2028754
2024-12-17,2024-12-17T00:00:00Z,295.3999938964844,296.0,293.79998779296875,295.45001220703125,2178490
2024-12-18,2024-12-18T00:00:00Z,295.5,297.3999938964844,294.3500061035156,296.20001220703125,1807710
2024-12-19,2024-12-19T00:00:00Z,291.3500061035156,293.0,289.3999938964844,290.3500061035156,3596454
2024-12-20,2024-12-20T00:00:00Z,288.5,291.0,285.1499938964844,290.6499938964844,5317894
2024-12-23,2024-12-23T00:00:00Z,290.5,292.3999938964844,289.04998779296875,291.20001220703125,2200592
2024-12-27,2024-12-27T00:00:00Z,291.5,294.1000061035156,290.75,293.6000061035156,2014146
2024-12-30,2024-12-30T00:00:00Z,292.79998779296875,294.1000061035156,290.70001220703125,292.70001220703125,2000072
2025-01-02,2025-01-02T00:00:00Z,292.70001220703125,296.5,292.20001220703125,296.0,2330368
2025-01-03,2025-01-03T00:00:00Z,296.29998779296875,296.95001220703125,294.8999938964844,296.70001220703125,1873431
2025-01-07,2025-01-07T00:00:00Z,299.1000061035156,301.29998779296875,295.875,297.70001220703125,2499747
2025-01-08,2025-01-08T00:00:00Z,297.54998779296875,301.54998779296875,296.70001220703125,300.3999938964844,2560590
2025-01-09,2025-01-09T00:00:00Z,300.29998779296875,301.3500061035156,298.8999938964844,300.04998779296875,1587252
2025-01-10,2025-01-10T00:00:00Z,300.3999938964844,302.20001220703125,298.1000061035156,299.3999938964844,1778061
2025-01-13,2025-01-13T00:00:00Z,298.29998779296875,298.45001220703125,294.375,297.5,1968666
2025-01-14,2025-01-14T00:00:00Z,299.0,299.6499938964844,296.1000061035156,296.6000061035156,2159933
2025-01-15,2025-01-15T00:00:00Z,296.6000061035156,304.20001220703125,296.20001220703125,303.70001220703125,2903104
2025-01-16,2025-01-16T00:00:00Z,304.8999938964844,306.0,303.5,305.1499938964844,2257111
2025-01-17,2025-01-17T00:00:00Z,305.54998779296875,312.8999938964844,305.54998779296875,312.8999938964844,4401121
2025-01-20,2025-01-20T00:00:00Z,312.8999938964844,313.8500061035156,310.79998779296875,311.3500061035156,2328960
2025-01-21,2025-01-21T00:00:00Z,311.8500061035156,314.54998779296875,311.6000061035156,313.6000061035156,2478671
2025-01-22,2025-01-22T00:00:00Z,314.0,318.25,314.0,316.29998779296875,2955809
2025-01-23,2025-01-23T00:00:00Z,316.1499938964844,316.20001220703125,305.54998779296875,314.79998779296875,6617645
2025-01-24,2025-01-24T00:00:00Z,317.5,323.1499938964844,315.04998779296875,315.20001220703125,3291158
2025-01-27,2025-01-27T00:00:00Z,313.6499938964844,313.70001220703125,309.45001220703125,311.5,3184842
2025-01-28,2025-01-28T00:00:00Z,312.20001220703125,316.3500061035156,311.6000061035156,313.20001220703125,2947295
2025-01-29,2025-01-29T00:00:00Z,314.5,315.8999938964844,314.1499938964844,314.70001220703125,2370745
2025-01-30,2025-01-30T00:00:00Z,315.0,317.8999938964844,315.0,317.54998779296875,2080629
2025-01-31,2025-01-31T00:00:00Z,317.8999938964844,318.29998779296875,316.29998779296875,316.29998779296875,2408078
2025-02-03,2025-02-03T00:00:00Z,309.70001220703125,310.8500061035156,303.75,306.45001220703125,5235221
2025-02-04,2025-02-04T00:00:00Z,306.8999938964844,307.29998779296875,302.1000061035156,306.70001220703125,2860283
2025-02-05,2025-02-05T00:00:00Z,305.45001220703125,309.75,304.3999938964844,308.6499938964844,2770171
2025-02-06,2025-02-06T00:00:00Z,309.8500061035156,315.1499938964844,309.79998779296875,313.5,3230390
2025-02-07,2025-02-07T00:00:00Z,313.1499938964844,313.95001220703125,310.6499938964844,310.75,2254776
2025-02-10,2025-02-10T00:00:00Z,310.95001220703125,313.1499938964844,310.8500061035156,312.6000061035156,3017055
2025-02-11,2025-02-11T00:00:00Z,312.0,314.70001220703125,311.75,314.70001220703125,3370926
2025-02-12,2025-02-12T00:00:00Z,315.29998779296875,318.04998779296875,314.6000061035156,315.75,3266442
2025-02-13,2025-02-13T00:00:00Z,317.25,321.29998779296875,316.29998779296875,319.79998779296875,3080237
2025-02-14,2025-02-14T00:00:00Z,320.0,320.75,318.5,319.25,2305304
2025-02-17,2025-02-17T00:00:00Z,319.0,324.1499938964844,318.8999938964844,324.04998779296875,2264269
2025-02-18,2025-02-18T00:00:00Z,324.79998779296875,326.20001220703125,322.8500061035156,325.75,2421077
2025-02-19,2025-02-19T00:00:00Z,325.75,326.6000061035156,320.3500061035156,320.95001220703125,3264464
2025-02-20,2025-02-20T00:00:00Z,321.1000061035156,324.5,320.79998779296875,321.6499938964844,2408085
2025-02-21,2025-02-21T00:00:00Z,321.75,325.3999938964844,321.3999938964844,322.1000061035156,3491212
2025-02-24,2025-02-24T00:00:00Z,322.3999938964844,324.1499938964844,318.29998779296875,319.1499938964844,2867389
2025-02-25,2025-02-25T00:00:00Z,318.29998779296875,320.54998779296875,317.29998779296875,319.45001220703125,2529595
2025-02-26,2025-02-26T00:00:00Z,320.5,325.6000061035156,320.5,325.0,3371858
2025-02-27,2025-02-27T00:00:00Z,323.70001220703125,325.1000061035156,320.1499938964844,321.0,4145014
2025-02-28,2025-02-28T00:00:00Z,319.54998779296875,321.54998779296875,318.45001220703125,319.75,6028619
2025-03-03,2025-03-03T00:00:00Z,320.5,325.79998779296875,319.1000061035156,324.8500061035156,4048172
2025-03-04,2025-03-04T00:00:00Z,321.95001220703125,322.0,310.1499938964844,310.54998779296875,5376265
2025-03-05,2025-03-05T00:00:00Z,314.04998779296875,319.3500061035156,313.79998779296875,316.20001220703125,4036485
2025-03-06,2025-03-06T00:00:00Z,317.79998779296875,318.45001220703125,308.25,313.5,3866064
2025-03-07,2025-03-07T00:00:00Z,309.6499938964844,313.5,307.54998779296875,313.1000061035156,3026936
2025-03-10,2025-03-10T00:00:00Z,313.75,313.95001220703125,307.75,308.20001220703125,2725142
2025-03-11,2025-03-11T00:00:00Z,309.0,310.8500061035156,302.04998779296875,302.70001220703125,3422475
2025-03-12,2025-03-12T00:00:00Z,303.8500061035156,305.95001220703125,302.29998779296875,305.5,3423411
2025-03-13,2025-03-13T00:00:00Z,304.75,306.79998779296875,302.6000061035156,304.1000061035156,2957554
2025-03-14,2025-03-14T00:00:00Z,304.6000061035156,309.6499938964844,304.0,309.20001220703125,2247469
2025-03-17,2025-03-17T00:00:00Z,309.3999938964844,309.79998779296875,307.3500061035156,309.04998779296875,2759560
2025-03-18,2025-03-18T00:00:00Z,310.0,311.79998779296875,307.5,309.20001220703125,2340527
2025-03-19,2025-03-19T00:00:00Z,308.20001220703125,313.6000061035156,307.75,313.0,3541833
2025-03-20,2025-03-20T00:00:00Z,313.1000061035156,316.8999938964844,312.20001220703125,313.75,3006503
2025-03-21,2025-03-21T00:00:00Z,312.25,312.6000061035156,308.8999938964844,310.29998779296875,5487622
2025-03-24,2025-03-24T00:00:00Z,311.70001220703125,312.5,308.20001220703125,310.0,2030069
2025-03-25,2025-03-25T00:00:00Z,310.25,311.8500061035156,308.04998779296875,311.8500061035156,2298930
2025-03-26,2025-03-26T00:00:00Z,313.70001220703125,314.29998779296875,309.3500061035156,310.0,2597096
2025-03-27,2025-03-27T00:00:00Z,308.0,309.25,304.95001220703125,308.95001220703125,2935073
2025-03-28,2025-03-28T00:00:00Z,307.5,309.79998779296875,303.0,304.8500061035156,2218367
2025-03-31,2025-03-31T00:00:00Z,302.79998779296875,302.8500061035156,298.25,298.3500061035156,4817457
2025-04-01,2025-04-01T00:00:00Z,300.8999938964844,302.29998779296875,298.79998779296875,300.75,2592178
2025-04-02,2025-04-02T00:00:00Z,299.54998779296875,300.1000061035156,289.0,294.45001220703125,5184480
2025-04-03,2025-04-03T00:00:00Z,286.54998779296875,289.1499938964844,279.95001220703125,283.25,7569104
2025-04-04,2025-04-04T00:00:00Z,282.0,286.5,269.5,274.3500061035156,7985716
2025-04-07,2025-04-07T00:00:00Z,248.8000030517578,274.0,247.35000610351562,258.20001220703125,13992978
2025-04-08,2025-04-08T00:00:00Z,265.0,269.79998779296875,262.0,265.54998779296875,7263751
2025-04-09,2025-04-09T00:00:00Z,255.5,258.3999938964844,247.0,253.9499969482422,10226382
2025-04-10,2025-04-10T00:00:00Z,288.0,288.0,270.6499938964844,271.5,8090552
2025-04-11,2025-04-11T00:00:00Z,272.3500061035156,272.8999938964844,263.79998779296875,269.95001220703125,4893109
2025-04-14,2025-04-14T00:00:00Z,275.70001220703125,276.6499938964844,273.1499938964844,275.79998779296875,3294248
2025-04-15,2025-04-15T00:00:00Z,276.20001220703125,281.3500061035156,275.1499938964844,280.8500061035156,3467126
2025-04-16,2025-04-16T00:00:00Z,277.0,277.5,273.8999938964844,276.29998779296875,4402162
2025-04-17,2025-04-17T00:00:00Z,276.5,277.8500061035156,274.6499938964844,277.6000061035156,1856649
2025-04-22,2025-04-22T00:00:00Z,276.5,280.29998779296875,275.1000061035156,279.3999938964844,3386802
2025-04-23,2025-04-23T00:00:00Z,282.0,285.5,279.95001220703125,281.54998779296875,4272480
2025-04-24,2025-04-24T00:00:00Z,282.0,283.3999938964844,279.79998779296875,282.3999938964844,3320252
2025-04-25,2025-04-25T00:00:00Z,285.20001220703125,287.75,283.8500061035156,286.1499938964844,2765290
2025-04-28,2025-04-28T00:00:00Z,285.8999938964844,287.6000061035156,285.0,285.0,2920791
2025-04-29,2025-04-29T00:00:00Z,285.5,286.25,280.3999938964844,281.3500061035156,3980576
2025-04-30,2025-04-30T00:00:00Z,282.3500061035156,285.29998779296875,280.79998779296875,285.29998779296875,3199722
2025-05-02,2025-05-02T00:00:00Z,287.6000061035156,290.25,286.3999938964844,289.1000061035156,3496258
2025-05-05,2025-05-05T00:00:00Z,289.8999938964844,289.8999938964844,286.70001220703125,288.20001220703125,2224207
2025-05-06,2025-05-06T00:00:00Z,288.5,288.8999938964844,283.1499938964844,284.04998779296875,3712854
2025-05-07,2025-05-07T00:00:00Z,283.70001220703125,285.0,281.25,283.95001220703125,3385281
2025-05-08,2025-05-08T00:00:00Z,282.5,287.3500061035156,281.70001220703125,283.3999938964844,3547556
2025-05-09,2025-05-09T00:00:00Z,283.70001220703125,285.8500061035156,282.54998779296875,284.1499938964844,2198796
2025-05-12,2025-05-12T00:00:00Z,286.1499938964844,296.70001220703125,286.1499938964844,294.45001220703125,4475500
2025-05-13,2025-05-13T00:00:00Z,294.04998779296875,295.1499938964844,292.25,293.3500061035156,3691841
2025-05-14,2025-05-14T00:00:00Z,293.5,294.75,291.25,291.79998779296875,3980195
2025-05-15,2025-05-15T00:00:00Z,291.0,295.5,289.3999938964844,294.3500061035156,3231908
2025-05-16,2025-05-16T00:00:00Z,295.1000061035156,298.0,292.0,293.0,4597267
2025-05-19,2025-05-19T00:00:00Z,292.6000061035156,294.6000061035156,290.3999938964844,294.54998779296875,3192148
2025-05-20,2025-05-20T00:00:00Z,295.0,296.95001220703125,293.6499938964844,296.25,2567356
2025-05-21,2025-05-21T00:00:00Z,294.3500061035156,294.3999938964844,289.3500061035156,292.20001220703125,3392443
2025-05-22,2025-05-22T00:00:00Z,290.0,290.0,280.75,283.04998779296875,4818558
2025-05-23,2025-05-23T00:00:00Z,283.8999938964844,285.95001220703125,276.45001220703125,279.70001220703125,3731890
2025-05-26,2025-05-26T00:00:00Z,283.95001220703125,285.5,282.70001220703125,284.3999938964844,1848051
2025-05-27,2025-05-27T00:00:00Z,284.20001220703125,285.8999938964844,281.54998779296875,283.79998779296875,2478454
2025-05-28,2025-05-28T00:00:00Z,283.79998779296875,283.8500061035156,280.5,281.8500061035156,2344469
2025-05-30,2025-05-30T00:00:00Z,281.6000061035156,283.95001220703125,278.54998779296875,282.20001220703125,14428667
2025-06-02,2025-06-02T00:00:00Z,281.0,281.45001220703125,277.6499938964844,279.45001220703125,2886770
2025-06-03,2025-06-03T00:00:00Z,281.0,281.25,276.8999938964844,279.3999938964844,3165409
2025-06-04,2025-06-04T00:00:00Z,280.8500061035156,283.75,280.04998779296875,283.0,2916870
2025-06-05,2025-06-05T00:00:00Z,283.3999938964844,286.1000061035156,282.25,284.04998779296875,2442606
2025-06-09,2025-06-09T00:00:00Z,284.1000061035156,286.95001220703125,284.04998779296875,284.5,2293991
2025-06-10,2025-06-10T00:00:00Z,284.5,286.29998779296875,284.04998779296875,285.3500061035156,3223784
2025-06-11,2025-06-11T00:00:00Z,285.3500061035156,286.45001220703125,283.6499938964844,283.8999938964844,2257371
2025-06-12,2025-06-12T00:00:00Z,281.1000061035156,281.70001220703125,277.5,278.75,2591525
2025-06-13,2025-06-13T00:00:00Z,274.3500061035156,276.5,273.29998779296875,274.8999938964844,2379784
2025-06-16,2025-06-16T00:00:00Z,274.8999938964844,278.70001220703125,274.70001220703125,277.70001220703125,2371239
2025-06-17,2025-06-17T00:00:00Z,275.8500061035156,277.54998779296875,274.6000061035156,274.6000061035156,3284957
2025-06-18,2025-06-18T00:00:00Z,274.6000061035156,276.54998779296875,273.3500061035156,275.8500061035156,3300693
2025-06-19,2025-06-19T00:00:00Z,274.5,276.0,273.3500061035156,275.1000061035156,6242863
2025-06-23,2025-06-23T00:00:00Z,273.70001220703125,276.75,271.8999938964844,272.6000061035156,2967899
2025-06-24,2025-06-24T00:00:00Z,279.1000061035156,282.0,276.25,276.45001220703125,3500844
2025-06-25,2025-06-25T00:00:00Z,278.0,280.5,276.75,277.25,2373560
2025-06-26,2025-06-26T00:00:00Z,277.20001220703125,277.70001220703125,272.8500061035156,275.04998779296875,3387260
2025-06-27,2025-06-27T00:00:00Z,277.3999938964844,282.3999938964844,277.29998779296875,282.20001220703125,2768729
2025-06-30,2025-06-30T00:00:00Z,284.0,284.04998779296875,279.3500061035156,279.75,4103853
2025-07-01,2025-07-01T00:00:00Z,280.0,281.1000061035156,276.29998779296875,279.79998779296875,2137347
2025-07-02,2025-07-02T00:00:00Z,281.5,282.6499938964844,279.8500061035156,281.6499938964844,1945811
2025-07-03,2025-07-03T00:00:00Z,283.0,284.70001220703125,281.79998779296875,283.3999938964844,1809921
2025-07-04,2025-07-04T00:00:00Z,282.8500061035156,282.8500061035156,280.1499938964844,281.29998779296875,1393615
2025-07-07,2025-07-07T00:00:00Z,281.29998779296875,282.1499938964844,279.6000061035156,282.0,1778227
2025-07-08,2025-07-08T00:00:00Z,282.45001220703125,284.5,281.70001220703125,284.1499938964844,3005341
2025-07-09,2025-07-09T00:00:00Z,284.5,287.29998779296875,283.1000061035156,286.20001220703125,1431811
2025-07-10,2025-07-10T00:00:00Z,287.5,293.6000061035156,287.0,293.6000061035156,2626878
2025-07-11,2025-07-11T00:00:00Z,292.54998779296875,292.6499938964844,288.79998779296875,289.20001220703125,1586768
2025-07-14,2025-07-14T00:00:00Z,286.8500061035156,287.79998779296875,285.3999938964844,287.6000061035156,1482315
2025-07-15,2025-07-15T00:00:00Z,288.0,291.3500061035156,288.0,289.0,1673938
2025-07-16,2025-07-16T00:00:00Z,288.45001220703125,291.25,287.45001220703125,288.54998779296875,1928944
2025-07-17,2025-07-17T00:00:00Z,289.0,294.04998779296875,288.29998779296875,292.79998779296875,3581942
2025-07-18,2025-07-18T00:00:00Z,294.95001220703125,297.0,290.79998779296875,292.1000061035156,2817572
2025-07-21,2025-07-21T00:00:00Z,293.0,293.0,289.75,290.25,1695817
2025-07-22,2025-07-22T00:00:00Z,290.25,291.1000061035156,286.25,286.45001220703125,1766635
2025-07-23,2025-07-23T00:00:00Z,289.6000061035156,292.6000061035156,289.0,291.79998779296875,2298452
2025-07-24,2025-07-24T00:00:00Z,294.5,296.04998779296875,292.20001220703125,293.1499938964844,2063288
2025-07-25,2025-07-25T00:00:00Z,292.95001220703125,292.95001220703125,289.0,292.1000061035156,1768442
2025-07-28,2025-07-28T00:00:00Z,296.54998779296875,298.20001220703125,290.20001220703125,290.95001220703125,2120505
2025-07-29,2025-07-29T00:00:00Z,291.8999938964844,294.3500061035156,291.20001220703125,291.29998779296875,1516581
2025-07-30,2025-07-30T00:00:00Z,291.29998779296875,292.1000061035156,289.0,289.3500061035156,2090688
2025-07-31,2025-07-31T00:00:00Z,289.8999938964844,290.6499938964844,284.29998779296875,284.5,2570627
2025-08-01,2025-08-01T00:00:00Z,281.79998779296875,282.1000061035156,278.70001220703125,280.5,2546080
2025-08-04,2025-08-04T00:00:00Z,281.1000061035156,283.29998779296875,281.1000061035156,283.1000061035156,1528698
2025-08-05,2025-08-05T00:00:00Z,284.25,284.95001220703125,282.1000061035156,283.75,1723299
2025-08-06,2025-08-06T00:00:00Z,285.0,286.6000061035156,282.95001220703125,283.5,1524607
2025-08-07,2025-08-07T00:00:00Z,284.0,288.54998779296875,283.8999938964844,286.8999938964844,1552339
2025-08-08,2025-08-08T00:00:00Z,287.1499938964844,288.5,286.20001220703125,287.95001220703125,1093876
2025-08-11,2025-08-11T00:00:00Z,289.1000061035156,289.45001220703125,287.5,287.5,1285470
2025-08-12,2025-08-12T00:00:00Z,288.0,290.1000061035156,286.8500061035156,288.25,1529476
2025-08-13,2025-08-13T00:00:00Z,289.5,289.8500061035156,288.0,289.6499938964844,1779318
2025-08-14,2025-08-14T00:00:00Z,289.6000061035156,293.95001220703125,289.25,293.25,1902085
2025-08-15,2025-08-15T00:00:00Z,294.20001220703125,296.54998779296875,293.79998779296875,295.25,3102783
2025-08-18,2025-08-18T00:00:00Z,295.04998779296875,296.1000061035156,293.3500061035156,294.45001220703125,1799903
2025-08-19,2025-08-19T00:00:00Z,294.79998779296875,298.6499938964844,293.6499938964844,298.0,1966465
2025-08-20,2025-08-20T00:00:00Z,296.8999938964844,297.25,294.70001220703125,295.6499938964844,5225984
2025-08-21,2025-08-21T00:00:00Z,295.6499938964844,295.75,293.3500061035156,293.6499938964844,1531021
2025-08-22,2025-08-22T00:00:00Z,293.0,299.1000061035156,292.20001220703125,298.20001220703125,2063448
2025-08-25,2025-08-25T00:00:00Z,298.5,299.45001220703125,296.5,296.6499938964844,1468220
2025-08-26,2025-08-26T00:00:00Z,295.5,296.20001220703125,294.1000061035156,294.1000061035156,2503225
2025-08-27,2025-08-27T00:00:00Z,294.5,294.8999938964844,291.8999938964844,294.45001220703125,1609292
2025-08-28,2025-08-28T00:00:00Z,294.8999938964844,296.45001220703125,292.8999938964844,293.3999938964844,1783210
2025-08-29,2025-08-29T00:00:00Z,292.6000061035156,292.8999938964844,290.75,291.3500061035156,1848565
2025-09-01,2025-09-01T00:00:00Z,291.5,293.54998779296875,291.20001220703125,293.29998779296875,1319657
2025-09-02,2025-09-02T00:00:00Z,293.29998779296875,293.8999938964844,285.8500061035156,285.8500061035156,2613206
2025-09-03,2025-09-03T00:00:00Z,286.54998779296875,289.8999938964844,286.45001220703125,288.8999938964844,1819115
2025-09-04,2025-09-04T00:00:00Z,288.8999938964844,290.75,287.95001220703125,290.0,1451851
2025-09-05,2025-09-05T00:00:00Z,290.5,292.6499938964844,289.6000061035156,290.54998779296875,1622686
2025-09-08,2025-09-08T00:00:00Z,290.79998779296875,291.6000061035156,286.8999938964844,288.5,1758122
2025-09-09,2025-09-09T00:00:00Z,288.70001220703125,289.8500061035156,285.79998779296875,286.79998779296875,1878016
2025-09-10,2025-09-10T00:00:00Z,288.0,289.79998779296875,286.3999938964844,286.5,2098964
2025-09-11,2025-09-11T00:00:00Z,286.8999938964844,287.0,283.8500061035156,285.45001220703125,2526932
2025-09-12,2025-09-12T00:00:00Z,285.45001220703125,287.29998779296875,284.6499938964844,285.6499938964844,1792987
2025-09-15,2025-09-15T00:00:00Z,286.1000061035156,288.6499938964844,283.75,284.45001220703125,2085507
2025-09-16,2025-09-16T00:00:00Z,284.1000061035156,285.0,280.8500061035156,281.04998779296875,2572724
2025-09-17,2025-09-17T00:00:00Z,281.20001220703125,283.1499938964844,281.20001220703125,282.25,2199661
2025-09-18,2025-09-18T00:00:00Z,282.54998779296875,286.20001220703125,282.54998779296875,285.1000061035156,1947769
2025-09-19,2025-09-19T00:00:00Z,285.6499938964844,286.79998779296875,283.04998779296875,283.95001220703125,7255571
2025-09-22,2025-09-22T00:00:00Z,285.20001220703125,286.95001220703125,283.8999938964844,286.70001220703125,2361066
2025-09-23,2025-09-23T00:00:00Z,287.54998779296875,292.8500061035156,286.8999938964844,292.45001220703125,2712970
2025-09-24,2025-09-24T00:00:00Z,292.25,292.25,286.0,286.29998779296875,2549391
2025-09-25,2025-09-25T00:00:00Z,286.54998779296875,287.25,282.79998779296875,283.95001220703125,3381446
2025-09-26,2025-09-26T00:00:00Z,284.3500061035156,288.45001220703125,284.3500061035156,288.1000061035156,2116771
2025-09-29,2025-09-29T00:00:00Z,289.54998779296875,291.95001220703125,289.5,291.0,2975677
2025-09-30,2025-09-30T00:00:00Z,291.6000061035156,294.6000061035156,290.04998779296875,294.04998779296875,3503312
2025-10-01,2025-10-01T00:00:00Z,293.0,296.1499938964844,291.8999938964844,295.5,2674938
2025-10-02,2025-10-02T00:00:00Z,296.6000061035156,303.04998779296875,296.6000061035156,301.70001220703125,3582047
2025-10-03,2025-10-03T00:00:00Z,302.6499938964844,303.95001220703125,301.20001220703125,303.3999938964844,2763948
2025-10-06,2025-10-06T00:00:00Z,304.5,307.75,302.8500061035156,306.8500061035156,3364704
2025-10-07,2025-10-07T00:00:00Z,307.1499938964844,307.25,304.20001220703125,304.3500061035156,2055634
2025-10-08,2025-10-08T00:00:00Z,306.0,308.6499938964844,304.54998779296875,306.6499938964844,2844034
2025-10-09,2025-10-09T00:00:00Z,307.29998779296875,309.8999938964844,305.29998779296875,306.3999938964844,2538677
2025-10-10,2025-10-10T00:00:00Z,307.04998779296875,309.3999938964844,303.54998779296875,303.54998779296875,2261950
2025-10-13,2025-10-13T00:00:00Z,304.45001220703125,306.1000061035156,302.6000061035156,304.1000061035156,2135787
2025-10-14,2025-10-14T00:00:00Z,303.1499938964844,304.8999938964844,301.5,304.5,2377901
2025-10-15,2025-10-15T00:00:00Z,307.70001220703125,310.29998779296875,307.04998779296875,309.04998779296875,2818917
2025-10-16,2025-10-16T00:00:00Z,309.3500061035156,311.70001220703125,307.0,308.1000061035156,2712947
2025-10-17,2025-10-17T00:00:00Z,306.8500061035156,309.29998779296875,302.70001220703125,306.70001220703125,4254513
2025-10-20,2025-10-20T00:00:00Z,308.75,312.5,305.8999938964844,312.20001220703125,3254913
2025-10-21,2025-10-21T00:00:00Z,312.95001220703125,313.5,308.0,311.1000061035156,2381475
2025-10-22,2025-10-22T00:00:00Z,310.3999938964844,312.79998779296875,309.20001220703125,312.04998779296875,2567338
2025-10-23,2025-10-23T00:00:00Z,312.45001220703125,313.70001220703125,311.1000061035156,313.25,2768397
2025-10-24,2025-10-24T00:00:00Z,314.8999938964844,316.1000061035156,313.3500061035156,315.6000061035156,2208612
2025-10-27,2025-10-27T00:00:00Z,316.54998779296875,318.79998779296875,316.54998779296875,318.25,2327269
2025-10-28,2025-10-28T00:00:00Z,318.3500061035156,318.3500061035156,315.5,316.6000061035156,2034366
2025-10-29,2025-10-29T00:00:00Z,317.25,318.0,314.20001220703125,314.75,1570415
2025-10-30,2025-10-30T00:00:00Z,315.0,316.8999938964844,313.8999938964844,316.3500061035156,2000525
2025-10-31,2025-10-31T00:00:00Z,316.75,316.79998779296875,313.29998779296875,313.54998779296875,1327230
2025-11-03,2025-11-03T00:00:00Z,314.25,317.1000061035156,313.75,314.8999938964844,2689552
2025-11-04,2025-11-04T00:00:00Z,312.75,315.29998779296875,309.29998779296875,314.1499938964844,2830562
2025-11-05,2025-11-05T00:00:00Z,313.29998779296875,316.8500061035156,311.75,316.5,2558949
2025-11-06,2025-11-06T00:00:00Z,316.25,317.04998779296875,314.04998779296875,314.6499938964844,2693566
2025-11-07,2025-11-07T00:00:00Z,314.20001220703125,314.70001220703125,309.54998779296875,312.6000061035156,3028099
2025-11-10,2025-11-10T00:00:00Z,316.0,317.70001220703125,315.29998779296875,315.45001220703125,3057835
2025-11-11,2025-11-11T00:00:00Z,316.75,320.5,316.04998779296875,320.3500061035156,3385811
2025-11-12,2025-11-12T00:00:00Z,321.6499938964844,323.70001220703125,319.75,321.6499938964844,2585071
2025-11-13,2025-11-13T00:00:00Z,323.1000061035156,324.6000061035156,320.6000061035156,320.6000061035156,2915146
2025-11-14,2025-11-14T00:00:00Z,319.8500061035156,319.8999938964844,315.70001220703125,319.1000061035156,2735136
2025-11-17,2025-11-17T00:00:00Z,319.1000061035156,319.1499938964844,314.6000061035156,315.20001220703125,2747951
2025-11-18,2025-11-18T00:00:00Z,311.5,312.0,306.70001220703125,307.8999938964844,3456486
2025-11-19,2025-11-19T00:00:00Z,308.04998779296875,310.45001220703125,306.70001220703125,308.6499938964844,2579034
2025-11-20,2025-11-20T00:00:00Z,314.0,314.75,312.04998779296875,312.8999938964844,3142702
2025-11-21,2025-11-21T00:00:00Z,308.04998779296875,313.75,307.1499938964844,312.5,2995354
2025-11-24,2025-11-24T00:00:00Z,314.75,317.95001220703125,314.0,315.8500061035156,16288258
2025-11-25,2025-11-25T00:00:00Z,316.8999938964844,321.29998779296875,315.1000061035156,320.29998779296875,3293967
2025-11-26,2025-11-26T00:00:00Z,321.79998779296875,322.20001220703125,319.95001220703125,321.6000061035156,3013636
2025-11-27,2025-11-27T00:00:00Z,322.0,323.95001220703125,321.3500061035156,322.8999938964844,2005646
2025-11-28,2025-11-28T00:00:00Z,322.8999938964844,323.6000061035156,321.3999938964844,321.3999938964844,3794078
2025-12-01,2025-12-01T00:00:00Z,320.70001220703125,321.0,317.45001220703125,319.0,2643268
2025-12-02,2025-12-02T00:00:00Z,319.45001220703125,320.8999938964844,317.5,319.8500061035156,2351496
2025-12-03,2025-12-03T00:00:00Z,319.6000061035156,320.6000061035156,317.8999938964844,318.3999938964844,2013161
2025-12-04,2025-12-04T00:00:00Z,320.1000061035156,322.8999938964844,320.04998779296875,320.79998779296875,2313924
2025-12-05,2025-12-05T00:00:00Z,321.5,323.6499938964844,319.70001220703125,322.79998779296875,2382954
2025-12-08,2025-12-08T00:00:00Z,322.79998779296875,323.5,319.3999938964844,320.1499938964844,2121153
2025-12-09,2025-12-09T00:00:00Z,320.1499938964844,321.75,317.04998779296875,317.6000061035156,2041187
2025-12-10,2025-12-10T00:00:00Z,317.5,328.20001220703125,315.04998779296875,323.3500061035156,8501145
2025-12-11,2025-12-11T00:00:00Z,323.25,323.25,320.0,320.45001220703125,2408883
2025-12-12,2025-12-12T00:00:00Z,321.6000061035156,323.5,320.3500061035156,321.0,2597413
2025-12-15,2025-12-15T00:00:00Z,322.3500061035156,325.0,321.8999938964844,323.0,3137862
2025-12-16,2025-12-16T00:00:00Z,323.1000061035156,324.04998779296875,321.0,321.0,2684218
2025-12-17,2025-12-17T00:00:00Z,321.5,322.25,318.0,319.04998779296875,2566738
2025-12-18,2025-12-18T00:00:00Z,319.5,321.20001220703125,317.5,321.04998779296875,2593632
2025-12-19,2025-12-19T00:00:00Z,321.1499938964844,323.20001220703125,320.0,323.1000061035156,4327625
2025-12-22,2025-12-22T00:00:00Z,323.1000061035156,324.8999938964844,322.04998779296875,324.1000061035156,2020048
2025-12-23,2025-12-23T00:00:00Z,324.5,326.29998779296875,323.6499938964844,325.1000061035156,2260321
2025-12-29,2025-12-29T00:00:00Z,326.0,327.8999938964844,325.3500061035156,327.8999938964844,2530450
2025-12-30,2025-12-30T00:00:00Z,327.8999938964844,331.79998779296875,326.75,330.3999938964844,3184359
2026-01-02,2026-01-02T00:00:00Z,331.3999938964844,333.8999938964844,325.3999938964844,325.95001220703125,4077079
2026-01-05,2026-01-05T00:00:00Z,326.6000061035156,332.3999938964844,325.3500061035156,330.04998779296875,2547563
2026-01-07,2026-01-07T00:00:00Z,335.3500061035156,341.79998779296875,332.04998779296875,340.6000061035156,5284811
2026-01-08,2026-01-08T00:00:00Z,340.6499938964844,340.70001220703125,337.1000061035156,337.1000061035156,3320518
2026-01-09,2026-01-09T00:00:00Z,337.54998779296875,340.79998779296875,336.1000061035156,340.6000061035156,3192520
2026-01-12,2026-01-12T00:00:00Z,340.75,343.20001220703125,340.20001220703125,341.45001220703125,3327184
2026-01-13,2026-01-13T00:00:00Z,342.0,342.25,339.20001220703125,341.29998779296875,3537044
2026-01-14,2026-01-14T00:00:00Z,341.6000061035156,345.04998779296875,340.1499938964844,342.45001220703125,4094332
2026-01-15,2026-01-15T00:00:00Z,343.5,348.3999938964844,343.5,347.79998779296875,3263280
2026-01-16,2026-01-16T00:00:00Z,347.79998779296875,349.3500061035156,345.29998779296875,349.3500061035156,3507053
2026-01-19,2026-01-19T00:00:00Z,340.95001220703125,341.0,335.20001220703125,336.54998779296875,6894580
2026-01-20,2026-01-20T00:00:00Z,332.5,339.04998779296875,330.6499938964844,338.8999938964844,4392058
2026-01-21,2026-01-21T00:00:00Z,336.0,337.6000061035156,331.04998779296875,337.6000061035156,4364620
2026-01-22,2026-01-22T00:00:00Z,343.8999938964844,344.95001220703125,338.3999938964844,339.5,5263991
2026-01-23,2026-01-23T00:00:00Z,339.3500061035156,339.3500061035156,333.0,338.8500061035156,3932956
2026-01-26,2026-01-26T00:00:00Z,338.6000061035156,340.5,337.95001220703125,338.04998779296875,3293793
2026-01-27,2026-01-27T00:00:00Z,339.5,341.5,338.70001220703125,341.3500061035156,3024391
2026-01-28,2026-01-28T00:00:00Z,342.5,344.20001220703125,339.29998779296875,339.5,2815110
2026-01-29,2026-01-29T00:00:00Z,341.45001220703125,346.6499938964844,340.95001220703125,342.95001220703125,4661433
2026-01-30,2026-01-30T00:00:00Z,343.1499938964844,345.0,341.54998779296875,343.20001220703125,2808954
2026-02-02,2026-02-02T00:00:00Z,341.1499938964844,350.1000061035156,338.29998779296875,348.8999938964844,3897832
2026-02-03,2026-02-03T00:00:00Z,350.79998779296875,353.54998779296875,349.1499938964844,352.70001220703125,3129346
2026-02-04,2026-02-04T00:00:00Z,352.70001220703125,358.29998779296875,351.25,356.75,4156161
2026-02-05,2026-02-05T00:00:00Z,357.5,358.8500061035156,354.25,358.8500061035156,3920371
2026-02-06,2026-02-06T00:00:00Z,358.8500061035156,363.04998779296875,355.1000061035156,362.1499938964844,3262282
2026-02-09,2026-02-09T00:00:00Z,364.54998779296875,366.1499938964844,360.8500061035156,363.79998779296875,2973868
2026-02-10,2026-02-10T00:00:00Z,363.79998779296875,366.04998779296875,363.0,364.3999938964844,2665333
2026-02-11,2026-02-11T00:00:00Z,365.20001220703125,367.0,361.45001220703125,363.75,3797907
2026-02-12,2026-02-12T00:00:00Z,365.45001220703125,366.25,361.0,361.0,3548524
2026-02-13,2026-02-13T00:00:00Z,361.25,361.25,356.1499938964844,358.79998779296875,3049169
2026-02-16,2026-02-16T00:00:00Z,360.0,363.1499938964844,359.5,361.25,2823581
2026-02-17,2026-02-17T00:00:00Z,360.6499938964844,362.8500061035156,358.70001220703125,362.0,3043365
2026-02-18,2026-02-18T00:00:00Z,362.6499938964844,368.5,362.6499938964844,367.75,3193838
2026-02-19,2026-02-19T00:00:00Z,367.8999938964844,369.1499938964844,363.6499938964844,365.54998779296875,2993334
2026-02-20,2026-02-20T00:00:00Z,366.25,368.04998779296875,363.79998779296875,368.0,4086076
2026-02-23,2026-02-23T00:00:00Z,367.8999938964844,369.45001220703125,366.04998779296875,368.04998779296875,3229125
2026-02-24,2026-02-24T00:00:00Z,368.04998779296875,372.20001220703125,367.70001220703125,370.70001220703125,3700401
2026-02-25,2026-02-25T00:00:00Z,371.0,374.8500061035156,370.0,372.45001220703125,3014822
2026-02-26,2026-02-26T00:00:00Z,373.45001220703125,378.0,373.29998779296875,374.8999938964844,2759186
2026-02-27,2026-02-27T00:00:00Z,375.0,378.54998779296875,375.0,377.75,6707127
2026-03-02,2026-03-02T00:00:00Z,369.3500061035156,369.3999938964844,361.54998779296875,368.04998779296875,4258198
2026-03-03,2026-03-03T00:00:00Z,361.20001220703125,363.1000061035156,354.75,358.45001220703125,5074395
2026-03-04,2026-03-04T00:00:00Z,358.04998779296875,366.79998779296875,357.45001220703125,365.0,5114419
2026-03-05,2026-03-05T00:00:00Z,364.1000061035156,369.1000061035156,361.75,362.5,2971414
2026-03-06,2026-03-06T00:00:00Z,364.1499938964844,365.3999938964844,353.20001220703125,356.1000061035156,3264842
2026-03-09,2026-03-09T00:00:00Z,343.8500061035156,351.95001220703125,341.04998779296875,350.54998779296875,4584258
2026-03-10,2026-03-10T00:00:00Z,359.3999938964844,363.45001220703125,358.04998779296875,361.95001220703125,3890659
2026-03-11,2026-03-11T00:00:00Z,360.0,360.0,355.1499938964844,355.95001220703125,3171088
2026-03-12,2026-03-12T00:00:00Z,355.5,357.3500061035156,352.25,354.75,2463175
2026-03-13,2026-03-13T00:00:00Z,352.45001220703125,357.5,349.3500061035156,351.6499938964844,2320159
2026-03-16,2026-03-16T00:00:00Z,351.70001220703125,355.95001220703125,349.1499938964844,353.3500061035156,2500140
2026-03-17,2026-03-17T00:00:00Z,353.0,355.20001220703125,350.3500061035156,352.04998779296875,2129409
2026-03-18,2026-03-18T00:00:00Z,354.0,358.20001220703125,349.3999938964844,350.3999938964844,2732546
2026-03-19,2026-03-19T00:00:00Z,345.3999938964844,345.8999938964844,341.29998779296875,342.20001220703125,3997826
2026-03-20,2026-03-20T00:00:00Z,345.0,345.8999938964844,336.6499938964844,337.95001220703125,7711438
2026-03-23,2026-03-23T00:00:00Z,329.54998779296875,344.04998779296875,326.3500061035156,338.04998779296875,5936646
2026-03-24,2026-03-24T00:00:00Z,339.1499938964844,342.04998779296875,336.29998779296875,342.04998779296875,3556628
2026-03-25,2026-03-25T00:00:00Z,346.25,350.25,346.25,350.1000061035156,3825372
2026-03-26,2026-03-26T00:00:00Z,347.5,348.79998779296875,345.1499938964844,346.6000061035156,2485439
2026-03-27,2026-03-27T00:00:00Z,347.6000061035156,348.0,342.3999938964844,345.45001220703125,2434939
2026-03-30,2026-03-30T00:00:00Z,345.04998779296875,350.25,342.5,349.29998779296875,3140209
2026-03-31,2026-03-31T00:00:00Z,351.5,356.0,350.3999938964844,354.29998779296875,4044664
2026-04-01,2026-04-01T00:00:00Z,363.5,367.20001220703125,361.8999938964844,363.70001220703125,4769494
2026-04-02,2026-04-02T00:00:00Z,357.0,359.70001220703125,354.6000061035156,354.6499938964844,1782245
2026-04-07,2026-04-07T00:00:00Z,360.75,361.8500061035156,353.95001220703125,355.54998779296875,4543506
2026-04-08,2026-04-08T00:00:00Z,372.20001220703125,374.0,368.5,370.45001220703125,5156027
2026-04-09,2026-04-09T00:00:00Z,369.95001220703125,370.45001220703125,366.1000061035156,368.29998779296875,3016151
2026-04-10,2026-04-10T00:00:00Z,369.5,375.79998779296875,368.8999938964844,373.79998779296875,3295132
2026-04-13,2026-04-13T00:00:00Z,370.0,373.29998779296875,367.25,373.29998779296875,4108907
2026-04-14,2026-04-14T00:00:00Z,375.8500061035156,377.04998779296875,372.79998779296875,375.95001220703125,3081804
2026-04-15,2026-04-15T00:00:00Z,376.25,378.70001220703125,374.70001220703125,375.8999938964844,2643239
2026-04-16,2026-04-16T00:00:00Z,376.75,377.75,373.45001220703125,375.3500061035156,2738353
2026-04-17,2026-04-17T00:00:00Z,375.3500061035156,385.6000061035156,374.8500061035156,385.6000061035156,5657484
2026-04-20,2026-04-20T00:00:00Z,380.6499938964844,382.6499938964844,377.8500061035156,381.70001220703125,2726882
2026-04-21,2026-04-21T00:00:00Z,384.5,387.04998779296875,380.0,382.75,3204747
2026-04-22,2026-04-22T00:00:00Z,383.5,385.04998779296875,379.3999938964844,382.5,3118327
2026-04-23,2026-04-23T00:00:00Z,380.8500061035156,383.3500061035156,379.45001220703125,380.20001220703125,2768460
2026-04-24,2026-04-24T00:00:00Z,377.1499938964844,378.3500061035156,372.1499938964844,372.3500061035156,3426830
2026-04-27,2026-04-27T00:00:00Z,372.5,375.5,371.6499938964844,372.25,2361510
2026-04-28,2026-04-28T00:00:00Z,372.54998779296875,375.1000061035156,369.8500061035156,373.20001220703125,2928640
2026-04-29,2026-04-29T00:00:00Z,373.20001220703125,374.0,368.6499938964844,369.3500061035156,2989022
2026-04-30,2026-04-30T00:00:00Z,366.29998779296875,373.1499938964844,364.04998779296875,372.0,3094788
2026-05-04,2026-05-04T00:00:00Z,375.25,375.8500061035156,364.1499938964844,364.20001220703125,2962846
2026-05-05,2026-05-05T00:00:00Z,365.1000061035156,371.29998779296875,365.1000061035156,370.6000061035156,2360604
2026-05-06,2026-05-06T00:00:00Z,373.1000061035156,381.29998779296875,373.1000061035156,379.3500061035156,4118682
2026-05-07,2026-05-07T00:00:00Z,381.20001220703125,381.20001220703125,374.45001220703125,374.6499938964844,3459978
2026-05-08,2026-05-08T00:00:00Z,369.54998779296875,370.04998779296875,366.25,369.45001220703125,3386266
2026-05-11,2026-05-11T00:00:00Z,369.0,371.95001220703125,366.8500061035156,369.6499938964844,2075316
2026-05-12,2026-05-12T00:00:00Z,367.1499938964844,368.95001220703125,363.95001220703125,366.1000061035156,3062450
2026-05-13,2026-05-13T00:00:00Z,369.0,370.0,364.54998779296875,365.5,1419575
2026-05-15,2026-05-15T00:00:00Z,369.3999938964844,370.79998779296875,362.8999938964844,364.5,3563771
2026-05-18,2026-05-18T00:00:00Z,361.25,368.79998779296875,358.0,366.20001220703125,2269957
2026-05-19,2026-05-19T00:00:00Z,366.95001220703125,369.75,366.3999938964844,368.1499938964844,1878625
2026-05-20,2026-05-20T00:00:00Z,367.75,375.54998779296875,366.29998779296875,372.20001220703125,2154342
2026-05-21,2026-05-21T00:00:00Z,372.70001220703125,376.5,372.25,376.5,3143031
2026-05-22,2026-05-22T00:00:00Z,378.5,381.25,377.29998779296875,380.54998779296875,2723973
2026-05-25,2026-05-25T00:00:00Z,383.79998779296875,387.8500061035156,383.75,387.04998779296875,1945028
2026-05-26,2026-05-26T00:00:00Z,387.0,387.04998779296875,382.20001220703125,382.8500061035156,2236449
2026-05-27,2026-05-27T00:00:00Z,382.70001220703125,386.0,380.79998779296875,383.20001220703125,2755439
2026-05-28,2026-05-28T00:00:00Z,379.3999938964844,380.25,376.5,377.8999938964844,2167615
2026-05-29,2026-05-29T00:00:00Z,378.0,380.75,377.54998779296875,380.75,10783737
2026-06-01,2026-06-01T00:00:00Z,380.5,383.45001220703125,377.3500061035156,379.75,2598277
2026-06-02,2026-06-02T00:00:00Z,382.25,385.04998779296875,380.0,382.6000061035156,2922045
2026-06-03,2026-06-03T00:00:00Z,381.6000061035156,382.3999938964844,377.54998779296875,379.29998779296875,3084793
2026-06-04,2026-06-04T00:00:00Z,378.6000061035156,383.3999938964844,377.8999938964844,380.70001220703125,1928595
2026-06-05,2026-06-05T00:00:00Z,380.0,382.75,377.1000061035156,379.95001220703125,2042920
2026-06-08,2026-06-08T00:00:00Z,375.95001220703125,381.70001220703125,373.29998779296875,380.6000061035156,1880835
2026-06-09,2026-06-09T00:00:00Z,380.1499938964844,383.54998779296875,377.75,377.75,1976074
2026-06-10,2026-06-10T00:00:00Z,377.6499938964844,379.8999938964844,372.8999938964844,377.04998779296875,1641598
2026-06-11,2026-06-11T00:00:00Z,375.54998779296875,379.54998779296875,374.95001220703125,376.8999938964844,1575114
2026-06-12,2026-06-12T00:00:00Z,382.8500061035156,385.8500061035156,378.1000061035156,379.1000061035156,2928429
2026-06-15,2026-06-15T00:00:00Z,385.1499938964844,388.8500061035156,382.5,382.8500061035156,3033444
2026-06-16,2026-06-16T00:00:00Z,384.0,387.3500061035156,382.8999938964844,383.6499938964844,2257345
2026-06-17,2026-06-17T00:00:00Z,383.6499938964844,387.5,382.29998779296875,386.25,2642859
2026-06-18,2026-06-18T00:00:00Z,387.5,391.1499938964844,386.75,391.1499938964844,3956589
2026-06-22,2026-06-22T00:00:00Z,390.8999938964844,393.75,387.5,393.75,2404251
2026-06-23,2026-06-23T00:00:00Z,390.75,390.8999938964844,386.8500061035156,388.6499938964844,3092426
2026-06-24,2026-06-24T00:00:00Z,388.5,392.95001220703125,388.5,392.0,3743380
2026-06-25,2026-06-25T00:00:00Z,393.04998779296875,399.54998779296875,393.04998779296875,397.5,3067944
2026-06-26,2026-06-26T00:00:00Z,395.5,396.0,391.04998779296875,394.3500061035156,2196607
2026-06-29,2026-06-29T00:00:00Z,394.3500061035156,397.95001220703125,392.8999938964844,397.0,2046672
2026-06-30,2026-06-30T00:00:00Z,399.0,404.8500061035156,398.25,402.54998779296875,3342158
2026-07-01,2026-07-01T00:00:00Z,404.0,404.5,397.54998779296875,399.20001220703125,2769242
2026-07-02,2026-07-02T00:00:00Z,398.20001220703125,405.5,396.75,402.8500061035156,3466497
2026-07-03,2026-07-03T00:00:00Z,404.3500061035156,407.6499938964844,402.6000061035156,405.79998779296875,2262904
2026-07-06,2026-07-06T00:00:00Z,406.3500061035156,406.79998779296875,402.29998779296875,403.75,2132592
2026-07-07,2026-07-07T00:00:00Z,402.0,402.0,397.79998779296875,398.20001220703125,2471653
2026-07-08,2026-07-08T00:00:00Z,396.0,396.04998779296875,389.04998779296875,391.95001220703125,2479102
2026-07-09,2026-07-09T00:00:00Z,394.0,396.95001220703125,390.95001220703125,396.79998779296875,2187267
2026-07-10,2026-07-10T00:00:00Z,396.3500061035156,396.75,393.0,394.3999938964844,1457399
2026-07-13,2026-07-13T00:00:00Z,392.45001220703125,393.0,389.5,391.25,1897022
2026-07-14,2026-07-14T00:00:00Z,389.20001220703125,394.8500061035156,387.3999938964844,394.8500061035156,2183291
2026-07-15,2026-07-15T00:00:00Z,394.8500061035156,394.8500061035156,390.29998779296875,393.25,2349238
2026-07-16,2026-07-16T00:00:00Z,393.5,395.75,387.79998779296875,394.29998779296875,2553608
2026-07-17,2026-07-17T00:00:00Z,394.1499938964844,397.0,389.79998779296875,397.0,2540116
2026-07-20,2026-07-20T00:00:00Z,396.8500061035156,398.8999938964844,394.04998779296875,397.54998779296875,1942350
2026-07-21,2026-07-21T00:00:00Z,398.5,398.79998779296875,393.20001220703125,396.0,1945205
2026-07-22,2026-07-22T00:00:00Z,395.75,402.95001220703125,394.29998779296875,402.1000061035156,2484813
2026-07-23,2026-07-23T00:00:00Z,402.0,402.1000061035156,396.1000061035156,398.29998779296875,2273592
2026-07-24,2026-07-24T00:00:00Z,397.25,403.5,397.25,403.5,2115644
2026-07-27,2026-07-27T00:00:00Z,405.3500061035156,411.1000061035156,405.25,406.70001220703125,2781615
2026-07-28,2026-07-28T00:00:00Z,407.29998779296875,407.8500061035156,403.25,407.54998779296875,2229626
2026-07-29,2026-07-29T00:00:00Z,407.54998779296875,411.45001220703125,406.3999938964844,407.0,2271210
2026-07-30,2026-07-30T00:00:00Z,407.0,409.70001220703125,406.0,407.8999938964844,2092695
2026-07-31,2026-07-31T00:00:00Z,410.0,416.54998779296875,409.5,411.0,3199103
2026-08-03,2026-08-03T00:00:00Z,413.5,417.3999938964844,412.5,416.0,3154457
2026-08-04,2026-08-04T00:00:00Z,417.8999938964844,423.25,417.6499938964844,422.5,2827441
2026-08-05,2026-08-05T00:00:00Z,424.20001220703125,425.1499938964844,421.04998779296875,424.04998779296875,2333051
2026-08-06,2026-08-06T00:00:00Z,424.6499938964844,426.79998779296875,423.0,423.70001220703125,2270126
2026-08-07,2026-08-07T00:00:00Z,423.79998779296875,426.5,422.04998779296875,423.70001220703125,2260554
2026-08-10,2026-08-10T00:00:00Z,424.20001220703125,424.8999938964844,420.75,422.70001220703125,1949749
2026-08-11,2026-08-11T00:00:00Z,422.70001220703125,423.20001220703125,419.3500061035156,419.3500061035156,2026890
2026-08-12,2026-08-12T00:00:00Z,420.29998779296875,420.6000061035156,417.6499938964844,417.8999938964844,1539776
2026-08-13,2026-08-13T00:00:00Z,419.0,420.1499938964844,412.6499938964844,414.5,2350748
2026-08-14,2026-08-14T00:00:00Z,414.75,415.5,411.54998779296875,412.6499938964844,2034748
2026-08-17,2026-08-17T00:00:00Z,412.8500061035156,414.20001220703125,410.3999938964844,410.75,2175021
2026-08-18,2026-08-18T00:00:00Z,410.0,411.95001220703125,408.1499938964844,411.3500061035156,1389901
2026-08-19,2026-08-19T00:00:00Z,410.70001220703125,412.04998779296875,409.20001220703125,410.20001220703125,1474319
2026-08-20,2026-08-20T00:00:00Z,409.20001220703125,411.5,408.1000061035156,410.04998779296875,1619338
2026-08-21,2026-08-21T00:00:00Z,410.3999938964844,414.95001220703125,408.79998779296875,413.1000061035156,2398867
2026-08-24,2026-08-24T00:00:00Z,413.1000061035156,413.1000061035156,411.0,412.54998779296875,2176489
2026-08-25,2026-08-25T00:00:00Z,412.8500061035156,416.20001220703125,412.8500061035156,415.45001220703125,2109702
2026-08-26,2026-08-26T00:00:00Z,415.54998779296875,416.8999938964844,413.6499938964844,414.75,3914638
2026-08-27,2026-08-27T00:00:00Z,414.3999938964844,416.45001220703125,412.29998779296875,414.8999938964844,2234749
2026-08-28,2026-08-28T00:00:00Z,416.79998779296875,419.54998779296875,415.79998779296875,417.20001220703125,2007875
2026-08-31,2026-08-31T00:00:00Z,417.0,417.70001220703125,411.8500061035156,413.1000061035156,3422933
2026-09-01,2026-09-01T00:00:00Z,412.5,414.8999938964844,408.8999938964844,409.29998779296875,2861299
2026-09-02,2026-09-02T00:00:00Z,408.8500061035156,408.8500061035156,403.3500061035156,406.3999938964844,2519358
2026-09-03,2026-09-03T00:00:00Z,407.0,411.1000061035156,407.0,410.79998779296875,1918729
2026-09-04,2026-09-04T00:00:00Z,410.54998779296875,411.75,407.8999938964844,408.04998779296875,1864631
2026-09-07,2026-09-07T00:00:00Z,408.95001220703125,409.5,405.6499938964844,405.6499938964844,1644782
2026-09-08,2026-09-08T00:00:00Z,405.5,408.70001220703125,403.5,407.95001220703125,1559104
2026-09-09,2026-09-09T00:00:00Z,405.6499938964844,408.20001220703125,401.3500061035156,402.70001220703125,2355775
2026-09-10,2026-09-10T00:00:00Z,403.70001220703125,407.0,401.45001220703125,402.75,1745759
2026-09-11,2026-09-11T00:00:00Z,403.79998779296875,404.8500061035156,401.70001220703125,402.54998779296875,1766872
2026-09-14,2026-09-14T00:00:00Z,400.0,404.1499938964844,398.04998779296875,399.1000061035156,2600924
2026-09-15,2026-09-15T00:00:00Z,398.0,400.25,392.0,397.8500061035156,3881176
2026-09-16,2026-09-16T00:00:00Z,399.0,402.95001220703125,399.0,402.3500061035156,2157971
2026-09-17,2026-09-17T00:00:00Z,404.25,407.95001220703125,404.20001220703125,406.1499938964844,2463767
2026-09-18,2026-09-18T00:00:00Z,406.0,408.3999938964844,403.6000061035156,405.75,5546793
2026-09-21,2026-09-21T00:00:00Z,408.0,411.3500061035156,406.75,407.20001220703125,2487297
2026-09-22,2026-09-22T00:00:00Z,408.20001220703125,411.5,406.79998779296875,409.45001220703125,3659645
2026-09-23,2026-09-23T00:00:00Z,411.0,413.75,407.04998779296875,409.20001220703125,1998681
2026-09-24,2026-09-24T00:00:00Z,406.1000061035156,410.3500061035156,405.25,408.8500061035156,1980374
2026-09-25,2026-09-25T00:00:00Z,412.8999938964844,415.70001220703125,410.75,411.45001220703125,2301190
2026-09-28,2026-09-28T00:00:00Z,412.0,413.5,408.1499938964844,408.1499938964844,1749769
2026-09-29,2026-09-29T00:00:00Z,409.75,412.1000061035156,407.1000061035156,407.3999938964844,1824936
