session_date,timestamp_utc,Open,High,Low,Close,Volume
2016-09-30,2016-09-30T00:00:00Z,4856.10009765625,4889.22998046875,4846.89990234375,4875.7001953125,2063260000
2016-10-03,2016-10-03T00:00:00Z,4864.6298828125,4872.14013671875,4848.2099609375,4866.6298828125,1606460000
2016-10-04,2016-10-04T00:00:00Z,4880.56982421875,4891.5,4841.72021484375,4859.47021484375,1711810000
2016-10-05,2016-10-05T00:00:00Z,4872.97998046875,4891.35009765625,4870.81005859375,4877.75,1755640000
2016-10-06,2016-10-06T00:00:00Z,4871.9501953125,4883.97021484375,4851.52978515625,4873.919921875,1655480000
2016-10-07,2016-10-07T00:00:00Z,4883.93994140625,4884.7001953125,4840.93017578125,4864.52001953125,1647330000
2016-10-10,2016-10-10T00:00:00Z,4887.72998046875,4904.72021484375,4885.58984375,4893.77001953125,1365600000
2016-10-11,2016-10-11T00:00:00Z,4890.169921875,4890.169921875,4804.240234375,4821.91015625,1822980000
2016-10-12,2016-10-12T00:00:00Z,4824.27001953125,4836.5498046875,4806.330078125,4819.64013671875,1567930000
2016-10-13,2016-10-13T00:00:00Z,4785.58984375,4816.330078125,4760.06982421875,4803.10009765625,1737720000
2016-10-14,2016-10-14T00:00:00Z,4828.89990234375,4845.990234375,4806.72998046875,4808.47998046875,1593610000
2016-10-17,2016-10-17T00:00:00Z,4808.47021484375,4814.8798828125,4790.4501953125,4796.169921875,1427060000
2016-10-18,2016-10-18T00:00:00Z,4849.91015625,4860.68017578125,4837.31005859375,4839.72021484375,1476970000
2016-10-19,2016-10-19T00:00:00Z,4833.81005859375,4845.06982421875,4830.68017578125,4836.60986328125,1548910000
2016-10-20,2016-10-20T00:00:00Z,4831.31005859375,4842.31982421875,4805.83984375,4832.7099609375,1745270000
2016-10-21,2016-10-21T00:00:00Z,4836.5400390625,4853.60986328125,4822.77978515625,4851.85986328125,1651490000
2016-10-24,2016-10-24T00:00:00Z,4884.16015625,4911.58984375,4880.77001953125,4909.97021484375,1533370000
2016-10-25,2016-10-25T00:00:00Z,4908.18017578125,4911.759765625,4885.89990234375,4891.4501953125,1580830000
2016-10-26,2016-10-26T00:00:00Z,4863.52001953125,4886.31982421875,4846.43994140625,4860.58984375,1732300000
2016-10-27,2016-10-27T00:00:00Z,4883.06982421875,4885.830078125,4831.68994140625,4836.4501953125,1926820000
2016-10-28,2016-10-28T00:00:00Z,4820.5,4848.5498046875,4794.06982421875,4805.58984375,1911810000
2016-10-31,2016-10-31T00:00:00Z,4821.31005859375,4823.919921875,4801.16015625,4801.27001953125,1709060000
2016-11-01,2016-11-01T00:00:00Z,4810.2998046875,4811.02001953125,4726.35009765625,4766.93994140625,1880920000
2016-11-02,2016-11-02T00:00:00Z,4764.830078125,4773.64990234375,4717.56005859375,4726.91015625,2124990000
2016-11-03,2016-11-03T00:00:00Z,4718.52978515625,4732.2001953125,4673.0498046875,4679.10009765625,2113730000
2016-11-04,2016-11-04T00:00:00Z,4647.58984375,4697.93994140625,4647.58984375,4660.4599609375,2020130000
2016-11-07,2016-11-07T00:00:00Z,4737.97998046875,4777.06005859375,4731.7900390625,4773.72998046875,1916620000
2016-11-08,2016-11-08T00:00:00Z,4766.47998046875,4824.97021484375,4757.25,4804.919921875,1739440000
2016-11-09,2016-11-09T00:00:00Z,4748.91015625,4832.9501953125,4747.35009765625,4825.18017578125,2827570000
2016-11-10,2016-11-10T00:00:00Z,4849.7099609375,4855.7900390625,4685.740234375,4747.02978515625,2986760000
2016-11-11,2016-11-11T00:00:00Z,4729.14013671875,4759.830078125,4711.9599609375,4751.9501953125,2290080000
2016-11-14,2016-11-14T00:00:00Z,4752.60986328125,4753.27001953125,4677.41015625,4702.0400390625,2371900000
2016-11-15,2016-11-15T00:00:00Z,4733.56982421875,4778.64990234375,4727.97998046875,4764.47021484375,2159180000
2016-11-16,2016-11-16T00:00:00Z,4745.02978515625,4794.56982421875,4742.9501953125,4792.27001953125,2066130000
2016-11-17,2016-11-17T00:00:00Z,4789.7900390625,4826.75,4781.72021484375,4826.58984375,2084710000
2016-11-18,2016-11-18T00:00:00Z,4832.81005859375,4840.81005859375,4804.43994140625,4808.0400390625,1865770000
2016-11-21,2016-11-21T00:00:00Z,4822.02978515625,4862.22998046875,4819.56982421875,4859.0,1748170000
2016-11-22,2016-11-22T00:00:00Z,4876.919921875,4884.6298828125,4861.080078125,4873.83984375,1890410000
2016-11-23,2016-11-23T00:00:00Z,4856.72021484375,4859.669921875,4832.58984375,4853.85986328125,1617700000
2016-11-25,2016-11-25T00:00:00Z,4861.47021484375,4870.89990234375,4853.0400390625,4870.02001953125,768080000
2016-11-28,2016-11-28T00:00:00Z,4861.72998046875,4878.8701171875,4852.7099609375,4857.02001953125,1630150000
2016-11-29,2016-11-29T00:00:00Z,4859.85009765625,4896.56982421875,4848.89013671875,4873.2099609375,1791760000
2016-11-30,2016-11-30T00:00:00Z,4876.2998046875,4880.759765625,4810.81005859375,4810.81005859375,2056060000
2016-12-01,2016-12-01T00:00:00Z,4806.77001953125,4810.43994140625,4723.56982421875,4734.10009765625,2269790000
2016-12-02,2016-12-02T00:00:00Z,4734.3798828125,4759.02978515625,4721.41015625,4739.3701171875,1851030000
2016-12-05,2016-12-05T00:00:00Z,4762.33984375,4795.27978515625,4743.52978515625,4778.14013671875,1800570000
2016-12-06,2016-12-06T00:00:00Z,4786.06005859375,4796.580078125,4769.39013671875,4788.669921875,1977480000
2016-12-07,2016-12-07T00:00:00Z,4778.85986328125,4854.31982421875,4765.43994140625,4851.93994140625,2125370000
2016-12-08,2016-12-08T00:00:00Z,4849.75,4869.56005859375,4843.0400390625,4859.18994140625,2236580000
2016-12-09,2016-12-09T00:00:00Z,4878.5400390625,4897.240234375,4877.18017578125,4895.89990234375,2042340000
2016-12-12,2016-12-12T00:00:00Z,4878.0400390625,4882.97998046875,4854.27001953125,4874.2998046875,1931840000
2016-12-13,2016-12-13T00:00:00Z,4893.64990234375,4960.47998046875,4890.14990234375,4935.83984375,2094860000
2016-12-14,2016-12-14T00:00:00Z,4943.64013671875,4955.25,4910.759765625,4921.22021484375,1976570000
2016-12-15,2016-12-15T00:00:00Z,4925.64990234375,4959.89990234375,4919.81005859375,4933.41015625,2101320000
2016-12-16,2016-12-16T00:00:00Z,4945.0400390625,4952.14013671875,4904.3798828125,4914.85986328125,3281480000
2016-12-19,2016-12-19T00:00:00Z,4919.16015625,4963.0,4911.75,4934.85009765625,1688680000
2016-12-20,2016-12-20T00:00:00Z,4948.33984375,4961.5498046875,4944.31982421875,4953.7998046875,1679630000
2016-12-21,2016-12-21T00:00:00Z,4952.06982421875,4957.4501953125,4938.240234375,4948.91015625,1496850000
2016-12-22,2016-12-22T00:00:00Z,4948.35986328125,4948.35986328125,4917.330078125,4934.39013671875,1585470000
2016-12-23,2016-12-23T00:00:00Z,4927.52978515625,4940.0400390625,4922.9501953125,4940.02001953125,1144900000
2016-12-27,2016-12-27T00:00:00Z,4948.919921875,4992.080078125,4947.58984375,4965.81005859375,1219050000
2016-12-28,2016-12-28T00:00:00Z,4976.419921875,4978.43017578125,4922.08984375,4926.2900390625,1326660000
2016-12-29,2016-12-29T00:00:00Z,4923.93017578125,4933.7099609375,4903.27978515625,4918.27978515625,1266350000
2016-12-30,2016-12-30T00:00:00Z,4925.35986328125,4927.16015625,4853.93017578125,4863.6201171875,1551690000
2017-01-03,2017-01-03T00:00:00Z,4900.85009765625,4928.490234375,4884.52001953125,4911.330078125,1887670000
2017-01-04,2017-01-04T00:00:00Z,4920.7900390625,4944.740234375,4919.7998046875,4937.2099609375,1885490000
2017-01-05,2017-01-05T00:00:00Z,4936.35009765625,4967.89990234375,4935.33984375,4964.9501953125,1799170000
2017-01-06,2017-01-06T00:00:00Z,4973.8701171875,5020.7001953125,4957.81982421875,5007.080078125,1711870000
2017-01-09,2017-01-09T00:00:00Z,5013.81982421875,5033.31982421875,5009.4501953125,5024.89990234375,1887740000
2017-01-10,2017-01-10T00:00:00Z,5027.5,5049.830078125,5016.18994140625,5035.169921875,1798610000
2017-01-11,2017-01-11T00:00:00Z,5033.8798828125,5050.2099609375,5012.64990234375,5050.2099609375,1960830000
2017-01-12,2017-01-12T00:00:00Z,5029.27978515625,5044.3701171875,4995.06982421875,5041.43017578125,1805840000
2017-01-13,2017-01-13T00:00:00Z,5047.56005859375,5066.9501953125,5045.919921875,5059.509765625,1611260000
2017-01-17,2017-01-17T00:00:00Z,5043.06982421875,5053.2001953125,5029.60986328125,5044.64990234375,1759440000
2017-01-18,2017-01-18T00:00:00Z,5050.259765625,5058.2001953125,5039.18017578125,5055.85009765625,1686260000
2017-01-19,2017-01-19T00:00:00Z,5061.10009765625,5078.41015625,5041.2099609375,5051.169921875,1809900000
2017-01-20,2017-01-20T00:00:00Z,5070.14990234375,5085.33984375,5050.02001953125,5063.2001953125,1750340000
2017-01-23,2017-01-23T00:00:00Z,5055.97021484375,5073.240234375,5035.490234375,5065.7001953125,1652370000
2017-01-24,2017-01-24T00:00:00Z,5079.60986328125,5108.22021484375,5068.3701171875,5101.06005859375,1808560000
2017-01-25,2017-01-25T00:00:00Z,5132.8701171875,5153.18017578125,5129.0,5151.47021484375,1964040000
2017-01-26,2017-01-26T00:00:00Z,5164.1201171875,5168.2001953125,5148.85009765625,5156.919921875,1837020000
2017-01-27,2017-01-27T00:00:00Z,5169.490234375,5172.43017578125,5150.18017578125,5168.06005859375,1669190000
2017-01-30,2017-01-30T00:00:00Z,5146.41015625,5146.8798828125,5098.33984375,5129.330078125,1782380000
2017-01-31,2017-01-31T00:00:00Z,5107.47021484375,5116.7998046875,5086.330078125,5116.77001953125,2047460000
2017-02-01,2017-02-01T00:00:00Z,5157.830078125,5162.4599609375,5128.89990234375,5152.68994140625,2239570000
2017-02-02,2017-02-02T00:00:00Z,5141.27001953125,5162.56005859375,5128.759765625,5147.7001953125,2077010000
2017-02-03,2017-02-03T00:00:00Z,5153.60986328125,5165.47021484375,5147.580078125,5161.60009765625,1792330000
2017-02-06,2017-02-06T00:00:00Z,5154.18017578125,5167.9599609375,5148.06005859375,5167.9599609375,1736140000
2017-02-07,2017-02-07T00:00:00Z,5178.85009765625,5196.27001953125,5174.33984375,5185.8798828125,1922030000
2017-02-08,2017-02-08T00:00:00Z,5176.5,5201.56982421875,5168.97998046875,5196.580078125,1947100000
2017-02-09,2017-02-09T00:00:00Z,5200.169921875,5221.6201171875,5196.06982421875,5212.16015625,1948120000
2017-02-10,2017-02-10T00:00:00Z,5219.81005859375,5234.27001953125,5212.83984375,5226.68994140625,1867270000
2017-02-13,2017-02-13T00:00:00Z,5242.490234375,5262.419921875,5241.0,5256.81982421875,1843480000
2017-02-14,2017-02-14T00:00:00Z,5251.35986328125,5271.10009765625,5238.68994140625,5271.06982421875,1952370000
2017-02-15,2017-02-15T00:00:00Z,5266.1201171875,5304.33984375,5264.43994140625,5302.39013671875,2094140000
2017-02-16,2017-02-16T00:00:00Z,5306.3798828125,5316.7900390625,5287.5400390625,5300.64013671875,1945600000
2017-02-17,2017-02-17T00:00:00Z,5295.490234375,5324.72021484375,5291.7001953125,5324.72021484375,1879030000
2017-02-21,2017-02-21T00:00:00Z,5334.56982421875,5353.16015625,5330.47021484375,5350.72998046875,1940110000
2017-02-22,2017-02-22T00:00:00Z,5345.18017578125,5354.72998046875,5335.7998046875,5352.1298828125,1874710000
2017-02-23,2017-02-23T00:00:00Z,5358.02978515625,5358.52978515625,5309.990234375,5332.3701171875,1881490000
2017-02-24,2017-02-24T00:00:00Z,5305.22998046875,5343.31005859375,5304.009765625,5343.31005859375,1684650000
2017-02-27,2017-02-27T00:00:00Z,5330.56005859375,5347.8798828125,5322.14013671875,5347.5498046875,1882610000
2017-02-28,2017-02-28T00:00:00Z,5344.18017578125,5347.47021484375,5316.7001953125,5330.31005859375,2303390000
2017-03-01,2017-03-01T00:00:00Z,5368.64990234375,5398.43017578125,5355.3798828125,5390.990234375,2220350000
2017-03-02,2017-03-02T00:00:00Z,5386.33984375,5387.72998046875,5355.52978515625,5363.259765625,2043610000
2017-03-03,2017-03-03T00:00:00Z,5355.2099609375,5373.47998046875,5344.47998046875,5373.47998046875,1853600000
2017-03-06,2017-03-06T00:00:00Z,5352.60986328125,5368.27001953125,5338.60986328125,5360.31005859375,1774040000
2017-03-07,2017-03-07T00:00:00Z,5348.2001953125,5373.259765625,5341.43017578125,5351.27978515625,1825510000
2017-03-08,2017-03-08T00:00:00Z,5351.35009765625,5375.77001953125,5348.72998046875,5359.81005859375,1813080000
2017-03-09,2017-03-09T00:00:00Z,5355.77978515625,5370.66015625,5336.080078125,5363.97998046875,1886780000
2017-03-10,2017-03-10T00:00:00Z,5390.4599609375,5394.66015625,5364.10009765625,5385.89990234375,1999440000
2017-03-13,2017-03-13T00:00:00Z,5387.72998046875,5396.39013671875,5382.02001953125,5394.56982421875,1812460000
2017-03-14,2017-03-14T00:00:00Z,5382.7900390625,5384.8798828125,5360.7001953125,5382.169921875,1664870000
2017-03-15,2017-03-15T00:00:00Z,5392.47998046875,5426.83984375,5375.8798828125,5416.25,1955400000
2017-03-16,2017-03-16T00:00:00Z,5421.4599609375,5423.66015625,5399.27001953125,5412.080078125,1770640000
2017-03-17,2017-03-17T00:00:00Z,5413.47021484375,5423.27978515625,5406.81005859375,5408.759765625,3189970000
2017-03-20,2017-03-20T00:00:00Z,5406.02001953125,5426.47021484375,5400.16015625,5413.31005859375,1736790000
2017-03-21,2017-03-21T00:00:00Z,5433.27978515625,5439.580078125,5328.7099609375,5332.52978515625,2199920000
2017-03-22,2017-03-22T00:00:00Z,5332.64013671875,5372.27001953125,5327.25,5367.5498046875,1860290000
2017-03-23,2017-03-23T00:00:00Z,5356.7099609375,5375.43017578125,5346.2998046875,5355.14013671875,1746990000
2017-03-24,2017-03-24T00:00:00Z,5376.740234375,5392.27978515625,5345.93994140625,5364.0,1855040000
2017-03-27,2017-03-27T00:00:00Z,5320.9599609375,5383.22021484375,5316.02001953125,5374.27001953125,1673060000
2017-03-28,2017-03-28T00:00:00Z,5371.89990234375,5422.25,5363.2900390625,5407.2099609375,1823600000
2017-03-29,2017-03-29T00:00:00Z,5410.14013671875,5433.35986328125,5405.10009765625,5430.27001953125,1722190000
2017-03-30,2017-03-30T00:00:00Z,5430.31005859375,5446.509765625,5425.2998046875,5439.740234375,1732100000
2017-03-31,2017-03-31T00:00:00Z,5430.990234375,5451.5,5427.5,5436.22998046875,1905150000
2017-04-03,2017-04-03T00:00:00Z,5440.2001953125,5453.43994140625,5403.31005859375,5432.2001953125,1852990000
2017-04-04,2017-04-04T00:00:00Z,5415.52978515625,5441.33984375,5415.2998046875,5440.41015625,1795260000
2017-04-05,2017-04-05T00:00:00Z,5447.27001953125,5479.85986328125,5409.0400390625,5418.52001953125,2208600000
2017-04-06,2017-04-06T00:00:00Z,5423.64990234375,5435.06005859375,5407.8701171875,5420.8798828125,1849790000
2017-04-07,2017-04-07T00:00:00Z,5420.93994140625,5434.18017578125,5400.080078125,5418.3701171875,1703730000
2017-04-10,2017-04-10T00:00:00Z,5423.56982421875,5442.7099609375,5406.580078125,5421.68017578125,1633190000
2017-04-11,2017-04-11T00:00:00Z,5413.91015625,5422.7900390625,5359.14013671875,5398.39990234375,1830760000
2017-04-12,2017-04-12T00:00:00Z,5394.60986328125,5399.5498046875,5370.240234375,5377.02978515625,1666570000
2017-04-13,2017-04-13T00:00:00Z,5370.68994140625,5398.990234375,5353.58984375,5353.58984375,1587150000
2017-04-17,2017-04-17T00:00:00Z,5369.2099609375,5399.2001953125,5367.58984375,5399.2001953125,1383550000
2017-04-18,2017-04-18T00:00:00Z,5383.740234375,5405.5400390625,5377.91015625,5391.66015625,1610230000
2017-04-19,2017-04-19T00:00:00Z,5416.2998046875,5431.0,5392.27978515625,5399.64013671875,1754240000
2017-04-20,2017-04-20T00:00:00Z,5422.47021484375,5455.8798828125,5413.31982421875,5443.52978515625,1751490000
2017-04-21,2017-04-21T00:00:00Z,5447.27978515625,5450.81005859375,5430.22021484375,5442.0498046875,1736420000
2017-04-24,2017-04-24T00:00:00Z,5503.27001953125,5513.56982421875,5494.4599609375,5508.02978515625,1842880000
2017-04-25,2017-04-25T00:00:00Z,5523.47998046875,5557.93017578125,5521.52001953125,5548.18994140625,1898120000
2017-04-26,2017-04-26T00:00:00Z,5553.60009765625,5563.97021484375,5537.990234375,5541.08984375,1899570000
2017-04-27,2017-04-27T00:00:00Z,5555.27001953125,5573.259765625,5551.5498046875,5571.27978515625,1883610000
2017-04-28,2017-04-28T00:00:00Z,5598.47021484375,5600.0,5575.2099609375,5583.52978515625,2005870000
2017-05-01,2017-05-01T00:00:00Z,5602.43994140625,5640.47998046875,5600.31005859375,5629.6298828125,1763100000
2017-05-02,2017-05-02T00:00:00Z,5642.41015625,5645.080078125,5625.490234375,5644.06982421875,2162610000
2017-05-03,2017-05-03T00:00:00Z,5624.8798828125,5629.77978515625,5608.16015625,5625.16015625,2152850000
2017-05-04,2017-05-04T00:00:00Z,5623.56982421875,5633.490234375,5606.0498046875,5626.31982421875,2059820000
2017-05-05,2017-05-05T00:00:00Z,5640.77978515625,5646.08984375,5619.60009765625,5646.08984375,1903040000
2017-05-08,2017-05-08T00:00:00Z,5649.18017578125,5659.06982421875,5638.0,5659.06982421875,1912030000
2017-05-09,2017-05-09T00:00:00Z,5667.97998046875,5691.2099609375,5664.0,5678.31005859375,2005820000
2017-05-10,2017-05-10T00:00:00Z,5681.330078125,5683.64013671875,5661.43994140625,5681.68017578125,2111850000
2017-05-11,2017-05-11T00:00:00Z,5662.58984375,5675.5,5637.39990234375,5674.22021484375,1952650000
2017-05-12,2017-05-12T00:00:00Z,5683.580078125,5687.419921875,5672.0400390625,5686.81005859375,1749010000
2017-05-15,2017-05-15T00:00:00Z,5687.97021484375,5706.60986328125,5683.10009765625,5704.47998046875,1865450000
2017-05-16,2017-05-16T00:00:00Z,5715.14990234375,5724.7099609375,5699.41015625,5724.43994140625,2006980000
2017-05-17,2017-05-17T00:00:00Z,5673.6201171875,5688.740234375,5578.16015625,5580.5498046875,2355460000
2017-05-18,2017-05-18T00:00:00Z,5569.81005859375,5645.080078125,5568.47021484375,5626.31005859375,2134610000
2017-05-19,2017-05-19T00:00:00Z,5640.7099609375,5673.6298828125,5640.68017578125,5651.56005859375,1908030000
2017-05-22,2017-05-22T00:00:00Z,5662.9501953125,5701.0498046875,5661.58984375,5699.39990234375,1728190000
2017-05-23,2017-05-23T00:00:00Z,5714.93994140625,5716.5498046875,5690.2001953125,5703.35009765625,1709140000
2017-05-24,2017-05-24T00:00:00Z,5720.830078125,5732.56982421875,5705.169921875,5730.2998046875,1672380000
2017-05-25,2017-05-25T00:00:00Z,5748.2900390625,5793.1298828125,5738.81982421875,5778.3701171875,1775750000
2017-05-26,2017-05-26T00:00:00Z,5782.169921875,5790.2001953125,5771.7099609375,5788.35986328125,1573200000
2017-05-30,2017-05-30T00:00:00Z,5785.3798828125,5799.990234375,5781.3701171875,5794.6298828125,1690930000
2017-05-31,2017-05-31T00:00:00Z,5812.97021484375,5813.259765625,5762.56005859375,5788.7998046875,2212130000
2017-06-01,2017-06-01T00:00:00Z,5804.169921875,5816.60009765625,5779.89013671875,5816.509765625,1946000000
2017-06-02,2017-06-02T00:00:00Z,5834.41015625,5881.4599609375,5825.740234375,5881.4599609375,1825450000
2017-06-05,2017-06-05T00:00:00Z,5881.22021484375,5888.919921875,5871.08984375,5878.1201171875,1742160000
2017-06-06,2017-06-06T00:00:00Z,5869.47998046875,5890.8798828125,5848.31982421875,5856.77001953125,1893110000
2017-06-07,2017-06-07T00:00:00Z,5871.77001953125,5883.18994140625,5845.9599609375,5877.58984375,1827220000
2017-06-08,2017-06-08T00:00:00Z,5894.75,5895.18017578125,5852.64990234375,5885.2998046875,2134350000
2017-06-09,2017-06-09T00:00:00Z,5891.669921875,5897.68994140625,5657.759765625,5741.93994140625,3154590000
2017-06-12,2017-06-12T00:00:00Z,5677.16015625,5716.2001953125,5633.33984375,5708.18017578125,2588860000
2017-06-13,2017-06-13T00:00:00Z,5740.2099609375,5760.5400390625,5709.169921875,5751.81982421875,2063930000
2017-06-14,2017-06-14T00:00:00Z,5774.1201171875,5774.2001953125,5682.35009765625,5727.06982421875,1949040000
2017-06-15,2017-06-15T00:00:00Z,5661.35986328125,5707.3701171875,5634.580078125,5700.89013671875,1870010000
2017-06-16,2017-06-16T00:00:00Z,5694.2099609375,5695.740234375,5656.6201171875,5681.47998046875,3133000000
2017-06-19,2017-06-19T00:00:00Z,5729.5400390625,5776.3701171875,5724.490234375,5772.22021484375,1989290000
2017-06-20,2017-06-20T00:00:00Z,5763.0,5772.169921875,5725.009765625,5726.31005859375,2580440000
2017-06-21,2017-06-21T00:00:00Z,5740.580078125,5784.919921875,5737.009765625,5782.39013671875,2408800000
2017-06-22,2017-06-22T00:00:00Z,5787.43994140625,5802.4599609375,5767.8701171875,5779.8701171875,2177430000
2017-06-23,2017-06-23T00:00:00Z,5775.02978515625,5810.31005859375,5759.7001953125,5803.10986328125,4164310000
2017-06-26,2017-06-26T00:00:00Z,5832.31005859375,5845.14990234375,5765.8701171875,5777.58984375,2155460000
2017-06-27,2017-06-27T00:00:00Z,5752.72021484375,5761.0400390625,5671.60009765625,5671.60009765625,2189250000
2017-06-28,2017-06-28T00:00:00Z,5693.47998046875,5757.22998046875,5660.52978515625,5753.02978515625,2077390000
2017-06-29,2017-06-29T00:00:00Z,5723.31005859375,5723.66015625,5599.43994140625,5653.02001953125,2410510000
2017-06-30,2017-06-30T00:00:00Z,5676.39990234375,5681.89990234375,5637.740234375,5646.919921875,2011720000
2017-07-03,2017-07-03T00:00:00Z,5680.35986328125,5684.97998046875,5592.52978515625,5596.9599609375,1091030000
2017-07-05,2017-07-05T00:00:00Z,5611.0,5663.60009765625,5593.66015625,5648.81982421875,1874040000
2017-07-06,2017-07-06T00:00:00Z,5606.419921875,5628.83984375,5579.64013671875,5597.89990234375,1993290000
2017-07-07,2017-07-07T00:00:00Z,5618.85009765625,5673.02001953125,5618.85009765625,5656.47021484375,1712490000
2017-07-10,2017-07-10T00:00:00Z,5662.7099609375,5708.6201171875,5650.259765625,5694.14990234375,1681270000
2017-07-11,2017-07-11T00:00:00Z,5687.02978515625,5717.91015625,5667.27001953125,5709.7998046875,1812560000
2017-07-12,2017-07-12T00:00:00Z,5757.2001953125,5785.0,5749.64990234375,5778.9501953125,1827740000
2017-07-13,2017-07-13T00:00:00Z,5785.31982421875,5806.18017578125,5776.6201171875,5793.35986328125,1806160000
2017-07-14,2017-07-14T00:00:00Z,5815.0400390625,5844.7998046875,5799.85009765625,5838.080078125,1615440000
2017-07-17,2017-07-17T00:00:00Z,5845.81982421875,5860.64013671875,5830.25,5839.740234375,1563390000
2017-07-18,2017-07-18T00:00:00Z,5832.919921875,5880.5498046875,5818.2001953125,5880.10009765625,1773220000
2017-07-19,2017-07-19T00:00:00Z,5898.39990234375,5922.3701171875,5895.5400390625,5916.16015625,1867470000
2017-07-20,2017-07-20T00:00:00Z,5929.580078125,5932.60986328125,5896.60986328125,5921.22021484375,1850000000
2017-07-21,2017-07-21T00:00:00Z,5905.60009765625,5921.52978515625,5890.25,5921.52978515625,1807110000
2017-07-24,2017-07-24T00:00:00Z,5920.93017578125,5950.580078125,5912.740234375,5941.3701171875,1748140000
2017-07-25,2017-07-25T00:00:00Z,5927.10009765625,5945.06005859375,5916.2900390625,5930.64990234375,1930840000
2017-07-26,2017-07-26T00:00:00Z,5944.16015625,5954.3798828125,5939.169921875,5950.72998046875,1996680000
2017-07-27,2017-07-27T00:00:00Z,5994.02001953125,5995.77001953125,5847.0498046875,5917.02978515625,2501400000
2017-07-28,2017-07-28T00:00:00Z,5883.7001953125,5918.31005859375,5868.919921875,5908.919921875,1877100000
2017-07-31,2017-07-31T00:00:00Z,5928.68017578125,5932.3701171875,5871.7900390625,5880.330078125,1898830000
2017-08-01,2017-08-01T00:00:00Z,5900.64013671875,5905.2900390625,5880.4501953125,5895.169921875,1821780000
2017-08-02,2017-08-02T00:00:00Z,5934.06982421875,5936.14990234375,5859.6201171875,5914.22998046875,2115870000
2017-08-03,2017-08-03T00:00:00Z,5915.72998046875,5917.47021484375,5879.72021484375,5891.2001953125,2124100000
2017-08-04,2017-08-04T00:00:00Z,5899.68994140625,5912.56005859375,5877.06005859375,5899.91015625,1908930000
2017-08-07,2017-08-07T00:00:00Z,5909.4501953125,5936.7900390625,5903.75,5934.72998046875,1704010000
2017-08-08,2017-08-08T00:00:00Z,5922.64013671875,5972.93017578125,5910.5,5926.35009765625,1931490000
2017-08-09,2017-08-09T00:00:00Z,5879.5498046875,5920.9599609375,5866.169921875,5919.39013671875,2037810000
2017-08-10,2017-08-10T00:00:00Z,5880.14013671875,5887.27001953125,5783.35986328125,5788.18994140625,2214990000
2017-08-11,2017-08-11T00:00:00Z,5792.31982421875,5844.60986328125,5785.259765625,5831.52978515625,1799780000
2017-08-14,2017-08-14T00:00:00Z,5878.64013671875,5916.330078125,5878.0,5908.169921875,1702570000
2017-08-15,2017-08-15T00:00:00Z,5917.2900390625,5919.75,5893.85009765625,5907.72998046875,1582560000
2017-08-16,2017-08-16T00:00:00Z,5920.68017578125,5944.97998046875,5899.56005859375,5917.419921875,1809070000
2017-08-17,2017-08-17T00:00:00Z,5896.31982421875,5903.8701171875,5796.31982421875,5796.31982421875,2052940000
2017-08-18,2017-08-18T00:00:00Z,5803.89990234375,5831.080078125,5770.14013671875,5790.91015625,1968470000
2017-08-21,2017-08-21T00:00:00Z,5791.0400390625,5804.2998046875,5750.5,5786.5400390625,1582990000
2017-08-22,2017-08-22T00:00:00Z,5817.2900390625,5879.0,5817.02001953125,5873.330078125,1599760000
2017-08-23,2017-08-23T00:00:00Z,5842.16015625,5864.77978515625,5840.7099609375,5851.77978515625,1535320000
2017-08-24,2017-08-24T00:00:00Z,5863.990234375,5871.8701171875,5802.77001953125,5834.43994140625,1618660000
2017-08-25,2017-08-25T00:00:00Z,5854.31005859375,5870.47021484375,5815.60009765625,5822.52978515625,1445590000
2017-08-28,2017-08-28T00:00:00Z,5839.27001953125,5852.7998046875,5821.8701171875,5838.080078125,1565110000
2017-08-29,2017-08-29T00:00:00Z,5785.2900390625,5871.7900390625,5785.22021484375,5862.14013671875,1639810000
2017-08-30,2017-08-30T00:00:00Z,5870.8798828125,5940.56982421875,5865.33984375,5932.89990234375,1717060000
2017-08-31,2017-08-31T00:00:00Z,5948.740234375,5995.4501953125,5945.9501953125,5988.60009765625,1889500000
2017-09-01,2017-09-01T00:00:00Z,6001.81982421875,6009.60986328125,5972.27001953125,5987.89990234375,1489120000
2017-09-05,2017-09-05T00:00:00Z,5966.64013671875,5980.91015625,5890.25,5932.72998046875,1889620000
2017-09-06,2017-09-06T00:00:00Z,5949.5400390625,5964.3798828125,5909.919921875,5951.1298828125,1902720000
2017-09-07,2017-09-07T00:00:00Z,5960.43994140625,5980.14990234375,5943.89013671875,5964.31005859375,2000910000
2017-09-08,2017-09-08T00:00:00Z,5957.18994140625,5958.81005859375,5907.9599609375,5913.3701171875,1786070000
2017-09-11,2017-09-11T00:00:00Z,5962.35009765625,5990.8701171875,5960.8701171875,5980.52978515625,1819310000
2017-09-12,2017-09-12T00:00:00Z,5998.75,6002.97021484375,5968.08984375,5995.64013671875,1747620000
2017-09-13,2017-09-13T00:00:00Z,5982.85009765625,6004.47021484375,5974.8798828125,6004.3798828125,1944630000
2017-09-14,2017-09-14T00:00:00Z,5981.85009765625,5997.22998046875,5965.06005859375,5968.81982421875,1817840000
2017-09-15,2017-09-15T00:00:00Z,5965.66015625,6009.4501953125,5957.85009765625,5988.0,2827910000
2017-09-18,2017-09-18T00:00:00Z,5997.509765625,6012.9501953125,5963.169921875,5981.1201171875,1881900000
2017-09-19,2017-09-19T00:00:00Z,5991.93017578125,5998.240234375,5971.169921875,5991.080078125,1816080000
2017-09-20,2017-09-20T00:00:00Z,5987.72021484375,5994.52978515625,5927.7001953125,5973.60986328125,2083580000
2017-09-21,2017-09-21T00:00:00Z,5965.60009765625,5965.60009765625,5915.740234375,5934.91015625,1779600000
2017-09-22,2017-09-22T00:00:00Z,5912.2001953125,5937.58984375,5911.47998046875,5932.31982421875,1648690000
2017-09-25,2017-09-25T00:00:00Z,5904.06005859375,5908.56982421875,5839.89013671875,5867.35009765625,2061150000
2017-09-26,2017-09-26T00:00:00Z,5893.18017578125,5908.47021484375,5862.990234375,5881.33984375,1935990000
2017-09-27,2017-09-27T00:00:00Z,5912.9599609375,5957.75,5900.35009765625,5937.7900390625,2068400000
2017-09-28,2017-09-28T00:00:00Z,5920.64990234375,5939.22021484375,5908.6201171875,5933.06982421875,1882790000
2017-09-29,2017-09-29T00:00:00Z,5941.77978515625,5980.22021484375,5930.81982421875,5979.2998046875,1970720000
2017-10-02,2017-10-02T00:00:00Z,5988.9599609375,6005.2001953125,5955.830078125,5981.919921875,1984400000
2017-10-03,2017-10-03T00:00:00Z,5986.85009765625,5999.18994140625,5976.64990234375,5995.06005859375,1972760000
2017-10-04,2017-10-04T00:00:00Z,5983.31005859375,6009.81005859375,5976.1201171875,5998.83984375,1941470000
2017-10-05,2017-10-05T00:00:00Z,6018.27001953125,6059.2099609375,6014.77001953125,6057.14013671875,1888970000
2017-10-06,2017-10-06T00:00:00Z,6037.43994140625,6064.669921875,6037.02001953125,6064.56982421875,1752170000
2017-10-09,2017-10-09T00:00:00Z,6071.9599609375,6078.81005859375,6051.330078125,6058.52978515625,1494160000
2017-10-10,2017-10-10T00:00:00Z,6078.27001953125,6084.14013671875,6036.72021484375,6063.52001953125,1802480000
2017-10-11,2017-10-11T00:00:00Z,6062.72998046875,6082.25,6052.43994140625,6081.25,1837860000
2017-10-12,2017-10-12T00:00:00Z,6072.2099609375,6093.759765625,6063.47021484375,6069.990234375,2020330000
2017-10-13,2017-10-13T00:00:00Z,6094.72021484375,6100.06005859375,6087.02978515625,6092.4501953125,1761700000
2017-10-16,2017-10-16T00:00:00Z,6108.66015625,6115.52978515625,6095.6298828125,6114.52978515625,1632240000
2017-10-17,2017-10-17T00:00:00Z,6111.31982421875,6122.81982421875,6103.66015625,6122.60986328125,1653160000
2017-10-18,2017-10-18T00:00:00Z,6128.91015625,6129.490234375,6106.85009765625,6114.35009765625,1738060000
2017-10-19,2017-10-19T00:00:00Z,6074.27978515625,6092.8701171875,6051.47021484375,6092.6201171875,1847020000
2017-10-20,2017-10-20T00:00:00Z,6114.4599609375,6122.56005859375,6102.16015625,6108.81982421875,1812220000
2017-10-23,2017-10-23T00:00:00Z,6122.240234375,6122.240234375,6061.080078125,6067.830078125,1813080000
2017-10-24,2017-10-24T00:00:00Z,6078.02001953125,6090.89013671875,6057.68994140625,6080.22021484375,1852610000
2017-10-25,2017-10-25T00:00:00Z,6069.35009765625,6087.580078125,6011.240234375,6055.0400390625,2205790000
2017-10-26,2017-10-26T00:00:00Z,6056.0498046875,6066.60986328125,6035.9599609375,6037.8701171875,2125640000
2017-10-27,2017-10-27T00:00:00Z,6138.22998046875,6223.52001953125,6129.7998046875,6213.47021484375,2414520000
2017-10-30,2017-10-30T00:00:00Z,6209.7998046875,6250.85009765625,6202.52978515625,6227.58984375,2015920000
2017-10-31,2017-10-31T00:00:00Z,6241.8798828125,6258.419921875,6229.14990234375,6248.56005859375,2054220000
2017-11-01,2017-11-01T00:00:00Z,6274.259765625,6276.669921875,6224.580078125,6248.64990234375,2074230000
2017-11-02,2017-11-02T00:00:00Z,6238.2900390625,6243.740234375,6194.580078125,6236.39013671875,2282300000
2017-11-03,2017-11-03T00:00:00Z,6266.18994140625,6297.6201171875,6237.64990234375,6295.580078125,2203880000
2017-11-06,2017-11-06T00:00:00Z,6292.14990234375,6318.580078125,6291.83984375,6313.60986328125,2173120000
2017-11-07,2017-11-07T00:00:00Z,6314.68994140625,6328.580078125,6299.52978515625,6320.77978515625,2209280000
2017-11-08,2017-11-08T00:00:00Z,6319.02978515625,6346.97998046875,6308.6201171875,6345.81005859375,2121340000
2017-11-09,2017-11-09T00:00:00Z,6295.2900390625,6315.16015625,6248.2900390625,6312.2099609375,2243500000
2017-11-10,2017-11-10T00:00:00Z,6297.14990234375,6313.169921875,6284.22021484375,6309.06982421875,1979120000
2017-11-13,2017-11-13T00:00:00Z,6286.009765625,6325.18017578125,6285.97021484375,6316.18017578125,1976460000
2017-11-14,2017-11-14T00:00:00Z,6293.330078125,6300.4599609375,6263.77001953125,6293.64013671875,1988230000
2017-11-15,2017-11-15T00:00:00Z,6261.27001953125,6276.7998046875,6227.990234375,6258.35986328125,1923730000
2017-11-16,2017-11-16T00:00:00Z,6293.4599609375,6352.47021484375,6293.4599609375,6339.14013671875,2020380000
2017-11-17,2017-11-17T00:00:00Z,6343.64013671875,6345.56005859375,6308.47998046875,6314.509765625,2009220000
2017-11-20,2017-11-20T00:00:00Z,6319.56982421875,6324.58984375,6301.8798828125,6308.60986328125,1811750000
2017-11-21,2017-11-21T00:00:00Z,6336.91015625,6380.06982421875,6336.259765625,6378.6298828125,1891960000
2017-11-22,2017-11-22T00:00:00Z,6384.1298828125,6391.16015625,6371.75,6386.1201171875,1589150000
2017-11-24,2017-11-24T00:00:00Z,6393.330078125,6410.77001953125,6389.39990234375,6409.2900390625,872110000
2017-11-27,2017-11-27T00:00:00Z,6409.52001953125,6420.2099609375,6392.009765625,6405.97021484375,1781550000
2017-11-28,2017-11-28T00:00:00Z,6419.47998046875,6426.0400390625,6385.31982421875,6422.56005859375,2003840000
2017-11-29,2017-11-29T00:00:00Z,6412.68994140625,6412.68994140625,6279.3701171875,6311.3798828125,2456990000
2017-11-30,2017-11-30T00:00:00Z,6337.33984375,6374.18994140625,6321.43017578125,6365.56005859375,2468530000
2017-12-01,2017-12-01T00:00:00Z,6325.60986328125,6365.2998046875,6244.83984375,6337.8701171875,2302140000
2017-12-04,2017-12-04T00:00:00Z,6380.68017578125,6380.77001953125,6256.81005859375,6263.7001953125,2427170000
2017-12-05,2017-12-05T00:00:00Z,6242.47021484375,6337.06005859375,6235.77001953125,6265.10986328125,2085760000
2017-12-06,2017-12-06T00:00:00Z,6243.72021484375,6304.10009765625,6234.22021484375,6293.0498046875,1901770000
2017-12-07,2017-12-07T00:00:00Z,6300.64013671875,6333.2900390625,6290.64990234375,6316.27978515625,1953740000
2017-12-08,2017-12-08T00:00:00Z,6364.60009765625,6377.5498046875,6335.22998046875,6344.56982421875,1825640000
2017-12-11,2017-12-11T00:00:00Z,6351.240234375,6394.43017578125,6347.91015625,6393.89013671875,1836780000
2017-12-12,2017-12-12T00:00:00Z,6389.47021484375,6403.5,6371.68994140625,6383.64990234375,1872810000
2017-12-13,2017-12-13T00:00:00Z,6405.41015625,6416.830078125,6388.41015625,6394.669921875,1931090000
2017-12-14,2017-12-14T00:00:00Z,6407.259765625,6423.68017578125,6386.25,6389.91015625,1990090000
2017-12-15,2017-12-15T00:00:00Z,6405.14990234375,6470.919921875,6405.02978515625,6466.31982421875,3529590000
2017-12-18,2017-12-18T00:00:00Z,6504.89013671875,6522.7001953125,6495.18017578125,6513.27001953125,2150580000
2017-12-19,2017-12-19T00:00:00Z,6505.35986328125,6510.8701171875,6462.7900390625,6480.669921875,2084190000
2017-12-20,2017-12-20T00:00:00Z,6504.5498046875,6504.5498046875,6447.93017578125,6472.47998046875,1888140000
2017-12-21,2017-12-21T00:00:00Z,6481.080078125,6501.52001953125,6467.77978515625,6472.68994140625,1827410000
2017-12-22,2017-12-22T00:00:00Z,6462.5498046875,6467.830078125,6449.0,6465.169921875,1541880000
2017-12-26,2017-12-26T00:00:00Z,6427.31982421875,6438.240234375,6407.990234375,6433.16015625,1301000000
2017-12-27,2017-12-27T00:00:00Z,6437.06005859375,6448.93994140625,6425.919921875,6435.14990234375,1411010000
2017-12-28,2017-12-28T00:00:00Z,6449.52978515625,6452.06982421875,6432.68017578125,6441.419921875,1319870000
2017-12-29,2017-12-29T00:00:00Z,6439.91015625,6442.52978515625,6396.419921875,6396.419921875,1575290000
2018-01-02,2018-01-02T00:00:00Z,6431.58984375,6513.02001953125,6417.75,6511.33984375,1929700000
2018-01-03,2018-01-03T00:00:00Z,6520.02978515625,6579.25,6519.259765625,6575.7998046875,2173130000
2018-01-04,2018-01-04T00:00:00Z,6595.75,6603.169921875,6576.919921875,6584.580078125,2103220000
2018-01-05,2018-01-05T00:00:00Z,6613.1298828125,6654.97998046875,6605.02978515625,6653.2900390625,2024000000
2018-01-08,2018-01-08T00:00:00Z,6651.68017578125,6680.31982421875,6649.2001953125,6676.6298828125,2055010000
2018-01-09,2018-01-09T00:00:00Z,6692.8701171875,6696.1201171875,6658.27001953125,6677.93994140625,2155810000
2018-01-10,2018-01-10T00:00:00Z,6640.66015625,6663.509765625,6619.35009765625,6662.66015625,2132430000
2018-01-11,2018-01-11T00:00:00Z,6675.68994140625,6708.490234375,6664.740234375,6708.490234375,2015170000
2018-01-12,2018-01-12T00:00:00Z,6699.31982421875,6763.97998046875,6695.52001953125,6758.5400390625,1986600000
2018-01-16,2018-01-16T00:00:00Z,6807.85009765625,6835.7900390625,6719.10986328125,6737.14013671875,2399790000
2018-01-17,2018-01-17T00:00:00Z,6767.85009765625,6820.0400390625,6738.4501953125,6810.27978515625,2245910000
2018-01-18,2018-01-18T00:00:00Z,6804.58984375,6826.7900390625,6784.72021484375,6811.3798828125,2037410000
2018-01-19,2018-01-19T00:00:00Z,6829.0400390625,6843.240234375,6801.58984375,6834.330078125,2005470000
2018-01-22,2018-01-22T00:00:00Z,6829.5498046875,6906.27978515625,6822.85009765625,6906.27978515625,2118310000
2018-01-23,2018-01-23T00:00:00Z,6928.27001953125,6969.39990234375,6926.3701171875,6963.4599609375,2135840000
2018-01-24,2018-01-24T00:00:00Z,6975.3798828125,6992.91015625,6880.68017578125,6919.35009765625,2287320000
2018-01-25,2018-01-25T00:00:00Z,6965.009765625,6967.60009765625,6894.83984375,6916.2998046875,2081380000
2018-01-26,2018-01-26T00:00:00Z,6956.66015625,7022.97021484375,6941.47998046875,7022.97021484375,2080700000
2018-01-29,2018-01-29T00:00:00Z,7000.68017578125,7020.64013671875,6974.7001953125,6988.31982421875,2114420000
2018-01-30,2018-01-30T00:00:00Z,6910.39013671875,6958.7900390625,6894.6298828125,6930.72998046875,2183420000
2018-01-31,2018-01-31T00:00:00Z,6972.81005859375,6983.60986328125,6915.47998046875,6949.990234375,2428990000
2018-02-01,2018-02-01T00:00:00Z,6910.56982421875,6970.77001953125,6879.02001953125,6901.5,2311180000
2018-02-02,2018-02-02T00:00:00Z,6866.3798828125,6889.06982421875,6756.5400390625,6760.2900390625,2607160000
2018-02-05,2018-02-05T00:00:00Z,6687.47021484375,6807.9599609375,6495.39013671875,6495.919921875,3143210000
2018-02-06,2018-02-06T00:00:00Z,6378.60009765625,6673.41015625,6370.47998046875,6665.97998046875,3148270000
2018-02-07,2018-02-07T00:00:00Z,6632.97998046875,6716.25,6581.3798828125,6582.02001953125,2380020000
2018-02-08,2018-02-08T00:00:00Z,6595.81005859375,6606.0498046875,6304.18017578125,6306.10009765625,2730740000
2018-02-09,2018-02-09T00:00:00Z,6395.16015625,6453.43017578125,6164.43017578125,6412.68017578125,3165330000
2018-02-12,2018-02-12T00:00:00Z,6477.0400390625,6565.27978515625,6424.2998046875,6523.85009765625,2250650000
2018-02-13,2018-02-13T00:00:00Z,6482.77001953125,6567.6201171875,6478.41015625,6553.85986328125,1830320000
2018-02-14,2018-02-14T00:00:00Z,6523.259765625,6684.14990234375,6520.39013671875,6675.02978515625,2217630000
2018-02-15,2018-02-15T00:00:00Z,6734.33984375,6795.919921875,6665.919921875,6794.919921875,2124060000
2018-02-16,2018-02-16T00:00:00Z,6778.27978515625,6840.60009765625,6758.509765625,6770.66015625,2037710000
2018-02-20,2018-02-20T00:00:00Z,6742.14990234375,6838.0,6740.47998046875,6779.68994140625,1921870000
2018-02-21,2018-02-21T00:00:00Z,6808.60009765625,6879.47021484375,6759.22021484375,6759.259765625,1956120000
2018-02-22,2018-02-22T00:00:00Z,6793.080078125,6826.009765625,6744.0498046875,6761.85009765625,1927580000
2018-02-23,2018-02-23T00:00:00Z,6816.43017578125,6897.52978515625,6789.02978515625,6896.60009765625,1887540000
2018-02-26,2018-02-26T00:00:00Z,6933.81982421875,6989.35986328125,6927.4599609375,6989.10009765625,1876560000
2018-02-27,2018-02-27T00:00:00Z,6984.830078125,7003.1298828125,6900.35009765625,6900.35009765625,2162250000
2018-02-28,2018-02-28T00:00:00Z,6945.2001953125,6964.16015625,6854.419921875,6854.419921875,2384940000
2018-03-01,2018-03-01T00:00:00Z,6862.93994140625,6892.3798828125,6687.43994140625,6750.5400390625,2499010000
2018-03-02,2018-03-02T00:00:00Z,6661.91015625,6820.3701171875,6645.02978515625,6811.0400390625,2291480000
2018-03-05,2018-03-05T00:00:00Z,6777.6298828125,6901.6298828125,6753.830078125,6881.27978515625,2076870000
2018-03-06,2018-03-06T00:00:00Z,6919.7900390625,6937.02978515625,6872.06005859375,6913.02001953125,2132920000
2018-03-07,2018-03-07T00:00:00Z,6855.56982421875,6935.47998046875,6850.91015625,6929.39013671875,2198610000
2018-03-08,2018-03-08T00:00:00Z,6955.85009765625,6971.0,6931.35009765625,6966.43017578125,2277740000
2018-03-09,2018-03-09T00:00:00Z,7014.83984375,7101.31005859375,7007.2998046875,7101.18017578125,2310050000
2018-03-12,2018-03-12T00:00:00Z,7122.47021484375,7156.25,7108.0400390625,7131.1201171875,2314480000
2018-03-13,2018-03-13T00:00:00Z,7172.25,7186.08984375,7025.830078125,7046.509765625,2459220000
2018-03-14,2018-03-14T00:00:00Z,7077.85009765625,7084.06982421875,7012.56982421875,7040.97998046875,2112950000
2018-03-15,2018-03-15T00:00:00Z,7050.66015625,7075.5498046875,7010.009765625,7030.97021484375,2008290000
2018-03-16,2018-03-16T00:00:00Z,7058.1201171875,7061.669921875,7011.68994140625,7019.9501953125,3089970000
2018-03-19,2018-03-19T00:00:00Z,6945.97021484375,6949.02001953125,6806.16015625,6864.8798828125,2352810000
2018-03-20,2018-03-20T00:00:00Z,6871.08984375,6902.22998046875,6845.85009765625,6885.919921875,1976000000
2018-03-21,2018-03-21T00:00:00Z,6863.2900390625,6930.7001953125,6828.8798828125,6853.4501953125,1999230000
2018-03-22,2018-03-22T00:00:00Z,6763.93994140625,6809.93994140625,6679.35009765625,6682.259765625,2370970000
2018-03-23,2018-03-23T00:00:00Z,6683.18994140625,6708.580078125,6507.83984375,6508.08984375,2455760000
2018-03-26,2018-03-26T00:00:00Z,6644.39990234375,6760.64990234375,6538.7900390625,6753.830078125,2341370000
2018-03-27,2018-03-27T00:00:00Z,6791.39013671875,6793.5,6479.56005859375,6529.83984375,2347480000
2018-03-28,2018-03-28T00:00:00Z,6488.02001953125,6559.8798828125,6410.0400390625,6460.81005859375,2551950000
2018-03-29,2018-03-29T00:00:00Z,6493.509765625,6640.759765625,6435.669921875,6581.1298828125,2593390000
2018-04-02,2018-04-02T00:00:00Z,6528.22998046875,6560.9599609375,6322.60009765625,6390.83984375,2402670000
2018-04-03,2018-04-03T00:00:00Z,6448.0498046875,6485.27001953125,6343.89990234375,6458.830078125,2330900000
2018-04-04,2018-04-04T00:00:00Z,6326.5400390625,6578.56005859375,6326.5400390625,6560.06005859375,2261580000
2018-04-05,2018-04-05T00:00:00Z,6619.22021484375,6632.2099609375,6550.27978515625,6594.83984375,2153030000
2018-04-06,2018-04-06T00:00:00Z,6514.47998046875,6587.35986328125,6402.02978515625,6433.2099609375,2359780000
2018-04-09,2018-04-09T00:00:00Z,6488.47998046875,6604.259765625,6466.0400390625,6472.33984375,2089220000
2018-04-10,2018-04-10T00:00:00Z,6585.52978515625,6639.97021484375,6534.89013671875,6615.8701171875,2252020000
2018-04-11,2018-04-11T00:00:00Z,6578.83984375,6650.2900390625,6574.8798828125,6583.43994140625,1882090000
2018-04-12,2018-04-12T00:00:00Z,6627.31982421875,6682.68994140625,6618.81005859375,6656.259765625,2027080000
2018-04-13,2018-04-13T00:00:00Z,6696.02001953125,6703.31005859375,6598.33984375,6628.33984375,1768160000
2018-04-16,2018-04-16T00:00:00Z,6675.919921875,6699.759765625,6633.080078125,6675.18017578125,1800450000
2018-04-17,2018-04-17T00:00:00Z,6738.64990234375,6834.31005859375,6729.7900390625,6816.3701171875,1935380000
2018-04-18,2018-04-18T00:00:00Z,6824.580078125,6856.9599609375,6788.31982421875,6833.2099609375,1908700000
2018-04-19,2018-04-19T00:00:00Z,6793.080078125,6815.0400390625,6749.06982421875,6774.89013671875,1982090000
2018-04-20,2018-04-20T00:00:00Z,6754.68017578125,6757.68017578125,6642.830078125,6667.75,1935160000
2018-04-23,2018-04-23T00:00:00Z,6699.16015625,6721.64990234375,6613.5498046875,6648.7998046875,1744480000
2018-04-24,2018-04-24T00:00:00Z,6680.8798828125,6688.89013671875,6464.740234375,6509.0498046875,2154270000
2018-04-25,2018-04-25T00:00:00Z,6514.330078125,6540.759765625,6426.56982421875,6513.93994140625,2055840000
2018-04-26,2018-04-26T00:00:00Z,6606.60986328125,6673.64990234375,6579.1201171875,6649.64990234375,2141220000
2018-04-27,2018-04-27T00:00:00Z,6748.58984375,6750.77978515625,6619.259765625,6656.35009765625,2050350000
2018-04-30,2018-04-30T00:00:00Z,6669.43994140625,6712.5,6593.60009765625,6605.56982421875,1998570000
2018-05-01,2018-05-01T00:00:00Z,6592.93017578125,6685.41015625,6578.259765625,6681.9599609375,1932660000
2018-05-02,2018-05-02T00:00:00Z,6694.52001953125,6715.9599609375,6637.9599609375,6644.47998046875,2157860000
2018-05-03,2018-05-03T00:00:00Z,6608.7001953125,6667.2900390625,6539.8701171875,6643.47998046875,2355780000
2018-05-04,2018-05-04T00:00:00Z,6618.7001953125,6783.35986328125,6612.39013671875,6769.1201171875,2040520000
2018-05-07,2018-05-07T00:00:00Z,6803.4501953125,6846.4599609375,6796.0498046875,6821.8701171875,1950650000
2018-05-08,2018-05-08T00:00:00Z,6813.91015625,6830.8701171875,6770.2998046875,6815.47998046875,2070970000
2018-05-09,2018-05-09T00:00:00Z,6830.5498046875,6895.93017578125,6807.39990234375,6893.2099609375,2250260000
2018-05-10,2018-05-10T00:00:00Z,6909.18017578125,6966.93017578125,6906.77001953125,6963.5498046875,2250450000
2018-05-11,2018-05-11T00:00:00Z,6948.8701171875,6969.2998046875,6923.60986328125,6952.56005859375,2085350000
2018-05-14,2018-05-14T00:00:00Z,6977.35009765625,7008.259765625,6954.64013671875,6964.3701171875,2085850000
2018-05-15,2018-05-15T00:00:00Z,6909.31982421875,6912.0400390625,6852.72998046875,6888.5400390625,2120380000
2018-05-16,2018-05-16T00:00:00Z,6892.89013671875,6944.5400390625,6891.64990234375,6929.97021484375,2103060000
2018-05-17,2018-05-17T00:00:00Z,6905.75,6952.97998046875,6869.39013671875,6901.6298828125,1958970000
2018-05-18,2018-05-18T00:00:00Z,6876.64990234375,6897.91015625,6857.580078125,6866.25,1982190000
2018-05-21,2018-05-21T00:00:00Z,6920.31982421875,6948.27001953125,6876.35009765625,6905.52978515625,1997220000
2018-05-22,2018-05-22T00:00:00Z,6934.7001953125,6947.43017578125,6883.75,6893.6201171875,1927420000
2018-05-23,2018-05-23T00:00:00Z,6847.27001953125,6954.7001953125,6846.93994140625,6953.6298828125,1997090000
2018-05-24,2018-05-24T00:00:00Z,6951.52001953125,6963.68017578125,6882.56982421875,6949.7001953125,2035460000
2018-05-25,2018-05-25T00:00:00Z,6951.47021484375,6982.52001953125,6941.85009765625,6960.919921875,1771950000
2018-05-29,2018-05-29T00:00:00Z,6928.5,6964.64990234375,6887.1201171875,6926.5400390625,2095380000
2018-05-30,2018-05-30T00:00:00Z,6955.58984375,6987.6298828125,6938.02001953125,6976.3701171875,2058300000
2018-05-31,2018-05-31T00:00:00Z,6969.93017578125,7016.419921875,6955.990234375,6967.72998046875,2533360000
2018-06-01,2018-06-01T00:00:00Z,7010.080078125,7084.83984375,7008.02001953125,7083.93017578125,2212330000
2018-06-04,2018-06-04T00:00:00Z,7099.5,7146.77001953125,7099.08984375,7143.56982421875,2152170000
2018-06-05,2018-06-05T00:00:00Z,7162.41015625,7179.81982421875,7137.1298828125,7166.75,2063270000
2018-06-06,2018-06-06T00:00:00Z,7180.240234375,7212.4501953125,7140.919921875,7210.080078125,2198100000
2018-06-07,2018-06-07T00:00:00Z,7212.43017578125,7212.43017578125,7115.85986328125,7152.830078125,2339720000
2018-06-08,2018-06-08T00:00:00Z,7121.759765625,7161.919921875,7100.72998046875,7152.6201171875,1949810000
2018-06-11,2018-06-11T00:00:00Z,7149.64990234375,7187.4501953125,7146.08984375,7168.47998046875,1959360000
2018-06-12,2018-06-12T00:00:00Z,7181.669921875,7214.490234375,7173.759765625,7209.18017578125,2019890000
2018-06-13,2018-06-13T00:00:00Z,7219.580078125,7261.169921875,7193.02001953125,7205.259765625,2197830000
2018-06-14,2018-06-14T00:00:00Z,7233.7001953125,7291.31005859375,7233.7001953125,7279.58984375,2193630000
2018-06-15,2018-06-15T00:00:00Z,7245.16015625,7268.83984375,7220.97021484375,7255.759765625,3049870000
2018-06-18,2018-06-18T00:00:00Z,7201.18017578125,7256.43017578125,7186.16015625,7251.41015625,2102660000
2018-06-19,2018-06-19T00:00:00Z,7158.7998046875,7229.990234375,7138.02001953125,7228.0400390625,2283340000
2018-06-20,2018-06-20T00:00:00Z,7264.85009765625,7309.990234375,7256.8701171875,7280.7001953125,2316420000
2018-06-21,2018-06-21T00:00:00Z,7304.0498046875,7308.259765625,7203.93017578125,7217.490234375,2349640000
2018-06-22,2018-06-22T00:00:00Z,7239.72021484375,7239.75,7177.4599609375,7197.509765625,3956300000
2018-06-25,2018-06-25T00:00:00Z,7131.0498046875,7144.2900390625,6976.9599609375,7038.169921875,2423190000
2018-06-26,2018-06-26T00:00:00Z,7061.22998046875,7108.4501953125,7040.06005859375,7068.2001953125,2068870000
2018-06-27,2018-06-27T00:00:00Z,7096.60009765625,7128.77001953125,6968.2998046875,6969.669921875,2319650000
2018-06-28,2018-06-28T00:00:00Z,6963.3701171875,7055.25,6950.22998046875,7031.60009765625,2208870000
2018-06-29,2018-06-29T00:00:00Z,7071.490234375,7101.830078125,7031.39990234375,7040.7998046875,2208820000
2018-07-02,2018-07-02T00:00:00Z,6979.5400390625,7099.27001953125,6969.16015625,7097.81982421875,1777880000
2018-07-03,2018-07-03T00:00:00Z,7121.7099609375,7122.4501953125,7009.509765625,7014.5498046875,1171420000
2018-07-05,2018-07-05T00:00:00Z,7064.0,7105.5400390625,7025.25,7101.0498046875,1754690000
2018-07-06,2018-07-06T00:00:00Z,7114.169921875,7217.0,7106.10009765625,7207.330078125,1718600000
2018-07-09,2018-07-09T00:00:00Z,7251.18017578125,7277.580078125,7221.31982421875,7276.0,1844440000
2018-07-10,2018-07-10T00:00:00Z,7287.0498046875,7297.7900390625,7257.490234375,7282.60009765625,1735230000
2018-07-11,2018-07-11T00:00:00Z,7221.66015625,7271.1201171875,7220.22998046875,7243.97998046875,1768480000
2018-07-12,2018-07-12T00:00:00Z,7276.3798828125,7368.72021484375,7274.16015625,7366.25,1930830000
2018-07-13,2018-07-13T00:00:00Z,7372.27978515625,7387.740234375,7348.9599609375,7375.81982421875,1727500000
2018-07-16,2018-07-16T00:00:00Z,7381.02978515625,7390.64013671875,7346.33984375,7357.89990234375,1739360000
2018-07-17,2018-07-17T00:00:00Z,7291.47998046875,7418.43017578125,7288.2998046875,7403.89013671875,1752210000
2018-07-18,2018-07-18T00:00:00Z,7407.25,7411.25,7368.35986328125,7390.1298828125,1881110000
2018-07-19,2018-07-19T00:00:00Z,7364.66015625,7388.990234375,7344.330078125,7352.35986328125,1886300000
2018-07-20,2018-07-20T00:00:00Z,7379.1298828125,7398.58984375,7343.3701171875,7350.22998046875,1796530000
2018-07-23,2018-07-23T00:00:00Z,7335.419921875,7376.81982421875,7301.33984375,7371.77978515625,1668270000
2018-07-24,2018-07-24T00:00:00Z,7455.509765625,7475.990234375,7375.740234375,7406.25,2021890000
2018-07-25,2018-07-25T00:00:00Z,7406.10009765625,7511.39013671875,7405.64013671875,7508.58984375,1943820000
2018-07-26,2018-07-26T00:00:00Z,7404.56005859375,7430.1201171875,7385.72021484375,7400.75,2289370000
2018-07-27,2018-07-27T00:00:00Z,7443.240234375,7443.240234375,7255.31982421875,7296.77978515625,2193410000
2018-07-30,2018-07-30T00:00:00Z,7292.72021484375,7299.080078125,7158.77978515625,7193.10009765625,2154140000
2018-07-31,2018-07-31T00:00:00Z,7219.669921875,7272.9599609375,7179.41015625,7231.97998046875,2208610000
2018-08-01,2018-08-01T00:00:00Z,7269.2001953125,7294.7998046875,7234.64013671875,7272.89013671875,2228950000
2018-08-02,2018-08-02T00:00:00Z,7221.35009765625,7380.56005859375,7221.35009765625,7372.14990234375,2115490000
2018-08-03,2018-08-03T00:00:00Z,7389.35986328125,7395.490234375,7356.330078125,7395.490234375,2035870000
2018-08-06,2018-08-06T00:00:00Z,7390.81982421875,7439.5498046875,7381.580078125,7438.990234375,2245300000
2018-08-07,2018-08-07T00:00:00Z,7459.31982421875,7478.9599609375,7443.8798828125,7462.64990234375,2206400000
2018-08-08,2018-08-08T00:00:00Z,7454.419921875,7486.2099609375,7435.77001953125,7469.5498046875,2098100000
2018-08-09,2018-08-09T00:00:00Z,7467.509765625,7498.3701171875,7458.56982421875,7466.9599609375,2048170000
2018-08-10,2018-08-10T00:00:00Z,7409.0498046875,7436.68994140625,7382.830078125,7408.2998046875,2107530000
2018-08-13,2018-08-13T00:00:00Z,7420.18017578125,7468.81982421875,7398.52978515625,7401.169921875,1934100000
2018-08-14,2018-08-14T00:00:00Z,7430.4501953125,7455.419921875,7390.0,7447.169921875,1938840000
2018-08-15,2018-08-15T00:00:00Z,7385.669921875,7409.47998046875,7308.52001953125,7354.66015625,2294100000
2018-08-16,2018-08-16T00:00:00Z,7409.60986328125,7422.830078125,7361.8798828125,7374.2900390625,1991410000
2018-08-17,2018-08-17T00:00:00Z,7352.6298828125,7394.93994140625,7312.64990234375,7377.5400390625,1850770000
2018-08-20,2018-08-20T00:00:00Z,7393.580078125,7395.75,7343.47021484375,7371.419921875,1709500000
2018-08-21,2018-08-21T00:00:00Z,7393.4599609375,7441.419921875,7388.3701171875,7397.22998046875,1788860000
2018-08-22,2018-08-22T00:00:00Z,7379.83984375,7434.47998046875,7374.68994140625,7424.60009765625,1669240000
2018-08-23,2018-08-23T00:00:00Z,7420.31005859375,7465.8701171875,7405.39990234375,7413.83984375,1888600000
2018-08-24,2018-08-24T00:00:00Z,7443.7099609375,7489.5400390625,7442.990234375,7485.39990234375,1892990000
2018-08-27,2018-08-27T00:00:00Z,7527.3701171875,7560.759765625,7512.02001953125,7559.1298828125,2333790000
2018-08-28,2018-08-28T00:00:00Z,7580.85009765625,7588.72021484375,7556.7099609375,7570.25,1980270000
2018-08-29,2018-08-29T00:00:00Z,7585.1298828125,7661.9501953125,7583.52001953125,7660.18017578125,1909880000
2018-08-30,2018-08-30T00:00:00Z,7645.10986328125,7691.10009765625,7619.72998046875,7642.669921875,2022720000
2018-08-31,2018-08-31T00:00:00Z,7634.43994140625,7676.4599609375,7628.5400390625,7654.5498046875,1906900000
2018-09-04,2018-09-04T00:00:00Z,7629.33984375,7643.4501953125,7581.35009765625,7622.31982421875,2238710000
2018-09-05,2018-09-05T00:00:00Z,7600.9501953125,7607.18017578125,7498.3798828125,7523.259765625,2602810000
2018-09-06,2018-09-06T00:00:00Z,7527.22021484375,7532.2998046875,7405.31982421875,7453.169921875,2375380000
2018-09-07,2018-09-07T00:00:00Z,7402.18994140625,7489.39990234375,7400.990234375,7430.259765625,2158930000
2018-09-10,2018-09-10T00:00:00Z,7466.759765625,7473.75,7410.740234375,7447.68017578125,2055430000
2018-09-11,2018-09-11T00:00:00Z,7415.08984375,7519.4501953125,7401.72021484375,7507.8701171875,2345080000
2018-09-12,2018-09-12T00:00:00Z,7493.3798828125,7501.240234375,7422.91015625,7488.06005859375,2372320000
2018-09-13,2018-09-13T00:00:00Z,7535.22998046875,7578.759765625,7531.66015625,7561.68994140625,2332930000
2018-09-14,2018-09-14T00:00:00Z,7575.3798828125,7581.2998046875,7515.0400390625,7545.5,2069380000
2018-09-17,2018-09-17T00:00:00Z,7522.58984375,7533.919921875,7427.7900390625,7434.72998046875,2303600000
2018-09-18,2018-09-18T00:00:00Z,7440.85986328125,7531.2001953125,7436.52978515625,7494.39990234375,2328260000
2018-09-19,2018-09-19T00:00:00Z,7498.240234375,7513.33984375,7441.56005859375,7490.31982421875,2167720000
2018-09-20,2018-09-20T00:00:00Z,7534.02001953125,7582.43017578125,7523.8701171875,7569.02978515625,2306580000
2018-09-21,2018-09-21T00:00:00Z,7587.39013671875,7603.85986328125,7522.1201171875,7531.06982421875,3729890000
2018-09-24,2018-09-24T00:00:00Z,7477.4501953125,7554.9501953125,7447.22998046875,7548.75,2433260000
2018-09-25,2018-09-25T00:00:00Z,7552.02001953125,7568.169921875,7525.18994140625,7563.18994140625,2328660000
2018-09-26,2018-09-26T00:00:00Z,7563.9599609375,7637.6201171875,7553.259765625,7563.08984375,2342370000
2018-09-27,2018-09-27T00:00:00Z,7600.35009765625,7657.7998046875,7596.9599609375,7629.56982421875,2073930000
2018-09-28,2018-09-28T00:00:00Z,7612.64990234375,7649.2998046875,7598.68994140625,7627.64990234375,2342120000
2018-10-01,2018-10-01T00:00:00Z,7673.0,7700.56005859375,7627.47021484375,7645.4501953125,2299520000
2018-10-02,2018-10-02T00:00:00Z,7632.3701171875,7685.35986328125,7610.25,7628.27978515625,2416800000
2018-10-03,2018-10-03T00:00:00Z,7663.08984375,7676.89990234375,7625.60009765625,7637.43017578125,3095630000
2018-10-04,2018-10-04T00:00:00Z,7603.009765625,7608.240234375,7436.259765625,7490.0,3302690000
2018-10-05,2018-10-05T00:00:00Z,7482.0400390625,7510.4501953125,7327.43994140625,7399.009765625,2699370000
2018-10-08,2018-10-08T00:00:00Z,7356.5400390625,7415.5400390625,7267.02001953125,7352.81982421875,2259300000
2018-10-09,2018-10-09T00:00:00Z,7352.43994140625,7430.35986328125,7339.85986328125,7371.6201171875,2466440000
2018-10-10,2018-10-10T00:00:00Z,7319.81005859375,7329.240234375,7042.06005859375,7044.5,3111680000
2018-10-11,2018-10-11T00:00:00Z,7013.47998046875,7120.10009765625,6892.89013671875,6964.02978515625,3154520000
2018-10-12,2018-10-12T00:00:00Z,7150.2099609375,7179.0400390625,7019.89013671875,7157.2099609375,2674210000
2018-10-15,2018-10-15T00:00:00Z,7129.31005859375,7144.16015625,7047.47021484375,7068.669921875,2167000000
2018-10-16,2018-10-16T00:00:00Z,7141.669921875,7291.259765625,7133.2900390625,7276.43017578125,2639760000
2018-10-17,2018-10-17T00:00:00Z,7310.0,7311.85009765625,7205.759765625,7278.6298828125,2385070000
2018-10-18,2018-10-18T00:00:00Z,7250.919921875,7251.5400390625,7081.89013671875,7116.08984375,2567980000
2018-10-19,2018-10-19T00:00:00Z,7169.4501953125,7227.9599609375,7080.740234375,7107.22998046875,2547790000
2018-10-22,2018-10-22T00:00:00Z,7146.02978515625,7193.72021484375,7088.89990234375,7141.2099609375,2301010000
2018-10-23,2018-10-23T00:00:00Z,7002.68994140625,7149.1298828125,6933.56005859375,7118.669921875,2752010000
2018-10-24,2018-10-24T00:00:00Z,7101.85009765625,7117.33984375,6777.47021484375,6789.14990234375,2959560000
2018-10-25,2018-10-25T00:00:00Z,6891.27001953125,7063.919921875,6866.75,7016.39013671875,2788090000
2018-10-26,2018-10-26T00:00:00Z,6804.68994140625,6976.93994140625,6743.77978515625,6852.39990234375,2971530000
2018-10-29,2018-10-29T00:00:00Z,6954.68994140625,6973.18994140625,6574.75,6713.89990234375,2711900000
2018-10-30,2018-10-30T00:00:00Z,6673.83984375,6816.27001953125,6652.52978515625,6810.1201171875,2699220000
2018-10-31,2018-10-31T00:00:00Z,6933.10986328125,7030.509765625,6924.08984375,6967.10009765625,2918880000
2018-11-01,2018-11-01T00:00:00Z,6980.7900390625,7071.83984375,6932.2099609375,7069.169921875,2728760000
2018-11-02,2018-11-02T00:00:00Z,7042.2998046875,7085.27001953125,6909.06982421875,6965.2900390625,2899670000
2018-11-05,2018-11-05T00:00:00Z,6946.14990234375,6952.93017578125,6859.7998046875,6937.08984375,2186310000
2018-11-06,2018-11-06T00:00:00Z,6939.1298828125,7024.77978515625,6928.0,6988.85009765625,2300920000
2018-11-07,2018-11-07T00:00:00Z,7068.5,7205.9599609375,7057.7099609375,7203.1298828125,2687410000
2018-11-08,2018-11-08T00:00:00Z,7176.18994140625,7192.31982421875,7125.14013671875,7158.58984375,2475160000
2018-11-09,2018-11-09T00:00:00Z,7095.4501953125,7104.39013671875,6982.89013671875,7039.14990234375,2426750000
2018-11-12,2018-11-12T00:00:00Z,6990.3701171875,6998.7998046875,6819.3798828125,6829.10009765625,2305340000
2018-11-13,2018-11-13T00:00:00Z,6858.58984375,6951.43994140625,6811.68017578125,6830.91015625,2361240000
2018-11-14,2018-11-14T00:00:00Z,6896.2001953125,6916.10009765625,6736.18017578125,6769.8701171875,2566210000
2018-11-15,2018-11-15T00:00:00Z,6750.6298828125,6908.830078125,6702.419921875,6890.4501953125,2523500000
2018-11-16,2018-11-16T00:00:00Z,6823.02978515625,6898.1298828125,6797.43017578125,6867.02001953125,2466980000
2018-11-19,2018-11-19T00:00:00Z,6832.25,6841.43994140625,6623.3701171875,6642.919921875,2381430000
2018-11-20,2018-11-20T00:00:00Z,6475.68017578125,6614.009765625,6442.35986328125,6526.9599609375,2672250000
2018-11-21,2018-11-21T00:00:00Z,6608.1201171875,6639.3701171875,6566.31005859375,6575.66015625,1867840000
2018-11-23,2018-11-23T00:00:00Z,6525.02001953125,6591.56005859375,6524.5498046875,6527.35009765625,958950000
2018-11-26,2018-11-26T00:00:00Z,6616.7900390625,6679.91015625,6590.89013671875,6678.33984375,2036910000
2018-11-27,2018-11-27T00:00:00Z,6639.39013671875,6715.41015625,6609.080078125,6701.0400390625,2076790000
2018-11-28,2018-11-28T00:00:00Z,6756.1298828125,6914.7900390625,6713.2900390625,6913.330078125,2413120000
2018-11-29,2018-11-29T00:00:00Z,6890.83984375,6938.02001953125,6839.4501953125,6892.39990234375,2018190000
2018-11-30,2018-11-30T00:00:00Z,6902.240234375,6951.1298828125,6872.2900390625,6949.009765625,2547970000
2018-12-03,2018-12-03T00:00:00Z,7106.83984375,7107.0,7013.2001953125,7062.1298828125,2643150000
2018-12-04,2018-12-04T00:00:00Z,7026.81005859375,7045.68017578125,6785.85009765625,6795.2099609375,2655720000
2018-12-06,2018-12-06T00:00:00Z,6652.1298828125,6840.5,6630.81982421875,6838.85009765625,2857650000
2018-12-07,2018-12-07T00:00:00Z,6806.6298828125,6849.3798828125,6594.5400390625,6613.27978515625,2504680000
2018-12-10,2018-12-10T00:00:00Z,6603.35986328125,6710.39013671875,6534.330078125,6682.740234375,2380270000
2018-12-11,2018-12-11T00:00:00Z,6782.41015625,6788.47021484375,6650.830078125,6704.240234375,2286810000
2018-12-12,2018-12-12T00:00:00Z,6800.5498046875,6867.66015625,6761.77978515625,6763.9599609375,2427080000
2018-12-13,2018-12-13T00:00:00Z,6805.7001953125,6833.77978515625,6724.0400390625,6767.97021484375,2162210000
2018-12-14,2018-12-14T00:00:00Z,6679.91015625,6710.41015625,6585.31005859375,6594.9599609375,2218330000
2018-12-17,2018-12-17T00:00:00Z,6571.0,6621.6298828125,6399.5498046875,6448.39013671875,2697400000
2018-12-18,2018-12-18T00:00:00Z,6503.1201171875,6551.0400390625,6434.60009765625,6491.52001953125,2623270000
2018-12-19,2018-12-19T00:00:00Z,6480.31005859375,6575.39013671875,6284.72021484375,6342.97021484375,2919140000
2018-12-20,2018-12-20T00:00:00Z,6312.72021484375,6380.97021484375,6161.85009765625,6243.18994140625,3282440000
2018-12-21,2018-12-21T00:00:00Z,6293.0498046875,6308.31005859375,6013.97998046875,6046.56005859375,4571670000
2018-12-24,2018-12-24T00:00:00Z,5994.080078125,6075.169921875,5895.1201171875,5899.35009765625,1647440000
2018-12-26,2018-12-26T00:00:00Z,5969.080078125,6263.81982421875,5921.85986328125,6262.77001953125,2572890000
2018-12-27,2018-12-27T00:00:00Z,6168.60009765625,6291.990234375,6043.4501953125,6288.2998046875,2449110000
2018-12-28,2018-12-28T00:00:00Z,6326.6201171875,6388.35986328125,6233.68994140625,6285.27001953125,2216250000
2018-12-31,2018-12-31T00:00:00Z,6354.85009765625,6365.39013671875,6273.93994140625,6329.97021484375,2109320000
2019-01-02,2019-01-02T00:00:00Z,6198.68017578125,6394.740234375,6198.68017578125,6360.8701171875,2261800000
2019-01-03,2019-01-03T00:00:00Z,6274.759765625,6292.68017578125,6139.39990234375,6147.1298828125,2631550000
2019-01-04,2019-01-04T00:00:00Z,6250.0498046875,6445.2001953125,6234.58984375,6422.669921875,2596150000
2019-01-07,2019-01-07T00:00:00Z,6434.5498046875,6521.43994140625,6412.97998046875,6488.25,2523450000
2019-01-08,2019-01-08T00:00:00Z,6555.91015625,6574.72998046875,6457.0,6551.85009765625,2407340000
2019-01-09,2019-01-09T00:00:00Z,6576.5400390625,6631.06005859375,6549.43994140625,6600.68994140625,2434500000
2019-01-10,2019-01-10T00:00:00Z,6551.0498046875,6625.10986328125,6517.5400390625,6620.93994140625,2190110000
2019-01-11,2019-01-11T00:00:00Z,6579.89013671875,6604.56005859375,6562.0400390625,6601.39990234375,2074310000
2019-01-14,2019-01-14T00:00:00Z,6536.3701171875,6566.8701171875,6512.64013671875,6541.0400390625,1960780000
2019-01-15,2019-01-15T00:00:00Z,6571.14990234375,6674.52978515625,6567.31982421875,6669.64013671875,2066090000
2019-01-16,2019-01-16T00:00:00Z,6677.3798828125,6720.41015625,6665.0498046875,6668.56005859375,2163730000
2019-01-17,2019-01-17T00:00:00Z,6646.18994140625,6747.27978515625,6637.10009765625,6718.4501953125,2149280000
2019-01-18,2019-01-18T00:00:00Z,6771.52001953125,6816.22998046875,6727.93994140625,6784.60986328125,2459920000
2019-01-22,2019-01-22T00:00:00Z,6736.64990234375,6738.56982421875,6603.56005859375,6646.81005859375,2397660000
2019-01-23,2019-01-23T00:00:00Z,6689.080078125,6712.85986328125,6584.5,6658.759765625,2288090000
2019-01-24,2019-01-24T00:00:00Z,6680.33984375,6710.72998046875,6656.52001953125,6702.5498046875,2419110000
2019-01-25,2019-01-25T00:00:00Z,6755.669921875,6800.97021484375,6733.31982421875,6787.3701171875,2446550000
2019-01-28,2019-01-28T00:00:00Z,6691.83984375,6697.52978515625,6644.31005859375,6697.08984375,2448790000
2019-01-29,2019-01-29T00:00:00Z,6695.7099609375,6701.47021484375,6613.419921875,6632.7900390625,2106370000
2019-01-30,2019-01-30T00:00:00Z,6708.56005859375,6826.919921875,6688.330078125,6807.91015625,2569410000
2019-01-31,2019-01-31T00:00:00Z,6840.93017578125,6936.33984375,6837.919921875,6906.83984375,2947490000
2019-02-01,2019-02-01T00:00:00Z,6872.72998046875,6921.9501953125,6857.31005859375,6875.52001953125,2398800000
2019-02-04,2019-02-04T00:00:00Z,6876.56005859375,6960.97021484375,6872.60009765625,6959.9599609375,2106030000
2019-02-05,2019-02-05T00:00:00Z,6969.3701171875,7029.77001953125,6967.93994140625,7023.52001953125,2284960000
2019-02-06,2019-02-06T00:00:00Z,7023.89013671875,7034.93994140625,6969.830078125,6997.6201171875,2179400000
2019-02-07,2019-02-07T00:00:00Z,6934.330078125,6954.77001953125,6854.35009765625,6904.97998046875,2310700000
2019-02-08,2019-02-08T00:00:00Z,6843.330078125,6914.56005859375,6836.7001953125,6913.1298828125,2102520000
2019-02-11,2019-02-11T00:00:00Z,6941.259765625,6958.330078125,6893.7998046875,6909.18017578125,1908490000
2019-02-12,2019-02-12T00:00:00Z,6960.5498046875,7021.759765625,6948.330078125,7014.669921875,2140130000
2019-02-13,2019-02-13T00:00:00Z,7038.31982421875,7062.580078125,7009.72998046875,7015.8798828125,2103840000
2019-02-14,2019-02-14T00:00:00Z,6986.509765625,7047.8798828125,6969.68994140625,7022.419921875,2117500000
2019-02-15,2019-02-15T00:00:00Z,7066.3798828125,7073.990234375,7022.2998046875,7055.18017578125,2263640000
2019-02-19,2019-02-19T00:00:00Z,7033.3701171875,7089.10009765625,7032.77978515625,7066.60986328125,2124140000
2019-02-20,2019-02-20T00:00:00Z,7070.240234375,7096.14990234375,7027.3701171875,7062.33984375,2202670000
2019-02-21,2019-02-21T00:00:00Z,7047.080078125,7063.06982421875,7001.7998046875,7035.16015625,2144680000
2019-02-22,2019-02-22T00:00:00Z,7055.2001953125,7094.2900390625,7050.009765625,7090.6298828125,2428560000
2019-02-25,2019-02-25T00:00:00Z,7144.33984375,7161.72998046875,7111.77978515625,7115.43017578125,2399410000
2019-02-26,2019-02-26T00:00:00Z,7098.97021484375,7144.64990234375,7087.14013671875,7123.22021484375,2305760000
2019-02-27,2019-02-27T00:00:00Z,7095.75,7125.77978515625,7045.41015625,7117.0,2430790000
2019-02-28,2019-02-28T00:00:00Z,7093.2001953125,7125.919921875,7081.919921875,7097.52978515625,2676790000
2019-03-01,2019-03-01T00:00:00Z,7152.080078125,7159.9599609375,7101.06982421875,7151.56982421875,2490920000
2019-03-04,2019-03-04T00:00:00Z,7193.8798828125,7205.93994140625,7073.39990234375,7150.830078125,2582090000
2019-03-05,2019-03-05T00:00:00Z,7156.66015625,7178.2998046875,7120.68994140625,7156.7900390625,2166670000
2019-03-06,2019-03-06T00:00:00Z,7156.240234375,7162.240234375,7104.5498046875,7112.47021484375,2256550000
2019-03-07,2019-03-07T00:00:00Z,7089.6298828125,7097.91015625,7001.81005859375,7026.8798828125,2462690000
2019-03-08,2019-03-08T00:00:00Z,6940.89990234375,7018.919921875,6940.72021484375,7015.68994140625,2260950000
2019-03-11,2019-03-11T00:00:00Z,7050.0498046875,7166.93017578125,7049.56005859375,7164.02001953125,2248460000
2019-03-12,2019-03-12T00:00:00Z,7176.22998046875,7219.41015625,7166.9501953125,7201.27978515625,2171620000
2019-03-13,2019-03-13T00:00:00Z,7231.0498046875,7292.85986328125,7229.8798828125,7256.97998046875,2379260000
2019-03-14,2019-03-14T00:00:00Z,7257.31005859375,7267.93994140625,7240.9599609375,7243.009765625,2198900000
2019-03-15,2019-03-15T00:00:00Z,7274.14013671875,7331.2998046875,7265.6298828125,7306.990234375,3451860000
2019-03-18,2019-03-18T00:00:00Z,7311.6298828125,7348.68994140625,7293.85009765625,7326.27978515625,2302140000
2019-03-19,2019-03-19T00:00:00Z,7357.580078125,7390.2900390625,7321.93017578125,7349.27978515625,2457920000
2019-03-20,2019-03-20T00:00:00Z,7348.990234375,7422.75,7318.419921875,7380.75,2464230000
2019-03-21,2019-03-21T00:00:00Z,7356.93994140625,7505.41015625,7356.93994140625,7493.27001953125,2502810000
2019-03-22,2019-03-22T00:00:00Z,7458.43994140625,7482.35009765625,7323.52001953125,7326.06005859375,2504740000
2019-03-25,2019-03-25T00:00:00Z,7299.93017578125,7342.509765625,7265.27978515625,7316.9599609375,2162490000
2019-03-26,2019-03-26T00:00:00Z,7378.22998046875,7417.259765625,7314.3798828125,7351.14990234375,2080350000
2019-03-27,2019-03-27T00:00:00Z,7364.47021484375,7376.990234375,7252.06005859375,7308.18994140625,2244070000
2019-03-28,2019-03-28T00:00:00Z,7325.06005859375,7346.0400390625,7277.68994140625,7320.47021484375,1922150000
2019-03-29,2019-03-29T00:00:00Z,7377.77001953125,7381.68994140625,7333.169921875,7378.77001953125,2311790000
2019-04-01,2019-04-01T00:00:00Z,7450.81005859375,7481.83984375,7422.43994140625,7478.419921875,2230050000
2019-04-02,2019-04-02T00:00:00Z,7473.509765625,7507.0498046875,7461.509765625,7499.64013671875,2123250000
2019-04-03,2019-04-03T00:00:00Z,7538.169921875,7589.68994140625,7520.39990234375,7544.97021484375,2509630000
2019-04-04,2019-04-04T00:00:00Z,7542.16015625,7571.1298828125,7496.2998046875,7540.56982421875,2152640000
2019-04-05,2019-04-05T00:00:00Z,7564.27001953125,7581.89990234375,7554.91015625,7578.83984375,2157050000
2019-04-08,2019-04-08T00:00:00Z,7565.06005859375,7602.080078125,7536.419921875,7599.740234375,2075550000
2019-04-09,2019-04-09T00:00:00Z,7571.8798828125,7596.75,7555.6201171875,7568.490234375,2078800000
2019-04-10,2019-04-10T00:00:00Z,7581.39013671875,7613.41015625,7573.27978515625,7611.490234375,2012290000
2019-04-11,2019-04-11T00:00:00Z,7621.39990234375,7621.39990234375,7580.7099609375,7594.89013671875,1969480000
2019-04-12,2019-04-12T00:00:00Z,7624.14990234375,7630.52001953125,7596.56005859375,7628.14990234375,1968900000
2019-04-15,2019-04-15T00:00:00Z,7630.60009765625,7636.7998046875,7578.5400390625,7629.1201171875,1827710000
2019-04-16,2019-04-16T00:00:00Z,7651.18994140625,7670.39990234375,7631.64013671875,7654.72998046875,2102740000
2019-04-17,2019-04-17T00:00:00Z,7705.31982421875,7715.06982421875,7659.85009765625,7680.72021484375,2317330000
2019-04-18,2019-04-18T00:00:00Z,7688.93017578125,7694.18017578125,7647.39990234375,7689.72021484375,2124630000
2019-04-22,2019-04-22T00:00:00Z,7658.3701171875,7715.330078125,7653.89013671875,7713.490234375,1790990000
2019-04-23,2019-04-23T00:00:00Z,7724.169921875,7819.33984375,7719.08984375,7810.7099609375,2099410000
2019-04-24,2019-04-24T00:00:00Z,7813.02001953125,7827.0498046875,7783.58984375,7784.41015625,2043310000
2019-04-25,2019-04-25T00:00:00Z,7850.7099609375,7851.97021484375,7778.22998046875,7816.919921875,2073370000
2019-04-26,2019-04-26T00:00:00Z,7791.14990234375,7826.89013671875,7742.60009765625,7826.68017578125,1982560000
2019-04-29,2019-04-29T00:00:00Z,7825.64013671875,7851.85009765625,7812.97021484375,7839.0400390625,1781860000
2019-04-30,2019-04-30T00:00:00Z,7769.2998046875,7792.31982421875,7726.06982421875,7781.4599609375,2131850000
2019-05-01,2019-05-01T00:00:00Z,7828.14013671875,7851.02978515625,7749.740234375,7751.85009765625,2273540000
2019-05-02,2019-05-02T00:00:00Z,7751.64013671875,7791.509765625,7672.5400390625,7724.06005859375,2211530000
2019-05-03,2019-05-03T00:00:00Z,7784.2900390625,7847.52001953125,7772.43994140625,7845.72998046875,2081080000
2019-05-06,2019-05-06T00:00:00Z,7662.919921875,7804.5400390625,7662.919921875,7794.08984375,1979650000
2019-05-07,2019-05-07T00:00:00Z,7713.490234375,7743.06005859375,7572.60986328125,7640.14990234375,2397600000
2019-05-08,2019-05-08T00:00:00Z,7623.31982421875,7678.81982421875,7593.75,7617.5498046875,2214680000
2019-05-09,2019-05-09T00:00:00Z,7525.81005859375,7605.02978515625,7472.7099609375,7582.75,2549500000
2019-05-10,2019-05-10T00:00:00Z,7556.0400390625,7623.009765625,7426.75,7586.52978515625,2421470000
2019-05-13,2019-05-13T00:00:00Z,7385.5498046875,7433.919921875,7303.64013671875,7324.1298828125,2484820000
2019-05-14,2019-05-14T00:00:00Z,7366.64013671875,7449.02978515625,7337.93994140625,7401.8798828125,2103140000
2019-05-15,2019-05-15T00:00:00Z,7354.81982421875,7524.22021484375,7353.89990234375,7503.25,2014080000
2019-05-16,2019-05-16T00:00:00Z,7509.91015625,7627.02978515625,7502.759765625,7580.14013671875,2168720000
2019-05-17,2019-05-17T00:00:00Z,7513.14990234375,7605.669921875,7496.919921875,7503.68017578125,2176380000
2019-05-20,2019-05-20T00:00:00Z,7391.72998046875,7424.58984375,7351.919921875,7376.7001953125,2130700000
2019-05-21,2019-05-21T00:00:00Z,7442.31005859375,7472.7099609375,7417.06982421875,7451.02001953125,2000130000
2019-05-22,2019-05-22T00:00:00Z,7413.83984375,7458.10986328125,7410.7099609375,7420.66015625,1884660000
2019-05-23,2019-05-23T00:00:00Z,7331.669921875,7337.47021484375,7261.4599609375,7307.93017578125,2270530000
2019-05-24,2019-05-24T00:00:00Z,7353.97021484375,7371.2998046875,7294.10009765625,7300.9599609375,1685230000
2019-05-28,2019-05-28T00:00:00Z,7321.27001953125,7362.2900390625,7274.7001953125,7278.3798828125,2378470000
2019-05-29,2019-05-29T00:00:00Z,7222.5498046875,7254.2001953125,7176.669921875,7216.85986328125,2282120000
2019-05-30,2019-05-30T00:00:00Z,7234.830078125,7262.77001953125,7204.419921875,7245.39990234375,1875180000
2019-05-31,2019-05-31T00:00:00Z,7148.7099609375,7183.22998046875,7125.97021484375,7127.9599609375,2239420000
2019-06-03,2019-06-03T00:00:00Z,7110.33984375,7126.43017578125,6936.68017578125,6978.02001953125,2580670000
2019-06-04,2019-06-04T00:00:00Z,7056.18017578125,7169.7900390625,7023.08984375,7166.75,2374130000
2019-06-05,2019-06-05T00:00:00Z,7230.81005859375,7235.22998046875,7146.43017578125,7220.89990234375,2139290000
2019-06-06,2019-06-06T00:00:00Z,7229.85986328125,7293.22021484375,7201.58984375,7275.93017578125,2093470000
2019-06-07,2019-06-07T00:00:00Z,7315.330078125,7445.990234375,7309.009765625,7417.2900390625,2074120000
2019-06-10,2019-06-10T00:00:00Z,7472.60009765625,7573.0,7468.169921875,7501.93017578125,2042340000
2019-06-11,2019-06-11T00:00:00Z,7584.75,7595.56982421875,7489.990234375,7513.85009765625,2121150000
2019-06-12,2019-06-12T00:00:00Z,7493.5498046875,7507.52001953125,7459.2001953125,7472.2900390625,1978930000
2019-06-13,2019-06-13T00:00:00Z,7500.85009765625,7530.91015625,7487.08984375,7510.68017578125,1848360000
2019-06-14,2019-06-14T00:00:00Z,7476.47021484375,7500.740234375,7454.8701171875,7479.10986328125,1808370000
2019-06-17,2019-06-17T00:00:00Z,7500.27978515625,7546.990234375,7492.169921875,7526.52001953125,1950550000
2019-06-18,2019-06-18T00:00:00Z,7606.60986328125,7689.080078125,7595.58984375,7635.39990234375,2250550000
2019-06-19,2019-06-19T00:00:00Z,7652.52001953125,7681.56005859375,7606.27978515625,7667.740234375,2027520000
2019-06-20,2019-06-20T00:00:00Z,7770.169921875,7770.60986328125,7681.43017578125,7738.0498046875,2108250000
2019-06-21,2019-06-21T00:00:00Z,7719.419921875,7772.52978515625,7708.25,7728.77978515625,2909540000
2019-06-24,2019-06-24T00:00:00Z,7737.0,7746.68017578125,7720.77978515625,7723.02001953125,2073470000
2019-06-25,2019-06-25T00:00:00Z,7720.91015625,7723.0400390625,7584.169921875,7591.5400390625,2132550000
2019-06-26,2019-06-26T00:00:00Z,7642.919921875,7688.64013671875,7616.91015625,7627.0498046875,2122730000
2019-06-27,2019-06-27T00:00:00Z,7656.68017578125,7672.97998046875,7636.72021484375,7657.0498046875,2083920000
2019-06-28,2019-06-28T00:00:00Z,7674.52001953125,7682.259765625,7639.4501953125,7671.080078125,4101490000
2019-07-01,2019-07-01T00:00:00Z,7816.56005859375,7820.81005859375,7735.669921875,7768.14013671875,2219030000
2019-07-02,2019-07-02T00:00:00Z,7763.02978515625,7800.47021484375,7746.009765625,7799.81982421875,1956590000
2019-07-03,2019-07-03T00:00:00Z,7819.06005859375,7857.68994140625,7811.2900390625,7857.68994140625,1548240000
2019-07-05,2019-07-05T00:00:00Z,7806.06982421875,7854.7099609375,7774.58984375,7841.2998046875,1690700000
2019-07-08,2019-07-08T00:00:00Z,7790.4599609375,7841.2998046875,7756.10986328125,7785.7900390625,1957160000
2019-07-09,2019-07-09T00:00:00Z,7748.2900390625,7833.93017578125,7748.22998046875,7826.85986328125,1871430000
2019-07-10,2019-07-10T00:00:00Z,7869.72998046875,7923.93017578125,7858.68017578125,7903.39990234375,2066640000
2019-07-11,2019-07-11T00:00:00Z,7918.64990234375,7934.60009765625,7873.16015625,7896.77978515625,1970690000
2019-07-12,2019-07-12T00:00:00Z,7908.580078125,7944.080078125,7900.39013671875,7943.240234375,1835960000
2019-07-15,2019-07-15T00:00:00Z,7961.06982421875,7969.7900390625,7940.4501953125,7966.93017578125,1790770000
2019-07-16,2019-07-16T00:00:00Z,7958.43994140625,7965.759765625,7904.9501953125,7927.080078125,1947010000
2019-07-17,2019-07-17T00:00:00Z,7927.91015625,7941.10009765625,7887.97998046875,7888.759765625,1887120000
2019-07-18,2019-07-18T00:00:00Z,7850.1201171875,7912.330078125,7827.490234375,7904.1298828125,2063790000
2019-07-19,2019-07-19T00:00:00Z,7944.85986328125,7950.22021484375,7832.39013671875,7834.89990234375,1893050000
2019-07-22,2019-07-22T00:00:00Z,7862.3798828125,7918.47021484375,7862.27001953125,7905.1201171875,1860440000
2019-07-23,2019-07-23T00:00:00Z,7946.0498046875,7955.08984375,7895.0498046875,7954.56005859375,1845050000
2019-07-24,2019-07-24T00:00:00Z,7928.77978515625,8010.830078125,7926.990234375,8010.60986328125,1953670000
2019-07-25,2019-07-25T00:00:00Z,7979.14013671875,7983.9599609375,7921.2099609375,7929.8701171875,2058090000
2019-07-26,2019-07-26T00:00:00Z,7992.1298828125,8027.18017578125,7986.72021484375,8016.9501953125,1975110000
2019-07-29,2019-07-29T00:00:00Z,8010.0498046875,8010.0498046875,7939.97998046875,7989.080078125,1882980000
2019-07-30,2019-07-30T00:00:00Z,7927.56005859375,7983.10986328125,7923.4501953125,7952.47021484375,1893610000
2019-07-31,2019-07-31T00:00:00Z,7972.759765625,7979.2001953125,7774.93017578125,7848.77978515625,2679230000
2019-08-01,2019-08-01T00:00:00Z,7866.60009765625,8000.93994140625,7769.02001953125,7801.14990234375,2815420000
2019-08-02,2019-08-02T00:00:00Z,7740.91015625,7755.08984375,7645.18017578125,7692.7998046875,2262550000
2019-08-05,2019-08-05T00:00:00Z,7510.02001953125,7528.89990234375,7356.27001953125,7415.68994140625,2661780000
2019-08-06,2019-08-06T00:00:00Z,7492.02001953125,7541.740234375,7432.31005859375,7521.31982421875,2217620000
2019-08-07,2019-08-07T00:00:00Z,7436.14013671875,7569.89990234375,7386.39013671875,7551.89990234375,2470170000
2019-08-08,2019-08-08T00:00:00Z,7608.02978515625,7726.4599609375,7576.81982421875,7724.830078125,2442950000
2019-08-09,2019-08-09T00:00:00Z,7684.56005859375,7709.509765625,7591.14013671875,7646.27001953125,2221180000
2019-08-12,2019-08-12T00:00:00Z,7597.18994140625,7623.43994140625,7528.9501953125,7561.68017578125,2068920000
2019-08-13,2019-08-13T00:00:00Z,7553.43017578125,7778.33984375,7553.330078125,7728.14990234375,2353570000
2019-08-14,2019-08-14T00:00:00Z,7594.64013671875,7621.7001953125,7480.580078125,7490.1298828125,2543670000
2019-08-15,2019-08-15T00:00:00Z,7503.14013671875,7523.5,7429.35986328125,7484.89013671875,2190810000
2019-08-16,2019-08-16T00:00:00Z,7548.89990234375,7622.72998046875,7548.89990234375,7604.10986328125,2018710000
2019-08-19,2019-08-19T00:00:00Z,7715.41015625,7740.740234375,7604.10986328125,7719.31982421875,1946440000
2019-08-20,2019-08-20T00:00:00Z,7708.31005859375,7731.31005859375,7664.2099609375,7664.47021484375,1750730000
2019-08-21,2019-08-21T00:00:00Z,7731.75,7754.66015625,7706.56982421875,7733.22021484375,1721410000
2019-08-22,2019-08-22T00:00:00Z,7750.97998046875,7764.7900390625,7649.27978515625,7707.43017578125,1780760000
2019-08-23,2019-08-23T00:00:00Z,7658.47998046875,7722.43017578125,7442.93017578125,7464.990234375,2214370000
2019-08-26,2019-08-26T00:00:00Z,7540.68994140625,7577.77001953125,7506.169921875,7575.02001953125,1691990000
2019-08-27,2019-08-27T00:00:00Z,7630.4599609375,7640.68017578125,7531.9599609375,7566.02978515625,1914930000
2019-08-28,2019-08-28T00:00:00Z,7536.7001953125,7598.14990234375,7500.22021484375,7587.89990234375,1663450000
2019-08-29,2019-08-29T00:00:00Z,7678.68994140625,7723.93994140625,7654.31005859375,7702.31005859375,1703760000
2019-08-30,2019-08-30T00:00:00Z,7743.22998046875,7747.080078125,7642.89990234375,7691.0,1668110000
2019-09-03,2019-09-03T00:00:00Z,7634.02978515625,7670.169921875,7584.81982421875,7609.509765625,1938780000
2019-09-04,2019-09-04T00:00:00Z,7683.77978515625,7724.91015625,7663.64013671875,7719.25,1893740000
2019-09-05,2019-09-05T00:00:00Z,7803.4501953125,7879.97021484375,7803.4501953125,7862.5400390625,2108700000
2019-09-06,2019-09-06T00:00:00Z,7868.8701171875,7874.990234375,7835.89013671875,7852.5400390625,1878730000
2019-09-09,2019-09-09T00:00:00Z,7876.39990234375,7877.41015625,7795.85986328125,7832.39990234375,2186660000
2019-09-10,2019-09-10T00:00:00Z,7793.27978515625,7817.580078125,7743.60986328125,7814.740234375,2366080000
2019-09-11,2019-09-11T00:00:00Z,7820.7099609375,7888.33984375,7812.06982421875,7887.580078125,2322610000
2019-09-12,2019-09-12T00:00:00Z,7931.9599609375,7975.330078125,7907.330078125,7917.33984375,2228100000
2019-09-13,2019-09-13T00:00:00Z,7903.72998046875,7923.41015625,7879.58984375,7892.9501953125,1984570000
2019-09-16,2019-09-16T00:00:00Z,7833.72998046875,7868.740234375,7831.759765625,7852.41015625,1876540000
2019-09-17,2019-09-17T00:00:00Z,7849.8798828125,7891.2099609375,7840.990234375,7888.7900390625,1857350000
2019-09-18,2019-09-18T00:00:00Z,7877.580078125,7891.169921875,7791.580078125,7888.56005859375,2045590000
2019-09-19,2019-09-19T00:00:00Z,7904.39013671875,7950.2099609375,7888.31005859375,7901.7900390625,1818430000
2019-09-20,2019-09-20T00:00:00Z,7901.4599609375,7920.52978515625,7794.27001953125,7823.5498046875,3363230000
2019-09-23,2019-09-23T00:00:00Z,7815.22998046875,7842.97998046875,7790.2900390625,7818.60986328125,1781750000
2019-09-24,2019-09-24T00:00:00Z,7855.97021484375,7873.25,7684.7998046875,7710.0400390625,2310940000
2019-09-25,2019-09-25T00:00:00Z,7706.5,7822.43017578125,7647.6298828125,7803.5400390625,2022080000
2019-09-26,2019-09-26T00:00:00Z,7794.27978515625,7798.1201171875,7718.68994140625,7771.990234375,1886310000
2019-09-27,2019-09-27T00:00:00Z,7786.02978515625,7790.7998046875,7626.81982421875,7681.580078125,2041250000
2019-09-30,2019-09-30T00:00:00Z,7705.97021484375,7761.83984375,7693.490234375,7749.4501953125,1809050000
2019-10-01,2019-10-01T00:00:00Z,7782.81982421875,7821.72021484375,7675.419921875,7684.14013671875,2250500000
2019-10-02,2019-10-02T00:00:00Z,7627.58984375,7631.33984375,7513.68994140625,7550.7900390625,2503630000
2019-10-03,2019-10-03T00:00:00Z,7557.18994140625,7640.419921875,7463.56982421875,7638.39013671875,2157220000
2019-10-04,2019-10-04T00:00:00Z,7677.330078125,7759.35986328125,7670.919921875,7754.10009765625,1748000000
2019-10-07,2019-10-07T00:00:00Z,7725.68017578125,7784.7900390625,7712.68017578125,7725.1298828125,1759580000
2019-10-08,2019-10-08T00:00:00Z,7671.3798828125,7707.169921875,7603.759765625,7604.27001953125,1943700000
2019-10-09,2019-10-09T00:00:00Z,7678.66015625,7717.93994140625,7655.47998046875,7690.52978515625,1563500000
2019-10-10,2019-10-10T00:00:00Z,7688.419921875,7772.68017578125,7682.60986328125,7740.35986328125,1793470000
2019-10-11,2019-10-11T00:00:00Z,7835.93017578125,7904.0498046875,7831.10986328125,7843.8798828125,2184790000
2019-10-14,2019-10-14T00:00:00Z,7834.740234375,7865.669921875,7827.16015625,7842.330078125,1423700000
2019-10-15,2019-10-15T00:00:00Z,7867.9599609375,7960.14013671875,7863.64990234375,7942.85009765625,1841660000
2019-10-16,2019-10-16T00:00:00Z,7911.990234375,7941.759765625,7898.31005859375,7920.2099609375,1900010000
2019-10-17,2019-10-17T00:00:00Z,7976.64013671875,7981.14013671875,7914.93994140625,7942.14013671875,1864020000
2019-10-18,2019-10-18T00:00:00Z,7938.2998046875,7946.81005859375,7829.75,7868.490234375,2020020000
2019-10-21,2019-10-21T00:00:00Z,7911.580078125,7941.47998046875,7887.740234375,7940.330078125,1756640000
2019-10-22,2019-10-22T00:00:00Z,7968.25,7977.009765625,7871.97998046875,7874.6201171875,1850870000
2019-10-23,2019-10-23T00:00:00Z,7858.47998046875,7890.2099609375,7845.08984375,7889.47021484375,1822180000
2019-10-24,2019-10-24T00:00:00Z,7956.22998046875,7969.66015625,7912.72021484375,7966.72021484375,1893620000
2019-10-25,2019-10-25T00:00:00Z,7926.60009765625,8033.2900390625,7926.60009765625,8029.22021484375,1911580000
2019-10-28,2019-10-28T00:00:00Z,8071.39013671875,8119.72998046875,8070.89990234375,8110.669921875,1959920000
2019-10-29,2019-10-29T00:00:00Z,8101.5498046875,8108.60986328125,8045.64013671875,8047.509765625,1842720000
2019-10-30,2019-10-30T00:00:00Z,8056.89990234375,8096.330078125,8017.919921875,8083.10986328125,1936060000
2019-10-31,2019-10-31T00:00:00Z,8100.6201171875,8110.43994140625,8041.64990234375,8083.830078125,2276140000
2019-11-01,2019-11-01T00:00:00Z,8121.9501953125,8161.97998046875,8111.72998046875,8161.169921875,2071350000
2019-11-04,2019-11-04T00:00:00Z,8218.9296875,8228.330078125,8197.3203125,8210.66015625,2166830000
2019-11-05,2019-11-05T00:00:00Z,8225.349609375,8229.08984375,8191.0498046875,8210.1796875,2327420000
2019-11-06,2019-11-06T00:00:00Z,8204.33984375,8204.33984375,8157.35986328125,8196.0302734375,2342570000
2019-11-07,2019-11-07T00:00:00Z,8237.6796875,8271.8203125,8198.91015625,8219.650390625,2403680000
2019-11-08,2019-11-08T00:00:00Z,8208.3701171875,8256.2900390625,8186.31005859375,8255.8896484375,1982140000
2019-11-11,2019-11-11T00:00:00Z,8212.3701171875,8245.8896484375,8202.3603515625,8241.91015625,1719300000
2019-11-12,2019-11-12T00:00:00Z,8249.6201171875,8293.1796875,8238.330078125,8263.7900390625,2001440000
2019-11-13,2019-11-13T00:00:00Z,8235.6796875,8274.6103515625,8233.3798828125,8259.8095703125,2180010000
2019-11-14,2019-11-14T00:00:00Z,8238.849609375,8264.9404296875,8212.58984375,8257.830078125,2113840000
2019-11-15,2019-11-15T00:00:00Z,8303.83984375,8315.900390625,8284.2001953125,8315.51953125,2199480000
2019-11-18,2019-11-18T00:00:00Z,8303.2197265625,8340.41015625,8274.6796875,8328.48046875,2053260000
2019-11-19,2019-11-19T00:00:00Z,8357.4296875,8357.7998046875,8308.2802734375,8338.740234375,2094030000
2019-11-20,2019-11-20T00:00:00Z,8315.5498046875,8339.259765625,8226.25,8283.75,2608780000
2019-11-21,2019-11-21T00:00:00Z,8273.9501953125,8282.330078125,8242.2197265625,8265.6201171875,2073720000
2019-11-22,2019-11-22T00:00:00Z,8287.25,8292.1103515625,8229.490234375,8272.0498046875,1885730000
2019-11-25,2019-11-25T00:00:00Z,8309.5498046875,8372.8203125,8309.5498046875,8371.9296875,2262750000
2019-11-26,2019-11-26T00:00:00Z,8374.259765625,8398.0400390625,8364.1103515625,8385.75,2439370000
2019-11-27,2019-11-27T00:00:00Z,8407.23046875,8445.6103515625,8399.6298828125,8444.7099609375,1748520000
2019-11-29,2019-11-29T00:00:00Z,8422.01953125,8435.9599609375,8402.1298828125,8403.6796875,1099090000
2019-12-02,2019-12-02T00:00:00Z,8409.8701171875,8409.8701171875,8274.6103515625,8309.259765625,2240300000
2019-12-03,2019-12-03T00:00:00Z,8201.6298828125,8258.400390625,8167.35986328125,8254.740234375,2318760000
2019-12-04,2019-12-04T00:00:00Z,8291.8603515625,8316.4599609375,8285.8798828125,8296.5302734375,2158870000
2019-12-05,2019-12-05T00:00:00Z,8321.1904296875,8321.1904296875,8272.830078125,8308.400390625,2133380000
2019-12-06,2019-12-06T00:00:00Z,8370.23046875,8405.849609375,8365.25,8397.3701171875,2057020000
2019-12-09,2019-12-09T00:00:00Z,8388.75,8425.76953125,8359.8701171875,8362.740234375,2123870000
2019-12-10,2019-12-10T00:00:00Z,8364.5498046875,8392.8896484375,8339.3701171875,8354.2900390625,2058760000
2019-12-11,2019-12-11T00:00:00Z,8371.650390625,8408.080078125,8361.3701171875,8402.6103515625,1982080000
2019-12-12,2019-12-12T00:00:00Z,8391.919921875,8493.1103515625,8380.08984375,8466.8896484375,2396400000
2019-12-13,2019-12-13T00:00:00Z,8461.419921875,8517.51953125,8441.8896484375,8487.7099609375,2219630000
2019-12-16,2019-12-16T00:00:00Z,8544.26953125,8584.7802734375,8542.419921875,8570.330078125,2368050000
2019-12-17,2019-12-17T00:00:00Z,8586.330078125,8592.4501953125,8564.150390625,8575.7001953125,2382450000
2019-12-18,2019-12-18T00:00:00Z,8587.2001953125,8608.099609375,8578.5595703125,8580.6201171875,2742330000
2019-12-19,2019-12-19T00:00:00Z,8592.6796875,8642.740234375,8592.6796875,8641.2900390625,2446890000
2019-12-20,2019-12-20T00:00:00Z,8666.5703125,8687.66015625,8656.48046875,8678.490234375,3830200000
2019-12-23,2019-12-23T00:00:00Z,8703.0595703125,8710.900390625,8690.150390625,8696.009765625,2028670000
2019-12-24,2019-12-24T00:00:00Z,8705.2998046875,8708.2197265625,8684.1201171875,8699.509765625,1014530000
2019-12-26,2019-12-26T00:00:00Z,8717.9501953125,8778.330078125,8716.0302734375,8778.3095703125,1639960000
2019-12-27,2019-12-27T00:00:00Z,8805.8603515625,8811.099609375,8749.8603515625,8770.98046875,1833740000
2019-12-30,2019-12-30T00:00:00Z,8766.3896484375,8768.2998046875,8671.919921875,8709.73046875,2051320000
2019-12-31,2019-12-31T00:00:00Z,8681.330078125,8735.4296875,8674.3798828125,8733.0703125,2186830000
2020-01-02,2020-01-02T00:00:00Z,8802.2197265625,8873.6298828125,8786.900390625,8872.2197265625,2862700000
2020-01-03,2020-01-03T00:00:00Z,8755.169921875,8843.650390625,8755.169921875,8793.900390625,2586520000
2020-01-06,2020-01-06T00:00:00Z,8713.8896484375,8849.98046875,8713.8896484375,8848.51953125,2810450000
2020-01-07,2020-01-07T00:00:00Z,8857.1396484375,8872.4697265625,8821.6796875,8846.4501953125,2381740000
2020-01-08,2020-01-08T00:00:00Z,8845.4501953125,8953.5498046875,8834.9404296875,8912.3701171875,2472620000
2020-01-09,2020-01-09T00:00:00Z,8990.0400390625,9004.5498046875,8938.5302734375,8989.6298828125,2540960000
2020-01-10,2020-01-10T00:00:00Z,9021.8798828125,9024.8701171875,8951.830078125,8966.6396484375,2382900000
2020-01-13,2020-01-13T00:00:00Z,9007.9404296875,9071.5302734375,8991.349609375,9070.650390625,2536820000
2020-01-14,2020-01-14T00:00:00Z,9068.01953125,9080.16015625,9020.919921875,9033.419921875,2553160000
2020-01-15,2020-01-15T00:00:00Z,9039.3095703125,9078.8701171875,9008.9501953125,9035.669921875,2443220000
2020-01-16,2020-01-16T00:00:00Z,9088.080078125,9126.0703125,9066.3095703125,9125.0,2312110000
2020-01-17,2020-01-17T00:00:00Z,9159.48046875,9176.4697265625,9118.98046875,9173.73046875,2542540000
2020-01-21,2020-01-21T00:00:00Z,9145.6396484375,9187.419921875,9141.7802734375,9166.6298828125,2686610000
2020-01-22,2020-01-22T00:00:00Z,9212.349609375,9242.48046875,9179.26953125,9188.580078125,2454580000
2020-01-23,2020-01-23T00:00:00Z,9186.1396484375,9221.1298828125,9145.23046875,9216.98046875,2465850000
2020-01-24,2020-01-24T00:00:00Z,9266.349609375,9272.3701171875,9101.4404296875,9141.4697265625,2622970000
2020-01-27,2020-01-27T00:00:00Z,8913.16015625,9001.4404296875,8910.9697265625,8952.1796875,2593910000
2020-01-28,2020-01-28T00:00:00Z,9013.23046875,9111.3203125,8994.2802734375,9090.9296875,2169020000
2020-01-29,2020-01-29T00:00:00Z,9141.51953125,9153.080078125,9067.2900390625,9101.6103515625,2234620000
2020-01-30,2020-01-30T00:00:00Z,9038.919921875,9140.6904296875,9019.7197265625,9136.08984375,2345370000
2020-01-31,2020-01-31T00:00:00Z,9169.91015625,9170.2197265625,8961.58984375,8991.509765625,2696090000
2020-02-03,2020-02-03T00:00:00Z,9033.51953125,9148.5,9031.0703125,9126.23046875,2427320000
2020-02-04,2020-02-04T00:00:00Z,9256.9404296875,9352.9599609375,9224.8603515625,9334.0595703125,2447340000
2020-02-05,2020-02-05T00:00:00Z,9441.33984375,9442.75,9311.8798828125,9367.48046875,2470240000
2020-02-06,2020-02-06T00:00:00Z,9395.6904296875,9448.7197265625,9357.8603515625,9445.919921875,2313860000
2020-02-07,2020-02-07T00:00:00Z,9397.76953125,9453.240234375,9376.91015625,9401.099609375,2243720000
2020-02-10,2020-02-10T00:00:00Z,9373.2001953125,9517.740234375,9373.2001953125,9516.83984375,2187520000
2020-02-11,2020-02-11T00:00:00Z,9567.8095703125,9600.0498046875,9493.6298828125,9517.8603515625,2450070000
2020-02-12,2020-02-12T00:00:00Z,9569.8203125,9615.91015625,9552.0302734375,9613.2001953125,2366510000
2020-02-13,2020-02-13T00:00:00Z,9540.669921875,9636.41015625,9532.740234375,9595.7001953125,2254870000
2020-02-14,2020-02-14T00:00:00Z,9613.8798828125,9634.75,9583.080078125,9623.580078125,2226720000
2020-02-18,2020-02-18T00:00:00Z,9567.2802734375,9647.7197265625,9567.2802734375,9629.7998046875,2279420000
2020-02-19,2020-02-19T00:00:00Z,9683.9404296875,9736.5703125,9676.0703125,9718.73046875,2470860000
2020-02-20,2020-02-20T00:00:00Z,9696.66015625,9714.23046875,9513.23046875,9627.830078125,2745730000
2020-02-21,2020-02-21T00:00:00Z,9582.5400390625,9594.0,9406.3798828125,9446.6904296875,2750160000
2020-02-24,2020-02-24T00:00:00Z,9055.2998046875,9194.91015625,9028.8701171875,9079.6298828125,3188590000
2020-02-25,2020-02-25T00:00:00Z,9167.330078125,9183.7802734375,8807.1103515625,8834.8701171875,3595520000
2020-02-26,2020-02-26T00:00:00Z,8883.009765625,9032.8798828125,8813.919921875,8873.759765625,3587950000
2020-02-27,2020-02-27T00:00:00Z,8632.5400390625,8786.6796875,8430.5302734375,8436.669921875,4559900000
2020-02-28,2020-02-28T00:00:00Z,8133.85009765625,8490.4697265625,8133.85009765625,8461.830078125,5320020000
2020-03-02,2020-03-02T00:00:00Z,8569.91015625,8879.3896484375,8446.5,8877.98046875,4249020000
2020-03-03,2020-03-03T00:00:00Z,8892.6796875,9000.4599609375,8516.580078125,8594.490234375,4336700000
2020-03-04,2020-03-04T00:00:00Z,8745.6396484375,8952.1103515625,8669.759765625,8949.2802734375,3634760000
2020-03-05,2020-03-05T00:00:00Z,8713.1904296875,8864.1904296875,8613.91015625,8671.66015625,3763860000
2020-03-06,2020-03-06T00:00:00Z,8395.9501953125,8571.8798828125,8319.900390625,8530.33984375,4292730000
2020-03-09,2020-03-09T00:00:00Z,7912.14013671875,8241.76953125,7912.14013671875,7948.02978515625,4554110000
2020-03-10,2020-03-10T00:00:00Z,8213.9697265625,8376.4404296875,7942.1298828125,8372.26953125,4447260000
2020-03-11,2020-03-11T00:00:00Z,8166.259765625,8224.73046875,7900.990234375,8006.1201171875,4302610000
2020-03-12,2020-03-12T00:00:00Z,7452.759765625,7808.31005859375,7255.6201171875,7263.64990234375,5099350000
2020-03-13,2020-03-13T00:00:00Z,7683.0400390625,7998.509765625,7301.8798828125,7995.259765625,4701070000
2020-03-16,2020-03-16T00:00:00Z,7502.259765625,7563.4501953125,6993.60986328125,7020.3798828125,4618120000
2020-03-17,2020-03-17T00:00:00Z,7198.52978515625,7550.1298828125,6959.14990234375,7473.9501953125,4920210000
2020-03-18,2020-03-18T00:00:00Z,7023.85986328125,7336.8798828125,6837.52978515625,7175.18017578125,4935000000
2020-03-19,2020-03-19T00:00:00Z,7190.2099609375,7514.14013671875,7037.47021484375,7288.52001953125,4778490000
2020-03-20,2020-03-20T00:00:00Z,7391.22021484375,7487.830078125,6969.77001953125,6994.2900390625,5260300000
2020-03-23,2020-03-23T00:00:00Z,6952.7099609375,7145.2900390625,6771.91015625,7006.919921875,4348410000
2020-03-24,2020-03-24T00:00:00Z,7349.0,7555.91015625,7304.39013671875,7553.830078125,4441080000
2020-03-25,2020-03-25T00:00:00Z,7543.9599609375,7777.60986328125,7390.41015625,7469.6201171875,4683630000
2020-03-26,2020-03-26T00:00:00Z,7549.830078125,7913.10986328125,7549.830078125,7897.1298828125,4014670000
2020-03-27,2020-03-27T00:00:00Z,7657.43994140625,7817.740234375,7580.22021484375,7588.3701171875,3989120000
2020-03-30,2020-03-30T00:00:00Z,7678.830078125,7902.08984375,7651.43017578125,7889.009765625,3870770000
2020-03-31,2020-03-31T00:00:00Z,7855.740234375,8011.60009765625,7765.4599609375,7813.5,4078960000
2020-04-01,2020-04-01T00:00:00Z,7582.77978515625,7701.68017578125,7423.97021484375,7486.2900390625,3700040000
2020-04-02,2020-04-02T00:00:00Z,7445.8798828125,7641.8701171875,7432.27978515625,7635.66015625,3622170000
2020-04-03,2020-04-03T00:00:00Z,7631.56982421875,7673.490234375,7439.77978515625,7528.10986328125,3294260000
2020-04-06,2020-04-06T00:00:00Z,7819.06005859375,8110.66015625,7763.08984375,8081.66015625,3849130000
2020-04-07,2020-04-07T00:00:00Z,8287.48046875,8305.58984375,8043.06982421875,8049.31005859375,4085960000
2020-04-08,2020-04-08T00:00:00Z,8134.2998046875,8254.41015625,8058.41015625,8229.5400390625,3487440000
2020-04-09,2020-04-09T00:00:00Z,8284.3095703125,8334.23046875,8167.93017578125,8238.5302734375,4145460000
2020-04-13,2020-04-13T00:00:00Z,8209.6796875,8338.150390625,8158.580078125,8332.740234375,3184660000
2020-04-14,2020-04-14T00:00:00Z,8489.26953125,8708.5498046875,8470.740234375,8692.16015625,3767410000
2020-04-15,2020-04-15T00:00:00Z,8548.4697265625,8666.240234375,8500.5595703125,8591.9599609375,3347920000
2020-04-16,2020-04-16T00:00:00Z,8689.08984375,8793.349609375,8605.509765625,8757.830078125,4057800000
2020-04-17,2020-04-17T00:00:00Z,8876.66015625,8879.240234375,8704.3798828125,8832.41015625,4348310000
2020-04-20,2020-04-20T00:00:00Z,8742.5400390625,8855.1796875,8725.330078125,8726.509765625,3827370000
2020-04-21,2020-04-21T00:00:00Z,8639.740234375,8663.08984375,8359.83984375,8403.0,3788180000
2020-04-22,2020-04-22T00:00:00Z,8575.5703125,8708.48046875,8550.6103515625,8664.6396484375,3041520000
2020-04-23,2020-04-23T00:00:00Z,8693.73046875,8796.490234375,8624.6298828125,8641.5,3759890000
2020-04-24,2020-04-24T00:00:00Z,8666.5703125,8791.3603515625,8599.990234375,8786.599609375,3696020000
2020-04-27,2020-04-27T00:00:00Z,8865.580078125,8887.6201171875,8803.8896484375,8837.66015625,3694980000
2020-04-28,2020-04-28T00:00:00Z,8913.2802734375,8918.3798828125,8668.669921875,8677.599609375,3730350000
2020-04-29,2020-04-29T00:00:00Z,8871.0400390625,9025.8203125,8832.0,8982.759765625,4407140000
2020-04-30,2020-04-30T00:00:00Z,9005.240234375,9023.0302734375,8920.419921875,9000.509765625,4335660000
2020-05-01,2020-05-01T00:00:00Z,8791.8798828125,8887.580078125,8688.580078125,8718.1796875,3741300000
2020-05-04,2020-05-04T00:00:00Z,8683.9404296875,8840.330078125,8665.400390625,8834.1103515625,3443140000
2020-05-05,2020-05-05T00:00:00Z,8922.3896484375,9031.0,8900.5703125,8930.6201171875,3933550000
2020-05-06,2020-05-06T00:00:00Z,8997.01953125,9065.580078125,8950.8896484375,8984.8603515625,3656750000
2020-05-07,2020-05-07T00:00:00Z,9104.669921875,9136.1796875,9045.23046875,9101.8798828125,3787220000
2020-05-08,2020-05-08T00:00:00Z,9165.7001953125,9224.490234375,9126.9697265625,9220.349609375,3813630000
2020-05-11,2020-05-11T00:00:00Z,9155.2099609375,9346.26953125,9155.2099609375,9298.919921875,3925450000
2020-05-12,2020-05-12T00:00:00Z,9326.0595703125,9354.4501953125,9109.08984375,9112.4501953125,4336510000
2020-05-13,2020-05-13T00:00:00Z,9123.6904296875,9209.490234375,8890.16015625,9000.080078125,4273210000
2020-05-14,2020-05-14T00:00:00Z,8946.4501953125,9097.75,8860.76953125,9094.419921875,3965970000
2020-05-15,2020-05-15T00:00:00Z,8976.2900390625,9157.4599609375,8958.080078125,9152.6396484375,4240690000
2020-05-18,2020-05-18T00:00:00Z,9281.3603515625,9367.5400390625,9248.7802734375,9331.9296875,4341820000
2020-05-19,2020-05-19T00:00:00Z,9326.2802734375,9422.900390625,9296.25,9298.5400390625,4193550000
2020-05-20,2020-05-20T00:00:00Z,9415.25,9498.2802734375,9412.830078125,9485.01953125,4315500000
2020-05-21,2020-05-21T00:00:00Z,9487.6298828125,9515.0498046875,9361.830078125,9377.990234375,3745270000
2020-05-22,2020-05-22T00:00:00Z,9363.669921875,9421.9296875,9325.0703125,9413.990234375,3668070000
2020-05-26,2020-05-26T00:00:00Z,9570.5302734375,9570.5302734375,9379.900390625,9389.98046875,4448950000
2020-05-27,2020-05-27T00:00:00Z,9366.6298828125,9445.0595703125,9182.4501953125,9442.0498046875,4489110000
2020-05-28,2020-05-28T00:00:00Z,9404.830078125,9568.8896484375,9391.83984375,9416.7099609375,4113660000
2020-05-29,2020-05-29T00:00:00Z,9440.6396484375,9573.5498046875,9379.9296875,9555.5302734375,4742290000
2020-06-01,2020-06-01T00:00:00Z,9526.4296875,9609.3798828125,9515.33984375,9598.8896484375,3847770000
2020-06-02,2020-06-02T00:00:00Z,9603.1796875,9660.080078125,9511.8798828125,9657.3095703125,3990080000
2020-06-03,2020-06-03T00:00:00Z,9689.7197265625,9729.6904296875,9648.9296875,9704.6904296875,4679030000
2020-06-04,2020-06-04T00:00:00Z,9672.169921875,9741.9697265625,9577.7099609375,9629.66015625,6141320000
2020-06-05,2020-06-05T00:00:00Z,9673.08984375,9846.6298828125,9659.4501953125,9824.3896484375,6607730000
2020-06-08,2020-06-08T00:00:00Z,9805.6904296875,9904.51953125,9753.8701171875,9901.51953125,6197330000
2020-06-09,2020-06-09T00:00:00Z,9861.1796875,10006.900390625,9859.0,9967.169921875,5319450000
2020-06-10,2020-06-10T00:00:00Z,10037.98046875,10155.2001953125,10022.4404296875,10094.259765625,5170860000
2020-06-11,2020-06-11T00:00:00Z,9907.5595703125,9978.1904296875,9586.25,9588.48046875,5300850000
2020-06-12,2020-06-12T00:00:00Z,9785.580078125,9849.009765625,9499.08984375,9663.7802734375,4388990000
2020-06-15,2020-06-15T00:00:00Z,9517.1396484375,9809.41015625,9489.580078125,9776.8896484375,4476010000
2020-06-16,2020-06-16T00:00:00Z,9983.650390625,10010.8896484375,9801.4501953125,9949.3701171875,4669320000
2020-06-17,2020-06-17T00:00:00Z,9998.8603515625,10058.650390625,9952.5,9982.48046875,4279700000
2020-06-18,2020-06-18T00:00:00Z,9972.349609375,10018.5595703125,9942.1103515625,10012.0498046875,4335320000
2020-06-19,2020-06-19T00:00:00Z,10104.6298828125,10121.669921875,9937.8095703125,10008.6396484375,6093830000
2020-06-22,2020-06-22T00:00:00Z,10009.0,10134.6396484375,9989.490234375,10130.330078125,4506960000
2020-06-23,2020-06-23T00:00:00Z,10192.419921875,10306.900390625,10172.0703125,10209.8203125,5755170000
2020-06-24,2020-06-24T00:00:00Z,10183.76953125,10232.419921875,9943.240234375,10002.7001953125,5589130000
2020-06-25,2020-06-25T00:00:00Z,10003.5,10110.2900390625,9901.2099609375,10101.830078125,4779640000
2020-06-26,2020-06-26T00:00:00Z,10087.080078125,10093.98046875,9837.740234375,9849.3603515625,7309380000
2020-06-29,2020-06-29T00:00:00Z,9850.5498046875,9965.080078125,9742.8896484375,9961.16015625,4336290000
2020-06-30,2020-06-30T00:00:00Z,9970.2099609375,10185.349609375,9956.830078125,10156.849609375,4510190000
2020-07-01,2020-07-01T00:00:00Z,10160.41015625,10321.76953125,10142.75,10279.25,4624430000
2020-07-02,2020-07-02T00:00:00Z,10386.3798828125,10432.5498046875,10328.7802734375,10341.8896484375,4038920000
2020-07-06,2020-07-06T00:00:00Z,10487.7001953125,10625.099609375,10485.8203125,10604.0595703125,4570260000
2020-07-07,2020-07-07T00:00:00Z,10595.9404296875,10704.9296875,10516.6298828125,10524.009765625,4337130000
2020-07-08,2020-07-08T00:00:00Z,10594.41015625,10669.1298828125,10528.8203125,10666.7001953125,4030210000
2020-07-09,2020-07-09T00:00:00Z,10745.8701171875,10785.9599609375,10574.9697265625,10754.58984375,4013180000
2020-07-10,2020-07-10T00:00:00Z,10751.76953125,10842.7802734375,10639.48046875,10836.330078125,3537510000
2020-07-13,2020-07-13T00:00:00Z,10951.5400390625,11069.259765625,10574.5595703125,10602.2099609375,4851880000
2020-07-14,2020-07-14T00:00:00Z,10502.849609375,10701.8798828125,10370.7900390625,10689.51953125,4461770000
2020-07-15,2020-07-15T00:00:00Z,10752.1103515625,10780.400390625,10570.9599609375,10701.6796875,4647070000
2020-07-16,2020-07-16T00:00:00Z,10589.8603515625,10658.900390625,10495.08984375,10626.4599609375,4277760000
2020-07-17,2020-07-17T00:00:00Z,10651.599609375,10680.7001953125,10558.7802734375,10645.2197265625,4361480000
2020-07-20,2020-07-20T00:00:00Z,10672.9599609375,10971.51953125,10621.900390625,10952.080078125,4314630000
2020-07-21,2020-07-21T00:00:00Z,11015.5400390625,11017.4296875,10800.8701171875,10833.0703125,5350750000
2020-07-22,2020-07-22T00:00:00Z,10850.919921875,10910.240234375,10776.240234375,10870.75,4128960000
2020-07-23,2020-07-23T00:00:00Z,10853.16015625,10885.3798828125,10531.2197265625,10580.58984375,4501540000
2020-07-24,2020-07-24T00:00:00Z,10389.5400390625,10543.419921875,10313.9404296875,10483.1298828125,4233390000
2020-07-27,2020-07-27T00:00:00Z,10547.1103515625,10689.5498046875,10527.6396484375,10674.3798828125,4244570000
2020-07-28,2020-07-28T00:00:00Z,10644.33984375,10662.1904296875,10527.4296875,10532.5,3894660000
2020-07-29,2020-07-29T00:00:00Z,10602.400390625,10694.8798828125,10587.2001953125,10662.98046875,4009640000
2020-07-30,2020-07-30T00:00:00Z,10578.6298828125,10737.0302734375,10531.7900390625,10715.509765625,4185810000
2020-07-31,2020-07-31T00:00:00Z,10886.3603515625,10908.33984375,10707.400390625,10905.8798828125,4438730000
2020-08-03,2020-08-03T00:00:00Z,11018.01953125,11085.5,10997.669921875,11055.080078125,4203890000
2020-08-04,2020-08-04T00:00:00Z,11048.5,11097.849609375,11002.5498046875,11096.5400390625,4016520000
2020-08-05,2020-08-05T00:00:00Z,11107.240234375,11141.6904296875,11077.7001953125,11125.4404296875,4160740000
2020-08-06,2020-08-06T00:00:00Z,11116.490234375,11282.240234375,11090.5,11267.080078125,4120000000
2020-08-07,2020-08-07T00:00:00Z,11235.240234375,11276.2998046875,11044.599609375,11139.3896484375,4263930000
2020-08-10,2020-08-10T00:00:00Z,11153.509765625,11159.3798828125,10941.8701171875,11085.169921875,4048420000
2020-08-11,2020-08-11T00:00:00Z,11039.6796875,11090.919921875,10855.0595703125,10876.080078125,4331770000
2020-08-12,2020-08-12T00:00:00Z,10972.0703125,11190.259765625,10970.8701171875,11157.7197265625,3745230000
2020-08-13,2020-08-13T00:00:00Z,11174.6396484375,11271.2197265625,11139.6396484375,11178.3701171875,3480470000
2020-08-14,2020-08-14T00:00:00Z,11187.8203125,11213.26953125,11106.9296875,11164.4501953125,3514260000
2020-08-17,2020-08-17T00:00:00Z,11231.9697265625,11306.4697265625,11228.1396484375,11288.5703125,3214870000
2020-08-18,2020-08-18T00:00:00Z,11339.759765625,11421.099609375,11279.080078125,11399.0302734375,3228590000
2020-08-19,2020-08-19T00:00:00Z,11397.23046875,11440.2197265625,11303.400390625,11318.6396484375,3496480000
2020-08-20,2020-08-20T00:00:00Z,11277.0498046875,11497.1796875,11268.4599609375,11477.0498046875,4215130000
2020-08-21,2020-08-21T00:00:00Z,11476.849609375,11574.7900390625,11461.5302734375,11555.16015625,3929290000
2020-08-24,2020-08-24T00:00:00Z,11703.33984375,11728.08984375,11535.5498046875,11626.169921875,3907310000
2020-08-25,2020-08-25T00:00:00Z,11610.580078125,11723.9501953125,11580.8896484375,11721.8095703125,3475280000
2020-08-26,2020-08-26T00:00:00Z,11779.349609375,11979.650390625,11768.0,11971.9404296875,3471520000
2020-08-27,2020-08-27T00:00:00Z,11997.8896484375,12047.990234375,11842.83984375,11926.16015625,3547400000
2020-08-28,2020-08-28T00:00:00Z,11992.6796875,12018.1396484375,11928.6904296875,11995.849609375,3012980000
2020-08-31,2020-08-31T00:00:00Z,12017.4599609375,12167.4599609375,12000.1103515625,12110.7001953125,3612050000
2020-09-01,2020-09-01T00:00:00Z,12203.3603515625,12300.4404296875,12132.7802734375,12292.8603515625,3511060000
2020-09-02,2020-09-02T00:00:00Z,12417.4501953125,12439.48046875,12176.1796875,12420.5400390625,3982360000
2020-09-03,2020-09-03T00:00:00Z,12195.75,12235.0,11662.1103515625,11771.3701171875,4465010000
2020-09-04,2020-09-04T00:00:00Z,11686.240234375,11846.1796875,11145.990234375,11622.1298828125,4284440000
2020-09-08,2020-09-08T00:00:00Z,11143.91015625,11400.4599609375,11055.16015625,11068.259765625,3905420000
2020-09-09,2020-09-09T00:00:00Z,11308.25,11480.3701171875,11197.1298828125,11395.849609375,3550660000
2020-09-10,2020-09-10T00:00:00Z,11501.4296875,11566.33984375,11095.9404296875,11154.1201171875,3840010000
2020-09-11,2020-09-11T00:00:00Z,11251.1904296875,11280.41015625,10945.2197265625,11087.400390625,3630250000
2020-09-14,2020-09-14T00:00:00Z,11250.7998046875,11363.25,11192.8203125,11277.759765625,3737610000
2020-09-15,2020-09-15T00:00:00Z,11432.9404296875,11495.400390625,11367.2001953125,11438.8701171875,3786110000
2020-09-16,2020-09-16T00:00:00Z,11467.900390625,11486.08984375,11242.9599609375,11247.599609375,3678020000
2020-09-17,2020-09-17T00:00:00Z,10965.740234375,11160.0400390625,10936.7998046875,11080.9501953125,3740110000
2020-09-18,2020-09-18T00:00:00Z,11147.7998046875,11153.9697265625,10769.400390625,10936.98046875,5759090000
2020-09-21,2020-09-21T00:00:00Z,10768.009765625,10984.759765625,10677.849609375,10980.2197265625,3900970000
2020-09-22,2020-09-22T00:00:00Z,11082.08984375,11207.080078125,10943.259765625,11186.3701171875,3515440000
2020-09-23,2020-09-23T00:00:00Z,11167.2197265625,11179.58984375,10806.0498046875,10833.330078125,4097320000
2020-09-24,2020-09-24T00:00:00Z,10746.349609375,11026.4296875,10728.41015625,10896.4697265625,4086360000
2020-09-25,2020-09-25T00:00:00Z,10910.5,11177.73046875,10851.6796875,11151.1298828125,3785270000
2020-09-28,2020-09-28T00:00:00Z,11332.3203125,11369.400390625,11243.240234375,11364.4501953125,3591740000
2020-09-29,2020-09-29T00:00:00Z,11354.7001953125,11396.2197265625,11305.7900390625,11322.9501953125,3389040000
2020-09-30,2020-09-30T00:00:00Z,11328.5498046875,11535.009765625,11328.5498046875,11418.0595703125,4260630000
2020-10-01,2020-10-01T00:00:00Z,11554.9599609375,11606.73046875,11488.599609375,11583.2001953125,4005900000
2020-10-02,2020-10-02T00:00:00Z,11328.849609375,11479.080078125,11225.169921875,11255.6904296875,3731510000
2020-10-05,2020-10-05T00:00:00Z,11345.240234375,11512.0595703125,11336.0703125,11509.0595703125,3623920000
2020-10-06,2020-10-06T00:00:00Z,11476.6796875,11536.419921875,11256.259765625,11291.26953125,4390960000
2020-10-07,2020-10-07T00:00:00Z,11412.650390625,11519.5498046875,11382.48046875,11503.1904296875,3910770000
2020-10-08,2020-10-08T00:00:00Z,11576.4404296875,11582.7802734375,11510.240234375,11550.9404296875,3507570000
2020-10-09,2020-10-09T00:00:00Z,11615.5703125,11727.599609375,11600.8603515625,11725.849609375,3504230000
2020-10-12,2020-10-12T00:00:00Z,11900.1201171875,12204.75,11880.23046875,12088.1103515625,3885030000
2020-10-13,2020-10-13T00:00:00Z,12131.0703125,12187.7802734375,12032.75,12083.169921875,3634130000
2020-10-14,2020-10-14T00:00:00Z,12105.099609375,12159.2099609375,11913.5703125,11985.3603515625,3410410000
2020-10-15,2020-10-15T00:00:00Z,11767.26953125,11928.6298828125,11765.490234375,11898.5703125,3325270000
2020-10-16,2020-10-16T00:00:00Z,11952.1201171875,12034.1298828125,11824.1396484375,11852.169921875,3166980000
2020-10-19,2020-10-19T00:00:00Z,11913.009765625,11962.4697265625,11606.48046875,11634.349609375,3477410000
2020-10-20,2020-10-20T00:00:00Z,11679.080078125,11801.400390625,11613.759765625,11677.83984375,3510040000
2020-10-21,2020-10-21T00:00:00Z,11686.1904296875,11789.4599609375,11646.48046875,11665.3701171875,3467310000
2020-10-22,2020-10-22T00:00:00Z,11712.6396484375,11739.2197265625,11529.73046875,11662.91015625,3434040000
2020-10-23,2020-10-23T00:00:00Z,11680.73046875,11693.009765625,11569.08984375,11692.5703125,3145570000
2020-10-26,2020-10-26T00:00:00Z,11584.169921875,11708.080078125,11360.73046875,11504.51953125,3205100000
2020-10-27,2020-10-27T00:00:00Z,11560.8603515625,11633.490234375,11503.099609375,11598.9501953125,3104770000
2020-10-28,2020-10-28T00:00:00Z,11400.48046875,11426.099609375,11136.099609375,11142.759765625,3930690000
2020-10-29,2020-10-29T00:00:00Z,11214.330078125,11467.3701171875,11187.080078125,11350.740234375,3244190000
2020-10-30,2020-10-30T00:00:00Z,11265.7001953125,11293.759765625,10960.01953125,11052.9501953125,3671600000
2020-11-02,2020-11-02T00:00:00Z,11152.48046875,11222.51953125,10957.1103515625,11084.759765625,3209000000
2020-11-03,2020-11-03T00:00:00Z,11155.849609375,11356.080078125,11115.5498046875,11279.91015625,3216580000
2020-11-04,2020-11-04T00:00:00Z,11627.759765625,11846.4599609375,11564.91015625,11777.01953125,3620760000
2020-11-05,2020-11-05T00:00:00Z,12021.76953125,12117.0400390625,11977.0703125,12078.0703125,3848160000
2020-11-06,2020-11-06T00:00:00Z,12044.2900390625,12116.91015625,11895.5,12091.349609375,4183220000
2020-11-09,2020-11-09T00:00:00Z,12194.7099609375,12268.66015625,11818.240234375,11830.3896484375,5863900000
2020-11-10,2020-11-10T00:00:00Z,11704.4599609375,11761.9501953125,11512.4599609375,11624.2900390625,4736560000
2020-11-11,2020-11-11T00:00:00Z,11734.8095703125,11904.1298828125,11714.3203125,11892.9296875,3854680000
2020-11-12,2020-11-12T00:00:00Z,11924.150390625,11976.8896484375,11786.08984375,11827.1396484375,3886670000
2020-11-13,2020-11-13T00:00:00Z,11910.6201171875,11957.08984375,11808.9501953125,11937.83984375,3654230000
2020-11-16,2020-11-16T00:00:00Z,11925.3603515625,12035.5,11891.849609375,12013.3798828125,4172570000
2020-11-17,2020-11-17T00:00:00Z,12030.26953125,12047.1298828125,11964.2001953125,11977.490234375,4145030000
2020-11-18,2020-11-18T00:00:00Z,11963.3603515625,12027.150390625,11892.5400390625,11894.7099609375,4731420000
2020-11-19,2020-11-19T00:00:00Z,11863.1201171875,12000.2900390625,11842.66015625,11985.4296875,5385190000
2020-11-20,2020-11-20T00:00:00Z,11976.0,12017.419921875,11903.5703125,11906.4404296875,5350970000
2020-11-23,2020-11-23T00:00:00Z,11959.8896484375,12001.830078125,11817.5302734375,11905.9404296875,5473250000
2020-11-24,2020-11-24T00:00:00Z,11952.7001953125,12094.16015625,11878.3095703125,12079.8095703125,6339580000
2020-11-25,2020-11-25T00:00:00Z,12112.1103515625,12174.990234375,12081.509765625,12152.2197265625,4448640000
2020-11-27,2020-11-27T00:00:00Z,12220.3701171875,12306.7099609375,12214.4501953125,12258.2099609375,3401830000
2020-11-30,2020-11-30T00:00:00Z,12278.7802734375,12299.6103515625,12090.9296875,12268.3203125,7760390000
2020-12-01,2020-12-01T00:00:00Z,12387.6201171875,12510.01953125,12338.3603515625,12455.330078125,6512420000
2020-12-02,2020-12-02T00:00:00Z,12390.580078125,12472.25,12318.26953125,12456.41015625,5194960000
2020-12-03,2020-12-03T00:00:00Z,12469.16015625,12538.919921875,12445.3603515625,12467.1298828125,5209980000
2020-12-04,2020-12-04T00:00:00Z,12479.91015625,12531.2099609375,12450.509765625,12528.48046875,5086900000
2020-12-07,2020-12-07T00:00:00Z,12523.5703125,12610.0,12523.1201171875,12596.4697265625,4771820000
2020-12-08,2020-12-08T00:00:00Z,12574.83984375,12651.349609375,12504.9697265625,12635.7197265625,4809480000
2020-12-09,2020-12-09T00:00:00Z,12626.9697265625,12643.240234375,12311.2998046875,12364.6396484375,5168450000
2020-12-10,2020-12-10T00:00:00Z,12268.4697265625,12447.849609375,12226.1298828125,12401.740234375,4518580000
2020-12-11,2020-12-11T00:00:00Z,12327.0703125,12378.6103515625,12236.7998046875,12375.41015625,4292680000
2020-12-14,2020-12-14T00:00:00Z,12427.8603515625,12544.3095703125,12426.25,12462.2099609375,4491930000
2020-12-15,2020-12-15T00:00:00Z,12565.2802734375,12596.83984375,12467.5703125,12595.919921875,4423650000
2020-12-16,2020-12-16T00:00:00Z,12607.8701171875,12698.1103515625,12568.7099609375,12668.16015625,4592700000
2020-12-17,2020-12-17T00:00:00Z,12741.6396484375,12760.9697265625,12685.98046875,12752.0595703125,5029830000
2020-12-18,2020-12-18T00:00:00Z,12786.919921875,12793.4697265625,12611.2197265625,12738.1796875,7125800000
2020-12-21,2020-12-21T00:00:00Z,12575.599609375,12706.4404296875,12474.0302734375,12690.259765625,5192860000
2020-12-22,2020-12-22T00:00:00Z,12715.48046875,12761.23046875,12606.419921875,12717.5595703125,5811850000
2020-12-23,2020-12-23T00:00:00Z,12733.75,12737.58984375,12649.599609375,12653.1396484375,7100250000
2020-12-24,2020-12-24T00:00:00Z,12668.2001953125,12732.5498046875,12665.7998046875,12711.009765625,3305960000
2020-12-28,2020-12-28T00:00:00Z,12813.9697265625,12861.91015625,12747.0498046875,12838.8603515625,5109140000
2020-12-29,2020-12-29T00:00:00Z,12909.8603515625,12925.5302734375,12816.58984375,12843.490234375,4726920000
2020-12-30,2020-12-30T00:00:00Z,12900.0302734375,12917.4501953125,12828.7900390625,12845.3603515625,5343010000
2020-12-31,2020-12-31T00:00:00Z,12852.9599609375,12904.08984375,12804.75,12888.2802734375,4815840000
2021-01-04,2021-01-04T00:00:00Z,12950.2197265625,12950.2197265625,12537.419921875,12694.66015625,6636170000
2021-01-05,2021-01-05T00:00:00Z,12663.1298828125,12809.669921875,12663.1298828125,12802.3798828125,6971860000
2021-01-06,2021-01-06T00:00:00Z,12601.259765625,12803.2900390625,12569.419921875,12623.349609375,7689880000
2021-01-07,2021-01-07T00:00:00Z,12745.41015625,12966.6796875,12744.8203125,12939.5703125,6841480000
2021-01-08,2021-01-08T00:00:00Z,13037.240234375,13113.08984375,12939.73046875,13105.2001953125,7289390000
2021-01-11,2021-01-11T00:00:00Z,12961.5,13023.2099609375,12883.58984375,12902.490234375,6960470000
2021-01-12,2021-01-12T00:00:00Z,12916.099609375,12957.4296875,12783.7099609375,12892.08984375,7264070000
2021-01-13,2021-01-13T00:00:00Z,12911.8701171875,13008.849609375,12878.01953125,12973.6298828125,7104810000
2021-01-14,2021-01-14T00:00:00Z,13010.9404296875,13037.0498046875,12886.16015625,12898.6904296875,6734100000
2021-01-15,2021-01-15T00:00:00Z,12898.08984375,12941.2900390625,12758.099609375,12803.9296875,6458360000
2021-01-19,2021-01-19T00:00:00Z,12921.6103515625,13012.08984375,12861.2998046875,12996.5400390625,6297860000
2021-01-20,2021-01-20T00:00:00Z,13155.1201171875,13332.259765625,13138.2998046875,13296.4501953125,6820990000
2021-01-21,2021-01-21T00:00:00Z,13356.7001953125,13433.6904296875,13297.7900390625,13404.990234375,7258640000
2021-01-22,2021-01-22T00:00:00Z,13356.1796875,13404.76953125,13336.900390625,13366.400390625,5972750000
2021-01-25,2021-01-25T00:00:00Z,13515.6298828125,13563.7001953125,13205.58984375,13483.2900390625,7193710000
2021-01-26,2021-01-26T00:00:00Z,13507.4697265625,13536.2998046875,13440.3203125,13490.1904296875,6849600000
2021-01-27,2021-01-27T00:00:00Z,13371.16015625,13393.509765625,13034.1396484375,13112.650390625,11621190000
2021-01-28,2021-01-28T00:00:00Z,13163.3203125,13401.849609375,13150.099609375,13201.5302734375,9959270000
2021-01-29,2021-01-29T00:00:00Z,13124.7001953125,13167.8701171875,12845.4296875,12925.3798828125,7872250000
2021-02-01,2021-02-01T00:00:00Z,13067.650390625,13280.2197265625,12983.099609375,13248.900390625,7092520000
2021-02-02,2021-02-02T00:00:00Z,13371.3701171875,13501.23046875,13363.759765625,13456.1201171875,7325270000
2021-02-03,2021-02-03T00:00:00Z,13555.0302734375,13561.4501953125,13400.080078125,13402.3701171875,7546940000
2021-02-04,2021-02-04T00:00:00Z,13454.849609375,13563.1298828125,13406.4404296875,13560.8896484375,7295370000
2021-02-05,2021-02-05T00:00:00Z,13592.76953125,13642.9599609375,13527.8095703125,13603.9599609375,6792910000
2021-02-08,2021-02-08T00:00:00Z,13672.330078125,13698.41015625,13607.9599609375,13695.01953125,8564530000
2021-02-09,2021-02-09T00:00:00Z,13667.1396484375,13741.7900390625,13664.7001953125,13687.080078125,8766770000
2021-02-10,2021-02-10T00:00:00Z,13751.419921875,13770.91015625,13531.9296875,13655.26953125,10785930000
2021-02-11,2021-02-11T00:00:00Z,13723.6298828125,13747.2001953125,13637.1904296875,13734.349609375,10916780000
2021-02-12,2021-02-12T00:00:00Z,13695.900390625,13816.25,13656.7802734375,13807.7001953125,7416940000
2021-02-16,2021-02-16T00:00:00Z,13841.0302734375,13879.76953125,13726.7802734375,13773.76953125,7722100000
2021-02-17,2021-02-17T00:00:00Z,13636.150390625,13713.1396484375,13552.66015625,13699.7099609375,7280500000
2021-02-18,2021-02-18T00:00:00Z,13556.009765625,13669.9404296875,13477.169921875,13637.509765625,6499420000
2021-02-19,2021-02-19T00:00:00Z,13686.23046875,13701.6904296875,13545.4501953125,13580.7802734375,6737820000
2021-02-22,2021-02-22T00:00:00Z,13414.0400390625,13447.3701171875,13220.76953125,13223.740234375,6483740000
2021-02-23,2021-02-23T00:00:00Z,12982.3603515625,13259.849609375,12758.1201171875,13194.7099609375,7516510000
2021-02-24,2021-02-24T00:00:00Z,13095.8603515625,13312.4296875,12971.8203125,13302.1904296875,5886230000
2021-02-25,2021-02-25T00:00:00Z,13197.75,13294.5595703125,12773.759765625,12828.3095703125,6390380000
2021-02-26,2021-02-26T00:00:00Z,12958.9599609375,13090.3603515625,12764.33984375,12909.4404296875,5906110000
2021-03-01,2021-03-01T00:00:00Z,13106.01953125,13293.7802734375,13051.7001953125,13282.9501953125,5079530000
2021-03-02,2021-03-02T00:00:00Z,13297.759765625,13301.6201171875,13052.1201171875,13059.9501953125,4948140000
2021-03-03,2021-03-03T00:00:00Z,13020.099609375,13057.2900390625,12679.8896484375,12683.330078125,5529980000
2021-03-04,2021-03-04T00:00:00Z,12655.919921875,12799.080078125,12314.16015625,12464.0,7864380000
2021-03-05,2021-03-05T00:00:00Z,12594.16015625,12700.9599609375,12208.3896484375,12668.509765625,7725200000
2021-03-08,2021-03-08T00:00:00Z,12629.5595703125,12718.580078125,12287.5703125,12299.080078125,6010230000
2021-03-09,2021-03-09T00:00:00Z,12635.4501953125,12868.51953125,12592.830078125,12794.490234375,6345560000
2021-03-10,2021-03-10T00:00:00Z,12950.25,12979.3798828125,12726.849609375,12752.0703125,6023880000
2021-03-11,2021-03-11T00:00:00Z,12960.5302734375,13117.8603515625,12920.009765625,13052.900390625,6008850000
2021-03-12,2021-03-12T00:00:00Z,12873.3896484375,12943.580078125,12778.1298828125,12937.2900390625,5497210000
2021-03-15,2021-03-15T00:00:00Z,12936.1298828125,13085.009765625,12885.6396484375,13082.5400390625,5972370000
2021-03-16,2021-03-16T00:00:00Z,13156.650390625,13297.48046875,13091.7802734375,13152.2802734375,5493890000
2021-03-17,2021-03-17T00:00:00Z,13024.830078125,13280.2900390625,12950.080078125,13202.3798828125,5536110000
2021-03-18,2021-03-18T00:00:00Z,13006.2900390625,13040.3603515625,12781.5302734375,12789.1396484375,5739720000
2021-03-19,2021-03-19T00:00:00Z,12792.669921875,12906.01953125,12704.0703125,12866.990234375,7630590000
2021-03-22,2021-03-22T00:00:00Z,12943.1396484375,13167.4599609375,12943.1396484375,13086.509765625,5321760000
2021-03-23,2021-03-23T00:00:00Z,13127.169921875,13180.66015625,12993.5,13017.7900390625,5675010000
2021-03-24,2021-03-24T00:00:00Z,13072.8203125,13077.490234375,12797.849609375,12798.8798828125,6248650000
2021-03-25,2021-03-25T00:00:00Z,12707.580078125,12845.66015625,12627.9296875,12780.509765625,5634290000
2021-03-26,2021-03-26T00:00:00Z,12777.26953125,12992.2998046875,12721.66015625,12979.1201171875,5224360000
2021-03-29,2021-03-29T00:00:00Z,12950.509765625,13013.4697265625,12836.599609375,12965.740234375,4965090000
2021-03-30,2021-03-30T00:00:00Z,12904.009765625,12929.4599609375,12798.0302734375,12896.5302734375,4721950000
2021-03-31,2021-03-31T00:00:00Z,12970.330078125,13167.0595703125,12966.650390625,13091.4404296875,5004720000
2021-04-01,2021-04-01T00:00:00Z,13268.8798828125,13333.41015625,13255.8203125,13329.51953125,4576480000
2021-04-05,2021-04-05T00:00:00Z,13434.0400390625,13623.599609375,13420.8095703125,13598.16015625,4459000000
2021-04-06,2021-04-06T00:00:00Z,13567.2001953125,13660.2900390625,13551.599609375,13578.4599609375,4073710000
2021-04-07,2021-04-07T00:00:00Z,13553.900390625,13648.7998046875,13532.6298828125,13616.7001953125,4098740000
2021-04-08,2021-04-08T00:00:00Z,13730.73046875,13763.1796875,13703.509765625,13758.509765625,4153600000
2021-04-09,2021-04-09T00:00:00Z,13709.669921875,13849.3095703125,13674.919921875,13845.0595703125,3926110000
2021-04-12,2021-04-12T00:00:00Z,13792.740234375,13839.3896484375,13747.6298828125,13819.349609375,4250900000
2021-04-13,2021-04-13T00:00:00Z,13874.580078125,14002.5302734375,13874.580078125,13986.490234375,4219360000
2021-04-14,2021-04-14T00:00:00Z,13988.8603515625,13990.5400390625,13782.1796875,13803.91015625,4120770000
2021-04-15,2021-04-15T00:00:00Z,13934.8701171875,14040.1103515625,13931.009765625,14026.1904296875,4406880000
2021-04-16,2021-04-16T00:00:00Z,14035.9599609375,14050.3798828125,13966.5400390625,14041.91015625,4427780000
2021-04-19,2021-04-19T00:00:00Z,13970.830078125,14025.6396484375,13835.75,13907.669921875,4379610000
2021-04-20,2021-04-20T00:00:00Z,13891.9599609375,13934.8896484375,13730.58984375,13809.2998046875,4245120000
2021-04-21,2021-04-21T00:00:00Z,13768.919921875,13939.7001953125,13717.4404296875,13935.150390625,3999620000
2021-04-22,2021-04-22T00:00:00Z,13920.8798828125,13954.0302734375,13716.759765625,13762.3603515625,4420820000
2021-04-23,2021-04-23T00:00:00Z,13794.490234375,13989.4296875,13789.4501953125,13941.4404296875,4355100000
2021-04-26,2021-04-26T00:00:00Z,13954.9404296875,14039.400390625,13919.9296875,14026.16015625,4506210000
2021-04-27,2021-04-27T00:00:00Z,14048.1298828125,14048.33984375,13931.1796875,13960.2802734375,4691460000
2021-04-28,2021-04-28T00:00:00Z,13953.6103515625,13992.080078125,13895.150390625,13901.6201171875,4559710000
2021-04-29,2021-04-29T00:00:00Z,14063.9404296875,14073.48046875,13836.099609375,13970.2001953125,4928030000
2021-04-30,2021-04-30T00:00:00Z,13857.7900390625,13969.2099609375,13838.8203125,13860.759765625,4792460000
2021-05-03,2021-05-03T00:00:00Z,13923.0400390625,13955.0,13784.66015625,13799.7197265625,4761430000
2021-05-04,2021-05-04T00:00:00Z,13680.6298828125,13705.3798828125,13396.1103515625,13544.669921875,5879730000
2021-05-05,2021-05-05T00:00:00Z,13649.1201171875,13676.8603515625,13478.580078125,13503.3701171875,4535690000
2021-05-06,2021-05-06T00:00:00Z,13490.9404296875,13617.33984375,13403.4599609375,13613.73046875,5021400000
2021-05-07,2021-05-07T00:00:00Z,13715.5595703125,13814.650390625,13669.7802734375,13719.6298828125,4391100000
2021-05-10,2021-05-10T00:00:00Z,13647.73046875,13648.490234375,13358.6201171875,13359.080078125,4818670000
2021-05-11,2021-05-11T00:00:00Z,13102.6396484375,13381.66015625,13094.759765625,13351.26953125,4738390000
2021-05-12,2021-05-12T00:00:00Z,13155.0703125,13236.8896484375,12967.1796875,13001.6298828125,4752930000
2021-05-13,2021-05-13T00:00:00Z,13133.73046875,13226.6396484375,13006.76953125,13109.150390625,4698110000
2021-05-14,2021-05-14T00:00:00Z,13238.990234375,13430.0,13220.1904296875,13393.1201171875,4022610000
2021-05-17,2021-05-17T00:00:00Z,13329.8603515625,13350.1396484375,13196.5703125,13312.91015625,3997780000
2021-05-18,2021-05-18T00:00:00Z,13352.259765625,13400.51953125,13212.849609375,13217.6796875,4301300000
2021-05-19,2021-05-19T00:00:00Z,12998.5302734375,13243.98046875,12994.349609375,13237.91015625,4333520000
2021-05-20,2021-05-20T00:00:00Z,13294.58984375,13526.009765625,13293.099609375,13494.08984375,3990760000
2021-05-21,2021-05-21T00:00:00Z,13573.2197265625,13573.83984375,13401.5302734375,13411.740234375,3733940000
2021-05-24,2021-05-24T00:00:00Z,13504.3896484375,13687.6103515625,13500.1201171875,13641.75,3509470000
2021-05-25,2021-05-25T00:00:00Z,13701.2998046875,13734.41015625,13614.5400390625,13657.73046875,4128990000
2021-05-26,2021-05-26T00:00:00Z,13687.7099609375,13726.0595703125,13661.0595703125,13702.740234375,4264500000
2021-05-27,2021-05-27T00:00:00Z,13686.8603515625,13724.759765625,13652.1298828125,13657.849609375,5087180000
2021-05-28,2021-05-28T00:00:00Z,13717.0,13765.7998046875,13684.830078125,13686.509765625,4447940000
2021-06-01,2021-06-01T00:00:00Z,13764.26953125,13773.4501953125,13602.1201171875,13654.58984375,4186280000
2021-06-02,2021-06-02T00:00:00Z,13655.7099609375,13712.6796875,13610.16015625,13675.7900390625,5097630000
2021-06-03,2021-06-03T00:00:00Z,13568.91015625,13608.5400390625,13469.849609375,13529.6796875,5396250000
2021-06-04,2021-06-04T00:00:00Z,13619.7900390625,13784.76953125,13613.580078125,13770.76953125,4360710000
2021-06-07,2021-06-07T00:00:00Z,13744.150390625,13808.419921875,13710.1103515625,13802.8896484375,4639210000
2021-06-08,2021-06-08T00:00:00Z,13873.4599609375,13913.400390625,13746.419921875,13810.8603515625,5958410000
2021-06-09,2021-06-09T00:00:00Z,13865.509765625,13900.7099609375,13811.0498046875,13814.9404296875,5640490000
2021-06-10,2021-06-10T00:00:00Z,13834.259765625,13962.98046875,13817.830078125,13960.349609375,4919880000
2021-06-11,2021-06-11T00:00:00Z,13959.4697265625,13998.650390625,13934.0,13998.2998046875,4157580000
2021-06-14,2021-06-14T00:00:00Z,14002.1396484375,14129.330078125,13963.9404296875,14128.2001953125,4415160000
2021-06-15,2021-06-15T00:00:00Z,14120.8095703125,14126.259765625,14008.9296875,14030.41015625,4554580000
2021-06-16,2021-06-16T00:00:00Z,14053.1201171875,14100.1103515625,13843.599609375,13983.009765625,4683030000
2021-06-17,2021-06-17T00:00:00Z,13946.7001953125,14205.4296875,13946.51953125,14163.8095703125,4558280000
2021-06-18,2021-06-18T00:00:00Z,14125.1201171875,14140.6201171875,14024.599609375,14049.580078125,6126070000
2021-06-21,2021-06-21T00:00:00Z,14055.0400390625,14150.91015625,13967.8896484375,14137.23046875,4562010000
2021-06-22,2021-06-22T00:00:00Z,14140.2998046875,14288.490234375,14128.009765625,14270.419921875,4433140000
2021-06-23,2021-06-23T00:00:00Z,14275.08984375,14324.740234375,14247.580078125,14274.240234375,4417470000
2021-06-24,2021-06-24T00:00:00Z,14358.2998046875,14429.1396484375,14337.650390625,14365.9599609375,4324620000
2021-06-25,2021-06-25T00:00:00Z,14396.6298828125,14401.7099609375,14324.259765625,14345.1796875,7468090000
2021-06-28,2021-06-28T00:00:00Z,14401.6298828125,14530.0703125,14400.58984375,14524.98046875,4283000000
2021-06-29,2021-06-29T00:00:00Z,14523.6298828125,14575.1904296875,14481.849609375,14572.75,4901300000
2021-06-30,2021-06-30T00:00:00Z,14560.0703125,14582.2998046875,14530.8701171875,14554.7998046875,5293810000
2021-07-01,2021-07-01T00:00:00Z,14530.6298828125,14576.6396484375,14483.419921875,14560.0498046875,4410470000
2021-07-02,2021-07-02T00:00:00Z,14633.509765625,14738.1396484375,14626.8203125,14727.6298828125,3751420000
2021-07-06,2021-07-06T00:00:00Z,14755.150390625,14797.4501953125,14635.3095703125,14786.3603515625,4489540000
2021-07-07,2021-07-07T00:00:00Z,14889.759765625,14891.1904296875,14735.75,14810.5400390625,4605630000
2021-07-08,2021-07-08T00:00:00Z,14577.669921875,14763.669921875,14551.759765625,14722.1396484375,4575010000
2021-07-09,2021-07-09T00:00:00Z,14709.3203125,14838.7197265625,14685.5400390625,14826.08984375,3826500000
2021-07-12,2021-07-12T00:00:00Z,14878.7099609375,14899.4599609375,14813.7900390625,14877.8896484375,3897090000
2021-07-13,2021-07-13T00:00:00Z,14871.0400390625,15002.2802734375,14843.7998046875,14874.5400390625,4583460000
2021-07-14,2021-07-14T00:00:00Z,14984.8603515625,15001.1298828125,14871.73046875,14900.4404296875,4496220000
2021-07-15,2021-07-15T00:00:00Z,14903.490234375,14907.509765625,14717.5498046875,14794.6904296875,4512550000
2021-07-16,2021-07-16T00:00:00Z,14842.080078125,14875.9697265625,14667.099609375,14681.3798828125,4069530000
2021-07-19,2021-07-19T00:00:00Z,14517.9599609375,14578.9599609375,14455.0703125,14549.08984375,4537130000
2021-07-20,2021-07-20T00:00:00Z,14601.33984375,14790.599609375,14530.7802734375,14728.2099609375,4652450000
2021-07-21,2021-07-21T00:00:00Z,14723.669921875,14843.169921875,14710.1103515625,14842.6298828125,4098520000
2021-07-22,2021-07-22T00:00:00Z,14865.4697265625,14941.3798828125,14865.4697265625,14940.169921875,3597540000
2021-07-23,2021-07-23T00:00:00Z,15004.4296875,15125.83984375,14948.0400390625,15111.7900390625,3997250000
2021-07-26,2021-07-26T00:00:00Z,15088.2802734375,15142.349609375,15048.23046875,15125.9501953125,4437090000
2021-07-27,2021-07-27T00:00:00Z,15103.009765625,15107.740234375,14787.7998046875,14956.9697265625,4329230000
2021-07-28,2021-07-28T00:00:00Z,15005.169921875,15078.849609375,14913.5498046875,15018.099609375,4268210000
2021-07-29,2021-07-29T00:00:00Z,15015.2998046875,15091.9599609375,15004.419921875,15048.3603515625,3928640000
2021-07-30,2021-07-30T00:00:00Z,14882.3896484375,14990.8603515625,14882.3896484375,14959.900390625,3645050000
2021-08-02,2021-08-02T00:00:00Z,15046.099609375,15059.8896484375,14945.1298828125,14963.6201171875,3746130000
2021-08-03,2021-08-03T00:00:00Z,14997.2001953125,15063.66015625,14864.5302734375,15061.419921875,4141370000
2021-08-04,2021-08-04T00:00:00Z,15059.16015625,15117.3798828125,15017.1396484375,15083.3896484375,4337330000
2021-08-05,2021-08-05T00:00:00Z,15105.400390625,15184.26953125,15083.83984375,15181.6396484375,4107300000
2021-08-06,2021-08-06T00:00:00Z,15125.740234375,15162.33984375,15063.01953125,15109.3603515625,4173090000
2021-08-09,2021-08-09T00:00:00Z,15136.1396484375,15154.6796875,15081.75,15133.1103515625,4111640000
2021-08-10,2021-08-10T00:00:00Z,15157.3701171875,15169.4501953125,15010.16015625,15053.580078125,3991770000
2021-08-11,2021-08-11T00:00:00Z,15101.8203125,15127.7802734375,14972.599609375,15027.759765625,4002340000
2021-08-12,2021-08-12T00:00:00Z,15012.599609375,15097.91015625,14956.25,15088.98046875,4049000000
2021-08-13,2021-08-13T00:00:00Z,15101.83984375,15150.48046875,15079.2998046875,15136.6796875,4061070000
2021-08-16,2021-08-16T00:00:00Z,15090.0498046875,15142.0302734375,14931.150390625,15140.76953125,3973920000
2021-08-17,2021-08-17T00:00:00Z,15018.9404296875,15062.7001953125,14906.2197265625,15002.830078125,4168880000
2021-08-18,2021-08-18T00:00:00Z,14975.01953125,15039.900390625,14846.509765625,14857.919921875,3841840000
2021-08-19,2021-08-19T00:00:00Z,14773.1904296875,15000.1904296875,14773.1904296875,14933.9404296875,4191490000
2021-08-20,2021-08-20T00:00:00Z,14974.0595703125,15103.9404296875,14968.8701171875,15092.5703125,3886340000
2021-08-23,2021-08-23T00:00:00Z,15140.1396484375,15341.4697265625,15140.1396484375,15312.8203125,3906780000
2021-08-24,2021-08-24T00:00:00Z,15338.919921875,15384.419921875,15319.5498046875,15357.6796875,3809750000
2021-08-25,2021-08-25T00:00:00Z,15384.830078125,15404.3603515625,15341.919921875,15368.919921875,3654150000
2021-08-26,2021-08-26T00:00:00Z,15348.98046875,15369.2802734375,15265.23046875,15278.51953125,3630900000
2021-08-27,2021-08-27T00:00:00Z,15305.75,15447.0302734375,15292.740234375,15432.9501953125,4048610000
2021-08-30,2021-08-30T00:00:00Z,15460.9296875,15620.6201171875,15459.740234375,15605.08984375,4061760000
2021-08-31,2021-08-31T00:00:00Z,15601.33984375,15604.4501953125,15522.7802734375,15582.509765625,4188020000
2021-09-01,2021-09-01T00:00:00Z,15637.1298828125,15696.419921875,15603.669921875,15611.5703125,4271690000
2021-09-02,2021-09-02T00:00:00Z,15656.2802734375,15681.759765625,15554.2900390625,15604.25,4050510000
2021-09-03,2021-09-03T00:00:00Z,15578.9599609375,15668.1201171875,15554.9697265625,15652.8603515625,3706990000
2021-09-07,2021-09-07T00:00:00Z,15662.2998046875,15701.400390625,15610.23046875,15675.759765625,4014250000
2021-09-08,2021-09-08T00:00:00Z,15669.009765625,15669.009765625,15528.4501953125,15620.849609375,4131560000
2021-09-09,2021-09-09T00:00:00Z,15639.4404296875,15675.4599609375,15556.740234375,15561.0498046875,4031140000
2021-09-10,2021-09-10T00:00:00Z,15648.0498046875,15673.5,15433.4296875,15440.75,4587150000
2021-09-13,2021-09-13T00:00:00Z,15545.66015625,15562.2802734375,15351.7001953125,15434.5,4723370000
2021-09-14,2021-09-14T00:00:00Z,15505.7802734375,15525.9697265625,15352.0595703125,15382.900390625,4593140000
2021-09-15,2021-09-15T00:00:00Z,15419.9501953125,15518.9501953125,15316.400390625,15503.5302734375,4465140000
2021-09-16,2021-09-16T00:00:00Z,15452.669921875,15539.1396484375,15370.8798828125,15515.91015625,3701500000
2021-09-17,2021-09-17T00:00:00Z,15481.4296875,15485.2099609375,15291.0400390625,15333.4697265625,6709540000
2021-09-20,2021-09-20T00:00:00Z,15068.650390625,15157.259765625,14821.0302734375,15012.1904296875,4879490000
2021-09-21,2021-09-21T00:00:00Z,15096.9697265625,15139.900390625,14986.98046875,15027.76953125,4083010000
2021-09-22,2021-09-22T00:00:00Z,15073.9599609375,15230.33984375,15029.900390625,15176.509765625,4252490000
2021-09-23,2021-09-23T00:00:00Z,15231.2001953125,15356.919921875,15199.4296875,15316.580078125,4196130000
2021-09-24,2021-09-24T00:00:00Z,15222.9697265625,15345.5400390625,15209.16015625,15329.6796875,3992150000
2021-09-27,2021-09-27T00:00:00Z,15205.23046875,15240.580078125,15106.4501953125,15204.8203125,4650790000
2021-09-28,2021-09-28T00:00:00Z,15001.98046875,15040.5703125,14758.98046875,14770.2998046875,4989510000
2021-09-29,2021-09-29T00:00:00Z,14835.509765625,14914.919921875,14727.41015625,14752.8896484375,5294600000
2021-09-30,2021-09-30T00:00:00Z,14830.2998046875,14888.2197265625,14684.5498046875,14689.6201171875,5950950000
2021-10-01,2021-10-01T00:00:00Z,14731.3798828125,14830.83984375,14555.1201171875,14791.8701171875,4710720000
2021-10-04,2021-10-04T00:00:00Z,14713.599609375,14727.599609375,14384.9296875,14472.1201171875,4557110000
2021-10-05,2021-10-05T00:00:00Z,14533.4296875,14763.6396484375,14520.23046875,14674.150390625,4176390000
2021-10-06,2021-10-06T00:00:00Z,14529.8896484375,14775.6396484375,14499.48046875,14766.75,4465910000
2021-10-07,2021-10-07T00:00:00Z,14899.0703125,15010.3203125,14878.2197265625,14897.1298828125,3984180000
2021-10-08,2021-10-08T00:00:00Z,14942.3603515625,14948.349609375,14805.5,14820.75,3571380000
2021-10-11,2021-10-11T00:00:00Z,14765.6904296875,14907.5703125,14709.0498046875,14713.73046875,3539540000
2021-10-12,2021-10-12T00:00:00Z,14772.2900390625,14784.7802734375,14636.330078125,14662.1103515625,4063830000
2021-10-13,2021-10-13T00:00:00Z,14751.7998046875,14800.830078125,14676.580078125,14774.599609375,4053580000
2021-10-14,2021-10-14T00:00:00Z,14925.580078125,15059.8896484375,14901.58984375,15052.419921875,4262400000
2021-10-15,2021-10-15T00:00:00Z,15106.9697265625,15150.1396484375,15064.58984375,15146.919921875,4494440000
2021-10-18,2021-10-18T00:00:00Z,15091.580078125,15307.509765625,15074.7099609375,15300.8896484375,4167740000
2021-10-19,2021-10-19T00:00:00Z,15349.4501953125,15414.9697265625,15320.6201171875,15410.7197265625,4483400000
2021-10-20,2021-10-20T00:00:00Z,15448.0,15457.1103515625,15333.4296875,15388.7099609375,4117050000
2021-10-21,2021-10-21T00:00:00Z,15365.8095703125,15497.580078125,15350.5,15489.58984375,4961860000
2021-10-22,2021-10-22T00:00:00Z,15422.0703125,15474.2802734375,15291.9501953125,15355.0703125,5775770000
2021-10-25,2021-10-25T00:00:00Z,15417.25,15555.650390625,15338.490234375,15514.1904296875,5750200000
2021-10-26,2021-10-26T00:00:00Z,15615.3603515625,15710.7900390625,15518.58984375,15559.490234375,7173230000
2021-10-27,2021-10-27T00:00:00Z,15603.16015625,15729.75,15578.6796875,15598.3896484375,6130110000
2021-10-28,2021-10-28T00:00:00Z,15674.3896484375,15784.0,15650.009765625,15778.16015625,5714890000
2021-10-29,2021-10-29T00:00:00Z,15638.740234375,15856.900390625,15638.740234375,15850.4697265625,5338290000
2021-11-01,2021-11-01T00:00:00Z,15879.6103515625,15910.349609375,15785.3095703125,15905.2802734375,5273950000
2021-11-02,2021-11-02T00:00:00Z,15885.33984375,15988.330078125,15877.26953125,15972.490234375,5129370000
2021-11-03,2021-11-03T00:00:00Z,16000.599609375,16157.599609375,15950.58984375,16144.5,5325110000
2021-11-04,2021-11-04T00:00:00Z,16193.2197265625,16387.94921875,16169.5595703125,16346.240234375,5297250000
2021-11-05,2021-11-05T00:00:00Z,16397.58984375,16454.48046875,16302.0595703125,16359.3798828125,5566400000
2021-11-08,2021-11-08T00:00:00Z,16351.490234375,16401.9296875,16314.0,16336.0302734375,5723650000
2021-11-09,2021-11-09T00:00:00Z,16389.990234375,16401.890625,16168.6298828125,16219.9404296875,5574660000
2021-11-10,2021-11-10T00:00:00Z,16087.01953125,16224.509765625,15905.2802734375,15985.5703125,5369110000
2021-11-11,2021-11-11T00:00:00Z,16114.0498046875,16116.25,16019.3896484375,16032.4697265625,4570460000
2021-11-12,2021-11-12T00:00:00Z,16078.1298828125,16218.5498046875,16012.7802734375,16199.8896484375,5446540000
2021-11-15,2021-11-15T00:00:00Z,16227.009765625,16256.73046875,16096.3701171875,16189.1201171875,5020180000
2021-11-16,2021-11-16T00:00:00Z,16170.2900390625,16329.5,16156.6904296875,16309.76953125,5533020000
2021-11-17,2021-11-17T00:00:00Z,16329.0703125,16398.94921875,16276.76953125,16308.0703125,5049320000
2021-11-18,2021-11-18T00:00:00Z,16398.759765625,16501.919921875,16309.509765625,16482.970703125,5391360000
2021-11-19,2021-11-19T00:00:00Z,16558.560546875,16625.859375,16523.830078125,16573.33984375,4875310000
2021-11-22,2021-11-22T00:00:00Z,16644.76953125,16764.859375,16374.7802734375,16380.98046875,5567830000
2021-11-23,2021-11-23T00:00:00Z,16330.1796875,16417.5,16121.7001953125,16306.7197265625,5434380000
2021-11-24,2021-11-24T00:00:00Z,16202.259765625,16370.5595703125,16106.01953125,16367.8095703125,4197090000
2021-11-26,2021-11-26T00:00:00Z,16237.41015625,16302.580078125,15988.9501953125,16025.580078125,3502170000
2021-11-29,2021-11-29T00:00:00Z,16263.4296875,16437.16015625,16214.5595703125,16399.240234375,4836230000
2021-11-30,2021-11-30T00:00:00Z,16333.9501953125,16454.560546875,16073.759765625,16135.919921875,6631470000
2021-12-01,2021-12-01T00:00:00Z,16347.9599609375,16427.189453125,15864.0,15877.7197265625,6320260000
2021-12-02,2021-12-02T00:00:00Z,15791.2998046875,16066.3203125,15770.919921875,15990.759765625,5418340000
2021-12-03,2021-12-03T00:00:00Z,16039.41015625,16089.6103515625,15543.3095703125,15712.0400390625,5900290000
2021-12-06,2021-12-06T00:00:00Z,15744.91015625,15898.58984375,15557.7802734375,15846.16015625,5115230000
2021-12-07,2021-12-07T00:00:00Z,16139.5595703125,16343.669921875,16128.4404296875,16325.66015625,5116490000
2021-12-08,2021-12-08T00:00:00Z,16313.8798828125,16401.099609375,16250.3896484375,16394.33984375,4615390000
2021-12-09,2021-12-09T00:00:00Z,16337.8095703125,16413.279296875,16141.3896484375,16149.5703125,4515600000
2021-12-10,2021-12-10T00:00:00Z,16278.2998046875,16339.1201171875,16139.0,16331.98046875,4426210000
2021-12-13,2021-12-13T00:00:00Z,16317.900390625,16332.6298828125,16075.5400390625,16082.5498046875,4573920000
2021-12-14,2021-12-14T00:00:00Z,15877.650390625,15995.2099609375,15742.7998046875,15914.900390625,4865990000
2021-12-15,2021-12-15T00:00:00Z,15908.4501953125,16301.26953125,15746.9404296875,16289.58984375,5343920000
2021-12-16,2021-12-16T00:00:00Z,16335.0302734375,16340.5302734375,15802.6298828125,15863.9404296875,4906480000
2021-12-17,2021-12-17T00:00:00Z,15714.5400390625,15960.25,15664.099609375,15801.4599609375,7668770000
2021-12-20,2021-12-20T00:00:00Z,15566.830078125,15662.6103515625,15508.740234375,15627.6396484375,4602640000
2021-12-21,2021-12-21T00:00:00Z,15794.3798828125,15997.6103515625,15617.48046875,15986.2802734375,4581720000
2021-12-22,2021-12-22T00:00:00Z,15963.5400390625,16186.25,15947.5595703125,16180.1396484375,4107900000
2021-12-23,2021-12-23T00:00:00Z,16203.759765625,16360.75,16188.0302734375,16308.2099609375,3935010000
2021-12-27,2021-12-27T00:00:00Z,16361.0703125,16567.640625,16361.0703125,16567.5,3743920000
2021-12-28,2021-12-28T00:00:00Z,16602.919921875,16607.189453125,16458.490234375,16488.66015625,3648500000
2021-12-29,2021-12-29T00:00:00Z,16510.630859375,16548.919921875,16396.16015625,16491.009765625,3714380000
2021-12-30,2021-12-30T00:00:00Z,16485.400390625,16569.619140625,16415.119140625,16429.099609375,3750920000
2021-12-31,2021-12-31T00:00:00Z,16411.259765625,16464.619140625,16317.259765625,16320.080078125,3392580000
2022-01-03,2022-01-03T00:00:00Z,16395.509765625,16504.140625,16306.6396484375,16501.76953125,4429960000
2022-01-04,2022-01-04T00:00:00Z,16513.869140625,16513.869140625,16151.900390625,16279.73046875,5131110000
2022-01-05,2022-01-05T00:00:00Z,16190.5498046875,16249.23046875,15763.83984375,15771.7802734375,5031850000
2022-01-06,2022-01-06T00:00:00Z,15675.2197265625,15900.599609375,15608.5703125,15765.3603515625,4790820000
2022-01-07,2022-01-07T00:00:00Z,15774.1298828125,15835.0,15526.7998046875,15592.1904296875,4238070000
2022-01-10,2022-01-10T00:00:00Z,15383.1796875,15627.919921875,15165.5302734375,15614.4296875,5317180000
2022-01-11,2022-01-11T00:00:00Z,15582.7197265625,15848.5595703125,15496.91015625,15844.1201171875,4390710000
2022-01-12,2022-01-12T00:00:00Z,15955.48046875,16017.3896484375,15815.9501953125,15905.099609375,4338530000
2022-01-13,2022-01-13T00:00:00Z,15970.08984375,15990.3798828125,15468.08984375,15495.6201171875,4302020000
2022-01-14,2022-01-14T00:00:00Z,15396.4697265625,15617.1796875,15396.4697265625,15611.58984375,4374020000
2022-01-18,2022-01-18T00:00:00Z,15378.0595703125,15446.2998046875,15182.9599609375,15210.759765625,5060790000
2022-01-19,2022-01-19T00:00:00Z,15287.25,15382.0,15038.4404296875,15047.83984375,4665340000
2022-01-20,2022-01-20T00:00:00Z,15176.3798828125,15347.6201171875,14832.6904296875,14846.4599609375,5102050000
2022-01-21,2022-01-21T00:00:00Z,14728.66015625,14868.4501953125,14432.6396484375,14438.400390625,5870830000
2022-01-24,2022-01-24T00:00:00Z,14160.91015625,14532.5703125,13724.849609375,14509.580078125,6998770000
2022-01-25,2022-01-25T00:00:00Z,14237.599609375,14410.4296875,14033.8095703125,14149.1201171875,5019380000
2022-01-26,2022-01-26T00:00:00Z,14492.51953125,14646.5400390625,14006.400390625,14172.759765625,5771140000
2022-01-27,2022-01-27T00:00:00Z,14346.4599609375,14419.4501953125,13972.8798828125,14003.1103515625,5177380000
2022-01-28,2022-01-28T00:00:00Z,14091.3095703125,14457.7802734375,13880.48046875,14454.6103515625,4971930000
2022-01-31,2022-01-31T00:00:00Z,14505.0703125,14934.51953125,14442.8798828125,14930.0498046875,5124940000
2022-02-01,2022-02-01T00:00:00Z,14966.599609375,15034.419921875,14749.490234375,15019.6796875,4671850000
2022-02-02,2022-02-02T00:00:00Z,15173.0302734375,15196.400390625,14960.849609375,15139.740234375,4673140000
2022-02-03,2022-02-03T00:00:00Z,14693.849609375,14856.509765625,14471.2001953125,14501.1103515625,4326300000
2022-02-04,2022-02-04T00:00:00Z,14566.2802734375,14832.0498046875,14452.2802734375,14694.349609375,4121340000
2022-02-07,2022-02-07T00:00:00Z,14716.4296875,14813.8603515625,14524.6298828125,14571.25,4268730000
2022-02-08,2022-02-08T00:00:00Z,14533.25,14785.2197265625,14485.7802734375,14747.0302734375,4293770000
2022-02-09,2022-02-09T00:00:00Z,14930.990234375,15057.900390625,14870.3603515625,15056.9599609375,4729730000
2022-02-10,2022-02-10T00:00:00Z,14770.6796875,15037.259765625,14636.6201171875,14705.6396484375,5212510000
2022-02-11,2022-02-11T00:00:00Z,14739.4599609375,14769.6396484375,14194.5400390625,14253.83984375,5237320000
2022-02-14,2022-02-14T00:00:00Z,14233.400390625,14400.7802734375,14119.73046875,14268.58984375,4347350000
2022-02-15,2022-02-15T00:00:00Z,14482.1103515625,14624.5302734375,14444.4599609375,14620.8203125,4416840000
2022-02-16,2022-02-16T00:00:00Z,14514.83984375,14647.7900390625,14399.2900390625,14603.6396484375,4238560000
2022-02-17,2022-02-17T00:00:00Z,14485.080078125,14497.4599609375,14155.4296875,14171.740234375,4278370000
2022-02-18,2022-02-18T00:00:00Z,14207.5498046875,14225.7197265625,13918.759765625,14009.5400390625,4501940000
2022-02-22,2022-02-22T00:00:00Z,13892.8095703125,14109.259765625,13720.919921875,13870.5302734375,4849170000
2022-02-23,2022-02-23T00:00:00Z,14016.9404296875,14035.9296875,13502.580078125,13509.4296875,4639330000
2022-02-24,2022-02-24T00:00:00Z,13065.4404296875,13989.099609375,13065.4404296875,13974.669921875,6180200000
2022-02-25,2022-02-25T00:00:00Z,13973.900390625,14193.0,13850.2900390625,14189.16015625,4628720000
2022-02-28,2022-02-28T00:00:00Z,14058.6103515625,14296.599609375,14009.3603515625,14237.8095703125,5928130000
2022-03-01,2022-03-01T00:00:00Z,14197.66015625,14271.580078125,13906.919921875,14005.990234375,6131350000
2022-03-02,2022-03-02T00:00:00Z,14075.1103515625,14292.7197265625,13962.6904296875,14243.6904296875,5246390000
2022-03-03,2022-03-03T00:00:00Z,14339.7001953125,14342.5595703125,13965.1103515625,14035.2099609375,5092580000
2022-03-04,2022-03-04T00:00:00Z,13957.599609375,13992.9697265625,13738.6103515625,13837.830078125,5343900000
2022-03-07,2022-03-07T00:00:00Z,13853.5302734375,13879.099609375,13314.4404296875,13319.3798828125,6195370000
2022-03-08,2022-03-08T00:00:00Z,13275.23046875,13663.26953125,13129.400390625,13267.6103515625,6683960000
2022-03-09,2022-03-09T00:00:00Z,13610.48046875,13793.1103515625,13504.48046875,13742.2001953125,5396550000
2022-03-10,2022-03-10T00:00:00Z,13577.83984375,13633.6904296875,13399.4599609375,13591.0,5071250000
2022-03-11,2022-03-11T00:00:00Z,13701.7998046875,13714.4404296875,13285.1904296875,13301.830078125,5288210000
2022-03-14,2022-03-14T00:00:00Z,13248.08984375,13386.669921875,13020.400390625,13046.6396484375,5876710000
2022-03-15,2022-03-15T00:00:00Z,13174.9697265625,13488.1796875,13092.4501953125,13458.5595703125,5440100000
2022-03-16,2022-03-16T00:00:00Z,13633.1201171875,13960.25,13475.08984375,13956.7900390625,6552210000
2022-03-17,2022-03-17T00:00:00Z,13878.990234375,14125.669921875,13827.33984375,14118.599609375,5612090000
2022-03-18,2022-03-18T00:00:00Z,14061.2900390625,14427.4697265625,14014.4296875,14420.080078125,8149290000
2022-03-21,2022-03-21T00:00:00Z,14377.150390625,14470.6796875,14190.5302734375,14376.08984375,5673940000
2022-03-22,2022-03-22T00:00:00Z,14396.0302734375,14688.9697265625,14385.5498046875,14654.330078125,5445100000
2022-03-23,2022-03-23T00:00:00Z,14525.2197265625,14681.330078125,14446.0400390625,14447.5498046875,5024230000
2022-03-24,2022-03-24T00:00:00Z,14529.7197265625,14767.73046875,14440.669921875,14765.6904296875,5149520000
2022-03-25,2022-03-25T00:00:00Z,14766.900390625,14805.8798828125,14577.58984375,14754.3095703125,5585100000
2022-03-28,2022-03-28T00:00:00Z,14763.16015625,14989.080078125,14705.919921875,14987.400390625,5129500000
2022-03-29,2022-03-29T00:00:00Z,15142.9296875,15265.419921875,15039.6103515625,15239.3203125,6060890000
2022-03-30,2022-03-30T00:00:00Z,15177.150390625,15229.009765625,15010.33984375,15071.5498046875,5479200000
2022-03-31,2022-03-31T00:00:00Z,15074.23046875,15088.3798828125,14835.16015625,14838.490234375,5453890000
2022-04-01,2022-04-01T00:00:00Z,14886.91015625,14925.9296875,14723.830078125,14861.2099609375,5002790000
2022-04-04,2022-04-04T00:00:00Z,14903.3798828125,15161.8896484375,14884.5703125,15159.580078125,4630100000
2022-04-05,2022-04-05T00:00:00Z,15109.26953125,15120.669921875,14782.5703125,14820.6396484375,4727710000
2022-04-06,2022-04-06T00:00:00Z,14600.2998046875,14639.349609375,14395.400390625,14498.8896484375,5360420000
2022-04-07,2022-04-07T00:00:00Z,14469.5,14624.240234375,14315.6904296875,14531.8095703125,4856090000
2022-04-08,2022-04-08T00:00:00Z,14450.5302734375,14490.1904296875,14307.6796875,14327.259765625,4574080000
2022-04-11,2022-04-11T00:00:00Z,14149.599609375,14187.669921875,13979.1396484375,13990.2099609375,4946680000
2022-04-12,2022-04-12T00:00:00Z,14175.66015625,14264.740234375,13882.75,13940.240234375,4991720000
2022-04-13,2022-04-13T00:00:00Z,13939.6103515625,14258.8095703125,13919.48046875,14217.2900390625,4909720000
2022-04-14,2022-04-14T00:00:00Z,14225.4697265625,14235.3896484375,13884.8203125,13893.2099609375,4642240000
2022-04-18,2022-04-18T00:00:00Z,13859.4697265625,13997.9296875,13788.9599609375,13910.759765625,4365230000
2022-04-19,2022-04-19T00:00:00Z,13882.75,14236.509765625,13844.740234375,14210.259765625,4562840000
2022-04-20,2022-04-20T00:00:00Z,14246.2001953125,14263.6103515625,13962.8603515625,13998.5302734375,4678930000
2022-04-21,2022-04-21T00:00:00Z,14174.919921875,14277.2099609375,13682.6796875,13720.4501953125,5233110000
2022-04-22,2022-04-22T00:00:00Z,13714.6298828125,13769.400390625,13342.7900390625,13356.8701171875,4475090000
2022-04-25,2022-04-25T00:00:00Z,13275.41015625,13541.76953125,13239.73046875,13533.2197265625,4845160000
2022-04-26,2022-04-26T00:00:00Z,13447.66015625,13447.66015625,13009.650390625,13009.7099609375,5168160000
2022-04-27,2022-04-27T00:00:00Z,13009.400390625,13241.9404296875,12936.41015625,13003.3603515625,4810720000
2022-04-28,2022-04-28T00:00:00Z,13254.9599609375,13542.5595703125,13038.169921875,13456.0595703125,5067150000
2022-04-29,2022-04-29T00:00:00Z,13274.9404296875,13428.5302734375,12835.48046875,12854.7998046875,4733070000
2022-05-02,2022-05-02T00:00:00Z,12864.830078125,13083.5703125,12716.6298828125,13075.849609375,4918240000
2022-05-03,2022-05-03T00:00:00Z,13045.349609375,13178.740234375,12982.7001953125,13089.900390625,4547280000
2022-05-04,2022-05-04T00:00:00Z,13110.2998046875,13556.669921875,12887.5302734375,13535.7099609375,5498050000
2022-05-05,2022-05-05T00:00:00Z,13344.7900390625,13344.7900390625,12710.58984375,12850.5498046875,5308920000
2022-05-06,2022-05-06T00:00:00Z,12776.8603515625,12926.580078125,12522.76953125,12693.5302734375,5324480000
2022-05-09,2022-05-09T00:00:00Z,12465.91015625,12542.3203125,12136.1904296875,12187.7197265625,5939140000
2022-05-10,2022-05-10T00:00:00Z,12496.83984375,12537.8896484375,12173.4697265625,12345.8603515625,6218260000
2022-05-11,2022-05-11T00:00:00Z,12240.2099609375,12470.8896484375,11939.08984375,11967.5595703125,6152370000
2022-05-12,2022-05-12T00:00:00Z,11790.1298828125,12128.73046875,11692.1201171875,11945.5,6679470000
2022-05-13,2022-05-13T00:00:00Z,12125.9296875,12429.2802734375,12069.1298828125,12387.400390625,5894020000
2022-05-16,2022-05-16T00:00:00Z,12297.0703125,12395.509765625,12196.2099609375,12243.580078125,4930250000
2022-05-17,2022-05-17T00:00:00Z,12496.6298828125,12572.990234375,12333.990234375,12564.099609375,5093960000
2022-05-18,2022-05-18T00:00:00Z,12352.919921875,12389.9599609375,11887.0,11928.3095703125,5064120000
2022-05-19,2022-05-19T00:00:00Z,11872.5595703125,12066.849609375,11795.7900390625,11875.6298828125,5154410000
2022-05-20,2022-05-20T00:00:00Z,12037.0302734375,12044.7001953125,11492.2900390625,11835.6201171875,5434370000
2022-05-23,2022-05-23T00:00:00Z,11867.080078125,12047.8095703125,11785.759765625,12034.2802734375,4552200000
2022-05-24,2022-05-24T00:00:00Z,11807.7802734375,11842.8095703125,11576.1103515625,11769.83984375,4724430000
2022-05-25,2022-05-25T00:00:00Z,11732.4501953125,12028.8896484375,11714.26953125,11943.9296875,4519690000
2022-05-26,2022-05-26T00:00:00Z,11906.830078125,12337.73046875,11901.8701171875,12276.7900390625,4672620000
2022-05-27,2022-05-27T00:00:00Z,12421.7998046875,12682.580078125,12405.2900390625,12681.419921875,4793900000
2022-05-31,2022-05-31T00:00:00Z,12688.9501953125,12762.83984375,12482.3203125,12642.099609375,6045500000
2022-06-01,2022-06-01T00:00:00Z,12750.3095703125,12820.4697265625,12457.91015625,12548.3603515625,4719900000
2022-06-02,2022-06-02T00:00:00Z,12498.6298828125,12897.6298828125,12447.76953125,12892.8896484375,4445840000
2022-06-03,2022-06-03T00:00:00Z,12650.3798828125,12724.8095703125,12505.759765625,12548.0302734375,4130040000
2022-06-06,2022-06-06T00:00:00Z,12745.8896484375,12804.4599609375,12534.580078125,12599.6298828125,4647010000
2022-06-07,2022-06-07T00:00:00Z,12456.490234375,12737.2998046875,12413.5595703125,12711.6796875,4411240000
2022-06-08,2022-06-08T00:00:00Z,12682.8095703125,12776.650390625,12578.5498046875,12615.1298828125,4708980000
2022-06-09,2022-06-09T00:00:00Z,12543.3701171875,12666.41015625,12265.8603515625,12269.7802734375,5408460000
2022-06-10,2022-06-10T00:00:00Z,12052.58984375,12082.6904296875,11825.349609375,11832.8203125,5152020000
2022-06-13,2022-06-13T00:00:00Z,11472.1904296875,11568.650390625,11254.1904296875,11288.3203125,5937320000
2022-06-14,2022-06-14T00:00:00Z,11385.1796875,11418.2197265625,11205.919921875,11311.6904296875,4819890000
2022-06-15,2022-06-15T00:00:00Z,11468.1298828125,11751.2900390625,11346.5400390625,11593.76953125,5368500000
2022-06-16,2022-06-16T00:00:00Z,11286.8701171875,11311.0498046875,11037.2099609375,11127.5703125,5696630000
2022-06-17,2022-06-17T00:00:00Z,11172.650390625,11357.9697265625,11089.9296875,11265.990234375,7452830000
2022-06-21,2022-06-21T00:00:00Z,11446.98046875,11638.4697265625,11446.98046875,11546.759765625,5226260000
2022-06-22,2022-06-22T00:00:00Z,11427.740234375,11708.080078125,11423.2001953125,11527.7099609375,5238180000
2022-06-23,2022-06-23T00:00:00Z,11622.08984375,11729.6201171875,11515.48046875,11697.6796875,5258200000
2022-06-24,2022-06-24T00:00:00Z,11826.9501953125,12112.8203125,11812.1796875,12105.849609375,9468130000
2022-06-27,2022-06-27T00:00:00Z,12157.9296875,12175.98046875,11965.669921875,12008.240234375,5047860000
2022-06-28,2022-06-28T00:00:00Z,12021.33984375,12133.8701171875,11633.1298828125,11637.76953125,5433220000
2022-06-29,2022-06-29T00:00:00Z,11619.009765625,11710.2099609375,11537.7197265625,11658.259765625,5650860000
2022-06-30,2022-06-30T00:00:00Z,11532.3203125,11650.9599609375,11322.8603515625,11503.7197265625,5654520000
2022-07-01,2022-07-01T00:00:00Z,11472.6298828125,11592.849609375,11378.6298828125,11585.6796875,4865730000
2022-07-05,2022-07-05T00:00:00Z,11419.33984375,11781.740234375,11366.0703125,11779.900390625,5053570000
2022-07-06,2022-07-06T00:00:00Z,11807.080078125,11941.3095703125,11727.3603515625,11852.58984375,4851170000
2022-07-07,2022-07-07T00:00:00Z,11913.73046875,12137.7099609375,11897.509765625,12109.0498046875,4685050000
2022-07-08,2022-07-08T00:00:00Z,11977.9501953125,12179.3203125,11956.0302734375,12125.6904296875,4526570000
2022-07-11,2022-07-11T00:00:00Z,12008.759765625,12026.0595703125,11830.8896484375,11860.2802734375,4362910000
2022-07-12,2022-07-12T00:00:00Z,11926.83984375,11990.4404296875,11684.01953125,11744.990234375,4317860000
2022-07-13,2022-07-13T00:00:00Z,11523.91015625,11819.6904296875,11498.9599609375,11728.5302734375,4433060000
2022-07-14,2022-07-14T00:00:00Z,11637.1796875,11801.1103515625,11488.26953125,11768.400390625,4481070000
2022-07-15,2022-07-15T00:00:00Z,11896.150390625,11987.51953125,11828.1298828125,11983.6201171875,4369060000
2022-07-18,2022-07-18T00:00:00Z,12089.6796875,12156.08984375,11836.51953125,11877.5,5057920000
2022-07-19,2022-07-19T00:00:00Z,12046.6904296875,12258.3701171875,11967.919921875,12249.419921875,5302740000
2022-07-20,2022-07-20T00:00:00Z,12269.0703125,12488.3896484375,12232.2001953125,12439.6796875,5467080000
2022-07-21,2022-07-21T00:00:00Z,12466.1298828125,12620.5,12351.419921875,12619.41015625,4680930000
2022-07-22,2022-07-22T00:00:00Z,12575.759765625,12662.8603515625,12322.8203125,12396.4697265625,4721880000
2022-07-25,2022-07-25T00:00:00Z,12391.2099609375,12415.58984375,12244.400390625,12328.41015625,4346520000
2022-07-26,2022-07-26T00:00:00Z,12248.2099609375,12259.009765625,12051.2099609375,12086.900390625,4349760000
2022-07-27,2022-07-27T00:00:00Z,12299.33984375,12660.76953125,12256.9404296875,12601.4697265625,4588480000
2022-07-28,2022-07-28T00:00:00Z,12580.6103515625,12741.830078125,12433.5498046875,12717.8701171875,4924950000
2022-07-29,2022-07-29T00:00:00Z,12784.2001953125,12986.6396484375,12726.25,12947.9697265625,4907410000
2022-08-01,2022-08-01T00:00:00Z,12877.0400390625,13084.6103515625,12833.16015625,12940.7802734375,4396390000
2022-08-02,2022-08-02T00:00:00Z,12853.0400390625,13073.26953125,12809.009765625,12901.599609375,4792140000
2022-08-03,2022-08-03T00:00:00Z,12983.580078125,13289.1904296875,12974.849609375,13253.259765625,5667990000
2022-08-04,2022-08-04T00:00:00Z,13253.76953125,13326.7197265625,13170.4404296875,13311.0400390625,5451470000
2022-08-05,2022-08-05T00:00:00Z,13107.4501953125,13286.01953125,13070.3603515625,13207.6904296875,4911300000
2022-08-08,2022-08-08T00:00:00Z,13227.08984375,13394.5400390625,13103.7998046875,13159.16015625,5238600000
2022-08-09,2022-08-09T00:00:00Z,13064.240234375,13095.7001953125,12945.599609375,13008.169921875,5307340000
2022-08-10,2022-08-10T00:00:00Z,13330.66015625,13386.849609375,13220.0498046875,13378.3203125,5196210000
2022-08-11,2022-08-11T00:00:00Z,13471.0302734375,13555.3798828125,13271.349609375,13291.990234375,5815960000
2022-08-12,2022-08-12T00:00:00Z,13384.650390625,13565.8701171875,13341.650390625,13565.8701171875,4782610000
2022-08-15,2022-08-15T00:00:00Z,13529.66015625,13685.650390625,13524.5302734375,13667.1796875,4476040000
2022-08-16,2022-08-16T00:00:00Z,13617.66015625,13720.91015625,13508.4697265625,13635.2099609375,5028410000
2022-08-17,2022-08-17T00:00:00Z,13499.240234375,13591.580078125,13389.8203125,13470.8603515625,5229520000
2022-08-18,2022-08-18T00:00:00Z,13474.240234375,13553.2802734375,13405.740234375,13505.990234375,4724350000
2022-08-19,2022-08-19T00:00:00Z,13370.25,13402.6103515625,13210.8203125,13242.900390625,4628170000
2022-08-22,2022-08-22T00:00:00Z,13056.3896484375,13073.0703125,12859.8203125,12890.5400390625,4270980000
2022-08-23,2022-08-23T00:00:00Z,12885.2802734375,13000.7099609375,12852.7001953125,12881.7900390625,3836180000
2022-08-24,2022-08-24T00:00:00Z,12876.23046875,12995.1396484375,12843.580078125,12917.8603515625,3917170000
2022-08-25,2022-08-25T00:00:00Z,12984.740234375,13146.83984375,12951.6103515625,13143.580078125,4323470000
2022-08-26,2022-08-26T00:00:00Z,13129.91015625,13175.25,12603.41015625,12605.169921875,4530000000
2022-08-29,2022-08-29T00:00:00Z,12488.4599609375,12594.33984375,12440.400390625,12484.3203125,4209850000
2022-08-30,2022-08-30T00:00:00Z,12562.400390625,12572.8798828125,12240.8203125,12342.7001953125,4681520000
2022-08-31,2022-08-31T00:00:00Z,12448.0703125,12502.150390625,12268.080078125,12272.0302734375,4952010000
2022-09-01,2022-09-01T00:00:00Z,12158.8798828125,12290.330078125,12012.98046875,12274.6201171875,4792890000
2022-09-02,2022-09-02T00:00:00Z,12392.4599609375,12451.2802734375,12035.5302734375,12098.4404296875,4257410000
2022-09-06,2022-09-06T00:00:00Z,12106.5703125,12152.419921875,11928.8095703125,12011.3095703125,4622940000
2022-09-07,2022-09-07T00:00:00Z,12038.1796875,12298.1201171875,12026.98046875,12259.3896484375,4445640000
2022-09-08,2022-09-08T00:00:00Z,12139.5703125,12374.1298828125,12120.259765625,12321.1904296875,4329910000
2022-09-09,2022-09-09T00:00:00Z,12424.150390625,12610.4296875,12424.150390625,12588.2900390625,4401590000
2022-09-12,2022-09-12T00:00:00Z,12649.23046875,12752.830078125,12639.759765625,12739.7197265625,4146680000
2022-09-13,2022-09-13T00:00:00Z,12364.830078125,12420.009765625,12004.419921875,12033.6201171875,5188380000
2022-09-14,2022-09-14T00:00:00Z,12092.0302734375,12170.25,12016.4296875,12134.400390625,4861530000
2022-09-15,2022-09-15T00:00:00Z,12034.4296875,12153.33984375,11867.8798828125,11927.490234375,4805910000
2022-09-16,2022-09-16T00:00:00Z,11775.9404296875,11875.08984375,11710.259765625,11861.3798828125,7451840000
2022-09-19,2022-09-19T00:00:00Z,11753.599609375,11956.7900390625,11752.4296875,11953.26953125,4168670000
2022-09-20,2022-09-20T00:00:00Z,11855.83984375,11951.1298828125,11761.6904296875,11851.5400390625,4028100000
2022-09-21,2022-09-21T00:00:00Z,11892.7197265625,12062.51953125,11636.25,11637.7900390625,4471000000
2022-09-22,2022-09-22T00:00:00Z,11574.3203125,11617.990234375,11448.8603515625,11501.650390625,4916470000
2022-09-23,2022-09-23T00:00:00Z,11398.75,11402.41015625,11169.66015625,11311.240234375,5134350000
2022-09-26,2022-09-26T00:00:00Z,11283.1396484375,11473.3603515625,11235.740234375,11254.1103515625,4697730000
2022-09-27,2022-09-27T00:00:00Z,11411.33984375,11502.3798828125,11175.2900390625,11271.75,4445050000
2022-09-28,2022-09-28T00:00:00Z,11258.740234375,11546.8701171875,11210.8095703125,11493.830078125,4556100000
2022-09-29,2022-09-29T00:00:00Z,11334.5703125,11339.91015625,11038.9404296875,11164.7802734375,4516630000
2022-09-30,2022-09-30T00:00:00Z,11123.1103515625,11296.16015625,10966.9501953125,10971.2197265625,4649710000
2022-10-03,2022-10-03T00:00:00Z,11059.169921875,11296.4296875,10985.009765625,11229.73046875,4415440000
2022-10-04,2022-10-04T00:00:00Z,11477.849609375,11609.25,11462.3701171875,11582.5400390625,5004780000
2022-10-05,2022-10-05T00:00:00Z,11429.4697265625,11647.6201171875,11312.51953125,11573.1796875,4091860000
2022-10-06,2022-10-06T00:00:00Z,11556.400390625,11660.5498046875,11472.830078125,11485.5,4423320000
2022-10-07,2022-10-07T00:00:00Z,11272.4599609375,11293.650390625,10991.66015625,11039.4697265625,4634190000
2022-10-10,2022-10-10T00:00:00Z,11048.509765625,11063.2099609375,10824.25,10926.9697265625,3989640000
2022-10-11,2022-10-11T00:00:00Z,10865.3203125,10981.91015625,10716.330078125,10791.349609375,4738840000
2022-10-12,2022-10-12T00:00:00Z,10810.2998046875,10886.490234375,10754.849609375,10785.6201171875,4091030000
2022-10-13,2022-10-13T00:00:00Z,10481.580078125,11087.66015625,10440.6396484375,11033.580078125,5300080000
2022-10-14,2022-10-14T00:00:00Z,11130.080078125,11152.8896484375,10677.48046875,10692.0595703125,4393000000
2022-10-17,2022-10-17T00:00:00Z,10967.25,11090.8701171875,10959.740234375,11062.5302734375,4439190000
2022-10-18,2022-10-18T00:00:00Z,11368.759765625,11374.3798828125,11035.7998046875,11147.740234375,5047360000
2022-10-19,2022-10-19T00:00:00Z,11081.8203125,11231.4599609375,11008.1103515625,11103.3798828125,4955090000
2022-10-20,2022-10-20T00:00:00Z,11081.2197265625,11279.8095703125,11001.2802734375,11046.7099609375,4628010000
2022-10-21,2022-10-21T00:00:00Z,10998.169921875,11327.76953125,10962.009765625,11310.330078125,4706440000
2022-10-24,2022-10-24T00:00:00Z,11321.1103515625,11468.1796875,11166.490234375,11430.259765625,4808710000
2022-10-25,2022-10-25T00:00:00Z,11482.8701171875,11681.849609375,11480.41015625,11669.990234375,5141760000
2022-10-26,2022-10-26T00:00:00Z,11409.7900390625,11657.0595703125,11388.33984375,11405.900390625,5224440000
2022-10-27,2022-10-27T00:00:00Z,11387.7099609375,11417.0400390625,11179.900390625,11191.6298828125,4773520000
2022-10-28,2022-10-28T00:00:00Z,11176.990234375,11563.16015625,11176.990234375,11546.2099609375,4731940000
2022-10-31,2022-10-31T00:00:00Z,11465.2099609375,11482.990234375,11331.259765625,11405.5703125,4753740000
2022-11-01,2022-11-01T00:00:00Z,11571.5302734375,11574.3896484375,11278.2802734375,11288.9501953125,4677520000
2022-11-02,2022-11-02T00:00:00Z,11300.26953125,11410.91015625,10903.48046875,10906.33984375,5436420000
2022-11-03,2022-11-03T00:00:00Z,10769.4296875,10852.1796875,10680.830078125,10690.599609375,5102190000
2022-11-04,2022-11-04T00:00:00Z,10911.98046875,10934.6201171875,10632.3896484375,10857.0302734375,5453750000
2022-11-07,2022-11-07T00:00:00Z,10900.830078125,11001.16015625,10817.58984375,10977.0,4456690000
2022-11-08,2022-11-08T00:00:00Z,11039.580078125,11191.900390625,10897.5302734375,11059.5,5134500000
2022-11-09,2022-11-09T00:00:00Z,10971.4296875,11012.66015625,10790.349609375,10797.5498046875,4977460000
2022-11-10,2022-11-10T00:00:00Z,11350.419921875,11612.2001953125,11235.740234375,11605.9599609375,6433000000
2022-11-11,2022-11-11T00:00:00Z,11604.3603515625,11840.0703125,11535.5595703125,11817.009765625,5867750000
2022-11-14,2022-11-14T00:00:00Z,11728.1103515625,11863.8203125,11669.099609375,11700.9404296875,5004060000
2022-11-15,2022-11-15T00:00:00Z,12006.4501953125,12024.9501953125,11735.400390625,11871.150390625,5617310000
2022-11-16,2022-11-16T00:00:00Z,11767.419921875,11796.990234375,11673.1396484375,11699.08984375,4585190000
2022-11-17,2022-11-17T00:00:00Z,11521.6396484375,11737.6103515625,11519.3798828125,11676.8603515625,4354360000
2022-11-18,2022-11-18T00:00:00Z,11791.849609375,11794.6796875,11579.6396484375,11677.01953125,4175420000
2022-11-21,2022-11-21T00:00:00Z,11623.349609375,11664.9404296875,11524.4404296875,11553.4501953125,3977130000
2022-11-22,2022-11-22T00:00:00Z,11590.830078125,11731.759765625,11503.33984375,11724.83984375,4186360000
2022-11-23,2022-11-23T00:00:00Z,11725.080078125,11866.419921875,11722.009765625,11838.7197265625,4431530000
2022-11-25,2022-11-25T00:00:00Z,11777.330078125,11803.91015625,11748.7900390625,11756.0302734375,2184080000
2022-11-28,2022-11-28T00:00:00Z,11684.0703125,11764.830078125,11555.259765625,11587.75,4271360000
2022-11-29,2022-11-29T00:00:00Z,11590.2998046875,11613.330078125,11450.33984375,11503.4501953125,4592830000
2022-11-30,2022-11-30T00:00:00Z,11505.740234375,12031.33984375,11481.8896484375,12030.0595703125,6653460000
2022-12-01,2022-12-01T00:00:00Z,12030.240234375,12115.33984375,11928.66015625,12041.8896484375,5158120000
2022-12-02,2022-12-02T00:00:00Z,11845.5302734375,12027.6201171875,11825.5302734375,11994.259765625,4523010000
2022-12-05,2022-12-05T00:00:00Z,11899.5400390625,11957.3603515625,11732.150390625,11786.7998046875,4510030000
2022-12-06,2022-12-06T00:00:00Z,11775.2001953125,11790.9296875,11488.599609375,11549.6904296875,4713330000
2022-12-07,2022-12-07T00:00:00Z,11490.990234375,11577.6904296875,11431.9599609375,11497.3896484375,4343860000
2022-12-08,2022-12-08T00:00:00Z,11543.6796875,11672.1396484375,11470.6796875,11637.5,4281800000
2022-12-09,2022-12-09T00:00:00Z,11594.3798828125,11707.08984375,11550.3095703125,11563.330078125,4337440000
2022-12-12,2022-12-12T00:00:00Z,11572.259765625,11707.7099609375,11529.41015625,11706.4404296875,4829990000
2022-12-13,2022-12-13T00:00:00Z,12141.240234375,12166.41015625,11724.900390625,11834.2099609375,6126890000
2022-12-14,2022-12-14T00:00:00Z,11824.5400390625,11941.2802734375,11617.41015625,11740.919921875,5485150000
2022-12-15,2022-12-15T00:00:00Z,11573.3798828125,11591.330078125,11300.349609375,11345.2197265625,5536070000
2022-12-16,2022-12-16T00:00:00Z,11313.6396484375,11383.3896484375,11175.5400390625,11243.7197265625,7968170000
2022-12-19,2022-12-19T00:00:00Z,11243.0,11251.5703125,11029.76953125,11084.58984375,4631820000
2022-12-20,2022-12-20T00:00:00Z,11023.4697265625,11143.6201171875,10967.0703125,11072.419921875,4707190000
2022-12-21,2022-12-21T00:00:00Z,11110.650390625,11285.7802734375,11083.3603515625,11235.8798828125,4401420000
2022-12-22,2022-12-22T00:00:00Z,11099.3603515625,11114.23046875,10784.01953125,10956.1396484375,5125070000
2022-12-23,2022-12-23T00:00:00Z,10911.0400390625,11007.08984375,10830.900390625,10985.4501953125,3544680000
2022-12-27,2022-12-27T00:00:00Z,10944.2998046875,10957.4404296875,10807.6103515625,10822.509765625,3827290000
2022-12-28,2022-12-28T00:00:00Z,10807.1201171875,10898.6396484375,10671.1904296875,10679.33984375,3842970000
2022-12-29,2022-12-29T00:00:00Z,10800.7998046875,10981.0595703125,10776.6201171875,10951.0498046875,4154100000
2022-12-30,2022-12-30T00:00:00Z,10835.58984375,10942.900390625,10778.6396484375,10939.759765625,3959030000
2023-01-03,2023-01-03T00:00:00Z,11038.419921875,11093.099609375,10770.9296875,10862.6396484375,4780650000
2023-01-04,2023-01-04T00:00:00Z,10949.33984375,10981.4599609375,10785.5302734375,10914.7998046875,5085380000
2023-01-05,2023-01-05T00:00:00Z,10837.25,10842.330078125,10728.259765625,10741.2197265625,4764270000
2023-01-06,2023-01-06T00:00:00Z,10807.4599609375,11082.58984375,10696.419921875,11040.349609375,5199780000
2023-01-09,2023-01-09T00:00:00Z,11133.0703125,11304.83984375,11085.3203125,11108.4501953125,5132190000
2023-01-10,2023-01-10T00:00:00Z,11069.0498046875,11207.5595703125,11050.6796875,11205.7802734375,4710680000
2023-01-11,2023-01-11T00:00:00Z,11259.16015625,11403.8896484375,11220.75,11402.51953125,5284390000
2023-01-12,2023-01-12T00:00:00Z,11441.4501953125,11500.8603515625,11246.01953125,11459.6103515625,5681240000
2023-01-13,2023-01-13T00:00:00Z,11362.1298828125,11547.9599609375,11347.599609375,11541.48046875,5077990000
2023-01-17,2023-01-17T00:00:00Z,11531.5400390625,11615.9501953125,11484.01953125,11557.1904296875,5138410000
2023-01-18,2023-01-18T00:00:00Z,11636.6103515625,11690.26953125,11403.3095703125,11410.2900390625,5288630000
2023-01-19,2023-01-19T00:00:00Z,11345.1904296875,11388.4599609375,11251.9404296875,11295.669921875,4660800000
2023-01-20,2023-01-20T00:00:00Z,11363.849609375,11623.2001953125,11329.5400390625,11619.0302734375,5980110000
2023-01-23,2023-01-23T00:00:00Z,11652.0,11918.8603515625,11617.830078125,11872.5400390625,5997810000
2023-01-24,2023-01-24T00:00:00Z,11802.9501953125,11889.3701171875,11780.0703125,11846.6396484375,5670860000
2023-01-25,2023-01-25T00:00:00Z,11636.009765625,11841.8095703125,11550.0703125,11814.6904296875,5485570000
2023-01-26,2023-01-26T00:00:00Z,11972.5703125,12055.8095703125,11853.3701171875,12051.48046875,5732890000
2023-01-27,2023-01-27T00:00:00Z,12000.2099609375,12248.150390625,11999.8701171875,12166.599609375,6243800000
2023-01-30,2023-01-30T00:00:00Z,12047.16015625,12087.6796875,11906.1103515625,11912.3896484375,5122320000
2023-01-31,2023-01-31T00:00:00Z,11915.9404296875,12104.1298828125,11915.9404296875,12101.9296875,5695150000
2023-02-01,2023-02-01T00:00:00Z,12087.919921875,12458.8701171875,12010.73046875,12363.099609375,6336040000
2023-02-02,2023-02-02T00:00:00Z,12655.1796875,12880.98046875,12600.759765625,12803.1396484375,7038210000
2023-02-03,2023-02-03T00:00:00Z,12520.9501953125,12828.7099609375,12520.9501953125,12573.3603515625,5954490000
2023-02-06,2023-02-06T00:00:00Z,12468.7998046875,12558.8701171875,12411.8798828125,12464.509765625,5538350000
2023-02-07,2023-02-07T00:00:00Z,12474.9501953125,12771.58984375,12419.7099609375,12728.26953125,5720240000
2023-02-08,2023-02-08T00:00:00Z,12680.0302734375,12709.4501953125,12471.1201171875,12495.3798828125,5052870000
2023-02-09,2023-02-09T00:00:00Z,12677.5400390625,12679.5400390625,12327.4404296875,12381.169921875,5536290000
2023-02-10,2023-02-10T00:00:00Z,12306.58984375,12375.7197265625,12204.2099609375,12304.919921875,4885030000
2023-02-13,2023-02-13T00:00:00Z,12356.5,12522.7802734375,12313.4501953125,12502.3095703125,4752880000
2023-02-14,2023-02-14T00:00:00Z,12413.099609375,12627.400390625,12356.3203125,12590.8896484375,5032430000
2023-02-15,2023-02-15T00:00:00Z,12531.599609375,12689.33984375,12486.419921875,12687.8896484375,5056640000
2023-02-16,2023-02-16T00:00:00Z,12495.0703125,12653.400390625,12440.0,12442.48046875,5159410000
2023-02-17,2023-02-17T00:00:00Z,12352.2998046875,12385.51953125,12233.7900390625,12358.1796875,4925230000
2023-02-21,2023-02-21T00:00:00Z,12205.2099609375,12257.0595703125,12058.23046875,12060.2998046875,5002540000
2023-02-22,2023-02-22T00:00:00Z,12085.669921875,12156.2099609375,12006.0400390625,12066.26953125,4671270000
2023-02-23,2023-02-23T00:00:00Z,12224.4404296875,12227.400390625,12003.3095703125,12180.1396484375,4714580000
2023-02-24,2023-02-24T00:00:00Z,11979.7998046875,12018.3203125,11900.83984375,11969.650390625,4432650000
2023-02-27,2023-02-27T00:00:00Z,12106.7900390625,12159.6396484375,12034.6103515625,12057.7900390625,4494000000
2023-02-28,2023-02-28T00:00:00Z,12041.75,12146.51953125,12021.3203125,12042.1201171875,5340950000
2023-03-01,2023-03-01T00:00:00Z,12026.7197265625,12054.48046875,11906.580078125,11938.5703125,4927530000
2023-03-02,2023-03-02T00:00:00Z,11830.08984375,12074.58984375,11830.08984375,12044.8701171875,5313760000
2023-03-03,2023-03-03T00:00:00Z,12110.7099609375,12300.4599609375,12095.240234375,12290.8095703125,5102210000
2023-03-06,2023-03-06T00:00:00Z,12344.650390625,12466.8798828125,12297.5703125,12302.48046875,4982880000
2023-03-07,2023-03-07T00:00:00Z,12303.1904296875,12344.0400390625,12130.009765625,12152.169921875,5422820000
2023-03-08,2023-03-08T00:00:00Z,12181.0595703125,12237.7197265625,12102.2802734375,12215.330078125,5085970000
2023-03-09,2023-03-09T00:00:00Z,12230.83984375,12340.4501953125,11970.33984375,11995.8798828125,5061790000
2023-03-10,2023-03-10T00:00:00Z,12001.7001953125,12069.6201171875,11789.8603515625,11830.2802734375,6193500000
2023-03-13,2023-03-13T00:00:00Z,11752.099609375,12073.9599609375,11695.41015625,11923.169921875,6201490000
2023-03-14,2023-03-14T00:00:00Z,12078.4599609375,12217.8701171875,12035.2197265625,12199.7900390625,5533120000
2023-03-15,2023-03-15T00:00:00Z,12083.240234375,12269.4501953125,12026.1796875,12251.3203125,5912430000
2023-03-16,2023-03-16T00:00:00Z,12211.8701171875,12595.6904296875,12190.650390625,12581.3896484375,5498920000
2023-03-17,2023-03-17T00:00:00Z,12570.16015625,12674.33984375,12444.080078125,12519.8798828125,7903090000
2023-03-20,2023-03-20T00:00:00Z,12487.7900390625,12578.349609375,12407.8203125,12562.6103515625,4970630000
2023-03-21,2023-03-21T00:00:00Z,12643.349609375,12762.4501953125,12582.759765625,12741.4404296875,4829870000
2023-03-22,2023-03-22T00:00:00Z,12742.41015625,12943.6201171875,12563.7802734375,12567.150390625,4981590000
2023-03-23,2023-03-23T00:00:00Z,12735.599609375,12900.099609375,12611.669921875,12729.23046875,4917460000
2023-03-24,2023-03-24T00:00:00Z,12700.509765625,12770.2802734375,12608.150390625,12767.0498046875,4363650000
2023-03-27,2023-03-27T00:00:00Z,12797.900390625,12839.419921875,12647.9404296875,12673.0703125,4330320000
2023-03-28,2023-03-28T00:00:00Z,12654.91015625,12654.91015625,12517.8701171875,12610.5703125,4036910000
2023-03-29,2023-03-29T00:00:00Z,12768.1396484375,12867.3203125,12734.6796875,12846.0302734375,4493540000
2023-03-30,2023-03-30T00:00:00Z,12934.990234375,12987.9697265625,12894.1396484375,12963.1396484375,4738880000
2023-03-31,2023-03-31T00:00:00Z,12968.9599609375,13188.830078125,12968.0,13181.349609375,5521150000
2023-04-03,2023-04-03T00:00:00Z,13084.099609375,13157.4697265625,13036.5498046875,13148.349609375,4816440000
2023-04-04,2023-04-04T00:00:00Z,13165.3203125,13204.080078125,13049.98046875,13100.080078125,4298760000
2023-04-05,2023-04-05T00:00:00Z,13056.7900390625,13065.2802734375,12894.4404296875,12967.2001953125,4378590000
2023-04-06,2023-04-06T00:00:00Z,12892.900390625,13078.099609375,12846.0302734375,13062.599609375,3862800000
2023-04-10,2023-04-10T00:00:00Z,12936.51953125,13051.849609375,12861.51953125,13051.23046875,4334070000
2023-04-11,2023-04-11T00:00:00Z,13040.490234375,13049.5595703125,12947.66015625,12964.150390625,4676960000
2023-04-12,2023-04-12T00:00:00Z,13043.9697265625,13071.98046875,12833.3095703125,12848.349609375,4909770000
2023-04-13,2023-04-13T00:00:00Z,12922.900390625,13124.41015625,12920.01953125,13109.3896484375,4942990000
2023-04-14,2023-04-14T00:00:00Z,13044.6904296875,13152.2802734375,12962.509765625,13079.51953125,4655740000
2023-04-17,2023-04-17T00:00:00Z,13053.259765625,13105.6796875,12981.259765625,13087.7099609375,4823180000
2023-04-18,2023-04-18T00:00:00Z,13180.3095703125,13196.1796875,13044.2099609375,13091.7900390625,4851810000
2023-04-19,2023-04-19T00:00:00Z,12992.509765625,13128.25,12988.2001953125,13088.7099609375,4972700000
2023-04-20,2023-04-20T00:00:00Z,12962.2900390625,13107.919921875,12933.7998046875,12985.98046875,4590530000
2023-04-21,2023-04-21T00:00:00Z,12970.3203125,13030.849609375,12899.6396484375,13000.76953125,4868050000
2023-04-24,2023-04-24T00:00:00Z,12981.7099609375,13044.2197265625,12883.76953125,12969.759765625,4854050000
2023-04-25,2023-04-25T00:00:00Z,12905.08984375,12933.2802734375,12724.240234375,12725.1103515625,4806020000
2023-04-26,2023-04-26T00:00:00Z,12866.6396484375,12929.6201171875,12783.419921875,12806.48046875,5281970000
2023-04-27,2023-04-27T00:00:00Z,12963.2099609375,13175.6201171875,12938.5,13160.0302734375,5253710000
2023-04-28,2023-04-28T00:00:00Z,13139.349609375,13247.3896484375,13096.9404296875,13245.990234375,5331380000
2023-05-01,2023-05-01T00:00:00Z,13229.1103515625,13287.4697265625,13186.400390625,13231.4697265625,5168430000
2023-05-02,2023-05-02T00:00:00Z,13225.48046875,13241.5302734375,13046.7900390625,13113.66015625,5501410000
2023-05-03,2023-05-03T00:00:00Z,13123.099609375,13231.7099609375,13026.0400390625,13030.2099609375,5782160000
2023-05-04,2023-05-04T00:00:00Z,13014.0703125,13064.01953125,12938.4501953125,12982.48046875,4745780000
2023-05-05,2023-05-05T00:00:00Z,13070.7001953125,13291.1103515625,13059.91015625,13259.1298828125,4574790000
2023-05-08,2023-05-08T00:00:00Z,13247.08984375,13302.4296875,13193.080078125,13291.6396484375,4216360000
2023-05-09,2023-05-09T00:00:00Z,13228.6396484375,13254.8095703125,13193.8798828125,13201.1103515625,4126780000
2023-05-10,2023-05-10T00:00:00Z,13308.41015625,13384.419921875,13204.7900390625,13347.830078125,4948260000
2023-05-11,2023-05-11T00:00:00Z,13376.849609375,13411.7001953125,13306.080078125,13389.7802734375,4489490000
2023-05-12,2023-05-12T00:00:00Z,13407.01953125,13427.419921875,13256.5595703125,13340.1796875,4170000000
2023-05-15,2023-05-15T00:00:00Z,13352.259765625,13419.8095703125,13297.849609375,13413.509765625,3979290000
2023-05-16,2023-05-16T00:00:00Z,13385.3701171875,13498.4404296875,13384.76953125,13426.009765625,4067510000
2023-05-17,2023-05-17T00:00:00Z,13474.51953125,13608.330078125,13419.349609375,13589.259765625,4501820000
2023-05-18,2023-05-18T00:00:00Z,13608.9501953125,13844.759765625,13606.8095703125,13834.6201171875,4532890000
2023-05-19,2023-05-19T00:00:00Z,13842.6904296875,13874.419921875,13763.900390625,13803.490234375,3935780000
2023-05-22,2023-05-22T00:00:00Z,13805.330078125,13893.7099609375,13792.9697265625,13849.740234375,4278920000
2023-05-23,2023-05-23T00:00:00Z,13773.6796875,13827.099609375,13662.91015625,13672.5400390625,4347440000
2023-05-24,2023-05-24T00:00:00Z,13589.01953125,13655.73046875,13520.919921875,13604.48046875,4088270000
2023-05-25,2023-05-25T00:00:00Z,13920.8896484375,13986.8701171875,13812.1796875,13938.5302734375,4651640000
2023-05-26,2023-05-26T00:00:00Z,13990.5498046875,14329.490234375,13982.16015625,14298.41015625,4434070000
2023-05-30,2023-05-30T00:00:00Z,14465.58984375,14520.169921875,14301.080078125,14354.990234375,4843470000
2023-05-31,2023-05-31T00:00:00Z,14293.5595703125,14375.3798828125,14216.16015625,14254.08984375,5905760000
2023-06-01,2023-06-01T00:00:00Z,14269.08984375,14493.3095703125,14219.9404296875,14441.509765625,4610310000
2023-06-02,2023-06-02T00:00:00Z,14517.080078125,14595.8095703125,14442.150390625,14546.6396484375,4426760000
2023-06-05,2023-06-05T00:00:00Z,14550.1298828125,14662.9501953125,14516.8798828125,14556.5,4344280000
2023-06-06,2023-06-06T00:00:00Z,14526.099609375,14593.5,14476.990234375,14558.08984375,4810910000
2023-06-07,2023-06-07T00:00:00Z,14573.26953125,14647.91015625,14283.8798828125,14303.2900390625,5270600000
2023-06-08,2023-06-08T00:00:00Z,14319.240234375,14503.3095703125,14314.6904296875,14484.5400390625,4280160000
2023-06-09,2023-06-09T00:00:00Z,14574.240234375,14672.849609375,14487.48046875,14528.3603515625,4412710000
2023-06-12,2023-06-12T00:00:00Z,14617.349609375,14789.599609375,14571.3603515625,14784.2998046875,4722680000
2023-06-13,2023-06-13T00:00:00Z,14911.259765625,14931.830078125,14770.1396484375,14900.849609375,5522100000
2023-06-14,2023-06-14T00:00:00Z,14894.099609375,15017.099609375,14784.6201171875,15005.6904296875,5772550000
2023-06-15,2023-06-15T00:00:00Z,14949.7001953125,15246.6201171875,14930.1201171875,15185.48046875,5667520000
2023-06-16,2023-06-16T00:00:00Z,15272.650390625,15284.650390625,15073.4501953125,15083.919921875,8076530000
2023-06-20,2023-06-20T00:00:00Z,15036.48046875,15127.419921875,14946.7197265625,15070.150390625,5237710000
2023-06-21,2023-06-21T00:00:00Z,15019.009765625,15038.900390625,14826.01953125,14867.4501953125,5194640000
2023-06-22,2023-06-22T00:00:00Z,14797.8896484375,15044.2197265625,14794.9501953125,15042.3203125,4499550000
2023-06-23,2023-06-23T00:00:00Z,14879.23046875,14983.73046875,14821.8095703125,14891.48046875,7734500000
2023-06-26,2023-06-26T00:00:00Z,14866.66015625,14982.8203125,14687.01953125,14689.01953125,4430600000
2023-06-27,2023-06-27T00:00:00Z,14751.5703125,14972.3095703125,14726.75,14945.91015625,5053660000
2023-06-28,2023-06-28T00:00:00Z,14876.25,15051.080078125,14865.8095703125,14964.5703125,4533270000
2023-06-29,2023-06-29T00:00:00Z,14965.5498046875,14986.8896484375,14876.9404296875,14939.9501953125,4388140000
2023-06-30,2023-06-30T00:00:00Z,15085.240234375,15213.75,15081.5703125,15179.2099609375,4661120000
2023-07-03,2023-07-03T00:00:00Z,15190.5400390625,15232.9599609375,15153.599609375,15208.6904296875,2902300000
2023-07-05,2023-07-05T00:00:00Z,15165.3603515625,15275.1796875,15162.66015625,15203.7802734375,5339340000
2023-07-06,2023-07-06T00:00:00Z,15054.099609375,15106.4501953125,14969.1396484375,15089.4501953125,6113080000
2023-07-07,2023-07-07T00:00:00Z,15070.5,15210.6298828125,15032.5595703125,15036.849609375,5098120000
2023-07-10,2023-07-10T00:00:00Z,15031.9501953125,15066.4404296875,14924.6396484375,15045.6396484375,5275390000
2023-07-11,2023-07-11T00:00:00Z,15068.1298828125,15135.2900390625,14974.16015625,15119.0595703125,4840950000
2023-07-12,2023-07-12T00:00:00Z,15279.349609375,15364.08984375,15209.7099609375,15307.23046875,5230620000
2023-07-13,2023-07-13T00:00:00Z,15432.48046875,15602.740234375,15420.7099609375,15571.98046875,5183560000
2023-07-14,2023-07-14T00:00:00Z,15610.0,15720.0595703125,15531.0,15565.599609375,5366890000
2023-07-17,2023-07-17T00:00:00Z,15608.2802734375,15745.669921875,15576.509765625,15713.2802734375,4593160000
2023-07-18,2023-07-18T00:00:00Z,15671.7197265625,15895.6796875,15607.7099609375,15841.349609375,4824070000
2023-07-19,2023-07-19T00:00:00Z,15888.16015625,15932.0498046875,15781.9599609375,15826.349609375,5112420000
2023-07-20,2023-07-20T00:00:00Z,15717.669921875,15771.83984375,15429.8701171875,15466.08984375,5128020000
2023-07-21,2023-07-21T00:00:00Z,15554.9501953125,15600.5400390625,15410.5703125,15425.669921875,5254180000
2023-07-24,2023-07-24T00:00:00Z,15475.150390625,15504.669921875,15374.66015625,15448.01953125,4083070000
2023-07-25,2023-07-25T00:00:00Z,15483.0595703125,15622.6904296875,15482.0400390625,15561.419921875,3812470000
2023-07-26,2023-07-26T00:00:00Z,15514.0400390625,15571.16015625,15411.91015625,15499.259765625,4322000000
2023-07-27,2023-07-27T00:00:00Z,15734.0302734375,15795.509765625,15416.0498046875,15464.9296875,5115840000
2023-07-28,2023-07-28T00:00:00Z,15630.169921875,15788.48046875,15617.75,15750.9296875,4453520000
2023-07-31,2023-07-31T00:00:00Z,15774.2998046875,15803.5498046875,15702.740234375,15757.0,4934440000
2023-08-01,2023-08-01T00:00:00Z,15696.98046875,15748.4296875,15636.5703125,15718.009765625,4633770000
2023-08-02,2023-08-02T00:00:00Z,15561.150390625,15561.3603515625,15321.4404296875,15370.740234375,5481960000
2023-08-03,2023-08-03T00:00:00Z,15287.76953125,15436.58984375,15270.7197265625,15353.5400390625,6036970000
2023-08-04,2023-08-04T00:00:00Z,15420.740234375,15523.3095703125,15258.6904296875,15274.919921875,5349450000
2023-08-07,2023-08-07T00:00:00Z,15355.6201171875,15410.849609375,15258.919921875,15407.849609375,4892330000
2023-08-08,2023-08-08T00:00:00Z,15279.41015625,15295.7998046875,15148.25,15273.0498046875,5284550000
2023-08-09,2023-08-09T00:00:00Z,15286.990234375,15288.759765625,15077.91015625,15101.7099609375,5591360000
2023-08-10,2023-08-10T00:00:00Z,15217.2900390625,15366.2900390625,15072.490234375,15128.83984375,5299080000
2023-08-11,2023-08-11T00:00:00Z,15010.51953125,15102.5302734375,14973.669921875,15028.0703125,4638880000
2023-08-14,2023-08-14T00:00:00Z,14988.419921875,15206.259765625,14972.009765625,15205.58984375,4272020000
2023-08-15,2023-08-15T00:00:00Z,15172.080078125,15192.8798828125,15014.3603515625,15037.650390625,4473320000
2023-08-16,2023-08-16T00:00:00Z,15021.6298828125,15077.0498046875,14874.01953125,14876.4697265625,6243760000
2023-08-17,2023-08-17T00:00:00Z,14943.33984375,14949.580078125,14698.2900390625,14715.8095703125,5280180000
2023-08-18,2023-08-18T00:00:00Z,14589.7099609375,14744.5703125,14557.830078125,14694.83984375,4801910000
2023-08-21,2023-08-21T00:00:00Z,14762.009765625,14958.8701171875,14739.3701171875,14936.6904296875,4363070000
2023-08-22,2023-08-22T00:00:00Z,15035.0703125,15037.7900390625,14883.98046875,14908.9599609375,4282430000
2023-08-23,2023-08-23T00:00:00Z,14947.580078125,15188.8603515625,14947.580078125,15148.0595703125,4127850000
2023-08-24,2023-08-24T00:00:00Z,15278.9296875,15279.240234375,14814.830078125,14816.4404296875,4383820000
2023-08-25,2023-08-25T00:00:00Z,14858.9296875,15001.2900390625,14715.3603515625,14941.830078125,3970060000
2023-08-28,2023-08-28T00:00:00Z,15035.48046875,15086.23046875,14948.919921875,15052.4599609375,3666680000
2023-08-29,2023-08-29T00:00:00Z,15043.01953125,15391.5595703125,15034.5400390625,15376.5498046875,4748180000
2023-08-30,2023-08-30T00:00:00Z,15386.669921875,15484.830078125,15341.9404296875,15462.4296875,4364600000
2023-08-31,2023-08-31T00:00:00Z,15475.4296875,15575.009765625,15466.41015625,15501.0703125,4568610000
2023-09-01,2023-09-01T00:00:00Z,15600.9501953125,15618.849609375,15429.3603515625,15490.8603515625,4033960000
2023-09-05,2023-09-05T00:00:00Z,15460.51953125,15556.849609375,15419.9599609375,15508.240234375,4379790000
2023-09-06,2023-09-06T00:00:00Z,15467.3203125,15487.0,15289.48046875,15371.4404296875,4215320000
2023-09-07,2023-09-07T00:00:00Z,15174.2197265625,15288.2001953125,15138.73046875,15258.51953125,4320830000
2023-09-08,2023-09-08T00:00:00Z,15265.5703125,15374.2197265625,15244.0595703125,15280.23046875,4160360000
2023-09-11,2023-09-11T00:00:00Z,15409.76953125,15482.83984375,15328.349609375,15461.8701171875,4538870000
2023-09-12,2023-09-12T00:00:00Z,15390.58984375,15447.849609375,15278.8798828125,15289.740234375,4595490000
2023-09-13,2023-09-13T00:00:00Z,15293.26953125,15414.6103515625,15256.599609375,15348.5302734375,4840310000
2023-09-14,2023-09-14T00:00:00Z,15433.009765625,15512.8203125,15337.1796875,15473.8896484375,4649010000
2023-09-15,2023-09-15T00:00:00Z,15425.9501953125,15435.4501953125,15173.7099609375,15202.400390625,8162210000
2023-09-18,2023-09-18T00:00:00Z,15161.169921875,15268.9599609375,15155.4599609375,15225.3701171875,4855880000
2023-09-19,2023-09-19T00:00:00Z,15152.5302734375,15219.919921875,15069.41015625,15191.23046875,4453460000
2023-09-20,2023-09-20T00:00:00Z,15225.33984375,15245.1904296875,14967.599609375,14969.919921875,4782440000
2023-09-21,2023-09-21T00:00:00Z,14813.490234375,14849.25,14691.6904296875,14694.240234375,5014890000
2023-09-22,2023-09-22T00:00:00Z,14756.6201171875,14855.919921875,14686.83984375,14701.099609375,4302700000
2023-09-25,2023-09-25T00:00:00Z,14662.6904296875,14771.1201171875,14615.4501953125,14768.900390625,4100290000
2023-09-26,2023-09-26T00:00:00Z,14668.4501953125,14678.48046875,14505.6796875,14545.830078125,4693540000
2023-09-27,2023-09-27T00:00:00Z,14600.1396484375,14657.2099609375,14432.599609375,14580.16015625,4841410000
2023-09-28,2023-09-28T00:00:00Z,14530.9599609375,14787.580078125,14510.169921875,14702.76953125,4648390000
2023-09-29,2023-09-29T00:00:00Z,14853.349609375,14901.849609375,14664.7802734375,14715.240234375,5138500000
2023-10-02,2023-10-02T00:00:00Z,14717.900390625,14892.1796875,14701.51953125,14837.5703125,4554700000
2023-10-03,2023-10-03T00:00:00Z,14744.0498046875,14819.8701171875,14504.1396484375,14565.6201171875,4684310000
2023-10-04,2023-10-04T00:00:00Z,14613.23046875,14803.0400390625,14592.5595703125,14776.25,4308070000
2023-10-05,2023-10-05T00:00:00Z,14769.5498046875,14784.6904296875,14584.3896484375,14723.2197265625,4167470000
2023-10-06,2023-10-06T00:00:00Z,14622.23046875,15021.3798828125,14575.9501953125,14973.240234375,4309420000
2023-10-09,2023-10-09T00:00:00Z,14871.5703125,15070.6396484375,14816.3203125,15047.150390625,3835930000
2023-10-10,2023-10-10T00:00:00Z,15074.0400390625,15241.9404296875,15050.5400390625,15131.51953125,4301350000
2023-10-11,2023-10-11T00:00:00Z,15194.5302734375,15248.2197265625,15119.6201171875,15241.1201171875,4160440000
2023-10-12,2023-10-12T00:00:00Z,15264.1103515625,15333.98046875,15090.6904296875,15184.099609375,4858620000
2023-10-13,2023-10-13T00:00:00Z,15225.73046875,15232.3701171875,14943.419921875,14995.1201171875,4251550000
2023-10-16,2023-10-16T00:00:00Z,15054.48046875,15209.5,15047.26953125,15172.73046875,4308690000
2023-10-17,2023-10-17T00:00:00Z,15009.259765625,15187.0595703125,14932.76953125,15122.009765625,4417640000
2023-10-18,2023-10-18T00:00:00Z,15022.2802734375,15103.8701171875,14865.8095703125,14909.259765625,4617140000
2023-10-19,2023-10-19T00:00:00Z,14981.1298828125,15023.91015625,14749.2998046875,14783.1298828125,5014790000
2023-10-20,2023-10-20T00:00:00Z,14752.58984375,14781.2197265625,14552.1201171875,14560.8798828125,4622840000
2023-10-23,2023-10-23T00:00:00Z,14514.1103515625,14746.3701171875,14419.0595703125,14604.849609375,4669060000
2023-10-24,2023-10-24T00:00:00Z,14678.41015625,14774.16015625,14610.330078125,14745.8603515625,4604720000
2023-10-25,2023-10-25T00:00:00Z,14642.080078125,14643.6904296875,14362.240234375,14381.6396484375,4599850000
2023-10-26,2023-10-26T00:00:00Z,14314.009765625,14372.509765625,14058.330078125,14109.5703125,4894900000
2023-10-27,2023-10-27T00:00:00Z,14245.75,14321.0400390625,14130.3701171875,14180.419921875,4172100000
2023-10-30,2023-10-30T00:00:00Z,14283.98046875,14388.2001953125,14225.8603515625,14335.509765625,4149320000
2023-10-31,2023-10-31T00:00:00Z,14340.8603515625,14420.4404296875,14232.400390625,14409.7802734375,4315630000
2023-11-01,2023-11-01T00:00:00Z,14453.6796875,14677.8603515625,14441.8896484375,14664.91015625,4545120000
2023-11-02,2023-11-02T00:00:00Z,14856.9501953125,14930.759765625,14792.8095703125,14919.5498046875,4962950000
2023-11-03,2023-11-03T00:00:00Z,14985.1201171875,15149.7802734375,14965.2900390625,15099.490234375,4918750000
2023-11-06,2023-11-06T00:00:00Z,15137.16015625,15180.1904296875,15064.91015625,15154.9296875,4345850000
2023-11-07,2023-11-07T00:00:00Z,15201.76953125,15335.4404296875,15153.3095703125,15296.01953125,4354460000
2023-11-08,2023-11-08T00:00:00Z,15313.900390625,15343.1904296875,15220.8798828125,15313.240234375,4685550000
2023-11-09,2023-11-09T00:00:00Z,15351.1201171875,15382.1103515625,15171.3203125,15187.900390625,5313970000
2023-11-10,2023-11-10T00:00:00Z,15252.3603515625,15535.2001953125,15237.169921875,15529.1201171875,4722140000
2023-11-13,2023-11-13T00:00:00Z,15469.2099609375,15524.66015625,15404.7099609375,15482.7900390625,4349590000
2023-11-14,2023-11-14T00:00:00Z,15744.3603515625,15850.33984375,15726.1201171875,15812.4697265625,5332490000
2023-11-15,2023-11-15T00:00:00Z,15881.7197265625,15904.6298828125,15765.3095703125,15817.1796875,5063830000
2023-11-16,2023-11-16T00:00:00Z,15765.2001953125,15842.6298828125,15738.2197265625,15833.169921875,4545180000
2023-11-17,2023-11-17T00:00:00Z,15803.98046875,15876.8701171875,15766.9404296875,15837.990234375,4408640000
2023-11-20,2023-11-20T00:00:00Z,15845.2001953125,16056.759765625,15844.830078125,16027.0595703125,4561810000
2023-11-21,2023-11-21T00:00:00Z,15951.5498046875,15968.08984375,15866.8203125,15933.6201171875,4128600000
2023-11-22,2023-11-22T00:00:00Z,16025.740234375,16119.3095703125,15964.0400390625,16001.3896484375,3855240000
2023-11-24,2023-11-24T00:00:00Z,15974.849609375,16007.4296875,15940.6201171875,15982.009765625,2541840000
2023-11-27,2023-11-27T00:00:00Z,15969.7197265625,16045.2998046875,15932.1904296875,15961.98046875,4205880000
2023-11-28,2023-11-28T00:00:00Z,15940.2900390625,16031.51953125,15921.0703125,16010.4296875,4474400000
2023-11-29,2023-11-29T00:00:00Z,16111.3603515625,16166.509765625,15976.6904296875,15987.599609375,4890220000
2023-11-30,2023-11-30T00:00:00Z,15987.66015625,16013.48046875,15825.669921875,15947.8701171875,5678070000
2023-12-01,2023-12-01T00:00:00Z,15892.58984375,16013.75,15834.9296875,15997.580078125,5607000000
2023-12-04,2023-12-04T00:00:00Z,15837.1201171875,15852.4501953125,15695.580078125,15839.669921875,6270020000
2023-12-05,2023-12-05T00:00:00Z,15763.650390625,15931.83984375,15760.58984375,15877.7099609375,6179120000
2023-12-06,2023-12-06T00:00:00Z,15990.2001953125,15990.9404296875,15776.9501953125,15788.0498046875,5167030000
2023-12-07,2023-12-07T00:00:00Z,15888.23046875,16042.509765625,15875.48046875,16022.490234375,5694310000
2023-12-08,2023-12-08T00:00:00Z,15952.849609375,16100.8603515625,15937.580078125,16084.6904296875,5430840000
2023-12-11,2023-12-11T00:00:00Z,16069.6201171875,16232.259765625,16061.8701171875,16221.73046875,5607820000
2023-12-12,2023-12-12T00:00:00Z,16209.6103515625,16354.25,16175.4599609375,16354.25,4950100000
2023-12-13,2023-12-13T00:00:00Z,16392.1796875,16581.0390625,16357.2099609375,16562.369140625,6732040000
2023-12-14,2023-12-14T00:00:00Z,16603.5390625,16660.7109375,16419.259765625,16537.830078125,8033170000
2023-12-15,2023-12-15T00:00:00Z,16587.0,16669.76953125,16557.009765625,16623.44921875,8377630000
2023-12-18,2023-12-18T00:00:00Z,16631.109375,16764.3203125,16629.2890625,16729.80078125,5866080000
2023-12-19,2023-12-19T00:00:00Z,16734.25,16813.009765625,16733.380859375,16811.849609375,5757180000
2023-12-20,2023-12-20T00:00:00Z,16763.640625,16860.6796875,16552.060546875,16554.16015625,6294700000
2023-12-21,2023-12-21T00:00:00Z,16719.609375,16768.01953125,16621.51953125,16757.41015625,5465640000
2023-12-22,2023-12-22T00:00:00Z,16799.01953125,16839.25,16703.5703125,16777.400390625,4796600000
2023-12-26,2023-12-26T00:00:00Z,16816.779296875,16907.509765625,16813.5703125,16878.4609375,6120600000
2023-12-27,2023-12-27T00:00:00Z,16896.140625,16922.009765625,16859.55078125,16906.80078125,7480170000
2023-12-28,2023-12-28T00:00:00Z,16963.51953125,16969.169921875,16891.3203125,16898.470703125,5090570000
2023-12-29,2023-12-29T00:00:00Z,16902.439453125,16919.509765625,16757.890625,16825.9296875,5441060000
2024-01-02,2024-01-02T00:00:00Z,16667.30078125,16686.599609375,16453.150390625,16543.939453125,5791170000
2024-01-03,2024-01-03T00:00:00Z,16413.259765625,16471.080078125,16352.1396484375,16368.490234375,5449950000
2024-01-04,2024-01-04T00:00:00Z,16290.7802734375,16419.439453125,16276.4296875,16282.009765625,5289220000
2024-01-05,2024-01-05T00:00:00Z,16281.740234375,16415.390625,16249.1904296875,16305.98046875,5232820000
2024-01-08,2024-01-08T00:00:00Z,16354.2197265625,16655.23046875,16349.3896484375,16649.869140625,6337770000
2024-01-09,2024-01-09T00:00:00Z,16531.9609375,16710.880859375,16513.73046875,16678.69921875,5068410000
2024-01-10,2024-01-10T00:00:00Z,16702.55078125,16827.369140625,16654.740234375,16793.05078125,4404590000
2024-01-11,2024-01-11T00:00:00Z,16852.189453125,16898.16015625,16618.859375,16820.900390625,5044690000
2024-01-12,2024-01-12T00:00:00Z,16855.0,16900.369140625,16776.919921875,16832.919921875,4958940000
2024-01-16,2024-01-16T00:00:00Z,16775.099609375,16895.330078125,16726.58984375,16830.7109375,6386180000
2024-01-17,2024-01-17T00:00:00Z,16705.509765625,16749.109375,16561.490234375,16736.279296875,5181740000
2024-01-18,2024-01-18T00:00:00Z,16894.330078125,16996.98046875,16818.130859375,16982.2890625,5587440000
2024-01-19,2024-01-19T00:00:00Z,17060.140625,17317.2109375,17041.849609375,17314.0,5604950000
2024-01-22,2024-01-22T00:00:00Z,17403.619140625,17450.30078125,17309.869140625,17330.380859375,5456240000
2024-01-23,2024-01-23T00:00:00Z,17346.94921875,17410.859375,17286.01953125,17404.2109375,5207680000
2024-01-24,2024-01-24T00:00:00Z,17562.3203125,17665.259765625,17481.970703125,17499.30078125,4983210000
2024-01-25,2024-01-25T00:00:00Z,17589.26953125,17631.33984375,17430.369140625,17516.990234375,5281570000
2024-01-26,2024-01-26T00:00:00Z,17432.869140625,17514.759765625,17395.5390625,17421.009765625,4510530000
2024-01-29,2024-01-29T00:00:00Z,17438.029296875,17603.94921875,17414.619140625,17596.26953125,4979310000
2024-01-30,2024-01-30T00:00:00Z,17556.490234375,17578.4609375,17443.76953125,17476.7109375,4719240000
2024-01-31,2024-01-31T00:00:00Z,17269.98046875,17375.3203125,17128.740234375,17137.240234375,5875610000
2024-02-01,2024-02-01T00:00:00Z,17216.990234375,17356.759765625,17175.830078125,17344.7109375,5046920000
2024-02-02,2024-02-02T00:00:00Z,17415.939453125,17682.2890625,17378.369140625,17642.73046875,4800690000
2024-02-05,2024-02-05T00:00:00Z,17634.689453125,17655.76953125,17469.619140625,17613.0390625,4831020000
2024-02-06,2024-02-06T00:00:00Z,17664.439453125,17680.619140625,17475.4296875,17572.73046875,4759640000
2024-02-07,2024-02-07T00:00:00Z,17674.58984375,17784.169921875,17637.73046875,17755.0703125,4567580000
2024-02-08,2024-02-08T00:00:00Z,17757.599609375,17814.119140625,17728.55078125,17783.169921875,5675850000
2024-02-09,2024-02-09T00:00:00Z,17820.98046875,17987.900390625,17798.810546875,17962.41015625,5797260000
2024-02-12,2024-02-12T00:00:00Z,17942.279296875,18041.44921875,17859.66015625,17882.66015625,5458490000
2024-02-13,2024-02-13T00:00:00Z,17519.80078125,17717.669921875,17478.23046875,17600.419921875,5599860000
2024-02-14,2024-02-14T00:00:00Z,17728.900390625,17815.1796875,17619.919921875,17807.630859375,5092660000
2024-02-15,2024-02-15T00:00:00Z,17815.3203125,17864.58984375,17722.310546875,17845.720703125,6049100000
2024-02-16,2024-02-16T00:00:00Z,17853.58984375,17864.16015625,17663.400390625,17685.98046875,5223800000
2024-02-20,2024-02-20T00:00:00Z,17591.169921875,17657.080078125,17399.41015625,17546.099609375,5595700000
2024-02-21,2024-02-21T00:00:00Z,17412.7890625,17482.130859375,17319.439453125,17478.91015625,4845740000
2024-02-22,2024-02-22T00:00:00Z,17857.759765625,18034.80078125,17808.259765625,18004.69921875,5653930000
2024-02-23,2024-02-23T00:00:00Z,18052.58984375,18091.619140625,17902.779296875,17937.609375,5077910000
2024-02-26,2024-02-26T00:00:00Z,17970.2109375,18014.109375,17926.66015625,17933.330078125,5417630000
2024-02-27,2024-02-27T00:00:00Z,17962.580078125,17987.5390625,17871.060546875,17971.05078125,5423020000
2024-02-28,2024-02-28T00:00:00Z,17895.029296875,17931.009765625,17840.359375,17874.5,5581690000
2024-02-29,2024-02-29T00:00:00Z,17991.669921875,18068.51953125,17866.259765625,18043.849609375,6265340000
2024-03-01,2024-03-01T00:00:00Z,18069.2890625,18333.259765625,18064.439453125,18302.91015625,5457910000
2024-03-04,2024-03-04T00:00:00Z,18290.099609375,18313.4296875,18218.25,18226.48046875,5725470000
2024-03-05,2024-03-05T00:00:00Z,18088.7109375,18097.5,17804.5,17897.869140625,6356800000
2024-03-06,2024-03-06T00:00:00Z,18083.509765625,18142.880859375,17941.640625,18017.5703125,5511370000
2024-03-07,2024-03-07T00:00:00Z,18161.73046875,18337.94921875,18101.4296875,18297.990234375,5072790000
2024-03-08,2024-03-08T00:00:00Z,18312.7890625,18416.73046875,17995.380859375,18018.44921875,5411790000
2024-03-11,2024-03-11T00:00:00Z,17959.6796875,18003.05078125,17873.330078125,17951.689453125,4917620000
2024-03-12,2024-03-12T00:00:00Z,18063.01953125,18228.369140625,17919.330078125,18219.109375,5100330000
2024-03-13,2024-03-13T00:00:00Z,18151.759765625,18163.740234375,18030.400390625,18068.470703125,4839000000
2024-03-14,2024-03-14T00:00:00Z,18114.689453125,18142.900390625,17913.630859375,18014.810546875,5450980000
2024-03-15,2024-03-15T00:00:00Z,17926.919921875,17930.470703125,17764.990234375,17808.25,8261950000
2024-03-18,2024-03-18T00:00:00Z,18024.240234375,18124.3203125,17973.08984375,17985.009765625,5025040000
2024-03-19,2024-03-19T00:00:00Z,17902.51953125,18039.8203125,17809.150390625,18032.19921875,4758740000
2024-03-20,2024-03-20T00:00:00Z,18067.69921875,18249.119140625,18003.240234375,18240.109375,5298380000
2024-03-21,2024-03-21T00:00:00Z,18438.240234375,18464.69921875,18317.099609375,18320.380859375,5134740000
2024-03-22,2024-03-22T00:00:00Z,18293.150390625,18386.25,18267.490234375,18339.439453125,4339930000
2024-03-25,2024-03-25T00:00:00Z,18215.5390625,18337.349609375,18189.279296875,18277.060546875,4636940000
2024-03-26,2024-03-26T00:00:00Z,18329.2890625,18378.69921875,18207.880859375,18210.5390625,5144260000
2024-03-27,2024-03-27T00:00:00Z,18338.189453125,18344.08984375,18168.19921875,18280.83984375,4768930000
2024-03-28,2024-03-28T00:00:00Z,18263.41015625,18308.3203125,18231.380859375,18254.689453125,5174450000
2024-04-01,2024-04-01T00:00:00Z,18280.8203125,18391.580078125,18211.279296875,18293.19921875,4798390000
2024-04-02,2024-04-02T00:00:00Z,18076.4296875,18135.5703125,18002.26953125,18121.779296875,4710280000
2024-04-03,2024-04-03T00:00:00Z,18054.439453125,18238.669921875,18045.419921875,18160.189453125,5151500000
2024-04-04,2024-04-04T00:00:00Z,18331.01953125,18362.2890625,17875.75,17878.779296875,5368700000
2024-04-05,2024-04-05T00:00:00Z,17940.279296875,18202.9609375,17912.859375,18108.4609375,4578130000
2024-04-08,2024-04-08T00:00:00Z,18130.439453125,18178.66015625,18050.689453125,18100.189453125,4386700000
2024-04-09,2024-04-09T00:00:00Z,18188.869140625,18210.01953125,17973.0703125,18169.900390625,4869190000
2024-04-10,2024-04-10T00:00:00Z,17957.9609375,18040.830078125,17932.419921875,18011.66015625,5308250000
2024-04-11,2024-04-11T00:00:00Z,18085.109375,18337.150390625,17998.25,18307.98046875,4714750000
2024-04-12,2024-04-12T00:00:00Z,18117.669921875,18166.490234375,17952.08984375,18003.490234375,4552740000
2024-04-15,2024-04-15T00:00:00Z,18143.25,18152.080078125,17676.349609375,17706.830078125,4910550000
2024-04-16,2024-04-16T00:00:00Z,17691.44921875,17817.73046875,17660.890625,17713.66015625,5001860000
2024-04-17,2024-04-17T00:00:00Z,17785.8203125,17788.5390625,17459.5703125,17493.619140625,4991470000
2024-04-18,2024-04-18T00:00:00Z,17514.76953125,17590.810546875,17376.490234375,17394.310546875,4932540000
2024-04-19,2024-04-19T00:00:00Z,17334.7109375,17362.279296875,16973.939453125,17037.650390625,5316010000
2024-04-22,2024-04-22T00:00:00Z,17161.109375,17305.150390625,17010.25,17210.890625,4616730000
2024-04-23,2024-04-23T00:00:00Z,17297.240234375,17513.310546875,17277.25,17471.470703125,4951670000
2024-04-24,2024-04-24T00:00:00Z,17613.66015625,17653.66015625,17435.330078125,17526.80078125,4735870000
2024-04-25,2024-04-25T00:00:00Z,17205.279296875,17474.4609375,17172.419921875,17430.5,4743640000
2024-04-26,2024-04-26T00:00:00Z,17566.220703125,17772.779296875,17533.080078125,17718.30078125,4694400000
2024-04-29,2024-04-29T00:00:00Z,17801.140625,17820.0,17671.029296875,17782.720703125,4972520000
2024-04-30,2024-04-30T00:00:00Z,17720.349609375,17768.869140625,17440.689453125,17440.689453125,5229400000
2024-05-01,2024-05-01T00:00:00Z,17382.779296875,17667.859375,17284.369140625,17318.55078125,5277790000
2024-05-02,2024-05-02T00:00:00Z,17474.919921875,17575.80078125,17290.640625,17541.5390625,4901610000
2024-05-03,2024-05-03T00:00:00Z,17848.66015625,17926.98046875,17784.779296875,17890.80078125,4887310000
2024-05-06,2024-05-06T00:00:00Z,17950.98046875,18094.4609375,17937.279296875,18093.5703125,4460130000
2024-05-07,2024-05-07T00:00:00Z,18106.330078125,18156.3203125,18061.609375,18091.44921875,5041870000
2024-05-08,2024-05-08T00:00:00Z,17987.69921875,18135.33984375,17987.69921875,18085.009765625,4530190000
2024-05-09,2024-05-09T00:00:00Z,18095.80078125,18138.01953125,18012.619140625,18113.4609375,4505120000
2024-05-10,2024-05-10T00:00:00Z,18171.150390625,18247.609375,18099.73046875,18161.1796875,4402110000
2024-05-13,2024-05-13T00:00:00Z,18228.400390625,18233.5,18147.5703125,18198.609375,4452750000
2024-05-14,2024-05-14T00:00:00Z,18187.509765625,18339.580078125,18175.30078125,18322.76953125,7270240000
2024-05-15,2024-05-15T00:00:00Z,18412.810546875,18607.529296875,18359.3203125,18596.650390625,8538990000
2024-05-16,2024-05-16T00:00:00Z,18589.98046875,18669.5,18553.30078125,18557.9609375,11932600000
2024-05-17,2024-05-17T00:00:00Z,18571.8203125,18590.369140625,18462.25,18546.23046875,9587280000
2024-05-20,2024-05-20T00:00:00Z,18559.220703125,18703.830078125,18549.83984375,18674.189453125,6861320000
2024-05-21,2024-05-21T00:00:00Z,18603.990234375,18721.1796875,18589.91015625,18713.80078125,6245090000
2024-05-22,2024-05-22T00:00:00Z,18733.5390625,18756.689453125,18606.16015625,18705.19921875,7277340000
2024-05-23,2024-05-23T00:00:00Z,18907.140625,18907.5390625,18554.890625,18623.390625,7752800000
2024-05-24,2024-05-24T00:00:00Z,18669.359375,18851.990234375,18664.7890625,18808.349609375,5836040000
2024-05-28,2024-05-28T00:00:00Z,18855.150390625,18875.19921875,18755.939453125,18869.439453125,6293380000
2024-05-29,2024-05-29T00:00:00Z,18708.0703125,18814.8203125,18706.619140625,18736.75,6652480000
2024-05-30,2024-05-30T00:00:00Z,18683.25,18705.259765625,18487.759765625,18538.66015625,6659290000
2024-05-31,2024-05-31T00:00:00Z,18550.80078125,18574.560546875,18189.779296875,18536.650390625,6674090000
2024-06-03,2024-06-03T00:00:00Z,18666.720703125,18707.220703125,18392.5703125,18600.970703125,5422040000
2024-06-04,2024-06-04T00:00:00Z,18598.0,18697.94921875,18521.849609375,18654.83984375,4917350000
2024-06-05,2024-06-05T00:00:00Z,18791.279296875,19035.869140625,18768.25,19035.05078125,5325000000
2024-06-06,2024-06-06T00:00:00Z,19053.009765625,19071.7890625,18978.859375,19021.189453125,4960580000
2024-06-07,2024-06-07T00:00:00Z,18992.580078125,19113.880859375,18958.6796875,19000.94921875,4755650000
2024-06-10,2024-06-10T00:00:00Z,18945.310546875,19089.830078125,18940.7109375,19074.669921875,5207110000
2024-06-11,2024-06-11T00:00:00Z,19031.400390625,19212.630859375,18966.560546875,19210.1796875,5009220000
2024-06-12,2024-06-12T00:00:00Z,19358.259765625,19556.900390625,19347.279296875,19465.1796875,5560630000
2024-06-13,2024-06-13T00:00:00Z,19609.05078125,19639.44921875,19473.7109375,19576.919921875,4916020000
2024-06-14,2024-06-14T00:00:00Z,19557.220703125,19664.58984375,19534.619140625,19659.80078125,4973820000
2024-06-17,2024-06-17T00:00:00Z,19681.859375,19977.83984375,19623.7109375,19902.75,6061200000
2024-06-18,2024-06-18T00:00:00Z,19904.4296875,19940.5,19837.859375,19908.859375,5796180000
2024-06-20,2024-06-20T00:00:00Z,19962.970703125,19979.9296875,19685.029296875,19752.30078125,6289300000
2024-06-21,2024-06-21T00:00:00Z,19722.369140625,19801.970703125,19643.51953125,19700.4296875,8589160000
2024-06-24,2024-06-24T00:00:00Z,19648.23046875,19723.19921875,19472.529296875,19474.619140625,5503210000
2024-06-25,2024-06-25T00:00:00Z,19555.83984375,19712.419921875,19523.509765625,19701.130859375,4848280000
2024-06-26,2024-06-26T00:00:00Z,19671.0703125,19763.55078125,19654.1796875,19751.05078125,5294310000
2024-06-27,2024-06-27T00:00:00Z,19740.51953125,19850.810546875,19701.33984375,19789.029296875,5382060000
2024-06-28,2024-06-28T00:00:00Z,19817.0,20017.7109375,19665.849609375,19682.869140625,8960940000
2024-07-01,2024-07-01T00:00:00Z,19720.109375,19827.75,19577.5390625,19812.220703125,5189990000
2024-07-02,2024-07-02T00:00:00Z,19746.220703125,20014.919921875,19741.810546875,20011.890625,4526550000
2024-07-03,2024-07-03T00:00:00Z,19995.279296875,20186.630859375,19995.279296875,20186.630859375,3713960000
2024-07-05,2024-07-05T00:00:00Z,20224.130859375,20407.0,20201.5,20391.970703125,4851000000
2024-07-08,2024-07-08T00:00:00Z,20393.890625,20455.380859375,20363.369140625,20439.5390625,5286260000
2024-07-09,2024-07-09T00:00:00Z,20504.169921875,20543.900390625,20395.5703125,20453.01953125,4839140000
2024-07-10,2024-07-10T00:00:00Z,20533.26953125,20690.970703125,20479.939453125,20675.380859375,5228240000
2024-07-11,2024-07-11T00:00:00Z,20661.41015625,20672.099609375,20165.0,20211.359375,6366620000
2024-07-12,2024-07-12T00:00:00Z,20226.23046875,20526.080078125,20217.990234375,20331.490234375,5845930000
2024-07-15,2024-07-15T00:00:00Z,20401.01953125,20585.169921875,20304.529296875,20386.880859375,5450350000
2024-07-16,2024-07-16T00:00:00Z,20441.529296875,20477.0,20266.509765625,20398.619140625,5812930000
2024-07-17,2024-07-17T00:00:00Z,20041.310546875,20080.26953125,19793.75,19799.140625,6007280000
2024-07-18,2024-07-18T00:00:00Z,19936.240234375,19947.98046875,19575.7890625,19705.08984375,5977260000
2024-07-19,2024-07-19T00:00:00Z,19687.80078125,19784.48046875,19479.380859375,19522.619140625,4992930000
2024-07-22,2024-07-22T00:00:00Z,19751.01953125,19861.720703125,19638.369140625,19822.869140625,5093620000
2024-07-23,2024-07-23T00:00:00Z,19783.330078125,19904.599609375,19736.220703125,19754.33984375,4938000000
2024-07-24,2024-07-24T00:00:00Z,19475.66015625,19482.55078125,19005.470703125,19032.390625,6735560000
2024-07-25,2024-07-25T00:00:00Z,19041.150390625,19227.19921875,18721.7109375,18830.580078125,6114350000
2024-07-26,2024-07-26T00:00:00Z,18990.19921875,19142.6796875,18899.310546875,19023.66015625,5281560000
2024-07-29,2024-07-29T00:00:00Z,19122.4296875,19224.58984375,18974.509765625,19059.490234375,4897230000
2024-07-30,2024-07-30T00:00:00Z,19129.560546875,19165.419921875,18667.220703125,18796.26953125,5564310000
2024-07-31,2024-07-31T00:00:00Z,19222.849609375,19426.619140625,19162.91015625,19362.4296875,6292560000
2024-08-01,2024-08-01T00:00:00Z,19375.970703125,19538.970703125,18737.08984375,18890.390625,6664550000
2024-08-02,2024-08-02T00:00:00Z,18494.240234375,18628.779296875,18263.5,18440.849609375,6313870000
2024-08-05,2024-08-05T00:00:00Z,17444.400390625,18169.490234375,17435.390625,17895.16015625,6852190000
2024-08-06,2024-08-06T00:00:00Z,17961.44921875,18368.6796875,17858.8203125,18077.919921875,5908930000
2024-08-07,2024-08-07T00:00:00Z,18345.44921875,18445.75,17851.080078125,17867.369140625,5913620000
2024-08-08,2024-08-08T00:00:00Z,18102.05078125,18445.41015625,17965.0703125,18413.8203125,5815880000
2024-08-09,2024-08-09T00:00:00Z,18373.890625,18567.630859375,18313.779296875,18513.099609375,5783410000
2024-08-12,2024-08-12T00:00:00Z,18548.23046875,18665.75,18433.609375,18542.029296875,4890850000
2024-08-13,2024-08-13T00:00:00Z,18724.83984375,19013.009765625,18723.740234375,19006.4296875,5469160000
2024-08-14,2024-08-14T00:00:00Z,19043.759765625,19103.0,18837.099609375,19022.6796875,4985480000
2024-08-15,2024-08-15T00:00:00Z,19251.859375,19502.919921875,19239.939453125,19490.150390625,5478170000
2024-08-16,2024-08-16T00:00:00Z,19393.73046875,19561.240234375,19376.720703125,19508.51953125,5138150000
2024-08-19,2024-08-19T00:00:00Z,19521.9296875,19767.4296875,19445.099609375,19766.490234375,5564300000
2024-08-20,2024-08-20T00:00:00Z,19736.349609375,19835.380859375,19652.1796875,19719.8203125,5305260000
2024-08-21,2024-08-21T00:00:00Z,19758.470703125,19885.33984375,19690.640625,19824.83984375,4765150000
2024-08-22,2024-08-22T00:00:00Z,19911.279296875,19938.890625,19459.859375,19491.83984375,5065360000
2024-08-23,2024-08-23T00:00:00Z,19669.779296875,19818.400390625,19526.630859375,19720.869140625,5380810000
2024-08-26,2024-08-26T00:00:00Z,19679.240234375,19726.900390625,19437.33984375,19516.439453125,5110940000
2024-08-27,2024-08-27T00:00:00Z,19450.5703125,19617.919921875,19369.529296875,19581.51953125,4362380000
2024-08-28,2024-08-28T00:00:00Z,19567.44921875,19587.0390625,19221.48046875,19350.779296875,5211920000
2024-08-29,2024-08-29T00:00:00Z,19425.279296875,19622.73046875,19281.650390625,19325.44921875,5727780000
2024-08-30,2024-08-30T00:00:00Z,19506.26953125,19582.169921875,19326.619140625,19574.640625,5531150000
2024-09-03,2024-09-03T00:00:00Z,19438.109375,19438.109375,18869.80078125,18958.740234375,5813970000
2024-09-04,2024-09-04T00:00:00Z,18832.640625,19070.8203125,18808.759765625,18921.400390625,5011820000
2024-09-05,2024-09-05T00:00:00Z,18864.419921875,19102.359375,18806.830078125,18930.330078125,4983030000
2024-09-06,2024-09-06T00:00:00Z,18903.029296875,18930.76953125,18400.970703125,18421.310546875,5549030000
2024-09-09,2024-09-09T00:00:00Z,18579.80078125,18693.859375,18469.400390625,18660.779296875,5132150000
2024-09-10,2024-09-10T00:00:00Z,18722.150390625,18845.740234375,18570.669921875,18829.140625,4963740000
2024-09-11,2024-09-11T00:00:00Z,18866.0,19266.390625,18531.580078125,19237.30078125,6086930000
2024-09-12,2024-09-12T00:00:00Z,19236.419921875,19456.41015625,19166.80078125,19423.0703125,4983120000
2024-09-13,2024-09-13T00:00:00Z,19396.099609375,19556.80078125,19384.689453125,19514.58984375,4802880000
2024-09-16,2024-09-16T00:00:00Z,19412.7890625,19446.060546875,19294.1796875,19423.060546875,4675530000
2024-09-17,2024-09-17T00:00:00Z,19539.75,19596.33984375,19337.119140625,19432.400390625,4959520000
2024-09-18,2024-09-18T00:00:00Z,19478.509765625,19643.509765625,19330.810546875,19344.490234375,5611630000
2024-09-19,2024-09-19T00:00:00Z,19798.7109375,19951.7890625,19723.939453125,19839.830078125,5574650000
2024-09-20,2024-09-20T00:00:00Z,19816.2890625,19845.69921875,19632.73046875,19791.490234375,9914480000
2024-09-23,2024-09-23T00:00:00Z,19848.7109375,19892.779296875,19797.8203125,19852.19921875,5237310000
2024-09-24,2024-09-24T00:00:00Z,19917.560546875,19984.470703125,19739.669921875,19944.83984375,5347580000
2024-09-25,2024-09-25T00:00:00Z,19922.279296875,20043.4296875,19921.220703125,19972.609375,4858060000
2024-09-26,2024-09-26T00:00:00Z,20273.30078125,20273.30078125,19966.990234375,20115.5390625,5669210000
2024-09-27,2024-09-27T00:00:00Z,20147.279296875,20152.529296875,19964.130859375,20008.619140625,5367890000
2024-09-30,2024-09-30T00:00:00Z,19959.259765625,20072.4296875,19852.849609375,20060.689453125,5846150000
2024-10-01,2024-10-01T00:00:00Z,20046.060546875,20056.19921875,19622.2890625,19773.30078125,5879980000
2024-10-02,2024-10-02T00:00:00Z,19725.94921875,19876.69921875,19630.91015625,19802.58984375,5489040000
2024-10-03,2024-10-03T00:00:00Z,19712.330078125,19902.69921875,19688.220703125,19793.33984375,5208990000
2024-10-04,2024-10-04T00:00:00Z,20025.16015625,20045.689453125,19829.490234375,20035.01953125,5136070000
2024-10-07,2024-10-07T00:00:00Z,19954.66015625,19990.119140625,19763.0390625,19800.740234375,5240320000
2024-10-08,2024-10-08T00:00:00Z,19902.2109375,20132.669921875,19881.080078125,20107.779296875,5566510000
2024-10-09,2024-10-09T00:00:00Z,20097.560546875,20284.419921875,20047.859375,20268.859375,5228670000
2024-10-10,2024-10-10T00:00:00Z,20165.25,20314.240234375,20117.19921875,20241.759765625,5855390000
2024-10-11,2024-10-11T00:00:00Z,20154.83984375,20313.19921875,20142.1796875,20271.970703125,5140440000
2024-10-14,2024-10-14T00:00:00Z,20366.060546875,20493.900390625,20355.060546875,20439.05078125,4894710000
2024-10-15,2024-10-15T00:00:00Z,20442.76953125,20484.310546875,20083.560546875,20159.830078125,6522700000
2024-10-16,2024-10-16T00:00:00Z,20172.869140625,20200.58984375,20036.73046875,20174.05078125,5257570000
2024-10-17,2024-10-17T00:00:00Z,20375.2890625,20377.650390625,20186.4296875,20190.419921875,5806860000
2024-10-18,2024-10-18T00:00:00Z,20288.48046875,20360.2890625,20273.55078125,20324.0390625,5090190000
2024-10-21,2024-10-21T00:00:00Z,20280.490234375,20386.6796875,20193.029296875,20361.470703125,6092180000
2024-10-22,2024-10-22T00:00:00Z,20256.970703125,20437.9296875,20218.849609375,20390.4609375,6407180000
2024-10-23,2024-10-23T00:00:00Z,20303.55078125,20312.779296875,19934.919921875,20066.9609375,6245610000
2024-10-24,2024-10-24T00:00:00Z,20197.619140625,20256.380859375,20116.880859375,20232.869140625,5761280000
2024-10-25,2024-10-25T00:00:00Z,20354.91015625,20552.8203125,20322.25,20352.01953125,6100040000
2024-10-28,2024-10-28T00:00:00Z,20455.009765625,20470.4296875,20344.8203125,20351.0703125,5641660000
2024-10-29,2024-10-29T00:00:00Z,20369.080078125,20600.099609375,20294.580078125,20550.650390625,6881170000
2024-10-30,2024-10-30T00:00:00Z,20510.919921875,20559.51953125,20378.75,20387.69921875,6514690000
2024-10-31,2024-10-31T00:00:00Z,20227.189453125,20227.189453125,19880.259765625,19890.419921875,6411940000
2024-11-01,2024-11-01T00:00:00Z,19955.830078125,20162.5390625,19950.990234375,20033.140625,5896470000
2024-11-04,2024-11-04T00:00:00Z,20011.55078125,20106.990234375,19898.5703125,19963.599609375,5762320000
2024-11-05,2024-11-05T00:00:00Z,20042.9296875,20249.2109375,20042.9296875,20227.4609375,7060340000
2024-11-06,2024-11-06T00:00:00Z,20571.2890625,20807.029296875,20526.640625,20781.330078125,8138050000
2024-11-07,2024-11-07T00:00:00Z,20896.41015625,21132.80078125,20896.41015625,21101.5703125,9232670000
2024-11-08,2024-11-08T00:00:00Z,21083.580078125,21155.0,21050.3203125,21117.1796875,7316010000
2024-11-11,2024-11-11T00:00:00Z,21171.240234375,21182.029296875,20993.48046875,21106.58984375,8087930000
2024-11-12,2024-11-12T00:00:00Z,21105.490234375,21144.669921875,20946.740234375,21070.7890625,7816410000
2024-11-13,2024-11-13T00:00:00Z,21049.66015625,21154.939453125,20955.240234375,21036.16015625,9623670000
2024-11-14,2024-11-14T00:00:00Z,21052.0703125,21067.66015625,20864.01953125,20896.669921875,8680480000
2024-11-15,2024-11-15T00:00:00Z,20679.98046875,20684.560546875,20315.080078125,20394.130859375,8002270000
2024-11-18,2024-11-18T00:00:00Z,20450.2109375,20622.279296875,20401.259765625,20539.189453125,8455360000
2024-11-19,2024-11-19T00:00:00Z,20435.6796875,20696.470703125,20423.30078125,20684.58984375,7246610000
2024-11-20,2024-11-20T00:00:00Z,20660.83984375,20676.5703125,20402.5390625,20667.099609375,7121670000
2024-11-21,2024-11-21T00:00:00Z,20775.26953125,20814.9296875,20436.80078125,20740.779296875,7492540000
2024-11-22,2024-11-22T00:00:00Z,20737.490234375,20797.240234375,20655.720703125,20776.23046875,6575820000
2024-11-25,2024-11-25T00:00:00Z,20918.759765625,20998.490234375,20712.380859375,20804.890625,7932980000
2024-11-26,2024-11-26T00:00:00Z,20871.55078125,20944.900390625,20832.400390625,20922.900390625,6411770000
2024-11-27,2024-11-27T00:00:00Z,20852.4296875,20853.080078125,20615.419921875,20744.490234375,5619090000
2024-11-29,2024-11-29T00:00:00Z,20771.01953125,20956.310546875,20751.9609375,20930.369140625,4042550000
2024-12-02,2024-12-02T00:00:00Z,20971.759765625,21201.029296875,20971.759765625,21164.599609375,6370530000
2024-12-03,2024-12-03T00:00:00Z,21106.509765625,21235.7890625,21081.810546875,21229.3203125,6005160000
2024-12-04,2024-12-04T00:00:00Z,21361.810546875,21498.439453125,21340.83984375,21492.359375,7870030000
2024-12-05,2024-12-05T00:00:00Z,21488.51953125,21517.490234375,21411.529296875,21425.220703125,7229510000
2024-12-06,2024-12-06T00:00:00Z,21458.580078125,21626.310546875,21449.619140625,21622.25,6787610000
2024-12-09,2024-12-09T00:00:00Z,21573.759765625,21609.990234375,21400.76953125,21440.8203125,7884620000
2024-12-10,2024-12-10T00:00:00Z,21492.509765625,21567.01953125,21313.26953125,21368.1796875,6843850000
2024-12-11,2024-12-11T00:00:00Z,21540.380859375,21784.7109375,21533.890625,21763.98046875,6639720000
2024-12-12,2024-12-12T00:00:00Z,21652.849609375,21715.830078125,21596.669921875,21615.26953125,7047550000
2024-12-13,2024-12-13T00:00:00Z,21789.650390625,21886.740234375,21646.08984375,21780.25,6028250000
2024-12-16,2024-12-16T00:00:00Z,21891.359375,22133.220703125,21879.740234375,22096.66015625,8855040000
2024-12-17,2024-12-17T00:00:00Z,22003.640625,22062.0,21921.2109375,22001.080078125,9534350000
2024-12-18,2024-12-18T00:00:00Z,21979.529296875,22038.080078125,21146.830078125,21209.3203125,9996120000
2024-12-19,2024-12-19T00:00:00Z,21358.7890625,21413.740234375,21093.4609375,21110.509765625,8029590000
2024-12-20,2024-12-20T00:00:00Z,20939.640625,21540.3203125,20913.720703125,21289.150390625,10962450000
2024-12-23,2024-12-23T00:00:00Z,21364.259765625,21510.08984375,21224.26953125,21503.169921875,6820720000
2024-12-24,2024-12-24T00:00:00Z,21564.369140625,21797.650390625,21558.970703125,21797.650390625,4739190000
2024-12-26,2024-12-26T00:00:00Z,21733.98046875,21837.69921875,21645.619140625,21768.310546875,6467910000
2024-12-27,2024-12-27T00:00:00Z,21633.099609375,21642.259765625,21292.189453125,21473.01953125,7765120000
2024-12-30,2024-12-30T00:00:00Z,21189.099609375,21346.060546875,21046.630859375,21197.08984375,8384090000
2024-12-31,2024-12-31T00:00:00Z,21256.01953125,21276.140625,20979.51953125,21012.169921875,8873030000
2025-01-02,2025-01-02T00:00:00Z,21120.05078125,21236.58984375,20800.5,20975.619140625,8737550000
2025-01-03,2025-01-03T00:00:00Z,21096.7890625,21359.630859375,21075.890625,21326.16015625,8214050000
2025-01-06,2025-01-06T00:00:00Z,21551.1796875,21703.490234375,21462.51953125,21559.5,9586840000
2025-01-07,2025-01-07T00:00:00Z,21619.890625,21621.25,21101.08984375,21173.0390625,13371130000
2025-01-08,2025-01-08T00:00:00Z,21156.759765625,21242.609375,20992.080078125,21180.970703125,8851720000
2025-01-10,2025-01-10T00:00:00Z,21012.2890625,21015.509765625,20718.779296875,20847.580078125,8608880000
2025-01-13,2025-01-13T00:00:00Z,20593.650390625,20797.099609375,20538.330078125,20784.720703125,7830760000
2025-01-14,2025-01-14T00:00:00Z,20896.359375,20969.51953125,20622.720703125,20757.41015625,7168110000
2025-01-15,2025-01-15T00:00:00Z,21067.810546875,21286.009765625,21024.26953125,21237.849609375,7260250000
2025-01-16,2025-01-16T00:00:00Z,21324.98046875,21330.58984375,21087.849609375,21091.25,7085990000
2025-01-17,2025-01-17T00:00:00Z,21461.900390625,21515.759765625,21334.630859375,21441.16015625,7996360000
2025-01-21,2025-01-21T00:00:00Z,21557.8203125,21620.23046875,21379.060546875,21566.509765625,8015780000
2025-01-22,2025-01-22T00:00:00Z,21756.23046875,21943.0390625,21756.23046875,21853.0,7219060000
2025-01-23,2025-01-23T00:00:00Z,21737.240234375,21900.9296875,21722.0390625,21900.9296875,6837700000
2025-01-24,2025-01-24T00:00:00Z,21915.48046875,21945.48046875,21709.060546875,21774.009765625,7708150000
2025-01-27,2025-01-27T00:00:00Z,21000.169921875,21292.5390625,20974.900390625,21127.279296875,8870200000
2025-01-28,2025-01-28T00:00:00Z,21186.080078125,21500.73046875,21043.130859375,21463.0390625,7121740000
2025-01-29,2025-01-29T00:00:00Z,21473.009765625,21477.880859375,21251.80078125,21411.4609375,6497710000
2025-01-30,2025-01-30T00:00:00Z,21519.810546875,21623.44921875,21308.689453125,21508.119140625,6679500000
2025-01-31,2025-01-31T00:00:00Z,21661.560546875,21846.009765625,21425.7890625,21478.05078125,7947370000
2025-02-03,2025-02-03T00:00:00Z,21084.640625,21406.580078125,21004.349609375,21297.580078125,8272460000
2025-02-04,2025-02-04T00:00:00Z,21319.580078125,21582.400390625,21308.240234375,21566.919921875,6477050000
2025-02-05,2025-02-05T00:00:00Z,21453.869140625,21662.98046875,21408.640625,21658.16015625,6712220000
2025-02-06,2025-02-06T00:00:00Z,21674.169921875,21776.080078125,21618.25,21774.0703125,6642100000
2025-02-07,2025-02-07T00:00:00Z,21776.279296875,21869.3203125,21465.4609375,21491.310546875,7748940000
2025-02-10,2025-02-10T00:00:00Z,21670.060546875,21793.130859375,21645.169921875,21756.73046875,9535440000
2025-02-11,2025-02-11T00:00:00Z,21629.109375,21776.25,21625.509765625,21693.51953125,9269380000
2025-02-12,2025-02-12T00:00:00Z,21475.41015625,21745.66015625,21454.189453125,21719.259765625,7946550000
2025-02-13,2025-02-13T00:00:00Z,21786.16015625,22038.150390625,21758.0390625,22030.7109375,8414510000
2025-02-14,2025-02-14T00:00:00Z,22038.609375,22139.4296875,22010.349609375,22114.689453125,7995720000
2025-02-18,2025-02-18T00:00:00Z,22176.009765625,22191.369140625,22029.580078125,22164.609375,8683170000
2025-02-19,2025-02-19T00:00:00Z,22121.73046875,22222.609375,22045.75,22175.599609375,8171530000
2025-02-20,2025-02-20T00:00:00Z,22132.7109375,22148.439453125,21878.75,22068.060546875,7329270000
2025-02-21,2025-02-21T00:00:00Z,22110.5390625,22115.2109375,21597.16015625,21614.080078125,8461020000
2025-02-24,2025-02-24T00:00:00Z,21669.359375,21727.580078125,21341.9609375,21352.080078125,7414760000
2025-02-25,2025-02-25T00:00:00Z,21318.76953125,21326.810546875,20930.580078125,21087.25,7991440000
2025-02-26,2025-02-26T00:00:00Z,21170.509765625,21350.51953125,21012.619140625,21132.919921875,7034450000
2025-02-27,2025-02-27T00:00:00Z,21281.359375,21323.91015625,20540.6796875,20550.94921875,7700290000
2025-02-28,2025-02-28T00:00:00Z,20518.650390625,20900.76953125,20407.44921875,20884.41015625,8247520000
2025-03-03,2025-03-03T00:00:00Z,20989.580078125,21073.80078125,20279.5,20425.580078125,8170140000
2025-03-04,2025-03-04T00:00:00Z,20281.880859375,20688.4609375,20034.6796875,20352.529296875,8469180000
2025-03-05,2025-03-05T00:00:00Z,20363.220703125,20688.720703125,20182.5703125,20628.4609375,7048430000
2025-03-06,2025-03-06T00:00:00Z,20231.740234375,20473.41015625,19968.560546875,20052.630859375,7686200000
2025-03-07,2025-03-07T00:00:00Z,20015.619140625,20253.220703125,19736.810546875,20201.369140625,8135420000
2025-03-10,2025-03-10T00:00:00Z,19826.9609375,19867.080078125,19243.310546875,19430.94921875,8636040000
2025-03-11,2025-03-11T00:00:00Z,19405.51953125,19659.4296875,19180.560546875,19376.9609375,9177320000
2025-03-12,2025-03-12T00:00:00Z,19663.390625,19756.08984375,19375.25,19596.01953125,7746430000
2025-03-13,2025-03-13T00:00:00Z,19534.369140625,19558.560546875,19152.5703125,19225.48046875,7147050000
2025-03-14,2025-03-14T00:00:00Z,19458.890625,19729.2109375,19436.0390625,19704.640625,7093850000
2025-03-17,2025-03-17T00:00:00Z,19670.689453125,19943.810546875,19622.470703125,19812.240234375,6306340000
2025-03-18,2025-03-18T00:00:00Z,19657.099609375,19676.05078125,19397.080078125,19483.359375,6450530000
2025-03-19,2025-03-19T00:00:00Z,19576.3203125,19921.619140625,19497.7890625,19736.66015625,6302310000
2025-03-20,2025-03-20T00:00:00Z,19558.279296875,19888.849609375,19549.310546875,19677.609375,6098330000
2025-03-21,2025-03-21T00:00:00Z,19466.439453125,19767.98046875,19409.1796875,19753.970703125,8837930000
2025-03-24,2025-03-24T00:00:00Z,20041.2109375,20208.83984375,20024.970703125,20180.44921875,6787790000
2025-03-25,2025-03-25T00:00:00Z,20196.5,20292.189453125,20164.0703125,20287.830078125,6475790000
2025-03-26,2025-03-26T00:00:00Z,20239.0390625,20270.189453125,19848.490234375,19916.990234375,9091510000
2025-03-27,2025-03-27T00:00:00Z,19814.609375,20003.359375,19740.220703125,19798.619140625,8002470000
2025-03-28,2025-03-28T00:00:00Z,19718.4609375,19752.44921875,19241.5390625,19281.400390625,7015410000
2025-03-31,2025-03-31T00:00:00Z,18998.5390625,19316.060546875,18799.19921875,19278.44921875,8122180000
2025-04-01,2025-04-01T00:00:00Z,19192.76953125,19468.619140625,19095.169921875,19436.419921875,7756540000
2025-04-02,2025-04-02T00:00:00Z,19182.390625,19707.33984375,19157.19921875,19581.779296875,9126630000
2025-04-03,2025-04-03T00:00:00Z,18774.150390625,18902.0703125,18502.970703125,18521.470703125,9461330000
2025-04-04,2025-04-04T00:00:00Z,18022.16015625,18089.25,17387.830078125,17397.69921875,11038180000
2025-04-07,2025-04-07T00:00:00Z,16771.76953125,18191.5,16542.19921875,17430.6796875,12483580000
2025-04-08,2025-04-08T00:00:00Z,18034.4609375,18207.009765625,16850.1796875,17090.400390625,10496650000
2025-04-09,2025-04-09T00:00:00Z,17116.529296875,19234.01953125,17082.359375,19145.060546875,13479740000
2025-04-10,2025-04-10T00:00:00Z,18626.109375,18710.580078125,17794.5,18343.5703125,11861670000
2025-04-11,2025-04-11T00:00:00Z,18309.2890625,18728.94921875,18153.3203125,18690.05078125,9444890000
2025-04-14,2025-04-14T00:00:00Z,19095.490234375,19115.150390625,18614.759765625,18796.01953125,9667260000
2025-04-15,2025-04-15T00:00:00Z,18831.98046875,19004.169921875,18754.869140625,18830.23046875,7483050000
2025-04-16,2025-04-16T00:00:00Z,18475.759765625,18597.3203125,17995.9609375,18257.640625,7909190000
2025-04-17,2025-04-17T00:00:00Z,18369.900390625,18401.05078125,18144.4609375,18258.08984375,7046290000
2025-04-21,2025-04-21T00:00:00Z,18023.009765625,18043.080078125,17592.919921875,17808.30078125,6678730000
2025-04-22,2025-04-22T00:00:00Z,18033.900390625,18396.390625,17993.240234375,18276.41015625,6981900000
2025-04-23,2025-04-23T00:00:00Z,18870.630859375,19043.009765625,18618.890625,18693.259765625,8564870000
2025-04-24,2025-04-24T00:00:00Z,18756.529296875,19224.80078125,18744.470703125,19214.400390625,7607400000
2025-04-25,2025-04-25T00:00:00Z,19209.720703125,19447.560546875,19133.23046875,19432.560546875,7412930000
2025-04-28,2025-04-28T00:00:00Z,19432.720703125,19519.330078125,19162.4609375,19427.2890625,10313290000
2025-04-29,2025-04-29T00:00:00Z,19315.94921875,19582.76953125,19304.830078125,19544.94921875,13001930000
2025-04-30,2025-04-30T00:00:00Z,19168.08984375,19612.759765625,19011.98046875,19571.01953125,8595330000
2025-05-01,2025-05-01T00:00:00Z,19866.830078125,20024.48046875,19763.140625,19786.7109375,8409690000
2025-05-02,2025-05-02T00:00:00Z,19986.609375,20176.599609375,19936.669921875,20102.609375,8180190000
2025-05-05,2025-05-05T00:00:00Z,19928.8203125,20100.609375,19899.279296875,19967.939453125,7075320000
2025-05-06,2025-05-06T00:00:00Z,19709.640625,19927.23046875,19659.3203125,19791.349609375,6958220000
2025-05-07,2025-05-07T00:00:00Z,19804.5,19960.859375,19605.0703125,19867.970703125,7977870000
2025-05-08,2025-05-08T00:00:00Z,20067.4296875,20249.759765625,19907.669921875,20063.560546875,8500390000
2025-05-09,2025-05-09T00:00:00Z,20170.369140625,20203.580078125,19984.529296875,20061.44921875,8835140000
2025-05-12,2025-05-12T00:00:00Z,20818.779296875,20870.119140625,20613.26953125,20868.150390625,10717670000
2025-05-13,2025-05-13T00:00:00Z,20906.919921875,21259.390625,20891.1796875,21197.69921875,9242230000
2025-05-14,2025-05-14T00:00:00Z,21254.470703125,21336.48046875,21199.849609375,21319.2109375,11744820000
2025-05-15,2025-05-15T00:00:00Z,21206.73046875,21443.880859375,21168.169921875,21335.8203125,10546350000
2025-05-16,2025-05-16T00:00:00Z,21375.630859375,21428.7890625,21246.419921875,21427.939453125,10509820000
2025-05-19,2025-05-19T00:00:00Z,21138.130859375,21464.560546875,21138.130859375,21447.05078125,13080030000
2025-05-20,2025-05-20T00:00:00Z,21347.630859375,21399.990234375,21226.66015625,21367.369140625,9047100000
2025-05-21,2025-05-21T00:00:00Z,21217.310546875,21482.98046875,21002.099609375,21080.359375,11112460000
2025-05-22,2025-05-22T00:00:00Z,21097.4609375,21263.1796875,21046.220703125,21112.470703125,8289710000
2025-05-23,2025-05-23T00:00:00Z,20806.369140625,21025.580078125,20777.970703125,20915.66015625,8730370000
2025-05-27,2025-05-27T00:00:00Z,21201.44921875,21429.3203125,21145.130859375,21414.990234375,8927760000
2025-05-28,2025-05-28T00:00:00Z,21451.689453125,21508.080078125,21296.509765625,21318.169921875,8087530000
2025-05-29,2025-05-29T00:00:00Z,21611.5390625,21611.5390625,21260.73046875,21363.94921875,11016850000
2025-05-30,2025-05-30T00:00:00Z,21330.849609375,21386.2890625,21032.560546875,21340.990234375,9042260000
2025-06-02,2025-06-02T00:00:00Z,21270.5703125,21500.359375,21199.369140625,21491.75,7779940000
2025-06-03,2025-06-03T00:00:00Z,21529.98046875,21715.9609375,21474.509765625,21662.580078125,7990230000
2025-06-04,2025-06-04T00:00:00Z,21689.01953125,21761.369140625,21607.330078125,21721.919921875,7695660000
2025-06-05,2025-06-05T00:00:00Z,21782.33984375,21891.890625,21472.76953125,21547.4296875,8782360000
2025-06-06,2025-06-06T00:00:00Z,21777.5,21836.5703125,21696.689453125,21761.7890625,7291590000
2025-06-09,2025-06-09T00:00:00Z,21779.1796875,21855.150390625,21729.30078125,21797.869140625,9538700000
2025-06-10,2025-06-10T00:00:00Z,21819.7890625,21961.419921875,21727.33984375,21941.919921875,11221560000
2025-06-11,2025-06-11T00:00:00Z,21994.16015625,22041.830078125,21775.26953125,21860.80078125,10214190000
2025-06-12,2025-06-12T00:00:00Z,21826.7890625,21952.0,21807.0,21913.3203125,16308730000
2025-06-13,2025-06-13T00:00:00Z,21675.939453125,21838.470703125,21591.109375,21631.0390625,9001850000
2025-06-16,2025-06-16T00:00:00Z,21783.080078125,21979.76953125,21783.080078125,21937.5703125,9619130000
2025-06-17,2025-06-17T00:00:00Z,21858.890625,21896.419921875,21680.1796875,21719.080078125,8519930000
2025-06-18,2025-06-18T00:00:00Z,21745.5,21863.0,21660.51953125,21719.689453125,7818790000
2025-06-20,2025-06-20T00:00:00Z,21834.490234375,21902.990234375,21552.810546875,21626.390625,9969140000
2025-06-23,2025-06-23T00:00:00Z,21632.779296875,21871.869140625,21532.3203125,21856.330078125,9088000000
2025-06-24,2025-06-24T00:00:00Z,22053.330078125,22220.640625,22045.630859375,22190.51953125,8330090000
2025-06-25,2025-06-25T00:00:00Z,22279.689453125,22329.23046875,22175.080078125,22237.740234375,8256120000
2025-06-26,2025-06-26T00:00:00Z,22328.240234375,22466.990234375,22255.26953125,22447.2890625,8383380000
2025-06-27,2025-06-27T00:00:00Z,22484.869140625,22603.220703125,22382.7890625,22534.19921875,10951070000
2025-06-30,2025-06-30T00:00:00Z,22632.919921875,22721.5,22565.109375,22679.009765625,8220420000
2025-07-01,2025-07-01T00:00:00Z,22594.48046875,22631.259765625,22388.08984375,22478.130859375,8631710000
2025-07-02,2025-07-02T00:00:00Z,22451.810546875,22644.720703125,22448.0703125,22641.890625,8378750000
2025-07-03,2025-07-03T00:00:00Z,22751.640625,22896.009765625,22736.080078125,22866.970703125,6177910000
2025-07-07,2025-07-07T00:00:00Z,22754.380859375,22776.2109375,22587.470703125,22685.5703125,8345710000
2025-07-08,2025-07-08T00:00:00Z,22735.259765625,22761.80078125,22652.439453125,22702.25,8437480000
2025-07-09,2025-07-09T00:00:00Z,22800.359375,22915.330078125,22733.650390625,22864.91015625,9978310000
2025-07-10,2025-07-10T00:00:00Z,22890.4296875,22907.0390625,22716.41015625,22829.259765625,9781380000
2025-07-11,2025-07-11T00:00:00Z,22757.990234375,22837.380859375,22692.80078125,22780.599609375,8135800000
2025-07-14,2025-07-14T00:00:00Z,22780.189453125,22886.939453125,22675.279296875,22855.630859375,8010060000
2025-07-15,2025-07-15T00:00:00Z,23036.859375,23051.869140625,22876.470703125,22884.58984375,8399060000
2025-07-16,2025-07-16T00:00:00Z,22895.30078125,22928.55078125,22669.369140625,22907.970703125,9056640000
2025-07-17,2025-07-17T00:00:00Z,22931.01953125,23104.720703125,22905.509765625,23081.05078125,9994550000
2025-07-18,2025-07-18T00:00:00Z,23135.08984375,23153.2109375,23018.359375,23065.470703125,9354580000
2025-07-21,2025-07-21T00:00:00Z,23124.970703125,23264.44921875,23122.9296875,23180.060546875,12046970000
2025-07-22,2025-07-22T00:00:00Z,23182.01953125,23186.359375,22953.849609375,23063.580078125,10583710000
2025-07-23,2025-07-23T00:00:00Z,23100.25,23168.490234375,23000.4609375,23162.41015625,10972770000
2025-07-24,2025-07-24T00:00:00Z,23228.7890625,23268.490234375,23150.26953125,23219.869140625,12741070000
2025-07-25,2025-07-25T00:00:00Z,23204.66015625,23326.30078125,23193.990234375,23272.25,11028310000
2025-07-28,2025-07-28T00:00:00Z,23343.130859375,23386.759765625,23299.810546875,23356.26953125,10612580000
2025-07-29,2025-07-29T00:00:00Z,23477.83984375,23510.919921875,23283.400390625,23308.30078125,10040610000
2025-07-30,2025-07-30T00:00:00Z,23337.330078125,23447.150390625,23226.919921875,23345.41015625,9311770000
2025-07-31,2025-07-31T00:00:00Z,23589.369140625,23589.369140625,23176.119140625,23218.119140625,9917220000
2025-08-01,2025-08-01T00:00:00Z,22941.060546875,22972.470703125,22673.880859375,22763.310546875,9667420000
2025-08-04,2025-08-04T00:00:00Z,22986.76953125,23191.0390625,22973.599609375,23188.609375,7355970000
2025-08-05,2025-08-05T00:00:00Z,23235.310546875,23286.05078125,23008.140625,23018.560546875,7982940000
2025-08-06,2025-08-06T00:00:00Z,23070.94921875,23330.490234375,23042.26953125,23315.0390625,8580020000
2025-08-07,2025-08-07T00:00:00Z,23483.419921875,23560.73046875,23225.720703125,23389.529296875,8979190000
2025-08-08,2025-08-08T00:00:00Z,23458.130859375,23619.240234375,23437.609375,23611.26953125,8669200000
2025-08-11,2025-08-11T00:00:00Z,23629.01953125,23698.0,23484.25,23526.630859375,9099730000
2025-08-12,2025-08-12T00:00:00Z,23651.609375,23849.5,23524.279296875,23839.19921875,8382820000
2025-08-13,2025-08-13T00:00:00Z,23935.060546875,23969.279296875,23789.119140625,23849.0390625,8763080000
2025-08-14,2025-08-14T00:00:00Z,23775.009765625,23908.259765625,23748.98046875,23832.439453125,9110860000
2025-08-15,2025-08-15T00:00:00Z,23809.0,23813.990234375,23651.2109375,23712.0703125,8158830000
2025-08-18,2025-08-18T00:00:00Z,23692.130859375,23733.5,23637.41015625,23713.759765625,8260970000
2025-08-19,2025-08-19T00:00:00Z,23689.01953125,23695.640625,23346.33984375,23384.76953125,8461660000
2025-08-20,2025-08-20T00:00:00Z,23343.41015625,23343.41015625,22959.69921875,23249.5703125,7810310000
2025-08-21,2025-08-21T00:00:00Z,23182.759765625,23264.26953125,23046.390625,23142.580078125,6530580000
2025-08-22,2025-08-22T00:00:00Z,23184.990234375,23575.359375,23140.0390625,23498.119140625,9401300000
2025-08-25,2025-08-25T00:00:00Z,23454.279296875,23546.44921875,23382.189453125,23425.609375,8443200000
2025-08-26,2025-08-26T00:00:00Z,23420.849609375,23532.509765625,23369.0390625,23525.2890625,9087930000
2025-08-27,2025-08-27T00:00:00Z,23499.669921875,23591.05078125,23434.310546875,23565.849609375,8040510000
2025-08-28,2025-08-28T00:00:00Z,23601.349609375,23741.23046875,23514.69921875,23703.44921875,7807080000
2025-08-29,2025-08-29T00:00:00Z,23607.5390625,23607.5390625,23353.9609375,23415.419921875,7715430000
2025-09-02,2025-09-02T00:00:00Z,23020.470703125,23242.279296875,22977.880859375,23231.109375,8183410000
2025-09-03,2025-09-03T00:00:00Z,23388.279296875,23478.009765625,23279.119140625,23414.83984375,7488290000
2025-09-04,2025-09-04T00:00:00Z,23442.189453125,23639.0390625,23371.330078125,23633.009765625,7282150000
2025-09-05,2025-09-05T00:00:00Z,23841.98046875,23860.25,23475.330078125,23652.439453125,8413730000
2025-09-08,2025-09-08T00:00:00Z,23759.619140625,23851.810546875,23725.0390625,23762.30078125,8435850000
2025-09-09,2025-09-09T00:00:00Z,23824.330078125,23852.419921875,23698.0,23839.80078125,7877410000
2025-09-10,2025-09-10T00:00:00Z,23931.3203125,23958.5390625,23760.099609375,23849.26953125,9090550000
2025-09-11,2025-09-11T00:00:00Z,23956.5703125,24016.529296875,23883.009765625,23992.560546875,10025020000
2025-09-12,2025-09-12T00:00:00Z,24030.76953125,24137.060546875,23983.630859375,24092.189453125,9023140000
2025-09-15,2025-09-15T00:00:00Z,24178.599609375,24297.33984375,24173.140625,24293.779296875,8904030000
2025-09-16,2025-09-16T00:00:00Z,24342.75,24343.349609375,24244.2109375,24274.25,8592240000
2025-09-17,2025-09-17T00:00:00Z,24286.4296875,24292.060546875,23999.75,24223.689453125,9325980000
2025-09-18,2025-09-18T00:00:00Z,24421.2109375,24554.51953125,24347.5390625,24454.890625,10478450000
2025-09-19,2025-09-19T00:00:00Z,24528.439453125,24641.9296875,24469.279296875,24626.25,14632360000
2025-09-22,2025-09-22T00:00:00Z,24588.1796875,24781.73046875,24578.08984375,24761.0703125,9736270000
2025-09-23,2025-09-23T00:00:00Z,24752.740234375,24764.30078125,24536.5,24580.169921875,9822620000
2025-09-24,2025-09-24T00:00:00Z,24648.970703125,24650.419921875,24388.58984375,24503.5703125,9184030000
2025-09-25,2025-09-25T00:00:00Z,24321.73046875,24460.66015625,24186.369140625,24397.310546875,9960330000
2025-09-26,2025-09-26T00:00:00Z,24410.94921875,24510.369140625,24297.69921875,24503.849609375,8488400000
2025-09-29,2025-09-29T00:00:00Z,24629.01953125,24741.76953125,24560.220703125,24611.349609375,9046720000
2025-09-30,2025-09-30T00:00:00Z,24597.400390625,24691.23046875,24505.140625,24679.990234375,8928070000
2025-10-01,2025-10-01T00:00:00Z,24539.25,24816.669921875,24517.759765625,24800.859375,10043980000
2025-10-02,2025-10-02T00:00:00Z,24933.490234375,24944.75,24780.109375,24892.759765625,9633200000
2025-10-03,2025-10-03T00:00:00Z,24931.419921875,24958.259765625,24713.580078125,24785.51953125,10515730000
2025-10-06,2025-10-06T00:00:00Z,24986.259765625,25044.259765625,24907.599609375,24978.560546875,10468830000
2025-10-07,2025-10-07T00:00:00Z,25031.779296875,25062.9609375,24783.94921875,24840.23046875,10375920000
2025-10-08,2025-10-08T00:00:00Z,24887.3203125,25142.189453125,24882.349609375,25136.619140625,10925520000
2025-10-09,2025-10-09T00:00:00Z,25124.7890625,25139.349609375,24966.810546875,25098.1796875,10713200000
2025-10-10,2025-10-10T00:00:00Z,25116.830078125,25195.279296875,24207.150390625,24221.740234375,10713200000
2025-10-13,2025-10-13T00:00:00Z,24625.740234375,24779.650390625,24540.419921875,24750.25,9018770000
2025-10-14,2025-10-14T00:00:00Z,24442.9296875,24766.369140625,24256.279296875,24579.3203125,9776720000
2025-10-15,2025-10-15T00:00:00Z,24807.33984375,24933.23046875,24496.0703125,24745.359375,11374850000
2025-10-16,2025-10-16T00:00:00Z,24882.220703125,24998.30078125,24481.169921875,24657.240234375,11343620000
2025-10-17,2025-10-17T00:00:00Z,24600.55078125,24881.470703125,24511.58984375,24817.94921875,9552150000
2025-10-20,2025-10-20T00:00:00Z,24991.099609375,25183.810546875,24988.669921875,25141.01953125,9440620000
2025-10-21,2025-10-21T00:00:00Z,25139.80078125,25178.23046875,25043.060546875,25127.130859375,10845130000
2025-10-22,2025-10-22T00:00:00Z,25093.640625,25127.060546875,24652.109375,24879.009765625,14361150000
2025-10-23,2025-10-23T00:00:00Z,24869.599609375,25126.779296875,24856.33984375,25097.41015625,10363600000
2025-10-24,2025-10-24T00:00:00Z,25307.75,25418.640625,25288.7109375,25358.16015625,10308620000
2025-10-27,2025-10-27T00:00:00Z,25701.94921875,25839.029296875,25656.380859375,25821.55078125,10757830000
2025-10-28,2025-10-28T00:00:00Z,25932.640625,26087.48046875,25864.490234375,26012.150390625,10640830000
2025-10-29,2025-10-29T00:00:00Z,26147.720703125,26182.099609375,25907.44921875,26119.849609375,10089540000
2025-10-30,2025-10-30T00:00:00Z,25953.779296875,26031.6796875,25732.390625,25734.810546875,10564160000
2025-10-31,2025-10-31T00:00:00Z,26055.970703125,26063.490234375,25761.279296875,25858.130859375,10909250000
2025-11-03,2025-11-03T00:00:00Z,26114.109375,26132.869140625,25887.880859375,25972.939453125,10360170000
2025-11-04,2025-11-04T00:00:00Z,25580.33984375,25762.23046875,25415.619140625,25435.69921875,10227700000
2025-11-05,2025-11-05T00:00:00Z,25433.220703125,25750.880859375,25364.900390625,25620.029296875,10026890000
2025-11-06,2025-11-06T00:00:00Z,25568.240234375,25568.240234375,25083.240234375,25130.0390625,11085130000
2025-11-07,2025-11-07T00:00:00Z,24977.73046875,25065.140625,24603.779296875,25059.810546875,10141910000
2025-11-10,2025-11-10T00:00:00Z,25418.169921875,25655.509765625,25354.439453125,25611.740234375,9297320000
2025-11-11,2025-11-11T00:00:00Z,25500.9296875,25588.259765625,25380.859375,25533.490234375,7756810000
2025-11-12,2025-11-12T00:00:00Z,25662.189453125,25663.169921875,25389.73046875,25517.330078125,8449920000
2025-11-13,2025-11-13T00:00:00Z,25386.94921875,25396.009765625,24908.599609375,24993.4609375,11351410000
2025-11-14,2025-11-14T00:00:00Z,24658.55078125,25198.9296875,24534.900390625,25008.240234375,10841540000
2025-11-17,2025-11-17T00:00:00Z,24890.099609375,25166.150390625,24649.359375,24799.919921875,9744800000
2025-11-18,2025-11-18T00:00:00Z,24651.779296875,24735.119140625,24299.2890625,24503.099609375,8606260000
2025-11-19,2025-11-19T00:00:00Z,24517.26953125,24904.66015625,24432.189453125,24640.51953125,8434200000
2025-11-20,2025-11-20T00:00:00Z,25131.490234375,25222.94921875,24021.439453125,24054.380859375,10548620000
2025-11-21,2025-11-21T00:00:00Z,24137.66015625,24521.83984375,23854.029296875,24239.5703125,9931240000
2025-11-24,2025-11-24T00:00:00Z,24462.869140625,24923.58984375,24455.650390625,24873.849609375,9232160000
2025-11-25,2025-11-25T00:00:00Z,24790.0703125,25069.5390625,24542.7109375,25018.359375,8498500000
2025-11-26,2025-11-26T00:00:00Z,25168.310546875,25309.150390625,25077.859375,25236.939453125,7291400000
2025-11-28,2025-11-28T00:00:00Z,25310.279296875,25435.76953125,25280.9609375,25434.890625,4541070000
2025-12-01,2025-12-01T00:00:00Z,25232.75,25443.2109375,25158.630859375,25342.849609375,7859560000
2025-12-02,2025-12-02T00:00:00Z,25449.869140625,25622.580078125,25369.359375,25555.859375,7588580000
2025-12-03,2025-12-03T00:00:00Z,25443.7109375,25639.990234375,25388.439453125,25606.5390625,7962730000
2025-12-04,2025-12-04T00:00:00Z,25658.140625,25658.26953125,25450.380859375,25581.69921875,7456860000
2025-12-05,2025-12-05T00:00:00Z,25657.779296875,25827.080078125,25617.349609375,25692.05078125,8248280000
2025-12-08,2025-12-08T00:00:00Z,25758.8203125,25828.16015625,25531.75,25627.94921875,8533670000
2025-12-09,2025-12-09T00:00:00Z,25593.669921875,25698.259765625,25532.33984375,25668.689453125,7192600000
2025-12-10,2025-12-10T00:00:00Z,25631.58984375,25835.029296875,25504.30078125,25776.439453125,7987900000
2025-12-11,2025-12-11T00:00:00Z,25598.390625,25696.2890625,25372.1796875,25686.689453125,8337770000
2025-12-12,2025-12-12T00:00:00Z,25531.55078125,25605.880859375,25104.6796875,25196.73046875,8724070000
2025-12-15,2025-12-15T00:00:00Z,25352.869140625,25377.619140625,25022.810546875,25067.26953125,8649240000
2025-12-16,2025-12-16T00:00:00Z,24991.490234375,25188.759765625,24922.939453125,25132.939453125,7759960000
2025-12-17,2025-12-17T00:00:00Z,25167.859375,25193.41015625,24647.609375,24647.609375,8616140000
2025-12-18,2025-12-18T00:00:00Z,25031.490234375,25164.1796875,24921.44921875,25019.369140625,7977920000
2025-12-19,2025-12-19T00:00:00Z,25147.30078125,25354.8203125,25134.259765625,25346.1796875,12874560000
2025-12-22,2025-12-22T00:00:00Z,25527.6796875,25554.029296875,25401.58984375,25461.69921875,7244910000
2025-12-23,2025-12-23T00:00:00Z,25441.419921875,25590.029296875,25403.259765625,25587.830078125,7518190000
2025-12-24,2025-12-24T00:00:00Z,25582.33984375,25665.279296875,25556.849609375,25656.150390625,3885190000
2025-12-26,2025-12-26T00:00:00Z,25692.6796875,25716.7109375,25620.3203125,25644.390625,5170300000
2025-12-29,2025-12-29T00:00:00Z,25462.25,25598.140625,25440.970703125,25525.560546875,6527530000
2025-12-30,2025-12-30T00:00:00Z,25509.880859375,25577.580078125,25456.9296875,25462.560546875,6769300000
2025-12-31,2025-12-31T00:00:00Z,25464.7109375,25483.76953125,25244.859375,25249.849609375,5895130000
2026-01-02,2026-01-02T00:00:00Z,25524.26953125,25597.650390625,25086.359375,25206.169921875,7331460000
2026-01-05,2026-01-05T00:00:00Z,25471.7890625,25520.51953125,25354.66015625,25401.3203125,8737320000
2026-01-06,2026-01-06T00:00:00Z,25462.060546875,25655.119140625,25428.080078125,25639.7109375,9012640000
2026-01-07,2026-01-07T00:00:00Z,25617.80078125,25813.169921875,25592.400390625,25653.900390625,8396920000
2026-01-08,2026-01-08T00:00:00Z,25615.349609375,25622.310546875,25400.16015625,25507.099609375,7723140000
2026-01-09,2026-01-09T00:00:00Z,25518.8203125,25811.44921875,25455.970703125,25766.259765625,8124420000
2026-01-12,2026-01-12T00:00:00Z,25616.810546875,25850.859375,25602.560546875,25787.66015625,8707170000
2026-01-13,2026-01-13T00:00:00Z,25779.279296875,25873.1796875,25642.109375,25741.94921875,9416400000
2026-01-14,2026-01-14T00:00:00Z,25575.5703125,25624.189453125,25266.19921875,25465.939453125,12165220000
2026-01-15,2026-01-15T00:00:00Z,25767.30078125,25781.029296875,25520.19921875,25547.0703125,9740630000
2026-01-16,2026-01-16T00:00:00Z,25710.599609375,25735.48046875,25444.279296875,25529.259765625,9514500000
2026-01-20,2026-01-20T00:00:00Z,25155.029296875,25279.779296875,24954.1796875,24987.5703125,9469480000
2026-01-21,2026-01-21T00:00:00Z,25048.55078125,25498.810546875,24993.98046875,25326.580078125,9162740000
2026-01-22,2026-01-22T00:00:00Z,25548.380859375,25576.51953125,25399.490234375,25518.349609375,9034850000
2026-01-23,2026-01-23T00:00:00Z,25501.91015625,25709.740234375,25435.01953125,25605.470703125,8228760000
2026-01-26,2026-01-26T00:00:00Z,25631.009765625,25797.099609375,25578.76953125,25713.2109375,7505250000
2026-01-27,2026-01-27T00:00:00Z,25852.0390625,25982.58984375,25791.75,25939.740234375,8026050000
2026-01-28,2026-01-28T00:00:00Z,26121.740234375,26165.080078125,25974.66015625,26022.7890625,8151580000
2026-01-29,2026-01-29T00:00:00Z,26030.080078125,26046.33984375,25418.5390625,25884.30078125,8782210000
2026-01-30,2026-01-30T00:00:00Z,25740.189453125,25823.2890625,25456.1796875,25552.390625,9255930000
2026-02-02,2026-02-02T00:00:00Z,25491.640625,25833.119140625,25478.5,25738.609375,8882530000
2026-02-03,2026-02-03T00:00:00Z,25811.05078125,25840.0390625,25112.4609375,25338.619140625,10306320000
2026-02-04,2026-02-04T00:00:00Z,25240.380859375,25275.259765625,24681.26953125,24891.240234375,10862000000
2026-02-05,2026-02-05T00:00:00Z,24614.859375,24854.560546875,24455.400390625,24548.689453125,10109230000
2026-02-06,2026-02-06T00:00:00Z,24655.25,25131.33984375,24622.330078125,25075.76953125,9054400000
2026-02-09,2026-02-09T00:00:00Z,24953.6796875,25337.5390625,24876.279296875,25268.140625,8174050000
2026-02-10,2026-02-10T00:00:00Z,25314.23046875,25363.119140625,25113.4296875,25127.640625,8513440000
2026-02-11,2026-02-11T00:00:00Z,25335.91015625,25382.83984375,24980.2890625,25201.259765625,9927010000
2026-02-12,2026-02-12T00:00:00Z,25261.330078125,25310.560546875,24643.73046875,24687.609375,8855290000
2026-02-13,2026-02-13T00:00:00Z,24662.94921875,24921.470703125,24514.9609375,24732.73046875,7964830000
2026-02-17,2026-02-17T00:00:00Z,24567.5390625,24818.30078125,24387.470703125,24701.599609375,7654300000
2026-02-18,2026-02-18T00:00:00Z,24744.880859375,25057.2109375,24696.830078125,24898.869140625,7705590000
2026-02-19,2026-02-19T00:00:00Z,24771.650390625,24890.119140625,24690.869140625,24797.33984375,6984780000
2026-02-20,2026-02-20T00:00:00Z,24637.3203125,25077.560546875,24633.599609375,25012.619140625,8063070000
2026-02-23,2026-02-23T00:00:00Z,24935.51953125,24984.8203125,24618.23046875,24708.939453125,8263920000
2026-02-24,2026-02-24T00:00:00Z,24763.83984375,25022.919921875,24643.689453125,24977.0390625,7932270000
2026-02-25,2026-02-25T00:00:00Z,25137.720703125,25343.970703125,25137.619140625,25329.0390625,8427450000
2026-02-26,2026-02-26T00:00:00Z,25278.25,25288.23046875,24820.55078125,25034.369140625,9033470000
2026-02-27,2026-02-27T00:00:00Z,24808.0,24987.9609375,24747.25,24960.0390625,9552610000
2026-03-02,2026-03-02T00:00:00Z,24599.41015625,25059.169921875,24575.5390625,24992.599609375,8303030000
2026-03-03,2026-03-03T00:00:00Z,24497.380859375,24810.25,24315.83984375,24720.080078125,9705500000
2026-03-04,2026-03-04T00:00:00Z,24850.939453125,25179.359375,24795.529296875,25093.6796875,10918410000
2026-03-05,2026-03-05T00:00:00Z,24992.73046875,25174.310546875,24744.560546875,25020.41015625,10994660000
2026-03-06,2026-03-06T00:00:00Z,24663.740234375,24886.69921875,24579.859375,24643.01953125,9300220000
2026-03-09,2026-03-09T00:00:00Z,24429.669921875,25019.16015625,24289.220703125,24967.25,9797740000
2026-03-10,2026-03-10T00:00:00Z,25002.609375,25189.169921875,24871.439453125,24956.470703125,8800580000
2026-03-11,2026-03-11T00:00:00Z,25053.240234375,25152.119140625,24856.599609375,24965.009765625,8348570000
2026-03-12,2026-03-12T00:00:00Z,24771.3203125,24809.26953125,24522.240234375,24533.580078125,8490850000
2026-03-13,2026-03-13T00:00:00Z,24660.189453125,24786.650390625,24336.529296875,24380.73046875,8278740000
2026-03-16,2026-03-16T00:00:00Z,24646.1796875,24794.2890625,24606.4609375,24655.33984375,8208800000
2026-03-17,2026-03-17T00:00:00Z,24760.26953125,24884.6796875,24721.560546875,24780.419921875,8505210000
2026-03-18,2026-03-18T00:00:00Z,24727.0703125,24763.580078125,24417.380859375,24425.08984375,9325170000
2026-03-19,2026-03-19T00:00:00Z,24119.369140625,24462.150390625,24100.880859375,24355.279296875,8547870000
2026-03-20,2026-03-20T00:00:00Z,24257.560546875,24267.33984375,23759.970703125,23898.150390625,11743490000
2026-03-23,2026-03-23T00:00:00Z,24270.76953125,24465.16015625,24097.6796875,24188.58984375,8895880000
2026-03-24,2026-03-24T00:00:00Z,24042.23046875,24170.830078125,23927.689453125,24002.44921875,8488380000
2026-03-25,2026-03-25T00:00:00Z,24236.400390625,24314.25,24081.380859375,24162.98046875,8056920000
2026-03-26,2026-03-26T00:00:00Z,23913.189453125,24029.509765625,23574.720703125,23586.990234375,7726590000
2026-03-27,2026-03-27T00:00:00Z,23463.740234375,23472.890625,23088.990234375,23132.76953125,8713310000
2026-03-30,2026-03-30T00:00:00Z,23307.75,23356.75,22841.419921875,22953.380859375,9234380000
2026-03-31,2026-03-31T00:00:00Z,23208.0,23789.599609375,23198.640625,23740.189453125,10645070000
2026-04-01,2026-04-01T00:00:00Z,23883.2890625,24162.6796875,23871.609375,24019.990234375,8801740000
2026-04-02,2026-04-02T00:00:00Z,23621.73046875,24076.349609375,23512.599609375,24045.529296875,8134780000
2026-04-06,2026-04-06T00:00:00Z,24143.01953125,24265.140625,24039.029296875,24192.169921875,7907270000
2026-04-07,2026-04-07T00:00:00Z,24109.5703125,24209.279296875,23779.849609375,24202.369140625,10796020000
2026-04-08,2026-04-08T00:00:00Z,25045.359375,25045.359375,24756.9296875,24903.169921875,10411670000
2026-04-09,2026-04-09T00:00:00Z,24918.279296875,25097.44921875,24788.919921875,25082.08984375,8662470000
2026-04-10,2026-04-10T00:00:00Z,25165.060546875,25226.060546875,25057.650390625,25116.33984375,8700640000
2026-04-13,2026-04-13T00:00:00Z,25069.0703125,25387.689453125,24999.19921875,25383.720703125,7925320000
2026-04-14,2026-04-14T00:00:00Z,25514.55078125,25842.0,25514.55078125,25842.0,9105660000
2026-04-15,2026-04-15T00:00:00Z,25859.189453125,26214.5703125,25828.759765625,26204.580078125,10206480000
2026-04-16,2026-04-16T00:00:00Z,26256.880859375,26400.51953125,26113.650390625,26333.0,9963610000
2026-04-17,2026-04-17T00:00:00Z,26551.16015625,26719.560546875,26481.240234375,26672.4296875,10159120000
2026-04-20,2026-04-20T00:00:00Z,26662.3203125,26670.119140625,26412.51953125,26590.33984375,8379940000
2026-04-21,2026-04-21T00:00:00Z,26658.849609375,26730.640625,26405.30078125,26479.470703125,9309940000
2026-04-22,2026-04-22T00:00:00Z,26715.919921875,26942.130859375,26662.880859375,26937.279296875,8080930000
2026-04-23,2026-04-23T00:00:00Z,26844.609375,27007.869140625,26540.3203125,26782.630859375,7956600000
2026-04-24,2026-04-24T00:00:00Z,27082.419921875,27314.2109375,26986.390625,27303.669921875,10203070000
2026-04-27,2026-04-27T00:00:00Z,27278.279296875,27315.23046875,27158.880859375,27305.6796875,8126500000
2026-04-28,2026-04-28T00:00:00Z,26988.76953125,27115.76953125,26877.58984375,27029.009765625,7441950000
2026-04-29,2026-04-29T00:00:00Z,27069.359375,27199.720703125,26995.380859375,27186.98046875,8147470000
2026-04-30,2026-04-30T00:00:00Z,27328.98046875,27488.029296875,27029.41015625,27452.119140625,8139190000
2026-05-01,2026-05-01T00:00:00Z,27508.5703125,27787.119140625,27501.4296875,27710.359375,7534290000
2026-05-04,2026-05-04T00:00:00Z,27731.33984375,27822.369140625,27504.08984375,27651.8203125,7849180000
2026-05-05,2026-05-05T00:00:00Z,27895.05078125,28065.630859375,27844.23046875,28015.060546875,8090030000
2026-05-06,2026-05-06T00:00:00Z,28234.01953125,28608.6796875,28208.23046875,28599.169921875,8864150000
2026-05-07,2026-05-07T00:00:00Z,28612.5390625,28825.51953125,28440.05078125,28563.94921875,9118880000
2026-05-08,2026-05-08T00:00:00Z,28768.119140625,29234.990234375,28751.2109375,29234.990234375,9577150000
2026-05-11,2026-05-11T00:00:00Z,29185.830078125,29372.4296875,29143.19921875,29320.66015625,11989910000
2026-05-12,2026-05-12T00:00:00Z,29067.359375,29188.0703125,28628.640625,29064.80078125,9631840000
2026-05-13,2026-05-13T00:00:00Z,29159.94921875,29452.259765625,28968.55078125,29366.939453125,9734720000
2026-05-14,2026-05-14T00:00:00Z,29372.650390625,29678.890625,29350.099609375,29580.30078125,9860060000
2026-05-15,2026-05-15T00:00:00Z,29191.359375,29387.439453125,28991.419921875,29125.19921875,9584430000
2026-05-18,2026-05-18T00:00:00Z,29246.19921875,29250.150390625,28717.5703125,28994.369140625,10327940000
2026-05-19,2026-05-19T00:00:00Z,28795.01953125,29031.919921875,28567.16015625,28818.83984375,9895620000
2026-05-20,2026-05-20T00:00:00Z,29006.5703125,29301.279296875,28919.439453125,29297.69921875,9268370000
2026-05-21,2026-05-21T00:00:00Z,29150.130859375,29463.490234375,29040.0390625,29357.26953125,8627780000
2026-05-22,2026-05-22T00:00:00Z,29476.2890625,29663.890625,29423.630859375,29481.640625,9265090000
2026-05-26,2026-05-26T00:00:00Z,29854.580078125,30044.490234375,29753.08984375,30001.3203125,9718120000
2026-05-27,2026-05-27T00:00:00Z,30081.279296875,30099.7890625,29808.890625,29973.5703125,9240640000
2026-05-28,2026-05-28T00:00:00Z,30030.630859375,30263.189453125,29848.759765625,30223.890625,9224620000
2026-05-29,2026-05-29T00:00:00Z,30333.859375,30470.029296875,30210.009765625,30333.1796875,11906000000
2026-06-01,2026-06-01T00:00:00Z,30295.25,30633.55078125,30241.19921875,30513.859375,10199240000
2026-06-02,2026-06-02T00:00:00Z,30471.609375,30670.109375,30372.9609375,30660.599609375,9675650000
2026-06-03,2026-06-03T00:00:00Z,30730.109375,30762.19921875,30441.80078125,30571.240234375,9267670000
2026-06-04,2026-06-04T00:00:00Z,30174.58984375,30541.4296875,30092.23046875,30407.810546875,8999970000
2026-06-05,2026-06-05T00:00:00Z,29992.369140625,30051.080078125,28929.880859375,28957.599609375,11550140000
2026-06-08,2026-06-08T00:00:00Z,29482.189453125,29697.900390625,29294.01953125,29414.259765625,10077650000
2026-06-09,2026-06-09T00:00:00Z,29647.349609375,29805.30078125,28196.900390625,29084.5,12106940000
2026-06-10,2026-06-10T00:00:00Z,28893.8203125,29212.380859375,28462.919921875,28508.029296875,9519620000
2026-06-11,2026-06-11T00:00:00Z,28731.16015625,29506.669921875,28548.5,29446.1796875,10101910000
2026-06-12,2026-06-12T00:00:00Z,29380.6796875,29733.890625,29220.830078125,29635.94921875,10337400000
2026-06-15,2026-06-15T00:00:00Z,30289.970703125,30587.16015625,30285.630859375,30543.919921875,10590270000
2026-06-16,2026-06-16T00:00:00Z,30455.490234375,30560.080078125,29962.869140625,29968.130859375,11132830000
2026-06-17,2026-06-17T00:00:00Z,30160.740234375,30208.939453125,29604.9296875,29670.94921875,11443600000
2026-06-18,2026-06-18T00:00:00Z,30261.599609375,30463.76953125,30089.349609375,30406.189453125,18286150000
2026-06-22,2026-06-22T00:00:00Z,30529.990234375,30642.5703125,30194.25,30347.080078125,12844290000
2026-06-23,2026-06-23T00:00:00Z,29369.25,29748.720703125,29276.98046875,29347.26953125,14631520000
2026-06-24,2026-06-24T00:00:00Z,29328.400390625,29592.900390625,28963.099609375,29220.060546875,14936190000
2026-06-25,2026-06-25T00:00:00Z,29843.890625,29843.890625,29000.55078125,29440.3203125,9870860000
2026-06-26,2026-06-26T00:00:00Z,29040.119140625,29413.80078125,28890.740234375,29118.240234375,16594580000
2026-06-29,2026-06-29T00:00:00Z,29310.259765625,29792.630859375,28991.51953125,29774.75,9776230000
2026-06-30,2026-06-30T00:00:00Z,29792.9296875,30328.7890625,29767.759765625,30276.349609375,9809990000
2026-07-01,2026-07-01T00:00:00Z,29914.279296875,30084.779296875,29787.41015625,29809.130859375,9094410000
2026-07-02,2026-07-02T00:00:00Z,29778.69921875,30044.5,29087.330078125,29329.2109375,9529580000
2026-07-06,2026-07-06T00:00:00Z,29575.5703125,29847.740234375,29553.619140625,29697.869140625,7827050000
2026-07-07,2026-07-07T00:00:00Z,29362.19921875,29426.44921875,28974.470703125,29173.01953125,8244680000
2026-07-08,2026-07-08T00:00:00Z,29030.330078125,29280.580078125,28814.5703125,29252.560546875,7935740000
2026-07-09,2026-07-09T00:00:00Z,29486.609375,29773.740234375,29398.470703125,29727.099609375,7312220000
2026-07-10,2026-07-10T00:00:00Z,29618.33984375,29856.939453125,29484.490234375,29825.109375,7094480000
2026-07-13,2026-07-13T00:00:00Z,29471.01953125,29541.0,29189.2109375,29264.099609375,7231310000
2026-07-14,2026-07-14T00:00:00Z,29561.349609375,29693.76953125,29368.869140625,29586.2890625,7397960000
2026-07-15,2026-07-15T00:00:00Z,29759.80078125,29771.890625,29192.890625,29502.599609375,7379560000
2026-07-16,2026-07-16T00:00:00Z,29318.30078125,29333.060546875,28881.23046875,29025.76953125,8294880000
2026-07-17,2026-07-17T00:00:00Z,28457.330078125,28867.400390625,28231.3203125,28592.66015625,7820470000
2026-07-20,2026-07-20T00:00:00Z,28871.16015625,29017.23046875,28590.400390625,28604.23046875,7184070000
2026-07-21,2026-07-21T00:00:00Z,29059.439453125,29192.2890625,28891.0703125,29155.1796875,8001540000
2026-07-22,2026-07-22T00:00:00Z,28949.810546875,29176.91015625,28934.51953125,28998.099609375,7473050000
2026-07-23,2026-07-23T00:00:00Z,28545.98046875,28726.619140625,28274.51953125,28454.810546875,7655810000
2026-07-24,2026-07-24T00:00:00Z,28362.150390625,28471.48046875,28053.080078125,28128.33984375,7266300000
2026-07-27,2026-07-27T00:00:00Z,28412.310546875,28460.19921875,27786.5390625,28039.2109375,7797890000
2026-07-28,2026-07-28T00:00:00Z,27810.390625,27926.529296875,27452.94921875,27763.130859375,8584960000
2026-07-29,2026-07-29T00:00:00Z,27780.4609375,27954.91015625,27176.029296875,27192.310546875,8276280000
2026-07-30,2026-07-30T00:00:00Z,27755.4609375,28168.419921875,27686.369140625,28106.349609375,9048570000
2026-07-31,2026-07-31T00:00:00Z,28446.990234375,28606.779296875,27954.240234375,28274.19921875,11942500000
2026-08-03,2026-08-03T00:00:00Z,28278.58984375,28842.359375,28196.880859375,28776.80078125,11118460000
2026-08-04,2026-08-04T00:00:00Z,29109.259765625,29831.400390625,29109.259765625,29733.16015625,9717920000
2026-08-05,2026-08-05T00:00:00Z,29863.26953125,29946.939453125,29468.330078125,29487.7890625,9116070000
2026-08-06,2026-08-06T00:00:00Z,29224.380859375,29569.759765625,29123.380859375,29373.330078125,8936850000
2026-08-07,2026-08-07T00:00:00Z,29596.44921875,29747.150390625,29452.7109375,29722.30078125,8183970000
2026-08-10,2026-08-10T00:00:00Z,29709.490234375,29784.2109375,29606.470703125,29621.80078125,7675200000
2026-08-11,2026-08-11T00:00:00Z,29694.69921875,29705.80078125,29427.609375,29525.48046875,7684920000
2026-08-12,2026-08-12T00:00:00Z,29875.1796875,29881.5,29715.880859375,29742.599609375,7873190000
2026-08-13,2026-08-13T00:00:00Z,29784.060546875,30168.05078125,29757.619140625,30084.5,8380820000
2026-08-14,2026-08-14T00:00:00Z,30167.130859375,30179.8203125,29934.66015625,30046.140625,7212180000
2026-08-17,2026-08-17T00:00:00Z,30150.779296875,30195.720703125,29971.919921875,29995.380859375,7644090000
2026-08-18,2026-08-18T00:00:00Z,29594.890625,29677.2890625,29425.08984375,29490.9609375,7360790000
2026-08-19,2026-08-19T00:00:00Z,29580.849609375,29652.30078125,29288.75,29426.01953125,8173140000
2026-08-20,2026-08-20T00:00:00Z,29295.150390625,29378.80078125,29118.0703125,29213.16015625,8244680000
2026-08-21,2026-08-21T00:00:00Z,29359.599609375,29405.119140625,29142.439453125,29308.859375,7410100000
2026-08-24,2026-08-24T00:00:00Z,29094.720703125,29151.970703125,28875.9609375,29023.1796875,7318150000
2026-08-25,2026-08-25T00:00:00Z,29231.1796875,29338.76953125,29077.720703125,29209.23046875,7483990000
2026-08-26,2026-08-26T00:00:00Z,29130.76953125,29296.76953125,29096.83984375,29224.51953125,7065320000
2026-08-27,2026-08-27T00:00:00Z,29480.990234375,29643.529296875,29366.419921875,29641.560546875,7448410000
2026-08-28,2026-08-28T00:00:00Z,29545.900390625,29752.779296875,29383.919921875,29433.4296875,8457870000
2026-08-31,2026-08-31T00:00:00Z,29404.2890625,29483.900390625,29304.490234375,29456.970703125,7679730000
2026-09-01,2026-09-01T00:00:00Z,29056.580078125,29267.419921875,28953.259765625,29077.220703125,6750660000
2026-09-02,2026-09-02T00:00:00Z,29016.0,29165.619140625,28971.900390625,29143.330078125,7442550000
2026-09-03,2026-09-03T00:00:00Z,29234.419921875,29538.759765625,29160.9609375,29482.3203125,7600140000
2026-09-04,2026-09-04T00:00:00Z,29539.5703125,29655.220703125,29440.150390625,29544.150390625,6529110000
2026-09-08,2026-09-08T00:00:00Z,29645.1796875,29655.73046875,29400.69921875,29507.69921875,7714560000
2026-09-09,2026-09-09T00:00:00Z,29431.939453125,29563.599609375,29334.400390625,29421.55078125,7379700000
2026-09-10,2026-09-10T00:00:00Z,29097.33984375,29250.41015625,29038.220703125,29103.509765625,7174170000
2026-09-11,2026-09-11T00:00:00Z,29331.48046875,29473.119140625,29313.509765625,29368.439453125,6587900000
2026-09-14,2026-09-14T00:00:00Z,28890.9296875,29285.5,28867.669921875,29127.16015625,7179780000
2026-09-15,2026-09-15T00:00:00Z,29100.16015625,29142.80078125,28899.4296875,28937.83984375,7934200000
2026-09-16,2026-09-16T00:00:00Z,29110.0390625,29235.890625,28753.2890625,28945.060546875,9968640000
2026-09-17,2026-09-17T00:00:00Z,29401.5390625,29494.94921875,29305.900390625,29446.98046875,9884890000
2026-09-18,2026-09-18T00:00:00Z,29529.640625,29647.80078125,29371.890625,29644.169921875,13286960000
2026-09-21,2026-09-21T00:00:00Z,29947.16015625,30557.33984375,29933.220703125,30482.349609375,8813260000
2026-09-22,2026-09-22T00:00:00Z,30496.4296875,30770.630859375,30496.4296875,30732.400390625,9334690000
2026-09-23,2026-09-23T00:00:00Z,30706.23046875,30706.23046875,30353.880859375,30470.2890625,8491740000
2026-09-24,2026-09-24T00:00:00Z,30225.189453125,30529.349609375,30204.16015625,30478.859375,8078820000
2026-09-25,2026-09-25T00:00:00Z,30517.4609375,30667.560546875,30413.58984375,30608.130859375,7275260000
2026-09-28,2026-09-28T00:00:00Z,30426.630859375,30480.400390625,30081.060546875,30276.810546875,7030730000
2026-09-29,2026-09-29T00:00:00Z,30412.2890625,30429.970703125,30235.66015625,30339.330078125,7097250000
2026-09-30,2026-09-30T00:00:00Z,30421.67578125,30630.451171875,30415.162109375,30569.51953125,717448209
