session_date,timestamp_utc,Open,High,Low,Close,Volume
2016-09-30,2016-09-30T00:00:00Z,42.04999923706055,42.04999923706055,39.130001068115234,39.310001373291016,0
2016-10-03,2016-10-03T00:00:00Z,41.41999816894531,41.689998626708984,37.470001220703125,38.040000915527344,0
2016-10-04,2016-10-04T00:00:00Z,37.45000076293945,37.869998931884766,36.380001068115234,37.65999984741211,0
2016-10-05,2016-10-05T00:00:00Z,37.0099983215332,38.849998474121094,35.720001220703125,36.650001525878906,0
2016-10-06,2016-10-06T00:00:00Z,36.650001525878906,39.2599983215332,35.91999816894531,35.91999816894531,0
2016-10-07,2016-10-07T00:00:00Z,37.88999938964844,37.88999938964844,36.119998931884766,36.599998474121094,0
2016-10-10,2016-10-10T00:00:00Z,36.599998474121094,37.81999969482422,36.349998474121094,36.56999969482422,0
2016-10-11,2016-10-11T00:00:00Z,36.56999969482422,38.2400016784668,36.56999969482422,38.08000183105469,0
2016-10-12,2016-10-12T00:00:00Z,38.08000183105469,39.06999969482422,37.709999084472656,39.04999923706055,0
2016-10-13,2016-10-13T00:00:00Z,40.560001373291016,40.560001373291016,37.11000061035156,37.220001220703125,0
2016-10-14,2016-10-14T00:00:00Z,37.220001220703125,37.38999938964844,35.119998931884766,35.54999923706055,0
2016-10-17,2016-10-17T00:00:00Z,37.66999816894531,37.66999816894531,34.33000183105469,34.880001068115234,0
2016-10-18,2016-10-18T00:00:00Z,34.779998779296875,38.38999938964844,33.7400016784668,36.369998931884766,0
2016-10-19,2016-10-19T00:00:00Z,36.369998931884766,37.29999923706055,29.8799991607666,32.720001220703125,0
2016-10-20,2016-10-20T00:00:00Z,32.720001220703125,34.099998474121094,32.41999816894531,32.47999954223633,0
2016-10-21,2016-10-21T00:00:00Z,34.189998626708984,34.380001068115234,32.369998931884766,32.5099983215332,0
2016-10-24,2016-10-24T00:00:00Z,32.5099983215332,34.59000015258789,32.5099983215332,32.790000915527344,0
2016-10-25,2016-10-25T00:00:00Z,33.790000915527344,34.439998626708984,33.189998626708984,33.93000030517578,0
2016-10-26,2016-10-26T00:00:00Z,33.93000030517578,37.70000076293945,33.18000030517578,35.38999938964844,0
2016-10-27,2016-10-27T00:00:00Z,35.38999938964844,36.369998931884766,35.380001068115234,35.86000061035156,0
2016-10-28,2016-10-28T00:00:00Z,35.86000061035156,38.0099983215332,35.689998626708984,37.7599983215332,0
2016-10-31,2016-10-31T00:00:00Z,37.7599983215332,41.900001525878906,37.7599983215332,40.959999084472656,0
2016-11-01,2016-11-01T00:00:00Z,40.52000045776367,41.0,39.59000015258789,40.08000183105469,0
2016-11-02,2016-11-02T00:00:00Z,40.08000183105469,45.5099983215332,40.08000183105469,40.86000061035156,0
2016-11-03,2016-11-03T00:00:00Z,40.86000061035156,42.119998931884766,39.88999938964844,41.4900016784668,0
2016-11-04,2016-11-04T00:00:00Z,43.9900016784668,45.380001068115234,43.5099983215332,43.689998626708984,0
2016-11-07,2016-11-07T00:00:00Z,43.689998626708984,45.36000061035156,43.29999923706055,44.20000076293945,0
2016-11-08,2016-11-08T00:00:00Z,44.150001525878906,44.720001220703125,43.150001525878906,43.560001373291016,0
2016-11-09,2016-11-09T00:00:00Z,43.560001373291016,43.560001373291016,40.959999084472656,41.25,0
2016-11-10,2016-11-10T00:00:00Z,43.470001220703125,43.810001373291016,40.86000061035156,42.439998626708984,0
2016-11-11,2016-11-11T00:00:00Z,42.439998626708984,45.88999938964844,42.439998626708984,45.310001373291016,0
2016-11-14,2016-11-14T00:00:00Z,45.310001373291016,50.91999816894531,45.310001373291016,50.16999816894531,0
2016-11-15,2016-11-15T00:00:00Z,50.279998779296875,50.939998626708984,47.45000076293945,49.43000030517578,0
2016-11-16,2016-11-16T00:00:00Z,49.43000030517578,53.81999969482422,48.5,50.09000015258789,0
2016-11-17,2016-11-17T00:00:00Z,50.09000015258789,50.22999954223633,47.349998474121094,47.369998931884766,0
2016-11-18,2016-11-18T00:00:00Z,47.47999954223633,47.970001220703125,46.43000030517578,46.560001373291016,0
2016-11-21,2016-11-21T00:00:00Z,46.45000076293945,47.369998931884766,45.61000061035156,45.709999084472656,0
2016-11-22,2016-11-22T00:00:00Z,48.400001525878906,48.58000183105469,45.83000183105469,46.689998626708984,0
2016-11-23,2016-11-23T00:00:00Z,47.150001525878906,47.84000015258789,46.72999954223633,47.540000915527344,0
2016-11-25,2016-11-25T00:00:00Z,47.540000915527344,53.709999084472656,47.540000915527344,53.459999084472656,0
2016-11-28,2016-11-28T00:00:00Z,53.459999084472656,53.88999938964844,51.099998474121094,52.560001373291016,0
2016-11-29,2016-11-29T00:00:00Z,55.099998474121094,55.70000076293945,53.869998931884766,55.09000015258789,0
2016-11-30,2016-11-30T00:00:00Z,55.09000015258789,55.09000015258789,42.130001068115234,44.25,0
2016-12-01,2016-12-01T00:00:00Z,42.470001220703125,42.54999923706055,39.5099983215332,40.45000076293945,0
2016-12-02,2016-12-02T00:00:00Z,40.45000076293945,40.45000076293945,35.18000030517578,35.5099983215332,0
2016-12-05,2016-12-05T00:00:00Z,35.5099983215332,37.560001373291016,35.5099983215332,37.0,0
2016-12-06,2016-12-06T00:00:00Z,37.0,43.560001373291016,36.220001220703125,37.11000061035156,0
2016-12-07,2016-12-07T00:00:00Z,37.11000061035156,37.790000915527344,35.31999969482422,36.04999923706055,0
2016-12-08,2016-12-08T00:00:00Z,35.790000915527344,36.2400016784668,34.900001525878906,35.029998779296875,0
2016-12-09,2016-12-09T00:00:00Z,34.34000015258789,35.40999984741211,33.4900016784668,35.209999084472656,0
2016-12-12,2016-12-12T00:00:00Z,35.209999084472656,35.209999084472656,28.940000534057617,30.299999237060547,0
2016-12-13,2016-12-13T00:00:00Z,31.299999237060547,33.25,30.43000030517578,31.350000381469727,0
2016-12-14,2016-12-14T00:00:00Z,31.350000381469727,36.70000076293945,29.549999237060547,33.970001220703125,0
2016-12-15,2016-12-15T00:00:00Z,33.099998474121094,34.7599983215332,32.43000030517578,33.58000183105469,0
2016-12-16,2016-12-16T00:00:00Z,34.540000915527344,34.540000915527344,28.989999771118164,29.18000030517578,0
2016-12-19,2016-12-19T00:00:00Z,31.610000610351562,31.760000228881836,28.31999969482422,29.229999542236328,0
2016-12-20,2016-12-20T00:00:00Z,30.15999984741211,30.530000686645508,27.329999923706055,27.43000030517578,0
2016-12-21,2016-12-21T00:00:00Z,29.040000915527344,33.38999938964844,28.149999618530273,28.389999389648438,0
2016-12-22,2016-12-22T00:00:00Z,28.389999389648438,39.61000061035156,28.389999389648438,30.290000915527344,0
2016-12-23,2016-12-23T00:00:00Z,30.8700008392334,30.979999542236328,29.200000762939453,29.899999618530273,0
2016-12-27,2016-12-27T00:00:00Z,29.899999618530273,31.34000015258789,29.5,30.0,0
2016-12-28,2016-12-28T00:00:00Z,30.0,30.290000915527344,29.610000610351562,29.90999984741211,0
2016-12-29,2016-12-29T00:00:00Z,30.469999313354492,30.829999923706055,29.440000534057617,30.010000228881836,0
2016-12-30,2016-12-30T00:00:00Z,34.279998779296875,38.540000915527344,30.0,30.829999923706055,0
2017-01-03,2017-01-03T00:00:00Z,33.09000015258789,33.97999954223633,30.149999618530273,32.880001068115234,0
2017-01-04,2017-01-04T00:00:00Z,34.15999984741211,34.15999984741211,31.93000030517578,32.36000061035156,0
2017-01-05,2017-01-05T00:00:00Z,32.36000061035156,32.66999816894531,31.010000228881836,31.559999465942383,0
2017-01-06,2017-01-06T00:00:00Z,31.6299991607666,32.86000061035156,30.31999969482422,30.469999313354492,0
2017-01-09,2017-01-09T00:00:00Z,31.989999771118164,33.91999816894531,31.729999542236328,33.72999954223633,0
2017-01-10,2017-01-10T00:00:00Z,33.72999954223633,34.33000183105469,32.61000061035156,33.61000061035156,0
2017-01-11,2017-01-11T00:00:00Z,33.61000061035156,35.52000045776367,32.7400016784668,32.95000076293945,0
2017-01-12,2017-01-12T00:00:00Z,41.81999969482422,42.40999984741211,32.13999938964844,32.369998931884766,0
2017-01-13,2017-01-13T00:00:00Z,32.41999816894531,33.290000915527344,30.350000381469727,30.729999542236328,0
2017-01-17,2017-01-17T00:00:00Z,30.329999923706055,31.3799991607666,29.469999313354492,31.25,0
2017-01-18,2017-01-18T00:00:00Z,31.25,32.2599983215332,30.719999313354492,31.239999771118164,0
2017-01-19,2017-01-19T00:00:00Z,31.440000534057617,32.22999954223633,30.8799991607666,30.8799991607666,0
2017-01-20,2017-01-20T00:00:00Z,30.8799991607666,30.8799991607666,29.190000534057617,29.190000534057617,0
2017-01-23,2017-01-23T00:00:00Z,29.190000534057617,32.310001373291016,29.190000534057617,30.790000915527344,0
2017-01-24,2017-01-24T00:00:00Z,30.790000915527344,30.790000915527344,29.209999084472656,29.59000015258789,0
2017-01-25,2017-01-25T00:00:00Z,35.9900016784668,35.9900016784668,30.110000610351562,30.40999984741211,0
2017-01-26,2017-01-26T00:00:00Z,30.59000015258789,30.59000015258789,29.219999313354492,29.59000015258789,0
2017-01-27,2017-01-27T00:00:00Z,29.59000015258789,31.3799991607666,29.059999465942383,29.780000686645508,0
2017-01-30,2017-01-30T00:00:00Z,29.780000686645508,31.84000015258789,29.780000686645508,30.940000534057617,0
2017-01-31,2017-01-31T00:00:00Z,30.940000534057617,31.559999465942383,29.979999542236328,31.329999923706055,0
2017-02-01,2017-02-01T00:00:00Z,31.579999923706055,32.4900016784668,28.899999618530273,30.649999618530273,0
2017-02-02,2017-02-02T00:00:00Z,30.649999618530273,32.790000915527344,29.229999542236328,29.389999389648438,0
2017-02-03,2017-02-03T00:00:00Z,29.389999389648438,29.950000762939453,28.049999237060547,28.110000610351562,0
2017-02-06,2017-02-06T00:00:00Z,28.110000610351562,30.1200008392334,28.110000610351562,29.3700008392334,0
2017-02-07,2017-02-07T00:00:00Z,29.3700008392334,30.170000076293945,29.010000228881836,29.610000610351562,0
2017-02-08,2017-02-08T00:00:00Z,30.209999084472656,30.65999984741211,29.030000686645508,29.09000015258789,0
2017-02-09,2017-02-09T00:00:00Z,29.25,29.290000915527344,28.09000015258789,28.25,0
2017-02-10,2017-02-10T00:00:00Z,28.25,28.25,26.149999618530273,26.43000030517578,0
2017-02-13,2017-02-13T00:00:00Z,26.43000030517578,27.56999969482422,26.43000030517578,26.989999771118164,0
2017-02-14,2017-02-14T00:00:00Z,27.899999618530273,28.040000915527344,26.940000534057617,27.489999771118164,0
2017-02-15,2017-02-15T00:00:00Z,28.59000015258789,29.15999984741211,26.829999923706055,27.75,0
2017-02-16,2017-02-16T00:00:00Z,27.75,28.489999771118164,27.149999618530273,27.3700008392334,0
2017-02-17,2017-02-17T00:00:00Z,27.530000686645508,27.899999618530273,24.8799991607666,25.290000915527344,0
2017-02-21,2017-02-21T00:00:00Z,25.290000915527344,28.209999084472656,25.290000915527344,25.790000915527344,0
2017-02-22,2017-02-22T00:00:00Z,25.790000915527344,30.389999389648438,25.790000915527344,27.09000015258789,0
2017-02-23,2017-02-23T00:00:00Z,25.90999984741211,27.34000015258789,25.360000610351562,25.790000915527344,0
2017-02-24,2017-02-24T00:00:00Z,25.790000915527344,27.030000686645508,25.520000457763672,25.719999313354492,0
2017-02-27,2017-02-27T00:00:00Z,25.719999313354492,27.549999237060547,24.790000915527344,25.010000228881836,0
2017-02-28,2017-02-28T00:00:00Z,25.969999313354492,26.530000686645508,25.34000015258789,25.459999084472656,0
2017-03-01,2017-03-01T00:00:00Z,27.469999313354492,27.700000762939453,24.510000228881836,24.670000076293945,0
2017-03-02,2017-03-02T00:00:00Z,25.280000686645508,26.010000228881836,24.8799991607666,25.940000534057617,0
2017-03-03,2017-03-03T00:00:00Z,25.940000534057617,26.299999237060547,25.030000686645508,25.59000015258789,0
2017-03-06,2017-03-06T00:00:00Z,25.59000015258789,27.479999542236328,25.59000015258789,26.959999084472656,0
2017-03-07,2017-03-07T00:00:00Z,26.940000534057617,27.0,25.989999771118164,26.459999084472656,0
2017-03-08,2017-03-08T00:00:00Z,28.049999237060547,33.15999984741211,26.59000015258789,31.739999771118164,0
2017-03-09,2017-03-09T00:00:00Z,32.439998626708984,34.47999954223633,31.270000457763672,31.979999542236328,0
2017-03-10,2017-03-10T00:00:00Z,30.770000457763672,34.11000061035156,30.65999984741211,33.45000076293945,0
2017-03-13,2017-03-13T00:00:00Z,33.45000076293945,36.2400016784668,30.18000030517578,32.38999938964844,0
2017-03-14,2017-03-14T00:00:00Z,32.38999938964844,35.90999984741211,31.190000534057617,33.189998626708984,0
2017-03-15,2017-03-15T00:00:00Z,31.93000030517578,33.84000015258789,27.3799991607666,30.079999923706055,0
2017-03-16,2017-03-16T00:00:00Z,30.079999923706055,31.030000686645508,27.079999923706055,28.6299991607666,0
2017-03-17,2017-03-17T00:00:00Z,28.6299991607666,28.920000076293945,27.010000228881836,27.450000762939453,0
2017-03-20,2017-03-20T00:00:00Z,27.450000762939453,30.469999313354492,27.450000762939453,28.110000610351562,0
2017-03-21,2017-03-21T00:00:00Z,28.110000610351562,30.850000381469727,27.670000076293945,30.56999969482422,0
2017-03-22,2017-03-22T00:00:00Z,30.56999969482422,33.81999969482422,29.700000762939453,30.049999237060547,0
2017-03-23,2017-03-23T00:00:00Z,30.6200008392334,31.549999237060547,29.030000686645508,29.790000915527344,0
2017-03-24,2017-03-24T00:00:00Z,30.790000915527344,31.850000381469727,29.6200008392334,30.989999771118164,0
2017-03-27,2017-03-27T00:00:00Z,30.989999771118164,35.189998626708984,30.65999984741211,30.780000686645508,0
2017-03-28,2017-03-28T00:00:00Z,30.780000686645508,32.38999938964844,29.6200008392334,29.920000076293945,0
2017-03-29,2017-03-29T00:00:00Z,29.920000076293945,31.010000228881836,27.059999465942383,28.540000915527344,0
2017-03-30,2017-03-30T00:00:00Z,28.540000915527344,31.440000534057617,27.559999465942383,27.81999969482422,0
2017-03-31,2017-03-31T00:00:00Z,27.81999969482422,30.579999923706055,27.149999618530273,27.59000015258789,0
2017-04-03,2017-04-03T00:00:00Z,27.59000015258789,31.75,26.290000915527344,26.889999389648438,0
2017-04-04,2017-04-04T00:00:00Z,26.889999389648438,28.139999389648438,26.739999771118164,27.969999313354492,0
2017-04-05,2017-04-05T00:00:00Z,27.969999313354492,28.469999313354492,26.889999389648438,27.729999542236328,0
2017-04-06,2017-04-06T00:00:00Z,27.670000076293945,27.889999389648438,26.43000030517578,26.790000915527344,0
2017-04-07,2017-04-07T00:00:00Z,27.15999984741211,27.549999237060547,26.68000030517578,27.459999084472656,0
2017-04-10,2017-04-10T00:00:00Z,27.790000915527344,28.209999084472656,26.600000381469727,26.709999084472656,0
2017-04-11,2017-04-11T00:00:00Z,26.709999084472656,27.40999984741211,25.520000457763672,27.270000457763672,0
2017-04-12,2017-04-12T00:00:00Z,27.270000457763672,27.860000610351562,25.8799991607666,26.920000076293945,0
2017-04-13,2017-04-13T00:00:00Z,25.84000015258789,26.989999771118164,25.459999084472656,26.020000457763672,0
2017-04-17,2017-04-17T00:00:00Z,25.690000534057617,26.350000381469727,25.389999389648438,25.799999237060547,0
2017-04-18,2017-04-18T00:00:00Z,25.799999237060547,27.510000228881836,25.25,26.8799991607666,0
2017-04-19,2017-04-19T00:00:00Z,27.510000228881836,31.31999969482422,27.079999923706055,29.809999465942383,0
2017-04-20,2017-04-20T00:00:00Z,29.809999465942383,30.920000076293945,27.329999923706055,27.959999084472656,0
2017-04-21,2017-04-21T00:00:00Z,27.959999084472656,30.639999389648438,27.770000457763672,30.059999465942383,0
2017-04-24,2017-04-24T00:00:00Z,34.38999938964844,35.16999816894531,29.59000015258789,29.8799991607666,0
2017-04-25,2017-04-25T00:00:00Z,30.3700008392334,30.65999984741211,28.65999984741211,29.389999389648438,0
2017-04-26,2017-04-26T00:00:00Z,30.450000762939453,30.959999084472656,27.969999313354492,29.31999969482422,0
2017-04-27,2017-04-27T00:00:00Z,30.75,31.149999618530273,29.68000030517578,29.8799991607666,0
2017-04-28,2017-04-28T00:00:00Z,29.670000076293945,29.670000076293945,28.209999084472656,28.549999237060547,0
2017-05-01,2017-05-01T00:00:00Z,28.549999237060547,30.15999984741211,28.549999237060547,29.420000076293945,0
2017-05-02,2017-05-02T00:00:00Z,29.420000076293945,32.33000183105469,29.350000381469727,32.22999954223633,0
2017-05-03,2017-05-03T00:00:00Z,32.22999954223633,35.4900016784668,31.110000610351562,32.79999923706055,0
2017-05-04,2017-05-04T00:00:00Z,33.34000015258789,34.66999816894531,32.66999816894531,34.66999816894531,0
2017-05-05,2017-05-05T00:00:00Z,34.66999816894531,36.06999969482422,33.779998779296875,33.83000183105469,0
2017-05-08,2017-05-08T00:00:00Z,35.189998626708984,35.189998626708984,33.5099983215332,33.849998474121094,0
2017-05-09,2017-05-09T00:00:00Z,34.02000045776367,34.58000183105469,33.59000015258789,34.209999084472656,0
2017-05-10,2017-05-10T00:00:00Z,34.209999084472656,34.86000061035156,33.86000061035156,34.02000045776367,0
2017-05-11,2017-05-11T00:00:00Z,34.02000045776367,35.81999969482422,33.439998626708984,33.720001220703125,0
2017-05-12,2017-05-12T00:00:00Z,33.720001220703125,33.720001220703125,33.720001220703125,33.720001220703125,0
2017-05-15,2017-05-15T00:00:00Z,33.790000915527344,34.33000183105469,32.529998779296875,33.099998474121094,0
2017-05-16,2017-05-16T00:00:00Z,33.099998474121094,33.95000076293945,32.95000076293945,33.439998626708984,0
2017-05-17,2017-05-17T00:00:00Z,37.630001068115234,38.0099983215332,31.06999969482422,33.900001525878906,0
2017-05-18,2017-05-18T00:00:00Z,34.709999084472656,34.9900016784668,32.68000030517578,32.79999923706055,0
2017-05-19,2017-05-19T00:00:00Z,32.790000915527344,33.150001525878906,29.399999618530273,29.760000228881836,0
2017-05-22,2017-05-22T00:00:00Z,29.760000228881836,32.47999954223633,29.760000228881836,30.59000015258789,0
2017-05-23,2017-05-23T00:00:00Z,30.59000015258789,34.90999984741211,29.670000076293945,31.770000457763672,0
2017-05-24,2017-05-24T00:00:00Z,31.770000457763672,33.689998626708984,30.239999771118164,30.940000534057617,0
2017-05-25,2017-05-25T00:00:00Z,30.940000534057617,33.400001525878906,27.290000915527344,33.029998779296875,0
2017-05-26,2017-05-26T00:00:00Z,31.350000381469727,32.41999816894531,29.360000610351562,30.040000915527344,0
2017-05-30,2017-05-30T00:00:00Z,32.20000076293945,32.52000045776367,30.170000076293945,30.299999237060547,0
2017-05-31,2017-05-31T00:00:00Z,34.810001373291016,34.90999984741211,31.90999984741211,32.290000915527344,0
2017-06-01,2017-06-01T00:00:00Z,31.809999465942383,33.459999084472656,30.459999084472656,31.190000534057617,0
2017-06-02,2017-06-02T00:00:00Z,32.29999923706055,32.90999984741211,31.56999969482422,32.470001220703125,0
2017-06-05,2017-06-05T00:00:00Z,34.15999984741211,34.779998779296875,33.13999938964844,33.709999084472656,0
2017-06-06,2017-06-06T00:00:00Z,33.709999084472656,33.709999084472656,31.8700008392334,32.119998931884766,0
2017-06-07,2017-06-07T00:00:00Z,32.119998931884766,36.41999816894531,32.119998931884766,34.22999954223633,0
2017-06-08,2017-06-08T00:00:00Z,34.22999954223633,34.22999954223633,32.97999954223633,33.84000015258789,0
2017-06-09,2017-06-09T00:00:00Z,33.84000015258789,33.84000015258789,32.5,32.59000015258789,0
2017-06-12,2017-06-12T00:00:00Z,32.59000015258789,35.130001068115234,32.15999984741211,33.95000076293945,0
2017-06-13,2017-06-13T00:00:00Z,33.310001373291016,34.45000076293945,31.739999771118164,32.34000015258789,0
2017-06-14,2017-06-14T00:00:00Z,33.130001068115234,34.34000015258789,30.84000015258789,32.02000045776367,0
2017-06-15,2017-06-15T00:00:00Z,32.02000045776367,32.27000045776367,30.06999969482422,31.899999618530273,0
2017-06-16,2017-06-16T00:00:00Z,31.899999618530273,31.899999618530273,27.920000076293945,27.93000030517578,0
2017-06-19,2017-06-19T00:00:00Z,30.030000686645508,30.600000381469727,28.309999465942383,30.34000015258789,0
2017-06-20,2017-06-20T00:00:00Z,31.350000381469727,33.65999984741211,31.040000915527344,32.4900016784668,0
2017-06-21,2017-06-21T00:00:00Z,32.4900016784668,49.7599983215332,30.90999984741211,33.31999969482422,0
2017-06-22,2017-06-22T00:00:00Z,33.31999969482422,34.689998626708984,31.93000030517578,32.650001525878906,0
2017-06-23,2017-06-23T00:00:00Z,32.72999954223633,33.150001525878906,31.360000610351562,31.920000076293945,0
2017-06-26,2017-06-26T00:00:00Z,34.43000030517578,34.56999969482422,31.520000457763672,31.770000457763672,0
2017-06-27,2017-06-27T00:00:00Z,33.63999938964844,33.63999938964844,31.34000015258789,32.279998779296875,0
2017-06-28,2017-06-28T00:00:00Z,32.279998779296875,33.130001068115234,30.799999237060547,30.799999237060547,0
2017-06-29,2017-06-29T00:00:00Z,30.799999237060547,31.25,29.479999542236328,30.459999084472656,0
2017-06-30,2017-06-30T00:00:00Z,30.459999084472656,30.459999084472656,28.520000457763672,28.700000762939453,0
2017-07-03,2017-07-03T00:00:00Z,29.25,30.260000228881836,27.889999389648438,30.260000228881836,0
2017-07-05,2017-07-05T00:00:00Z,30.219999313354492,32.72999954223633,30.219999313354492,32.61000061035156,0
2017-07-06,2017-07-06T00:00:00Z,32.61000061035156,37.43000030517578,31.530000686645508,32.81999969482422,0
2017-07-07,2017-07-07T00:00:00Z,32.81999969482422,33.81999969482422,32.38999938964844,33.16999816894531,0
2017-07-10,2017-07-10T00:00:00Z,33.16999816894531,34.11000061035156,32.58000183105469,33.22999954223633,0
2017-07-11,2017-07-11T00:00:00Z,34.2400016784668,34.369998931884766,33.209999084472656,33.61000061035156,0
2017-07-12,2017-07-12T00:00:00Z,33.61000061035156,33.61000061035156,30.1200008392334,32.47999954223633,0
2017-07-13,2017-07-13T00:00:00Z,32.47999954223633,32.47999954223633,31.690000534057617,31.760000228881836,0
2017-07-14,2017-07-14T00:00:00Z,31.760000228881836,31.760000228881836,30.030000686645508,30.280000686645508,0
2017-07-17,2017-07-17T00:00:00Z,30.280000686645508,31.56999969482422,30.079999923706055,30.610000610351562,0
2017-07-18,2017-07-18T00:00:00Z,30.90999984741211,32.119998931884766,29.799999237060547,29.959999084472656,0
2017-07-19,2017-07-19T00:00:00Z,29.959999084472656,32.11000061035156,28.850000381469727,29.549999237060547,0
2017-07-20,2017-07-20T00:00:00Z,29.549999237060547,30.5,29.229999542236328,29.25,0
2017-07-21,2017-07-21T00:00:00Z,29.25,30.989999771118164,29.059999465942383,29.25,0
2017-07-24,2017-07-24T00:00:00Z,29.25,30.84000015258789,29.139999389648438,29.239999771118164,0
2017-07-25,2017-07-25T00:00:00Z,29.239999771118164,30.209999084472656,28.760000228881836,29.18000030517578,0
2017-07-26,2017-07-26T00:00:00Z,30.15999984741211,31.969999313354492,29.209999084472656,29.440000534057617,0
2017-07-27,2017-07-27T00:00:00Z,29.440000534057617,30.18000030517578,29.200000762939453,29.809999465942383,0
2017-07-28,2017-07-28T00:00:00Z,29.809999465942383,30.739999771118164,29.75,29.860000610351562,0
2017-07-31,2017-07-31T00:00:00Z,29.860000610351562,31.290000915527344,29.860000610351562,30.84000015258789,0
2017-08-01,2017-08-01T00:00:00Z,30.84000015258789,31.190000534057617,29.8799991607666,30.540000915527344,0
2017-08-02,2017-08-02T00:00:00Z,30.540000915527344,31.43000030517578,29.979999542236328,30.43000030517578,0
2017-08-03,2017-08-03T00:00:00Z,30.43000030517578,30.459999084472656,29.290000915527344,29.649999618530273,0
2017-08-04,2017-08-04T00:00:00Z,29.309999465942383,29.639999389648438,28.280000686645508,28.530000686645508,0
2017-08-07,2017-08-07T00:00:00Z,28.530000686645508,29.969999313354492,28.530000686645508,28.729999542236328,0
2017-08-08,2017-08-08T00:00:00Z,29.389999389648438,29.780000686645508,28.8700008392334,29.440000534057617,0
2017-08-09,2017-08-09T00:00:00Z,29.440000534057617,29.719999313354492,28.440000534057617,29.059999465942383,0
2017-08-10,2017-08-10T00:00:00Z,29.059999465942383,29.56999969482422,28.649999618530273,29.270000457763672,0
2017-08-11,2017-08-11T00:00:00Z,29.270000457763672,29.270000457763672,28.270000457763672,28.40999984741211,0
2017-08-14,2017-08-14T00:00:00Z,29.799999237060547,29.799999237060547,27.770000457763672,29.15999984741211,0
2017-08-15,2017-08-15T00:00:00Z,29.84000015258789,30.049999237060547,28.989999771118164,29.309999465942383,0
2017-08-16,2017-08-16T00:00:00Z,29.309999465942383,29.649999618530273,25.979999542236328,29.18000030517578,0
2017-08-17,2017-08-17T00:00:00Z,29.34000015258789,29.670000076293945,28.59000015258789,29.309999465942383,0
2017-08-18,2017-08-18T00:00:00Z,29.309999465942383,29.770000457763672,27.270000457763672,27.530000686645508,0
2017-08-21,2017-08-21T00:00:00Z,28.18000030517578,29.469999313354492,27.950000762939453,28.770000457763672,0
2017-08-22,2017-08-22T00:00:00Z,28.770000457763672,28.899999618530273,27.93000030517578,27.969999313354492,0
2017-08-23,2017-08-23T00:00:00Z,28.149999618530273,28.899999618530273,27.209999084472656,27.799999237060547,0
2017-08-24,2017-08-24T00:00:00Z,27.799999237060547,29.850000381469727,27.799999237060547,28.3700008392334,0
2017-08-25,2017-08-25T00:00:00Z,28.3700008392334,29.3700008392334,28.3700008392334,28.8799991607666,0
2017-08-28,2017-08-28T00:00:00Z,28.8799991607666,31.440000534057617,28.8799991607666,30.389999389648438,0
2017-08-29,2017-08-29T00:00:00Z,30.389999389648438,31.479999542236328,30.239999771118164,30.489999771118164,0
2017-08-30,2017-08-30T00:00:00Z,30.489999771118164,31.059999465942383,29.200000762939453,29.780000686645508,0
2017-08-31,2017-08-31T00:00:00Z,29.780000686645508,29.780000686645508,28.549999237060547,29.100000381469727,0
2017-09-01,2017-09-01T00:00:00Z,29.030000686645508,29.200000762939453,28.479999542236328,28.969999313354492,0
2017-09-05,2017-09-05T00:00:00Z,28.969999313354492,30.280000686645508,28.969999313354492,29.579999923706055,0
2017-09-06,2017-09-06T00:00:00Z,29.739999771118164,30.299999237060547,29.530000686645508,30.06999969482422,0
2017-09-07,2017-09-07T00:00:00Z,30.06999969482422,30.18000030517578,29.40999984741211,29.729999542236328,0
2017-09-08,2017-09-08T00:00:00Z,30.100000381469727,30.100000381469727,29.25,29.489999771118164,0
2017-09-11,2017-09-11T00:00:00Z,28.559999465942383,29.510000228881836,27.3700008392334,27.729999542236328,0
2017-09-12,2017-09-12T00:00:00Z,27.729999542236328,28.139999389648438,26.68000030517578,27.59000015258789,0
2017-09-13,2017-09-13T00:00:00Z,27.81999969482422,28.690000534057617,26.43000030517578,26.6200008392334,0
2017-09-14,2017-09-14T00:00:00Z,25.530000686645508,27.649999618530273,25.309999465942383,26.09000015258789,0
2017-09-15,2017-09-15T00:00:00Z,26.09000015258789,27.510000228881836,25.639999389648438,26.649999618530273,0
2017-09-18,2017-09-18T00:00:00Z,27.350000381469727,27.93000030517578,26.670000076293945,27.530000686645508,0
2017-09-19,2017-09-19T00:00:00Z,26.68000030517578,26.68000030517578,25.479999542236328,25.760000228881836,0
2017-09-20,2017-09-20T00:00:00Z,25.760000228881836,27.829999923706055,25.450000762939453,26.989999771118164,0
2017-09-21,2017-09-21T00:00:00Z,26.989999771118164,27.600000381469727,25.899999618530273,26.299999237060547,0
2017-09-22,2017-09-22T00:00:00Z,26.299999237060547,27.170000076293945,26.170000076293945,26.389999389648438,0
2017-09-25,2017-09-25T00:00:00Z,26.389999389648438,27.8700008392334,26.389999389648438,26.93000030517578,0
2017-09-26,2017-09-26T00:00:00Z,26.93000030517578,27.979999542236328,26.93000030517578,27.799999237060547,0
2017-09-27,2017-09-27T00:00:00Z,27.229999542236328,28.1200008392334,25.81999969482422,27.290000915527344,0
2017-09-28,2017-09-28T00:00:00Z,27.290000915527344,27.350000381469727,26.489999771118164,27.18000030517578,0
2017-09-29,2017-09-29T00:00:00Z,27.18000030517578,27.540000915527344,26.450000762939453,26.829999923706055,0
2017-10-02,2017-10-02T00:00:00Z,28.520000457763672,29.079999923706055,27.639999389648438,27.719999313354492,0
2017-10-03,2017-10-03T00:00:00Z,27.719999313354492,28.079999923706055,27.329999923706055,27.950000762939453,0
2017-10-04,2017-10-04T00:00:00Z,27.950000762939453,29.15999984741211,27.010000228881836,27.040000915527344,0
2017-10-05,2017-10-05T00:00:00Z,26.93000030517578,26.989999771118164,25.670000076293945,26.450000762939453,0
2017-10-06,2017-10-06T00:00:00Z,27.1200008392334,27.81999969482422,27.1200008392334,27.59000015258789,0
2017-10-09,2017-10-09T00:00:00Z,27.59000015258789,27.920000076293945,26.920000076293945,27.31999969482422,0
2017-10-10,2017-10-10T00:00:00Z,26.600000381469727,26.959999084472656,25.959999084472656,26.540000915527344,0
2017-10-11,2017-10-11T00:00:00Z,26.540000915527344,26.540000915527344,26.43000030517578,26.43000030517578,0
2017-10-12,2017-10-12T00:00:00Z,26.690000534057617,27.020000457763672,25.549999237060547,25.850000381469727,0
2017-10-13,2017-10-13T00:00:00Z,25.850000381469727,26.110000610351562,25.15999984741211,25.729999542236328,0
2017-10-16,2017-10-16T00:00:00Z,25.729999542236328,27.290000915527344,25.0,26.31999969482422,0
2017-10-17,2017-10-17T00:00:00Z,26.399999618530273,27.209999084472656,25.649999618530273,25.8700008392334,0
2017-10-18,2017-10-18T00:00:00Z,25.8700008392334,26.889999389648438,24.520000457763672,26.40999984741211,0
2017-10-19,2017-10-19T00:00:00Z,26.790000915527344,27.010000228881836,25.899999618530273,26.299999237060547,0
2017-10-20,2017-10-20T00:00:00Z,26.649999618530273,26.649999618530273,24.479999542236328,24.510000228881836,0
2017-10-23,2017-10-23T00:00:00Z,26.329999923706055,26.329999923706055,25.010000228881836,25.079999923706055,0
2017-10-24,2017-10-24T00:00:00Z,26.40999984741211,26.5,25.329999923706055,25.600000381469727,0
2017-10-25,2017-10-25T00:00:00Z,25.600000381469727,26.170000076293945,24.559999465942383,25.440000534057617,0
2017-10-26,2017-10-26T00:00:00Z,25.440000534057617,26.229999542236328,24.5,25.219999313354492,0
2017-10-27,2017-10-27T00:00:00Z,25.459999084472656,26.5,24.420000076293945,25.18000030517578,0
2017-10-30,2017-10-30T00:00:00Z,25.18000030517578,26.1200008392334,24.93000030517578,25.329999923706055,0
2017-10-31,2017-10-31T00:00:00Z,25.329999923706055,25.3700008392334,25.280000686645508,25.309999465942383,0
2017-11-01,2017-11-01T00:00:00Z,25.309999465942383,25.81999969482422,24.5,25.649999618530273,0
2017-11-02,2017-11-02T00:00:00Z,25.649999618530273,25.649999618530273,25.649999618530273,25.649999618530273,0
2017-11-03,2017-11-03T00:00:00Z,25.649999618530273,25.649999618530273,24.09000015258789,24.81999969482422,0
2017-11-06,2017-11-06T00:00:00Z,26.579999923706055,28.290000915527344,25.149999618530273,26.850000381469727,0
2017-11-07,2017-11-07T00:00:00Z,26.850000381469727,28.760000228881836,26.850000381469727,28.75,0
2017-11-08,2017-11-08T00:00:00Z,28.75,28.75,26.68000030517578,27.989999771118164,0
2017-11-09,2017-11-09T00:00:00Z,27.989999771118164,29.200000762939453,27.100000381469727,28.3700008392334,0
2017-11-10,2017-11-10T00:00:00Z,28.3700008392334,29.530000686645508,28.3700008392334,29.399999618530273,0
2017-11-13,2017-11-13T00:00:00Z,30.989999771118164,30.989999771118164,29.350000381469727,30.219999313354492,0
2017-11-14,2017-11-14T00:00:00Z,30.219999313354492,31.450000762939453,28.829999923706055,30.079999923706055,0
2017-11-15,2017-11-15T00:00:00Z,30.479999542236328,80.37999725341797,29.09000015258789,29.84000015258789,0
2017-11-16,2017-11-16T00:00:00Z,29.84000015258789,30.170000076293945,27.75,28.420000076293945,0
2017-11-17,2017-11-17T00:00:00Z,28.420000076293945,28.93000030517578,26.489999771118164,26.959999084472656,0
2017-11-20,2017-11-20T00:00:00Z,26.959999084472656,28.290000915527344,25.670000076293945,27.18000030517578,0
2017-11-21,2017-11-21T00:00:00Z,26.979999542236328,27.5,26.149999618530273,26.639999389648438,0
2017-11-22,2017-11-22T00:00:00Z,26.8700008392334,32.9900016784668,25.510000228881836,26.829999923706055,0
2017-11-24,2017-11-24T00:00:00Z,27.780000686645508,28.25,26.209999084472656,26.8799991607666,0
2017-11-27,2017-11-27T00:00:00Z,29.170000076293945,29.209999084472656,27.260000228881836,28.360000610351562,0
2017-11-28,2017-11-28T00:00:00Z,29.329999923706055,29.649999618530273,27.920000076293945,28.1299991607666,0
2017-11-29,2017-11-29T00:00:00Z,27.979999542236328,28.989999771118164,27.309999465942383,28.020000457763672,0
2017-11-30,2017-11-30T00:00:00Z,26.709999084472656,27.809999465942383,25.309999465942383,25.950000762939453,0
2017-12-01,2017-12-01T00:00:00Z,25.950000762939453,25.950000762939453,23.700000762939453,23.729999542236328,0
2017-12-04,2017-12-04T00:00:00Z,26.440000534057617,26.440000534057617,23.68000030517578,23.68000030517578,0
2017-12-05,2017-12-05T00:00:00Z,23.68000030517578,24.1200008392334,23.030000686645508,23.1299991607666,0
2017-12-06,2017-12-06T00:00:00Z,23.1299991607666,23.1299991607666,23.1299991607666,23.1299991607666,0
2017-12-07,2017-12-07T00:00:00Z,23.1299991607666,23.1299991607666,23.1299991607666,23.1299991607666,0
2017-12-08,2017-12-08T00:00:00Z,23.1299991607666,24.8799991607666,23.1299991607666,23.850000381469727,0
2017-12-11,2017-12-11T00:00:00Z,20.209999084472656,24.510000228881836,18.190000534057617,22.959999084472656,0
2017-12-12,2017-12-12T00:00:00Z,23.81999969482422,25.3799991607666,21.889999389648438,22.84000015258789,0
2017-12-13,2017-12-13T00:00:00Z,27.450000762939453,27.649999618530273,21.229999542236328,23.489999771118164,0
2017-12-14,2017-12-14T00:00:00Z,23.489999771118164,24.049999237060547,22.170000076293945,23.0,0
2017-12-15,2017-12-15T00:00:00Z,23.0,23.559999465942383,17.989999771118164,21.25,0
2017-12-18,2017-12-18T00:00:00Z,21.25,22.469999313354492,18.229999542236328,18.43000030517578,0
2017-12-19,2017-12-19T00:00:00Z,18.43000030517578,19.5,17.959999084472656,18.8799991607666,0
2017-12-20,2017-12-20T00:00:00Z,18.420000076293945,19.93000030517578,17.610000610351562,19.459999084472656,0
2017-12-21,2017-12-21T00:00:00Z,17.899999618530273,18.959999084472656,17.239999771118164,17.860000610351562,0
2017-12-22,2017-12-22T00:00:00Z,20.079999923706055,20.1299991607666,18.809999465942383,19.260000228881836,0
2017-12-26,2017-12-26T00:00:00Z,20.389999389648438,21.290000915527344,19.489999771118164,20.989999771118164,0
2017-12-27,2017-12-27T00:00:00Z,21.780000686645508,21.780000686645508,20.290000915527344,20.639999389648438,0
2017-12-28,2017-12-28T00:00:00Z,20.639999389648438,21.799999237060547,20.510000228881836,20.709999084472656,0
2017-12-29,2017-12-29T00:00:00Z,21.18000030517578,22.399999618530273,20.549999237060547,21.31999969482422,0
2018-01-02,2018-01-02T00:00:00Z,23.030000686645508,23.18000030517578,22.079999923706055,22.729999542236328,0
2018-01-03,2018-01-03T00:00:00Z,22.729999542236328,24.149999618530273,22.639999389648438,22.75,0
2018-01-04,2018-01-04T00:00:00Z,23.899999618530273,25.719999313354492,21.889999389648438,22.1200008392334,0
2018-01-05,2018-01-05T00:00:00Z,22.299999237060547,22.479999542236328,20.229999542236328,22.299999237060547,0
2018-01-08,2018-01-08T00:00:00Z,22.290000915527344,22.93000030517578,21.479999542236328,21.899999618530273,0
2018-01-09,2018-01-09T00:00:00Z,21.899999618530273,23.65999984741211,20.670000076293945,22.959999084472656,0
2018-01-10,2018-01-10T00:00:00Z,22.959999084472656,26.700000762939453,22.959999084472656,23.520000457763672,0
2018-01-11,2018-01-11T00:00:00Z,23.520000457763672,23.520000457763672,23.520000457763672,23.520000457763672,0
2018-01-12,2018-01-12T00:00:00Z,23.520000457763672,23.520000457763672,23.520000457763672,23.520000457763672,0
2018-01-16,2018-01-16T00:00:00Z,23.520000457763672,27.229999542236328,23.520000457763672,26.40999984741211,0
2018-01-17,2018-01-17T00:00:00Z,26.40999984741211,27.3799991607666,24.600000381469727,24.700000762939453,0
2018-01-18,2018-01-18T00:00:00Z,24.700000762939453,26.600000381469727,23.700000762939453,24.3799991607666,0
2018-01-19,2018-01-19T00:00:00Z,24.3799991607666,25.43000030517578,21.200000762939453,21.200000762939453,0
2018-01-22,2018-01-22T00:00:00Z,22.09000015258789,22.219999313354492,21.200000762939453,22.030000686645508,0
2018-01-23,2018-01-23T00:00:00Z,22.030000686645508,22.84000015258789,21.780000686645508,22.34000015258789,0
2018-01-24,2018-01-24T00:00:00Z,22.34000015258789,24.049999237060547,22.0,23.93000030517578,0
2018-01-25,2018-01-25T00:00:00Z,23.93000030517578,24.860000610351562,21.979999542236328,22.350000381469727,0
2018-01-26,2018-01-26T00:00:00Z,22.350000381469727,22.600000381469727,21.43000030517578,22.290000915527344,0
2018-01-29,2018-01-29T00:00:00Z,22.639999389648438,23.139999389648438,22.389999389648438,22.729999542236328,0
2018-01-30,2018-01-30T00:00:00Z,22.729999542236328,25.06999969482422,22.309999465942383,22.899999618530273,0
2018-01-31,2018-01-31T00:00:00Z,22.899999618530273,23.219999313354492,21.979999542236328,22.229999542236328,0
2018-02-01,2018-02-01T00:00:00Z,22.229999542236328,22.809999465942383,21.25,22.239999771118164,0
2018-02-02,2018-02-02T00:00:00Z,22.239999771118164,24.1299991607666,21.889999389648438,23.799999237060547,0
2018-02-05,2018-02-05T00:00:00Z,23.799999237060547,26.15999984741211,23.799999237060547,25.90999984741211,0
2018-02-06,2018-02-06T00:00:00Z,25.90999984741211,27.979999542236328,24.43000030517578,26.59000015258789,0
2018-02-07,2018-02-07T00:00:00Z,26.59000015258789,28.950000762939453,24.56999969482422,26.790000915527344,0
2018-02-08,2018-02-08T00:00:00Z,26.790000915527344,29.729999542236328,26.610000610351562,29.5,0
2018-02-09,2018-02-09T00:00:00Z,28.450000762939453,51.70000076293945,27.43000030517578,29.850000381469727,0
2018-02-12,2018-02-12T00:00:00Z,30.3700008392334,30.68000030517578,27.959999084472656,29.420000076293945,0
2018-02-13,2018-02-13T00:00:00Z,29.420000076293945,77.55999755859375,27.719999313354492,30.389999389648438,0
2018-02-14,2018-02-14T00:00:00Z,30.389999389648438,39.25,26.200000762939453,27.729999542236328,0
2018-02-15,2018-02-15T00:00:00Z,27.729999542236328,29.34000015258789,26.6299991607666,27.56999969482422,0
2018-02-16,2018-02-16T00:00:00Z,27.290000915527344,28.549999237060547,26.549999237060547,26.969999313354492,0
2018-02-20,2018-02-20T00:00:00Z,26.969999313354492,28.139999389648438,26.889999389648438,27.579999923706055,0
2018-02-21,2018-02-21T00:00:00Z,27.579999923706055,27.579999923706055,25.3700008392334,26.93000030517578,0
2018-02-22,2018-02-22T00:00:00Z,26.799999237060547,26.8799991607666,24.850000381469727,24.979999542236328,0
2018-02-23,2018-02-23T00:00:00Z,24.979999542236328,25.110000610351562,23.399999618530273,24.3700008392334,0
2018-02-26,2018-02-26T00:00:00Z,24.3700008392334,25.8700008392334,24.229999542236328,24.360000610351562,0
2018-02-27,2018-02-27T00:00:00Z,24.360000610351562,25.6200008392334,23.799999237060547,25.290000915527344,0
2018-02-28,2018-02-28T00:00:00Z,25.290000915527344,27.219999313354492,24.299999237060547,26.920000076293945,0
2018-03-01,2018-03-01T00:00:00Z,26.920000076293945,28.579999923706055,25.84000015258789,26.979999542236328,0
2018-03-02,2018-03-02T00:00:00Z,26.979999542236328,28.09000015258789,25.84000015258789,26.149999618530273,0
2018-03-05,2018-03-05T00:00:00Z,27.600000381469727,28.190000534057617,25.889999389648438,26.299999237060547,0
2018-03-06,2018-03-06T00:00:00Z,26.670000076293945,26.670000076293945,25.3799991607666,25.549999237060547,0
2018-03-07,2018-03-07T00:00:00Z,25.549999237060547,27.040000915527344,24.93000030517578,26.940000534057617,0
2018-03-08,2018-03-08T00:00:00Z,26.90999984741211,27.15999984741211,25.799999237060547,26.15999984741211,0
2018-03-09,2018-03-09T00:00:00Z,26.15999984741211,26.229999542236328,26.15999984741211,26.229999542236328,0
2018-03-12,2018-03-12T00:00:00Z,22.610000610351562,24.90999984741211,22.610000610351562,24.020000457763672,0
2018-03-13,2018-03-13T00:00:00Z,24.020000457763672,25.959999084472656,22.5,25.5,0
2018-03-14,2018-03-14T00:00:00Z,23.549999237060547,26.3799991607666,19.959999084472656,25.209999084472656,0
2018-03-15,2018-03-15T00:00:00Z,25.209999084472656,26.540000915527344,22.350000381469727,25.06999969482422,0
2018-03-16,2018-03-16T00:00:00Z,22.270000457763672,25.549999237060547,22.270000457763672,24.530000686645508,0
2018-03-19,2018-03-19T00:00:00Z,22.90999984741211,25.780000686645508,22.90999984741211,25.280000686645508,0
2018-03-20,2018-03-20T00:00:00Z,25.280000686645508,25.770000457763672,24.579999923706055,25.299999237060547,0
2018-03-21,2018-03-21T00:00:00Z,25.299999237060547,26.399999618530273,22.940000534057617,25.950000762939453,0
2018-03-22,2018-03-22T00:00:00Z,26.139999389648438,26.549999237060547,25.15999984741211,26.469999313354492,0
2018-03-23,2018-03-23T00:00:00Z,26.469999313354492,28.0,26.280000686645508,27.559999465942383,0
2018-03-26,2018-03-26T00:00:00Z,27.559999465942383,28.59000015258789,27.559999465942383,27.709999084472656,0
2018-03-27,2018-03-27T00:00:00Z,27.059999465942383,28.010000228881836,27.020000457763672,27.3799991607666,0
2018-03-28,2018-03-28T00:00:00Z,27.3799991607666,35.61000061035156,26.3700008392334,26.670000076293945,0
2018-03-29,2018-03-29T00:00:00Z,26.670000076293945,26.670000076293945,24.75,25.06999969482422,0
2018-04-02,2018-04-02T00:00:00Z,25.040000915527344,27.860000610351562,25.040000915527344,27.530000686645508,0
2018-04-03,2018-04-03T00:00:00Z,27.530000686645508,27.81999969482422,26.68000030517578,26.889999389648438,0
2018-04-04,2018-04-04T00:00:00Z,26.709999084472656,28.360000610351562,25.950000762939453,26.170000076293945,0
2018-04-05,2018-04-05T00:00:00Z,26.170000076293945,26.940000534057617,24.3799991607666,24.3799991607666,0
2018-04-06,2018-04-06T00:00:00Z,24.56999969482422,25.18000030517578,24.049999237060547,24.989999771118164,0
2018-04-09,2018-04-09T00:00:00Z,25.389999389648438,25.790000915527344,24.950000762939453,25.639999389648438,0
2018-04-10,2018-04-10T00:00:00Z,25.639999389648438,28.110000610351562,25.639999389648438,28.049999237060547,0
2018-04-11,2018-04-11T00:00:00Z,28.049999237060547,30.209999084472656,28.049999237060547,29.420000076293945,0
2018-04-12,2018-04-12T00:00:00Z,29.43000030517578,29.43000030517578,28.479999542236328,28.729999542236328,0
2018-04-13,2018-04-13T00:00:00Z,28.729999542236328,29.760000228881836,27.850000381469727,28.520000457763672,0
2018-04-16,2018-04-16T00:00:00Z,28.520000457763672,30.700000762939453,27.969999313354492,28.84000015258789,0
2018-04-17,2018-04-17T00:00:00Z,26.6200008392334,29.43000030517578,26.6200008392334,27.8799991607666,0
2018-04-18,2018-04-18T00:00:00Z,27.8799991607666,31.510000228881836,26.270000457763672,29.420000076293945,0
2018-04-19,2018-04-19T00:00:00Z,30.389999389648438,30.420000076293945,29.149999618530273,29.360000610351562,0
2018-04-20,2018-04-20T00:00:00Z,28.170000076293945,29.510000228881836,28.170000076293945,28.989999771118164,0
2018-04-23,2018-04-23T00:00:00Z,28.18000030517578,29.84000015258789,28.18000030517578,28.969999313354492,0
2018-04-24,2018-04-24T00:00:00Z,27.530000686645508,29.540000915527344,27.530000686645508,29.149999618530273,0
2018-04-25,2018-04-25T00:00:00Z,29.149999618530273,29.31999969482422,27.610000610351562,28.15999984741211,0
2018-04-26,2018-04-26T00:00:00Z,28.15999984741211,28.229999542236328,26.6200008392334,26.860000610351562,0
2018-04-27,2018-04-27T00:00:00Z,25.399999618530273,26.360000610351562,25.399999618530273,25.59000015258789,0
2018-04-30,2018-04-30T00:00:00Z,26.690000534057617,28.280000686645508,26.489999771118164,28.280000686645508,0
2018-05-01,2018-05-01T00:00:00Z,27.899999618530273,28.229999542236328,27.639999389648438,28.06999969482422,0
2018-05-02,2018-05-02T00:00:00Z,28.1200008392334,28.5,27.049999237060547,27.31999969482422,0
2018-05-03,2018-05-03T00:00:00Z,26.709999084472656,27.469999313354492,26.459999084472656,26.690000534057617,0
2018-05-04,2018-05-04T00:00:00Z,26.690000534057617,27.1200008392334,25.760000228881836,26.170000076293945,0
2018-05-07,2018-05-07T00:00:00Z,26.719999313354492,28.979999542236328,26.469999313354492,28.860000610351562,0
2018-05-08,2018-05-08T00:00:00Z,28.860000610351562,29.389999389648438,26.40999984741211,26.760000228881836,0
2018-05-09,2018-05-09T00:00:00Z,26.790000915527344,27.3799991607666,21.0,26.709999084472656,0
2018-05-10,2018-05-10T00:00:00Z,26.709999084472656,27.270000457763672,26.3700008392334,26.610000610351562,0
2018-05-11,2018-05-11T00:00:00Z,26.610000610351562,26.610000610351562,25.3700008392334,25.739999771118164,0
2018-05-14,2018-05-14T00:00:00Z,26.170000076293945,26.280000686645508,25.579999923706055,25.93000030517578,0
2018-05-15,2018-05-15T00:00:00Z,25.93000030517578,26.8799991607666,25.100000381469727,26.610000610351562,0
2018-05-16,2018-05-16T00:00:00Z,25.889999389648438,32.619998931884766,25.56999969482422,25.729999542236328,0
2018-05-17,2018-05-17T00:00:00Z,26.3799991607666,26.3799991607666,24.989999771118164,25.110000610351562,0
2018-05-18,2018-05-18T00:00:00Z,25.110000610351562,25.530000686645508,23.790000915527344,25.229999542236328,0
2018-05-21,2018-05-21T00:00:00Z,25.899999618530273,26.079999923706055,25.389999389648438,25.790000915527344,0
2018-05-22,2018-05-22T00:00:00Z,24.239999771118164,25.959999084472656,24.239999771118164,25.889999389648438,0
2018-05-23,2018-05-23T00:00:00Z,25.989999771118164,26.389999389648438,25.1200008392334,26.040000915527344,0
2018-05-24,2018-05-24T00:00:00Z,26.040000915527344,26.040000915527344,25.149999618530273,25.3700008392334,0
2018-05-25,2018-05-25T00:00:00Z,25.3700008392334,28.020000457763672,24.549999237060547,27.760000228881836,0
2018-05-29,2018-05-29T00:00:00Z,27.760000228881836,29.190000534057617,26.989999771118164,29.040000915527344,0
2018-05-30,2018-05-30T00:00:00Z,27.790000915527344,28.510000228881836,27.469999313354492,27.899999618530273,0
2018-05-31,2018-05-31T00:00:00Z,27.899999618530273,28.770000457763672,27.399999618530273,27.610000610351562,0
2018-06-01,2018-06-01T00:00:00Z,27.6200008392334,28.84000015258789,27.329999923706055,28.649999618530273,0
2018-06-04,2018-06-04T00:00:00Z,28.649999618530273,29.6200008392334,28.649999618530273,29.489999771118164,0
2018-06-05,2018-06-05T00:00:00Z,29.489999771118164,29.850000381469727,28.540000915527344,29.299999237060547,0
2018-06-06,2018-06-06T00:00:00Z,29.299999237060547,29.809999465942383,28.34000015258789,29.139999389648438,0
2018-06-07,2018-06-07T00:00:00Z,29.139999389648438,29.139999389648438,27.520000457763672,28.049999237060547,0
2018-06-08,2018-06-08T00:00:00Z,28.049999237060547,28.15999984741211,26.700000762939453,27.59000015258789,0
2018-06-11,2018-06-11T00:00:00Z,27.59000015258789,28.809999465942383,25.329999923706055,26.860000610351562,0
2018-06-12,2018-06-12T00:00:00Z,26.860000610351562,27.239999771118164,25.0,26.579999923706055,0
2018-06-13,2018-06-13T00:00:00Z,26.579999923706055,27.600000381469727,23.889999389648438,27.079999923706055,0
2018-06-14,2018-06-14T00:00:00Z,27.079999923706055,27.239999771118164,25.850000381469727,26.690000534057617,0
2018-06-15,2018-06-15T00:00:00Z,24.6200008392334,28.3700008392334,24.6200008392334,27.639999389648438,0
2018-06-18,2018-06-18T00:00:00Z,27.639999389648438,28.799999237060547,27.15999984741211,27.579999923706055,0
2018-06-19,2018-06-19T00:00:00Z,27.579999923706055,29.09000015258789,27.020000457763672,28.010000228881836,0
2018-06-20,2018-06-20T00:00:00Z,27.6299991607666,29.5,27.420000076293945,28.059999465942383,0
2018-06-21,2018-06-21T00:00:00Z,28.059999465942383,28.56999969482422,27.0,27.780000686645508,0
2018-06-22,2018-06-22T00:00:00Z,27.780000686645508,27.780000686645508,23.3799991607666,25.520000457763672,0
2018-06-25,2018-06-25T00:00:00Z,25.299999237060547,26.469999313354492,25.299999237060547,26.100000381469727,0
2018-06-26,2018-06-26T00:00:00Z,26.100000381469727,26.520000457763672,24.899999618530273,25.670000076293945,0
2018-06-27,2018-06-27T00:00:00Z,26.280000686645508,47.189998626708984,25.969999313354492,27.690000534057617,0
2018-06-28,2018-06-28T00:00:00Z,27.690000534057617,28.639999389648438,26.979999542236328,27.350000381469727,0
2018-06-29,2018-06-29T00:00:00Z,26.6200008392334,27.440000534057617,26.5,27.18000030517578,0
2018-07-02,2018-07-02T00:00:00Z,27.65999984741211,28.709999084472656,27.65999984741211,28.649999618530273,0
2018-07-03,2018-07-03T00:00:00Z,28.649999618530273,29.209999084472656,28.209999084472656,28.579999923706055,0
2018-07-05,2018-07-05T00:00:00Z,28.729999542236328,34.310001373291016,28.1299991607666,28.770000457763672,0
2018-07-06,2018-07-06T00:00:00Z,28.770000457763672,28.770000457763672,27.940000534057617,28.1299991607666,0
2018-07-09,2018-07-09T00:00:00Z,28.6200008392334,28.84000015258789,27.940000534057617,28.1200008392334,0
2018-07-10,2018-07-10T00:00:00Z,27.649999618530273,28.040000915527344,26.489999771118164,26.899999618530273,0
2018-07-11,2018-07-11T00:00:00Z,26.899999618530273,28.899999618530273,26.43000030517578,28.559999465942383,0
2018-07-12,2018-07-12T00:00:00Z,28.559999465942383,28.8799991607666,27.510000228881836,27.809999465942383,0
2018-07-13,2018-07-13T00:00:00Z,27.809999465942383,27.809999465942383,26.700000762939453,27.540000915527344,0
2018-07-16,2018-07-16T00:00:00Z,28.360000610351562,29.889999389648438,27.719999313354492,29.010000228881836,0
2018-07-17,2018-07-17T00:00:00Z,28.65999984741211,29.520000457763672,27.420000076293945,28.0,0
2018-07-18,2018-07-18T00:00:00Z,26.68000030517578,27.920000076293945,26.520000457763672,27.239999771118164,0
2018-07-19,2018-07-19T00:00:00Z,27.209999084472656,27.829999923706055,26.280000686645508,26.84000015258789,0
2018-07-20,2018-07-20T00:00:00Z,26.06999969482422,26.90999984741211,25.440000534057617,26.010000228881836,0
2018-07-23,2018-07-23T00:00:00Z,26.010000228881836,26.68000030517578,25.979999542236328,26.149999618530273,0
2018-07-24,2018-07-24T00:00:00Z,26.149999618530273,26.3700008392334,25.260000228881836,25.649999618530273,0
2018-07-25,2018-07-25T00:00:00Z,25.649999618530273,25.81999969482422,24.549999237060547,25.34000015258789,0
2018-07-26,2018-07-26T00:00:00Z,24.65999984741211,25.200000762939453,24.479999542236328,24.8799991607666,0
2018-07-27,2018-07-27T00:00:00Z,24.440000534057617,25.280000686645508,24.43000030517578,24.969999313354492,0
2018-07-30,2018-07-30T00:00:00Z,25.440000534057617,26.09000015258789,25.360000610351562,25.829999923706055,0
2018-07-31,2018-07-31T00:00:00Z,25.829999923706055,26.799999237060547,25.670000076293945,26.520000457763672,0
2018-08-01,2018-08-01T00:00:00Z,26.520000457763672,26.959999084472656,25.889999389648438,26.450000762939453,0
2018-08-02,2018-08-02T00:00:00Z,25.940000534057617,26.3799991607666,25.3700008392334,25.729999542236328,0
2018-08-03,2018-08-03T00:00:00Z,25.729999542236328,26.100000381469727,25.469999313354492,25.610000610351562,0
2018-08-06,2018-08-06T00:00:00Z,25.709999084472656,26.200000762939453,25.139999389648438,25.420000076293945,0
2018-08-07,2018-08-07T00:00:00Z,25.469999313354492,25.559999465942383,25.1299991607666,25.219999313354492,0
2018-08-08,2018-08-08T00:00:00Z,25.219999313354492,26.93000030517578,25.190000534057617,26.40999984741211,0
2018-08-09,2018-08-09T00:00:00Z,25.81999969482422,25.93000030517578,25.299999237060547,25.399999618530273,0
2018-08-10,2018-08-10T00:00:00Z,25.540000915527344,25.6200008392334,25.190000534057617,25.450000762939453,0
2018-08-13,2018-08-13T00:00:00Z,25.450000762939453,26.979999542236328,24.709999084472656,25.309999465942383,0
2018-08-14,2018-08-14T00:00:00Z,24.059999465942383,26.25,24.059999465942383,26.18000030517578,0
2018-08-15,2018-08-15T00:00:00Z,25.469999313354492,32.43000030517578,25.110000610351562,27.260000228881836,0
2018-08-16,2018-08-16T00:00:00Z,25.940000534057617,27.06999969482422,25.81999969482422,26.329999923706055,0
2018-08-17,2018-08-17T00:00:00Z,26.030000686645508,26.389999389648438,24.8700008392334,25.709999084472656,0
2018-08-20,2018-08-20T00:00:00Z,26.079999923706055,26.889999389648438,25.110000610351562,25.260000228881836,0
2018-08-21,2018-08-21T00:00:00Z,25.260000228881836,25.719999313354492,24.729999542236328,25.079999923706055,0
2018-08-22,2018-08-22T00:00:00Z,25.079999923706055,27.959999084472656,24.309999465942383,24.719999313354492,0
2018-08-23,2018-08-23T00:00:00Z,25.239999771118164,25.239999771118164,24.229999542236328,24.350000381469727,0
2018-08-24,2018-08-24T00:00:00Z,24.229999542236328,24.229999542236328,23.280000686645508,23.309999465942383,0
2018-08-27,2018-08-27T00:00:00Z,24.110000610351562,24.1200008392334,23.579999923706055,23.68000030517578,0
2018-08-28,2018-08-28T00:00:00Z,23.610000610351562,24.6299991607666,23.329999923706055,24.5,0
2018-08-29,2018-08-29T00:00:00Z,23.770000457763672,24.75,23.700000762939453,24.31999969482422,0
2018-08-30,2018-08-30T00:00:00Z,24.31999969482422,25.020000457763672,24.260000228881836,24.889999389648438,0
2018-08-31,2018-08-31T00:00:00Z,24.06999969482422,25.1299991607666,23.969999313354492,25.020000457763672,0
2018-09-04,2018-09-04T00:00:00Z,25.649999618530273,26.850000381469727,25.649999618530273,26.700000762939453,0
2018-09-05,2018-09-05T00:00:00Z,25.899999618530273,27.06999969482422,25.899999618530273,26.6200008392334,0
2018-09-06,2018-09-06T00:00:00Z,26.6200008392334,27.639999389648438,26.040000915527344,26.15999984741211,0
2018-09-07,2018-09-07T00:00:00Z,26.15999984741211,26.40999984741211,25.389999389648438,26.06999969482422,0
2018-09-10,2018-09-10T00:00:00Z,26.239999771118164,26.399999618530273,25.360000610351562,26.1299991607666,0
2018-09-11,2018-09-11T00:00:00Z,26.1299991607666,27.299999237060547,25.709999084472656,27.139999389648438,0
2018-09-12,2018-09-12T00:00:00Z,27.139999389648438,28.209999084472656,26.510000228881836,26.940000534057617,0
2018-09-13,2018-09-13T00:00:00Z,26.010000228881836,27.299999237060547,26.010000228881836,26.700000762939453,0
2018-09-14,2018-09-14T00:00:00Z,26.700000762939453,27.020000457763672,25.469999313354492,26.399999618530273,0
2018-09-17,2018-09-17T00:00:00Z,26.469999313354492,27.399999618530273,26.040000915527344,26.489999771118164,0
2018-09-18,2018-09-18T00:00:00Z,26.43000030517578,27.530000686645508,26.399999618530273,26.799999237060547,0
2018-09-19,2018-09-19T00:00:00Z,25.84000015258789,27.149999618530273,25.84000015258789,26.350000381469727,0
2018-09-20,2018-09-20T00:00:00Z,25.780000686645508,26.459999084472656,25.059999465942383,26.06999969482422,0
2018-09-21,2018-09-21T00:00:00Z,26.06999969482422,26.600000381469727,25.040000915527344,26.149999618530273,0
2018-09-24,2018-09-24T00:00:00Z,26.149999618530273,27.530000686645508,26.149999618530273,26.969999313354492,0
2018-09-25,2018-09-25T00:00:00Z,26.719999313354492,27.31999969482422,26.18000030517578,26.829999923706055,0
2018-09-26,2018-09-26T00:00:00Z,26.549999237060547,26.8799991607666,25.959999084472656,26.530000686645508,0
2018-09-27,2018-09-27T00:00:00Z,27.049999237060547,27.100000381469727,26.059999465942383,26.450000762939453,0
2018-09-28,2018-09-28T00:00:00Z,26.200000762939453,26.84000015258789,26.200000762939453,26.729999542236328,0
2018-10-01,2018-10-01T00:00:00Z,27.079999923706055,27.950000762939453,26.670000076293945,27.950000762939453,0
2018-10-02,2018-10-02T00:00:00Z,27.09000015258789,27.84000015258789,27.09000015258789,27.68000030517578,0
2018-10-03,2018-10-03T00:00:00Z,26.90999984741211,35.209999084472656,24.149999618530273,28.040000915527344,0
2018-10-04,2018-10-04T00:00:00Z,27.110000610351562,29.68000030517578,27.049999237060547,28.899999618530273,0
2018-10-05,2018-10-05T00:00:00Z,28.719999313354492,29.079999923706055,28.34000015258789,28.84000015258789,0
2018-10-08,2018-10-08T00:00:00Z,28.84000015258789,29.489999771118164,28.739999771118164,28.860000610351562,0
2018-10-09,2018-10-09T00:00:00Z,28.860000610351562,28.860000610351562,27.899999618530273,27.899999618530273,0
2018-10-10,2018-10-10T00:00:00Z,27.899999618530273,43.08000183105469,27.829999923706055,28.809999465942383,0
2018-10-11,2018-10-11T00:00:00Z,28.809999465942383,56.900001525878906,28.40999984741211,29.290000915527344,0
2018-10-12,2018-10-12T00:00:00Z,28.90999984741211,28.90999984741211,27.59000015258789,27.729999542236328,0
2018-10-15,2018-10-15T00:00:00Z,28.450000762939453,29.299999237060547,28.290000915527344,28.59000015258789,0
2018-10-16,2018-10-16T00:00:00Z,27.540000915527344,29.399999618530273,27.540000915527344,28.59000015258789,0
2018-10-17,2018-10-17T00:00:00Z,28.59000015258789,28.950000762939453,25.200000762939453,28.1299991607666,0
2018-10-18,2018-10-18T00:00:00Z,28.3799991607666,29.84000015258789,28.1299991607666,28.530000686645508,0
2018-10-19,2018-10-19T00:00:00Z,28.530000686645508,33.279998779296875,26.93000030517578,27.420000076293945,0
2018-10-22,2018-10-22T00:00:00Z,28.030000686645508,28.940000534057617,27.350000381469727,27.760000228881836,0
2018-10-23,2018-10-23T00:00:00Z,28.09000015258789,30.209999084472656,28.09000015258789,29.3799991607666,0
2018-10-24,2018-10-24T00:00:00Z,29.3799991607666,29.93000030517578,28.479999542236328,29.799999237060547,0
2018-10-25,2018-10-25T00:00:00Z,28.969999313354492,29.559999465942383,27.899999618530273,28.5,0
2018-10-26,2018-10-26T00:00:00Z,28.139999389648438,29.510000228881836,28.139999389648438,29.09000015258789,0
2018-10-29,2018-10-29T00:00:00Z,29.09000015258789,29.899999618530273,28.540000915527344,29.459999084472656,0
2018-10-30,2018-10-30T00:00:00Z,28.979999542236328,30.239999771118164,28.979999542236328,29.899999618530273,0
2018-10-31,2018-10-31T00:00:00Z,29.149999618530273,36.86000061035156,27.110000610351562,30.1200008392334,0
2018-11-01,2018-11-01T00:00:00Z,28.950000762939453,31.979999542236328,28.950000762939453,31.540000915527344,0
2018-11-02,2018-11-02T00:00:00Z,31.540000915527344,32.43000030517578,30.959999084472656,32.209999084472656,0
2018-11-05,2018-11-05T00:00:00Z,32.720001220703125,33.02000045776367,32.02000045776367,32.68000030517578,0
2018-11-06,2018-11-06T00:00:00Z,32.33000183105469,34.34000015258789,32.27000045776367,34.150001525878906,0
2018-11-07,2018-11-07T00:00:00Z,34.36000061035156,34.56999969482422,32.66999816894531,33.04999923706055,0
2018-11-08,2018-11-08T00:00:00Z,33.29999923706055,33.68000030517578,32.060001373291016,32.22999954223633,0
2018-11-09,2018-11-09T00:00:00Z,33.4900016784668,35.15999984741211,33.22999954223633,35.099998474121094,0
2018-11-12,2018-11-12T00:00:00Z,35.220001220703125,40.209999084472656,33.58000183105469,40.13999938964844,0
2018-11-13,2018-11-13T00:00:00Z,39.779998779296875,96.23999786376953,37.5,55.709999084472656,0
2018-11-14,2018-11-14T00:00:00Z,50.290000915527344,51.560001373291016,43.45000076293945,47.06999969482422,0
2018-11-15,2018-11-15T00:00:00Z,46.97999954223633,50.83000183105469,43.619998931884766,43.869998931884766,0
2018-11-16,2018-11-16T00:00:00Z,41.38999938964844,44.959999084472656,38.939998626708984,40.560001373291016,0
2018-11-19,2018-11-19T00:00:00Z,42.349998474121094,46.56999969482422,42.349998474121094,43.45000076293945,0
2018-11-20,2018-11-20T00:00:00Z,45.40999984741211,58.66999816894531,44.91999816894531,56.560001373291016,0
2018-11-21,2018-11-21T00:00:00Z,51.81999969482422,53.709999084472656,48.939998626708984,51.790000915527344,0
2018-11-23,2018-11-23T00:00:00Z,59.040000915527344,65.26000213623047,58.880001068115234,65.16999816894531,0
2018-11-26,2018-11-26T00:00:00Z,65.16999816894531,65.16999816894531,57.43000030517578,57.869998931884766,0
2018-11-27,2018-11-27T00:00:00Z,57.869998931884766,57.869998931884766,53.310001373291016,54.63999938964844,0
2018-11-28,2018-11-28T00:00:00Z,54.63999938964844,97.91999816894531,52.150001525878906,53.9900016784668,0
2018-11-29,2018-11-29T00:00:00Z,52.939998626708984,54.72999954223633,52.47999954223633,53.959999084472656,0
2018-11-30,2018-11-30T00:00:00Z,53.959999084472656,58.0,53.959999084472656,56.040000915527344,0
2018-12-03,2018-12-03T00:00:00Z,52.54999923706055,52.54999923706055,49.060001373291016,49.61000061035156,0
2018-12-04,2018-12-04T00:00:00Z,49.45000076293945,50.09000015258789,47.720001220703125,49.84000015258789,0
2018-12-06,2018-12-06T00:00:00Z,48.38999938964844,65.36000061035156,48.38999938964844,50.130001068115234,0
2018-12-07,2018-12-07T00:00:00Z,50.130001068115234,50.130001068115234,39.689998626708984,41.83000183105469,0
2018-12-10,2018-12-10T00:00:00Z,43.47999954223633,45.189998626708984,41.52000045776367,45.060001373291016,0
2018-12-11,2018-12-11T00:00:00Z,42.060001373291016,42.34000015258789,41.0099983215332,41.459999084472656,0
2018-12-12,2018-12-12T00:00:00Z,40.63999938964844,83.62000274658203,37.0099983215332,39.900001525878906,0
2018-12-13,2018-12-13T00:00:00Z,39.66999816894531,40.91999816894531,38.54999923706055,39.25,0
2018-12-14,2018-12-14T00:00:00Z,39.25,43.58000183105469,39.119998931884766,42.380001068115234,0
2018-12-17,2018-12-17T00:00:00Z,41.86000061035156,46.81999969482422,41.86000061035156,46.59000015258789,0
2018-12-18,2018-12-18T00:00:00Z,45.779998779296875,55.59000015258789,45.779998779296875,53.349998474121094,0
2018-12-19,2018-12-19T00:00:00Z,52.04999923706055,72.51000213623047,48.93000030517578,50.86000061035156,0
2018-12-20,2018-12-20T00:00:00Z,50.27000045776367,53.439998626708984,50.27000045776367,52.88999938964844,0
2018-12-21,2018-12-21T00:00:00Z,51.75,53.060001373291016,50.7599983215332,51.7599983215332,0
2018-12-24,2018-12-24T00:00:00Z,53.720001220703125,56.72999954223633,53.43000030517578,56.72999954223633,0
2018-12-26,2018-12-26T00:00:00Z,55.380001068115234,57.33000183105469,53.790000915527344,54.06999969482422,0
2018-12-27,2018-12-27T00:00:00Z,55.779998779296875,110.4800033569336,55.779998779296875,57.15999984741211,0
2018-12-28,2018-12-28T00:00:00Z,57.15999984741211,57.380001068115234,52.79999923706055,53.11000061035156,0
2018-12-31,2018-12-31T00:00:00Z,54.529998779296875,54.900001525878906,51.779998779296875,51.869998931884766,0
2019-01-02,2019-01-02T00:00:00Z,53.56999969482422,55.619998931884766,52.560001373291016,54.720001220703125,0
2019-01-03,2019-01-03T00:00:00Z,52.380001068115234,55.11000061035156,52.380001068115234,53.56999969482422,0
2019-01-04,2019-01-04T00:00:00Z,52.369998931884766,56.09000015258789,50.09000015258789,51.52000045776367,0
2019-01-07,2019-01-07T00:00:00Z,52.560001373291016,53.20000076293945,49.790000915527344,50.41999816894531,0
2019-01-08,2019-01-08T00:00:00Z,49.18000030517578,49.38999938964844,45.849998474121094,46.08000183105469,0
2019-01-09,2019-01-09T00:00:00Z,45.06999969482422,64.80000305175781,43.970001220703125,44.36000061035156,0
2019-01-10,2019-01-10T00:00:00Z,44.36000061035156,45.2599983215332,42.66999816894531,42.9900016784668,0
2019-01-11,2019-01-11T00:00:00Z,42.11000061035156,43.290000915527344,40.619998931884766,40.9900016784668,0
2019-01-14,2019-01-14T00:00:00Z,41.5099983215332,43.220001220703125,40.25,40.810001373291016,0
2019-01-15,2019-01-15T00:00:00Z,39.9900016784668,41.369998931884766,39.689998626708984,39.75,0
2019-01-16,2019-01-16T00:00:00Z,39.75,42.16999816894531,38.709999084472656,38.77000045776367,0
2019-01-17,2019-01-17T00:00:00Z,38.02000045776367,39.43000030517578,36.41999816894531,37.029998779296875,0
2019-01-18,2019-01-18T00:00:00Z,36.060001373291016,39.04999923706055,35.15999984741211,35.630001068115234,0
2019-01-22,2019-01-22T00:00:00Z,36.810001373291016,38.93000030517578,36.369998931884766,38.2599983215332,0
2019-01-23,2019-01-23T00:00:00Z,38.2599983215332,38.560001373291016,37.22999954223633,37.689998626708984,0
2019-01-24,2019-01-24T00:00:00Z,36.45000076293945,57.43000030517578,36.400001525878906,36.75,0
2019-01-25,2019-01-25T00:00:00Z,36.75,36.75,34.90999984741211,35.209999084472656,0
2019-01-28,2019-01-28T00:00:00Z,35.209999084472656,38.54999923706055,35.209999084472656,37.61000061035156,0
2019-01-29,2019-01-29T00:00:00Z,37.61000061035156,38.779998779296875,36.540000915527344,37.130001068115234,0
2019-01-30,2019-01-30T00:00:00Z,37.130001068115234,53.810001373291016,34.06999969482422,35.59000015258789,0
2019-01-31,2019-01-31T00:00:00Z,34.90999984741211,35.63999938964844,34.290000915527344,34.970001220703125,0
2019-02-01,2019-02-01T00:00:00Z,34.970001220703125,35.88999938964844,32.83000183105469,33.400001525878906,0
2019-02-04,2019-02-04T00:00:00Z,33.400001525878906,35.77000045776367,33.400001525878906,33.70000076293945,0
2019-02-05,2019-02-05T00:00:00Z,33.52000045776367,34.79999923706055,33.400001525878906,34.56999969482422,0
2019-02-06,2019-02-06T00:00:00Z,34.56999969482422,35.060001373291016,31.959999084472656,33.02000045776367,0
2019-02-07,2019-02-07T00:00:00Z,33.02000045776367,36.779998779296875,32.349998474121094,34.34000015258789,0
2019-02-08,2019-02-08T00:00:00Z,34.34000015258789,34.4900016784668,32.22999954223633,32.560001373291016,0
2019-02-11,2019-02-11T00:00:00Z,32.560001373291016,35.27000045776367,32.560001373291016,33.34000015258789,0
2019-02-12,2019-02-12T00:00:00Z,33.34000015258789,33.630001068115234,31.739999771118164,32.689998626708984,0
2019-02-13,2019-02-13T00:00:00Z,32.689998626708984,47.560001373291016,30.600000381469727,32.2599983215332,0
2019-02-14,2019-02-14T00:00:00Z,32.2599983215332,33.970001220703125,31.649999618530273,32.099998474121094,0
2019-02-15,2019-02-15T00:00:00Z,32.099998474121094,32.099998474121094,29.459999084472656,29.459999084472656,0
2019-02-19,2019-02-19T00:00:00Z,29.459999084472656,32.439998626708984,29.459999084472656,31.0,0
2019-02-20,2019-02-20T00:00:00Z,31.0,44.7599983215332,30.399999618530273,30.760000228881836,0
2019-02-21,2019-02-21T00:00:00Z,30.760000228881836,31.260000228881836,29.889999389648438,30.15999984741211,0
2019-02-22,2019-02-22T00:00:00Z,28.149999618530273,30.469999313354492,28.149999618530273,29.850000381469727,0
2019-02-25,2019-02-25T00:00:00Z,31.190000534057617,32.72999954223633,31.149999618530273,32.689998626708984,0
2019-02-26,2019-02-26T00:00:00Z,32.689998626708984,32.91999816894531,30.84000015258789,31.56999969482422,0
2019-02-27,2019-02-27T00:00:00Z,31.56999969482422,36.4900016784668,30.139999389648438,31.010000228881836,0
2019-02-28,2019-02-28T00:00:00Z,31.010000228881836,31.600000381469727,30.149999618530273,30.270000457763672,0
2019-03-01,2019-03-01T00:00:00Z,30.350000381469727,31.639999389648438,29.530000686645508,30.309999465942383,0
2019-03-04,2019-03-04T00:00:00Z,30.309999465942383,31.219999313354492,29.489999771118164,30.200000762939453,0
2019-03-05,2019-03-05T00:00:00Z,30.200000762939453,30.3700008392334,29.309999465942383,29.790000915527344,0
2019-03-06,2019-03-06T00:00:00Z,29.790000915527344,31.270000457763672,29.25,29.690000534057617,0
2019-03-07,2019-03-07T00:00:00Z,29.690000534057617,30.469999313354492,29.649999618530273,30.43000030517578,0
2019-03-08,2019-03-08T00:00:00Z,30.43000030517578,31.170000076293945,29.25,29.770000457763672,0
2019-03-11,2019-03-11T00:00:00Z,29.770000457763672,31.270000457763672,26.8700008392334,29.18000030517578,0
2019-03-12,2019-03-12T00:00:00Z,29.18000030517578,29.90999984741211,27.790000915527344,28.559999465942383,0
2019-03-13,2019-03-13T00:00:00Z,27.6299991607666,29.440000534057617,26.399999618530273,28.1299991607666,0
2019-03-14,2019-03-14T00:00:00Z,28.1299991607666,28.600000381469727,26.510000228881836,27.219999313354492,0
2019-03-15,2019-03-15T00:00:00Z,27.219999313354492,28.389999389648438,25.68000030517578,26.270000457763672,0
2019-03-18,2019-03-18T00:00:00Z,26.270000457763672,27.8700008392334,25.3700008392334,26.479999542236328,0
2019-03-19,2019-03-19T00:00:00Z,26.479999542236328,29.1200008392334,25.709999084472656,28.440000534057617,0
2019-03-20,2019-03-20T00:00:00Z,28.440000534057617,29.459999084472656,26.65999984741211,27.209999084472656,0
2019-03-21,2019-03-21T00:00:00Z,26.469999313354492,28.020000457763672,25.899999618530273,27.139999389648438,0
2019-03-22,2019-03-22T00:00:00Z,27.139999389648438,29.729999542236328,26.579999923706055,27.780000686645508,0
2019-03-25,2019-03-25T00:00:00Z,27.780000686645508,30.549999237060547,27.780000686645508,29.31999969482422,0
2019-03-26,2019-03-26T00:00:00Z,29.31999969482422,29.31999969482422,27.049999237060547,27.920000076293945,0
2019-03-27,2019-03-27T00:00:00Z,27.920000076293945,56.9900016784668,27.309999465942383,28.110000610351562,0
2019-03-28,2019-03-28T00:00:00Z,28.110000610351562,29.479999542236328,28.110000610351562,28.520000457763672,0
2019-03-29,2019-03-29T00:00:00Z,28.520000457763672,28.520000457763672,26.389999389648438,26.75,0
2019-04-01,2019-04-01T00:00:00Z,26.790000915527344,27.360000610351562,25.649999618530273,26.229999542236328,0
2019-04-02,2019-04-02T00:00:00Z,26.229999542236328,26.690000534057617,25.209999084472656,26.280000686645508,0
2019-04-03,2019-04-03T00:00:00Z,26.280000686645508,26.399999618530273,25.329999923706055,25.56999969482422,0
2019-04-04,2019-04-04T00:00:00Z,25.56999969482422,25.780000686645508,24.770000457763672,25.219999313354492,0
2019-04-05,2019-04-05T00:00:00Z,25.270000457763672,25.270000457763672,23.610000610351562,24.0,0
2019-04-08,2019-04-08T00:00:00Z,24.0,25.8799991607666,24.0,24.329999923706055,0
2019-04-09,2019-04-09T00:00:00Z,24.329999923706055,25.299999237060547,23.950000762939453,24.65999984741211,0
2019-04-10,2019-04-10T00:00:00Z,24.65999984741211,24.68000030517578,24.65999984741211,24.68000030517578,0
2019-04-11,2019-04-11T00:00:00Z,24.68000030517578,26.059999465942383,24.68000030517578,25.700000762939453,0
2019-04-12,2019-04-12T00:00:00Z,25.700000762939453,25.700000762939453,25.700000762939453,25.700000762939453,0
2019-04-15,2019-04-15T00:00:00Z,26.59000015258789,26.59000015258789,25.040000915527344,25.510000228881836,0
2019-04-16,2019-04-16T00:00:00Z,25.510000228881836,26.270000457763672,24.989999771118164,25.56999969482422,0
2019-04-17,2019-04-17T00:00:00Z,25.56999969482422,38.9900016784668,23.969999313354492,25.190000534057617,0
2019-04-18,2019-04-18T00:00:00Z,24.770000457763672,25.110000610351562,24.440000534057617,24.450000762939453,0
2019-04-22,2019-04-22T00:00:00Z,24.139999389648438,27.940000534057617,24.079999923706055,26.06999969482422,0
2019-04-23,2019-04-23T00:00:00Z,24.3700008392334,26.65999984741211,24.3700008392334,26.559999465942383,0
2019-04-24,2019-04-24T00:00:00Z,26.239999771118164,32.630001068115234,25.229999542236328,25.280000686645508,0
2019-04-25,2019-04-25T00:00:00Z,25.280000686645508,25.760000228881836,24.860000610351562,25.56999969482422,0
2019-04-26,2019-04-26T00:00:00Z,25.6200008392334,31.899999618530273,25.15999984741211,31.239999771118164,0
2019-04-29,2019-04-29T00:00:00Z,31.239999771118164,31.239999771118164,28.15999984741211,29.040000915527344,0
2019-04-30,2019-04-30T00:00:00Z,29.040000915527344,29.850000381469727,28.829999923706055,29.309999465942383,0
2019-05-01,2019-05-01T00:00:00Z,28.079999923706055,39.439998626708984,28.079999923706055,29.40999984741211,0
2019-05-02,2019-05-02T00:00:00Z,33.25,33.65999984741211,30.440000534057617,30.489999771118164,0
2019-05-03,2019-05-03T00:00:00Z,30.489999771118164,30.489999771118164,28.420000076293945,29.8799991607666,0
2019-05-06,2019-05-06T00:00:00Z,29.8799991607666,32.13999938964844,29.8799991607666,30.90999984741211,0
2019-05-07,2019-05-07T00:00:00Z,32.790000915527344,34.34000015258789,32.54999923706055,34.06999969482422,0
2019-05-08,2019-05-08T00:00:00Z,34.06999969482422,34.599998474121094,30.110000610351562,32.22999954223633,0
2019-05-09,2019-05-09T00:00:00Z,32.9900016784668,45.349998474121094,32.18000030517578,32.47999954223633,0
2019-05-10,2019-05-10T00:00:00Z,32.869998931884766,33.060001373291016,32.13999938964844,32.79999923706055,0
2019-05-13,2019-05-13T00:00:00Z,35.0099983215332,35.54999923706055,31.8700008392334,34.599998474121094,0
2019-05-14,2019-05-14T00:00:00Z,33.4900016784668,33.4900016784668,31.399999618530273,32.130001068115234,0
2019-05-15,2019-05-15T00:00:00Z,32.18000030517578,33.369998931884766,29.040000915527344,29.260000228881836,0
2019-05-16,2019-05-16T00:00:00Z,29.829999923706055,30.899999618530273,29.260000228881836,29.420000076293945,0
2019-05-17,2019-05-17T00:00:00Z,28.43000030517578,29.920000076293945,27.709999084472656,29.440000534057617,0
2019-05-20,2019-05-20T00:00:00Z,27.739999771118164,28.3799991607666,26.959999084472656,27.6299991607666,0
2019-05-21,2019-05-21T00:00:00Z,26.43000030517578,27.729999542236328,26.43000030517578,26.93000030517578,0
2019-05-22,2019-05-22T00:00:00Z,26.40999984741211,28.40999984741211,25.6299991607666,28.190000534057617,0
2019-05-23,2019-05-23T00:00:00Z,30.920000076293945,37.16999816894531,30.920000076293945,33.790000915527344,0
2019-05-24,2019-05-24T00:00:00Z,31.93000030517578,34.31999969482422,31.760000228881836,33.189998626708984,0
2019-05-28,2019-05-28T00:00:00Z,33.720001220703125,34.459999084472656,33.08000183105469,34.36000061035156,0
2019-05-29,2019-05-29T00:00:00Z,34.7400016784668,37.970001220703125,34.7400016784668,36.43000030517578,0
2019-05-30,2019-05-30T00:00:00Z,35.2599983215332,39.84000015258789,35.099998474121094,39.619998931884766,0
2019-05-31,2019-05-31T00:00:00Z,41.18000030517578,47.4900016784668,41.18000030517578,46.90999984741211,0
2019-06-03,2019-06-03T00:00:00Z,45.290000915527344,47.0,43.880001068115234,46.779998779296875,0
2019-06-04,2019-06-04T00:00:00Z,44.29999923706055,46.4900016784668,43.41999816894531,43.459999084472656,0
2019-06-05,2019-06-05T00:00:00Z,44.099998474121094,70.69000244140625,43.40999984741211,45.189998626708984,0
2019-06-06,2019-06-06T00:00:00Z,45.189998626708984,45.189998626708984,40.52000045776367,40.65999984741211,0
2019-06-07,2019-06-07T00:00:00Z,40.16999816894531,40.619998931884766,38.709999084472656,38.75,0
2019-06-10,2019-06-10T00:00:00Z,38.75,39.7400016784668,38.189998626708984,39.119998931884766,0
2019-06-11,2019-06-11T00:00:00Z,37.54999923706055,39.130001068115234,37.529998779296875,38.689998626708984,0
2019-06-12,2019-06-12T00:00:00Z,39.9900016784668,44.41999816894531,39.68000030517578,43.060001373291016,0
2019-06-13,2019-06-13T00:00:00Z,40.349998474121094,41.77000045776367,39.68000030517578,41.560001373291016,0
2019-06-14,2019-06-14T00:00:00Z,41.369998931884766,42.88999938964844,41.369998931884766,42.88999938964844,0
2019-06-17,2019-06-17T00:00:00Z,42.88999938964844,60.41999816894531,42.88999938964844,46.150001525878906,0
2019-06-18,2019-06-18T00:00:00Z,43.72999954223633,44.130001068115234,42.70000076293945,43.43000030517578,0
2019-06-19,2019-06-19T00:00:00Z,43.470001220703125,43.90999984741211,40.27000045776367,40.790000915527344,0
2019-06-20,2019-06-20T00:00:00Z,39.900001525878906,43.33000183105469,39.529998779296875,41.65999984741211,0
2019-06-21,2019-06-21T00:00:00Z,40.93000030517578,43.310001373291016,40.93000030517578,42.130001068115234,0
2019-06-24,2019-06-24T00:00:00Z,41.88999938964844,42.790000915527344,40.869998931884766,41.0,0
2019-06-25,2019-06-25T00:00:00Z,41.0,41.0,39.16999816894531,40.2599983215332,0
2019-06-26,2019-06-26T00:00:00Z,38.4900016784668,39.709999084472656,38.060001373291016,38.45000076293945,0
2019-06-27,2019-06-27T00:00:00Z,38.75,38.75,36.93000030517578,37.84000015258789,0
2019-06-28,2019-06-28T00:00:00Z,37.84000015258789,39.720001220703125,36.90999984741211,39.459999084472656,0
2019-07-01,2019-07-01T00:00:00Z,42.849998474121094,42.849998474121094,33.63999938964844,35.91999816894531,0
2019-07-02,2019-07-02T00:00:00Z,35.11000061035156,38.630001068115234,34.630001068115234,37.77000045776367,0
2019-07-03,2019-07-03T00:00:00Z,36.81999969482422,38.310001373291016,35.93000030517578,36.720001220703125,0
2019-07-05,2019-07-05T00:00:00Z,36.720001220703125,37.5099983215332,34.540000915527344,34.70000076293945,0
2019-07-08,2019-07-08T00:00:00Z,35.560001373291016,35.869998931884766,33.88999938964844,34.0,0
2019-07-09,2019-07-09T00:00:00Z,30.709999084472656,31.309999465942383,30.139999389648438,30.299999237060547,0
2019-07-10,2019-07-10T00:00:00Z,29.31999969482422,42.540000915527344,29.079999923706055,30.760000228881836,0
2019-07-11,2019-07-11T00:00:00Z,29.3700008392334,30.3799991607666,29.3700008392334,29.860000610351562,0
2019-07-12,2019-07-12T00:00:00Z,29.860000610351562,30.68000030517578,29.3799991607666,30.389999389648438,0
2019-07-15,2019-07-15T00:00:00Z,29.479999542236328,31.6299991607666,29.479999542236328,30.829999923706055,0
2019-07-16,2019-07-16T00:00:00Z,29.399999618530273,33.650001525878906,29.399999618530273,32.060001373291016,0
2019-07-17,2019-07-17T00:00:00Z,32.880001068115234,35.0099983215332,29.15999984741211,34.939998626708984,0
2019-07-18,2019-07-18T00:00:00Z,31.389999389648438,35.36000061035156,31.389999389648438,33.06999969482422,0
2019-07-19,2019-07-19T00:00:00Z,32.040000915527344,34.93000030517578,32.040000915527344,34.84000015258789,0
2019-07-22,2019-07-22T00:00:00Z,33.880001068115234,34.869998931884766,32.540000915527344,33.630001068115234,0
2019-07-23,2019-07-23T00:00:00Z,32.34000015258789,33.54999923706055,32.16999816894531,32.25,0
2019-07-24,2019-07-24T00:00:00Z,32.25,33.599998474121094,29.520000457763672,32.86000061035156,0
2019-07-25,2019-07-25T00:00:00Z,31.850000381469727,32.5,31.690000534057617,31.950000762939453,0
2019-07-26,2019-07-26T00:00:00Z,31.950000762939453,33.04999923706055,31.56999969482422,32.290000915527344,0
2019-07-29,2019-07-29T00:00:00Z,30.709999084472656,32.869998931884766,30.709999084472656,31.6299991607666,0
2019-07-30,2019-07-30T00:00:00Z,31.0,31.280000686645508,29.8799991607666,30.06999969482422,0
2019-07-31,2019-07-31T00:00:00Z,29.1200008392334,30.860000610351562,29.1200008392334,30.770000457763672,0
2019-08-01,2019-08-01T00:00:00Z,30.239999771118164,38.63999938964844,30.239999771118164,36.43000030517578,0
2019-08-02,2019-08-02T00:00:00Z,33.869998931884766,38.31999969482422,33.790000915527344,35.560001373291016,0
2019-08-05,2019-08-05T00:00:00Z,38.08000183105469,39.2599983215332,36.619998931884766,37.040000915527344,0
2019-08-06,2019-08-06T00:00:00Z,37.040000915527344,37.040000915527344,34.75,36.43000030517578,0
2019-08-07,2019-08-07T00:00:00Z,36.43000030517578,40.810001373291016,36.43000030517578,38.099998474121094,0
2019-08-08,2019-08-08T00:00:00Z,38.099998474121094,38.18000030517578,35.790000915527344,35.97999954223633,0
2019-08-09,2019-08-09T00:00:00Z,35.9900016784668,35.9900016784668,34.310001373291016,35.13999938964844,0
2019-08-12,2019-08-12T00:00:00Z,35.13999938964844,35.52000045776367,32.869998931884766,34.43000030517578,0
2019-08-13,2019-08-13T00:00:00Z,34.43000030517578,35.060001373291016,32.2400016784668,33.189998626708984,0
2019-08-14,2019-08-14T00:00:00Z,34.619998931884766,39.25,34.619998931884766,35.83000183105469,0
2019-08-15,2019-08-15T00:00:00Z,37.59000015258789,38.130001068115234,36.0099983215332,36.20000076293945,0
2019-08-16,2019-08-16T00:00:00Z,35.70000076293945,36.83000183105469,34.18000030517578,35.02000045776367,0
2019-08-19,2019-08-19T00:00:00Z,35.02000045776367,35.02000045776367,32.68000030517578,32.9900016784668,0
2019-08-20,2019-08-20T00:00:00Z,32.9900016784668,34.06999969482422,31.899999618530273,32.34000015258789,0
2019-08-21,2019-08-21T00:00:00Z,31.649999618530273,44.77000045776367,31.18000030517578,32.38999938964844,0
2019-08-22,2019-08-22T00:00:00Z,31.270000457763672,33.36000061035156,31.270000457763672,32.38999938964844,0
2019-08-23,2019-08-23T00:00:00Z,32.38999938964844,36.2599983215332,32.38999938964844,35.20000076293945,0
2019-08-26,2019-08-26T00:00:00Z,35.20000076293945,41.4900016784668,30.979999542236328,35.41999816894531,0
2019-08-27,2019-08-27T00:00:00Z,33.91999816894531,35.040000915527344,33.45000076293945,33.72999954223633,0
2019-08-28,2019-08-28T00:00:00Z,32.689998626708984,49.369998931884766,31.920000076293945,32.720001220703125,0
2019-08-29,2019-08-29T00:00:00Z,33.060001373291016,33.31999969482422,31.690000534057617,31.81999969482422,0
2019-08-30,2019-08-30T00:00:00Z,31.780000686645508,35.720001220703125,30.84000015258789,32.15999984741211,0
2019-09-03,2019-09-03T00:00:00Z,36.15999984741211,37.29999923706055,35.20000076293945,35.72999954223633,0
2019-09-04,2019-09-04T00:00:00Z,33.7400016784668,34.939998626708984,33.66999816894531,34.560001373291016,0
2019-09-05,2019-09-05T00:00:00Z,33.27000045776367,47.880001068115234,32.79999923706055,33.5,0
2019-09-06,2019-09-06T00:00:00Z,33.5,35.0,32.5099983215332,33.209999084472656,0
2019-09-09,2019-09-09T00:00:00Z,32.70000076293945,33.54999923706055,32.70000076293945,33.279998779296875,0
2019-09-10,2019-09-10T00:00:00Z,33.20000076293945,34.060001373291016,32.880001068115234,33.54999923706055,0
2019-09-11,2019-09-11T00:00:00Z,32.70000076293945,35.900001525878906,32.529998779296875,34.939998626708984,0
2019-09-12,2019-09-12T00:00:00Z,34.939998626708984,38.150001525878906,34.84000015258789,35.58000183105469,0
2019-09-13,2019-09-13T00:00:00Z,35.84000015258789,36.56999969482422,35.400001525878906,35.47999954223633,0
2019-09-16,2019-09-16T00:00:00Z,39.369998931884766,77.16999816894531,37.630001068115234,48.58000183105469,0
2019-09-17,2019-09-17T00:00:00Z,48.58000183105469,48.58000183105469,42.81999969482422,44.88999938964844,0
2019-09-18,2019-09-18T00:00:00Z,44.88999938964844,48.84000015258789,36.290000915527344,40.439998626708984,0
2019-09-19,2019-09-19T00:00:00Z,40.7599983215332,41.18000030517578,39.560001373291016,41.150001525878906,0
2019-09-20,2019-09-20T00:00:00Z,40.349998474121094,40.939998626708984,38.77000045776367,38.9900016784668,0
2019-09-23,2019-09-23T00:00:00Z,38.9900016784668,39.060001373291016,38.9900016784668,39.060001373291016,0
2019-09-24,2019-09-24T00:00:00Z,36.959999084472656,39.0,36.900001525878906,38.7400016784668,0
2019-09-25,2019-09-25T00:00:00Z,38.7400016784668,41.189998626708984,35.880001068115234,38.369998931884766,0
2019-09-26,2019-09-26T00:00:00Z,37.560001373291016,38.36000061035156,37.029998779296875,37.52000045776367,0
2019-09-27,2019-09-27T00:00:00Z,37.06999969482422,40.220001220703125,36.9900016784668,38.900001525878906,0
2019-09-30,2019-09-30T00:00:00Z,38.900001525878906,39.59000015258789,38.619998931884766,38.75,0
2019-10-01,2019-10-01T00:00:00Z,38.08000183105469,39.36000061035156,37.34000015258789,38.880001068115234,0
2019-10-02,2019-10-02T00:00:00Z,37.5099983215332,41.61000061035156,35.970001220703125,39.619998931884766,0
2019-10-03,2019-10-03T00:00:00Z,39.58000183105469,41.619998931884766,38.66999816894531,40.400001525878906,0
2019-10-04,2019-10-04T00:00:00Z,40.400001525878906,40.400001525878906,37.970001220703125,39.310001373291016,0
2019-10-07,2019-10-07T00:00:00Z,39.310001373291016,40.369998931884766,37.61000061035156,39.41999816894531,0
2019-10-08,2019-10-08T00:00:00Z,40.970001220703125,40.970001220703125,38.09000015258789,39.4900016784668,0
2019-10-09,2019-10-09T00:00:00Z,39.04999923706055,39.04999923706055,37.959999084472656,38.0,0
2019-10-10,2019-10-10T00:00:00Z,39.04999923706055,39.84000015258789,38.2599983215332,39.52000045776367,0
2019-10-11,2019-10-11T00:00:00Z,39.90999984741211,40.400001525878906,39.15999984741211,39.650001525878906,0
2019-10-14,2019-10-14T00:00:00Z,40.0,41.790000915527344,40.0,40.209999084472656,0
2019-10-15,2019-10-15T00:00:00Z,39.439998626708984,39.70000076293945,38.56999969482422,39.470001220703125,0
2019-10-16,2019-10-16T00:00:00Z,38.41999816894531,39.61000061035156,36.810001373291016,39.470001220703125,0
2019-10-17,2019-10-17T00:00:00Z,39.470001220703125,39.470001220703125,37.709999084472656,37.709999084472656,0
2019-10-18,2019-10-18T00:00:00Z,37.18000030517578,37.31999969482422,35.72999954223633,36.43000030517578,0
2019-10-21,2019-10-21T00:00:00Z,38.20000076293945,38.20000076293945,36.61000061035156,36.65999984741211,0
2019-10-22,2019-10-22T00:00:00Z,35.31999969482422,35.83000183105469,34.70000076293945,35.52000045776367,0
2019-10-23,2019-10-23T00:00:00Z,37.18000030517578,37.18000030517578,35.65999984741211,35.65999984741211,0
2019-10-24,2019-10-24T00:00:00Z,35.65999984741211,35.9900016784668,34.209999084472656,35.95000076293945,0
2019-10-25,2019-10-25T00:00:00Z,34.290000915527344,35.25,33.970001220703125,34.63999938964844,0
2019-10-28,2019-10-28T00:00:00Z,34.63999938964844,35.83000183105469,34.27000045776367,35.63999938964844,0
2019-10-29,2019-10-29T00:00:00Z,36.65999984741211,36.65999984741211,35.22999954223633,35.70000076293945,0
2019-10-30,2019-10-30T00:00:00Z,35.70000076293945,35.70000076293945,33.900001525878906,34.36000061035156,0
2019-10-31,2019-10-31T00:00:00Z,34.79999923706055,36.150001525878906,34.52000045776367,35.84000015258789,0
2019-11-01,2019-11-01T00:00:00Z,33.91999816894531,35.36000061035156,33.47999954223633,34.369998931884766,0
2019-11-04,2019-11-04T00:00:00Z,34.369998931884766,36.02000045776367,34.369998931884766,35.630001068115234,0
2019-11-05,2019-11-05T00:00:00Z,35.630001068115234,35.630001068115234,33.77000045776367,33.77000045776367,0
2019-11-06,2019-11-06T00:00:00Z,33.77000045776367,33.77000045776367,32.720001220703125,33.220001220703125,0
2019-11-07,2019-11-07T00:00:00Z,33.220001220703125,33.2400016784668,31.40999984741211,31.450000762939453,0
2019-11-08,2019-11-08T00:00:00Z,31.450000762939453,31.450000762939453,31.450000762939453,31.450000762939453,0
2019-11-11,2019-11-11T00:00:00Z,34.150001525878906,35.130001068115234,33.52000045776367,34.220001220703125,0
2019-11-12,2019-11-12T00:00:00Z,35.099998474121094,35.150001525878906,32.25,33.7400016784668,0
2019-11-13,2019-11-13T00:00:00Z,34.95000076293945,35.959999084472656,33.5099983215332,35.150001525878906,0
2019-11-14,2019-11-14T00:00:00Z,35.150001525878906,36.220001220703125,31.93000030517578,33.939998626708984,0
2019-11-15,2019-11-15T00:00:00Z,33.900001525878906,33.900001525878906,30.969999313354492,32.41999816894531,0
2019-11-18,2019-11-18T00:00:00Z,36.08000183105469,36.599998474121094,33.04999923706055,33.68000030517578,0
2019-11-19,2019-11-19T00:00:00Z,33.75,33.75,32.939998626708984,32.939998626708984,0
2019-11-20,2019-11-20T00:00:00Z,31.90999984741211,34.970001220703125,29.6200008392334,32.20000076293945,0
2019-11-21,2019-11-21T00:00:00Z,31.0,32.75,29.639999389648438,31.59000015258789,0
2019-11-22,2019-11-22T00:00:00Z,34.13999938964844,34.13999938964844,31.219999313354492,32.380001068115234,0
2019-11-25,2019-11-25T00:00:00Z,31.600000381469727,32.220001220703125,31.420000076293945,31.899999618530273,0
2019-11-26,2019-11-26T00:00:00Z,31.309999465942383,31.489999771118164,30.540000915527344,31.25,0
2019-11-27,2019-11-27T00:00:00Z,30.399999618530273,31.209999084472656,30.399999618530273,30.81999969482422,0
2019-11-29,2019-11-29T00:00:00Z,29.729999542236328,36.83000183105469,29.729999542236328,36.72999954223633,0
2019-12-02,2019-12-02T00:00:00Z,34.63999938964844,35.209999084472656,33.65999984741211,34.970001220703125,0
2019-12-03,2019-12-03T00:00:00Z,34.72999954223633,36.38999938964844,34.58000183105469,35.04999923706055,0
2019-12-04,2019-12-04T00:00:00Z,31.540000915527344,32.310001373291016,31.09000015258789,32.209999084472656,0
2019-12-05,2019-12-05T00:00:00Z,30.899999618530273,31.6299991607666,29.68000030517578,30.40999984741211,0
2019-12-06,2019-12-06T00:00:00Z,30.40999984741211,30.969999313354492,27.219999313354492,30.020000457763672,0
2019-12-09,2019-12-09T00:00:00Z,30.020000457763672,30.020000457763672,30.020000457763672,30.020000457763672,0
2019-12-10,2019-12-10T00:00:00Z,30.020000457763672,30.020000457763672,27.75,27.940000534057617,0
2019-12-11,2019-12-11T00:00:00Z,27.940000534057617,30.190000534057617,27.59000015258789,27.809999465942383,0
2019-12-12,2019-12-12T00:00:00Z,27.780000686645508,28.440000534057617,27.420000076293945,27.440000534057617,0
2019-12-13,2019-12-13T00:00:00Z,27.440000534057617,29.0,25.989999771118164,26.760000228881836,0
2019-12-16,2019-12-16T00:00:00Z,25.489999771118164,27.6299991607666,24.850000381469727,26.510000228881836,0
2019-12-17,2019-12-17T00:00:00Z,26.510000228881836,27.280000686645508,25.600000381469727,26.329999923706055,0
2019-12-18,2019-12-18T00:00:00Z,25.690000534057617,26.940000534057617,25.690000534057617,26.770000457763672,0
2019-12-19,2019-12-19T00:00:00Z,26.770000457763672,26.770000457763672,23.15999984741211,24.799999237060547,0
2019-12-20,2019-12-20T00:00:00Z,25.309999465942383,26.049999237060547,23.81999969482422,25.540000915527344,0
2019-12-23,2019-12-23T00:00:00Z,25.540000915527344,26.899999618530273,24.309999465942383,25.110000610351562,0
2019-12-24,2019-12-24T00:00:00Z,25.110000610351562,25.540000915527344,24.770000457763672,25.459999084472656,0
2019-12-26,2019-12-26T00:00:00Z,25.459999084472656,26.299999237060547,24.079999923706055,24.079999923706055,0
2019-12-27,2019-12-27T00:00:00Z,24.079999923706055,25.790000915527344,24.079999923706055,25.15999984741211,0
2019-12-30,2019-12-30T00:00:00Z,25.15999984741211,27.510000228881836,24.959999084472656,25.860000610351562,0
2019-12-31,2019-12-31T00:00:00Z,25.860000610351562,28.90999984741211,25.860000610351562,28.299999237060547,0
2020-01-02,2020-01-02T00:00:00Z,28.299999237060547,29.280000686645508,28.299999237060547,28.75,0
2020-01-03,2020-01-03T00:00:00Z,29.329999923706055,32.279998779296875,27.899999618530273,31.920000076293945,0
2020-01-06,2020-01-06T00:00:00Z,31.920000076293945,32.959999084472656,30.520000457763672,32.31999969482422,0
2020-01-07,2020-01-07T00:00:00Z,33.060001373291016,33.060001373291016,30.600000381469727,31.799999237060547,0
2020-01-08,2020-01-08T00:00:00Z,31.799999237060547,34.41999816894531,30.93000030517578,32.599998474121094,0
2020-01-09,2020-01-09T00:00:00Z,33.84000015258789,33.84000015258789,32.279998779296875,33.220001220703125,0
2020-01-10,2020-01-10T00:00:00Z,33.220001220703125,33.220001220703125,29.8799991607666,30.3799991607666,0
2020-01-13,2020-01-13T00:00:00Z,30.3799991607666,37.13999938964844,30.3799991607666,34.25,0
2020-01-14,2020-01-14T00:00:00Z,28.469999313354492,35.41999816894531,28.0,33.619998931884766,0
2020-01-15,2020-01-15T00:00:00Z,33.619998931884766,34.43000030517578,28.579999923706055,33.380001068115234,0
2020-01-16,2020-01-16T00:00:00Z,33.380001068115234,33.380001068115234,27.649999618530273,29.790000915527344,0
2020-01-17,2020-01-17T00:00:00Z,27.3700008392334,28.899999618530273,27.110000610351562,28.600000381469727,0
2020-01-21,2020-01-21T00:00:00Z,28.600000381469727,30.549999237060547,25.8799991607666,27.65999984741211,0
2020-01-22,2020-01-22T00:00:00Z,27.65999984741211,32.97999954223633,27.100000381469727,30.700000762939453,0
2020-01-23,2020-01-23T00:00:00Z,29.670000076293945,35.93000030517578,29.670000076293945,31.950000762939453,0
2020-01-24,2020-01-24T00:00:00Z,31.950000762939453,35.34000015258789,31.950000762939453,34.54999923706055,0
2020-01-27,2020-01-27T00:00:00Z,39.290000915527344,40.58000183105469,36.5,37.720001220703125,0
2020-01-28,2020-01-28T00:00:00Z,37.720001220703125,37.720001220703125,34.5099983215332,36.41999816894531,0
2020-01-29,2020-01-29T00:00:00Z,36.41999816894531,36.47999954223633,34.33000183105469,35.72999954223633,0
2020-01-30,2020-01-30T00:00:00Z,35.72999954223633,41.20000076293945,35.72999954223633,37.4900016784668,0
2020-01-31,2020-01-31T00:00:00Z,38.900001525878906,41.540000915527344,38.33000183105469,40.349998474121094,0
2020-02-03,2020-02-03T00:00:00Z,40.349998474121094,42.349998474121094,39.90999984741211,41.810001373291016,0
2020-02-04,2020-02-04T00:00:00Z,41.810001373291016,41.810001373291016,38.369998931884766,39.439998626708984,0
2020-02-05,2020-02-05T00:00:00Z,39.439998626708984,57.150001525878906,36.689998626708984,37.880001068115234,0
2020-02-06,2020-02-06T00:00:00Z,37.68000030517578,38.56999969482422,36.04999923706055,36.439998626708984,0
2020-02-07,2020-02-07T00:00:00Z,36.439998626708984,38.11000061035156,36.41999816894531,37.5099983215332,0
2020-02-10,2020-02-10T00:00:00Z,38.18000030517578,39.029998779296875,37.5,39.0099983215332,0
2020-02-11,2020-02-11T00:00:00Z,39.0099983215332,39.0099983215332,36.90999984741211,37.52000045776367,0
2020-02-12,2020-02-12T00:00:00Z,37.52000045776367,37.52000045776367,34.720001220703125,35.58000183105469,0
2020-02-13,2020-02-13T00:00:00Z,35.58000183105469,37.810001373291016,34.54999923706055,35.84000015258789,0
2020-02-14,2020-02-14T00:00:00Z,35.84000015258789,35.93000030517578,35.84000015258789,35.93000030517578,0
2020-02-18,2020-02-18T00:00:00Z,35.93000030517578,36.36000061035156,33.459999084472656,33.470001220703125,0
2020-02-19,2020-02-19T00:00:00Z,33.470001220703125,33.470001220703125,31.079999923706055,32.27000045776367,0
2020-02-20,2020-02-20T00:00:00Z,32.27000045776367,34.08000183105469,31.25,33.15999984741211,0
2020-02-21,2020-02-21T00:00:00Z,34.9900016784668,36.849998474121094,34.869998931884766,35.869998931884766,0
2020-02-24,2020-02-24T00:00:00Z,35.869998931884766,42.15999984741211,35.869998931884766,39.529998779296875,0
2020-02-25,2020-02-25T00:00:00Z,39.529998779296875,44.349998474121094,38.72999954223633,42.5,0
2020-02-26,2020-02-26T00:00:00Z,42.5,45.349998474121094,40.52000045776367,43.400001525878906,0
2020-02-27,2020-02-27T00:00:00Z,43.400001525878906,61.97999954223633,43.400001525878906,49.41999816894531,0
2020-02-28,2020-02-28T00:00:00Z,49.41999816894531,57.2599983215332,44.810001373291016,51.25,0
2020-03-02,2020-03-02T00:00:00Z,45.060001373291016,54.72999954223633,44.290000915527344,48.33000183105469,0
2020-03-03,2020-03-03T00:00:00Z,48.33000183105469,69.36000061035156,45.0099983215332,50.79999923706055,0
2020-03-04,2020-03-04T00:00:00Z,50.79999923706055,52.560001373291016,43.72999954223633,50.59000015258789,0
2020-03-05,2020-03-05T00:00:00Z,50.22999954223633,53.2599983215332,45.790000915527344,52.58000183105469,0
2020-03-06,2020-03-06T00:00:00Z,56.040000915527344,66.41000366210938,56.040000915527344,65.0199966430664,0
2020-03-09,2020-03-09T00:00:00Z,134.6199951171875,270.45001220703125,107.8499984741211,115.91999816894531,0
2020-03-10,2020-03-10T00:00:00Z,115.91999816894531,282.45001220703125,92.4800033569336,92.93000030517578,0
2020-03-11,2020-03-11T00:00:00Z,92.93000030517578,139.63999938964844,92.93000030517578,105.25,0
2020-03-12,2020-03-12T00:00:00Z,105.25,140.72999572753906,96.4000015258789,123.44999694824219,0
2020-03-13,2020-03-13T00:00:00Z,123.44999694824219,334.3999938964844,92.54000091552734,118.4800033569336,0
2020-03-16,2020-03-16T00:00:00Z,118.29000091552734,254.7899932861328,118.29000091552734,128.5,0
2020-03-17,2020-03-17T00:00:00Z,138.74000549316406,138.74000549316406,119.33000183105469,133.32000732421875,0
2020-03-18,2020-03-18T00:00:00Z,135.75999450683594,312.19000244140625,135.75999450683594,166.7899932861328,0
2020-03-19,2020-03-19T00:00:00Z,157.0,178.8800048828125,147.1999969482422,164.05999755859375,0
2020-03-20,2020-03-20T00:00:00Z,161.6699981689453,212.50999450683594,155.0500030517578,190.0800018310547,0
2020-03-23,2020-03-23T00:00:00Z,190.0800018310547,222.8300018310547,182.0500030517578,185.67999267578125,0
2020-03-24,2020-03-24T00:00:00Z,167.25999450683594,202.6300048828125,162.11000061035156,170.86000061035156,0
2020-03-25,2020-03-25T00:00:00Z,154.7100067138672,177.07000732421875,138.66000366210938,144.02999877929688,0
2020-03-26,2020-03-26T00:00:00Z,149.77999877929688,155.42999267578125,134.27999877929688,150.05999755859375,0
2020-03-27,2020-03-27T00:00:00Z,158.6699981689453,175.8800048828125,140.67999267578125,175.8800048828125,0
2020-03-30,2020-03-30T00:00:00Z,145.0800018310547,182.1999969482422,141.17999267578125,174.22000122070312,0
2020-03-31,2020-03-31T00:00:00Z,162.22000122070312,205.4600067138672,146.66000366210938,170.5500030517578,0
2020-04-01,2020-04-01T00:00:00Z,156.11000061035156,174.69000244140625,142.3800048828125,158.97999572753906,0
2020-04-02,2020-04-02T00:00:00Z,165.47999572753906,189.1199951171875,113.08000183105469,162.64999389648438,0
2020-04-03,2020-04-03T00:00:00Z,148.69000244140625,152.80999755859375,134.4499969482422,141.67999267578125,0
2020-04-06,2020-04-06T00:00:00Z,141.67999267578125,153.86000061035156,131.02999877929688,144.19000244140625,0
2020-04-07,2020-04-07T00:00:00Z,130.52999877929688,141.92999267578125,124.93000030517578,139.1300048828125,0
2020-04-08,2020-04-08T00:00:00Z,133.6300048828125,148.14999389648438,125.01000213623047,141.4600067138672,0
2020-04-09,2020-04-09T00:00:00Z,139.3300018310547,251.24000549316406,111.80000305175781,129.8800048828125,0
2020-04-13,2020-04-13T00:00:00Z,129.8800048828125,141.6300048828125,110.1500015258789,114.44000244140625,0
2020-04-14,2020-04-14T00:00:00Z,108.05999755859375,130.77000427246094,106.37000274658203,115.4800033569336,0
2020-04-15,2020-04-15T00:00:00Z,113.11000061035156,142.14999389648438,98.33999633789062,120.37999725341797,0
2020-04-16,2020-04-16T00:00:00Z,129.25,129.25,105.58999633789062,115.0999984741211,0
2020-04-17,2020-04-17T00:00:00Z,115.0999984741211,121.94000244140625,90.55999755859375,95.91000366210938,0
2020-04-20,2020-04-20T00:00:00Z,95.91000366210938,237.8699951171875,95.91000366210938,226.1300048828125,0
2020-04-21,2020-04-21T00:00:00Z,226.1300048828125,517.1900024414062,213.58999633789062,325.1499938964844,0
2020-04-22,2020-04-22T00:00:00Z,234.66000366210938,320.30999755859375,176.72000122070312,236.8000030517578,0
2020-04-23,2020-04-23T00:00:00Z,205.7100067138672,289.42999267578125,205.63999938964844,211.0,0
2020-04-24,2020-04-24T00:00:00Z,211.0,216.22999572753906,137.17999267578125,173.52999877929688,0
2020-04-27,2020-04-27T00:00:00Z,173.52999877929688,227.39999389648438,173.52999877929688,185.47000122070312,0
2020-04-28,2020-04-28T00:00:00Z,185.74000549316406,326.7300109863281,144.5500030517578,198.77000427246094,0
2020-04-29,2020-04-29T00:00:00Z,198.77000427246094,198.77000427246094,195.58999633789062,195.58999633789062,0
2020-04-30,2020-04-30T00:00:00Z,97.06999969482422,107.80000305175781,93.80000305175781,104.9800033569336,0
2020-05-01,2020-05-01T00:00:00Z,104.9800033569336,112.44999694824219,104.87999725341797,110.18000030517578,0
2020-05-04,2020-05-04T00:00:00Z,110.18000030517578,112.02999877929688,96.61000061035156,97.41999816894531,0
2020-05-05,2020-05-05T00:00:00Z,97.41999816894531,103.73999786376953,89.66999816894531,97.2699966430664,0
2020-05-06,2020-05-06T00:00:00Z,101.8499984741211,122.16999816894531,99.02999877929688,115.38999938964844,0
2020-05-07,2020-05-07T00:00:00Z,115.38999938964844,115.69999694824219,103.4000015258789,110.62000274658203,0
2020-05-08,2020-05-08T00:00:00Z,110.62000274658203,116.47000122070312,97.5,98.69999694824219,0
2020-05-11,2020-05-11T00:00:00Z,98.69999694824219,116.16999816894531,90.66999816894531,109.72000122070312,0
2020-05-12,2020-05-12T00:00:00Z,95.56999969482422,96.13999938964844,82.9800033569336,86.86000061035156,0
2020-05-13,2020-05-13T00:00:00Z,86.86000061035156,88.7300033569336,79.61000061035156,82.83000183105469,0
2020-05-14,2020-05-14T00:00:00Z,82.83000183105469,84.08000183105469,73.41000366210938,80.05000305175781,0
2020-05-15,2020-05-15T00:00:00Z,80.26000213623047,82.37999725341797,73.30000305175781,76.38999938964844,0
2020-05-18,2020-05-18T00:00:00Z,76.38999938964844,76.80000305175781,70.11000061035156,76.13999938964844,0
2020-05-19,2020-05-19T00:00:00Z,76.13999938964844,76.13999938964844,71.0999984741211,73.22000122070312,0
2020-05-20,2020-05-20T00:00:00Z,73.22000122070312,77.41000366210938,69.37000274658203,73.62000274658203,0
2020-05-21,2020-05-21T00:00:00Z,73.62000274658203,92.44999694824219,70.33999633789062,89.05999755859375,0
2020-05-22,2020-05-22T00:00:00Z,89.05999755859375,89.05999755859375,82.73999786376953,84.9800033569336,0
2020-05-26,2020-05-26T00:00:00Z,84.9800033569336,86.80999755859375,73.91000366210938,75.47000122070312,0
2020-05-27,2020-05-27T00:00:00Z,75.47000122070312,76.41999816894531,71.62000274658203,73.88999938964844,0
2020-05-28,2020-05-28T00:00:00Z,73.88999938964844,75.30000305175781,71.33000183105469,72.9800033569336,0
2020-05-29,2020-05-29T00:00:00Z,72.4800033569336,73.12000274658203,67.13999938964844,69.2300033569336,0
2020-06-01,2020-06-01T00:00:00Z,72.4000015258789,72.4800033569336,64.37999725341797,64.37999725341797,0
2020-06-02,2020-06-02T00:00:00Z,64.37999725341797,66.30000305175781,62.290000915527344,64.70999908447266,0
2020-06-03,2020-06-03T00:00:00Z,65.69000244140625,66.7699966430664,61.47999954223633,65.7300033569336,0
2020-06-04,2020-06-04T00:00:00Z,66.45999908447266,66.93000030517578,63.06999969482422,65.12999725341797,0
2020-06-05,2020-06-05T00:00:00Z,60.38999938964844,64.88999938964844,57.720001220703125,64.19999694824219,0
2020-06-08,2020-06-08T00:00:00Z,64.19999694824219,71.29000091552734,63.880001068115234,67.23999786376953,0
2020-06-09,2020-06-09T00:00:00Z,67.23999786376953,69.13999938964844,64.2699966430664,67.76000213623047,0
2020-06-10,2020-06-10T00:00:00Z,67.27999877929688,69.36000061035156,62.47999954223633,63.060001373291016,0
2020-06-11,2020-06-11T00:00:00Z,76.83999633789062,76.83999633789062,64.5999984741211,69.95999908447266,0
2020-06-12,2020-06-12T00:00:00Z,70.87999725341797,71.93000030517578,62.779998779296875,70.22000122070312,0
2020-06-15,2020-06-15T00:00:00Z,70.22000122070312,81.37999725341797,66.22000122070312,68.11000061035156,0
2020-06-16,2020-06-16T00:00:00Z,75.4000015258789,75.4000015258789,57.83000183105469,66.62999725341797,0
2020-06-17,2020-06-17T00:00:00Z,68.41999816894531,69.45999908447266,60.70000076293945,61.45000076293945,0
2020-06-18,2020-06-18T00:00:00Z,61.45000076293945,63.47999954223633,59.86000061035156,61.349998474121094,0
2020-06-19,2020-06-19T00:00:00Z,61.349998474121094,61.349998474121094,55.41999816894531,58.72999954223633,0
2020-06-22,2020-06-22T00:00:00Z,59.65999984741211,60.27000045776367,55.93000030517578,56.7599983215332,0
2020-06-23,2020-06-23T00:00:00Z,56.7599983215332,59.150001525878906,53.7599983215332,58.83000183105469,0
2020-06-24,2020-06-24T00:00:00Z,58.83000183105469,64.95999908447266,57.86000061035156,64.95999908447266,0
2020-06-25,2020-06-25T00:00:00Z,64.95999908447266,70.12999725341797,61.779998779296875,62.689998626708984,0
2020-06-26,2020-06-26T00:00:00Z,62.689998626708984,66.12999725341797,61.189998626708984,63.689998626708984,0
2020-06-29,2020-06-29T00:00:00Z,63.689998626708984,64.2300033569336,59.95000076293945,60.040000915527344,0
2020-06-30,2020-06-30T00:00:00Z,60.040000915527344,61.15999984741211,52.33000183105469,57.65999984741211,0
2020-07-01,2020-07-01T00:00:00Z,57.65999984741211,57.65999984741211,53.33000183105469,53.43000030517578,0
2020-07-02,2020-07-02T00:00:00Z,53.43000030517578,53.43000030517578,46.619998931884766,51.290000915527344,0
2020-07-06,2020-07-06T00:00:00Z,51.290000915527344,54.08000183105469,49.63999938964844,50.72999954223633,0
2020-07-07,2020-07-07T00:00:00Z,50.72999954223633,51.90999984741211,50.040000915527344,51.38999938964844,0
2020-07-08,2020-07-08T00:00:00Z,51.38999938964844,51.38999938964844,48.29999923706055,48.849998474121094,0
2020-07-09,2020-07-09T00:00:00Z,48.849998474121094,54.33000183105469,48.849998474121094,53.77000045776367,0
2020-07-10,2020-07-10T00:00:00Z,53.77000045776367,55.59000015258789,48.619998931884766,49.709999084472656,0
2020-07-13,2020-07-13T00:00:00Z,50.68000030517578,54.970001220703125,49.459999084472656,53.40999984741211,0
2020-07-14,2020-07-14T00:00:00Z,53.40999984741211,55.4900016784668,51.27000045776367,53.040000915527344,0
2020-07-15,2020-07-15T00:00:00Z,53.040000915527344,53.040000915527344,46.099998474121094,47.04999923706055,0
2020-07-16,2020-07-16T00:00:00Z,47.04999923706055,51.040000915527344,45.09000015258789,46.119998931884766,0
2020-07-17,2020-07-17T00:00:00Z,46.119998931884766,46.119998931884766,38.66999816894531,40.220001220703125,0
2020-07-20,2020-07-20T00:00:00Z,40.220001220703125,42.70000076293945,39.529998779296875,42.59000015258789,0
2020-07-21,2020-07-21T00:00:00Z,42.59000015258789,42.59000015258789,38.599998474121094,41.099998474121094,0
2020-07-22,2020-07-22T00:00:00Z,41.099998474121094,44.2400016784668,39.869998931884766,41.29999923706055,0
2020-07-23,2020-07-23T00:00:00Z,41.29999923706055,44.189998626708984,40.099998474121094,43.83000183105469,0
2020-07-24,2020-07-24T00:00:00Z,43.83000183105469,44.75,42.029998779296875,42.349998474121094,0
2020-07-27,2020-07-27T00:00:00Z,42.349998474121094,43.33000183105469,41.20000076293945,41.369998931884766,0
2020-07-28,2020-07-28T00:00:00Z,41.369998931884766,41.959999084472656,40.130001068115234,41.09000015258789,0
2020-07-29,2020-07-29T00:00:00Z,41.09000015258789,44.79999923706055,36.58000183105469,39.58000183105469,0
2020-07-30,2020-07-30T00:00:00Z,40.439998626708984,43.310001373291016,39.9900016784668,42.060001373291016,0
2020-07-31,2020-07-31T00:00:00Z,42.08000183105469,45.36000061035156,40.310001373291016,44.43000030517578,0
2020-08-03,2020-08-03T00:00:00Z,44.43000030517578,44.43000030517578,39.16999816894531,41.560001373291016,0
2020-08-04,2020-08-04T00:00:00Z,41.560001373291016,43.18000030517578,39.88999938964844,40.279998779296875,0
2020-08-05,2020-08-05T00:00:00Z,40.099998474121094,40.5,37.0,37.119998931884766,0
2020-08-06,2020-08-06T00:00:00Z,37.119998931884766,38.38999938964844,36.93000030517578,37.59000015258789,0
2020-08-07,2020-08-07T00:00:00Z,37.59000015258789,39.5099983215332,35.439998626708984,37.43000030517578,0
2020-08-10,2020-08-10T00:00:00Z,39.060001373291016,39.25,35.7400016784668,35.7400016784668,0
2020-08-11,2020-08-11T00:00:00Z,35.7400016784668,37.84000015258789,33.77000045776367,37.5,0
2020-08-12,2020-08-12T00:00:00Z,37.5,37.5,31.760000228881836,34.7400016784668,0
2020-08-13,2020-08-13T00:00:00Z,34.7400016784668,34.93000030517578,32.2599983215332,34.869998931884766,0
2020-08-14,2020-08-14T00:00:00Z,34.869998931884766,35.29999923706055,33.119998931884766,35.099998474121094,0
2020-08-17,2020-08-17T00:00:00Z,35.099998474121094,40.779998779296875,32.18000030517578,32.43000030517578,0
2020-08-18,2020-08-18T00:00:00Z,32.43000030517578,36.79999923706055,30.530000686645508,31.700000762939453,0
2020-08-19,2020-08-19T00:00:00Z,31.700000762939453,33.15999984741211,30.260000228881836,32.849998474121094,0
2020-08-20,2020-08-20T00:00:00Z,32.849998474121094,36.290000915527344,32.43000030517578,32.83000183105469,0
2020-08-21,2020-08-21T00:00:00Z,32.83000183105469,35.02000045776367,32.2599983215332,33.68000030517578,0
2020-08-24,2020-08-24T00:00:00Z,33.68000030517578,33.790000915527344,32.16999816894531,32.25,0
2020-08-25,2020-08-25T00:00:00Z,32.25,33.2400016784668,31.309999465942383,33.029998779296875,0
2020-08-26,2020-08-26T00:00:00Z,32.810001373291016,33.790000915527344,31.65999984741211,33.790000915527344,0
2020-08-27,2020-08-27T00:00:00Z,33.790000915527344,34.45000076293945,31.8700008392334,33.7400016784668,0
2020-08-28,2020-08-28T00:00:00Z,32.060001373291016,33.459999084472656,31.350000381469727,32.060001373291016,0
2020-08-31,2020-08-31T00:00:00Z,32.060001373291016,32.849998474121094,31.579999923706055,32.59000015258789,0
2020-09-01,2020-09-01T00:00:00Z,32.59000015258789,34.22999954223633,31.25,31.739999771118164,0
2020-09-02,2020-09-02T00:00:00Z,31.739999771118164,36.970001220703125,31.059999465942383,35.4900016784668,0
2020-09-03,2020-09-03T00:00:00Z,35.4900016784668,42.630001068115234,34.16999816894531,41.279998779296875,0
2020-09-04,2020-09-04T00:00:00Z,36.04999923706055,45.189998626708984,36.04999923706055,44.02000045776367,0
2020-09-08,2020-09-08T00:00:00Z,44.02000045776367,59.25,44.02000045776367,55.900001525878906,0
2020-09-09,2020-09-09T00:00:00Z,55.900001525878906,55.900001525878906,48.5099983215332,49.41999816894531,0
2020-09-10,2020-09-10T00:00:00Z,46.72999954223633,52.15999984741211,45.380001068115234,52.15999984741211,0
2020-09-11,2020-09-11T00:00:00Z,52.15999984741211,52.20000076293945,45.540000915527344,50.130001068115234,0
2020-09-14,2020-09-14T00:00:00Z,50.130001068115234,50.439998626708984,48.130001068115234,49.40999984741211,0
2020-09-15,2020-09-15T00:00:00Z,45.130001068115234,46.91999816894531,44.970001220703125,45.189998626708984,0
2020-09-16,2020-09-16T00:00:00Z,45.189998626708984,45.189998626708984,40.79999923706055,41.130001068115234,0
2020-09-17,2020-09-17T00:00:00Z,41.130001068115234,41.439998626708984,36.689998626708984,38.72999954223633,0
2020-09-18,2020-09-18T00:00:00Z,38.72999954223633,39.54999923706055,36.349998474121094,39.06999969482422,0
2020-09-21,2020-09-21T00:00:00Z,39.06999969482422,44.75,39.06999969482422,42.88999938964844,0
2020-09-22,2020-09-22T00:00:00Z,38.75,42.630001068115234,38.66999816894531,41.279998779296875,0
2020-09-23,2020-09-23T00:00:00Z,38.060001373291016,44.70000076293945,38.060001373291016,44.63999938964844,0
2020-09-24,2020-09-24T00:00:00Z,44.63999938964844,44.63999938964844,39.119998931884766,42.880001068115234,0
2020-09-25,2020-09-25T00:00:00Z,38.650001525878906,41.97999954223633,38.650001525878906,41.40999984741211,0
2020-09-28,2020-09-28T00:00:00Z,40.470001220703125,41.97999954223633,40.150001525878906,40.63999938964844,0
2020-09-29,2020-09-29T00:00:00Z,40.630001068115234,49.81999969482422,38.2599983215332,46.130001068115234,0
2020-09-30,2020-09-30T00:00:00Z,46.130001068115234,46.130001068115234,42.349998474121094,44.0,0
2020-10-01,2020-10-01T00:00:00Z,44.0,52.72999954223633,43.06999969482422,49.349998474121094,0
2020-10-02,2020-10-02T00:00:00Z,55.34000015258789,56.189998626708984,50.41999816894531,55.5099983215332,0
2020-10-05,2020-10-05T00:00:00Z,55.5099983215332,55.5099983215332,48.970001220703125,49.439998626708984,0
2020-10-06,2020-10-06T00:00:00Z,49.439998626708984,49.439998626708984,44.63999938964844,46.599998474121094,0
2020-10-07,2020-10-07T00:00:00Z,45.849998474121094,47.2599983215332,45.459999084472656,45.5,0
2020-10-08,2020-10-08T00:00:00Z,45.5,45.5,38.630001068115234,41.150001525878906,0
2020-10-09,2020-10-09T00:00:00Z,41.150001525878906,42.54999923706055,40.56999969482422,42.380001068115234,0
2020-10-12,2020-10-12T00:00:00Z,42.380001068115234,45.560001373291016,41.689998626708984,44.040000915527344,0
2020-10-13,2020-10-13T00:00:00Z,44.040000915527344,46.970001220703125,42.54999923706055,46.06999969482422,0
2020-10-14,2020-10-14T00:00:00Z,46.06999969482422,46.06999969482422,41.709999084472656,43.529998779296875,0
2020-10-15,2020-10-15T00:00:00Z,45.59000015258789,46.02000045776367,43.38999938964844,43.83000183105469,0
2020-10-16,2020-10-16T00:00:00Z,44.84000015258789,48.790000915527344,43.220001220703125,44.060001373291016,0
2020-10-19,2020-10-19T00:00:00Z,44.060001373291016,44.29999923706055,42.310001373291016,43.349998474121094,0
2020-10-20,2020-10-20T00:00:00Z,43.349998474121094,44.209999084472656,42.0,43.849998474121094,0
2020-10-21,2020-10-21T00:00:00Z,43.849998474121094,48.369998931884766,43.849998474121094,47.58000183105469,0
2020-10-22,2020-10-22T00:00:00Z,47.58000183105469,47.58000183105469,44.939998626708984,46.61000061035156,0
2020-10-23,2020-10-23T00:00:00Z,46.61000061035156,47.0099983215332,44.31999969482422,46.31999969482422,0
2020-10-26,2020-10-26T00:00:00Z,46.31999969482422,53.47999954223633,46.31999969482422,53.04999923706055,0
2020-10-27,2020-10-27T00:00:00Z,53.04999923706055,53.04999923706055,48.84000015258789,50.220001220703125,0
2020-10-28,2020-10-28T00:00:00Z,50.220001220703125,59.84000015258789,50.220001220703125,59.61000061035156,0
2020-10-29,2020-10-29T00:00:00Z,59.61000061035156,66.68000030517578,59.61000061035156,63.380001068115234,0
2020-10-30,2020-10-30T00:00:00Z,60.11000061035156,69.1500015258789,60.040000915527344,68.83999633789062,0
2020-11-02,2020-11-02T00:00:00Z,68.83999633789062,70.66000366210938,65.31999969482422,66.7300033569336,0
2020-11-03,2020-11-03T00:00:00Z,66.7300033569336,68.30000305175781,57.88999938964844,63.630001068115234,0
2020-11-04,2020-11-04T00:00:00Z,59.849998474121094,60.72999954223633,53.779998779296875,54.529998779296875,0
2020-11-05,2020-11-05T00:00:00Z,54.529998779296875,54.529998779296875,52.220001220703125,53.689998626708984,0
2020-11-06,2020-11-06T00:00:00Z,53.689998626708984,57.65999984741211,53.689998626708984,55.75,0
2020-11-09,2020-11-09T00:00:00Z,52.900001525878906,53.310001373291016,50.5,52.20000076293945,0
2020-11-10,2020-11-10T00:00:00Z,51.75,51.75,49.130001068115234,49.63999938964844,0
2020-11-11,2020-11-11T00:00:00Z,47.54999923706055,50.0099983215332,47.31999969482422,49.2400016784668,0
2020-11-12,2020-11-12T00:00:00Z,50.470001220703125,51.41999816894531,46.47999954223633,50.900001525878906,0
2020-11-13,2020-11-13T00:00:00Z,51.18000030517578,51.18000030517578,47.9900016784668,48.2400016784668,0
2020-11-16,2020-11-16T00:00:00Z,46.9900016784668,47.540000915527344,44.58000183105469,46.88999938964844,0
2020-11-17,2020-11-17T00:00:00Z,47.619998931884766,49.54999923706055,44.66999816894531,45.08000183105469,0
2020-11-18,2020-11-18T00:00:00Z,49.279998779296875,49.279998779296875,43.2400016784668,46.060001373291016,0
2020-11-19,2020-11-19T00:00:00Z,47.13999938964844,48.38999938964844,45.130001068115234,46.34000015258789,0
2020-11-20,2020-11-20T00:00:00Z,46.060001373291016,46.150001525878906,43.45000076293945,43.939998626708984,0
2020-11-23,2020-11-23T00:00:00Z,43.099998474121094,43.130001068115234,41.20000076293945,42.790000915527344,0
2020-11-24,2020-11-24T00:00:00Z,41.189998626708984,43.34000015258789,40.970001220703125,42.84000015258789,0
2020-11-25,2020-11-25T00:00:00Z,41.880001068115234,43.59000015258789,41.22999954223633,43.560001373291016,0
2020-11-27,2020-11-27T00:00:00Z,44.95000076293945,46.68000030517578,44.38999938964844,46.209999084472656,0
2020-11-30,2020-11-30T00:00:00Z,46.61000061035156,48.380001068115234,41.04999923706055,47.369998931884766,0
2020-12-01,2020-12-01T00:00:00Z,46.7400016784668,48.43000030517578,45.90999984741211,47.810001373291016,0
2020-12-02,2020-12-02T00:00:00Z,46.59000015258789,47.290000915527344,44.470001220703125,45.68000030517578,0
2020-12-03,2020-12-03T00:00:00Z,43.5099983215332,44.16999816894531,37.84000015258789,40.95000076293945,0
2020-12-04,2020-12-04T00:00:00Z,38.709999084472656,39.45000076293945,37.130001068115234,38.34000015258789,0
2020-12-07,2020-12-07T00:00:00Z,38.2599983215332,39.060001373291016,37.18000030517578,37.68000030517578,0
2020-12-08,2020-12-08T00:00:00Z,37.08000183105469,38.83000183105469,36.34000015258789,37.70000076293945,0
2020-12-09,2020-12-09T00:00:00Z,36.790000915527344,40.95000076293945,36.060001373291016,39.52000045776367,0
2020-12-10,2020-12-10T00:00:00Z,36.540000915527344,39.70000076293945,35.77000045776367,39.70000076293945,0
2020-12-11,2020-12-11T00:00:00Z,39.650001525878906,40.099998474121094,38.619998931884766,39.5099983215332,0
2020-12-14,2020-12-14T00:00:00Z,39.810001373291016,41.459999084472656,36.880001068115234,39.959999084472656,0
2020-12-15,2020-12-15T00:00:00Z,39.130001068115234,41.25,38.31999969482422,39.34000015258789,0
2020-12-16,2020-12-16T00:00:00Z,37.45000076293945,40.83000183105469,37.41999816894531,38.68000030517578,0
2020-12-17,2020-12-17T00:00:00Z,36.7599983215332,39.09000015258789,36.209999084472656,36.86000061035156,0
2020-12-18,2020-12-18T00:00:00Z,35.06999969482422,37.900001525878906,35.060001373291016,37.150001525878906,0
2020-12-21,2020-12-21T00:00:00Z,43.709999084472656,44.77000045776367,40.970001220703125,41.560001373291016,0
2020-12-22,2020-12-22T00:00:00Z,41.880001068115234,43.540000915527344,40.31999969482422,42.060001373291016,0
2020-12-23,2020-12-23T00:00:00Z,39.86000061035156,43.15999984741211,39.25,39.88999938964844,0
2020-12-24,2020-12-24T00:00:00Z,39.619998931884766,40.65999984741211,39.209999084472656,39.40999984741211,0
2020-12-28,2020-12-28T00:00:00Z,40.72999954223633,42.91999816894531,39.400001525878906,39.66999816894531,0
2020-12-29,2020-12-29T00:00:00Z,38.709999084472656,40.29999923706055,38.630001068115234,38.63999938964844,0
2020-12-30,2020-12-30T00:00:00Z,38.38999938964844,38.470001220703125,37.459999084472656,38.0099983215332,0
2020-12-31,2020-12-31T00:00:00Z,37.86000061035156,38.65999984741211,37.56999969482422,37.83000183105469,0
2021-01-04,2021-01-04T00:00:00Z,41.029998779296875,43.5099983215332,40.349998474121094,42.119998931884766,0
2021-01-05,2021-01-05T00:00:00Z,41.83000183105469,41.880001068115234,36.209999084472656,40.38999938964844,0
2021-01-06,2021-01-06T00:00:00Z,41.279998779296875,41.279998779296875,36.720001220703125,39.310001373291016,0
2021-01-07,2021-01-07T00:00:00Z,38.130001068115234,38.130001068115234,35.400001525878906,36.060001373291016,0
2021-01-08,2021-01-08T00:00:00Z,36.7599983215332,38.099998474121094,34.66999816894531,36.650001525878906,0
2021-01-11,2021-01-11T00:00:00Z,35.310001373291016,38.90999984741211,34.7599983215332,35.310001373291016,0
2021-01-12,2021-01-12T00:00:00Z,32.0099983215332,36.709999084472656,32.0099983215332,33.849998474121094,0
2021-01-13,2021-01-13T00:00:00Z,35.13999938964844,38.81999969482422,33.689998626708984,36.790000915527344,0
2021-01-14,2021-01-14T00:00:00Z,34.290000915527344,40.439998626708984,34.290000915527344,37.95000076293945,0
2021-01-15,2021-01-15T00:00:00Z,34.45000076293945,41.810001373291016,34.45000076293945,40.38999938964844,0
2021-01-19,2021-01-19T00:00:00Z,32.63999938964844,38.08000183105469,32.63999938964844,35.369998931884766,0
2021-01-20,2021-01-20T00:00:00Z,32.849998474121094,37.029998779296875,32.849998474121094,35.66999816894531,0
2021-01-21,2021-01-21T00:00:00Z,31.520000457763672,36.36000061035156,31.170000076293945,35.04999923706055,0
2021-01-22,2021-01-22T00:00:00Z,33.0,38.09000015258789,33.0,36.25,0
2021-01-25,2021-01-25T00:00:00Z,37.189998626708984,38.22999954223633,36.79999923706055,38.02000045776367,0
2021-01-26,2021-01-26T00:00:00Z,36.18000030517578,39.2400016784668,35.900001525878906,37.130001068115234,0
2021-01-27,2021-01-27T00:00:00Z,37.20000076293945,40.5099983215332,37.11000061035156,40.209999084472656,0
2021-01-28,2021-01-28T00:00:00Z,38.060001373291016,46.54999923706055,37.56999969482422,40.45000076293945,0
2021-01-29,2021-01-29T00:00:00Z,40.130001068115234,41.43000030517578,39.06999969482422,40.20000076293945,0
2021-02-01,2021-02-01T00:00:00Z,45.869998931884766,45.869998931884766,39.119998931884766,39.15999984741211,0
2021-02-02,2021-02-02T00:00:00Z,39.0,40.43000030517578,37.630001068115234,38.619998931884766,0
2021-02-03,2021-02-03T00:00:00Z,36.689998626708984,38.279998779296875,35.38999938964844,37.11000061035156,0
2021-02-04,2021-02-04T00:00:00Z,35.38999938964844,37.02000045776367,34.63999938964844,35.369998931884766,0
2021-02-05,2021-02-05T00:00:00Z,34.79999923706055,35.400001525878906,33.790000915527344,34.939998626708984,0
2021-02-08,2021-02-08T00:00:00Z,34.36000061035156,35.150001525878906,33.52000045776367,34.47999954223633,0
2021-02-09,2021-02-09T00:00:00Z,34.13999938964844,34.4900016784668,33.0099983215332,33.540000915527344,0
2021-02-10,2021-02-10T00:00:00Z,32.619998931884766,34.04999923706055,32.2400016784668,33.77000045776367,0
2021-02-11,2021-02-11T00:00:00Z,32.290000915527344,34.959999084472656,32.209999084472656,34.33000183105469,0
2021-02-12,2021-02-12T00:00:00Z,33.38999938964844,34.810001373291016,32.790000915527344,34.25,0
2021-02-16,2021-02-16T00:00:00Z,34.77000045776367,36.45000076293945,33.75,35.130001068115234,0
2021-02-17,2021-02-17T00:00:00Z,35.040000915527344,37.83000183105469,34.849998474121094,36.900001525878906,0
2021-02-18,2021-02-18T00:00:00Z,36.81999969482422,39.29999923706055,36.81999969482422,37.900001525878906,0
2021-02-19,2021-02-19T00:00:00Z,36.47999954223633,40.209999084472656,36.47999954223633,37.7599983215332,0
2021-02-22,2021-02-22T00:00:00Z,37.63999938964844,38.56999969482422,36.20000076293945,38.56999969482422,0
2021-02-23,2021-02-23T00:00:00Z,40.38999938964844,41.79999923706055,37.349998474121094,39.75,0
2021-02-24,2021-02-24T00:00:00Z,37.61000061035156,40.68000030517578,36.900001525878906,39.58000183105469,0
2021-02-25,2021-02-25T00:00:00Z,38.36000061035156,41.470001220703125,37.27000045776367,40.58000183105469,0
2021-02-26,2021-02-26T00:00:00Z,41.630001068115234,42.70000076293945,40.400001525878906,42.4900016784668,0
2021-03-01,2021-03-01T00:00:00Z,42.36000061035156,47.349998474121094,41.5099983215332,42.560001373291016,0
2021-03-02,2021-03-02T00:00:00Z,40.439998626708984,41.86000061035156,38.97999954223633,40.959999084472656,0
2021-03-03,2021-03-03T00:00:00Z,38.400001525878906,42.02000045776367,38.290000915527344,39.83000183105469,0
2021-03-04,2021-03-04T00:00:00Z,37.349998474121094,40.40999984741211,30.190000534057617,37.27000045776367,0
2021-03-05,2021-03-05T00:00:00Z,38.65999984741211,38.79999923706055,32.779998779296875,36.61000061035156,0
2021-03-08,2021-03-08T00:00:00Z,37.72999954223633,39.72999954223633,37.529998779296875,38.88999938964844,0
2021-03-09,2021-03-09T00:00:00Z,37.54999923706055,38.2400016784668,37.11000061035156,37.970001220703125,0
2021-03-10,2021-03-10T00:00:00Z,37.59000015258789,38.060001373291016,36.5,37.560001373291016,0
2021-03-11,2021-03-11T00:00:00Z,36.189998626708984,37.880001068115234,36.15999984741211,37.86000061035156,0
2021-03-12,2021-03-12T00:00:00Z,37.83000183105469,39.06999969482422,36.90999984741211,37.5099983215332,0
2021-03-15,2021-03-15T00:00:00Z,39.29999923706055,43.61000061035156,38.470001220703125,39.380001068115234,0
2021-03-16,2021-03-16T00:00:00Z,39.68000030517578,43.150001525878906,37.959999084472656,39.099998474121094,0
2021-03-17,2021-03-17T00:00:00Z,39.08000183105469,39.099998474121094,36.90999984741211,37.400001525878906,0
2021-03-18,2021-03-18T00:00:00Z,36.689998626708984,52.83000183105469,36.66999816894531,48.439998626708984,0
2021-03-19,2021-03-19T00:00:00Z,46.310001373291016,48.220001220703125,41.9900016784668,44.380001068115234,0
2021-03-22,2021-03-22T00:00:00Z,39.52000045776367,41.06999969482422,38.95000076293945,40.279998779296875,0
2021-03-23,2021-03-23T00:00:00Z,40.279998779296875,49.9900016784668,40.279998779296875,48.619998931884766,0
2021-03-24,2021-03-24T00:00:00Z,45.91999816894531,64.91000366210938,38.59000015258789,64.91000366210938,0
2021-03-25,2021-03-25T00:00:00Z,45.7400016784668,54.400001525878906,45.7400016784668,49.880001068115234,0
2021-03-26,2021-03-26T00:00:00Z,43.9900016784668,46.68000030517578,43.9900016784668,44.93000030517578,0
2021-03-29,2021-03-29T00:00:00Z,44.33000183105469,50.43000030517578,41.68000030517578,44.15999984741211,0
2021-03-30,2021-03-30T00:00:00Z,44.15999984741211,44.15999984741211,41.099998474121094,41.459999084472656,0
2021-03-31,2021-03-31T00:00:00Z,42.779998779296875,45.650001525878906,41.31999969482422,45.650001525878906,0
2021-04-01,2021-04-01T00:00:00Z,43.849998474121094,45.810001373291016,40.029998779296875,40.150001525878906,0
2021-04-05,2021-04-05T00:00:00Z,39.27000045776367,44.97999954223633,39.25,42.0,0
2021-04-06,2021-04-06T00:00:00Z,41.27000045776367,42.459999084472656,41.209999084472656,42.40999984741211,0
2021-04-07,2021-04-07T00:00:00Z,42.459999084472656,42.880001068115234,39.939998626708984,41.27000045776367,0
2021-04-08,2021-04-08T00:00:00Z,41.83000183105469,43.029998779296875,40.400001525878906,40.70000076293945,0
2021-04-09,2021-04-09T00:00:00Z,40.70000076293945,40.70000076293945,38.29999923706055,39.189998626708984,0
2021-04-12,2021-04-12T00:00:00Z,38.720001220703125,39.15999984741211,33.220001220703125,37.040000915527344,0
2021-04-13,2021-04-13T00:00:00Z,38.150001525878906,38.369998931884766,35.04999923706055,35.20000076293945,0
2021-04-14,2021-04-14T00:00:00Z,35.540000915527344,37.18000030517578,32.33000183105469,35.70000076293945,0
2021-04-15,2021-04-15T00:00:00Z,34.810001373291016,35.400001525878906,31.18000030517578,34.20000076293945,0
2021-04-16,2021-04-16T00:00:00Z,34.20000076293945,44.900001525878906,31.31999969482422,32.790000915527344,0
2021-04-19,2021-04-19T00:00:00Z,34.880001068115234,37.540000915527344,32.79999923706055,35.06999969482422,0
2021-04-20,2021-04-20T00:00:00Z,41.0,54.90999984741211,34.970001220703125,35.68000030517578,0
2021-04-21,2021-04-21T00:00:00Z,42.31999969482422,52.560001373291016,35.43000030517578,42.439998626708984,0
2021-04-22,2021-04-22T00:00:00Z,40.95000076293945,49.880001068115234,38.63999938964844,39.38999938964844,0
2021-04-23,2021-04-23T00:00:00Z,47.0099983215332,47.0099983215332,37.939998626708984,38.70000076293945,0
2021-04-26,2021-04-26T00:00:00Z,52.90999984741211,52.90999984741211,35.52000045776367,41.22999954223633,0
2021-04-27,2021-04-27T00:00:00Z,47.29999923706055,47.470001220703125,38.02000045776367,38.439998626708984,0
2021-04-28,2021-04-28T00:00:00Z,54.43000030517578,54.43000030517578,34.869998931884766,36.41999816894531,0
2021-04-29,2021-04-29T00:00:00Z,36.72999954223633,42.810001373291016,36.20000076293945,36.369998931884766,0
2021-04-30,2021-04-30T00:00:00Z,40.060001373291016,40.31999969482422,37.560001373291016,38.38999938964844,0
2021-05-03,2021-05-03T00:00:00Z,41.150001525878906,42.91999816894531,38.29999923706055,40.150001525878906,0
2021-05-04,2021-05-04T00:00:00Z,36.93000030517578,40.13999938964844,35.400001525878906,37.150001525878906,0
2021-05-05,2021-05-05T00:00:00Z,37.209999084472656,39.88999938964844,33.93000030517578,38.33000183105469,0
2021-05-06,2021-05-06T00:00:00Z,41.27000045776367,46.79999923706055,37.7400016784668,37.7400016784668,0
2021-05-07,2021-05-07T00:00:00Z,38.02000045776367,40.040000915527344,33.54999923706055,37.630001068115234,0
2021-05-10,2021-05-10T00:00:00Z,39.29999923706055,39.4900016784668,37.18000030517578,37.9900016784668,0
2021-05-11,2021-05-11T00:00:00Z,39.900001525878906,41.40999984741211,37.529998779296875,37.93000030517578,0
2021-05-12,2021-05-12T00:00:00Z,37.369998931884766,38.16999816894531,36.439998626708984,36.939998626708984,0
2021-05-13,2021-05-13T00:00:00Z,37.369998931884766,47.130001068115234,36.689998626708984,37.939998626708984,0
2021-05-14,2021-05-14T00:00:00Z,40.880001068115234,40.880001068115234,35.59000015258789,36.459999084472656,0
2021-05-17,2021-05-17T00:00:00Z,38.630001068115234,38.630001068115234,36.11000061035156,36.41999816894531,0
2021-05-18,2021-05-18T00:00:00Z,37.630001068115234,45.439998626708984,35.31999969482422,37.0099983215332,0
2021-05-19,2021-05-19T00:00:00Z,39.4900016784668,50.939998626708984,38.2400016784668,38.81999969482422,0
2021-05-20,2021-05-20T00:00:00Z,39.0099983215332,42.119998931884766,37.290000915527344,39.43000030517578,0
2021-05-21,2021-05-21T00:00:00Z,37.84000015258789,47.7599983215332,36.029998779296875,39.34000015258789,0
2021-05-24,2021-05-24T00:00:00Z,37.380001068115234,44.099998474121094,34.0099983215332,35.540000915527344,0
2021-05-25,2021-05-25T00:00:00Z,32.77000045776367,36.81999969482422,32.77000045776367,36.22999954223633,0
2021-05-26,2021-05-26T00:00:00Z,34.91999816894531,37.150001525878906,33.5099983215332,33.88999938964844,0
2021-05-27,2021-05-27T00:00:00Z,33.709999084472656,35.349998474121094,33.380001068115234,33.630001068115234,0
2021-05-28,2021-05-28T00:00:00Z,33.27000045776367,33.93000030517578,32.459999084472656,33.540000915527344,0
2021-06-01,2021-06-01T00:00:00Z,41.81999969482422,43.56999969482422,31.979999542236328,33.43000030517578,0
2021-06-02,2021-06-02T00:00:00Z,33.43000030517578,40.810001373291016,31.139999389648438,32.77000045776367,0
2021-06-03,2021-06-03T00:00:00Z,32.04999923706055,36.04999923706055,32.04999923706055,33.88999938964844,0
2021-06-04,2021-06-04T00:00:00Z,33.720001220703125,34.7400016784668,31.469999313354492,31.760000228881836,0
2021-06-07,2021-06-07T00:00:00Z,33.970001220703125,34.56999969482422,31.239999771118164,31.700000762939453,0
2021-06-08,2021-06-08T00:00:00Z,34.08000183105469,36.81999969482422,31.790000915527344,31.950000762939453,0
2021-06-09,2021-06-09T00:00:00Z,34.52000045776367,39.45000076293945,31.40999984741211,31.790000915527344,0
2021-06-10,2021-06-10T00:00:00Z,33.189998626708984,33.189998626708984,31.229999542236328,33.029998779296875,0
2021-06-11,2021-06-11T00:00:00Z,33.029998779296875,37.15999984741211,30.989999771118164,32.54999923706055,0
2021-06-14,2021-06-14T00:00:00Z,30.110000610351562,35.0,29.1200008392334,33.130001068115234,0
2021-06-15,2021-06-15T00:00:00Z,33.91999816894531,34.40999984741211,31.559999465942383,31.559999465942383,0
2021-06-16,2021-06-16T00:00:00Z,33.27000045776367,38.56999969482422,29.90999984741211,33.83000183105469,0
2021-06-17,2021-06-17T00:00:00Z,35.0,53.08000183105469,32.9900016784668,36.84000015258789,0
2021-06-18,2021-06-18T00:00:00Z,31.969999313354492,37.900001525878906,31.959999084472656,33.95000076293945,0
2021-06-21,2021-06-21T00:00:00Z,36.9900016784668,40.25,32.779998779296875,35.0099983215332,0
2021-06-22,2021-06-22T00:00:00Z,35.5099983215332,42.959999084472656,33.59000015258789,34.279998779296875,0
2021-06-23,2021-06-23T00:00:00Z,34.61000061035156,40.34000015258789,31.329999923706055,34.68000030517578,0
2021-06-24,2021-06-24T00:00:00Z,34.68000030517578,36.939998626708984,29.59000015258789,32.04999923706055,0
2021-06-25,2021-06-25T00:00:00Z,32.04999923706055,33.97999954223633,28.65999984741211,31.299999237060547,0
2021-06-28,2021-06-28T00:00:00Z,32.77000045776367,33.68000030517578,30.649999618530273,31.860000610351562,0
2021-06-29,2021-06-29T00:00:00Z,31.860000610351562,34.11000061035156,31.84000015258789,31.989999771118164,0
2021-06-30,2021-06-30T00:00:00Z,31.989999771118164,33.4900016784668,27.559999465942383,32.7400016784668,0
2021-07-01,2021-07-01T00:00:00Z,30.5,39.0,26.540000915527344,32.470001220703125,0
2021-07-02,2021-07-02T00:00:00Z,33.189998626708984,39.25,29.81999969482422,32.869998931884766,0
2021-07-06,2021-07-06T00:00:00Z,36.689998626708984,40.22999954223633,35.13999938964844,37.59000015258789,0
2021-07-07,2021-07-07T00:00:00Z,37.59000015258789,48.5,37.59000015258789,42.0099983215332,0
2021-07-08,2021-07-08T00:00:00Z,42.0099983215332,43.369998931884766,38.58000183105469,38.79999923706055,0
2021-07-09,2021-07-09T00:00:00Z,40.40999984741211,40.40999984741211,34.560001373291016,37.02000045776367,0
2021-07-12,2021-07-12T00:00:00Z,38.88999938964844,41.029998779296875,35.56999969482422,38.72999954223633,0
2021-07-13,2021-07-13T00:00:00Z,35.86000061035156,38.349998474121094,33.779998779296875,35.400001525878906,0
2021-07-14,2021-07-14T00:00:00Z,35.119998931884766,39.099998474121094,30.06999969482422,38.20000076293945,0
2021-07-15,2021-07-15T00:00:00Z,38.20000076293945,40.22999954223633,34.33000183105469,38.040000915527344,0
2021-07-16,2021-07-16T00:00:00Z,34.779998779296875,42.83000183105469,34.779998779296875,37.150001525878906,0
2021-07-19,2021-07-19T00:00:00Z,37.11000061035156,71.5199966430664,37.11000061035156,46.36000061035156,0
2021-07-20,2021-07-20T00:00:00Z,49.77000045776367,53.310001373291016,38.72999954223633,52.2599983215332,0
2021-07-21,2021-07-21T00:00:00Z,40.689998626708984,47.90999984741211,36.310001373291016,42.90999984741211,0
2021-07-22,2021-07-22T00:00:00Z,42.90999984741211,42.90999984741211,36.439998626708984,36.439998626708984,0
2021-07-23,2021-07-23T00:00:00Z,35.15999984741211,37.290000915527344,32.279998779296875,34.04999923706055,0
2021-07-26,2021-07-26T00:00:00Z,35.93000030517578,36.630001068115234,32.790000915527344,35.59000015258789,0
2021-07-27,2021-07-27T00:00:00Z,35.880001068115234,36.369998931884766,35.06999969482422,35.13999938964844,0
2021-07-28,2021-07-28T00:00:00Z,37.380001068115234,39.459999084472656,30.65999984741211,34.619998931884766,0
2021-07-29,2021-07-29T00:00:00Z,34.65999984741211,35.95000076293945,30.06999969482422,33.36000061035156,0
2021-07-30,2021-07-30T00:00:00Z,33.36000061035156,34.779998779296875,31.0,32.849998474121094,0
2021-08-02,2021-08-02T00:00:00Z,33.939998626708984,40.0099983215332,33.939998626708984,36.22999954223633,0
2021-08-03,2021-08-03T00:00:00Z,36.22999954223633,47.27000045776367,36.22999954223633,37.54999923706055,0
2021-08-04,2021-08-04T00:00:00Z,37.54999923706055,44.540000915527344,34.41999816894531,42.27000045776367,0
2021-08-05,2021-08-05T00:00:00Z,42.27000045776367,42.27000045776367,37.04999923706055,39.09000015258789,0
2021-08-06,2021-08-06T00:00:00Z,39.09000015258789,43.630001068115234,37.689998626708984,39.310001373291016,0
2021-08-09,2021-08-09T00:00:00Z,42.2400016784668,45.290000915527344,40.220001220703125,43.279998779296875,0
2021-08-10,2021-08-10T00:00:00Z,41.970001220703125,42.81999969482422,36.91999816894531,39.279998779296875,0
2021-08-11,2021-08-11T00:00:00Z,39.279998779296875,40.88999938964844,36.84000015258789,38.290000915527344,0
2021-08-12,2021-08-12T00:00:00Z,38.31999969482422,38.56999969482422,33.90999984741211,36.5,0
2021-08-13,2021-08-13T00:00:00Z,37.02000045776367,37.9900016784668,33.0,35.90999984741211,0
2021-08-16,2021-08-16T00:00:00Z,37.59000015258789,42.5,36.66999816894531,38.84000015258789,0
2021-08-17,2021-08-17T00:00:00Z,37.9900016784668,42.0,36.459999084472656,39.5,0
2021-08-18,2021-08-18T00:00:00Z,39.5,43.68000030517578,36.79999923706055,40.86000061035156,0
2021-08-19,2021-08-19T00:00:00Z,41.880001068115234,43.04999923706055,38.290000915527344,40.97999954223633,0
2021-08-20,2021-08-20T00:00:00Z,40.97999954223633,41.90999984741211,38.63999938964844,40.66999816894531,0
2021-08-23,2021-08-23T00:00:00Z,40.939998626708984,41.09000015258789,37.90999984741211,38.66999816894531,0
2021-08-24,2021-08-24T00:00:00Z,38.66999816894531,38.66999816894531,34.68000030517578,36.790000915527344,0
2021-08-25,2021-08-25T00:00:00Z,36.790000915527344,37.02000045776367,34.63999938964844,35.599998474121094,0
2021-08-26,2021-08-26T00:00:00Z,35.599998474121094,38.20000076293945,33.22999954223633,36.33000183105469,0
2021-08-27,2021-08-27T00:00:00Z,36.33000183105469,40.349998474121094,33.880001068115234,34.93000030517578,0
2021-08-30,2021-08-30T00:00:00Z,35.16999816894531,39.2400016784668,31.719999313354492,35.27000045776367,0
2021-08-31,2021-08-31T00:00:00Z,35.27000045776367,40.75,34.27000045776367,34.279998779296875,0
2021-09-01,2021-09-01T00:00:00Z,34.279998779296875,36.31999969482422,32.54999923706055,36.130001068115234,0
2021-09-02,2021-09-02T00:00:00Z,36.130001068115234,36.130001068115234,31.010000228881836,31.350000381469727,0
2021-09-03,2021-09-03T00:00:00Z,32.279998779296875,36.90999984741211,31.1200008392334,36.90999984741211,0
2021-09-07,2021-09-07T00:00:00Z,33.939998626708984,38.91999816894531,32.709999084472656,32.90999984741211,0
2021-09-08,2021-09-08T00:00:00Z,32.90999984741211,36.290000915527344,30.790000915527344,31.90999984741211,0
2021-09-09,2021-09-09T00:00:00Z,34.09000015258789,38.25,32.900001525878906,33.869998931884766,0
2021-09-10,2021-09-10T00:00:00Z,33.869998931884766,36.790000915527344,32.689998626708984,33.540000915527344,0
2021-09-13,2021-09-13T00:00:00Z,33.630001068115234,35.869998931884766,31.829999923706055,32.7400016784668,0
2021-09-14,2021-09-14T00:00:00Z,32.7400016784668,35.56999969482422,32.65999984741211,33.630001068115234,0
2021-09-15,2021-09-15T00:00:00Z,33.630001068115234,36.20000076293945,32.040000915527344,32.380001068115234,0
2021-09-16,2021-09-16T00:00:00Z,32.380001068115234,34.95000076293945,31.450000762939453,33.15999984741211,0
2021-09-17,2021-09-17T00:00:00Z,33.15999984741211,34.79999923706055,31.479999542236328,32.31999969482422,0
2021-09-20,2021-09-20T00:00:00Z,39.38999938964844,39.38999938964844,34.369998931884766,35.22999954223633,0
2021-09-21,2021-09-21T00:00:00Z,35.22999954223633,38.349998474121094,33.84000015258789,34.45000076293945,0
2021-09-22,2021-09-22T00:00:00Z,34.45000076293945,39.310001373291016,31.959999084472656,32.43000030517578,0
2021-09-23,2021-09-23T00:00:00Z,32.43000030517578,37.2599983215332,32.060001373291016,32.29999923706055,0
2021-09-24,2021-09-24T00:00:00Z,32.29999923706055,34.59000015258789,31.81999969482422,34.0099983215332,0
2021-09-27,2021-09-27T00:00:00Z,34.65999984741211,35.08000183105469,34.099998474121094,34.97999954223633,0
2021-09-28,2021-09-28T00:00:00Z,34.97999954223633,39.54999923706055,34.97999954223633,36.099998474121094,0
2021-09-29,2021-09-29T00:00:00Z,36.099998474121094,38.119998931884766,33.290000915527344,35.2599983215332,0
2021-09-30,2021-09-30T00:00:00Z,35.2599983215332,42.0099983215332,31.90999984741211,38.68000030517578,0
2021-10-01,2021-10-01T00:00:00Z,38.68000030517578,41.880001068115234,36.33000183105469,37.470001220703125,0
2021-10-04,2021-10-04T00:00:00Z,39.599998474121094,43.130001068115234,34.59000015258789,37.27000045776367,0
2021-10-05,2021-10-05T00:00:00Z,37.27000045776367,40.09000015258789,37.029998779296875,37.20000076293945,0
2021-10-06,2021-10-06T00:00:00Z,37.20000076293945,42.31999969482422,35.9900016784668,41.02000045776367,0
2021-10-07,2021-10-07T00:00:00Z,41.02000045776367,49.790000915527344,38.63999938964844,46.150001525878906,0
2021-10-08,2021-10-08T00:00:00Z,46.150001525878906,46.150001525878906,37.79999923706055,38.0,0
2021-10-11,2021-10-11T00:00:00Z,40.79999923706055,45.81999969482422,38.09000015258789,38.5099983215332,0
2021-10-12,2021-10-12T00:00:00Z,38.5099983215332,39.689998626708984,36.91999816894531,37.099998474121094,0
2021-10-13,2021-10-13T00:00:00Z,37.099998474121094,39.27000045776367,34.15999984741211,36.04999923706055,0
2021-10-14,2021-10-14T00:00:00Z,36.04999923706055,40.97999954223633,34.27000045776367,36.97999954223633,0
2021-10-15,2021-10-15T00:00:00Z,36.97999954223633,38.45000076293945,33.689998626708984,34.04999923706055,0
2021-10-18,2021-10-18T00:00:00Z,40.61000061035156,41.040000915527344,34.58000183105469,35.02000045776367,0
2021-10-19,2021-10-19T00:00:00Z,35.02000045776367,40.77000045776367,34.41999816894531,35.13999938964844,0
2021-10-20,2021-10-20T00:00:00Z,35.13999938964844,37.290000915527344,33.220001220703125,35.15999984741211,0
2021-10-21,2021-10-21T00:00:00Z,35.15999984741211,36.9900016784668,34.0099983215332,36.54999923706055,0
2021-10-22,2021-10-22T00:00:00Z,36.54999923706055,39.15999984741211,36.349998474121094,36.869998931884766,0
2021-10-25,2021-10-25T00:00:00Z,39.099998474121094,39.650001525878906,35.900001525878906,36.06999969482422,0
2021-10-26,2021-10-26T00:00:00Z,36.06999969482422,39.06999969482422,34.7599983215332,35.5,0
2021-10-27,2021-10-27T00:00:00Z,35.5,38.58000183105469,34.97999954223633,37.630001068115234,0
2021-10-28,2021-10-28T00:00:00Z,37.630001068115234,39.97999954223633,36.90999984741211,37.22999954223633,0
2021-10-29,2021-10-29T00:00:00Z,37.22999954223633,41.849998474121094,36.7599983215332,37.91999816894531,0
2021-11-01,2021-11-01T00:00:00Z,41.849998474121094,41.849998474121094,36.20000076293945,36.7400016784668,0
2021-11-02,2021-11-02T00:00:00Z,36.7400016784668,36.90999984741211,35.34000015258789,35.560001373291016,0
2021-11-03,2021-11-03T00:00:00Z,35.560001373291016,39.52000045776367,35.560001373291016,39.439998626708984,0
2021-11-04,2021-11-04T00:00:00Z,39.439998626708984,39.439998626708984,34.41999816894531,38.560001373291016,0
2021-11-05,2021-11-05T00:00:00Z,38.560001373291016,39.27000045776367,37.349998474121094,37.84000015258789,0
2021-11-08,2021-11-08T00:00:00Z,39.27000045776367,39.470001220703125,37.66999816894531,37.709999084472656,0
2021-11-09,2021-11-09T00:00:00Z,37.709999084472656,40.130001068115234,36.33000183105469,36.33000183105469,0
2021-11-10,2021-11-10T00:00:00Z,36.33000183105469,37.189998626708984,34.58000183105469,37.09000015258789,0
2021-11-11,2021-11-11T00:00:00Z,37.09000015258789,37.310001373291016,36.130001068115234,36.20000076293945,0
2021-11-12,2021-11-12T00:00:00Z,36.20000076293945,39.349998474121094,35.33000183105469,36.099998474121094,0
2021-11-15,2021-11-15T00:00:00Z,40.5099983215332,40.5099983215332,36.310001373291016,36.41999816894531,0
2021-11-16,2021-11-16T00:00:00Z,36.41999816894531,39.459999084472656,34.630001068115234,34.689998626708984,0
2021-11-17,2021-11-17T00:00:00Z,34.689998626708984,35.95000076293945,33.18000030517578,33.75,0
2021-11-18,2021-11-18T00:00:00Z,33.75,37.68000030517578,33.75,37.68000030517578,0
2021-11-19,2021-11-19T00:00:00Z,37.68000030517578,44.150001525878906,34.959999084472656,37.130001068115234,0
2021-11-22,2021-11-22T00:00:00Z,37.81999969482422,39.810001373291016,36.209999084472656,36.61000061035156,0
2021-11-23,2021-11-23T00:00:00Z,36.61000061035156,37.18000030517578,33.880001068115234,35.099998474121094,0
2021-11-24,2021-11-24T00:00:00Z,35.099998474121094,37.83000183105469,29.739999771118164,34.790000915527344,0
2021-11-26,2021-11-26T00:00:00Z,34.790000915527344,76.76000213623047,34.790000915527344,65.72000122070312,0
2021-11-29,2021-11-29T00:00:00Z,57.400001525878906,63.470001220703125,52.040000915527344,63.34000015258789,0
2021-11-30,2021-11-30T00:00:00Z,63.34000015258789,93.7300033569336,58.65999984741211,75.2300033569336,0
2021-12-01,2021-12-01T00:00:00Z,75.2300033569336,80.5,68.86000061035156,78.18000030517578,0
2021-12-02,2021-12-02T00:00:00Z,78.18000030517578,102.01000213623047,57.27000045776367,57.27000045776367,0
2021-12-03,2021-12-03T00:00:00Z,57.27000045776367,66.76000213623047,50.349998474121094,64.55000305175781,0
2021-12-06,2021-12-06T00:00:00Z,65.41999816894531,68.27999877929688,54.380001068115234,56.209999084472656,0
2021-12-07,2021-12-07T00:00:00Z,56.209999084472656,56.209999084472656,47.119998931884766,48.150001525878906,0
2021-12-08,2021-12-08T00:00:00Z,48.150001525878906,54.40999984741211,43.689998626708984,45.220001220703125,0
2021-12-09,2021-12-09T00:00:00Z,45.220001220703125,53.54999923706055,43.61000061035156,47.43000030517578,0
2021-12-10,2021-12-10T00:00:00Z,47.43000030517578,53.869998931884766,39.939998626708984,46.22999954223633,0
2021-12-13,2021-12-13T00:00:00Z,53.29999923706055,61.119998931884766,44.689998626708984,45.880001068115234,0
2021-12-14,2021-12-14T00:00:00Z,45.880001068115234,61.310001373291016,45.880001068115234,54.7599983215332,0
2021-12-15,2021-12-15T00:00:00Z,54.7599983215332,67.20999908447266,47.220001220703125,56.529998779296875,0
2021-12-16,2021-12-16T00:00:00Z,56.529998779296875,64.18000030517578,44.869998931884766,49.970001220703125,0
2021-12-17,2021-12-17T00:00:00Z,49.970001220703125,59.939998626708984,44.560001373291016,48.310001373291016,0
2021-12-20,2021-12-20T00:00:00Z,60.040000915527344,65.80000305175781,49.869998931884766,60.2400016784668,0
2021-12-21,2021-12-21T00:00:00Z,60.2400016784668,61.9900016784668,48.88999938964844,52.310001373291016,0
2021-12-22,2021-12-22T00:00:00Z,52.310001373291016,70.41000366210938,44.959999084472656,46.0,0
2021-12-23,2021-12-23T00:00:00Z,46.0,49.0,42.54999923706055,43.709999084472656,0
2021-12-27,2021-12-27T00:00:00Z,50.849998474121094,52.52000045776367,43.58000183105469,43.58000183105469,0
2021-12-28,2021-12-28T00:00:00Z,43.58000183105469,46.91999816894531,36.290000915527344,41.22999954223633,0
2021-12-29,2021-12-29T00:00:00Z,41.22999954223633,44.54999923706055,40.06999969482422,40.2400016784668,0
2021-12-30,2021-12-30T00:00:00Z,40.2400016784668,44.81999969482422,39.84000015258789,40.20000076293945,0
2021-12-31,2021-12-31T00:00:00Z,40.20000076293945,45.689998626708984,40.20000076293945,42.619998931884766,0
2022-01-03,2022-01-03T00:00:00Z,42.619998931884766,44.560001373291016,36.5,37.56999969482422,0
2022-01-04,2022-01-04T00:00:00Z,37.56999969482422,43.130001068115234,33.75,39.47999954223633,0
2022-01-05,2022-01-05T00:00:00Z,39.47999954223633,46.95000076293945,33.540000915527344,44.4900016784668,0
2022-01-06,2022-01-06T00:00:00Z,44.4900016784668,44.4900016784668,34.7599983215332,36.86000061035156,0
2022-01-07,2022-01-07T00:00:00Z,36.86000061035156,37.68000030517578,33.630001068115234,37.0,0
2022-01-10,2022-01-10T00:00:00Z,42.66999816894531,42.66999816894531,36.70000076293945,37.650001525878906,0
2022-01-11,2022-01-11T00:00:00Z,37.650001525878906,41.22999954223633,33.790000915527344,34.310001373291016,0
2022-01-12,2022-01-12T00:00:00Z,34.310001373291016,39.4900016784668,31.770000457763672,34.38999938964844,0
2022-01-13,2022-01-13T00:00:00Z,34.38999938964844,43.849998474121094,33.529998779296875,37.11000061035156,0
2022-01-14,2022-01-14T00:00:00Z,37.11000061035156,43.470001220703125,37.11000061035156,41.18000030517578,0
2022-01-18,2022-01-18T00:00:00Z,47.81999969482422,51.15999984741211,38.93000030517578,42.279998779296875,0
2022-01-19,2022-01-19T00:00:00Z,42.279998779296875,48.33000183105469,38.79999923706055,42.75,0
2022-01-20,2022-01-20T00:00:00Z,42.75,46.84000015258789,36.310001373291016,41.150001525878906,0
2022-01-21,2022-01-21T00:00:00Z,41.150001525878906,52.130001068115234,38.310001373291016,42.56999969482422,0
2022-01-24,2022-01-24T00:00:00Z,50.81999969482422,53.369998931884766,43.52000045776367,47.84000015258789,0
2022-01-25,2022-01-25T00:00:00Z,47.84000015258789,53.06999969482422,45.599998474121094,47.630001068115234,0
2022-01-26,2022-01-26T00:00:00Z,47.630001068115234,59.16999816894531,42.54999923706055,45.66999816894531,0
2022-01-27,2022-01-27T00:00:00Z,45.66999816894531,51.5,41.630001068115234,46.900001525878906,0
2022-01-28,2022-01-28T00:00:00Z,46.900001525878906,48.599998474121094,41.06999969482422,47.7400016784668,0
2022-01-31,2022-01-31T00:00:00Z,47.7400016784668,50.040000915527344,42.08000183105469,42.349998474121094,0
2022-02-01,2022-02-01T00:00:00Z,42.349998474121094,50.36000061035156,39.599998474121094,41.310001373291016,0
2022-02-02,2022-02-02T00:00:00Z,41.310001373291016,58.400001525878906,41.310001373291016,41.86000061035156,0
2022-02-03,2022-02-03T00:00:00Z,41.86000061035156,47.060001373291016,37.369998931884766,42.150001525878906,0
2022-02-04,2022-02-04T00:00:00Z,42.150001525878906,47.349998474121094,40.5099983215332,43.880001068115234,0
2022-02-07,2022-02-07T00:00:00Z,47.16999816894531,47.18000030517578,42.02000045776367,43.34000015258789,0
2022-02-08,2022-02-08T00:00:00Z,43.34000015258789,47.52000045776367,37.56999969482422,41.2599983215332,0
2022-02-09,2022-02-09T00:00:00Z,41.2599983215332,45.470001220703125,33.33000183105469,39.400001525878906,0
2022-02-10,2022-02-10T00:00:00Z,39.400001525878906,46.43000030517578,36.459999084472656,43.810001373291016,0
2022-02-11,2022-02-11T00:00:00Z,43.810001373291016,50.529998779296875,37.790000915527344,47.439998626708984,0
2022-02-14,2022-02-14T00:00:00Z,50.66999816894531,52.95000076293945,46.11000061035156,48.83000183105469,0
2022-02-15,2022-02-15T00:00:00Z,48.83000183105469,50.970001220703125,47.27000045776367,48.36000061035156,0
2022-02-16,2022-02-16T00:00:00Z,48.36000061035156,50.97999954223633,45.470001220703125,49.380001068115234,0
2022-02-17,2022-02-17T00:00:00Z,49.380001068115234,58.349998474121094,48.119998931884766,53.13999938964844,0
2022-02-18,2022-02-18T00:00:00Z,53.13999938964844,54.93000030517578,48.68000030517578,52.0099983215332,0
2022-02-22,2022-02-22T00:00:00Z,53.38999938964844,54.02000045776367,47.20000076293945,50.11000061035156,0
2022-02-23,2022-02-23T00:00:00Z,50.11000061035156,52.52000045776367,48.84000015258789,50.5099983215332,0
2022-02-24,2022-02-24T00:00:00Z,50.5099983215332,56.04999923706055,48.9900016784668,49.040000915527344,0
2022-02-25,2022-02-25T00:00:00Z,49.040000915527344,52.90999984741211,44.45000076293945,49.5,0
2022-02-28,2022-02-28T00:00:00Z,49.72999954223633,61.52000045776367,47.31999969482422,52.5,0
2022-03-01,2022-03-01T00:00:00Z,52.5,63.93000030517578,52.5,61.43000030517578,0
2022-03-02,2022-03-02T00:00:00Z,61.43000030517578,67.37999725341797,57.7400016784668,61.529998779296875,0
2022-03-03,2022-03-03T00:00:00Z,61.529998779296875,64.37000274658203,61.529998779296875,64.37000274658203,0
2022-03-04,2022-03-04T00:00:00Z,64.37000274658203,78.79000091552734,64.37000274658203,77.29000091552734,0
2022-03-07,2022-03-07T00:00:00Z,77.29000091552734,82.13999938964844,77.29000091552734,78.91000366210938,0
2022-03-08,2022-03-08T00:00:00Z,78.91000366210938,86.66999816894531,75.19999694824219,75.81999969482422,0
2022-03-09,2022-03-09T00:00:00Z,75.81999969482422,75.81999969482422,65.55000305175781,73.25,0
2022-03-10,2022-03-10T00:00:00Z,73.25,74.13999938964844,66.76000213623047,67.33999633789062,0
2022-03-11,2022-03-11T00:00:00Z,67.33999633789062,68.72000122070312,61.0099983215332,68.01000213623047,0
2022-03-14,2022-03-14T00:00:00Z,68.56999969482422,68.56999969482422,62.58000183105469,65.41999816894531,0
2022-03-15,2022-03-15T00:00:00Z,65.41999816894531,65.41999816894531,62.400001525878906,63.619998931884766,0
2022-03-16,2022-03-16T00:00:00Z,63.619998931884766,64.52999877929688,57.81999969482422,59.349998474121094,0
2022-03-17,2022-03-17T00:00:00Z,59.349998474121094,69.54000091552734,59.349998474121094,67.77999877929688,0
2022-03-18,2022-03-18T00:00:00Z,67.77999877929688,69.48999786376953,67.33000183105469,69.08999633789062,0
2022-03-21,2022-03-21T00:00:00Z,71.80999755859375,72.0,68.91000366210938,70.77999877929688,0
2022-03-22,2022-03-22T00:00:00Z,70.77999877929688,72.19999694824219,68.11000061035156,69.55999755859375,0
2022-03-23,2022-03-23T00:00:00Z,69.55999755859375,72.8499984741211,69.55999755859375,72.58999633789062,0
2022-03-24,2022-03-24T00:00:00Z,72.58999633789062,72.80000305175781,68.83999633789062,69.13999938964844,0
2022-03-25,2022-03-25T00:00:00Z,69.13999938964844,70.88999938964844,68.23999786376953,68.91000366210938,0
2022-03-28,2022-03-28T00:00:00Z,70.7300033569336,70.7300033569336,66.70999908447266,67.04000091552734,0
2022-03-29,2022-03-29T00:00:00Z,67.04000091552734,67.04000091552734,62.310001373291016,62.459999084472656,0
2022-03-30,2022-03-30T00:00:00Z,62.459999084472656,64.55000305175781,60.880001068115234,61.040000915527344,0
2022-03-31,2022-03-31T00:00:00Z,61.040000915527344,62.43000030517578,56.22999954223633,57.65999984741211,0
2022-04-01,2022-04-01T00:00:00Z,57.65999984741211,57.709999084472656,53.58000183105469,54.36000061035156,0
2022-04-04,2022-04-04T00:00:00Z,56.290000915527344,56.7400016784668,53.720001220703125,54.310001373291016,0
2022-04-05,2022-04-05T00:00:00Z,54.310001373291016,56.59000015258789,51.849998474121094,53.79999923706055,0
2022-04-06,2022-04-06T00:00:00Z,53.79999923706055,55.63999938964844,51.959999084472656,53.150001525878906,0
2022-04-07,2022-04-07T00:00:00Z,53.150001525878906,56.16999816894531,52.2400016784668,54.22999954223633,0
2022-04-08,2022-04-08T00:00:00Z,54.22999954223633,55.540000915527344,52.72999954223633,53.13999938964844,0
2022-04-11,2022-04-11T00:00:00Z,57.380001068115234,57.560001373291016,52.959999084472656,54.810001373291016,0
2022-04-12,2022-04-12T00:00:00Z,54.810001373291016,57.20000076293945,54.54999923706055,55.25,0
2022-04-13,2022-04-13T00:00:00Z,55.25,57.380001068115234,50.810001373291016,51.20000076293945,0
2022-04-14,2022-04-14T00:00:00Z,51.20000076293945,54.529998779296875,49.2400016784668,53.380001068115234,0
2022-04-18,2022-04-18T00:00:00Z,55.20000076293945,56.22999954223633,50.68000030517578,50.939998626708984,0
2022-04-19,2022-04-19T00:00:00Z,50.939998626708984,53.130001068115234,49.66999816894531,50.34000015258789,0
2022-04-20,2022-04-20T00:00:00Z,50.34000015258789,54.02000045776367,50.34000015258789,52.22999954223633,0
2022-04-21,2022-04-21T00:00:00Z,52.22999954223633,52.22999954223633,48.9900016784668,49.86000061035156,0
2022-04-22,2022-04-22T00:00:00Z,49.86000061035156,51.2599983215332,49.86000061035156,51.150001525878906,0
2022-04-25,2022-04-25T00:00:00Z,56.0,56.04999923706055,52.689998626708984,52.86000061035156,0
2022-04-26,2022-04-26T00:00:00Z,52.86000061035156,54.130001068115234,47.709999084472656,53.56999969482422,0
2022-04-27,2022-04-27T00:00:00Z,53.56999969482422,57.0,52.56999969482422,53.380001068115234,0
2022-04-28,2022-04-28T00:00:00Z,53.380001068115234,54.790000915527344,50.90999984741211,51.939998626708984,0
2022-04-29,2022-04-29T00:00:00Z,51.939998626708984,54.720001220703125,51.709999084472656,53.099998474121094,0
2022-05-02,2022-05-02T00:00:00Z,56.97999954223633,57.06999969482422,53.130001068115234,54.150001525878906,0
2022-05-03,2022-05-03T00:00:00Z,54.150001525878906,56.310001373291016,53.84000015258789,54.040000915527344,0
2022-05-04,2022-05-04T00:00:00Z,54.040000915527344,56.900001525878906,52.5099983215332,53.150001525878906,0
2022-05-05,2022-05-05T00:00:00Z,53.150001525878906,55.16999816894531,50.56999969482422,54.720001220703125,0
2022-05-06,2022-05-06T00:00:00Z,54.720001220703125,57.33000183105469,54.720001220703125,54.81999969482422,0
2022-05-09,2022-05-09T00:00:00Z,57.91999816894531,58.58000183105469,55.93000030517578,57.900001525878906,0
2022-05-10,2022-05-10T00:00:00Z,57.900001525878906,58.63999938964844,55.91999816894531,56.060001373291016,0
2022-05-11,2022-05-11T00:00:00Z,56.060001373291016,57.40999984741211,51.959999084472656,53.43000030517578,0
2022-05-12,2022-05-12T00:00:00Z,53.43000030517578,55.47999954223633,52.20000076293945,52.709999084472656,0
2022-05-13,2022-05-13T00:00:00Z,52.709999084472656,53.880001068115234,51.09000015258789,51.220001220703125,0
2022-05-16,2022-05-16T00:00:00Z,55.959999084472656,56.4900016784668,51.220001220703125,51.88999938964844,0
2022-05-17,2022-05-17T00:00:00Z,51.88999938964844,54.709999084472656,49.849998474121094,50.34000015258789,0
2022-05-18,2022-05-18T00:00:00Z,50.34000015258789,52.47999954223633,50.34000015258789,51.88999938964844,0
2022-05-19,2022-05-19T00:00:00Z,51.88999938964844,54.75,50.38999938964844,51.15999984741211,0
2022-05-20,2022-05-20T00:00:00Z,51.15999984741211,51.880001068115234,50.0099983215332,50.720001220703125,0
2022-05-23,2022-05-23T00:00:00Z,53.52000045776367,53.56999969482422,48.33000183105469,48.630001068115234,0
2022-05-24,2022-05-24T00:00:00Z,48.630001068115234,50.65999984741211,42.779998779296875,47.040000915527344,0
2022-05-25,2022-05-25T00:00:00Z,47.040000915527344,50.25,46.290000915527344,46.7599983215332,0
2022-05-26,2022-05-26T00:00:00Z,46.7599983215332,48.25,45.279998779296875,46.029998779296875,0
2022-05-27,2022-05-27T00:00:00Z,46.029998779296875,50.220001220703125,46.029998779296875,47.91999816894531,0
2022-05-31,2022-05-31T00:00:00Z,51.77000045776367,51.939998626708984,47.65999984741211,49.81999969482422,0
2022-06-01,2022-06-01T00:00:00Z,49.81999969482422,51.689998626708984,48.81999969482422,49.13999938964844,0
2022-06-02,2022-06-02T00:00:00Z,49.13999938964844,51.380001068115234,46.56999969482422,47.79999923706055,0
2022-06-03,2022-06-03T00:00:00Z,47.79999923706055,50.5,45.599998474121094,46.22999954223633,0
2022-06-06,2022-06-06T00:00:00Z,51.29999923706055,51.5099983215332,47.900001525878906,47.900001525878906,0
2022-06-07,2022-06-07T00:00:00Z,51.29999923706055,51.470001220703125,45.66999816894531,45.880001068115234,0
2022-06-08,2022-06-08T00:00:00Z,49.47999954223633,49.54999923706055,44.369998931884766,44.369998931884766,0
2022-06-09,2022-06-09T00:00:00Z,47.5,47.5,43.02000045776367,43.869998931884766,0
2022-06-10,2022-06-10T00:00:00Z,49.470001220703125,49.540000915527344,42.84000015258789,42.91999816894531,0
2022-06-13,2022-06-13T00:00:00Z,56.33000183105469,56.33000183105469,46.61000061035156,47.560001373291016,0
2022-06-14,2022-06-14T00:00:00Z,50.880001068115234,50.970001220703125,46.630001068115234,46.630001068115234,0
2022-06-15,2022-06-15T00:00:00Z,55.599998474121094,55.599998474121094,45.52000045776367,47.040000915527344,0
2022-06-16,2022-06-16T00:00:00Z,53.11000061035156,53.11000061035156,45.900001525878906,46.27000045776367,0
2022-06-17,2022-06-17T00:00:00Z,55.310001373291016,55.310001373291016,44.56999969482422,49.189998626708984,0
2022-06-21,2022-06-21T00:00:00Z,53.459999084472656,53.4900016784668,46.560001373291016,46.560001373291016,0
2022-06-22,2022-06-22T00:00:00Z,54.52000045776367,55.810001373291016,47.279998779296875,48.9900016784668,0
2022-06-23,2022-06-23T00:00:00Z,54.02000045776367,54.09000015258789,48.060001373291016,48.58000183105469,0
2022-06-24,2022-06-24T00:00:00Z,53.540000915527344,53.540000915527344,46.63999938964844,46.9900016784668,0
2022-06-27,2022-06-27T00:00:00Z,52.189998626708984,52.189998626708984,46.7599983215332,46.9900016784668,0
2022-06-28,2022-06-28T00:00:00Z,50.52000045776367,50.599998474121094,46.33000183105469,46.59000015258789,0
2022-06-29,2022-06-29T00:00:00Z,49.34000015258789,49.34000015258789,47.189998626708984,48.56999969482422,0
2022-06-30,2022-06-30T00:00:00Z,50.81999969482422,50.81999969482422,48.58000183105469,48.900001525878906,0
2022-07-01,2022-07-01T00:00:00Z,51.25,51.310001373291016,48.84000015258789,49.400001525878906,0
2022-07-05,2022-07-05T00:00:00Z,54.90999984741211,56.459999084472656,52.61000061035156,52.61000061035156,0
2022-07-06,2022-07-06T00:00:00Z,52.869998931884766,55.220001220703125,52.619998931884766,54.66999816894531,0
2022-07-07,2022-07-07T00:00:00Z,53.599998474121094,55.400001525878906,52.790000915527344,52.869998931884766,0
2022-07-08,2022-07-08T00:00:00Z,53.7400016784668,54.040000915527344,51.63999938964844,52.099998474121094,0
2022-07-11,2022-07-11T00:00:00Z,53.43000030517578,55.86000061035156,52.22999954223633,53.099998474121094,0
2022-07-12,2022-07-12T00:00:00Z,52.970001220703125,54.4900016784668,50.91999816894531,54.400001525878906,0
2022-07-13,2022-07-13T00:00:00Z,53.13999938964844,54.52000045776367,51.5,51.7599983215332,0
2022-07-14,2022-07-14T00:00:00Z,52.31999969482422,55.70000076293945,52.119998931884766,53.029998779296875,0
2022-07-15,2022-07-15T00:00:00Z,53.810001373291016,54.04999923706055,51.15999984741211,51.77000045776367,0
2022-07-18,2022-07-18T00:00:00Z,50.34000015258789,50.599998474121094,48.810001373291016,49.65999984741211,0
2022-07-19,2022-07-19T00:00:00Z,49.33000183105469,49.54999923706055,48.209999084472656,48.77000045776367,0
2022-07-20,2022-07-20T00:00:00Z,48.27000045776367,49.08000183105469,47.43000030517578,47.540000915527344,0
2022-07-21,2022-07-21T00:00:00Z,51.79999923706055,52.959999084472656,50.79999923706055,51.099998474121094,0
2022-07-22,2022-07-22T00:00:00Z,49.13999938964844,49.13999938964844,47.27000045776367,47.84000015258789,0
2022-07-25,2022-07-25T00:00:00Z,48.880001068115234,48.880001068115234,46.959999084472656,47.959999084472656,0
2022-07-26,2022-07-26T00:00:00Z,46.91999816894531,48.310001373291016,46.91999816894531,47.810001373291016,0
2022-07-27,2022-07-27T00:00:00Z,47.150001525878906,52.900001525878906,46.959999084472656,48.9900016784668,0
2022-07-28,2022-07-28T00:00:00Z,47.7599983215332,52.7400016784668,46.81999969482422,47.16999816894531,0
2022-07-29,2022-07-29T00:00:00Z,46.59000015258789,47.439998626708984,45.369998931884766,46.189998626708984,0
2022-08-01,2022-08-01T00:00:00Z,50.689998626708984,51.5,49.849998474121094,49.970001220703125,0
2022-08-02,2022-08-02T00:00:00Z,53.5099983215332,55.650001525878906,52.06999969482422,52.77000045776367,0
2022-08-03,2022-08-03T00:00:00Z,52.689998626708984,54.02000045776367,49.689998626708984,50.119998931884766,0
2022-08-04,2022-08-04T00:00:00Z,52.880001068115234,55.31999969482422,51.060001373291016,55.13999938964844,0
2022-08-05,2022-08-05T00:00:00Z,53.97999954223633,53.97999954223633,48.470001220703125,48.7599983215332,0
2022-08-08,2022-08-08T00:00:00Z,50.540000915527344,50.540000915527344,46.400001525878906,46.400001525878906,0
2022-08-09,2022-08-09T00:00:00Z,50.31999969482422,50.599998474121094,46.119998931884766,46.22999954223633,0
2022-08-10,2022-08-10T00:00:00Z,46.36000061035156,48.16999816894531,46.27000045776367,46.560001373291016,0
2022-08-11,2022-08-11T00:00:00Z,46.5099983215332,46.939998626708984,44.470001220703125,45.369998931884766,0
2022-08-12,2022-08-12T00:00:00Z,44.83000183105469,45.209999084472656,43.31999969482422,44.0,0
2022-08-15,2022-08-15T00:00:00Z,57.56999969482422,57.56999969482422,44.9900016784668,46.630001068115234,0
2022-08-16,2022-08-16T00:00:00Z,51.20000076293945,51.70000076293945,48.22999954223633,50.25,0
2022-08-17,2022-08-17T00:00:00Z,52.31999969482422,56.529998779296875,50.4900016784668,51.54999923706055,0
2022-08-18,2022-08-18T00:00:00Z,51.68000030517578,51.68000030517578,47.36000061035156,47.40999984741211,0
2022-08-19,2022-08-19T00:00:00Z,52.529998779296875,52.529998779296875,48.720001220703125,50.34000015258789,0
2022-08-22,2022-08-22T00:00:00Z,53.66999816894531,55.130001068115234,50.5099983215332,50.63999938964844,0
2022-08-23,2022-08-23T00:00:00Z,53.88999938964844,54.209999084472656,46.9900016784668,47.349998474121094,0
2022-08-24,2022-08-24T00:00:00Z,51.86000061035156,51.86000061035156,47.16999816894531,48.33000183105469,0
2022-08-25,2022-08-25T00:00:00Z,50.959999084472656,51.08000183105469,47.25,48.779998779296875,0
2022-08-26,2022-08-26T00:00:00Z,48.619998931884766,49.27000045776367,46.689998626708984,47.08000183105469,0
2022-08-29,2022-08-29T00:00:00Z,45.099998474121094,52.970001220703125,44.939998626708984,47.72999954223633,0
2022-08-30,2022-08-30T00:00:00Z,51.45000076293945,51.45000076293945,48.72999954223633,49.7400016784668,0
2022-08-31,2022-08-31T00:00:00Z,52.0,52.689998626708984,51.060001373291016,52.11000061035156,0
2022-09-01,2022-09-01T00:00:00Z,53.15999984741211,53.97999954223633,52.709999084472656,53.900001525878906,0
2022-09-02,2022-09-02T00:00:00Z,54.54999923706055,54.59000015258789,52.849998474121094,53.900001525878906,0
2022-09-06,2022-09-06T00:00:00Z,55.689998626708984,55.689998626708984,49.540000915527344,50.0,0
2022-09-07,2022-09-07T00:00:00Z,51.91999816894531,53.720001220703125,51.630001068115234,53.31999969482422,0
2022-09-08,2022-09-08T00:00:00Z,52.20000076293945,52.70000076293945,50.70000076293945,51.290000915527344,0
2022-09-09,2022-09-09T00:00:00Z,51.380001068115234,51.380001068115234,48.650001525878906,48.84000015258789,0
2022-09-12,2022-09-12T00:00:00Z,41.70000076293945,44.90999984741211,41.38999938964844,44.150001525878906,0
2022-09-13,2022-09-13T00:00:00Z,43.720001220703125,46.540000915527344,39.33000183105469,44.810001373291016,0
2022-09-14,2022-09-14T00:00:00Z,43.220001220703125,46.189998626708984,42.7400016784668,45.619998931884766,0
2022-09-15,2022-09-15T00:00:00Z,48.77000045776367,50.15999984741211,40.66999816894531,46.630001068115234,0
2022-09-16,2022-09-16T00:00:00Z,45.709999084472656,49.02000045776367,45.59000015258789,47.439998626708984,0
2022-09-19,2022-09-19T00:00:00Z,48.220001220703125,49.279998779296875,46.2599983215332,46.75,0
2022-09-20,2022-09-20T00:00:00Z,46.88999938964844,49.29999923706055,45.63999938964844,48.22999954223633,0
2022-09-21,2022-09-21T00:00:00Z,49.20000076293945,49.689998626708984,48.0,48.650001525878906,0
2022-09-22,2022-09-22T00:00:00Z,48.72999954223633,48.77000045776367,47.0,47.099998474121094,0
2022-09-23,2022-09-23T00:00:00Z,49.86000061035156,51.119998931884766,49.56999969482422,50.81999969482422,0
2022-09-26,2022-09-26T00:00:00Z,53.369998931884766,56.72999954223633,52.869998931884766,56.68000030517578,0
2022-09-27,2022-09-27T00:00:00Z,56.470001220703125,56.61000061035156,55.4900016784668,55.88999938964844,0
2022-09-28,2022-09-28T00:00:00Z,56.41999816894531,56.779998779296875,54.84000015258789,55.02000045776367,0
2022-09-29,2022-09-29T00:00:00Z,55.52000045776367,55.84000015258789,54.13999938964844,54.40999984741211,0
2022-09-30,2022-09-30T00:00:00Z,56.34000015258789,56.560001373291016,54.63999938964844,55.689998626708984,0
2022-10-03,2022-10-03T00:00:00Z,60.47999954223633,60.47999954223633,55.36000061035156,56.2400016784668,0
2022-10-04,2022-10-04T00:00:00Z,58.5,59.52000045776367,55.08000183105469,59.5099983215332,0
2022-10-05,2022-10-05T00:00:00Z,58.5099983215332,58.59000015258789,53.9900016784668,54.20000076293945,0
2022-10-06,2022-10-06T00:00:00Z,56.380001068115234,56.41999816894531,53.130001068115234,53.38999938964844,0
2022-10-07,2022-10-07T00:00:00Z,54.41999816894531,56.27000045776367,53.540000915527344,53.63999938964844,0
2022-10-10,2022-10-10T00:00:00Z,50.790000915527344,54.65999984741211,50.72999954223633,51.41999816894531,0
2022-10-11,2022-10-11T00:00:00Z,54.560001373291016,54.619998931884766,51.0099983215332,51.91999816894531,0
2022-10-12,2022-10-12T00:00:00Z,53.66999816894531,55.11000061035156,50.439998626708984,51.52000045776367,0
2022-10-13,2022-10-13T00:00:00Z,59.40999984741211,59.470001220703125,49.59000015258789,50.52000045776367,0
2022-10-14,2022-10-14T00:00:00Z,53.83000183105469,53.939998626708984,50.15999984741211,50.29999923706055,0
2022-10-17,2022-10-17T00:00:00Z,56.5099983215332,56.54999923706055,49.7599983215332,50.27000045776367,0
2022-10-18,2022-10-18T00:00:00Z,53.619998931884766,53.630001068115234,48.65999984741211,49.119998931884766,0
2022-10-19,2022-10-19T00:00:00Z,52.25,52.25,47.47999954223633,47.779998779296875,0
2022-10-20,2022-10-20T00:00:00Z,50.43000030517578,51.15999984741211,47.939998626708984,47.97999954223633,0
2022-10-21,2022-10-21T00:00:00Z,50.45000076293945,50.45000076293945,46.470001220703125,47.189998626708984,0
2022-10-24,2022-10-24T00:00:00Z,47.650001525878906,51.02000045776367,47.45000076293945,47.779998779296875,0
2022-10-25,2022-10-25T00:00:00Z,47.15999984741211,47.77000045776367,46.59000015258789,47.29999923706055,0
2022-10-26,2022-10-26T00:00:00Z,47.08000183105469,48.63999938964844,46.58000183105469,48.58000183105469,0
2022-10-27,2022-10-27T00:00:00Z,48.04999923706055,51.119998931884766,47.790000915527344,49.02000045776367,0
2022-10-28,2022-10-28T00:00:00Z,48.91999816894531,51.9900016784668,47.619998931884766,47.810001373291016,0
2022-10-31,2022-10-31T00:00:00Z,49.619998931884766,49.77000045776367,47.290000915527344,47.40999984741211,0
2022-11-01,2022-11-01T00:00:00Z,47.790000915527344,48.18000030517578,46.18000030517578,47.040000915527344,0
2022-11-02,2022-11-02T00:00:00Z,47.099998474121094,50.93000030517578,47.029998779296875,47.75,0
2022-11-03,2022-11-03T00:00:00Z,47.83000183105469,48.099998474121094,46.470001220703125,46.470001220703125,0
2022-11-04,2022-11-04T00:00:00Z,46.77000045776367,47.630001068115234,45.91999816894531,47.5,0
2022-11-07,2022-11-07T00:00:00Z,45.880001068115234,48.2599983215332,45.06999969482422,45.11000061035156,0
2022-11-08,2022-11-08T00:00:00Z,45.7599983215332,46.40999984741211,43.939998626708984,45.040000915527344,0
2022-11-09,2022-11-09T00:00:00Z,45.90999984741211,45.90999984741211,44.20000076293945,45.380001068115234,0
2022-11-10,2022-11-10T00:00:00Z,46.459999084472656,46.70000076293945,43.189998626708984,43.47999954223633,0
2022-11-11,2022-11-11T00:00:00Z,44.470001220703125,44.810001373291016,41.7400016784668,42.060001373291016,0
2022-11-14,2022-11-14T00:00:00Z,45.43000030517578,45.43000030517578,42.25,44.41999816894531,0
2022-11-15,2022-11-15T00:00:00Z,47.52000045776367,47.529998779296875,44.380001068115234,46.720001220703125,0
2022-11-16,2022-11-16T00:00:00Z,46.869998931884766,46.869998931884766,44.81999969482422,45.119998931884766,0
2022-11-17,2022-11-17T00:00:00Z,45.77000045776367,46.2599983215332,44.599998474121094,45.34000015258789,0
2022-11-18,2022-11-18T00:00:00Z,46.439998626708984,47.709999084472656,45.630001068115234,45.93000030517578,0
2022-11-21,2022-11-21T00:00:00Z,47.560001373291016,54.810001373291016,47.099998474121094,47.11000061035156,0
2022-11-22,2022-11-22T00:00:00Z,46.779998779296875,46.90999984741211,45.540000915527344,46.29999923706055,0
2022-11-23,2022-11-23T00:00:00Z,47.88999938964844,51.560001373291016,47.31999969482422,51.560001373291016,0
2022-11-25,2022-11-25T00:00:00Z,51.869998931884766,52.810001373291016,49.70000076293945,50.15999984741211,0
2022-11-28,2022-11-28T00:00:00Z,53.38999938964844,53.439998626708984,50.08000183105469,50.529998779296875,0
2022-11-29,2022-11-29T00:00:00Z,49.810001373291016,49.939998626708984,47.560001373291016,47.90999984741211,0
2022-11-30,2022-11-30T00:00:00Z,49.869998931884766,49.869998931884766,46.029998779296875,46.150001525878906,0
2022-12-01,2022-12-01T00:00:00Z,50.029998779296875,50.029998779296875,45.16999816894531,45.61000061035156,0
2022-12-02,2022-12-02T00:00:00Z,46.0,46.15999984741211,45.150001525878906,45.7599983215332,0
2022-12-05,2022-12-05T00:00:00Z,47.34000015258789,47.63999938964844,44.709999084472656,45.40999984741211,0
2022-12-06,2022-12-06T00:00:00Z,45.849998474121094,47.29999923706055,44.290000915527344,46.36000061035156,0
2022-12-07,2022-12-07T00:00:00Z,45.90999984741211,48.25,45.40999984741211,47.90999984741211,0
2022-12-08,2022-12-08T00:00:00Z,46.459999084472656,48.0099983215332,45.91999816894531,47.16999816894531,0
2022-12-09,2022-12-09T00:00:00Z,47.130001068115234,47.720001220703125,46.15999984741211,46.93000030517578,0
2022-12-12,2022-12-12T00:00:00Z,45.65999984741211,46.43000030517578,44.58000183105469,44.9900016784668,0
2022-12-13,2022-12-13T00:00:00Z,44.849998474121094,45.43000030517578,42.529998779296875,43.369998931884766,0
2022-12-14,2022-12-14T00:00:00Z,43.02000045776367,43.72999954223633,41.439998626708984,41.81999969482422,0
2022-12-15,2022-12-15T00:00:00Z,44.79999923706055,45.02000045776367,43.439998626708984,43.70000076293945,0
2022-12-16,2022-12-16T00:00:00Z,44.720001220703125,45.290000915527344,42.02000045776367,42.290000915527344,0
2022-12-19,2022-12-19T00:00:00Z,44.86000061035156,45.54999923706055,42.34000015258789,42.470001220703125,0
2022-12-20,2022-12-20T00:00:00Z,43.83000183105469,44.040000915527344,41.33000183105469,41.790000915527344,0
2022-12-21,2022-12-21T00:00:00Z,43.150001525878906,43.900001525878906,41.0,41.18000030517578,0
2022-12-22,2022-12-22T00:00:00Z,42.38999938964844,42.56999969482422,41.16999816894531,41.79999923706055,0
2022-12-23,2022-12-23T00:00:00Z,43.869998931884766,43.90999984741211,41.099998474121094,41.209999084472656,0
2022-12-27,2022-12-27T00:00:00Z,44.70000076293945,44.900001525878906,42.900001525878906,43.5,0
2022-12-28,2022-12-28T00:00:00Z,42.58000183105469,44.779998779296875,42.58000183105469,43.95000076293945,0
2022-12-29,2022-12-29T00:00:00Z,44.040000915527344,45.5,42.029998779296875,42.599998474121094,0
2022-12-30,2022-12-30T00:00:00Z,42.83000183105469,43.38999938964844,41.20000076293945,41.2599983215332,0
2023-01-03,2023-01-03T00:00:00Z,42.7400016784668,44.72999954223633,42.7400016784668,44.13999938964844,0
2023-01-04,2023-01-04T00:00:00Z,46.189998626708984,46.189998626708984,44.5,45.83000183105469,0
2023-01-05,2023-01-05T00:00:00Z,46.880001068115234,46.880001068115234,43.68000030517578,43.93000030517578,0
2023-01-06,2023-01-06T00:00:00Z,44.7599983215332,45.52000045776367,42.75,42.939998626708984,0
2023-01-09,2023-01-09T00:00:00Z,43.970001220703125,45.16999816894531,42.25,42.75,0
2023-01-10,2023-01-10T00:00:00Z,42.38999938964844,42.38999938964844,41.38999938964844,41.599998474121094,0
2023-01-11,2023-01-11T00:00:00Z,41.380001068115234,42.220001220703125,40.790000915527344,41.189998626708984,0
2023-01-12,2023-01-12T00:00:00Z,40.599998474121094,40.650001525878906,39.130001068115234,39.279998779296875,0
2023-01-13,2023-01-13T00:00:00Z,38.849998474121094,39.11000061035156,37.47999954223633,38.189998626708984,0
2023-01-17,2023-01-17T00:00:00Z,40.130001068115234,40.790000915527344,39.09000015258789,40.099998474121094,0
2023-01-18,2023-01-18T00:00:00Z,40.45000076293945,40.52000045776367,38.59000015258789,39.25,0
2023-01-19,2023-01-19T00:00:00Z,41.83000183105469,41.83000183105469,38.900001525878906,39.02000045776367,0
2023-01-20,2023-01-20T00:00:00Z,40.560001373291016,40.560001373291016,37.529998779296875,37.810001373291016,0
2023-01-23,2023-01-23T00:00:00Z,40.5,40.5,37.08000183105469,37.29999923706055,0
2023-01-24,2023-01-24T00:00:00Z,38.33000183105469,38.79999923706055,37.5,38.2599983215332,0
2023-01-25,2023-01-25T00:00:00Z,39.880001068115234,39.91999816894531,38.2599983215332,38.540000915527344,0
2023-01-26,2023-01-26T00:00:00Z,38.959999084472656,39.0099983215332,37.61000061035156,38.119998931884766,0
2023-01-27,2023-01-27T00:00:00Z,38.88999938964844,38.91999816894531,36.900001525878906,38.599998474121094,0
2023-01-30,2023-01-30T00:00:00Z,39.7599983215332,40.810001373291016,39.7599983215332,40.18000030517578,0
2023-01-31,2023-01-31T00:00:00Z,40.36000061035156,40.9900016784668,38.54999923706055,38.54999923706055,0
2023-02-01,2023-02-01T00:00:00Z,37.529998779296875,39.15999984741211,37.18000030517578,37.9900016784668,0
2023-02-02,2023-02-02T00:00:00Z,39.06999969482422,39.18000030517578,38.0099983215332,38.4900016784668,0
2023-02-03,2023-02-03T00:00:00Z,39.369998931884766,40.11000061035156,37.540000915527344,39.47999954223633,0
2023-02-06,2023-02-06T00:00:00Z,39.810001373291016,40.099998474121094,38.869998931884766,38.91999816894531,0
2023-02-07,2023-02-07T00:00:00Z,38.95000076293945,39.720001220703125,37.220001220703125,37.310001373291016,0
2023-02-08,2023-02-08T00:00:00Z,36.310001373291016,37.099998474121094,35.790000915527344,37.02000045776367,0
2023-02-09,2023-02-09T00:00:00Z,35.2400016784668,36.77000045776367,35.060001373291016,35.75,0
2023-02-10,2023-02-10T00:00:00Z,35.810001373291016,36.18000030517578,34.970001220703125,35.88999938964844,0
2023-02-13,2023-02-13T00:00:00Z,36.060001373291016,37.81999969482422,35.209999084472656,37.77000045776367,0
2023-02-14,2023-02-14T00:00:00Z,39.150001525878906,39.18000030517578,36.540000915527344,36.66999816894531,0
2023-02-15,2023-02-15T00:00:00Z,37.400001525878906,38.189998626708984,35.41999816894531,35.70000076293945,0
2023-02-16,2023-02-16T00:00:00Z,36.43000030517578,36.4900016784668,34.68000030517578,35.029998779296875,0
2023-02-17,2023-02-17T00:00:00Z,36.08000183105469,38.58000183105469,35.95000076293945,36.040000915527344,0
2023-02-21,2023-02-21T00:00:00Z,37.880001068115234,38.04999923706055,36.91999816894531,37.04999923706055,0
2023-02-22,2023-02-22T00:00:00Z,37.560001373291016,38.619998931884766,37.40999984741211,38.36000061035156,0
2023-02-23,2023-02-23T00:00:00Z,39.400001525878906,39.5099983215332,36.66999816894531,36.689998626708984,0
2023-02-24,2023-02-24T00:00:00Z,37.630001068115234,38.619998931884766,36.9900016784668,37.25,0
2023-02-27,2023-02-27T00:00:00Z,39.70000076293945,39.70000076293945,37.45000076293945,37.54999923706055,0
2023-02-28,2023-02-28T00:00:00Z,38.150001525878906,38.36000061035156,35.380001068115234,35.41999816894531,0
2023-03-01,2023-03-01T00:00:00Z,36.58000183105469,37.95000076293945,36.34000015258789,36.630001068115234,0
2023-03-02,2023-03-02T00:00:00Z,37.25,39.16999816894531,35.59000015258789,35.61000061035156,0
2023-03-03,2023-03-03T00:00:00Z,37.209999084472656,38.5099983215332,35.189998626708984,35.20000076293945,0
2023-03-06,2023-03-06T00:00:00Z,35.91999816894531,36.560001373291016,33.0099983215332,33.029998779296875,0
2023-03-07,2023-03-07T00:00:00Z,32.83000183105469,33.81999969482422,32.25,33.7599983215332,0
2023-03-08,2023-03-08T00:00:00Z,33.81999969482422,34.540000915527344,33.349998474121094,33.38999938964844,0
2023-03-09,2023-03-09T00:00:00Z,32.810001373291016,34.91999816894531,31.959999084472656,34.86000061035156,0
2023-03-10,2023-03-10T00:00:00Z,36.13999938964844,36.97999954223633,35.41999816894531,36.7599983215332,0
2023-03-13,2023-03-13T00:00:00Z,39.290000915527344,46.279998779296875,34.33000183105469,38.130001068115234,0
2023-03-14,2023-03-14T00:00:00Z,42.029998779296875,47.68000030517578,35.689998626708984,47.40999984741211,0
2023-03-15,2023-03-15T00:00:00Z,54.150001525878906,57.88999938964844,45.38999938964844,49.779998779296875,0
2023-03-16,2023-03-16T00:00:00Z,49.02000045776367,54.119998931884766,48.38999938964844,48.650001525878906,0
2023-03-17,2023-03-17T00:00:00Z,47.970001220703125,54.189998626708984,47.08000183105469,51.47999954223633,0
2023-03-20,2023-03-20T00:00:00Z,51.81999969482422,52.54999923706055,50.459999084472656,51.13999938964844,0
2023-03-21,2023-03-21T00:00:00Z,51.16999816894531,51.16999816894531,46.45000076293945,48.119998931884766,0
2023-03-22,2023-03-22T00:00:00Z,47.59000015258789,47.790000915527344,45.18000030517578,46.970001220703125,0
2023-03-23,2023-03-23T00:00:00Z,48.20000076293945,48.20000076293945,44.91999816894531,46.900001525878906,0
2023-03-24,2023-03-24T00:00:00Z,53.470001220703125,53.4900016784668,48.279998779296875,48.36000061035156,0
2023-03-27,2023-03-27T00:00:00Z,48.61000061035156,48.61000061035156,45.36000061035156,45.40999984741211,0
2023-03-28,2023-03-28T00:00:00Z,47.060001373291016,47.290000915527344,44.29999923706055,44.310001373291016,0
2023-03-29,2023-03-29T00:00:00Z,50.099998474121094,50.099998474121094,43.189998626708984,43.33000183105469,0
2023-03-30,2023-03-30T00:00:00Z,45.779998779296875,45.84000015258789,42.02000045776367,42.02000045776367,0
2023-03-31,2023-03-31T00:00:00Z,43.33000183105469,43.38999938964844,40.34000015258789,40.34000015258789,0
2023-04-03,2023-04-03T00:00:00Z,43.15999984741211,43.15999984741211,38.45000076293945,39.4900016784668,0
2023-04-04,2023-04-04T00:00:00Z,38.2599983215332,40.040000915527344,37.439998626708984,39.41999816894531,0
2023-04-05,2023-04-05T00:00:00Z,39.349998474121094,40.40999984741211,38.560001373291016,39.13999938964844,0
2023-04-06,2023-04-06T00:00:00Z,38.720001220703125,38.720001220703125,34.41999816894531,34.7599983215332,0
2023-04-10,2023-04-10T00:00:00Z,37.59000015258789,37.61000061035156,34.290000915527344,34.310001373291016,0
2023-04-11,2023-04-11T00:00:00Z,38.43000030517578,38.880001068115234,33.880001068115234,34.22999954223633,0
2023-04-12,2023-04-12T00:00:00Z,34.130001068115234,34.43000030517578,33.310001373291016,33.7400016784668,0
2023-04-13,2023-04-13T00:00:00Z,34.650001525878906,34.650001525878906,32.619998931884766,32.779998779296875,0
2023-04-14,2023-04-14T00:00:00Z,34.06999969482422,34.13999938964844,31.829999923706055,32.5099983215332,0
2023-04-17,2023-04-17T00:00:00Z,34.849998474121094,34.86000061035156,32.52000045776367,32.93000030517578,0
2023-04-18,2023-04-18T00:00:00Z,34.68000030517578,34.75,32.91999816894531,33.689998626708984,0
2023-04-19,2023-04-19T00:00:00Z,36.16999816894531,36.33000183105469,34.13999938964844,34.439998626708984,0
2023-04-20,2023-04-20T00:00:00Z,36.43000030517578,37.54999923706055,36.09000015258789,36.40999984741211,0
2023-04-21,2023-04-21T00:00:00Z,35.20000076293945,36.2400016784668,34.93000030517578,35.16999816894531,0
2023-04-24,2023-04-24T00:00:00Z,36.13999938964844,36.5099983215332,34.2400016784668,34.279998779296875,0
2023-04-25,2023-04-25T00:00:00Z,33.849998474121094,36.689998626708984,33.7599983215332,36.63999938964844,0
2023-04-26,2023-04-26T00:00:00Z,36.959999084472656,39.2599983215332,36.0099983215332,39.25,0
2023-04-27,2023-04-27T00:00:00Z,40.66999816894531,40.720001220703125,37.619998931884766,37.7599983215332,0
2023-04-28,2023-04-28T00:00:00Z,38.27000045776367,38.27000045776367,35.58000183105469,35.630001068115234,0
2023-05-01,2023-05-01T00:00:00Z,37.119998931884766,37.2599983215332,35.86000061035156,35.939998626708984,0
2023-05-02,2023-05-02T00:00:00Z,36.900001525878906,40.7599983215332,36.630001068115234,39.47999954223633,0
2023-05-03,2023-05-03T00:00:00Z,42.099998474121094,44.439998626708984,41.279998779296875,43.22999954223633,0
2023-05-04,2023-05-04T00:00:00Z,43.15999984741211,44.66999816894531,42.70000076293945,43.75,0
2023-05-05,2023-05-05T00:00:00Z,41.27000045776367,42.689998626708984,37.02000045776367,37.349998474121094,0
2023-05-08,2023-05-08T00:00:00Z,36.0,37.33000183105469,35.5,35.540000915527344,0
2023-05-09,2023-05-09T00:00:00Z,34.59000015258789,36.81999969482422,34.59000015258789,35.130001068115234,0
2023-05-10,2023-05-10T00:00:00Z,34.63999938964844,35.7400016784668,33.68000030517578,34.130001068115234,0
2023-05-11,2023-05-11T00:00:00Z,34.400001525878906,36.150001525878906,34.400001525878906,35.7400016784668,0
2023-05-12,2023-05-12T00:00:00Z,36.689998626708984,37.31999969482422,35.290000915527344,37.31999969482422,0
2023-05-15,2023-05-15T00:00:00Z,38.04999923706055,38.04999923706055,35.02000045776367,35.15999984741211,0
2023-05-16,2023-05-16T00:00:00Z,37.75,37.75,35.279998779296875,35.97999954223633,0
2023-05-17,2023-05-17T00:00:00Z,35.59000015258789,37.43000030517578,35.59000015258789,36.439998626708984,0
2023-05-18,2023-05-18T00:00:00Z,36.34000015258789,37.04999923706055,35.88999938964844,36.02000045776367,0
2023-05-19,2023-05-19T00:00:00Z,34.63999938964844,36.83000183105469,34.63999938964844,35.849998474121094,0
2023-05-22,2023-05-22T00:00:00Z,36.93000030517578,37.689998626708984,34.849998474121094,35.52000045776367,0
2023-05-23,2023-05-23T00:00:00Z,35.47999954223633,35.4900016784668,34.52000045776367,35.11000061035156,0
2023-05-24,2023-05-24T00:00:00Z,35.41999816894531,36.16999816894531,35.0099983215332,35.86000061035156,0
2023-05-25,2023-05-25T00:00:00Z,37.290000915527344,37.599998474121094,36.38999938964844,36.7400016784668,0
2023-05-26,2023-05-26T00:00:00Z,37.439998626708984,37.439998626708984,35.52000045776367,35.95000076293945,0
2023-05-30,2023-05-30T00:00:00Z,39.66999816894531,40.02000045776367,39.0,39.68000030517578,0
2023-05-31,2023-05-31T00:00:00Z,41.13999938964844,41.7400016784668,40.47999954223633,40.68000030517578,0
2023-06-01,2023-06-01T00:00:00Z,42.04999923706055,42.06999969482422,40.029998779296875,40.5,0
2023-06-02,2023-06-02T00:00:00Z,39.529998779296875,41.470001220703125,38.88999938964844,39.599998474121094,0
2023-06-05,2023-06-05T00:00:00Z,42.33000183105469,42.33000183105469,37.04999923706055,37.45000076293945,0
2023-06-06,2023-06-06T00:00:00Z,38.58000183105469,38.58000183105469,35.70000076293945,36.06999969482422,0
2023-06-07,2023-06-07T00:00:00Z,35.33000183105469,35.84000015258789,34.06999969482422,34.130001068115234,0
2023-06-08,2023-06-08T00:00:00Z,36.83000183105469,36.83000183105469,33.91999816894531,35.18000030517578,0
2023-06-09,2023-06-09T00:00:00Z,34.040000915527344,34.7599983215332,33.15999984741211,33.70000076293945,0
2023-06-12,2023-06-12T00:00:00Z,33.27000045776367,36.779998779296875,32.41999816894531,36.349998474121094,0
2023-06-13,2023-06-13T00:00:00Z,35.310001373291016,36.29999923706055,31.65999984741211,32.380001068115234,0
2023-06-14,2023-06-14T00:00:00Z,32.13999938964844,38.29999923706055,32.13999938964844,33.65999984741211,0
2023-06-15,2023-06-15T00:00:00Z,37.63999938964844,37.63999938964844,32.08000183105469,33.06999969482422,0
2023-06-16,2023-06-16T00:00:00Z,35.16999816894531,35.16999816894531,31.739999771118164,32.9900016784668,0
2023-06-20,2023-06-20T00:00:00Z,34.31999969482422,35.150001525878906,33.619998931884766,34.75,0
2023-06-21,2023-06-21T00:00:00Z,36.709999084472656,36.709999084472656,32.810001373291016,33.2599983215332,0
2023-06-22,2023-06-22T00:00:00Z,36.86000061035156,37.45000076293945,34.43000030517578,34.93000030517578,0
2023-06-23,2023-06-23T00:00:00Z,38.119998931884766,38.119998931884766,35.099998474121094,35.36000061035156,0
2023-06-26,2023-06-26T00:00:00Z,38.689998626708984,38.689998626708984,36.560001373291016,36.66999816894531,0
2023-06-27,2023-06-27T00:00:00Z,39.650001525878906,39.66999816894531,37.529998779296875,39.29999923706055,0
2023-06-28,2023-06-28T00:00:00Z,38.95000076293945,40.099998474121094,36.79999923706055,36.86000061035156,0
2023-06-29,2023-06-29T00:00:00Z,38.4900016784668,39.11000061035156,35.38999938964844,35.41999816894531,0
2023-06-30,2023-06-30T00:00:00Z,39.400001525878906,39.400001525878906,33.25,33.279998779296875,0
2023-07-03,2023-07-03T00:00:00Z,35.18000030517578,35.18000030517578,32.91999816894531,33.880001068115234,0
2023-07-05,2023-07-05T00:00:00Z,34.97999954223633,34.97999954223633,33.619998931884766,33.90999984741211,0
2023-07-06,2023-07-06T00:00:00Z,34.11000061035156,36.2599983215332,32.90999984741211,35.130001068115234,0
2023-07-07,2023-07-07T00:00:00Z,34.689998626708984,37.54999923706055,31.790000915527344,34.54999923706055,0
2023-07-10,2023-07-10T00:00:00Z,34.56999969482422,38.66999816894531,32.47999954223633,38.349998474121094,0
2023-07-11,2023-07-11T00:00:00Z,39.849998474121094,39.849998474121094,32.22999954223633,32.43000030517578,0
2023-07-12,2023-07-12T00:00:00Z,34.68000030517578,34.84000015258789,32.65999984741211,32.689998626708984,0
2023-07-13,2023-07-13T00:00:00Z,32.15999984741211,32.29999923706055,29.709999084472656,30.040000915527344,0
2023-07-14,2023-07-14T00:00:00Z,30.030000686645508,30.479999542236328,29.389999389648438,30.0,0
2023-07-17,2023-07-17T00:00:00Z,32.29999923706055,33.380001068115234,30.889999389648438,31.34000015258789,0
2023-07-18,2023-07-18T00:00:00Z,30.90999984741211,31.540000915527344,30.239999771118164,30.65999984741211,0
2023-07-19,2023-07-19T00:00:00Z,30.799999237060547,31.84000015258789,29.899999618530273,31.059999465942383,0
2023-07-20,2023-07-20T00:00:00Z,31.670000076293945,31.770000457763672,30.0,30.149999618530273,0
2023-07-21,2023-07-21T00:00:00Z,31.209999084472656,31.399999618530273,29.479999542236328,29.649999618530273,0
2023-07-24,2023-07-24T00:00:00Z,31.450000762939453,31.450000762939453,30.049999237060547,30.110000610351562,0
2023-07-25,2023-07-25T00:00:00Z,30.93000030517578,32.310001373291016,30.40999984741211,30.6299991607666,0
2023-07-26,2023-07-26T00:00:00Z,29.889999389648438,31.920000076293945,29.889999389648438,29.969999313354492,0
2023-07-27,2023-07-27T00:00:00Z,28.6200008392334,30.239999771118164,28.520000457763672,29.1200008392334,0
2023-07-28,2023-07-28T00:00:00Z,27.799999237060547,29.709999084472656,27.790000915527344,29.40999984741211,0
2023-07-31,2023-07-31T00:00:00Z,29.059999465942383,29.260000228881836,28.43000030517578,28.479999542236328,0
2023-08-01,2023-08-01T00:00:00Z,27.739999771118164,28.829999923706055,27.719999313354492,28.350000381469727,0
2023-08-02,2023-08-02T00:00:00Z,27.270000457763672,29.579999923706055,27.270000457763672,28.739999771118164,0
2023-08-03,2023-08-03T00:00:00Z,28.850000381469727,29.190000534057617,28.260000228881836,28.540000915527344,0
2023-08-04,2023-08-04T00:00:00Z,27.510000228881836,28.719999313354492,27.510000228881836,28.059999465942383,0
2023-08-07,2023-08-07T00:00:00Z,28.34000015258789,28.65999984741211,27.299999237060547,27.729999542236328,0
2023-08-08,2023-08-08T00:00:00Z,28.760000228881836,29.389999389648438,27.100000381469727,27.139999389648438,0
2023-08-09,2023-08-09T00:00:00Z,27.420000076293945,29.139999389648438,26.440000534057617,28.559999465942383,0
2023-08-10,2023-08-10T00:00:00Z,28.190000534057617,28.190000534057617,26.81999969482422,27.270000457763672,0
2023-08-11,2023-08-11T00:00:00Z,27.809999465942383,28.229999542236328,27.09000015258789,28.040000915527344,0
2023-08-14,2023-08-14T00:00:00Z,28.139999389648438,28.510000228881836,26.700000762939453,27.549999237060547,0
2023-08-15,2023-08-15T00:00:00Z,27.579999923706055,29.530000686645508,26.899999618530273,28.299999237060547,0
2023-08-16,2023-08-16T00:00:00Z,29.59000015258789,29.780000686645508,27.549999237060547,28.540000915527344,0
2023-08-17,2023-08-17T00:00:00Z,29.209999084472656,29.690000534057617,28.540000915527344,29.299999237060547,0
2023-08-18,2023-08-18T00:00:00Z,30.31999969482422,30.459999084472656,28.3799991607666,28.43000030517578,0
2023-08-21,2023-08-21T00:00:00Z,29.700000762939453,29.93000030517578,28.75,28.899999618530273,0
2023-08-22,2023-08-22T00:00:00Z,29.270000457763672,29.3700008392334,28.1200008392334,28.559999465942383,0
2023-08-23,2023-08-23T00:00:00Z,29.190000534057617,30.809999465942383,28.079999923706055,28.469999313354492,0
2023-08-24,2023-08-24T00:00:00Z,29.06999969482422,29.790000915527344,28.389999389648438,28.8799991607666,0
2023-08-25,2023-08-25T00:00:00Z,27.309999465942383,28.950000762939453,27.309999465942383,28.809999465942383,0
2023-08-28,2023-08-28T00:00:00Z,27.6200008392334,29.280000686645508,27.6200008392334,28.65999984741211,0
2023-08-29,2023-08-29T00:00:00Z,29.059999465942383,29.360000610351562,27.530000686645508,27.6299991607666,0
2023-08-30,2023-08-30T00:00:00Z,27.149999618530273,28.18000030517578,25.579999923706055,26.6299991607666,0
2023-08-31,2023-08-31T00:00:00Z,27.1299991607666,28.059999465942383,26.18000030517578,26.559999465942383,0
2023-09-01,2023-09-01T00:00:00Z,26.93000030517578,27.579999923706055,26.059999465942383,27.479999542236328,0
2023-09-05,2023-09-05T00:00:00Z,31.93000030517578,31.950000762939453,27.459999084472656,28.649999618530273,0
2023-09-06,2023-09-06T00:00:00Z,29.610000610351562,29.690000534057617,28.059999465942383,28.329999923706055,0
2023-09-07,2023-09-07T00:00:00Z,29.899999618530273,30.270000457763672,27.469999313354492,27.59000015258789,0
2023-09-08,2023-09-08T00:00:00Z,28.75,28.75,27.110000610351562,27.15999984741211,0
2023-09-11,2023-09-11T00:00:00Z,27.030000686645508,27.459999084472656,24.010000228881836,24.3700008392334,0
2023-09-12,2023-09-12T00:00:00Z,26.959999084472656,26.959999084472656,23.780000686645508,24.229999542236328,0
2023-09-13,2023-09-13T00:00:00Z,23.579999923706055,26.43000030517578,23.579999923706055,25.059999465942383,0
2023-09-14,2023-09-14T00:00:00Z,29.790000915527344,29.790000915527344,25.520000457763672,26.559999465942383,0
2023-09-15,2023-09-15T00:00:00Z,25.969999313354492,27.56999969482422,25.479999542236328,27.15999984741211,0
2023-09-18,2023-09-18T00:00:00Z,27.889999389648438,28.079999923706055,26.639999389648438,27.90999984741211,0
2023-09-19,2023-09-19T00:00:00Z,27.309999465942383,30.56999969482422,26.610000610351562,30.31999969482422,0
2023-09-20,2023-09-20T00:00:00Z,31.790000915527344,31.8799991607666,28.829999923706055,30.3799991607666,0
2023-09-21,2023-09-21T00:00:00Z,30.020000457763672,31.950000762939453,29.739999771118164,31.350000381469727,0
2023-09-22,2023-09-22T00:00:00Z,32.310001373291016,32.310001373291016,30.06999969482422,30.610000610351562,0
2023-09-25,2023-09-25T00:00:00Z,30.5,31.479999542236328,30.5,30.959999084472656,0
2023-09-26,2023-09-26T00:00:00Z,30.3799991607666,32.41999816894531,29.700000762939453,31.299999237060547,0
2023-09-27,2023-09-27T00:00:00Z,30.3799991607666,32.52000045776367,29.760000228881836,32.47999954223633,0
2023-09-28,2023-09-28T00:00:00Z,32.08000183105469,32.08000183105469,30.739999771118164,31.6200008392334,0
2023-09-29,2023-09-29T00:00:00Z,32.2599983215332,32.58000183105469,30.59000015258789,32.2400016784668,0
2023-10-02,2023-10-02T00:00:00Z,31.040000915527344,33.83000183105469,31.040000915527344,32.0,0
2023-10-03,2023-10-03T00:00:00Z,31.31999969482422,33.52000045776367,31.200000762939453,33.25,0
2023-10-04,2023-10-04T00:00:00Z,32.91999816894531,35.779998779296875,32.91999816894531,35.349998474121094,0
2023-10-05,2023-10-05T00:00:00Z,33.779998779296875,37.13999938964844,33.779998779296875,36.59000015258789,0
2023-10-06,2023-10-06T00:00:00Z,35.77000045776367,36.529998779296875,35.310001373291016,35.68000030517578,0
2023-10-09,2023-10-09T00:00:00Z,37.189998626708984,39.849998474121094,37.060001373291016,39.849998474121094,0
2023-10-10,2023-10-10T00:00:00Z,41.869998931884766,42.09000015258789,38.65999984741211,39.540000915527344,0
2023-10-11,2023-10-11T00:00:00Z,37.91999816894531,40.099998474121094,37.91999816894531,38.939998626708984,0
2023-10-12,2023-10-12T00:00:00Z,38.68000030517578,38.880001068115234,37.5,38.52000045776367,0
2023-10-13,2023-10-13T00:00:00Z,42.599998474121094,44.47999954223633,40.310001373291016,44.2400016784668,0
2023-10-16,2023-10-16T00:00:00Z,38.650001525878906,44.2599983215332,38.650001525878906,40.70000076293945,0
2023-10-17,2023-10-17T00:00:00Z,40.689998626708984,41.7599983215332,40.29999923706055,41.369998931884766,0
2023-10-18,2023-10-18T00:00:00Z,43.939998626708984,44.83000183105469,42.119998931884766,44.400001525878906,0
2023-10-19,2023-10-19T00:00:00Z,43.54999923706055,45.79999923706055,41.540000915527344,45.70000076293945,0
2023-10-20,2023-10-20T00:00:00Z,48.56999969482422,48.56999969482422,43.56999969482422,43.790000915527344,0
2023-10-23,2023-10-23T00:00:00Z,44.11000061035156,44.11000061035156,40.20000076293945,41.7400016784668,0
2023-10-24,2023-10-24T00:00:00Z,38.689998626708984,41.619998931884766,38.59000015258789,41.08000183105469,0
2023-10-25,2023-10-25T00:00:00Z,39.18000030517578,44.90999984741211,39.18000030517578,44.90999984741211,0
2023-10-26,2023-10-26T00:00:00Z,42.630001068115234,44.84000015258789,42.630001068115234,43.93000030517578,0
2023-10-27,2023-10-27T00:00:00Z,43.77000045776367,46.68000030517578,41.5,46.63999938964844,0
2023-10-30,2023-10-30T00:00:00Z,45.33000183105469,45.540000915527344,43.40999984741211,44.0099983215332,0
2023-10-31,2023-10-31T00:00:00Z,41.5099983215332,43.63999938964844,41.380001068115234,41.9900016784668,0
2023-11-01,2023-11-01T00:00:00Z,40.27000045776367,41.88999938964844,39.9900016784668,40.52000045776367,0
2023-11-02,2023-11-02T00:00:00Z,37.79999923706055,39.849998474121094,37.79999923706055,39.790000915527344,0
2023-11-03,2023-11-03T00:00:00Z,39.7400016784668,40.720001220703125,38.130001068115234,38.529998779296875,0
2023-11-06,2023-11-06T00:00:00Z,39.93000030517578,39.93000030517578,35.91999816894531,36.310001373291016,0
2023-11-07,2023-11-07T00:00:00Z,36.09000015258789,38.95000076293945,36.09000015258789,38.720001220703125,0
2023-11-08,2023-11-08T00:00:00Z,38.779998779296875,41.0,38.33000183105469,40.439998626708984,0
2023-11-09,2023-11-09T00:00:00Z,41.029998779296875,41.31999969482422,39.36000061035156,41.22999954223633,0
2023-11-10,2023-11-10T00:00:00Z,41.959999084472656,41.959999084472656,39.27000045776367,39.290000915527344,0
2023-11-13,2023-11-13T00:00:00Z,41.310001373291016,41.310001373291016,39.0,39.400001525878906,0
2023-11-14,2023-11-14T00:00:00Z,43.59000015258789,43.59000015258789,38.02000045776367,38.290000915527344,0
2023-11-15,2023-11-15T00:00:00Z,39.0,39.66999816894531,38.06999969482422,39.5099983215332,0
2023-11-16,2023-11-16T00:00:00Z,40.77000045776367,43.029998779296875,39.91999816894531,42.529998779296875,0
2023-11-17,2023-11-17T00:00:00Z,42.369998931884766,42.400001525878906,39.810001373291016,40.43000030517578,0
2023-11-20,2023-11-20T00:00:00Z,41.54999923706055,41.54999923706055,38.689998626708984,39.0,0
2023-11-21,2023-11-21T00:00:00Z,40.38999938964844,40.38999938964844,38.2599983215332,38.52000045776367,0
2023-11-22,2023-11-22T00:00:00Z,42.4900016784668,45.810001373291016,41.119998931884766,42.7599983215332,0
2023-11-24,2023-11-24T00:00:00Z,44.06999969482422,44.06999969482422,41.47999954223633,43.380001068115234,0
2023-11-27,2023-11-27T00:00:00Z,45.02000045776367,45.02000045776367,42.380001068115234,43.900001525878906,0
2023-11-28,2023-11-28T00:00:00Z,43.93000030517578,43.93000030517578,41.61000061035156,43.13999938964844,0
2023-11-29,2023-11-29T00:00:00Z,42.630001068115234,46.099998474121094,41.5,42.900001525878906,0
2023-11-30,2023-11-30T00:00:00Z,41.630001068115234,42.220001220703125,38.18000030517578,39.400001525878906,0
2023-12-01,2023-12-01T00:00:00Z,37.93000030517578,37.93000030517578,34.86000061035156,35.70000076293945,0
2023-12-04,2023-12-04T00:00:00Z,37.90999984741211,39.95000076293945,37.18000030517578,38.08000183105469,0
2023-12-05,2023-12-05T00:00:00Z,39.0099983215332,39.08000183105469,36.09000015258789,36.36000061035156,0
2023-12-06,2023-12-06T00:00:00Z,39.63999938964844,40.189998626708984,36.959999084472656,39.720001220703125,0
2023-12-07,2023-12-07T00:00:00Z,38.88999938964844,38.88999938964844,37.22999954223633,37.81999969482422,0
2023-12-08,2023-12-08T00:00:00Z,38.88999938964844,38.88999938964844,36.15999984741211,36.2400016784668,0
2023-12-11,2023-12-11T00:00:00Z,38.7400016784668,38.7400016784668,34.61000061035156,35.29999923706055,0
2023-12-12,2023-12-12T00:00:00Z,38.65999984741211,38.689998626708984,35.97999954223633,36.380001068115234,0
2023-12-13,2023-12-13T00:00:00Z,37.220001220703125,40.29999923706055,33.470001220703125,36.599998474121094,0
2023-12-14,2023-12-14T00:00:00Z,39.279998779296875,39.279998779296875,33.08000183105469,33.97999954223633,0
2023-12-15,2023-12-15T00:00:00Z,40.279998779296875,40.279998779296875,34.93000030517578,35.130001068115234,0
2023-12-18,2023-12-18T00:00:00Z,38.650001525878906,38.720001220703125,36.38999938964844,37.09000015258789,0
2023-12-19,2023-12-19T00:00:00Z,38.459999084472656,38.459999084472656,34.83000183105469,35.040000915527344,0
2023-12-20,2023-12-20T00:00:00Z,37.959999084472656,37.959999084472656,34.5099983215332,34.97999954223633,0
2023-12-21,2023-12-21T00:00:00Z,43.59000015258789,43.619998931884766,34.84000015258789,35.439998626708984,0
2023-12-22,2023-12-22T00:00:00Z,37.13999938964844,37.13999938964844,32.84000015258789,33.31999969482422,0
2023-12-26,2023-12-26T00:00:00Z,37.900001525878906,37.900001525878906,33.72999954223633,34.529998779296875,0
2023-12-27,2023-12-27T00:00:00Z,37.369998931884766,37.369998931884766,34.65999984741211,35.40999984741211,0
2023-12-28,2023-12-28T00:00:00Z,36.279998779296875,36.5,34.66999816894531,36.45000076293945,0
2023-12-29,2023-12-29T00:00:00Z,37.33000183105469,37.33000183105469,35.20000076293945,36.220001220703125,0
2024-01-02,2024-01-02T00:00:00Z,38.810001373291016,39.099998474121094,37.209999084472656,39.04999923706055,0
2024-01-03,2024-01-03T00:00:00Z,39.849998474121094,39.959999084472656,37.9900016784668,38.220001220703125,0
2024-01-04,2024-01-04T00:00:00Z,38.79999923706055,39.22999954223633,37.41999816894531,37.58000183105469,0
2024-01-05,2024-01-05T00:00:00Z,38.43000030517578,39.540000915527344,36.040000915527344,36.06999969482422,0
2024-01-08,2024-01-08T00:00:00Z,37.83000183105469,38.59000015258789,36.77000045776367,36.790000915527344,0
2024-01-09,2024-01-09T00:00:00Z,37.75,37.75,35.56999969482422,36.09000015258789,0
2024-01-10,2024-01-10T00:00:00Z,38.0099983215332,38.0099983215332,35.540000915527344,36.349998474121094,0
2024-01-11,2024-01-11T00:00:00Z,38.279998779296875,38.279998779296875,35.209999084472656,36.779998779296875,0
2024-01-12,2024-01-12T00:00:00Z,40.380001068115234,40.93000030517578,36.369998931884766,40.63999938964844,0
2024-01-16,2024-01-16T00:00:00Z,41.060001373291016,41.060001373291016,36.709999084472656,38.34000015258789,0
2024-01-17,2024-01-17T00:00:00Z,39.70000076293945,39.70000076293945,36.91999816894531,37.060001373291016,0
2024-01-18,2024-01-18T00:00:00Z,39.7400016784668,39.869998931884766,35.529998779296875,35.97999954223633,0
2024-01-19,2024-01-19T00:00:00Z,36.33000183105469,36.33000183105469,34.58000183105469,35.790000915527344,0
2024-01-22,2024-01-22T00:00:00Z,36.779998779296875,36.779998779296875,34.77000045776367,35.709999084472656,0
2024-01-23,2024-01-23T00:00:00Z,37.209999084472656,37.209999084472656,34.619998931884766,34.9900016784668,0
2024-01-24,2024-01-24T00:00:00Z,35.59000015258789,35.59000015258789,33.91999816894531,33.9900016784668,0
2024-01-25,2024-01-25T00:00:00Z,35.18000030517578,35.9900016784668,33.779998779296875,35.099998474121094,0
2024-01-26,2024-01-26T00:00:00Z,37.060001373291016,37.310001373291016,33.84000015258789,34.779998779296875,0
2024-01-29,2024-01-29T00:00:00Z,37.380001068115234,37.43000030517578,36.08000183105469,36.31999969482422,0
2024-01-30,2024-01-30T00:00:00Z,38.93000030517578,38.93000030517578,35.959999084472656,36.189998626708984,0
2024-01-31,2024-01-31T00:00:00Z,37.34000015258789,38.220001220703125,36.43000030517578,37.25,0
2024-02-01,2024-02-01T00:00:00Z,37.5,37.5,34.810001373291016,35.380001068115234,0
2024-02-02,2024-02-02T00:00:00Z,38.4900016784668,38.4900016784668,34.599998474121094,34.849998474121094,0
2024-02-05,2024-02-05T00:00:00Z,37.45000076293945,37.7599983215332,34.25,34.43000030517578,0
2024-02-06,2024-02-06T00:00:00Z,37.220001220703125,37.220001220703125,33.0099983215332,33.0099983215332,0
2024-02-07,2024-02-07T00:00:00Z,35.54999923706055,35.54999923706055,31.209999084472656,31.209999084472656,0
2024-02-08,2024-02-08T00:00:00Z,33.279998779296875,33.279998779296875,30.649999618530273,31.639999389648438,0
2024-02-09,2024-02-09T00:00:00Z,33.599998474121094,33.79999923706055,31.65999984741211,32.439998626708984,0
2024-02-12,2024-02-12T00:00:00Z,35.0099983215332,35.0099983215332,32.560001373291016,32.689998626708984,0
2024-02-13,2024-02-13T00:00:00Z,34.93000030517578,34.93000030517578,32.18000030517578,32.369998931884766,0
2024-02-14,2024-02-14T00:00:00Z,34.45000076293945,34.45000076293945,31.860000610351562,32.7599983215332,0
2024-02-15,2024-02-15T00:00:00Z,34.349998474121094,34.349998474121094,31.8700008392334,32.02000045776367,0
2024-02-16,2024-02-16T00:00:00Z,34.72999954223633,34.72999954223633,30.760000228881836,30.84000015258789,0
2024-02-20,2024-02-20T00:00:00Z,32.380001068115234,32.779998779296875,31.709999084472656,31.809999465942383,0
2024-02-21,2024-02-21T00:00:00Z,33.83000183105469,33.83000183105469,30.8700008392334,31.049999237060547,0
2024-02-22,2024-02-22T00:00:00Z,31.450000762939453,31.450000762939453,30.510000228881836,30.549999237060547,0
2024-02-23,2024-02-23T00:00:00Z,31.530000686645508,31.530000686645508,30.860000610351562,31.309999465942383,0
2024-02-26,2024-02-26T00:00:00Z,32.54999923706055,32.54999923706055,31.59000015258789,31.709999084472656,0
2024-02-27,2024-02-27T00:00:00Z,31.940000534057617,31.979999542236328,31.25,31.350000381469727,0
2024-02-28,2024-02-28T00:00:00Z,31.31999969482422,33.18000030517578,30.84000015258789,31.209999084472656,0
2024-02-29,2024-02-29T00:00:00Z,31.950000762939453,32.41999816894531,31.1299991607666,31.5,0
2024-03-01,2024-03-01T00:00:00Z,31.139999389648438,31.459999084472656,30.889999389648438,31.079999923706055,0
2024-03-04,2024-03-04T00:00:00Z,32.9900016784668,33.029998779296875,30.469999313354492,30.469999313354492,0
2024-03-05,2024-03-05T00:00:00Z,33.220001220703125,33.220001220703125,29.600000381469727,30.190000534057617,0
2024-03-06,2024-03-06T00:00:00Z,30.1200008392334,32.119998931884766,29.459999084472656,29.56999969482422,0
2024-03-07,2024-03-07T00:00:00Z,30.420000076293945,30.420000076293945,29.309999465942383,29.56999969482422,0
2024-03-08,2024-03-08T00:00:00Z,29.780000686645508,29.920000076293945,29.489999771118164,29.639999389648438,0
2024-03-11,2024-03-11T00:00:00Z,30.829999923706055,31.06999969482422,28.90999984741211,29.110000610351562,0
2024-03-12,2024-03-12T00:00:00Z,30.459999084472656,30.459999084472656,28.479999542236328,29.360000610351562,0
2024-03-13,2024-03-13T00:00:00Z,29.100000381469727,29.520000457763672,28.780000686645508,29.520000457763672,0
2024-03-14,2024-03-14T00:00:00Z,31.920000076293945,33.38999938964844,26.889999389648438,31.510000228881836,0
2024-03-15,2024-03-15T00:00:00Z,31.989999771118164,33.20000076293945,29.579999923706055,29.770000457763672,0
2024-03-18,2024-03-18T00:00:00Z,30.459999084472656,30.459999084472656,29.690000534057617,29.809999465942383,0
2024-03-19,2024-03-19T00:00:00Z,30.09000015258789,30.09000015258789,29.219999313354492,29.219999313354492,0
2024-03-20,2024-03-20T00:00:00Z,29.959999084472656,29.959999084472656,28.799999237060547,28.81999969482422,0
2024-03-21,2024-03-21T00:00:00Z,29.989999771118164,30.100000381469727,27.510000228881836,27.530000686645508,0
2024-03-22,2024-03-22T00:00:00Z,27.489999771118164,27.489999771118164,26.59000015258789,26.920000076293945,0
2024-03-25,2024-03-25T00:00:00Z,27.229999542236328,27.760000228881836,27.15999984741211,27.489999771118164,0
2024-03-26,2024-03-26T00:00:00Z,27.510000228881836,27.75,27.030000686645508,27.25,0
2024-03-27,2024-03-27T00:00:00Z,26.43000030517578,26.65999984741211,26.049999237060547,26.600000381469727,0
2024-03-28,2024-03-28T00:00:00Z,26.530000686645508,26.549999237060547,25.860000610351562,26.270000457763672,0
2024-04-01,2024-04-01T00:00:00Z,27.239999771118164,27.729999542236328,25.979999542236328,27.649999618530273,0
2024-04-02,2024-04-02T00:00:00Z,27.65999984741211,29.280000686645508,26.43000030517578,29.040000915527344,0
2024-04-03,2024-04-03T00:00:00Z,28.799999237060547,30.049999237060547,28.700000762939453,29.079999923706055,0
2024-04-04,2024-04-04T00:00:00Z,27.489999771118164,35.09000015258789,27.489999771118164,32.16999816894531,0
2024-04-05,2024-04-05T00:00:00Z,33.619998931884766,33.720001220703125,31.809999465942383,32.36000061035156,0
2024-04-08,2024-04-08T00:00:00Z,31.190000534057617,31.459999084472656,30.190000534057617,30.56999969482422,0
2024-04-09,2024-04-09T00:00:00Z,29.670000076293945,29.790000915527344,28.399999618530273,28.959999084472656,0
2024-04-10,2024-04-10T00:00:00Z,28.329999923706055,31.270000457763672,27.639999389648438,30.079999923706055,0
2024-04-11,2024-04-11T00:00:00Z,30.809999465942383,31.270000457763672,29.790000915527344,31.270000457763672,0
2024-04-12,2024-04-12T00:00:00Z,34.91999816894531,34.91999816894531,31.75,32.189998626708984,0
2024-04-15,2024-04-15T00:00:00Z,31.200000762939453,37.22999954223633,30.809999465942383,35.59000015258789,0
2024-04-16,2024-04-16T00:00:00Z,33.5099983215332,34.08000183105469,33.33000183105469,33.61000061035156,0
2024-04-17,2024-04-17T00:00:00Z,33.790000915527344,33.869998931884766,32.86000061035156,33.0,0
2024-04-18,2024-04-18T00:00:00Z,31.860000610351562,32.27000045776367,31.110000610351562,31.399999618530273,0
2024-04-19,2024-04-19T00:00:00Z,32.220001220703125,32.470001220703125,31.200000762939453,31.860000610351562,0
2024-04-22,2024-04-22T00:00:00Z,30.540000915527344,30.739999771118164,29.530000686645508,29.700000762939453,0
2024-04-23,2024-04-23T00:00:00Z,29.700000762939453,30.010000228881836,26.790000915527344,28.860000610351562,0
2024-04-24,2024-04-24T00:00:00Z,29.200000762939453,30.899999618530273,28.889999389648438,29.040000915527344,0
2024-04-25,2024-04-25T00:00:00Z,28.940000534057617,29.040000915527344,27.65999984741211,28.34000015258789,0
2024-04-26,2024-04-26T00:00:00Z,27.90999984741211,28.600000381469727,27.799999237060547,27.809999465942383,0
2024-04-29,2024-04-29T00:00:00Z,28.459999084472656,28.729999542236328,27.309999465942383,27.84000015258789,0
2024-04-30,2024-04-30T00:00:00Z,27.549999237060547,28.68000030517578,27.479999542236328,27.8700008392334,0
2024-05-01,2024-05-01T00:00:00Z,28.270000457763672,29.809999465942383,26.6200008392334,28.700000762939453,0
2024-05-02,2024-05-02T00:00:00Z,29.059999465942383,30.329999923706055,27.25,27.649999618530273,0
2024-05-03,2024-05-03T00:00:00Z,27.219999313354492,28.200000762939453,25.25,28.09000015258789,0
2024-05-06,2024-05-06T00:00:00Z,27.399999618530273,30.059999465942383,27.399999618530273,28.579999923706055,0
2024-05-07,2024-05-07T00:00:00Z,31.260000228881836,31.260000228881836,27.31999969482422,27.829999923706055,0
2024-05-08,2024-05-08T00:00:00Z,28.559999465942383,28.899999618530273,27.780000686645508,27.90999984741211,0
2024-05-09,2024-05-09T00:00:00Z,29.799999237060547,30.239999771118164,27.3799991607666,27.950000762939453,0
2024-05-10,2024-05-10T00:00:00Z,35.470001220703125,35.470001220703125,27.459999084472656,27.8799991607666,0
2024-05-13,2024-05-13T00:00:00Z,28.350000381469727,28.649999618530273,27.110000610351562,28.040000915527344,0
2024-05-14,2024-05-14T00:00:00Z,28.579999923706055,30.020000457763672,27.920000076293945,28.010000228881836,0
2024-05-15,2024-05-15T00:00:00Z,29.09000015258789,29.420000076293945,27.760000228881836,28.06999969482422,0
2024-05-16,2024-05-16T00:00:00Z,28.149999618530273,29.1299991607666,27.079999923706055,27.079999923706055,0
2024-05-17,2024-05-17T00:00:00Z,27.270000457763672,28.190000534057617,26.719999313354492,28.059999465942383,0
2024-05-20,2024-05-20T00:00:00Z,28.040000915527344,28.540000915527344,27.0,27.889999389648438,0
2024-05-21,2024-05-21T00:00:00Z,28.5,28.520000457763672,26.809999465942383,27.3799991607666,0
2024-05-22,2024-05-22T00:00:00Z,28.639999389648438,40.0099983215332,27.59000015258789,27.709999084472656,0
2024-05-23,2024-05-23T00:00:00Z,28.8700008392334,31.200000762939453,27.309999465942383,28.65999984741211,0
2024-05-24,2024-05-24T00:00:00Z,29.1299991607666,29.1299991607666,27.100000381469727,27.559999465942383,0
2024-05-28,2024-05-28T00:00:00Z,28.770000457763672,28.889999389648438,27.469999313354492,27.530000686645508,0
2024-05-29,2024-05-29T00:00:00Z,26.280000686645508,27.739999771118164,24.559999465942383,26.770000457763672,0
2024-05-30,2024-05-30T00:00:00Z,27.209999084472656,29.579999923706055,26.68000030517578,29.239999771118164,0
2024-05-31,2024-05-31T00:00:00Z,29.31999969482422,30.469999313354492,28.6299991607666,30.34000015258789,0
2024-06-03,2024-06-03T00:00:00Z,30.030000686645508,30.920000076293945,28.68000030517578,30.84000015258789,0
2024-06-04,2024-06-04T00:00:00Z,30.030000686645508,33.130001068115234,30.030000686645508,30.59000015258789,0
2024-06-05,2024-06-05T00:00:00Z,29.459999084472656,30.0,29.139999389648438,29.18000030517578,0
2024-06-06,2024-06-06T00:00:00Z,28.3799991607666,28.6200008392334,27.549999237060547,27.709999084472656,0
2024-06-07,2024-06-07T00:00:00Z,27.950000762939453,27.979999542236328,25.780000686645508,26.420000076293945,0
2024-06-10,2024-06-10T00:00:00Z,27.3799991607666,27.3799991607666,25.149999618530273,25.690000534057617,0
2024-06-11,2024-06-11T00:00:00Z,26.469999313354492,26.520000457763672,25.110000610351562,25.540000915527344,0
2024-06-12,2024-06-12T00:00:00Z,24.950000762939453,26.3799991607666,24.75,24.799999237060547,0
2024-06-13,2024-06-13T00:00:00Z,24.350000381469727,24.469999313354492,23.030000686645508,24.450000762939453,0
2024-06-14,2024-06-14T00:00:00Z,24.510000228881836,25.190000534057617,23.700000762939453,24.709999084472656,0
2024-06-17,2024-06-17T00:00:00Z,24.239999771118164,26.020000457763672,23.270000457763672,24.170000076293945,0
2024-06-18,2024-06-18T00:00:00Z,24.06999969482422,24.06999969482422,23.1299991607666,23.729999542236328,0
2024-06-20,2024-06-20T00:00:00Z,24.530000686645508,24.6299991607666,23.809999465942383,24.229999542236328,0
2024-06-21,2024-06-21T00:00:00Z,24.639999389648438,25.68000030517578,24.309999465942383,24.739999771118164,0
2024-06-24,2024-06-24T00:00:00Z,25.639999389648438,25.700000762939453,25.200000762939453,25.420000076293945,0
2024-06-25,2024-06-25T00:00:00Z,25.229999542236328,25.850000381469727,25.0,25.75,0
2024-06-26,2024-06-26T00:00:00Z,24.610000610351562,26.43000030517578,23.93000030517578,26.239999771118164,0
2024-06-27,2024-06-27T00:00:00Z,28.209999084472656,28.209999084472656,26.239999771118164,26.280000686645508,0
2024-06-28,2024-06-28T00:00:00Z,26.899999618530273,27.1200008392334,26.15999984741211,26.540000915527344,0
2024-07-01,2024-07-01T00:00:00Z,26.670000076293945,27.75,25.65999984741211,27.290000915527344,0
2024-07-02,2024-07-02T00:00:00Z,27.059999465942383,27.059999465942383,25.75,25.81999969482422,0
2024-07-03,2024-07-03T00:00:00Z,24.950000762939453,26.1299991607666,24.479999542236328,24.6200008392334,0
2024-07-05,2024-07-05T00:00:00Z,24.059999465942383,25.309999465942383,23.719999313354492,23.780000686645508,0
2024-07-08,2024-07-08T00:00:00Z,24.25,24.850000381469727,23.719999313354492,23.809999465942383,0
2024-07-09,2024-07-09T00:00:00Z,23.81999969482422,24.239999771118164,23.719999313354492,24.190000534057617,0
2024-07-10,2024-07-10T00:00:00Z,23.290000915527344,24.360000610351562,23.290000915527344,24.010000228881836,0
2024-07-11,2024-07-11T00:00:00Z,22.799999237060547,24.600000381469727,22.799999237060547,24.010000228881836,0
2024-07-12,2024-07-12T00:00:00Z,23.690000534057617,24.270000457763672,22.75,24.1200008392334,0
2024-07-15,2024-07-15T00:00:00Z,24.25,24.670000076293945,23.600000381469727,23.829999923706055,0
2024-07-16,2024-07-16T00:00:00Z,24.670000076293945,24.760000228881836,24.049999237060547,24.40999984741211,0
2024-07-17,2024-07-17T00:00:00Z,24.68000030517578,25.280000686645508,24.489999771118164,25.280000686645508,0
2024-07-18,2024-07-18T00:00:00Z,24.969999313354492,25.770000457763672,24.969999313354492,25.68000030517578,0
2024-07-19,2024-07-19T00:00:00Z,25.360000610351562,26.920000076293945,25.360000610351562,26.829999923706055,0
2024-07-22,2024-07-22T00:00:00Z,28.850000381469727,28.899999618530273,26.690000534057617,26.829999923706055,0
2024-07-23,2024-07-23T00:00:00Z,26.709999084472656,28.149999618530273,26.139999389648438,26.739999771118164,0
2024-07-24,2024-07-24T00:00:00Z,25.829999923706055,27.309999465942383,25.829999923706055,26.850000381469727,0
2024-07-25,2024-07-25T00:00:00Z,27.760000228881836,30.1200008392334,26.3700008392334,26.489999771118164,0
2024-07-26,2024-07-26T00:00:00Z,28.8700008392334,30.670000076293945,28.520000457763672,29.770000457763672,0
2024-07-29,2024-07-29T00:00:00Z,29.09000015258789,31.43000030517578,28.8799991607666,30.81999969482422,0
2024-07-30,2024-07-30T00:00:00Z,30.719999313354492,31.829999923706055,28.600000381469727,31.489999771118164,0
2024-07-31,2024-07-31T00:00:00Z,30.440000534057617,34.040000915527344,27.540000915527344,33.689998626708984,0
2024-08-01,2024-08-01T00:00:00Z,33.22999954223633,33.529998779296875,32.47999954223633,33.41999816894531,0
2024-08-02,2024-08-02T00:00:00Z,34.02000045776367,38.869998931884766,34.02000045776367,38.83000183105469,0
2024-08-05,2024-08-05T00:00:00Z,43.689998626708984,44.18000030517578,40.27000045776367,43.630001068115234,0
2024-08-06,2024-08-06T00:00:00Z,41.959999084472656,42.83000183105469,39.40999984741211,40.41999816894531,0
2024-08-07,2024-08-07T00:00:00Z,39.43000030517578,39.560001373291016,36.22999954223633,38.0099983215332,0
2024-08-08,2024-08-08T00:00:00Z,36.220001220703125,36.86000061035156,34.560001373291016,34.77000045776367,0
2024-08-09,2024-08-09T00:00:00Z,34.2599983215332,34.33000183105469,32.849998474121094,33.369998931884766,0
2024-08-12,2024-08-12T00:00:00Z,33.0,36.189998626708984,32.599998474121094,35.16999816894531,0
2024-08-13,2024-08-13T00:00:00Z,33.81999969482422,34.2599983215332,32.529998779296875,33.2599983215332,0
2024-08-14,2024-08-14T00:00:00Z,31.65999984741211,31.950000762939453,30.770000457763672,31.510000228881836,0
2024-08-15,2024-08-15T00:00:00Z,31.739999771118164,31.739999771118164,30.59000015258789,31.139999389648438,0
2024-08-16,2024-08-16T00:00:00Z,31.06999969482422,31.56999969482422,30.739999771118164,31.0,0
2024-08-19,2024-08-19T00:00:00Z,30.979999542236328,32.970001220703125,29.079999923706055,32.029998779296875,0
2024-08-20,2024-08-20T00:00:00Z,32.0,33.43000030517578,31.670000076293945,32.04999923706055,0
2024-08-21,2024-08-21T00:00:00Z,31.18000030517578,32.83000183105469,30.489999771118164,32.70000076293945,0
2024-08-22,2024-08-22T00:00:00Z,32.59000015258789,32.59000015258789,31.649999618530273,31.729999542236328,0
2024-08-23,2024-08-23T00:00:00Z,30.90999984741211,31.209999084472656,30.459999084472656,30.540000915527344,0
2024-08-26,2024-08-26T00:00:00Z,31.600000381469727,31.829999923706055,30.56999969482422,30.989999771118164,0
2024-08-27,2024-08-27T00:00:00Z,30.719999313354492,33.099998474121094,30.56999969482422,31.25,0
2024-08-28,2024-08-28T00:00:00Z,31.5,32.290000915527344,30.850000381469727,32.119998931884766,0
2024-08-29,2024-08-29T00:00:00Z,31.8700008392334,31.899999618530273,31.219999313354492,31.809999465942383,0
2024-08-30,2024-08-30T00:00:00Z,32.33000183105469,34.189998626708984,32.060001373291016,33.36000061035156,0
2024-09-03,2024-09-03T00:00:00Z,35.15999984741211,36.380001068115234,34.27000045776367,35.36000061035156,0
2024-09-04,2024-09-04T00:00:00Z,36.650001525878906,38.0,35.13999938964844,37.95000076293945,0
2024-09-05,2024-09-05T00:00:00Z,36.619998931884766,38.689998626708984,34.849998474121094,36.61000061035156,0
2024-09-06,2024-09-06T00:00:00Z,34.91999816894531,38.04999923706055,33.810001373291016,37.58000183105469,0
2024-09-09,2024-09-09T00:00:00Z,37.689998626708984,38.900001525878906,36.81999969482422,37.0,0
2024-09-10,2024-09-10T00:00:00Z,36.630001068115234,41.619998931884766,36.5099983215332,40.22999954223633,0
2024-09-11,2024-09-11T00:00:00Z,39.06999969482422,40.09000015258789,37.41999816894531,37.7599983215332,0
2024-09-12,2024-09-12T00:00:00Z,38.290000915527344,42.5099983215332,35.86000061035156,36.06999969482422,0
2024-09-13,2024-09-13T00:00:00Z,35.15999984741211,35.540000915527344,34.18000030517578,35.220001220703125,0
2024-09-16,2024-09-16T00:00:00Z,35.459999084472656,35.709999084472656,33.880001068115234,34.709999084472656,0
2024-09-17,2024-09-17T00:00:00Z,34.70000076293945,35.54999923706055,34.130001068115234,35.290000915527344,0
2024-09-18,2024-09-18T00:00:00Z,35.560001373291016,42.220001220703125,35.40999984741211,36.189998626708984,0
2024-09-19,2024-09-19T00:00:00Z,35.04999923706055,35.119998931884766,33.599998474121094,33.720001220703125,0
2024-09-20,2024-09-20T00:00:00Z,33.18000030517578,33.7599983215332,32.15999984741211,32.220001220703125,0
2024-09-23,2024-09-23T00:00:00Z,33.959999084472656,36.619998931884766,33.43000030517578,34.38999938964844,0
2024-09-24,2024-09-24T00:00:00Z,33.7599983215332,33.77000045776367,33.099998474121094,33.7599983215332,0
2024-09-25,2024-09-25T00:00:00Z,34.47999954223633,34.630001068115234,33.2599983215332,34.400001525878906,0
2024-09-26,2024-09-26T00:00:00Z,38.630001068115234,40.439998626708984,38.29999923706055,39.7599983215332,0
2024-09-27,2024-09-27T00:00:00Z,40.029998779296875,40.439998626708984,37.9900016784668,39.619998931884766,0
2024-09-30,2024-09-30T00:00:00Z,40.619998931884766,41.41999816894531,39.310001373291016,39.86000061035156,0
2024-10-01,2024-10-01T00:00:00Z,39.619998931884766,45.70000076293945,39.349998474121094,42.869998931884766,0
2024-10-02,2024-10-02T00:00:00Z,45.709999084472656,47.150001525878906,43.709999084472656,46.52000045776367,0
2024-10-03,2024-10-03T00:00:00Z,48.0,54.5,47.119998931884766,54.5,0
2024-10-04,2024-10-04T00:00:00Z,54.59000015258789,54.59000015258789,44.40999984741211,46.369998931884766,0
2024-10-07,2024-10-07T00:00:00Z,45.43000030517578,49.650001525878906,45.43000030517578,48.31999969482422,0
2024-10-08,2024-10-08T00:00:00Z,46.09000015258789,54.400001525878906,44.880001068115234,52.349998474121094,0
2024-10-09,2024-10-09T00:00:00Z,47.130001068115234,49.11000061035156,46.470001220703125,48.79999923706055,0
2024-10-10,2024-10-10T00:00:00Z,48.36000061035156,53.63999938964844,48.36000061035156,52.36000061035156,0
2024-10-11,2024-10-11T00:00:00Z,52.939998626708984,53.400001525878906,48.869998931884766,52.68000030517578,0
2024-10-14,2024-10-14T00:00:00Z,50.95000076293945,52.93000030517578,50.04999923706055,51.619998931884766,0
2024-10-15,2024-10-15T00:00:00Z,50.189998626708984,50.189998626708984,45.33000183105469,48.63999938964844,0
2024-10-16,2024-10-16T00:00:00Z,47.91999816894531,48.7599983215332,45.779998779296875,47.84000015258789,0
2024-10-17,2024-10-17T00:00:00Z,46.61000061035156,47.72999954223633,45.81999969482422,46.880001068115234,0
2024-10-18,2024-10-18T00:00:00Z,44.61000061035156,47.970001220703125,44.13999938964844,47.220001220703125,0
2024-10-21,2024-10-21T00:00:00Z,48.11000061035156,48.77000045776367,46.79999923706055,46.81999969482422,0
2024-10-22,2024-10-22T00:00:00Z,48.91999816894531,49.63999938964844,47.04999923706055,47.689998626708984,0
2024-10-23,2024-10-23T00:00:00Z,49.45000076293945,49.45000076293945,45.959999084472656,47.779998779296875,0
2024-10-24,2024-10-24T00:00:00Z,51.08000183105469,51.08000183105469,45.130001068115234,46.65999984741211,0
2024-10-25,2024-10-25T00:00:00Z,50.22999954223633,50.22999954223633,46.63999938964844,48.970001220703125,0
2024-10-28,2024-10-28T00:00:00Z,47.5099983215332,47.5099983215332,40.79999923706055,42.959999084472656,0
2024-10-29,2024-10-29T00:00:00Z,41.290000915527344,43.060001373291016,41.060001373291016,42.470001220703125,0
2024-10-30,2024-10-30T00:00:00Z,43.220001220703125,43.220001220703125,39.970001220703125,41.130001068115234,0
2024-10-31,2024-10-31T00:00:00Z,40.650001525878906,48.790000915527344,39.45000076293945,48.790000915527344,0
2024-11-01,2024-11-01T00:00:00Z,48.650001525878906,48.650001525878906,41.709999084472656,44.13999938964844,0
2024-11-04,2024-11-04T00:00:00Z,47.0099983215332,47.0099983215332,43.36000061035156,45.75,0
2024-11-05,2024-11-05T00:00:00Z,46.400001525878906,46.720001220703125,44.040000915527344,45.61000061035156,0
2024-11-06,2024-11-06T00:00:00Z,44.61000061035156,46.0,43.91999816894531,44.7400016784668,0
2024-11-07,2024-11-07T00:00:00Z,43.36000061035156,44.380001068115234,41.29999923706055,42.54999923706055,0
2024-11-08,2024-11-08T00:00:00Z,43.54999923706055,43.54999923706055,38.599998474121094,38.7599983215332,0
2024-11-11,2024-11-11T00:00:00Z,39.810001373291016,42.40999984741211,33.599998474121094,37.7400016784668,0
2024-11-12,2024-11-12T00:00:00Z,34.880001068115234,35.90999984741211,33.66999816894531,34.31999969482422,0
2024-11-13,2024-11-13T00:00:00Z,43.4900016784668,43.4900016784668,32.43000030517578,37.119998931884766,0
2024-11-14,2024-11-14T00:00:00Z,36.02000045776367,38.939998626708984,30.260000228881836,30.899999618530273,0
2024-11-15,2024-11-15T00:00:00Z,34.9900016784668,37.9900016784668,34.0,35.06999969482422,0
2024-11-18,2024-11-18T00:00:00Z,41.9900016784668,41.9900016784668,34.83000183105469,36.88999938964844,0
2024-11-19,2024-11-19T00:00:00Z,38.15999984741211,38.29999923706055,36.790000915527344,37.279998779296875,0
2024-11-20,2024-11-20T00:00:00Z,37.2400016784668,39.65999984741211,36.2400016784668,36.7400016784668,0
2024-11-21,2024-11-21T00:00:00Z,36.9900016784668,38.459999084472656,34.75,36.90999984741211,0
2024-11-22,2024-11-22T00:00:00Z,37.31999969482422,37.650001525878906,35.36000061035156,35.7400016784668,0
2024-11-25,2024-11-25T00:00:00Z,38.75,38.7599983215332,36.119998931884766,37.439998626708984,0
2024-11-26,2024-11-26T00:00:00Z,36.81999969482422,41.52000045776367,35.54999923706055,38.7400016784668,0
2024-11-27,2024-11-27T00:00:00Z,39.970001220703125,39.970001220703125,36.779998779296875,37.0,0
2024-11-29,2024-11-29T00:00:00Z,35.84000015258789,36.68000030517578,34.09000015258789,34.95000076293945,0
2024-12-02,2024-12-02T00:00:00Z,36.650001525878906,36.7599983215332,34.709999084472656,34.709999084472656,0
2024-12-03,2024-12-03T00:00:00Z,38.66999816894531,38.66999816894531,33.400001525878906,34.54999923706055,0
2024-12-04,2024-12-04T00:00:00Z,36.29999923706055,37.66999816894531,33.34000015258789,33.81999969482422,0
2024-12-05,2024-12-05T00:00:00Z,33.31999969482422,33.36000061035156,29.260000228881836,29.450000762939453,0
2024-12-06,2024-12-06T00:00:00Z,34.63999938964844,34.63999938964844,29.75,30.979999542236328,0
2024-12-09,2024-12-09T00:00:00Z,31.1200008392334,31.780000686645508,27.149999618530273,27.700000762939453,0
2024-12-10,2024-12-10T00:00:00Z,26.969999313354492,28.829999923706055,26.079999923706055,28.610000610351562,0
2024-12-11,2024-12-11T00:00:00Z,27.969999313354492,35.150001525878906,27.770000457763672,31.989999771118164,0
2024-12-12,2024-12-12T00:00:00Z,29.540000915527344,34.599998474121094,28.459999084472656,33.63999938964844,0
2024-12-13,2024-12-13T00:00:00Z,35.369998931884766,35.369998931884766,32.40999984741211,34.91999816894531,0
2024-12-16,2024-12-16T00:00:00Z,32.45000076293945,36.5099983215332,29.34000015258789,33.40999984741211,0
2024-12-17,2024-12-17T00:00:00Z,33.400001525878906,33.5,27.3799991607666,30.709999084472656,0
2024-12-18,2024-12-18T00:00:00Z,30.799999237060547,33.630001068115234,28.5,32.599998474121094,0
2024-12-19,2024-12-19T00:00:00Z,29.200000762939453,31.1200008392334,28.079999923706055,30.5,0
2024-12-20,2024-12-20T00:00:00Z,30.5,30.5,28.600000381469727,29.270000457763672,0
2024-12-23,2024-12-23T00:00:00Z,33.099998474121094,33.099998474121094,28.65999984741211,30.15999984741211,0
2024-12-24,2024-12-24T00:00:00Z,30.850000381469727,30.850000381469727,29.729999542236328,30.350000381469727,0
2024-12-26,2024-12-26T00:00:00Z,31.280000686645508,31.790000915527344,27.31999969482422,30.010000228881836,0
2024-12-27,2024-12-27T00:00:00Z,30.479999542236328,34.06999969482422,27.40999984741211,30.209999084472656,0
2024-12-30,2024-12-30T00:00:00Z,30.290000915527344,32.18000030517578,29.649999618530273,30.770000457763672,0
2024-12-31,2024-12-31T00:00:00Z,30.690000534057617,31.020000457763672,29.0,30.020000457763672,0
2025-01-02,2025-01-02T00:00:00Z,31.579999923706055,32.13999938964844,27.950000762939453,29.540000915527344,0
2025-01-03,2025-01-03T00:00:00Z,28.479999542236328,30.93000030517578,27.280000686645508,29.979999542236328,0
2025-01-06,2025-01-06T00:00:00Z,30.190000534057617,30.190000534057617,27.68000030517578,29.309999465942383,0
2025-01-07,2025-01-07T00:00:00Z,29.219999313354492,31.170000076293945,28.290000915527344,31.09000015258789,0
2025-01-08,2025-01-08T00:00:00Z,31.610000610351562,33.33000183105469,30.360000610351562,31.559999465942383,0
2025-01-10,2025-01-10T00:00:00Z,28.790000915527344,35.279998779296875,28.790000915527344,33.90999984741211,0
2025-01-13,2025-01-13T00:00:00Z,34.599998474121094,36.84000015258789,32.400001525878906,33.97999954223633,0
2025-01-14,2025-01-14T00:00:00Z,34.68000030517578,35.150001525878906,32.220001220703125,33.5099983215332,0
2025-01-15,2025-01-15T00:00:00Z,35.47999954223633,35.47999954223633,32.4900016784668,32.93000030517578,0
2025-01-16,2025-01-16T00:00:00Z,33.20000076293945,34.5,32.099998474121094,33.130001068115234,0
2025-01-17,2025-01-17T00:00:00Z,34.47999954223633,34.77000045776367,32.79999923706055,33.52000045776367,0
2025-01-21,2025-01-21T00:00:00Z,31.770000457763672,35.099998474121094,27.530000686645508,35.099998474121094,0
2025-01-22,2025-01-22T00:00:00Z,32.41999816894531,34.790000915527344,31.649999618530273,34.68000030517578,0
2025-01-23,2025-01-23T00:00:00Z,36.04999923706055,41.58000183105469,29.899999618530273,34.18000030517578,0
2025-01-24,2025-01-24T00:00:00Z,30.850000381469727,31.170000076293945,29.049999237060547,29.979999542236328,0
2025-01-27,2025-01-27T00:00:00Z,42.040000915527344,42.040000915527344,30.3700008392334,35.97999954223633,0
2025-01-28,2025-01-28T00:00:00Z,32.779998779296875,32.790000915527344,30.760000228881836,31.950000762939453,0
2025-01-29,2025-01-29T00:00:00Z,31.940000534057617,37.97999954223633,30.040000915527344,33.02000045776367,0
2025-01-30,2025-01-30T00:00:00Z,32.20000076293945,32.33000183105469,31.0,31.049999237060547,0
2025-01-31,2025-01-31T00:00:00Z,32.27000045776367,34.09000015258789,28.459999084472656,29.959999084472656,0
2025-02-03,2025-02-03T00:00:00Z,33.61000061035156,35.29999923706055,30.639999389648438,35.29999923706055,0
2025-02-04,2025-02-04T00:00:00Z,34.560001373291016,34.560001373291016,29.6200008392334,33.619998931884766,0
2025-02-05,2025-02-05T00:00:00Z,33.150001525878906,37.220001220703125,31.770000457763672,34.25,0
2025-02-06,2025-02-06T00:00:00Z,33.599998474121094,40.75,30.34000015258789,36.25,0
2025-02-07,2025-02-07T00:00:00Z,30.389999389648438,30.549999237060547,28.3700008392334,29.65999984741211,0
2025-02-10,2025-02-10T00:00:00Z,29.440000534057617,32.380001068115234,28.520000457763672,32.09000015258789,0
2025-02-11,2025-02-11T00:00:00Z,32.189998626708984,32.189998626708984,27.229999542236328,29.760000228881836,0
2025-02-12,2025-02-12T00:00:00Z,30.579999923706055,32.439998626708984,25.81999969482422,31.790000915527344,0
2025-02-13,2025-02-13T00:00:00Z,30.889999389648438,31.59000015258789,29.68000030517578,31.469999313354492,0
2025-02-14,2025-02-14T00:00:00Z,29.149999618530273,29.579999923706055,26.6299991607666,28.459999084472656,0
2025-02-18,2025-02-18T00:00:00Z,30.43000030517578,30.530000686645508,26.299999237060547,27.469999313354492,0
2025-02-19,2025-02-19T00:00:00Z,29.25,29.25,26.639999389648438,28.360000610351562,0
2025-02-20,2025-02-20T00:00:00Z,32.61000061035156,32.61000061035156,27.15999984741211,29.299999237060547,0
2025-02-21,2025-02-21T00:00:00Z,30.479999542236328,36.130001068115234,27.940000534057617,35.790000915527344,0
2025-02-24,2025-02-24T00:00:00Z,32.33000183105469,32.33000183105469,27.889999389648438,31.299999237060547,0
2025-02-25,2025-02-25T00:00:00Z,34.650001525878906,38.040000915527344,32.75,32.77000045776367,0
2025-02-26,2025-02-26T00:00:00Z,32.7599983215332,33.619998931884766,31.510000228881836,33.36000061035156,0
2025-02-27,2025-02-27T00:00:00Z,30.520000457763672,33.77000045776367,28.729999542236328,31.719999313354492,0
2025-02-28,2025-02-28T00:00:00Z,36.81999969482422,36.81999969482422,28.299999237060547,29.969999313354492,0
2025-03-03,2025-03-03T00:00:00Z,35.04999923706055,42.56999969482422,30.579999923706055,38.52000045776367,0
2025-03-04,2025-03-04T00:00:00Z,33.88999938964844,38.68000030517578,31.020000457763672,37.52000045776367,0
2025-03-05,2025-03-05T00:00:00Z,35.70000076293945,46.119998931884766,30.950000762939453,35.040000915527344,0
2025-03-06,2025-03-06T00:00:00Z,33.47999954223633,37.970001220703125,31.15999984741211,37.13999938964844,0
2025-03-07,2025-03-07T00:00:00Z,33.0,33.150001525878906,28.979999542236328,29.75,0
2025-03-10,2025-03-10T00:00:00Z,34.029998779296875,35.29999923706055,31.719999313354492,34.81999969482422,0
2025-03-11,2025-03-11T00:00:00Z,33.91999816894531,34.45000076293945,31.209999084472656,31.829999923706055,0
2025-03-12,2025-03-12T00:00:00Z,33.470001220703125,35.439998626708984,30.260000228881836,31.09000015258789,0
2025-03-13,2025-03-13T00:00:00Z,34.290000915527344,34.290000915527344,30.739999771118164,32.79999923706055,0
2025-03-14,2025-03-14T00:00:00Z,33.15999984741211,35.560001373291016,31.149999618530273,33.52000045776367,0
2025-03-17,2025-03-17T00:00:00Z,30.40999984741211,32.58000183105469,29.170000076293945,30.899999618530273,0
2025-03-18,2025-03-18T00:00:00Z,35.31999969482422,36.2599983215332,32.349998474121094,36.119998931884766,0
2025-03-19,2025-03-19T00:00:00Z,33.75,36.83000183105469,29.850000381469727,33.869998931884766,0
2025-03-20,2025-03-20T00:00:00Z,34.529998779296875,34.529998779296875,29.030000686645508,29.719999313354492,0
2025-03-21,2025-03-21T00:00:00Z,33.72999954223633,33.72999954223633,28.270000457763672,28.43000030517578,0
2025-03-24,2025-03-24T00:00:00Z,30.989999771118164,30.989999771118164,26.479999542236328,29.670000076293945,0
2025-03-25,2025-03-25T00:00:00Z,32.380001068115234,32.380001068115234,27.239999771118164,28.270000457763672,0
2025-03-26,2025-03-26T00:00:00Z,27.790000915527344,28.84000015258789,27.360000610351562,28.84000015258789,0
2025-03-27,2025-03-27T00:00:00Z,28.469999313354492,28.75,27.889999389648438,28.489999771118164,0
2025-03-28,2025-03-28T00:00:00Z,28.540000915527344,28.950000762939453,26.81999969482422,28.700000762939453,0
2025-03-31,2025-03-31T00:00:00Z,31.299999237060547,31.790000915527344,30.56999969482422,30.8799991607666,0
2025-04-01,2025-04-01T00:00:00Z,29.540000915527344,33.970001220703125,29.15999984741211,30.56999969482422,0
2025-04-02,2025-04-02T00:00:00Z,30.149999618530273,38.040000915527344,29.299999237060547,29.979999542236328,0
2025-04-03,2025-04-03T00:00:00Z,33.209999084472656,44.34000015258789,31.8700008392334,35.45000076293945,0
2025-04-04,2025-04-04T00:00:00Z,39.13999938964844,49.470001220703125,39.13999938964844,44.720001220703125,0
2025-04-07,2025-04-07T00:00:00Z,48.369998931884766,54.90999984741211,47.83000183105469,52.810001373291016,0
2025-04-08,2025-04-08T00:00:00Z,47.7599983215332,56.619998931884766,41.779998779296875,55.2599983215332,0
2025-04-09,2025-04-09T00:00:00Z,59.45000076293945,63.43000030517578,38.88999938964844,42.900001525878906,0
2025-04-10,2025-04-10T00:00:00Z,46.36000061035156,53.90999984741211,46.189998626708984,49.0,0
2025-04-11,2025-04-11T00:00:00Z,52.709999084472656,53.9900016784668,48.54999923706055,50.880001068115234,0
2025-04-14,2025-04-14T00:00:00Z,47.40999984741211,49.09000015258789,44.7599983215332,47.7599983215332,0
2025-04-15,2025-04-15T00:00:00Z,40.880001068115234,43.310001373291016,40.880001068115234,42.310001373291016,0
2025-04-16,2025-04-16T00:00:00Z,42.75,47.5099983215332,42.060001373291016,43.560001373291016,0
2025-04-17,2025-04-17T00:00:00Z,42.7400016784668,42.7400016784668,40.599998474121094,41.27000045776367,0
2025-04-21,2025-04-21T00:00:00Z,41.20000076293945,42.31999969482422,41.0,41.209999084472656,0
2025-04-22,2025-04-22T00:00:00Z,44.93000030517578,45.970001220703125,42.20000076293945,43.150001525878906,0
2025-04-23,2025-04-23T00:00:00Z,43.63999938964844,46.56999969482422,41.08000183105469,43.560001373291016,0
2025-04-24,2025-04-24T00:00:00Z,44.11000061035156,45.88999938964844,43.220001220703125,44.369998931884766,0
2025-04-25,2025-04-25T00:00:00Z,44.68000030517578,44.81999969482422,42.09000015258789,43.529998779296875,0
2025-04-28,2025-04-28T00:00:00Z,44.029998779296875,44.29999923706055,43.349998474121094,43.54999923706055,0
2025-04-29,2025-04-29T00:00:00Z,46.63999938964844,48.459999084472656,46.040000915527344,48.40999984741211,0
2025-04-30,2025-04-30T00:00:00Z,51.0,56.40999984741211,49.290000915527344,54.459999084472656,0
2025-05-01,2025-05-01T00:00:00Z,54.29999923706055,54.439998626708984,49.0099983215332,51.959999084472656,0
2025-05-02,2025-05-02T00:00:00Z,51.5099983215332,54.779998779296875,50.2599983215332,50.59000015258789,0
2025-05-05,2025-05-05T00:00:00Z,45.08000183105469,46.15999984741211,41.83000183105469,42.58000183105469,0
2025-05-06,2025-05-06T00:00:00Z,40.22999954223633,42.150001525878906,39.810001373291016,42.13999938964844,0
2025-05-07,2025-05-07T00:00:00Z,41.11000061035156,42.68000030517578,39.5099983215332,42.65999984741211,0
2025-05-08,2025-05-08T00:00:00Z,41.220001220703125,41.34000015258789,39.93000030517578,40.599998474121094,0
2025-05-09,2025-05-09T00:00:00Z,40.93000030517578,40.93000030517578,39.029998779296875,39.81999969482422,0
2025-05-12,2025-05-12T00:00:00Z,36.33000183105469,37.720001220703125,35.77000045776367,37.5,0
2025-05-13,2025-05-13T00:00:00Z,35.869998931884766,38.90999984741211,34.84000015258789,36.709999084472656,0
2025-05-14,2025-05-14T00:00:00Z,36.86000061035156,38.72999954223633,36.630001068115234,36.720001220703125,0
2025-05-15,2025-05-15T00:00:00Z,39.540000915527344,40.36000061035156,37.369998931884766,37.400001525878906,0
2025-05-16,2025-05-16T00:00:00Z,37.84000015258789,39.70000076293945,35.349998474121094,37.880001068115234,0
2025-05-19,2025-05-19T00:00:00Z,39.83000183105469,39.95000076293945,36.70000076293945,38.0,0
2025-05-20,2025-05-20T00:00:00Z,37.70000076293945,37.88999938964844,34.5,34.619998931884766,0
2025-05-21,2025-05-21T00:00:00Z,37.209999084472656,39.65999984741211,35.849998474121094,39.119998931884766,0
2025-05-22,2025-05-22T00:00:00Z,41.189998626708984,42.029998779296875,40.720001220703125,41.439998626708984,0
2025-05-23,2025-05-23T00:00:00Z,43.5,43.83000183105469,42.099998474121094,43.130001068115234,0
2025-05-27,2025-05-27T00:00:00Z,43.470001220703125,43.54999923706055,41.15999984741211,41.939998626708984,0
2025-05-28,2025-05-28T00:00:00Z,44.189998626708984,44.189998626708984,39.27000045776367,40.41999816894531,0
2025-05-29,2025-05-29T00:00:00Z,40.849998474121094,40.849998474121094,39.040000915527344,40.2599983215332,0
2025-05-30,2025-05-30T00:00:00Z,40.369998931884766,41.939998626708984,39.72999954223633,40.709999084472656,0
2025-06-02,2025-06-02T00:00:00Z,39.380001068115234,40.880001068115234,38.0099983215332,38.70000076293945,0
2025-06-03,2025-06-03T00:00:00Z,38.95000076293945,43.189998626708984,37.08000183105469,37.75,0
2025-06-04,2025-06-04T00:00:00Z,38.40999984741211,40.97999954223633,36.2599983215332,37.70000076293945,0
2025-06-05,2025-06-05T00:00:00Z,37.060001373291016,37.11000061035156,34.7400016784668,34.88999938964844,0
2025-06-06,2025-06-06T00:00:00Z,35.61000061035156,36.0099983215332,33.47999954223633,35.720001220703125,0
2025-06-09,2025-06-09T00:00:00Z,34.45000076293945,34.58000183105469,32.630001068115234,34.41999816894531,0
2025-06-10,2025-06-10T00:00:00Z,34.18000030517578,36.0,32.709999084472656,35.04999923706055,0
2025-06-11,2025-06-11T00:00:00Z,34.779998779296875,43.880001068115234,34.68000030517578,43.2400016784668,0
2025-06-12,2025-06-12T00:00:00Z,44.459999084472656,46.43000030517578,42.58000183105469,45.369998931884766,0
2025-06-13,2025-06-13T00:00:00Z,55.400001525878906,60.209999084472656,50.130001068115234,57.22999954223633,0
2025-06-16,2025-06-16T00:00:00Z,53.66999816894531,58.02000045776367,50.630001068115234,56.599998474121094,0
2025-06-17,2025-06-17T00:00:00Z,61.5,74.0,60.810001373291016,71.55999755859375,0
2025-06-18,2025-06-18T00:00:00Z,74.41000366210938,74.41000366210938,64.19000244140625,66.86000061035156,0
2025-06-20,2025-06-20T00:00:00Z,65.4800033569336,66.81999969482422,63.58000183105469,64.66999816894531,0
2025-06-23,2025-06-23T00:00:00Z,62.0,62.790000915527344,51.650001525878906,53.650001525878906,0
2025-06-24,2025-06-24T00:00:00Z,48.150001525878906,49.709999084472656,44.779998779296875,48.79999923706055,0
2025-06-25,2025-06-25T00:00:00Z,46.20000076293945,46.20000076293945,42.41999816894531,42.75,0
2025-06-26,2025-06-26T00:00:00Z,43.220001220703125,43.599998474121094,41.59000015258789,41.86000061035156,0
2025-06-27,2025-06-27T00:00:00Z,41.38999938964844,46.630001068115234,40.81999969482422,41.22999954223633,0
2025-06-30,2025-06-30T00:00:00Z,42.9900016784668,42.9900016784668,38.66999816894531,38.88999938964844,0
2025-07-01,2025-07-01T00:00:00Z,43.66999816894531,44.54999923706055,37.970001220703125,38.0,0
2025-07-02,2025-07-02T00:00:00Z,41.5099983215332,43.91999816894531,37.0099983215332,40.2400016784668,0
2025-07-03,2025-07-03T00:00:00Z,39.52000045776367,40.81999969482422,37.72999954223633,37.75,0
2025-07-07,2025-07-07T00:00:00Z,38.31999969482422,41.720001220703125,36.63999938964844,41.22999954223633,0
2025-07-08,2025-07-08T00:00:00Z,36.880001068115234,38.939998626708984,35.459999084472656,35.709999084472656,0
2025-07-09,2025-07-09T00:00:00Z,35.20000076293945,38.060001373291016,33.7400016784668,34.16999816894531,0
2025-07-10,2025-07-10T00:00:00Z,33.650001525878906,35.4900016784668,32.029998779296875,32.79999923706055,0
2025-07-11,2025-07-11T00:00:00Z,34.959999084472656,38.29999923706055,33.95000076293945,37.060001373291016,0
2025-07-14,2025-07-14T00:00:00Z,37.29999923706055,38.04999923706055,33.38999938964844,33.529998779296875,0
2025-07-15,2025-07-15T00:00:00Z,37.45000076293945,37.56999969482422,33.02000045776367,34.380001068115234,0
2025-07-16,2025-07-16T00:00:00Z,34.810001373291016,42.65999984741211,33.130001068115234,33.15999984741211,0
2025-07-17,2025-07-17T00:00:00Z,34.41999816894531,34.90999984741211,32.7400016784668,32.84000015258789,0
2025-07-18,2025-07-18T00:00:00Z,32.65999984741211,33.290000915527344,32.13999938964844,32.16999816894531,0
2025-07-21,2025-07-21T00:00:00Z,31.360000610351562,32.65999984741211,30.219999313354492,31.3799991607666,0
2025-07-22,2025-07-22T00:00:00Z,34.310001373291016,34.310001373291016,32.189998626708984,32.2599983215332,0
2025-07-23,2025-07-23T00:00:00Z,34.15999984741211,36.02000045776367,31.850000381469727,32.38999938964844,0
2025-07-24,2025-07-24T00:00:00Z,33.5,33.5,31.219999313354492,32.369998931884766,0
2025-07-25,2025-07-25T00:00:00Z,33.29999923706055,33.43000030517578,31.790000915527344,32.880001068115234,0
2025-07-28,2025-07-28T00:00:00Z,34.79999923706055,35.709999084472656,34.540000915527344,35.369998931884766,0
2025-07-29,2025-07-29T00:00:00Z,36.06999969482422,38.08000183105469,34.790000915527344,38.040000915527344,0
2025-07-30,2025-07-30T00:00:00Z,38.720001220703125,39.290000915527344,32.38999938964844,37.75,0
2025-07-31,2025-07-31T00:00:00Z,36.22999954223633,37.630001068115234,36.22999954223633,36.779998779296875,0
2025-08-01,2025-08-01T00:00:00Z,37.5099983215332,40.779998779296875,37.22999954223633,39.369998931884766,0
2025-08-04,2025-08-04T00:00:00Z,39.97999954223633,40.279998779296875,38.72999954223633,38.790000915527344,0
2025-08-05,2025-08-05T00:00:00Z,38.43000030517578,43.619998931884766,35.27000045776367,35.29999923706055,0
2025-08-06,2025-08-06T00:00:00Z,36.22999954223633,36.959999084472656,33.880001068115234,36.66999816894531,0
2025-08-07,2025-08-07T00:00:00Z,36.2400016784668,37.08000183105469,33.529998779296875,35.0099983215332,0
2025-08-08,2025-08-08T00:00:00Z,34.720001220703125,37.130001068115234,32.099998474121094,34.060001373291016,0
2025-08-11,2025-08-11T00:00:00Z,32.66999816894531,33.119998931884766,28.280000686645508,31.399999618530273,0
2025-08-12,2025-08-12T00:00:00Z,32.33000183105469,32.959999084472656,30.06999969482422,30.309999465942383,0
2025-08-13,2025-08-13T00:00:00Z,30.75,33.849998474121094,23.59000015258789,33.81999969482422,0
2025-08-14,2025-08-14T00:00:00Z,33.93000030517578,37.290000915527344,33.279998779296875,35.959999084472656,0
2025-08-15,2025-08-15T00:00:00Z,36.7400016784668,37.4900016784668,34.29999923706055,37.220001220703125,0
2025-08-18,2025-08-18T00:00:00Z,34.869998931884766,34.97999954223633,31.360000610351562,32.150001525878906,0
2025-08-19,2025-08-19T00:00:00Z,33.08000183105469,34.650001525878906,31.559999465942383,33.040000915527344,0
2025-08-20,2025-08-20T00:00:00Z,33.209999084472656,33.93000030517578,32.25,32.5099983215332,0
2025-08-21,2025-08-21T00:00:00Z,32.65999984741211,32.709999084472656,30.65999984741211,31.540000915527344,0
2025-08-22,2025-08-22T00:00:00Z,31.420000076293945,31.8799991607666,29.690000534057617,30.350000381469727,0
2025-08-25,2025-08-25T00:00:00Z,32.15999984741211,32.529998779296875,31.100000381469727,31.239999771118164,0
2025-08-26,2025-08-26T00:00:00Z,34.0099983215332,34.0099983215332,30.940000534057617,33.72999954223633,0
2025-08-27,2025-08-27T00:00:00Z,33.720001220703125,33.720001220703125,31.649999618530273,31.940000534057617,0
2025-08-28,2025-08-28T00:00:00Z,32.79999923706055,34.9900016784668,31.989999771118164,33.97999954223633,0
2025-08-29,2025-08-29T00:00:00Z,32.79999923706055,33.470001220703125,32.13999938964844,32.630001068115234,0
2025-09-02,2025-09-02T00:00:00Z,34.810001373291016,35.91999816894531,33.16999816894531,34.279998779296875,0
2025-09-03,2025-09-03T00:00:00Z,34.369998931884766,38.959999084472656,33.540000915527344,35.220001220703125,0
2025-09-04,2025-09-04T00:00:00Z,35.93000030517578,37.81999969482422,33.61000061035156,35.029998779296875,0
2025-09-05,2025-09-05T00:00:00Z,33.560001373291016,36.439998626708984,32.40999984741211,33.33000183105469,0
2025-09-08,2025-09-08T00:00:00Z,34.0099983215332,35.08000183105469,32.5,35.029998779296875,0
2025-09-09,2025-09-09T00:00:00Z,33.880001068115234,36.97999954223633,32.15999984741211,33.439998626708984,0
2025-09-10,2025-09-10T00:00:00Z,34.06999969482422,34.529998779296875,31.75,33.349998474121094,0
2025-09-11,2025-09-11T00:00:00Z,33.77000045776367,34.33000183105469,31.09000015258789,33.959999084472656,0
2025-09-12,2025-09-12T00:00:00Z,32.400001525878906,32.720001220703125,30.520000457763672,31.770000457763672,0
2025-09-15,2025-09-15T00:00:00Z,31.200000762939453,32.380001068115234,30.790000915527344,30.979999542236328,0
2025-09-16,2025-09-16T00:00:00Z,31.100000381469727,33.189998626708984,30.6200008392334,33.16999816894531,0
2025-09-17,2025-09-17T00:00:00Z,32.93000030517578,38.2599983215332,30.059999465942383,31.049999237060547,0
2025-09-18,2025-09-18T00:00:00Z,31.8700008392334,32.22999954223633,31.149999618530273,31.8799991607666,0
2025-09-19,2025-09-19T00:00:00Z,31.59000015258789,31.610000610351562,30.079999923706055,30.530000686645508,0
2025-09-22,2025-09-22T00:00:00Z,32.59000015258789,32.59000015258789,30.479999542236328,30.8799991607666,0
2025-09-23,2025-09-23T00:00:00Z,31.649999618530273,32.790000915527344,31.520000457763672,32.58000183105469,0
2025-09-24,2025-09-24T00:00:00Z,33.130001068115234,34.83000183105469,32.119998931884766,34.08000183105469,0
2025-09-25,2025-09-25T00:00:00Z,34.720001220703125,36.93000030517578,33.0099983215332,36.849998474121094,0
2025-09-26,2025-09-26T00:00:00Z,35.810001373291016,38.5,35.63999938964844,35.849998474121094,0
2025-09-29,2025-09-29T00:00:00Z,35.86000061035156,36.540000915527344,35.09000015258789,35.540000915527344,0
2025-09-30,2025-09-30T00:00:00Z,36.27000045776367,36.79999923706055,34.16999816894531,35.58000183105469,0
2025-10-01,2025-10-01T00:00:00Z,36.95000076293945,37.63999938964844,35.310001373291016,36.38999938964844,0
2025-10-02,2025-10-02T00:00:00Z,36.150001525878906,37.939998626708984,35.47999954223633,37.619998931884766,0
2025-10-03,2025-10-03T00:00:00Z,37.720001220703125,38.09000015258789,36.0099983215332,36.5,0
2025-10-06,2025-10-06T00:00:00Z,38.45000076293945,39.310001373291016,32.189998626708984,32.439998626708984,0
2025-10-07,2025-10-07T00:00:00Z,33.79999923706055,33.880001068115234,31.520000457763672,31.81999969482422,0
2025-10-08,2025-10-08T00:00:00Z,31.329999923706055,32.619998931884766,29.600000381469727,31.530000686645508,0
2025-10-09,2025-10-09T00:00:00Z,31.440000534057617,32.70000076293945,30.079999923706055,32.47999954223633,0
2025-10-10,2025-10-10T00:00:00Z,33.529998779296875,37.970001220703125,32.900001525878906,37.72999954223633,0
2025-10-13,2025-10-13T00:00:00Z,35.849998474121094,36.83000183105469,35.02000045776367,35.91999816894531,0
2025-10-14,2025-10-14T00:00:00Z,37.310001373291016,40.02000045776367,37.130001068115234,37.900001525878906,0
2025-10-15,2025-10-15T00:00:00Z,31.280000686645508,45.400001525878906,31.270000457763672,36.619998931884766,0
2025-10-16,2025-10-16T00:00:00Z,36.75,39.08000183105469,35.970001220703125,38.2599983215332,0
2025-10-17,2025-10-17T00:00:00Z,37.61000061035156,38.72999954223633,37.0099983215332,37.2400016784668,0
2025-10-20,2025-10-20T00:00:00Z,38.97999954223633,38.97999954223633,36.65999984741211,36.77000045776367,0
2025-10-21,2025-10-21T00:00:00Z,36.86000061035156,37.70000076293945,35.720001220703125,35.869998931884766,0
2025-10-22,2025-10-22T00:00:00Z,36.209999084472656,39.04999923706055,35.95000076293945,38.09000015258789,0
2025-10-23,2025-10-23T00:00:00Z,41.04999923706055,41.59000015258789,38.5099983215332,40.459999084472656,0
2025-10-24,2025-10-24T00:00:00Z,39.2400016784668,49.90999984741211,38.560001373291016,38.70000076293945,0
2025-10-27,2025-10-27T00:00:00Z,43.06999969482422,43.06999969482422,38.189998626708984,38.959999084472656,0
2025-10-28,2025-10-28T00:00:00Z,36.970001220703125,37.95000076293945,36.95000076293945,37.18000030517578,0
2025-10-29,2025-10-29T00:00:00Z,36.90999984741211,49.04999923706055,36.459999084472656,37.13999938964844,0
2025-10-30,2025-10-30T00:00:00Z,35.52000045776367,36.060001373291016,34.65999984741211,34.7400016784668,0
2025-10-31,2025-10-31T00:00:00Z,35.939998626708984,37.4900016784668,34.97999954223633,36.20000076293945,0
2025-11-03,2025-11-03T00:00:00Z,35.5099983215332,35.599998474121094,34.15999984741211,34.310001373291016,0
2025-11-04,2025-11-04T00:00:00Z,34.06999969482422,34.83000183105469,33.880001068115234,34.27000045776367,0
2025-11-05,2025-11-05T00:00:00Z,34.02000045776367,37.380001068115234,33.36000061035156,33.689998626708984,0
2025-11-06,2025-11-06T00:00:00Z,33.63999938964844,35.060001373291016,33.560001373291016,33.7599983215332,0
2025-11-07,2025-11-07T00:00:00Z,33.650001525878906,34.060001373291016,33.279998779296875,33.33000183105469,0
2025-11-10,2025-11-10T00:00:00Z,33.84000015258789,33.869998931884766,32.119998931884766,32.119998931884766,0
2025-11-11,2025-11-11T00:00:00Z,31.219999313354492,33.349998474121094,31.170000076293945,32.02000045776367,0
2025-11-12,2025-11-12T00:00:00Z,31.899999618530273,33.63999938964844,31.639999389648438,33.0,0
2025-11-13,2025-11-13T00:00:00Z,32.400001525878906,33.59000015258789,31.3799991607666,32.630001068115234,0
2025-11-14,2025-11-14T00:00:00Z,33.060001373291016,33.810001373291016,32.58000183105469,33.119998931884766,0
2025-11-17,2025-11-17T00:00:00Z,33.97999954223633,33.97999954223633,32.099998474121094,32.380001068115234,0
2025-11-18,2025-11-18T00:00:00Z,36.849998474121094,39.369998931884766,32.25,33.33000183105469,0
2025-11-19,2025-11-19T00:00:00Z,33.88999938964844,35.560001373291016,33.869998931884766,34.119998931884766,0
2025-11-20,2025-11-20T00:00:00Z,33.33000183105469,36.66999816894531,33.33000183105469,36.380001068115234,0
2025-11-21,2025-11-21T00:00:00Z,36.91999816894531,38.72999954223633,35.84000015258789,35.970001220703125,0
2025-11-24,2025-11-24T00:00:00Z,37.04999923706055,37.04999923706055,35.779998779296875,36.29999923706055,0
2025-11-25,2025-11-25T00:00:00Z,38.119998931884766,39.29999923706055,37.15999984741211,37.56999969482422,0
2025-11-26,2025-11-26T00:00:00Z,37.150001525878906,37.689998626708984,35.099998474121094,35.70000076293945,0
2025-11-28,2025-11-28T00:00:00Z,35.63999938964844,36.0,34.7400016784668,35.95000076293945,0
2025-12-01,2025-12-01T00:00:00Z,36.33000183105469,36.41999816894531,34.900001525878906,35.81999969482422,0
2025-12-02,2025-12-02T00:00:00Z,35.599998474121094,37.25,34.9900016784668,35.88999938964844,0
2025-12-03,2025-12-03T00:00:00Z,34.61000061035156,34.61000061035156,33.59000015258789,33.720001220703125,0
2025-12-04,2025-12-04T00:00:00Z,33.290000915527344,33.439998626708984,31.799999237060547,33.29999923706055,0
2025-12-05,2025-12-05T00:00:00Z,32.91999816894531,33.279998779296875,32.040000915527344,32.060001373291016,0
2025-12-08,2025-12-08T00:00:00Z,32.86000061035156,33.22999954223633,32.540000915527344,33.029998779296875,0
2025-12-09,2025-12-09T00:00:00Z,31.709999084472656,36.18000030517578,30.780000686645508,30.81999969482422,0
2025-12-10,2025-12-10T00:00:00Z,31.81999969482422,34.16999816894531,30.739999771118164,30.780000686645508,0
2025-12-11,2025-12-11T00:00:00Z,31.610000610351562,32.779998779296875,31.309999465942383,31.8799991607666,0
2025-12-12,2025-12-12T00:00:00Z,30.399999618530273,31.8799991607666,29.8700008392334,29.93000030517578,0
2025-12-15,2025-12-15T00:00:00Z,29.270000457763672,32.95000076293945,29.270000457763672,32.849998474121094,0
2025-12-16,2025-12-16T00:00:00Z,34.40999984741211,36.25,34.310001373291016,36.22999954223633,0
2025-12-17,2025-12-17T00:00:00Z,35.849998474121094,37.18000030517578,33.61000061035156,36.7400016784668,0
2025-12-18,2025-12-18T00:00:00Z,35.15999984741211,35.18000030517578,33.31999969482422,33.599998474121094,0
2025-12-19,2025-12-19T00:00:00Z,33.0099983215332,33.7400016784668,32.25,33.619998931884766,0
2025-12-22,2025-12-22T00:00:00Z,33.43000030517578,33.88999938964844,31.950000762939453,33.029998779296875,0
2025-12-23,2025-12-23T00:00:00Z,32.72999954223633,34.189998626708984,32.27000045776367,33.02000045776367,0
2025-12-24,2025-12-24T00:00:00Z,32.34000015258789,32.36000061035156,31.65999984741211,31.709999084472656,0
2025-12-26,2025-12-26T00:00:00Z,32.61000061035156,33.029998779296875,32.18000030517578,32.220001220703125,0
2025-12-29,2025-12-29T00:00:00Z,33.04999923706055,33.119998931884766,32.06999969482422,32.15999984741211,0
2025-12-30,2025-12-30T00:00:00Z,31.420000076293945,31.489999771118164,30.540000915527344,30.760000228881836,0
2025-12-31,2025-12-31T00:00:00Z,30.770000457763672,30.920000076293945,30.079999923706055,30.170000076293945,0
2026-01-02,2026-01-02T00:00:00Z,30.860000610351562,30.860000610351562,28.399999618530273,28.399999618530273,0
2026-01-05,2026-01-05T00:00:00Z,29.950000762939453,30.020000457763672,29.350000381469727,29.40999984741211,0
2026-01-06,2026-01-06T00:00:00Z,29.020000457763672,30.450000762939453,28.93000030517578,30.059999465942383,0
2026-01-07,2026-01-07T00:00:00Z,32.22999954223633,33.7400016784668,31.93000030517578,32.97999954223633,0
2026-01-08,2026-01-08T00:00:00Z,37.650001525878906,37.720001220703125,32.939998626708984,35.79999923706055,0
2026-01-09,2026-01-09T00:00:00Z,35.56999969482422,36.939998626708984,35.0099983215332,36.79999923706055,0
2026-01-12,2026-01-12T00:00:00Z,34.529998779296875,39.15999984741211,34.18000030517578,38.849998474121094,0
2026-01-13,2026-01-13T00:00:00Z,39.33000183105469,42.560001373291016,39.13999938964844,40.43000030517578,0
2026-01-14,2026-01-14T00:00:00Z,45.5,55.45000076293945,40.790000915527344,44.189998626708984,0
2026-01-15,2026-01-15T00:00:00Z,43.16999816894531,44.95000076293945,41.779998779296875,42.060001373291016,0
2026-01-16,2026-01-16T00:00:00Z,43.22999954223633,43.79999923706055,42.43000030517578,43.189998626708984,0
2026-01-20,2026-01-20T00:00:00Z,45.31999969482422,45.7599983215332,42.529998779296875,42.779998779296875,0
2026-01-21,2026-01-21T00:00:00Z,43.95000076293945,45.959999084472656,42.880001068115234,45.45000076293945,0
2026-01-22,2026-01-22T00:00:00Z,43.439998626708984,44.70000076293945,42.66999816894531,44.70000076293945,0
2026-01-23,2026-01-23T00:00:00Z,47.97999954223633,48.83000183105469,46.189998626708984,47.63999938964844,0
2026-01-26,2026-01-26T00:00:00Z,47.540000915527344,47.869998931884766,46.470001220703125,47.779998779296875,0
2026-01-27,2026-01-27T00:00:00Z,46.65999984741211,49.650001525878906,46.56999969482422,49.61000061035156,0
2026-01-28,2026-01-28T00:00:00Z,51.790000915527344,51.790000915527344,49.279998779296875,50.38999938964844,0
2026-01-29,2026-01-29T00:00:00Z,53.11000061035156,56.06999969482422,52.869998931884766,55.369998931884766,0
2026-01-30,2026-01-30T00:00:00Z,55.380001068115234,56.5,52.15999984741211,55.90999984741211,0
2026-02-02,2026-02-02T00:00:00Z,52.63999938964844,52.63999938964844,47.709999084472656,48.70000076293945,0
2026-02-03,2026-02-03T00:00:00Z,47.63999938964844,54.0,46.290000915527344,52.34000015258789,0
2026-02-04,2026-02-04T00:00:00Z,50.47999954223633,57.630001068115234,50.349998474121094,55.130001068115234,0
2026-02-05,2026-02-05T00:00:00Z,54.43000030517578,55.220001220703125,51.43000030517578,54.970001220703125,0
2026-02-06,2026-02-06T00:00:00Z,53.900001525878906,53.900001525878906,51.529998779296875,53.18000030517578,0
2026-02-09,2026-02-09T00:00:00Z,51.79999923706055,51.79999923706055,50.310001373291016,50.790000915527344,0
2026-02-10,2026-02-10T00:00:00Z,51.06999969482422,51.11000061035156,47.5099983215332,48.02000045776367,0
2026-02-11,2026-02-11T00:00:00Z,47.08000183105469,47.369998931884766,44.08000183105469,44.33000183105469,0
2026-02-12,2026-02-12T00:00:00Z,45.099998474121094,45.099998474121094,41.91999816894531,42.0,0
2026-02-13,2026-02-13T00:00:00Z,40.72999954223633,42.849998474121094,40.400001525878906,42.18000030517578,0
2026-02-17,2026-02-17T00:00:00Z,44.439998626708984,44.689998626708984,41.900001525878906,42.540000915527344,0
2026-02-18,2026-02-18T00:00:00Z,48.040000915527344,52.119998931884766,48.040000915527344,51.4900016784668,0
2026-02-19,2026-02-19T00:00:00Z,55.93000030517578,57.20000076293945,55.119998931884766,56.72999954223633,0
2026-02-20,2026-02-20T00:00:00Z,57.43000030517578,58.0,55.72999954223633,56.119998931884766,0
2026-02-23,2026-02-23T00:00:00Z,58.040000915527344,59.86000061035156,57.2599983215332,59.04999923706055,0
2026-02-24,2026-02-24T00:00:00Z,58.150001525878906,59.779998779296875,56.0099983215332,58.81999969482422,0
2026-02-25,2026-02-25T00:00:00Z,56.7599983215332,59.2599983215332,56.470001220703125,58.970001220703125,0
2026-02-26,2026-02-26T00:00:00Z,58.040000915527344,63.56999969482422,57.79999923706055,59.79999923706055,0
2026-02-27,2026-02-27T00:00:00Z,63.84000015258789,65.41000366210938,62.849998474121094,64.68000030517578,0
2026-03-02,2026-03-02T00:00:00Z,73.94000244140625,73.94000244140625,64.41000366210938,68.9000015258789,0
2026-03-03,2026-03-03T00:00:00Z,77.55000305175781,77.79000091552734,72.33000183105469,73.98999786376953,0
2026-03-04,2026-03-04T00:00:00Z,78.93000030517578,78.93000030517578,74.33000183105469,75.19999694824219,0
2026-03-05,2026-03-05T00:00:00Z,78.88999938964844,86.9000015258789,77.37999725341797,83.83000183105469,0
2026-03-06,2026-03-06T00:00:00Z,92.51000213623047,105.62999725341797,91.86000061035156,103.5999984741211,0
2026-03-09,2026-03-09T00:00:00Z,111.7300033569336,118.37999725341797,99.62000274658203,100.52999877929688,0
2026-03-10,2026-03-10T00:00:00Z,105.5199966430664,108.19999694824219,92.3499984741211,108.19000244140625,0
2026-03-11,2026-03-11T00:00:00Z,109.02999877929688,121.01000213623047,105.55000305175781,120.91000366210938,0
2026-03-12,2026-03-12T00:00:00Z,123.9000015258789,125.98999786376953,118.66999816894531,120.22000122070312,0
2026-03-13,2026-03-13T00:00:00Z,114.18000030517578,119.08000183105469,107.62000274658203,119.0199966430664,0
2026-03-16,2026-03-16T00:00:00Z,110.58000183105469,110.80999755859375,101.97000122070312,101.97000122070312,0
2026-03-17,2026-03-17T00:00:00Z,102.68000030517578,102.68000030517578,95.12000274658203,95.91999816894531,0
2026-03-18,2026-03-18T00:00:00Z,101.41999816894531,102.55999755859375,96.47000122070312,97.27999877929688,0
2026-03-19,2026-03-19T00:00:00Z,97.77999877929688,98.88999938964844,90.69000244140625,92.68000030517578,0
2026-03-20,2026-03-20T00:00:00Z,91.01000213623047,92.61000061035156,85.68000030517578,91.8499984741211,0
2026-03-23,2026-03-23T00:00:00Z,91.08000183105469,92.54000091552734,86.30000305175781,89.77999877929688,0
2026-03-24,2026-03-24T00:00:00Z,90.88999938964844,101.12000274658203,87.26000213623047,89.33999633789062,0
2026-03-25,2026-03-25T00:00:00Z,90.95999908447266,90.95999908447266,87.69999694824219,90.16000366210938,0
2026-03-26,2026-03-26T00:00:00Z,91.58999633789062,97.2300033569336,91.52999877929688,92.37000274658203,0
2026-03-27,2026-03-27T00:00:00Z,93.36000061035156,98.69000244140625,92.73999786376953,96.63999938964844,0
2026-03-30,2026-03-30T00:00:00Z,94.66000366210938,97.41999816894531,93.73999786376953,95.83999633789062,0
2026-03-31,2026-03-31T00:00:00Z,93.33000183105469,93.33000183105469,89.16999816894531,89.38999938964844,0
2026-04-01,2026-04-01T00:00:00Z,88.9000015258789,92.37999725341797,87.9000015258789,91.80000305175781,0
2026-04-02,2026-04-02T00:00:00Z,96.19999694824219,96.94000244140625,92.38999938964844,93.13999938964844,0
2026-04-06,2026-04-06T00:00:00Z,97.44000244140625,97.62000274658203,95.38999938964844,96.13999938964844,0
2026-04-07,2026-04-07T00:00:00Z,97.11000061035156,100.66999816894531,97.04000091552734,98.79000091552734,0
2026-04-08,2026-04-08T00:00:00Z,84.1500015258789,84.31999969482422,75.81999969482422,83.91000366210938,0
2026-04-09,2026-04-09T00:00:00Z,85.80000305175781,86.11000061035156,80.4000015258789,81.73999786376953,0
2026-04-10,2026-04-10T00:00:00Z,79.62999725341797,79.79000091552734,77.19000244140625,78.01000213623047,0
2026-04-13,2026-04-13T00:00:00Z,87.79000091552734,88.6500015258789,80.41999816894531,80.55000305175781,0
2026-04-14,2026-04-14T00:00:00Z,77.54000091552734,77.54000091552734,74.52999877929688,75.3499984741211,0
2026-04-15,2026-04-15T00:00:00Z,73.33000183105469,74.33000183105469,72.2300033569336,72.2300033569336,0
2026-04-16,2026-04-16T00:00:00Z,72.58000183105469,73.80999755859375,72.22000122070312,73.04000091552734,0
2026-04-17,2026-04-17T00:00:00Z,63.7599983215332,70.7300033569336,63.04999923706055,69.01000213623047,0
2026-04-20,2026-04-20T00:00:00Z,72.91999816894531,75.62999725341797,72.33000183105469,73.79000091552734,0
2026-04-21,2026-04-21T00:00:00Z,76.5,85.63999938964844,75.80000305175781,85.56999969482422,0
2026-04-22,2026-04-22T00:00:00Z,80.20999908447266,83.80999755859375,76.73999786376953,76.7699966430664,0
2026-04-23,2026-04-23T00:00:00Z,77.05999755859375,81.48999786376953,74.81999969482422,78.66999816894531,0
2026-04-24,2026-04-24T00:00:00Z,78.08000183105469,78.08000183105469,74.05999755859375,75.83000183105469,0
2026-04-27,2026-04-27T00:00:00Z,76.16000366210938,76.95999908447266,73.11000061035156,73.11000061035156,0
2026-04-28,2026-04-28T00:00:00Z,74.43000030517578,74.44000244140625,70.44999694824219,70.5,0
2026-04-29,2026-04-29T00:00:00Z,72.16999816894531,75.95999908447266,71.80000305175781,75.95999908447266,0
2026-04-30,2026-04-30T00:00:00Z,75.45999908447266,75.66000366210938,74.44999694824219,75.08000183105469,0
2026-05-01,2026-05-01T00:00:00Z,73.30999755859375,75.77999877929688,72.22000122070312,75.4000015258789,0
2026-05-04,2026-05-04T00:00:00Z,77.68000030517578,80.87999725341797,76.62999725341797,78.62999725341797,0
2026-05-05,2026-05-05T00:00:00Z,75.91999816894531,76.16999816894531,74.30999755859375,74.7300033569336,0
2026-05-06,2026-05-06T00:00:00Z,73.87000274658203,73.87000274658203,72.13999938964844,72.33999633789062,0
2026-05-07,2026-05-07T00:00:00Z,71.19000244140625,74.41000366210938,68.86000061035156,72.25,0
2026-05-08,2026-05-08T00:00:00Z,70.63999938964844,72.43000030517578,70.58999633789062,72.1500015258789,0
2026-05-11,2026-05-11T00:00:00Z,75.22000122070312,76.16000366210938,73.12999725341797,75.66000366210938,0
2026-05-12,2026-05-12T00:00:00Z,75.44999694824219,75.8499984741211,73.5999984741211,75.69000244140625,0
2026-05-13,2026-05-13T00:00:00Z,72.80999755859375,74.06999969482422,70.3499984741211,70.94000244140625,0
2026-05-14,2026-05-14T00:00:00Z,70.7699966430664,71.05000305175781,68.62000274658203,68.91999816894531,0
2026-05-15,2026-05-15T00:00:00Z,72.81999969482422,72.81999969482422,71.12999725341797,72.3499984741211,0
2026-05-18,2026-05-18T00:00:00Z,71.31999969482422,73.16999816894531,70.05000305175781,72.06999969482422,0
2026-05-19,2026-05-19T00:00:00Z,72.76000213623047,73.0,71.33999633789062,72.88999938964844,0
2026-05-20,2026-05-20T00:00:00Z,72.27999877929688,73.62999725341797,70.0199966430664,72.7699966430664,0
2026-05-21,2026-05-21T00:00:00Z,75.33000183105469,75.68000030517578,70.94999694824219,73.54000091552734,0
2026-05-22,2026-05-22T00:00:00Z,75.0199966430664,77.61000061035156,73.7300033569336,75.97000122070312,0
2026-05-26,2026-05-26T00:00:00Z,70.87000274658203,70.87000274658203,65.02999877929688,65.05999755859375,0
2026-05-27,2026-05-27T00:00:00Z,62.9900016784668,63.0,59.779998779296875,59.970001220703125,0
2026-05-28,2026-05-28T00:00:00Z,60.86000061035156,62.22999954223633,58.16999816894531,58.29999923706055,0
2026-05-29,2026-05-29T00:00:00Z,57.720001220703125,60.41999816894531,56.2400016784668,57.84000015258789,0
2026-06-01,2026-06-01T00:00:00Z,60.38999938964844,64.37000274658203,60.099998474121094,61.2400016784668,0
2026-06-02,2026-06-02T00:00:00Z,61.54999923706055,61.59000015258789,59.43000030517578,59.529998779296875,0
2026-06-03,2026-06-03T00:00:00Z,60.810001373291016,61.58000183105469,59.27000045776367,60.52000045776367,0
2026-06-04,2026-06-04T00:00:00Z,59.54999923706055,60.130001068115234,59.279998779296875,59.790000915527344,0
2026-06-05,2026-06-05T00:00:00Z,59.060001373291016,64.61000061035156,56.619998931884766,57.75,0
2026-06-08,2026-06-08T00:00:00Z,60.18000030517578,60.18000030517578,58.36000061035156,58.36000061035156,0
2026-06-09,2026-06-09T00:00:00Z,55.970001220703125,58.709999084472656,53.400001525878906,57.630001068115234,0
2026-06-10,2026-06-10T00:00:00Z,59.470001220703125,61.68000030517578,57.560001373291016,60.279998779296875,0
2026-06-11,2026-06-11T00:00:00Z,62.97999954223633,63.09000015258789,56.29999923706055,56.29999923706055,0
2026-06-12,2026-06-12T00:00:00Z,54.779998779296875,60.58000183105469,52.939998626708984,54.099998474121094,0
2026-06-15,2026-06-15T00:00:00Z,48.130001068115234,48.7400016784668,46.08000183105469,47.75,0
2026-06-16,2026-06-16T00:00:00Z,47.189998626708984,53.83000183105469,46.11000061035156,53.099998474121094,0
2026-06-17,2026-06-17T00:00:00Z,54.79999923706055,54.88999938964844,47.63999938964844,53.650001525878906,0
2026-06-18,2026-06-18T00:00:00Z,52.779998779296875,52.779998779296875,50.81999969482422,51.540000915527344,0
2026-06-22,2026-06-22T00:00:00Z,52.720001220703125,52.90999984741211,50.689998626708984,50.70000076293945,0
2026-06-23,2026-06-23T00:00:00Z,49.709999084472656,49.869998931884766,46.599998474121094,46.599998474121094,0
2026-06-24,2026-06-24T00:00:00Z,46.34000015258789,48.52000045776367,45.849998474121094,47.61000061035156,0
2026-06-25,2026-06-25T00:00:00Z,46.810001373291016,47.65999984741211,46.650001525878906,46.959999084472656,0
2026-06-26,2026-06-26T00:00:00Z,46.470001220703125,48.84000015258789,46.15999984741211,46.459999084472656,0
2026-06-29,2026-06-29T00:00:00Z,47.16999816894531,47.91999816894531,44.83000183105469,45.06999969482422,0
2026-06-30,2026-06-30T00:00:00Z,45.7400016784668,45.7400016784668,43.060001373291016,43.16999816894531,0
2026-07-01,2026-07-01T00:00:00Z,42.34000015258789,43.0099983215332,39.939998626708984,40.7599983215332,0
2026-07-02,2026-07-02T00:00:00Z,41.470001220703125,41.81999969482422,40.02000045776367,41.619998931884766,0
2026-07-06,2026-07-06T00:00:00Z,42.619998931884766,42.77000045776367,39.72999954223633,40.33000183105469,0
2026-07-07,2026-07-07T00:00:00Z,40.529998779296875,47.650001525878906,40.380001068115234,47.59000015258789,0
2026-07-08,2026-07-08T00:00:00Z,50.40999984741211,53.08000183105469,49.09000015258789,50.45000076293945,0
2026-07-09,2026-07-09T00:00:00Z,48.84000015258789,48.84000015258789,45.880001068115234,45.9900016784668,0
2026-07-10,2026-07-10T00:00:00Z,45.4900016784668,46.290000915527344,44.29999923706055,44.66999816894531,0
2026-07-13,2026-07-13T00:00:00Z,50.33000183105469,63.720001220703125,50.33000183105469,60.25,0
2026-07-14,2026-07-14T00:00:00Z,62.20000076293945,63.7599983215332,59.88999938964844,59.88999938964844,0
2026-07-15,2026-07-15T00:00:00Z,60.06999969482422,61.22999954223633,56.459999084472656,58.959999084472656,0
2026-07-16,2026-07-16T00:00:00Z,59.34000015258789,59.470001220703125,55.709999084472656,55.90999984741211,0
2026-07-17,2026-07-17T00:00:00Z,60.06999969482422,61.91999816894531,59.83000183105469,60.02000045776367,0
2026-07-20,2026-07-20T00:00:00Z,62.79999923706055,62.959999084472656,61.13999938964844,62.06999969482422,0
2026-07-21,2026-07-21T00:00:00Z,65.19999694824219,65.63999938964844,63.36000061035156,63.779998779296875,0
2026-07-22,2026-07-22T00:00:00Z,66.33000183105469,67.36000061035156,64.66999816894531,65.30999755859375,0
2026-07-23,2026-07-23T00:00:00Z,69.51000213623047,71.26000213623047,67.98999786376953,68.97000122070312,0
2026-07-24,2026-07-24T00:00:00Z,68.13999938964844,68.23999786376953,64.73999786376953,68.0,0
2026-07-27,2026-07-27T00:00:00Z,65.63999938964844,65.63999938964844,60.27000045776367,60.619998931884766,0
2026-07-28,2026-07-28T00:00:00Z,59.52000045776367,59.52000045776367,54.939998626708984,57.150001525878906,0
2026-07-29,2026-07-29T00:00:00Z,64.41999816894531,67.58999633789062,64.18000030517578,67.58999633789062,0
2026-07-30,2026-07-30T00:00:00Z,65.62000274658203,65.62000274658203,63.15999984741211,63.439998626708984,0
2026-07-31,2026-07-31T00:00:00Z,65.73999786376953,70.16000366210938,62.77000045776367,63.040000915527344,0
2026-08-03,2026-08-03T00:00:00Z,57.45000076293945,81.19000244140625,56.220001220703125,57.20000076293945,0
2026-08-04,2026-08-04T00:00:00Z,56.5,56.5,52.97999954223633,53.45000076293945,0
2026-08-05,2026-08-05T00:00:00Z,54.2599983215332,54.59000015258789,50.619998931884766,51.47999954223633,0
2026-08-06,2026-08-06T00:00:00Z,54.88999938964844,57.380001068115234,53.63999938964844,57.34000015258789,0
2026-08-07,2026-08-07T00:00:00Z,56.66999816894531,57.43000030517578,55.7400016784668,55.79999923706055,0
2026-08-10,2026-08-10T00:00:00Z,60.4900016784668,60.4900016784668,55.68000030517578,56.060001373291016,0
2026-08-11,2026-08-11T00:00:00Z,56.279998779296875,56.41999816894531,54.689998626708984,54.9900016784668,0
2026-08-12,2026-08-12T00:00:00Z,55.36000061035156,55.36000061035156,51.25,52.34000015258789,0
2026-08-13,2026-08-13T00:00:00Z,51.95000076293945,51.959999084472656,49.11000061035156,49.36000061035156,0
2026-08-14,2026-08-14T00:00:00Z,50.439998626708984,50.45000076293945,48.040000915527344,49.52000045776367,0
2026-08-17,2026-08-17T00:00:00Z,53.09000015258789,53.189998626708984,50.31999969482422,52.91999816894531,0
2026-08-18,2026-08-18T00:00:00Z,53.93000030517578,53.93000030517578,47.15999984741211,47.16999816894531,0
2026-08-19,2026-08-19T00:00:00Z,47.7400016784668,48.709999084472656,44.040000915527344,47.689998626708984,0
2026-08-20,2026-08-20T00:00:00Z,48.75,49.650001525878906,47.77000045776367,49.630001068115234,0
2026-08-21,2026-08-21T00:00:00Z,49.150001525878906,50.88999938964844,49.08000183105469,49.619998931884766,0
2026-08-24,2026-08-24T00:00:00Z,51.86000061035156,51.86000061035156,46.709999084472656,46.7400016784668,0
2026-08-25,2026-08-25T00:00:00Z,47.209999084472656,47.31999969482422,45.720001220703125,46.15999984741211,0
2026-08-26,2026-08-26T00:00:00Z,44.18000030517578,46.880001068115234,44.18000030517578,46.83000183105469,0
2026-08-27,2026-08-27T00:00:00Z,47.52000045776367,47.61000061035156,44.63999938964844,46.220001220703125,0
2026-08-28,2026-08-28T00:00:00Z,45.16999816894531,45.56999969482422,43.380001068115234,43.4900016784668,0
2026-08-31,2026-08-31T00:00:00Z,46.52000045776367,46.63999938964844,44.88999938964844,44.90999984741211,0
2026-09-01,2026-09-01T00:00:00Z,46.54999923706055,50.349998474121094,46.06999969482422,49.130001068115234,0
2026-09-02,2026-09-02T00:00:00Z,48.540000915527344,48.63999938964844,46.900001525878906,47.77000045776367,0
2026-09-03,2026-09-03T00:00:00Z,48.22999954223633,48.470001220703125,46.06999969482422,46.40999984741211,0
2026-09-04,2026-09-04T00:00:00Z,45.849998474121094,45.88999938964844,44.41999816894531,44.959999084472656,0
2026-09-08,2026-09-08T00:00:00Z,48.560001373291016,48.75,47.15999984741211,48.59000015258789,0
2026-09-09,2026-09-09T00:00:00Z,48.779998779296875,51.25,48.470001220703125,49.849998474121094,0
2026-09-10,2026-09-10T00:00:00Z,52.369998931884766,60.83000183105469,52.369998931884766,60.7599983215332,0
2026-09-11,2026-09-11T00:00:00Z,58.779998779296875,59.040000915527344,55.43000030517578,58.91999816894531,0
2026-09-14,2026-09-14T00:00:00Z,63.06999969482422,63.31999969482422,58.72999954223633,59.459999084472656,0
2026-09-15,2026-09-15T00:00:00Z,59.41999816894531,62.970001220703125,59.150001525878906,61.72999954223633,0
2026-09-16,2026-09-16T00:00:00Z,60.599998474121094,60.599998474121094,55.11000061035156,57.4900016784668,0
2026-09-17,2026-09-17T00:00:00Z,56.52000045776367,56.52000045776367,51.86000061035156,52.11000061035156,0
2026-09-18,2026-09-18T00:00:00Z,52.709999084472656,53.11000061035156,50.0099983215332,50.38999938964844,0
2026-09-21,2026-09-21T00:00:00Z,52.13999938964844,52.709999084472656,49.779998779296875,50.310001373291016,0
2026-09-22,2026-09-22T00:00:00Z,50.7599983215332,53.02000045776367,50.45000076293945,51.88999938964844,0
2026-09-23,2026-09-23T00:00:00Z,52.58000183105469,54.36000061035156,51.72999954223633,53.2400016784668,0
2026-09-24,2026-09-24T00:00:00Z,53.36000061035156,54.470001220703125,51.70000076293945,54.45000076293945,0
2026-09-25,2026-09-25T00:00:00Z,54.2400016784668,56.11000061035156,53.040000915527344,55.09000015258789,0
2026-09-28,2026-09-28T00:00:00Z,56.27000045776367,57.70000076293945,54.04999923706055,56.11000061035156,0
2026-09-29,2026-09-29T00:00:00Z,56.58000183105469,57.630001068115234,53.11000061035156,53.7400016784668,0
2026-09-30,2026-09-30T00:00:00Z,53.709999084472656,54.619998931884766,53.04999923706055,53.04999923706055,0
