timestamp_utc,Open,High,Low,Close,Volume
2026-07-22T04:00:00Z,60.09000015258789,60.10499954223633,59.86000061035156,59.94499969482422,0
2026-07-22T05:00:00Z,59.95500183105469,60.060001373291016,59.724998474121094,59.959999084472656,806
2026-07-22T06:00:00Z,59.97999954223633,60.09000015258789,59.5,59.595001220703125,1573
2026-07-22T07:00:00Z,59.58000183105469,59.80500030517578,59.3849983215332,59.415000915527344,1124
2026-07-22T08:00:00Z,59.470001220703125,59.834999084472656,59.459999084472656,59.814998626708984,616
2026-07-22T09:00:00Z,59.79499816894531,59.95000076293945,59.650001525878906,59.685001373291016,833
2026-07-22T10:00:00Z,59.68000030517578,59.82500076293945,59.6150016784668,59.63999938964844,342
2026-07-22T11:00:00Z,59.654998779296875,59.744998931884766,59.40999984741211,59.665000915527344,768
2026-07-22T12:00:00Z,59.654998779296875,59.875,59.19499969482422,59.345001220703125,1965
2026-07-22T13:00:00Z,59.35499954223633,60.89500045776367,59.30500030517578,60.81999969482422,4154
2026-07-22T14:00:00Z,60.845001220703125,61.27000045776367,60.43000030517578,60.56999969482422,5019
2026-07-22T15:00:00Z,60.54999923706055,60.7599983215332,60.48500061035156,60.595001220703125,2016
2026-07-22T16:00:00Z,60.57500076293945,60.6150016784668,60.224998474121094,60.380001068115234,2820
2026-07-22T17:00:00Z,60.3849983215332,60.39500045776367,60.09000015258789,60.290000915527344,2341
2026-07-22T18:00:00Z,60.29999923706055,60.310001373291016,60.1150016784668,60.23500061035156,985
2026-07-22T19:00:00Z,60.20500183105469,60.27000045776367,59.8650016784668,59.959999084472656,1442
2026-07-22T20:00:00Z,59.970001220703125,60.23500061035156,59.90999984741211,60.03499984741211,580
2026-07-22T22:00:00Z,60.0099983215332,60.09000015258789,59.04999923706055,59.68000030517578,0
2026-07-22T23:00:00Z,59.66999816894531,60.040000915527344,59.630001068115234,60.029998779296875,304
2026-07-23T00:00:00Z,60.040000915527344,60.20500183105469,59.93000030517578,60.165000915527344,463
2026-07-23T01:00:00Z,60.165000915527344,60.36000061035156,59.71500015258789,59.82500076293945,1300
2026-07-23T02:00:00Z,59.79499816894531,60.16999816894531,59.724998474121094,60.154998779296875,623
2026-07-23T03:00:00Z,60.150001525878906,60.20000076293945,59.974998474121094,60.04499816894531,373
2026-07-23T04:00:00Z,60.040000915527344,60.20500183105469,59.880001068115234,59.935001373291016,257
2026-07-23T05:00:00Z,59.91999816894531,60.16999816894531,59.84000015258789,59.91999816894531,565
2026-07-23T06:00:00Z,59.915000915527344,60.005001068115234,59.69499969482422,59.724998474121094,1125
2026-07-23T07:00:00Z,59.73500061035156,59.7400016784668,58.90999984741211,59.220001220703125,2041
2026-07-23T08:00:00Z,59.23500061035156,59.29999923706055,58.974998474121094,59.14500045776367,792
2026-07-23T09:00:00Z,59.14500045776367,59.30500030517578,59.0099983215332,59.02000045776367,384
2026-07-23T10:00:00Z,59.029998779296875,59.13999938964844,58.869998931884766,59.04499816894531,590
2026-07-23T11:00:00Z,59.04999923706055,59.06999969482422,58.20000076293945,58.814998626708984,2917
2026-07-23T12:00:00Z,58.81999969482422,58.83000183105469,57.91999816894531,57.93000030517578,3108
2026-07-23T13:00:00Z,57.915000915527344,58.314998626708984,57.31999969482422,57.8849983215332,8234
2026-07-23T14:00:00Z,57.93000030517578,58.27000045776367,57.84000015258789,58.064998626708984,2295
2026-07-23T15:00:00Z,58.04499816894531,58.095001220703125,57.560001373291016,57.875,2347
2026-07-23T16:00:00Z,57.869998931884766,58.1150016784668,57.8650016784668,58.10499954223633,1360
2026-07-23T17:00:00Z,58.11000061035156,58.209999084472656,57.7599983215332,57.78499984741211,2585
2026-07-23T18:00:00Z,57.779998779296875,57.86000061035156,57.67499923706055,57.845001220703125,768
2026-07-23T19:00:00Z,57.88999938964844,57.96500015258789,57.720001220703125,57.845001220703125,693
2026-07-23T20:00:00Z,57.85499954223633,57.935001373291016,57.814998626708984,57.89500045776367,387
2026-07-23T22:00:00Z,57.91999816894531,57.97999954223633,57.834999084472656,57.915000915527344,0
2026-07-23T23:00:00Z,57.915000915527344,57.92499923706055,57.81999969482422,57.81999969482422,105
2026-07-24T00:00:00Z,57.849998474121094,58.1349983215332,57.630001068115234,58.099998474121094,504
2026-07-24T01:00:00Z,58.125,58.165000915527344,57.6349983215332,57.915000915527344,1254
2026-07-24T02:00:00Z,57.915000915527344,58.040000915527344,57.36000061035156,57.45500183105469,1039
2026-07-24T03:00:00Z,57.459999084472656,57.67499923706055,57.3650016784668,57.54999923706055,554
2026-07-24T04:00:00Z,57.5,57.69499969482422,57.45500183105469,57.584999084472656,271
2026-07-24T05:00:00Z,57.595001220703125,57.880001068115234,57.53499984741211,57.599998474121094,576
2026-07-24T06:00:00Z,57.625,58.084999084472656,57.55500030517578,57.994998931884766,828
2026-07-24T07:00:00Z,57.98500061035156,58.720001220703125,57.959999084472656,58.470001220703125,1660
2026-07-24T08:00:00Z,58.474998474121094,58.60499954223633,58.334999084472656,58.595001220703125,573
2026-07-24T09:00:00Z,58.57500076293945,58.744998931884766,58.529998779296875,58.71500015258789,624
2026-07-24T10:00:00Z,58.720001220703125,58.92499923706055,58.650001525878906,58.66999816894531,832
2026-07-24T11:00:00Z,58.67499923706055,58.834999084472656,58.5,58.73500061035156,1253
2026-07-24T12:00:00Z,58.76499938964844,58.95000076293945,58.55500030517578,58.689998626708984,1833
2026-07-24T13:00:00Z,58.70000076293945,58.79999923706055,58.125,58.63999938964844,3191
2026-07-24T14:00:00Z,58.654998779296875,58.97999954223633,58.439998626708984,58.779998779296875,2452
2026-07-24T15:00:00Z,58.779998779296875,59.290000915527344,58.654998779296875,59.17499923706055,2748
2026-07-24T16:00:00Z,59.18000030517578,59.220001220703125,58.834999084472656,58.915000915527344,1668
2026-07-24T17:00:00Z,58.90999984741211,59.060001373291016,58.76499938964844,58.83000183105469,1746
2026-07-24T18:00:00Z,58.86000061035156,58.88999938964844,58.47999954223633,58.57500076293945,1173
2026-07-24T19:00:00Z,58.595001220703125,58.6150016784668,58.349998474121094,58.4900016784668,778
2026-07-24T20:00:00Z,58.48500061035156,58.90599822998047,58.39500045776367,58.90599822998047,268
2026-07-26T22:00:00Z,59.810001373291016,60.18000030517578,59.724998474121094,59.970001220703125,1182
2026-07-26T23:00:00Z,60.025001525878906,60.040000915527344,59.59000015258789,59.959999084472656,622
2026-07-27T00:00:00Z,59.970001220703125,60.39500045776367,59.80500030517578,59.880001068115234,1629
2026-07-27T01:00:00Z,59.875,60.10499954223633,59.7599983215332,60.10499954223633,919
2026-07-27T02:00:00Z,60.11000061035156,60.11000061035156,59.60499954223633,59.6349983215332,557
2026-07-27T03:00:00Z,59.60499954223633,59.72999954223633,59.55500030517578,59.595001220703125,494
2026-07-27T04:00:00Z,59.599998474121094,59.619998931884766,59.43000030517578,59.59000015258789,437
2026-07-27T05:00:00Z,59.58000183105469,59.720001220703125,59.400001525878906,59.720001220703125,774
2026-07-27T06:00:00Z,59.709999084472656,59.875,59.63999938964844,59.724998474121094,867
2026-07-27T07:00:00Z,59.724998474121094,60.10499954223633,59.48500061035156,59.48500061035156,1080
2026-07-27T08:00:00Z,59.48500061035156,59.72999954223633,59.35499954223633,59.69499969482422,659
2026-07-27T09:00:00Z,59.665000915527344,59.7400016784668,59.435001373291016,59.560001373291016,537
2026-07-27T10:00:00Z,59.564998626708984,59.65999984741211,59.314998626708984,59.540000915527344,537
2026-07-27T11:00:00Z,59.55500030517578,59.58000183105469,59.30500030517578,59.345001220703125,1254
2026-07-27T12:00:00Z,59.3650016784668,59.44499969482422,58.95000076293945,59.220001220703125,1734
2026-07-27T13:00:00Z,59.224998474121094,59.36000061035156,58.720001220703125,58.82500076293945,3233
2026-07-27T14:00:00Z,58.83000183105469,59.0099983215332,58.56999969482422,58.96500015258789,2982
2026-07-27T15:00:00Z,58.96500015258789,59.02000045776367,58.78499984741211,58.90999984741211,1470
2026-07-27T16:00:00Z,58.90999984741211,59.27000045776367,58.869998931884766,58.935001373291016,1830
2026-07-27T17:00:00Z,58.935001373291016,58.939998626708984,58.65999984741211,58.77000045776367,2215
2026-07-27T18:00:00Z,58.79499816894531,58.79999923706055,58.43000030517578,58.63999938964844,1529
2026-07-27T19:00:00Z,58.650001525878906,58.935001373291016,58.584999084472656,58.81999969482422,916
2026-07-27T20:00:00Z,58.810001373291016,58.834999084472656,58.665000915527344,58.69499969482422,505
2026-07-27T22:00:00Z,58.744998931884766,58.82500076293945,58.61000061035156,58.650001525878906,0
2026-07-27T23:00:00Z,58.630001068115234,58.71500015258789,58.56999969482422,58.650001525878906,106
2026-07-28T00:00:00Z,58.650001525878906,58.66999816894531,57.974998474121094,58.02000045776367,975
2026-07-28T01:00:00Z,58.0099983215332,58.084999084472656,57.26499938964844,57.4900016784668,2391
2026-07-28T02:00:00Z,57.494998931884766,57.68000030517578,57.345001220703125,57.459999084472656,780
2026-07-28T03:00:00Z,57.474998474121094,57.724998474121094,57.290000915527344,57.58000183105469,959
2026-07-28T04:00:00Z,57.59000015258789,57.61000061035156,57.3849983215332,57.400001525878906,473
2026-07-28T05:00:00Z,57.39500045776367,57.40999984741211,56.900001525878906,57.32500076293945,1730
2026-07-28T06:00:00Z,57.31999969482422,57.790000915527344,57.31999969482422,57.63999938964844,1297
2026-07-28T07:00:00Z,57.64500045776367,57.779998779296875,57.540000915527344,57.70000076293945,788
2026-07-28T08:00:00Z,57.69499969482422,57.900001525878906,57.59000015258789,57.77000045776367,668
2026-07-28T09:00:00Z,57.775001525878906,57.81999969482422,57.36000061035156,57.400001525878906,820
2026-07-28T10:00:00Z,57.380001068115234,57.525001525878906,57.220001220703125,57.3849983215332,1041
2026-07-28T11:00:00Z,57.39500045776367,57.630001068115234,57.30500030517578,57.54999923706055,1091
2026-07-28T12:00:00Z,57.57500076293945,57.744998931884766,57.39500045776367,57.53499984741211,1727
2026-07-28T13:00:00Z,57.540000915527344,57.650001525878906,56.935001373291016,57.08000183105469,3451
2026-07-28T14:00:00Z,57.05500030517578,57.525001525878906,56.8650016784668,57.244998931884766,4121
2026-07-28T15:00:00Z,57.25,57.665000915527344,57.150001525878906,57.65999984741211,2869
2026-07-28T16:00:00Z,57.665000915527344,57.779998779296875,57.494998931884766,57.560001373291016,1961
2026-07-28T17:00:00Z,57.55500030517578,57.70500183105469,57.25,57.349998474121094,3079
2026-07-28T18:00:00Z,57.345001220703125,57.41999816894531,57.279998779296875,57.34000015258789,616
2026-07-28T19:00:00Z,57.34000015258789,57.529998779296875,57.334999084472656,57.404998779296875,495
2026-07-28T20:00:00Z,57.400001525878906,57.400001525878906,57.279998779296875,57.334999084472656,315
2026-07-28T22:00:00Z,57.3849983215332,57.43000030517578,57.09000015258789,57.189998626708984,0
2026-07-28T23:00:00Z,57.14500045776367,57.474998474121094,57.095001220703125,57.45500183105469,430
2026-07-29T00:00:00Z,57.47999954223633,57.6349983215332,57.31999969482422,57.3849983215332,328
2026-07-29T01:00:00Z,57.375,57.900001525878906,57.165000915527344,57.70000076293945,869
2026-07-29T02:00:00Z,57.73500061035156,58.220001220703125,57.595001220703125,57.869998931884766,791
2026-07-29T03:00:00Z,57.8849983215332,57.93000030517578,57.57500076293945,57.584999084472656,474
2026-07-29T04:00:00Z,57.560001373291016,57.724998474121094,57.53499984741211,57.689998626708984,211
2026-07-29T05:00:00Z,57.709999084472656,58.2599983215332,57.69499969482422,57.9900016784668,672
2026-07-29T06:00:00Z,57.97999954223633,58.3650016784668,57.974998474121094,58.36000061035156,1087
2026-07-29T07:00:00Z,58.36000061035156,58.459999084472656,58.290000915527344,58.32500076293945,854
2026-07-29T08:00:00Z,58.31999969482422,58.334999084472656,57.97999954223633,58.125,533
2026-07-29T09:00:00Z,58.125,58.14500045776367,57.91999816894531,57.95500183105469,364
2026-07-29T10:00:00Z,57.959999084472656,57.970001220703125,57.599998474121094,57.630001068115234,870
2026-07-29T11:00:00Z,57.630001068115234,57.98500061035156,57.57500076293945,57.849998474121094,1076
2026-07-29T12:00:00Z,57.900001525878906,57.94499969482422,57.06999969482422,57.494998931884766,2364
2026-07-29T13:00:00Z,57.52000045776367,57.724998474121094,57.04999923706055,57.185001373291016,3087
2026-07-29T14:00:00Z,57.20000076293945,57.459999084472656,56.92499923706055,57.20500183105469,3267
2026-07-29T15:00:00Z,57.209999084472656,57.314998626708984,57.06999969482422,57.220001220703125,2176
2026-07-29T16:00:00Z,57.224998474121094,58.2400016784668,57.03499984741211,57.94499969482422,3468
2026-07-29T17:00:00Z,57.935001373291016,58.35499954223633,57.869998931884766,58.154998779296875,4410
2026-07-29T18:00:00Z,58.150001525878906,59.38999938964844,58.099998474121094,59.31999969482422,7149
2026-07-29T19:00:00Z,59.32500076293945,59.540000915527344,57.5,57.525001525878906,4046
2026-07-29T20:00:00Z,57.53499984741211,57.93000030517578,57.279998779296875,57.900001525878906,1334
2026-07-29T22:00:00Z,57.974998474121094,58.55500030517578,57.79999923706055,58.5099983215332,0
2026-07-29T23:00:00Z,58.54499816894531,58.7599983215332,58.439998626708984,58.439998626708984,326
2026-07-30T00:00:00Z,58.43000030517578,58.494998931884766,57.96500015258789,58.165000915527344,1052
2026-07-30T01:00:00Z,58.185001373291016,58.88999938964844,58.1349983215332,58.619998931884766,1708
2026-07-30T02:00:00Z,58.70500183105469,58.76499938964844,57.91999816894531,57.95500183105469,892
2026-07-30T03:00:00Z,57.935001373291016,58.14500045776367,57.56999969482422,57.72999954223633,704
2026-07-30T04:00:00Z,57.77000045776367,57.790000915527344,57.31999969482422,57.40999984741211,447
2026-07-30T05:00:00Z,57.400001525878906,57.71500015258789,57.15999984741211,57.275001525878906,1230
2026-07-30T06:00:00Z,57.290000915527344,57.54499816894531,57.25,57.3849983215332,943
2026-07-30T07:00:00Z,57.3849983215332,57.76499938964844,57.14500045776367,57.16999816894531,675
2026-07-30T08:00:00Z,57.154998779296875,58.08000183105469,57.119998931884766,57.83000183105469,1078
2026-07-30T09:00:00Z,57.845001220703125,58.20500183105469,57.84000015258789,57.97999954223633,721
2026-07-30T10:00:00Z,57.96500015258789,58.494998931884766,57.935001373291016,58.28499984741211,819
2026-07-30T11:00:00Z,58.290000915527344,58.375,58.18000030517578,58.34000015258789,699
2026-07-30T12:00:00Z,58.334999084472656,58.560001373291016,58.10499954223633,58.23500061035156,1977
2026-07-30T13:00:00Z,58.244998931884766,58.790000915527344,58.005001068115234,58.77000045776367,4001
2026-07-30T14:00:00Z,58.75,58.8650016784668,58.150001525878906,58.59000015258789,3594
2026-07-30T15:00:00Z,58.56999969482422,58.900001525878906,58.310001373291016,58.845001220703125,2193
2026-07-30T16:00:00Z,58.845001220703125,59.20000076293945,58.81999969482422,58.959999084472656,2332
2026-07-30T17:00:00Z,58.95500183105469,59.11000061035156,58.775001525878906,59.0,2747
2026-07-30T18:00:00Z,59.0099983215332,59.22999954223633,59.0099983215332,59.084999084472656,728
2026-07-30T19:00:00Z,59.084999084472656,59.5,59.06999969482422,59.45000076293945,1194
2026-07-30T20:00:00Z,59.44499969482422,59.56999969482422,59.150001525878906,59.26499938964844,1278
2026-07-30T22:00:00Z,59.2599983215332,59.380001068115234,59.25,59.29999923706055,0
2026-07-30T23:00:00Z,59.29999923706055,59.404998779296875,59.209999084472656,59.31999969482422,117
2026-07-31T00:00:00Z,59.334999084472656,59.3849983215332,59.029998779296875,59.130001068115234,353
2026-07-31T01:00:00Z,59.095001220703125,59.380001068115234,58.86000061035156,58.93000030517578,709
2026-07-31T02:00:00Z,58.93000030517578,59.09000015258789,58.66999816894531,58.7400016784668,756
2026-07-31T03:00:00Z,58.73500061035156,58.7400016784668,58.53499984741211,58.6150016784668,418
2026-07-31T04:00:00Z,58.599998474121094,58.875,58.584999084472656,58.875,336
2026-07-31T05:00:00Z,58.880001068115234,58.9900016784668,58.47999954223633,58.57500076293945,635
2026-07-31T06:00:00Z,58.58000183105469,58.81999969482422,58.459999084472656,58.5099983215332,820
2026-07-31T07:00:00Z,58.4900016784668,58.619998931884766,58.2599983215332,58.45000076293945,1098
2026-07-31T08:00:00Z,58.470001220703125,58.529998779296875,58.20000076293945,58.415000915527344,711
2026-07-31T09:00:00Z,58.3849983215332,58.43000030517578,58.1150016784668,58.185001373291016,886
2026-07-31T10:00:00Z,58.185001373291016,58.28499984741211,58.03499984741211,58.095001220703125,395
2026-07-31T11:00:00Z,58.099998474121094,58.290000915527344,57.875,58.04999923706055,1347
2026-07-31T12:00:00Z,58.060001373291016,58.13999938964844,57.665000915527344,57.86000061035156,1839
2026-07-31T13:00:00Z,57.849998474121094,57.91999816894531,57.275001525878906,57.400001525878906,4226
2026-07-31T14:00:00Z,57.404998779296875,57.8849983215332,57.220001220703125,57.70500183105469,3464
2026-07-31T15:00:00Z,57.70500183105469,57.8849983215332,57.459999084472656,57.689998626708984,2509
2026-07-31T16:00:00Z,57.66999816894531,57.84000015258789,57.540000915527344,57.665000915527344,1358
2026-07-31T17:00:00Z,57.67499923706055,58.119998931884766,57.584999084472656,58.08000183105469,2911
2026-07-31T18:00:00Z,58.08000183105469,58.14500045776367,57.970001220703125,58.1349983215332,834
2026-07-31T19:00:00Z,58.14500045776367,58.19499969482422,58.025001525878906,58.13999938964844,780
2026-07-31T20:00:00Z,58.125,58.165000915527344,57.755001068115234,57.7859992980957,608
2026-08-02T22:00:00Z,58.65999984741211,58.689998626708984,58.48500061035156,58.55500030517578,347
2026-08-02T23:00:00Z,58.55500030517578,58.560001373291016,58.380001068115234,58.52000045776367,303
2026-08-03T00:00:00Z,58.505001068115234,58.60499954223633,58.08000183105469,58.165000915527344,529
2026-08-03T01:00:00Z,58.130001068115234,58.540000915527344,58.01499938964844,58.40999984741211,658
2026-08-03T02:00:00Z,58.43000030517578,58.48500061035156,58.13999938964844,58.345001220703125,380
2026-08-03T03:00:00Z,58.32500076293945,58.47999954223633,58.290000915527344,58.404998779296875,311
2026-08-03T04:00:00Z,58.435001373291016,58.775001525878906,58.415000915527344,58.494998931884766,441
2026-08-03T05:00:00Z,58.5,58.525001525878906,57.96500015258789,58.345001220703125,818
2026-08-03T06:00:00Z,58.349998474121094,58.79999923706055,58.290000915527344,58.310001373291016,1143
2026-08-03T07:00:00Z,58.314998626708984,58.55500030517578,57.98500061035156,58.48500061035156,792
2026-08-03T08:00:00Z,58.47999954223633,58.58000183105469,58.3650016784668,58.53499984741211,467
2026-08-03T09:00:00Z,58.560001373291016,58.599998474121094,58.275001525878906,58.40999984741211,483
2026-08-03T10:00:00Z,58.400001525878906,58.400001525878906,58.07500076293945,58.15999984741211,454
2026-08-03T11:00:00Z,58.150001525878906,58.25,57.935001373291016,58.189998626708984,899
2026-08-03T12:00:00Z,58.17499923706055,58.2400016784668,57.599998474121094,57.64500045776367,1570
2026-08-03T13:00:00Z,57.63999938964844,57.875,56.70500183105469,57.29499816894531,7326
2026-08-03T14:00:00Z,57.290000915527344,57.5099983215332,57.20500183105469,57.47999954223633,2960
2026-08-03T15:00:00Z,57.47999954223633,57.69499969482422,57.369998931884766,57.625,2457
2026-08-03T16:00:00Z,57.6349983215332,57.95500183105469,57.560001373291016,57.845001220703125,1895
2026-08-03T17:00:00Z,57.8650016784668,57.994998931884766,57.7400016784668,57.82500076293945,3057
2026-08-03T18:00:00Z,57.83000183105469,58.14500045776367,57.80500030517578,58.11000061035156,1012
2026-08-03T19:00:00Z,58.099998474121094,58.415000915527344,58.099998474121094,58.27000045776367,1302
2026-08-03T20:00:00Z,58.26499938964844,58.415000915527344,58.185001373291016,58.39500045776367,426
2026-08-03T22:00:00Z,58.380001068115234,58.439998626708984,58.209999084472656,58.349998474121094,0
2026-08-03T23:00:00Z,58.34000015258789,58.474998474121094,58.290000915527344,58.459999084472656,253
2026-08-04T00:00:00Z,58.46500015258789,58.78499984741211,58.31999969482422,58.34000015258789,811
2026-08-04T01:00:00Z,58.345001220703125,59.04999923706055,58.185001373291016,58.88999938964844,1919
2026-08-04T02:00:00Z,58.869998931884766,59.040000915527344,58.77000045776367,58.869998931884766,822
2026-08-04T03:00:00Z,58.8650016784668,59.04499816894531,58.814998626708984,58.90999984741211,947
2026-08-04T04:00:00Z,58.8849983215332,59.255001068115234,58.875,59.189998626708984,728
2026-08-04T05:00:00Z,59.189998626708984,59.26499938964844,58.959999084472656,59.20500183105469,887
2026-08-04T06:00:00Z,59.220001220703125,59.39500045776367,59.02000045776367,59.150001525878906,1256
2026-08-04T07:00:00Z,59.154998779296875,59.334999084472656,59.1150016784668,59.20500183105469,845
2026-08-04T08:00:00Z,59.209999084472656,59.38999938964844,58.95500183105469,58.974998474121094,1384
2026-08-04T09:00:00Z,58.974998474121094,59.02000045776367,58.79999923706055,58.96500015258789,862
2026-08-04T10:00:00Z,58.959999084472656,59.2599983215332,58.779998779296875,59.005001068115234,1341
2026-08-04T11:00:00Z,59.005001068115234,59.71500015258789,58.959999084472656,59.68000030517578,2639
2026-08-04T12:00:00Z,59.67499923706055,60.189998626708984,59.35499954223633,60.09000015258789,4345
2026-08-04T13:00:00Z,60.095001220703125,60.2400016784668,59.560001373291016,59.93000030517578,5563
2026-08-04T14:00:00Z,59.939998626708984,60.095001220703125,59.52000045776367,59.755001068115234,3633
2026-08-04T15:00:00Z,59.76499938964844,60.029998779296875,59.54499816894531,59.94499969482422,2545
2026-08-04T16:00:00Z,59.95000076293945,60.119998931884766,59.834999084472656,60.060001373291016,1595
2026-08-04T17:00:00Z,60.04999923706055,60.28499984741211,59.994998931884766,60.029998779296875,4961
2026-08-04T18:00:00Z,60.029998779296875,60.060001373291016,59.76499938964844,59.84000015258789,1284
2026-08-04T19:00:00Z,59.81999969482422,59.94499969482422,59.744998931884766,59.790000915527344,919
2026-08-04T20:00:00Z,59.790000915527344,59.834999084472656,59.689998626708984,59.75,494
2026-08-04T22:00:00Z,59.78499984741211,59.83000183105469,59.70500183105469,59.70500183105469,0
2026-08-04T23:00:00Z,59.724998474121094,59.73500061035156,59.619998931884766,59.66999816894531,236
2026-08-05T00:00:00Z,59.665000915527344,59.94499969482422,59.63999938964844,59.939998626708984,367
2026-08-05T01:00:00Z,59.90999984741211,60.150001525878906,59.75,60.125,731
2026-08-05T02:00:00Z,60.119998931884766,61.099998474121094,60.02000045776367,60.92499923706055,2914
2026-08-05T03:00:00Z,60.95000076293945,61.209999084472656,60.880001068115234,61.029998779296875,1289
2026-08-05T04:00:00Z,61.0099983215332,61.1349983215332,60.939998626708984,61.03499984741211,625
2026-08-05T05:00:00Z,61.02000045776367,61.88999938964844,61.0,61.69499969482422,2727
2026-08-05T06:00:00Z,61.69499969482422,62.18000030517578,61.630001068115234,62.095001220703125,1915
2026-08-05T07:00:00Z,62.10499954223633,62.18000030517578,61.83000183105469,62.119998931884766,2249
2026-08-05T08:00:00Z,62.10499954223633,62.1349983215332,61.65999984741211,61.709999084472656,1438
2026-08-05T09:00:00Z,61.724998474121094,61.915000915527344,61.6349983215332,61.70500183105469,913
2026-08-05T10:00:00Z,61.685001373291016,61.71500015258789,61.34000015258789,61.51499938964844,802
2026-08-05T11:00:00Z,61.52000045776367,62.290000915527344,61.48500061035156,62.224998474121094,1895
2026-08-05T12:00:00Z,62.2400016784668,62.7599983215332,61.70500183105469,61.73500061035156,4730
2026-08-05T13:00:00Z,61.724998474121094,62.630001068115234,61.724998474121094,62.6150016784668,5016
2026-08-05T14:00:00Z,62.60499954223633,63.02000045776367,62.36000061035156,62.5099983215332,5820
2026-08-05T15:00:00Z,62.505001068115234,62.84000015258789,62.0,62.13999938964844,4353
2026-08-05T16:00:00Z,62.150001525878906,62.5,61.970001220703125,62.314998626708984,3012
2026-08-05T17:00:00Z,62.31999969482422,62.470001220703125,62.15999984741211,62.40999984741211,3721
2026-08-05T18:00:00Z,62.400001525878906,62.61000061035156,62.32500076293945,62.439998626708984,1253
2026-08-05T19:00:00Z,62.435001373291016,62.53499984741211,62.224998474121094,62.255001068115234,1237
2026-08-05T20:00:00Z,62.255001068115234,62.29999923706055,62.17499923706055,62.255001068115234,0
2026-08-05T22:00:00Z,62.20000076293945,62.369998931884766,62.20000076293945,62.2400016784668,344
2026-08-05T23:00:00Z,62.2599983215332,62.54999923706055,62.25,62.415000915527344,762
2026-08-06T00:00:00Z,62.404998779296875,62.96500015258789,62.255001068115234,62.8849983215332,1473
2026-08-06T01:00:00Z,62.88999938964844,63.31999969482422,62.22999954223633,62.46500015258789,3245
2026-08-06T02:00:00Z,62.46500015258789,62.76499938964844,62.334999084472656,62.52000045776367,708
2026-08-06T03:00:00Z,62.505001068115234,62.584999084472656,62.15999984741211,62.310001373291016,733
2026-08-06T04:00:00Z,62.33000183105469,62.40999984741211,62.22999954223633,62.35499954223633,229
2026-08-06T05:00:00Z,62.314998626708984,62.404998779296875,61.790000915527344,62.36000061035156,1276
2026-08-06T06:00:00Z,62.369998931884766,62.369998931884766,61.720001220703125,61.8650016784668,1434
2026-08-06T07:00:00Z,61.8650016784668,62.17499923706055,61.845001220703125,62.14500045776367,1012
2026-08-06T08:00:00Z,62.02000045776367,62.345001220703125,62.0,62.33000183105469,756
2026-08-06T09:00:00Z,62.34000015258789,62.48500061035156,62.040000915527344,62.14500045776367,939
2026-08-06T10:00:00Z,62.14500045776367,62.17499923706055,61.97999954223633,62.0,526
2026-08-06T11:00:00Z,62.0099983215332,62.119998931884766,61.869998931884766,62.07500076293945,1218
2026-08-06T12:00:00Z,62.099998474121094,62.099998474121094,61.474998474121094,61.5,2571
2026-08-06T13:00:00Z,61.5,62.04999923706055,61.28499984741211,61.86000061035156,5076
2026-08-06T14:00:00Z,61.8650016784668,62.0099983215332,61.69499969482422,61.91999816894531,1912
2026-08-06T15:00:00Z,61.95500183105469,61.959999084472656,61.21500015258789,61.33000183105469,2876
2026-08-06T16:00:00Z,61.334999084472656,61.619998931884766,61.119998931884766,61.57500076293945,2125
2026-08-06T17:00:00Z,61.584999084472656,61.78499984741211,61.5099983215332,61.720001220703125,2356
2026-08-06T18:00:00Z,61.73500061035156,61.80500030517578,61.65999984741211,61.72999954223633,627
2026-08-06T19:00:00Z,61.75,62.07500076293945,61.685001373291016,62.029998779296875,1252
2026-08-06T20:00:00Z,62.025001525878906,62.13999938964844,61.73500061035156,61.78499984741211,1095
2026-08-06T22:00:00Z,61.85499954223633,61.8849983215332,61.69499969482422,61.7599983215332,0
2026-08-06T23:00:00Z,61.755001068115234,61.959999084472656,61.744998931884766,61.93000030517578,559
2026-08-07T00:00:00Z,61.915000915527344,61.93000030517578,61.41999816894531,61.470001220703125,585
2026-08-07T01:00:00Z,61.48500061035156,62.38999938964844,61.439998626708984,62.36000061035156,1764
2026-08-07T02:00:00Z,62.369998931884766,62.57500076293945,62.165000915527344,62.279998779296875,1287
2026-08-07T03:00:00Z,62.28499984741211,62.6150016784668,62.28499984741211,62.58000183105469,392
2026-08-07T04:00:00Z,62.58000183105469,62.650001525878906,62.459999084472656,62.525001525878906,274
2026-08-07T05:00:00Z,62.525001525878906,63.04499816894531,62.439998626708984,62.95000076293945,1710
2026-08-07T06:00:00Z,62.96500015258789,64.16500091552734,62.8650016784668,64.0250015258789,7085
2026-08-07T07:00:00Z,64.01000213623047,64.16999816894531,63.76499938964844,64.13999938964844,2251
2026-08-07T08:00:00Z,64.1449966430664,64.74500274658203,64.12000274658203,64.61000061035156,2778
2026-08-07T09:00:00Z,64.625,64.95999908447266,64.55999755859375,64.75,2300
2026-08-07T10:00:00Z,64.73999786376953,64.7699966430664,64.53500366210938,64.61499786376953,1585
2026-08-07T11:00:00Z,64.625,64.73500061035156,64.28500366210938,64.41000366210938,2779
2026-08-07T12:00:00Z,64.42500305175781,65.4800033569336,64.12999725341797,65.04000091552734,7496
2026-08-07T13:00:00Z,65.04000091552734,65.12000274658203,64.00499725341797,64.15499877929688,7331
2026-08-07T14:00:00Z,64.16500091552734,64.18499755859375,63.55500030517578,63.595001220703125,5421
2026-08-07T15:00:00Z,63.60499954223633,63.9900016784668,63.525001525878906,63.55500030517578,2834
2026-08-07T16:00:00Z,63.56999969482422,63.814998626708984,63.33000183105469,63.380001068115234,3849
2026-08-07T17:00:00Z,63.3650016784668,63.654998779296875,63.290000915527344,63.58000183105469,5685
2026-08-07T18:00:00Z,63.57500076293945,63.6349983215332,63.369998931884766,63.53499984741211,2054
2026-08-07T19:00:00Z,63.54999923706055,63.92499923706055,63.540000915527344,63.834999084472656,1783
2026-08-07T20:00:00Z,63.845001220703125,63.845001220703125,63.499000549316406,63.499000549316406,768
2026-08-09T22:00:00Z,63.8849983215332,64.05500030517578,63.71500015258789,63.845001220703125,334
2026-08-09T23:00:00Z,63.79999923706055,64.13500213623047,63.689998626708984,63.73500061035156,446
2026-08-10T00:00:00Z,63.724998474121094,64.23999786376953,63.52000045776367,63.60499954223633,1013
2026-08-10T01:00:00Z,63.60499954223633,63.91999816894531,63.19499969482422,63.64500045776367,2215
2026-08-10T02:00:00Z,63.650001525878906,63.89500045776367,63.48500061035156,63.58000183105469,726
2026-08-10T03:00:00Z,63.584999084472656,63.88999938964844,63.45500183105469,63.814998626708984,351
2026-08-10T04:00:00Z,63.81999969482422,64.11499786376953,63.755001068115234,64.04499816894531,627
2026-08-10T05:00:00Z,64.04000091552734,64.5250015258789,63.814998626708984,64.34500122070312,1651
2026-08-10T06:00:00Z,64.33999633789062,64.4800033569336,64.23500061035156,64.44000244140625,1174
2026-08-10T07:00:00Z,64.44499969482422,64.62999725341797,64.2699966430664,64.50499725341797,969
2026-08-10T08:00:00Z,64.51000213623047,64.5999984741211,64.2699966430664,64.3499984741211,705
2026-08-10T09:00:00Z,64.38500213623047,64.47000122070312,64.26000213623047,64.26499938964844,747
2026-08-10T10:00:00Z,64.24500274658203,64.2699966430664,64.08499908447266,64.11000061035156,1021
2026-08-10T11:00:00Z,64.125,64.30000305175781,64.0,64.25,1234
2026-08-10T12:00:00Z,64.25,64.31999969482422,63.95500183105469,64.05500030517578,1810
2026-08-10T13:00:00Z,64.05500030517578,64.3499984741211,63.78499984741211,63.845001220703125,3491
2026-08-10T14:00:00Z,63.849998474121094,65.07499694824219,63.834999084472656,64.94499969482422,5759
2026-08-10T15:00:00Z,64.95999908447266,65.375,64.74500274658203,65.26499938964844,3758
2026-08-10T16:00:00Z,65.25499725341797,65.51000213623047,64.96499633789062,65.125,3932
2026-08-10T17:00:00Z,65.12999725341797,65.42500305175781,65.01499938964844,65.30500030517578,4109
2026-08-10T18:00:00Z,65.31500244140625,65.93499755859375,65.20999908447266,65.80000305175781,2101
2026-08-10T19:00:00Z,65.80000305175781,66.25,65.80000305175781,65.91000366210938,2429
2026-08-10T20:00:00Z,65.91500091552734,66.03500366210938,65.8550033569336,65.87999725341797,0
2026-08-10T22:00:00Z,65.94499969482422,66.04000091552734,65.82499694824219,66.00499725341797,262
2026-08-10T23:00:00Z,66.02999877929688,66.06999969482422,65.87999725341797,65.98999786376953,202
2026-08-11T00:00:00Z,65.99500274658203,66.4000015258789,65.875,65.98500061035156,1266
2026-08-11T01:00:00Z,65.98500061035156,66.68499755859375,65.59500122070312,66.48500061035156,3459
2026-08-11T02:00:00Z,66.50499725341797,66.5250015258789,65.75,65.88500213623047,1781
2026-08-11T03:00:00Z,65.93499755859375,66.12000274658203,65.88500213623047,65.95999908447266,389
2026-08-11T04:00:00Z,65.95500183105469,66.03500366210938,65.58000183105469,65.76000213623047,963
2026-08-11T05:00:00Z,65.73500061035156,65.73500061035156,64.70500183105469,65.01000213623047,3519
2026-08-11T06:00:00Z,65.0,65.20999908447266,64.47000122070312,64.70999908447266,2594
2026-08-11T07:00:00Z,64.70999908447266,64.81500244140625,64.54499816894531,64.63500213623047,1059
2026-08-11T08:00:00Z,64.66999816894531,65.1050033569336,64.66500091552734,64.88500213623047,1589
2026-08-11T09:00:00Z,64.86000061035156,65.15499877929688,64.81999969482422,65.08499908447266,876
2026-08-11T10:00:00Z,65.0999984741211,65.33499908447266,65.00499725341797,65.28500366210938,1035
2026-08-11T11:00:00Z,65.29499816894531,65.51499938964844,65.23500061035156,65.36499786376953,1507
2026-08-11T12:00:00Z,65.3550033569336,65.51499938964844,65.0,65.01499938964844,2687
2026-08-11T13:00:00Z,65.0199966430664,65.44999694824219,64.87999725341797,65.05000305175781,4252
2026-08-11T14:00:00Z,65.04499816894531,65.29000091552734,64.93499755859375,65.16500091552734,2466
2026-08-11T15:00:00Z,65.19000244140625,65.31999969482422,64.5199966430664,65.125,4210
2026-08-11T16:00:00Z,65.11000061035156,65.27999877929688,65.0250015258789,65.08000183105469,2585
2026-08-11T17:00:00Z,65.0999984741211,65.13999938964844,64.70999908447266,64.7249984741211,4569
2026-08-11T18:00:00Z,64.72000122070312,64.94000244140625,64.56999969482422,64.88500213623047,1303
2026-08-11T19:00:00Z,64.88999938964844,64.99500274658203,64.67500305175781,64.93000030517578,1062
2026-08-11T20:00:00Z,64.94999694824219,64.94999694824219,64.80500030517578,64.84500122070312,421
2026-08-11T21:00:00Z,64.86000061035156,64.86000061035156,64.86000061035156,64.86000061035156,1
2026-08-11T22:00:00Z,64.875,65.06500244140625,64.80999755859375,64.93499755859375,0
2026-08-11T23:00:00Z,64.94000244140625,65.01000213623047,64.87999725341797,64.94000244140625,153
2026-08-12T00:00:00Z,64.94000244140625,65.19999694824219,64.87999725341797,65.06999969482422,342
2026-08-12T01:00:00Z,65.08000183105469,65.37000274658203,64.95500183105469,65.30000305175781,831
2026-08-12T02:00:00Z,65.30500030517578,65.7300033569336,65.19499969482422,65.5999984741211,2258
2026-08-12T03:00:00Z,65.625,65.95500183105469,65.55000305175781,65.55500030517578,1373
2026-08-12T04:00:00Z,65.55500030517578,65.56500244140625,65.27999877929688,65.5199966430664,562
2026-08-12T05:00:00Z,65.53500366210938,65.55999755859375,65.12000274658203,65.4749984741211,1198
2026-08-12T06:00:00Z,65.45500183105469,66.21499633789062,65.31500244140625,66.12000274658203,1906
2026-08-12T07:00:00Z,66.13500213623047,66.37999725341797,66.0250015258789,66.2300033569336,1524
2026-08-12T08:00:00Z,66.26000213623047,66.55000305175781,66.25,66.31500244140625,1514
2026-08-12T09:00:00Z,66.31999969482422,66.9800033569336,66.31500244140625,66.61000061035156,2330
2026-08-12T10:00:00Z,66.6050033569336,66.62000274658203,66.2750015258789,66.44999694824219,1095
2026-08-12T11:00:00Z,66.47000122070312,66.58000183105469,66.33999633789062,66.51000213623047,1143
2026-08-12T12:00:00Z,66.49500274658203,66.9000015258789,65.80000305175781,66.73999786376953,5489
2026-08-12T13:00:00Z,66.73500061035156,66.87999725341797,65.79000091552734,66.30999755859375,7063
2026-08-12T14:00:00Z,66.32499694824219,66.5250015258789,66.0,66.06500244140625,3766
2026-08-12T15:00:00Z,66.05500030517578,66.20999908447266,65.68000030517578,65.96499633789062,3250
2026-08-12T16:00:00Z,65.95500183105469,66.06500244140625,65.2699966430664,65.43499755859375,5285
2026-08-12T17:00:00Z,65.41000366210938,65.7750015258789,65.37000274658203,65.56500244140625,5054
2026-08-12T18:00:00Z,65.55500030517578,65.83999633789062,65.43499755859375,65.69000244140625,1390
2026-08-12T19:00:00Z,65.70500183105469,65.76499938964844,65.45500183105469,65.55000305175781,929
2026-08-12T20:00:00Z,65.54499816894531,65.57499694824219,65.40499877929688,65.52999877929688,356
2026-08-12T21:00:00Z,65.52999877929688,65.52999877929688,65.52999877929688,65.52999877929688,1
2026-08-12T22:00:00Z,65.45500183105469,65.56999969482422,65.22000122070312,65.25,0
2026-08-12T23:00:00Z,65.23999786376953,65.45999908447266,65.23999786376953,65.45999908447266,340
2026-08-13T00:00:00Z,65.4749984741211,66.44999694824219,65.42500305175781,65.94499969482422,2830
2026-08-13T01:00:00Z,65.98500061035156,66.20999908447266,65.44999694824219,65.58499908447266,2445
2026-08-13T02:00:00Z,65.58499908447266,65.79499816894531,65.08000183105469,65.57499694824219,2037
2026-08-13T03:00:00Z,65.56999969482422,65.76000213623047,65.44499969482422,65.4749984741211,364
2026-08-13T04:00:00Z,65.48500061035156,65.55999755859375,65.24500274658203,65.54499816894531,646
2026-08-13T05:00:00Z,65.54499816894531,65.81999969482422,65.03500366210938,65.18000030517578,2116
2026-08-13T06:00:00Z,65.17500305175781,65.30000305175781,64.78500366210938,64.9749984741211,2253
2026-08-13T07:00:00Z,64.97000122070312,64.99500274658203,64.625,64.7300033569336,1548
2026-08-13T08:00:00Z,64.7249984741211,64.77999877929688,64.31500244140625,64.6050033569336,1681
2026-08-13T09:00:00Z,64.63500213623047,64.86000061035156,64.46499633789062,64.81999969482422,937
2026-08-13T10:00:00Z,64.81999969482422,65.21499633789062,64.80500030517578,65.1500015258789,1077
2026-08-13T11:00:00Z,65.13999938964844,65.2300033569336,65.0250015258789,65.2300033569336,1632
2026-08-13T12:00:00Z,65.2249984741211,65.55999755859375,64.96499633789062,65.55999755859375,2810
2026-08-13T13:00:00Z,65.55000305175781,65.59500122070312,64.86000061035156,64.95500183105469,4195
2026-08-13T14:00:00Z,64.96499633789062,65.27999877929688,64.56999969482422,65.16000366210938,5313
2026-08-13T15:00:00Z,65.17500305175781,65.23500061035156,64.55000305175781,64.83000183105469,3124
2026-08-13T16:00:00Z,64.81999969482422,65.00499725341797,64.5999984741211,64.94999694824219,3397
2026-08-13T17:00:00Z,64.95500183105469,65.1449966430664,64.83000183105469,64.83000183105469,4699
2026-08-13T18:00:00Z,64.83499908447266,65.01000213623047,64.68000030517578,64.73999786376953,797
2026-08-13T19:00:00Z,64.73500061035156,64.7750015258789,64.37999725341797,64.54000091552734,1455
2026-08-13T20:00:00Z,64.54499816894531,64.6449966430664,64.4749984741211,64.58499908447266,398
2026-08-13T22:00:00Z,64.62999725341797,64.71499633789062,64.51499938964844,64.63500213623047,0
2026-08-13T23:00:00Z,64.6500015258789,64.82499694824219,64.55999755859375,64.71499633789062,318
2026-08-14T00:00:00Z,64.70500183105469,64.87999725341797,63.845001220703125,64.3550033569336,1530
2026-08-14T01:00:00Z,64.33499908447266,64.33499908447266,63.880001068115234,63.970001220703125,1714
2026-08-14T02:00:00Z,63.970001220703125,64.26499938964844,63.845001220703125,63.95000076293945,1416
2026-08-14T03:00:00Z,63.94499969482422,64.3550033569336,63.915000915527344,64.18000030517578,671
2026-08-14T04:00:00Z,64.13500213623047,64.18000030517578,64.05000305175781,64.1449966430664,203
2026-08-14T05:00:00Z,64.13999938964844,64.44499969482422,63.64500045776367,64.41000366210938,1886
2026-08-14T06:00:00Z,64.41999816894531,64.56500244140625,64.27999877929688,64.5250015258789,1194
2026-08-14T07:00:00Z,64.52999877929688,64.86499786376953,64.4000015258789,64.7699966430664,949
2026-08-14T08:00:00Z,64.76000213623047,64.90499877929688,64.66000366210938,64.87999725341797,1239
2026-08-14T09:00:00Z,64.86499786376953,65.07499694824219,64.80000305175781,65.05500030517578,908
2026-08-14T10:00:00Z,65.05000305175781,65.07499694824219,64.7699966430664,64.81999969482422,664
2026-08-14T11:00:00Z,64.83000183105469,65.19000244140625,64.76499938964844,65.16999816894531,1444
2026-08-14T12:00:00Z,65.16000366210938,65.29000091552734,64.94999694824219,65.24500274658203,1955
2026-08-14T13:00:00Z,65.25,65.6449966430664,65.09500122070312,65.55000305175781,3411
2026-08-14T14:00:00Z,65.54499816894531,65.88500213623047,65.32499694824219,65.4000015258789,3474
2026-08-14T15:00:00Z,65.375,65.55000305175781,65.16500091552734,65.20500183105469,2217
2026-08-14T16:00:00Z,65.21499633789062,65.29499816894531,64.9000015258789,65.12999725341797,2373
2026-08-14T17:00:00Z,65.12999725341797,65.16500091552734,64.88500213623047,64.98500061035156,1980
2026-08-14T18:00:00Z,64.96499633789062,65.04000091552734,64.8499984741211,64.9000015258789,932
2026-08-14T19:00:00Z,64.91000366210938,64.9800033569336,64.81999969482422,64.87999725341797,624
2026-08-14T20:00:00Z,64.875,65.10800170898438,64.78500366210938,65.10800170898438,465
2026-08-16T22:00:00Z,64.92500305175781,65.38999938964844,64.9000015258789,65.37999725341797,724
2026-08-16T23:00:00Z,65.36499786376953,65.37999725341797,64.91000366210938,64.96499633789062,713
2026-08-17T00:00:00Z,64.98999786376953,65.66999816894531,64.96499633789062,65.66999816894531,991
2026-08-17T01:00:00Z,65.65499877929688,66.3949966430664,65.61000061035156,65.84500122070312,2803
2026-08-17T02:00:00Z,65.875,66.0199966430664,65.61499786376953,65.80000305175781,808
2026-08-17T03:00:00Z,65.80000305175781,65.87000274658203,65.62999725341797,65.69499969482422,436
2026-08-17T04:00:00Z,65.7249984741211,65.79000091552734,65.55000305175781,65.59500122070312,500
2026-08-17T05:00:00Z,65.5999984741211,66.02999877929688,65.5999984741211,65.93000030517578,755
2026-08-17T06:00:00Z,65.94000244140625,66.12000274658203,65.82499694824219,66.05999755859375,1286
2026-08-17T07:00:00Z,66.06500244140625,66.125,65.75,65.86000061035156,1270
2026-08-17T08:00:00Z,65.83000183105469,65.83000183105469,65.58499908447266,65.62000274658203,849
2026-08-17T09:00:00Z,65.6500015258789,65.73500061035156,65.58999633789062,65.625,552
2026-08-17T10:00:00Z,65.625,65.9800033569336,65.55999755859375,65.7300033569336,1287
2026-08-17T11:00:00Z,65.73500061035156,65.9800033569336,65.69499969482422,65.80999755859375,984
2026-08-17T12:00:00Z,65.80000305175781,65.88999938964844,65.29499816894531,65.38500213623047,2758
2026-08-17T13:00:00Z,65.4000015258789,65.90499877929688,65.2249984741211,65.81999969482422,3392
2026-08-17T14:00:00Z,65.83499908447266,66.55999755859375,65.7699966430664,66.38500213623047,5798
2026-08-17T15:00:00Z,66.4000015258789,66.73500061035156,66.28500366210938,66.61000061035156,3287
2026-08-17T16:00:00Z,66.62000274658203,66.63999938964844,66.43499755859375,66.54000091552734,2860
2026-08-17T17:00:00Z,66.54499816894531,66.58999633789062,66.04000091552734,66.08000183105469,4133
2026-08-17T18:00:00Z,66.08499908447266,66.16500091552734,65.8499984741211,65.95500183105469,1770
2026-08-17T19:00:00Z,65.94999694824219,66.125,65.81500244140625,66.05500030517578,1078
2026-08-17T20:00:00Z,66.04499816894531,66.07499694824219,65.87000274658203,65.90499877929688,654
2026-08-17T22:00:00Z,65.8949966430664,65.9800033569336,65.76000213623047,65.80000305175781,0
2026-08-17T23:00:00Z,65.77999877929688,66.08999633789062,65.76499938964844,66.08499908447266,492
2026-08-18T00:00:00Z,66.09500122070312,66.59500122070312,65.98500061035156,66.54499816894531,1064
2026-08-18T01:00:00Z,66.55500030517578,66.68499755859375,65.55500030517578,65.76499938964844,2551
2026-08-18T02:00:00Z,65.75,65.75,65.2750015258789,65.4749984741211,1626
2026-08-18T03:00:00Z,65.4800033569336,65.6050033569336,65.27999877929688,65.30500030517578,1227
2026-08-18T04:00:00Z,65.30000305175781,65.3499984741211,65.19499969482422,65.2699966430664,787
2026-08-18T05:00:00Z,65.25499725341797,65.36000061035156,64.84500122070312,65.29000091552734,2065
2026-08-18T06:00:00Z,65.26000213623047,65.52999877929688,65.05500030517578,65.37000274658203,1727
2026-08-18T07:00:00Z,65.37000274658203,65.40499877929688,65.11000061035156,65.11000061035156,1010
2026-08-18T08:00:00Z,65.11499786376953,65.20999908447266,64.94000244140625,65.09500122070312,1088
2026-08-18T09:00:00Z,65.0999984741211,65.20500183105469,64.98500061035156,65.19499969482422,590
2026-08-18T10:00:00Z,65.18499755859375,65.2699966430664,65.05999755859375,65.23500061035156,704
2026-08-18T11:00:00Z,65.23999786376953,65.2750015258789,65.0250015258789,65.26499938964844,1231
2026-08-18T12:00:00Z,65.26000213623047,65.3550033569336,65.05000305175781,65.23999786376953,1745
2026-08-18T13:00:00Z,65.2300033569336,65.41500091552734,64.62999725341797,65.0,5871
2026-08-18T14:00:00Z,64.98999786376953,65.09500122070312,64.22000122070312,64.2699966430664,6123
2026-08-18T15:00:00Z,64.2699966430664,64.44000244140625,63.599998474121094,64.08000183105469,7468
2026-08-18T16:00:00Z,64.08000183105469,64.2249984741211,63.92499923706055,63.974998474121094,2515
2026-08-18T17:00:00Z,63.959999084472656,64.1050033569336,63.88999938964844,63.939998626708984,3428
2026-08-18T18:00:00Z,63.92499923706055,63.98500061035156,63.79999923706055,63.8650016784668,1093
2026-08-18T19:00:00Z,63.875,63.959999084472656,63.42499923706055,63.66999816894531,1901
2026-08-18T20:00:00Z,63.65999984741211,63.689998626708984,63.27000045776367,63.41999816894531,1657
2026-08-18T22:00:00Z,63.42499923706055,63.52000045776367,63.22999954223633,63.26499938964844,0
2026-08-18T23:00:00Z,63.275001525878906,63.36000061035156,62.834999084472656,63.04499816894531,2476
2026-08-19T00:00:00Z,63.04999923706055,63.25,62.95000076293945,63.04499816894531,1721
2026-08-19T01:00:00Z,63.03499984741211,63.43000030517578,62.45000076293945,63.27000045776367,4043
2026-08-19T02:00:00Z,63.279998779296875,63.349998474121094,63.029998779296875,63.1349983215332,1066
2026-08-19T03:00:00Z,63.13999938964844,63.27000045776367,62.95500183105469,63.1349983215332,627
2026-08-19T04:00:00Z,63.130001068115234,63.154998779296875,62.81999969482422,62.93000030517578,691
2026-08-19T05:00:00Z,62.95500183105469,62.96500015258789,62.63999938964844,62.744998931884766,1311
2026-08-19T06:00:00Z,62.7599983215332,63.20500183105469,62.70000076293945,63.20000076293945,2319
2026-08-19T07:00:00Z,63.20500183105469,63.3650016784668,63.099998474121094,63.154998779296875,1606
2026-08-19T08:00:00Z,63.1349983215332,63.3650016784668,63.11000061035156,63.14500045776367,1128
2026-08-19T09:00:00Z,63.13999938964844,63.31999969482422,63.099998474121094,63.31999969482422,857
2026-08-19T10:00:00Z,63.31999969482422,63.474998474121094,63.220001220703125,63.42499923706055,896
2026-08-19T11:00:00Z,63.43000030517578,63.7400016784668,63.35499954223633,63.619998931884766,1992
2026-08-19T12:00:00Z,63.625,65.2300033569336,63.57500076293945,65.0,9701
2026-08-19T13:00:00Z,64.98500061035156,65.55500030517578,64.59500122070312,65.18000030517578,10785
2026-08-19T14:00:00Z,65.18499755859375,66.0250015258789,65.0999984741211,65.70999908447266,8010
2026-08-19T15:00:00Z,65.70999908447266,66.0199966430664,65.51499938964844,65.9749984741211,4197
2026-08-19T16:00:00Z,65.98999786376953,66.16000366210938,65.8949966430664,65.9000015258789,3828
2026-08-19T17:00:00Z,65.9000015258789,66.03500366210938,65.70999908447266,65.80999755859375,4473
2026-08-19T18:00:00Z,65.80500030517578,66.18000030517578,65.59500122070312,66.16999816894531,2824
2026-08-19T19:00:00Z,66.18000030517578,66.54499816894531,66.16500091552734,66.50499725341797,2474
2026-08-19T20:00:00Z,66.51000213623047,67.28500366210938,66.41999816894531,67.12999725341797,2571
2026-08-19T22:00:00Z,67.08000183105469,67.36000061035156,66.93499755859375,67.03500366210938,0
2026-08-19T23:00:00Z,66.98500061035156,67.23999786376953,66.98500061035156,67.0999984741211,867
2026-08-20T00:00:00Z,67.07499694824219,67.41999816894531,66.80000305175781,66.86499786376953,1385
2026-08-20T01:00:00Z,66.8949966430664,67.05500030517578,66.50499725341797,66.86000061035156,3527
2026-08-20T02:00:00Z,66.86000061035156,67.46499633789062,66.86000061035156,67.16999816894531,2655
2026-08-20T03:00:00Z,67.19000244140625,67.37999725341797,67.0999984741211,67.27999877929688,715
2026-08-20T04:00:00Z,67.30000305175781,67.31500244140625,66.98500061035156,67.19000244140625,1091
2026-08-20T05:00:00Z,67.20500183105469,67.41999816894531,66.74500274658203,66.92500305175781,1726
2026-08-20T06:00:00Z,66.91999816894531,67.27999877929688,66.83999633789062,67.1449966430664,1500
2026-08-20T07:00:00Z,67.13999938964844,67.15499877929688,66.58499908447266,66.70999908447266,1987
2026-08-20T08:00:00Z,66.71499633789062,66.98999786376953,66.66500091552734,66.79499816894531,1305
2026-08-20T09:00:00Z,66.80000305175781,66.90499877929688,66.7300033569336,66.79499816894531,488
2026-08-20T10:00:00Z,66.80500030517578,67.09500122070312,66.74500274658203,66.99500274658203,1037
2026-08-20T11:00:00Z,67.0,67.01499938964844,66.26000213623047,66.26499938964844,2889
2026-08-20T12:00:00Z,66.29000091552734,66.73500061035156,65.75499725341797,66.63999938964844,6471
2026-08-20T13:00:00Z,66.66500091552734,67.62999725341797,66.6050033569336,67.2750015258789,6889
2026-08-20T14:00:00Z,67.27999877929688,68.48999786376953,67.19999694824219,68.45999908447266,9043
2026-08-20T15:00:00Z,68.46499633789062,69.04499816894531,68.20999908447266,68.37999725341797,12181
2026-08-20T16:00:00Z,68.38999938964844,68.5,67.9800033569336,68.27999877929688,4092
2026-08-20T17:00:00Z,68.29499816894531,68.375,68.05500030517578,68.23999786376953,3467
2026-08-20T18:00:00Z,68.25,68.2699966430664,67.82499694824219,67.99500274658203,1819
2026-08-20T19:00:00Z,67.9800033569336,68.44000244140625,67.93000030517578,68.33999633789062,1529
2026-08-20T20:00:00Z,68.31999969482422,68.36499786376953,68.11499786376953,68.12999725341797,877
2026-08-20T22:00:00Z,68.29000091552734,68.3550033569336,68.13999938964844,68.31500244140625,0
2026-08-20T23:00:00Z,68.28500366210938,68.44999694824219,68.23999786376953,68.27999877929688,728
2026-08-21T00:00:00Z,68.25499725341797,68.30000305175781,67.98999786376953,68.01499938964844,994
2026-08-21T01:00:00Z,68.04000091552734,68.7699966430664,67.95999908447266,68.61000061035156,2288
2026-08-21T02:00:00Z,68.61000061035156,69.0999984741211,68.40499877929688,68.79499816894531,1941
2026-08-21T03:00:00Z,68.79000091552734,69.04499816894531,68.7699966430664,68.94000244140625,868
2026-08-21T04:00:00Z,68.94499969482422,69.23500061035156,68.94499969482422,69.0250015258789,789
2026-08-21T05:00:00Z,69.03500366210938,69.25,68.7750015258789,69.2249984741211,1259
2026-08-21T06:00:00Z,69.22000122070312,69.24500274658203,68.83999633789062,68.88500213623047,2379
2026-08-21T07:00:00Z,68.87000274658203,69.48500061035156,68.84500122070312,69.36000061035156,2817
2026-08-21T08:00:00Z,69.37999725341797,69.96499633789062,69.17500305175781,69.87999725341797,3114
2026-08-21T09:00:00Z,69.875,70.04499816894531,69.47000122070312,69.4749984741211,3085
2026-08-21T10:00:00Z,69.4800033569336,69.6050033569336,69.2300033569336,69.54000091552734,2173
2026-08-21T11:00:00Z,69.54000091552734,70.08000183105469,69.4749984741211,69.75,4268
2026-08-21T12:00:00Z,69.76499938964844,69.80000305175781,69.11499786376953,69.4800033569336,4145
2026-08-21T13:00:00Z,69.4749984741211,69.9000015258789,69.29499816894531,69.3949966430664,6088
2026-08-21T14:00:00Z,69.38999938964844,69.84500122070312,68.92500305175781,69.19499969482422,7131
2026-08-21T15:00:00Z,69.19999694824219,69.75499725341797,69.05999755859375,69.58000183105469,4511
2026-08-21T16:00:00Z,69.58499908447266,70.0199966430664,69.3949966430664,69.95500183105469,4626
2026-08-21T17:00:00Z,69.97000122070312,70.00499725341797,69.44000244140625,69.56500244140625,4926
2026-08-21T18:00:00Z,69.55500030517578,69.78500366210938,69.52999877929688,69.6449966430664,1119
2026-08-21T19:00:00Z,69.61000061035156,69.61499786376953,69.31500244140625,69.44000244140625,1316
2026-08-21T20:00:00Z,69.42500305175781,69.52999877929688,68.86499786376953,69.52999877929688,1756
2026-08-23T22:00:00Z,69.41999816894531,69.48999786376953,68.94999694824219,68.95999908447266,717
2026-08-23T23:00:00Z,68.95999908447266,69.3949966430664,68.88500213623047,69.36499786376953,442
2026-08-24T00:00:00Z,69.3949966430664,69.66500091552734,68.71499633789062,69.33000183105469,1827
2026-08-24T01:00:00Z,69.33999633789062,69.54499816894531,68.41999816894531,68.8499984741211,2828
2026-08-24T02:00:00Z,68.79000091552734,69.3550033569336,68.66999816894531,68.94999694824219,2190
2026-08-24T03:00:00Z,68.95999908447266,69.20999908447266,68.80500030517578,68.95999908447266,860
2026-08-24T04:00:00Z,68.95999908447266,69.0199966430664,68.83000183105469,68.87000274658203,572
2026-08-24T05:00:00Z,68.91999816894531,69.04499816894531,68.62999725341797,68.96499633789062,1017
2026-08-24T06:00:00Z,68.98999786376953,69.42500305175781,68.94499969482422,69.12999725341797,2043
2026-08-24T07:00:00Z,69.12999725341797,69.24500274658203,68.75,68.86499786376953,1656
2026-08-24T08:00:00Z,68.875,69.08999633789062,68.6050033569336,68.69499969482422,1884
2026-08-24T09:00:00Z,68.69499969482422,68.83999633789062,68.62000274658203,68.82499694824219,1079
2026-08-24T10:00:00Z,68.81999969482422,69.0,68.73999786376953,68.79000091552734,1202
2026-08-24T11:00:00Z,68.80999755859375,69.51499938964844,68.69000244140625,69.26499938964844,2977
2026-08-24T12:00:00Z,69.26499938964844,69.4800033569336,68.9000015258789,69.18000030517578,3903
2026-08-24T13:00:00Z,69.18000030517578,69.92500305175781,68.80000305175781,68.99500274658203,8466
2026-08-24T14:00:00Z,68.99500274658203,69.28500366210938,68.625,68.93499755859375,6210
2026-08-24T15:00:00Z,68.94000244140625,69.29499816894531,68.33499908447266,68.54499816894531,5930
2026-08-24T16:00:00Z,68.55500030517578,68.87999725341797,68.5199966430664,68.68000030517578,3891
2026-08-24T17:00:00Z,68.68499755859375,68.91500091552734,68.34500122070312,68.48999786376953,4690
2026-08-24T18:00:00Z,68.4800033569336,68.74500274658203,68.30999755859375,68.51499938964844,1921
2026-08-24T19:00:00Z,68.5250015258789,68.8550033569336,68.49500274658203,68.82499694824219,1315
2026-08-24T20:00:00Z,68.8499984741211,68.98999786376953,68.80999755859375,68.96499633789062,790
2026-08-24T22:00:00Z,68.96499633789062,69.26000213623047,68.94000244140625,69.21499633789062,0
2026-08-24T23:00:00Z,69.24500274658203,69.78500366210938,69.18000030517578,69.72000122070312,886
2026-08-25T00:00:00Z,69.75,69.98500061035156,69.33999633789062,69.4800033569336,1375
2026-08-25T01:00:00Z,69.45500183105469,69.53500366210938,68.76000213623047,68.76000213623047,1470
2026-08-25T02:00:00Z,68.76000213623047,68.8550033569336,67.5,67.75,5376
2026-08-25T03:00:00Z,67.74500274658203,68.06999969482422,67.66000366210938,67.93000030517578,1116
2026-08-25T04:00:00Z,67.95500183105469,68.01499938964844,67.70500183105469,67.77999877929688,546
2026-08-25T05:00:00Z,67.7750015258789,68.27999877929688,67.7300033569336,68.0199966430664,1656
2026-08-25T06:00:00Z,68.01499938964844,68.625,67.95999908447266,68.36000061035156,2079
2026-08-25T07:00:00Z,68.36499786376953,68.41000366210938,68.01000213623047,68.01499938964844,1752
2026-08-25T08:00:00Z,68.01499938964844,68.20999908447266,67.68499755859375,67.8499984741211,2481
2026-08-25T09:00:00Z,67.83999633789062,68.19000244140625,67.52999877929688,68.0250015258789,2114
2026-08-25T10:00:00Z,68.0199966430664,68.06500244140625,67.77999877929688,67.86499786376953,1189
2026-08-25T11:00:00Z,67.8499984741211,68.59400177001953,67.76499938964844,68.06999969482422,1739
2026-08-25T12:00:00Z,68.08000183105469,68.20999908447266,67.75,68.19999694824219,2495
2026-08-25T13:00:00Z,68.20500183105469,68.2300033569336,67.38500213623047,67.66500091552734,6136
2026-08-25T14:00:00Z,67.6500015258789,68.19999694824219,67.6500015258789,68.1050033569336,4350
2026-08-25T15:00:00Z,68.13999938964844,68.87999725341797,67.98999786376953,68.82499694824219,4091
2026-08-25T16:00:00Z,68.83000183105469,68.8499984741211,68.51000213623047,68.69000244140625,3111
2026-08-25T17:00:00Z,68.69000244140625,68.95999908447266,68.5999984741211,68.875,2391
2026-08-25T18:00:00Z,68.88500213623047,68.93000030517578,68.76000213623047,68.8949966430664,836
2026-08-25T19:00:00Z,68.92500305175781,69.27999877929688,68.875,68.94000244140625,2978
2026-08-25T20:00:00Z,68.94999694824219,68.9800033569336,68.58499908447266,68.62999725341797,766
2026-08-25T22:00:00Z,68.62999725341797,69.09500122070312,68.62999725341797,69.05000305175781,0
2026-08-25T23:00:00Z,69.05999755859375,69.08000183105469,68.69999694824219,68.74500274658203,297
2026-08-26T00:00:00Z,68.7300033569336,68.83999633789062,68.38500213623047,68.4000015258789,861
2026-08-26T01:00:00Z,68.40499877929688,69.4749984741211,68.19000244140625,69.31999969482422,3109
2026-08-26T02:00:00Z,69.33999633789062,69.75,69.2300033569336,69.46499633789062,1959
2026-08-26T03:00:00Z,69.42500305175781,69.48999786376953,69.12999725341797,69.26000213623047,1337
2026-08-26T04:00:00Z,69.22000122070312,69.2750015258789,68.97000122070312,68.99500274658203,845
2026-08-26T05:00:00Z,69.00499725341797,69.42500305175781,69.00499725341797,69.2249984741211,1744
2026-08-26T06:00:00Z,69.21499633789062,69.21499633789062,68.61000061035156,68.74500274658203,1711
2026-08-26T07:00:00Z,68.77999877929688,68.93000030517578,68.61000061035156,68.66999816894531,2345
2026-08-26T08:00:00Z,68.6500015258789,68.70500183105469,68.4749984741211,68.61000061035156,1415
2026-08-26T09:00:00Z,68.61000061035156,68.68499755859375,68.42500305175781,68.65499877929688,1380
2026-08-26T10:00:00Z,68.62000274658203,68.63500213623047,68.43000030517578,68.44000244140625,1174
2026-08-26T11:00:00Z,68.44999694824219,68.63500213623047,68.36499786376953,68.62000274658203,2154
2026-08-26T12:00:00Z,68.63999938964844,68.95999908447266,68.30000305175781,68.31999969482422,3876
2026-08-26T13:00:00Z,68.30999755859375,68.49500274658203,67.83000183105469,68.44499969482422,5937
2026-08-26T14:00:00Z,68.44000244140625,68.56999969482422,67.87999725341797,67.87999725341797,4615
2026-08-26T15:00:00Z,67.875,68.11499786376953,67.48500061035156,67.9000015258789,7426
2026-08-26T16:00:00Z,67.90499877929688,68.05000305175781,67.80000305175781,67.97000122070312,2070
2026-08-26T17:00:00Z,67.9749984741211,68.125,67.87999725341797,67.95500183105469,2489
2026-08-26T18:00:00Z,67.93000030517578,68.23500061035156,67.93000030517578,68.1449966430664,1418
2026-08-26T19:00:00Z,68.13999938964844,68.26499938964844,68.05000305175781,68.12999725341797,1399
2026-08-26T20:00:00Z,68.12999725341797,68.1500015258789,67.87000274658203,68.08499908447266,622
2026-08-26T22:00:00Z,68.08999633789062,68.80000305175781,68.08999633789062,68.68000030517578,0
2026-08-26T23:00:00Z,68.70999908447266,68.97000122070312,68.67500305175781,68.875,537
2026-08-27T00:00:00Z,68.8949966430664,68.96499633789062,68.41000366210938,68.41000366210938,292
2026-08-27T01:00:00Z,68.46499633789062,69.55000305175781,68.38999938964844,69.5250015258789,996
2026-08-27T02:00:00Z,69.5199966430664,69.55000305175781,68.9749984741211,69.15499877929688,687
2026-08-27T03:00:00Z,69.1449966430664,69.41999816894531,68.9800033569336,68.9800033569336,343
2026-08-27T04:00:00Z,69.0,69.04499816894531,68.80500030517578,68.91999816894531,401
2026-08-27T05:00:00Z,68.91999816894531,69.02999877929688,68.30500030517578,68.5999984741211,779
2026-08-27T06:00:00Z,68.625,68.79000091552734,68.44499969482422,68.55000305175781,1275
2026-08-27T07:00:00Z,68.51000213623047,69.30000305175781,68.30500030517578,69.19000244140625,8913
2026-08-27T08:00:00Z,69.18499755859375,69.31500244140625,69.0999984741211,69.26499938964844,958
2026-08-27T09:00:00Z,69.2699966430664,69.30000305175781,68.87999725341797,68.91000366210938,1122
2026-08-27T10:00:00Z,68.90499877929688,69.23500061035156,68.70500183105469,69.20999908447266,1718
2026-08-27T11:00:00Z,69.20500183105469,69.27999877929688,69.0,69.05000305175781,1612
2026-08-27T12:00:00Z,69.03500366210938,69.19000244140625,68.62000274658203,68.74500274658203,2770
2026-08-27T13:00:00Z,68.75499725341797,69.1500015258789,68.33000183105469,68.69000244140625,7578
2026-08-27T14:00:00Z,68.70500183105469,69.58999633789062,68.66000366210938,69.48999786376953,5303
2026-08-27T15:00:00Z,69.48999786376953,70.25,69.33499908447266,70.21499633789062,5487
2026-08-27T16:00:00Z,70.2249984741211,70.40499877929688,69.93000030517578,70.37999725341797,5003
2026-08-27T17:00:00Z,70.375,70.52999877929688,70.05000305175781,70.08499908447266,4132
2026-08-27T18:00:00Z,70.08000183105469,70.08999633789062,69.80000305175781,70.01000213623047,1476
2026-08-27T19:00:00Z,70.0199966430664,70.34500122070312,70.01000213623047,70.25499725341797,1252
2026-08-27T20:00:00Z,70.25,70.25499725341797,69.9800033569336,70.06500244140625,580
2026-08-27T22:00:00Z,70.04499816894531,70.2750015258789,69.97000122070312,70.22000122070312,0
2026-08-27T23:00:00Z,70.22000122070312,70.22000122070312,69.91999816894531,69.93000030517578,483
2026-08-28T00:00:00Z,69.93000030517578,70.19499969482422,69.71499633789062,69.80000305175781,628
2026-08-28T01:00:00Z,69.80999755859375,70.47000122070312,69.21499633789062,69.34500122070312,3400
2026-08-28T02:00:00Z,69.3550033569336,69.86499786376953,69.34500122070312,69.78500366210938,1152
2026-08-28T03:00:00Z,69.7699966430664,69.88500213623047,69.55000305175781,69.56500244140625,760
2026-08-28T04:00:00Z,69.58999633789062,69.74500274658203,69.5199966430664,69.70500183105469,497
2026-08-28T05:00:00Z,69.72000122070312,69.7300033569336,69.40499877929688,69.5,717
2026-08-28T06:00:00Z,69.5,71.25499725341797,69.47000122070312,71.23500061035156,4190
2026-08-28T07:00:00Z,71.2300033569336,71.7750015258789,70.93000030517578,71.5199966430664,3448
2026-08-28T08:00:00Z,71.51000213623047,71.6050033569336,71.05000305175781,71.19499969482422,1386
2026-08-28T09:00:00Z,71.25499725341797,71.41000366210938,71.18499755859375,71.33499908447266,879
2026-08-28T10:00:00Z,71.33999633789062,71.47000122070312,71.08499908447266,71.23500061035156,1256
2026-08-28T11:00:00Z,71.2300033569336,71.2750015258789,70.94000244140625,71.0199966430664,1908
2026-08-28T12:00:00Z,71.00499725341797,71.59500122070312,70.9800033569336,71.5250015258789,2932
2026-08-28T13:00:00Z,71.52999877929688,71.96499633789062,71.18499755859375,71.51499938964844,6860
2026-08-28T14:00:00Z,71.5199966430664,72.05000305175781,68.93000030517578,70.67500305175781,20224
2026-08-28T15:00:00Z,70.69000244140625,70.81999969482422,68.69000244140625,68.81500244140625,9110
2026-08-28T16:00:00Z,68.83499908447266,68.94999694824219,67.13999938964844,67.69999694824219,14447
2026-08-28T17:00:00Z,67.71499633789062,67.98999786376953,67.3550033569336,67.58000183105469,4476
2026-08-28T18:00:00Z,67.57499694824219,67.62000274658203,66.83000183105469,67.04000091552734,3755
2026-08-28T19:00:00Z,67.01499938964844,67.33000183105469,66.95999908447266,67.18499755859375,1927
2026-08-28T20:00:00Z,67.17500305175781,67.78600311279297,66.98999786376953,67.78600311279297,873
2026-08-30T22:00:00Z,66.95999908447266,67.3499984741211,66.93000030517578,67.26000213623047,1097
2026-08-30T23:00:00Z,67.24500274658203,67.38500213623047,66.69499969482422,67.18499755859375,1572
2026-08-31T00:00:00Z,67.16999816894531,67.55500030517578,67.01499938964844,67.13500213623047,1042
2026-08-31T01:00:00Z,67.13999938964844,67.5,66.73500061035156,66.9749984741211,2316
2026-08-31T02:00:00Z,66.91000366210938,66.91000366210938,66.36499786376953,66.80999755859375,1680
2026-08-31T03:00:00Z,66.83000183105469,67.05000305175781,66.78500366210938,66.83999633789062,525
2026-08-31T04:00:00Z,66.84500122070312,67.11499786376953,66.80000305175781,67.05999755859375,436
2026-08-31T05:00:00Z,67.06500244140625,67.55999755859375,67.05000305175781,67.43000030517578,1350
2026-08-31T06:00:00Z,67.43000030517578,67.55000305175781,67.11000061035156,67.37999725341797,1162
2026-08-31T07:00:00Z,67.37000274658203,67.76000213623047,67.3499984741211,67.66000366210938,1483
2026-08-31T08:00:00Z,67.65499877929688,67.8499984741211,67.55999755859375,67.66000366210938,941
2026-08-31T09:00:00Z,67.65499877929688,67.80999755859375,67.63999938964844,67.71499633789062,478
2026-08-31T10:00:00Z,67.72000122070312,67.97000122070312,67.6449966430664,67.91500091552734,721
2026-08-31T11:00:00Z,67.90499877929688,68.1500015258789,67.88999938964844,67.98999786376953,1023
2026-08-31T12:00:00Z,67.96499633789062,68.18000030517578,67.3499984741211,67.3499984741211,3272
2026-08-31T13:00:00Z,67.3499984741211,67.63500213623047,66.96499633789062,67.125,3713
2026-08-31T14:00:00Z,67.1500015258789,67.25499725341797,66.7750015258789,66.98999786376953,3335
2026-08-31T15:00:00Z,66.9800033569336,67.13500213623047,66.7300033569336,66.81999969482422,2477
2026-08-31T16:00:00Z,66.80000305175781,67.19999694824219,66.73999786376953,66.9800033569336,2024
2026-08-31T17:00:00Z,66.9749984741211,67.18499755859375,66.87999725341797,67.04499816894531,1990
2026-08-31T18:00:00Z,67.04000091552734,67.05999755859375,66.7300033569336,66.80999755859375,980
2026-08-31T19:00:00Z,66.80000305175781,67.33499908447266,66.75,67.2699966430664,1441
2026-08-31T20:00:00Z,67.2750015258789,67.4000015258789,67.15499877929688,67.20500183105469,501
2026-08-31T22:00:00Z,67.2750015258789,67.3499984741211,67.16999816894531,67.18499755859375,0
2026-08-31T23:00:00Z,67.18000030517578,67.29499816894531,67.0999984741211,67.28500366210938,341
2026-09-01T00:00:00Z,67.29000091552734,67.625,67.2249984741211,67.50499725341797,1200
2026-09-01T01:00:00Z,67.51000213623047,67.58499908447266,67.11499786376953,67.3949966430664,1703
2026-09-01T02:00:00Z,67.4000015258789,67.53500366210938,66.73500061035156,67.37000274658203,1592
2026-09-01T03:00:00Z,67.37999725341797,67.55000305175781,67.12999725341797,67.41000366210938,711
2026-09-01T04:00:00Z,67.3949966430664,67.41999816894531,67.01000213623047,67.02999877929688,592
2026-09-01T05:00:00Z,67.03500366210938,67.72000122070312,66.84500122070312,67.3550033569336,1471
2026-09-01T06:00:00Z,67.36000061035156,67.44000244140625,67.06999969482422,67.0999984741211,775
2026-09-01T07:00:00Z,67.0999984741211,67.30000305175781,66.5999984741211,67.05999755859375,1335
2026-09-01T08:00:00Z,67.05500030517578,67.11000061035156,65.31999969482422,65.33000183105469,5995
2026-09-01T09:00:00Z,65.33499908447266,65.44000244140625,65.06999969482422,65.11499786376953,2732
2026-09-01T10:00:00Z,65.11499786376953,65.73999786376953,65.0999984741211,65.4000015258789,1690
2026-09-01T11:00:00Z,65.41000366210938,65.69000244140625,65.27999877929688,65.38500213623047,1737
2026-09-01T12:00:00Z,65.3949966430664,65.75,65.19000244140625,65.32499694824219,3448
2026-09-01T13:00:00Z,65.31999969482422,65.54000091552734,64.83000183105469,65.4800033569336,6036
2026-09-01T14:00:00Z,65.45999908447266,65.7750015258789,65.16999816894531,65.38999938964844,4014
2026-09-01T15:00:00Z,65.40499877929688,65.90499877929688,65.27999877929688,65.83999633789062,2463
2026-09-01T16:00:00Z,65.84500122070312,65.9749984741211,65.36000061035156,65.43000030517578,3017
2026-09-01T17:00:00Z,65.43499755859375,65.4800033569336,65.17500305175781,65.19999694824219,3755
2026-09-01T18:00:00Z,65.2249984741211,65.26000213623047,64.73500061035156,64.79000091552734,2062
2026-09-01T19:00:00Z,64.78500366210938,64.94499969482422,64.61499786376953,64.69499969482422,1667
2026-09-01T20:00:00Z,64.68499755859375,64.76499938964844,64.61000061035156,64.66000366210938,832
2026-09-01T22:00:00Z,64.69499969482422,64.82499694824219,64.54499816894531,64.65499877929688,0
2026-09-01T23:00:00Z,64.6500015258789,64.86000061035156,64.59500122070312,64.68499755859375,866
2026-09-02T00:00:00Z,64.69499969482422,64.96499633789062,64.36499786376953,64.46499633789062,1321
2026-09-02T01:00:00Z,64.44499969482422,64.75,63.91999816894531,63.959999084472656,3073
2026-09-02T02:00:00Z,63.96500015258789,64.5199966430664,63.880001068115234,64.30000305175781,1879
2026-09-02T03:00:00Z,64.28500366210938,64.41500091552734,64.00499725341797,64.24500274658203,934
2026-09-02T04:00:00Z,64.26499938964844,64.3550033569336,64.22000122070312,64.34500122070312,332
2026-09-02T05:00:00Z,64.33000183105469,64.76499938964844,64.22000122070312,64.56500244140625,962
2026-09-02T06:00:00Z,64.58999633789062,64.75,64.41500091552734,64.55000305175781,972
2026-09-02T07:00:00Z,64.56999969482422,64.80000305175781,64.5,64.58000183105469,891
2026-09-02T08:00:00Z,64.58499908447266,64.7699966430664,64.32499694824219,64.34500122070312,876
2026-09-02T09:00:00Z,64.33499908447266,64.56500244140625,64.19499969482422,64.24500274658203,861
2026-09-02T10:00:00Z,64.25,64.3949966430664,64.1500015258789,64.25499725341797,771
2026-09-02T11:00:00Z,64.24500274658203,64.97000122070312,64.21499633789062,64.90499877929688,1925
2026-09-02T12:00:00Z,64.91000366210938,65.18000030517578,64.79000091552734,64.82499694824219,2701
2026-09-02T13:00:00Z,64.81500244140625,66.1050033569336,64.78500366210938,66.0999984741211,6315
2026-09-02T14:00:00Z,66.08999633789062,66.17500305175781,65.63500213623047,65.68499755859375,3957
2026-09-02T15:00:00Z,65.68499755859375,65.81999969482422,65.49500274658203,65.69000244140625,2617
2026-09-02T16:00:00Z,65.68499755859375,65.72000122070312,65.45500183105469,65.55500030517578,1799
2026-09-02T17:00:00Z,65.56500244140625,65.7300033569336,65.41999816894531,65.65499877929688,2345
2026-09-02T18:00:00Z,65.66000366210938,65.7750015258789,65.54000091552734,65.66999816894531,1355
2026-09-02T19:00:00Z,65.69999694824219,65.95999908447266,65.625,65.95999908447266,894
2026-09-02T20:00:00Z,65.94999694824219,65.95999908447266,65.84500122070312,65.92500305175781,552
2026-09-02T21:00:00Z,65.93000030517578,65.93000030517578,65.93000030517578,65.93000030517578,1
2026-09-02T22:00:00Z,66.16999816894531,66.16999816894531,65.86000061035156,65.88500213623047,0
2026-09-02T23:00:00Z,65.8949966430664,66.0,65.81999969482422,65.93000030517578,445
2026-09-03T00:00:00Z,65.92500305175781,66.0199966430664,65.7750015258789,65.93499755859375,531
2026-09-03T01:00:00Z,65.93000030517578,66.4000015258789,65.87000274658203,66.29499816894531,1656
2026-09-03T02:00:00Z,66.27999877929688,66.45999908447266,66.18000030517578,66.31500244140625,595
2026-09-03T03:00:00Z,66.28500366210938,66.70500183105469,66.24500274658203,66.67500305175781,1155
2026-09-03T04:00:00Z,66.63999938964844,66.77999877929688,66.51000213623047,66.7249984741211,924
2026-09-03T05:00:00Z,66.7300033569336,66.79000091552734,66.17500305175781,66.375,1796
2026-09-03T06:00:00Z,66.37999725341797,66.69000244140625,66.17500305175781,66.19999694824219,1364
2026-09-03T07:00:00Z,66.19000244140625,66.59500122070312,66.17500305175781,66.47000122070312,993
2026-09-03T08:00:00Z,66.46499633789062,66.79499816894531,66.4000015258789,66.48999786376953,1696
2026-09-03T09:00:00Z,66.4749984741211,66.58000183105469,66.19999694824219,66.25,618
2026-09-03T10:00:00Z,66.25499725341797,66.26000213623047,65.97000122070312,66.13500213623047,1158
2026-09-03T11:00:00Z,66.13999938964844,66.4800033569336,66.12000274658203,66.375,1536
2026-09-03T12:00:00Z,66.37000274658203,67.36499786376953,66.16999816894531,67.26000213623047,5639
2026-09-03T13:00:00Z,67.24500274658203,67.3499984741211,66.56999969482422,67.0,4153
2026-09-03T14:00:00Z,66.98999786376953,67.33999633789062,66.7249984741211,67.33000183105469,3439
2026-09-03T15:00:00Z,67.34500122070312,68.08000183105469,67.34500122070312,67.69499969482422,5893
2026-09-03T16:00:00Z,67.69999694824219,67.83999633789062,67.56500244140625,67.61000061035156,1630
2026-09-03T17:00:00Z,67.62000274658203,67.8550033569336,67.59500122070312,67.73999786376953,2553
2026-09-03T18:00:00Z,67.75,67.78500366210938,67.45500183105469,67.4749984741211,1024
2026-09-03T19:00:00Z,67.4749984741211,67.69000244140625,67.44999694824219,67.6449966430664,798
2026-09-03T20:00:00Z,67.6449966430664,67.6449966430664,67.51000213623047,67.58000183105469,391
2026-09-03T21:00:00Z,67.58499908447266,67.58499908447266,67.58499908447266,67.58499908447266,1
2026-09-03T22:00:00Z,67.62999725341797,67.69000244140625,67.55000305175781,67.58499908447266,0
2026-09-03T23:00:00Z,67.58499908447266,67.625,67.51000213623047,67.59500122070312,260
2026-09-04T00:00:00Z,67.58499908447266,67.76499938964844,67.41500091552734,67.72000122070312,735
2026-09-04T01:00:00Z,67.7249984741211,67.80999755859375,67.17500305175781,67.45999908447266,1829
2026-09-04T02:00:00Z,67.4749984741211,67.55000305175781,67.20500183105469,67.42500305175781,862
2026-09-04T03:00:00Z,67.41999816894531,67.41999816894531,67.19999694824219,67.21499633789062,360
2026-09-04T04:00:00Z,67.19499969482422,67.375,67.16000366210938,67.36000061035156,353
2026-09-04T05:00:00Z,67.38500213623047,67.48500061035156,67.11499786376953,67.26499938964844,737
2026-09-04T06:00:00Z,67.26000213623047,67.30999755859375,66.87999725341797,67.16500091552734,1313
2026-09-04T07:00:00Z,67.1449966430664,67.63500213623047,67.125,67.58000183105469,997
2026-09-04T08:00:00Z,67.56999969482422,67.76000213623047,67.56999969482422,67.63999938964844,789
2026-09-04T09:00:00Z,67.6500015258789,67.66000366210938,67.20500183105469,67.26000213623047,851
2026-09-04T10:00:00Z,67.26499938964844,67.49500274658203,67.25499725341797,67.4000015258789,743
2026-09-04T11:00:00Z,67.38999938964844,67.6050033569336,67.31500244140625,67.5,987
2026-09-04T12:00:00Z,67.51000213623047,67.80000305175781,65.67500305175781,66.11000061035156,8945
2026-09-04T13:00:00Z,66.09500122070312,66.68499755859375,65.33499908447266,66.18499755859375,8214
2026-09-04T14:00:00Z,66.18499755859375,66.86000061035156,66.12999725341797,66.4749984741211,4185
2026-09-04T15:00:00Z,66.4749984741211,66.9800033569336,66.41000366210938,66.76499938964844,2466
2026-09-04T16:00:00Z,66.76499938964844,66.86499786376953,66.6449966430664,66.71499633789062,1372
2026-09-04T17:00:00Z,66.71499633789062,66.87000274658203,66.38999938964844,66.49500274658203,2257
2026-09-04T18:00:00Z,66.4749984741211,66.65499877929688,66.36000061035156,66.61000061035156,730
2026-09-04T19:00:00Z,66.6050033569336,66.90499877929688,66.58000183105469,66.83499908447266,733
2026-09-04T20:00:00Z,66.83000183105469,66.84500122070312,66.73999786376953,66.74800109863281,384
2026-09-08T04:00:00Z,67.6449966430664,67.76499938964844,67.58499908447266,67.66500091552734,421
2026-09-08T05:00:00Z,67.67500305175781,67.71499633789062,67.08999633789062,67.19999694824219,1217
2026-09-08T06:00:00Z,67.19999694824219,67.20500183105469,66.58000183105469,66.81500244140625,2223
2026-09-08T07:00:00Z,66.80500030517578,67.09500122070312,66.45999908447266,66.55500030517578,1086
2026-09-08T08:00:00Z,66.56999969482422,66.61000061035156,66.31500244140625,66.4749984741211,955
2026-09-08T09:00:00Z,66.4749984741211,66.77999877929688,66.45500183105469,66.75499725341797,613
2026-09-08T10:00:00Z,66.73500061035156,66.90499877929688,66.50499725341797,66.50499725341797,1059
2026-09-08T11:00:00Z,66.51000213623047,66.92500305175781,66.47000122070312,66.8949966430664,1598
2026-09-08T12:00:00Z,66.88999938964844,67.11000061035156,66.38500213623047,67.08999633789062,3944
2026-09-08T13:00:00Z,67.08000183105469,67.29499816894531,66.4800033569336,66.81999969482422,4262
2026-09-08T14:00:00Z,66.83000183105469,66.88999938964844,66.45999908447266,66.80000305175781,2105
2026-09-08T15:00:00Z,66.80500030517578,67.13999938964844,66.78500366210938,66.83499908447266,2341
2026-09-08T16:00:00Z,66.82499694824219,67.04499816894531,66.46499633789062,66.94499969482422,2229
2026-09-08T17:00:00Z,66.94499969482422,67.21499633789062,66.8499984741211,66.95500183105469,2457
2026-09-08T18:00:00Z,66.95999908447266,67.0250015258789,66.13999938964844,66.68000030517578,3016
2026-09-08T19:00:00Z,66.66999816894531,66.75499725341797,66.32499694824219,66.37000274658203,1178
2026-09-08T20:00:00Z,66.36000061035156,66.47000122070312,66.19999694824219,66.375,863
2026-09-08T22:00:00Z,66.44000244140625,66.44000244140625,66.12999725341797,66.22000122070312,0
2026-09-08T23:00:00Z,66.2249984741211,66.375,66.16999816894531,66.19999694824219,454
2026-09-09T00:00:00Z,66.20999908447266,66.76499938964844,66.19999694824219,66.74500274658203,646
2026-09-09T01:00:00Z,66.73999786376953,66.90499877929688,66.29499816894531,66.70500183105469,1227
2026-09-09T02:00:00Z,66.69499969482422,67.30999755859375,66.50499725341797,67.11000061035156,1237
2026-09-09T03:00:00Z,67.12000274658203,67.13999938964844,66.82499694824219,66.875,456
2026-09-09T04:00:00Z,66.8499984741211,66.97000122070312,66.70500183105469,66.95999908447266,266
2026-09-09T05:00:00Z,66.94000244140625,67.38500213623047,66.91500091552734,67.33499908447266,1542
2026-09-09T06:00:00Z,67.33999633789062,67.48999786376953,67.20500183105469,67.29000091552734,930
2026-09-09T07:00:00Z,67.29000091552734,67.6449966430664,67.25499725341797,67.49500274658203,1163
2026-09-09T08:00:00Z,67.5,67.50499725341797,67.19499969482422,67.26000213623047,705
2026-09-09T09:00:00Z,67.2699966430664,67.33000183105469,66.81500244140625,66.86499786376953,980
2026-09-09T10:00:00Z,66.875,66.98999786376953,66.68499755859375,66.86000061035156,1072
2026-09-09T11:00:00Z,66.86000061035156,67.25499725341797,66.86000061035156,66.93499755859375,1482
2026-09-09T12:00:00Z,66.92500305175781,67.13999938964844,66.61499786376953,67.0250015258789,2415
2026-09-09T13:00:00Z,67.02999877929688,68.51000213623047,66.98999786376953,67.98500061035156,10111
2026-09-09T14:00:00Z,67.9800033569336,68.94499969482422,67.9800033569336,68.6449966430664,7041
2026-09-09T15:00:00Z,68.6449966430664,68.95999908447266,67.2249984741211,67.91999816894531,10123
2026-09-09T16:00:00Z,67.92500305175781,68.54499816894531,67.79499816894531,68.51499938964844,3632
2026-09-09T17:00:00Z,68.51499938964844,68.9800033569336,68.49500274658203,68.55000305175781,4336
2026-09-09T18:00:00Z,68.56500244140625,68.6500015258789,68.06999969482422,68.08000183105469,1514
2026-09-09T19:00:00Z,68.08499908447266,68.2249984741211,67.81999969482422,67.87999725341797,1341
2026-09-09T20:00:00Z,67.875,67.94000244140625,67.75499725341797,67.92500305175781,752
2026-09-09T22:00:00Z,67.94499969482422,68.04499816894531,67.86499786376953,67.88999938964844,0
2026-09-09T23:00:00Z,67.90499877929688,67.95999908447266,67.77999877929688,67.82499694824219,370
2026-09-10T00:00:00Z,67.81999969482422,67.99500274658203,67.80500030517578,67.93499755859375,693
2026-09-10T01:00:00Z,67.93000030517578,68.30000305175781,67.8550033569336,67.97000122070312,1695
2026-09-10T02:00:00Z,67.95500183105469,68.29000091552734,67.87999725341797,68.2300033569336,877
2026-09-10T03:00:00Z,68.2300033569336,68.25499725341797,67.96499633789062,67.99500274658203,521
2026-09-10T04:00:00Z,68.00499725341797,68.15499877929688,67.99500274658203,68.06999969482422,226
2026-09-10T05:00:00Z,68.06999969482422,68.52999877929688,68.05000305175781,68.52999877929688,1155
2026-09-10T06:00:00Z,68.52999877929688,68.58499908447266,68.13500213623047,68.18499755859375,1330
2026-09-10T07:00:00Z,68.18499755859375,68.19000244140625,67.70999908447266,67.94000244140625,1268
2026-09-10T08:00:00Z,67.93499755859375,67.98999786376953,67.29499816894531,67.33499908447266,1868
2026-09-10T09:00:00Z,67.33499908447266,67.38999938964844,67.01499938964844,67.20999908447266,1465
2026-09-10T10:00:00Z,67.18499755859375,67.32499694824219,66.24500274658203,66.28500366210938,4378
2026-09-10T11:00:00Z,66.29000091552734,66.53500366210938,66.08499908447266,66.13999938964844,4174
2026-09-10T12:00:00Z,66.13999938964844,66.33000183105469,64.45500183105469,64.57499694824219,12990
2026-09-10T13:00:00Z,64.58999633789062,65.56500244140625,64.55999755859375,65.08499908447266,11687
2026-09-10T14:00:00Z,65.09500122070312,65.40499877929688,64.71499633789062,64.98999786376953,6759
2026-09-10T15:00:00Z,65.0,65.1500015258789,64.80000305175781,64.875,3029
2026-09-10T16:00:00Z,64.87000274658203,64.97000122070312,64.51499938964844,64.81999969482422,3675
2026-09-10T17:00:00Z,64.82499694824219,65.00499725341797,64.68000030517578,64.73999786376953,3990
2026-09-10T18:00:00Z,64.74500274658203,64.79499816894531,64.1500015258789,64.3949966430664,4008
2026-09-10T19:00:00Z,64.37999725341797,64.38500213623047,64.05000305175781,64.18000030517578,1929
2026-09-10T20:00:00Z,64.18499755859375,64.19000244140625,64.01499938964844,64.08999633789062,703
2026-09-10T22:00:00Z,64.1449966430664,64.19499969482422,63.7599983215332,64.0199966430664,0
2026-09-10T23:00:00Z,64.02999877929688,64.1050033569336,63.8849983215332,63.94499969482422,369
2026-09-11T00:00:00Z,63.939998626708984,64.25499725341797,63.91999816894531,64.18499755859375,711
2026-09-11T01:00:00Z,64.16999816894531,64.31999969482422,63.709999084472656,63.970001220703125,2689
2026-09-11T02:00:00Z,63.96500015258789,64.0,63.625,63.85499954223633,1444
2026-09-11T03:00:00Z,63.849998474121094,63.974998474121094,63.5099983215332,63.56999969482422,1300
2026-09-11T04:00:00Z,63.564998626708984,64.20999908447266,63.52000045776367,64.02999877929688,1116
2026-09-11T05:00:00Z,64.04000091552734,64.61499786376953,64.03500366210938,64.45500183105469,1912
2026-09-11T06:00:00Z,64.45500183105469,64.69499969482422,64.31999969482422,64.46499633789062,1866
2026-09-11T07:00:00Z,64.44499969482422,64.59500122070312,64.3499984741211,64.4749984741211,1123
2026-09-11T08:00:00Z,64.48500061035156,64.8499984741211,64.30999755859375,64.58499908447266,2076
2026-09-11T09:00:00Z,64.59500122070312,64.7300033569336,64.3949966430664,64.51499938964844,703
2026-09-11T10:00:00Z,64.49500274658203,64.58999633789062,64.30500030517578,64.33000183105469,1143
2026-09-11T11:00:00Z,64.33000183105469,64.45500183105469,64.2249984741211,64.31500244140625,1517
2026-09-11T12:00:00Z,64.34500122070312,65.73500061035156,63.150001525878906,65.68000030517578,10647
2026-09-11T13:00:00Z,65.67500305175781,65.81999969482422,65.20999908447266,65.78500366210938,7855
2026-09-11T14:00:00Z,65.79000091552734,65.80500030517578,65.04000091552734,65.05999755859375,5225
2026-09-11T15:00:00Z,65.05500030517578,65.1050033569336,64.7750015258789,64.98500061035156,2465
2026-09-11T16:00:00Z,64.99500274658203,65.12999725341797,64.61000061035156,64.96499633789062,2696
2026-09-11T17:00:00Z,64.95999908447266,65.23500061035156,64.95999908447266,65.00499725341797,2042
2026-09-11T18:00:00Z,65.01000213623047,65.05000305175781,64.75,64.80000305175781,1294
2026-09-11T19:00:00Z,64.80000305175781,64.99500274658203,64.76499938964844,64.91000366210938,1126
2026-09-11T20:00:00Z,64.91500091552734,65.18800354003906,64.86499786376953,65.18800354003906,474
2026-09-13T22:00:00Z,64.3499984741211,64.57499694824219,64.30000305175781,64.55500030517578,520
2026-09-13T23:00:00Z,64.57499694824219,64.67500305175781,64.36499786376953,64.4749984741211,279
2026-09-14T00:00:00Z,64.40499877929688,64.81999969482422,64.3550033569336,64.5250015258789,790
2026-09-14T01:00:00Z,64.5250015258789,64.80500030517578,64.21499633789062,64.74500274658203,1442
2026-09-14T02:00:00Z,64.75499725341797,64.9800033569336,64.41000366210938,64.43000030517578,858
2026-09-14T03:00:00Z,64.41500091552734,64.5999984741211,64.34500122070312,64.41000366210938,560
2026-09-14T04:00:00Z,64.41999816894531,64.48999786376953,64.31999969482422,64.44499969482422,454
2026-09-14T05:00:00Z,64.44999694824219,64.625,64.18499755859375,64.54000091552734,1241
2026-09-14T06:00:00Z,64.5250015258789,64.57499694824219,64.1050033569336,64.13999938964844,1072
2026-09-14T07:00:00Z,64.1449966430664,64.20999908447266,63.69499969482422,63.80500030517578,1601
2026-09-14T08:00:00Z,63.810001373291016,63.94499969482422,63.650001525878906,63.75,1247
2026-09-14T09:00:00Z,63.72999954223633,63.810001373291016,62.79999923706055,63.1150016784668,4015
2026-09-14T10:00:00Z,63.095001220703125,63.38999938964844,62.97999954223633,63.26499938964844,1386
2026-09-14T11:00:00Z,63.27000045776367,63.584999084472656,63.2400016784668,63.38999938964844,1704
2026-09-14T12:00:00Z,63.38999938964844,63.665000915527344,63.09000015258789,63.15999984741211,3476
2026-09-14T13:00:00Z,63.165000915527344,63.595001220703125,62.959999084472656,63.314998626708984,5167
2026-09-14T14:00:00Z,63.314998626708984,63.7400016784668,63.20000076293945,63.46500015258789,3470
2026-09-14T15:00:00Z,63.47999954223633,64.1050033569336,63.345001220703125,63.779998779296875,4997
2026-09-14T16:00:00Z,63.78499984741211,64.3550033569336,63.70500183105469,64.21499633789062,2730
2026-09-14T17:00:00Z,64.22000122070312,64.28500366210938,64.1050033569336,64.22000122070312,1922
2026-09-14T18:00:00Z,64.2249984741211,64.33999633789062,64.12999725341797,64.19000244140625,833
2026-09-14T19:00:00Z,64.17500305175781,64.18000030517578,63.459999084472656,63.474998474121094,1706
2026-09-14T20:00:00Z,63.474998474121094,63.77000045776367,63.45000076293945,63.755001068115234,551
2026-09-14T22:00:00Z,63.7599983215332,63.900001525878906,63.66999816894531,63.73500061035156,0
2026-09-14T23:00:00Z,63.73500061035156,63.755001068115234,63.61000061035156,63.64500045776367,236
2026-09-15T00:00:00Z,63.654998779296875,63.66999816894531,63.38999938964844,63.6349983215332,597
2026-09-15T01:00:00Z,63.654998779296875,64.08000183105469,63.54999923706055,63.880001068115234,1523
2026-09-15T02:00:00Z,63.8849983215332,64.06999969482422,63.85499954223633,64.04000091552734,1022
2026-09-15T03:00:00Z,64.05000305175781,64.08000183105469,63.84000015258789,63.86000061035156,407
2026-09-15T04:00:00Z,63.83000183105469,63.90999984741211,63.775001525878906,63.83000183105469,238
2026-09-15T05:00:00Z,63.81999969482422,63.86000061035156,63.494998931884766,63.69499969482422,831
2026-09-15T06:00:00Z,63.720001220703125,63.744998931884766,63.51499938964844,63.64500045776367,834
2026-09-15T07:00:00Z,63.625,63.68000030517578,63.21500015258789,63.29999923706055,943
2026-09-15T08:00:00Z,63.29499816894531,63.3849983215332,63.03499984741211,63.2599983215332,908
2026-09-15T09:00:00Z,63.279998779296875,63.560001373291016,63.20000076293945,63.540000915527344,977
2026-09-15T10:00:00Z,63.54999923706055,63.72999954223633,63.51499938964844,63.63999938964844,882
2026-09-15T11:00:00Z,63.64500045776367,63.80500030517578,63.56999969482422,63.76499938964844,1029
2026-09-15T12:00:00Z,63.75,64.43499755859375,63.60499954223633,64.27999877929688,2675
2026-09-15T13:00:00Z,64.26499938964844,64.44000244140625,64.03500366210938,64.31500244140625,3463
2026-09-15T14:00:00Z,64.31500244140625,64.34500122070312,63.57500076293945,63.654998779296875,3177
2026-09-15T15:00:00Z,63.65999984741211,63.974998474121094,63.59000015258789,63.79499816894531,2118
2026-09-15T16:00:00Z,63.779998779296875,63.9900016784668,63.63999938964844,63.95000076293945,1355
2026-09-15T17:00:00Z,63.959999084472656,64.01000213623047,63.79499816894531,63.994998931884766,1956
2026-09-15T18:00:00Z,64.01000213623047,64.42500305175781,63.94499969482422,64.37999725341797,1863
2026-09-15T19:00:00Z,64.38500213623047,64.46499633789062,64.1500015258789,64.19000244140625,1041
2026-09-15T20:00:00Z,64.19499969482422,64.2249984741211,64.07499694824219,64.18499755859375,466
2026-09-15T22:00:00Z,64.18499755859375,64.33999633789062,64.18499755859375,64.25,0
2026-09-15T23:00:00Z,64.25499725341797,64.26000213623047,64.16000366210938,64.18499755859375,283
2026-09-16T00:00:00Z,64.18499755859375,64.26499938964844,63.939998626708984,63.959999084472656,486
2026-09-16T01:00:00Z,63.97999954223633,64.4800033569336,63.96500015258789,64.08000183105469,1244
2026-09-16T02:00:00Z,64.0999984741211,65.31999969482422,64.0999984741211,65.26499938964844,2810
2026-09-16T03:00:00Z,65.25499725341797,65.3949966430664,65.0,65.11000061035156,1866
2026-09-16T04:00:00Z,65.125,65.18000030517578,65.05999755859375,65.0999984741211,334
2026-09-16T05:00:00Z,65.0999984741211,65.31999969482422,65.04000091552734,65.1449966430664,971
2026-09-16T06:00:00Z,65.13500213623047,65.26000213623047,64.93000030517578,65.25499725341797,1043
2026-09-16T07:00:00Z,65.25499725341797,65.41500091552734,65.02999877929688,65.05000305175781,904
2026-09-16T08:00:00Z,65.03500366210938,65.125,64.7750015258789,65.06500244140625,1635
2026-09-16T09:00:00Z,65.06999969482422,65.07499694824219,64.88500213623047,65.02999877929688,713
2026-09-16T10:00:00Z,65.02999877929688,65.2750015258789,64.94499969482422,65.2699966430664,903
2026-09-16T11:00:00Z,65.28500366210938,65.46499633789062,65.2300033569336,65.26000213623047,2120
2026-09-16T12:00:00Z,65.2699966430664,65.33499908447266,64.94999694824219,65.27999877929688,2585
2026-09-16T13:00:00Z,65.28500366210938,65.33499908447266,64.87999725341797,64.91999816894531,3704
2026-09-16T14:00:00Z,64.91500091552734,65.2300033569336,64.61499786376953,65.19999694824219,3135
2026-09-16T15:00:00Z,65.20500183105469,65.38500213623047,64.98500061035156,65.05500030517578,3629
2026-09-16T16:00:00Z,65.05999755859375,65.12999725341797,64.90499877929688,64.99500274658203,1194
2026-09-16T17:00:00Z,64.98999786376953,65.41000366210938,64.78500366210938,65.41000366210938,2534
2026-09-16T18:00:00Z,65.30999755859375,65.43000030517578,63.45000076293945,63.540000915527344,13251
2026-09-16T19:00:00Z,63.525001525878906,64.125,62.75,63.625,6962
2026-09-16T20:00:00Z,63.60499954223633,63.650001525878906,63.314998626708984,63.41999816894531,950
2026-09-16T22:00:00Z,63.42499923706055,63.5099983215332,63.279998779296875,63.36000061035156,0
2026-09-16T23:00:00Z,63.36000061035156,63.75,63.290000915527344,63.685001373291016,849
2026-09-17T00:00:00Z,63.685001373291016,63.94499969482422,63.560001373291016,63.64500045776367,995
2026-09-17T01:00:00Z,63.64500045776367,64.61000061035156,63.64500045776367,63.95000076293945,3149
2026-09-17T02:00:00Z,63.935001373291016,64.00499725341797,63.494998931884766,63.625,2264
2026-09-17T03:00:00Z,63.619998931884766,64.19999694824219,63.619998931884766,64.19999694824219,817
2026-09-17T04:00:00Z,64.16000366210938,64.23999786376953,64.04000091552734,64.17500305175781,331
2026-09-17T05:00:00Z,64.19000244140625,64.25,63.88999938964844,64.20999908447266,831
2026-09-17T06:00:00Z,64.19499969482422,64.36499786376953,64.1449966430664,64.25499725341797,1564
2026-09-17T07:00:00Z,64.2750015258789,64.91000366210938,64.23999786376953,64.79000091552734,2704
2026-09-17T08:00:00Z,64.79499816894531,64.80500030517578,64.26000213623047,64.31500244140625,930
2026-09-17T09:00:00Z,64.33499908447266,64.51499938964844,64.33499908447266,64.38500213623047,550
2026-09-17T10:00:00Z,64.38500213623047,64.625,64.31999969482422,64.57499694824219,802
2026-09-17T11:00:00Z,64.58000183105469,65.26000213623047,64.54499816894531,65.25499725341797,2973
2026-09-17T12:00:00Z,65.25,66.12000274658203,65.07499694824219,66.0,7195
2026-09-17T13:00:00Z,65.99500274658203,66.2699966430664,65.75499725341797,66.2300033569336,5832
2026-09-17T14:00:00Z,66.24500274658203,66.66999816894531,66.01000213623047,66.05999755859375,5591
2026-09-17T15:00:00Z,66.06500244140625,66.42500305175781,66.05000305175781,66.41000366210938,2039
2026-09-17T16:00:00Z,66.40499877929688,66.45999908447266,66.0250015258789,66.19999694824219,1918
2026-09-17T17:00:00Z,66.21499633789062,66.3949966430664,66.05500030517578,66.08499908447266,2279
2026-09-17T18:00:00Z,66.08999633789062,66.22000122070312,65.81999969482422,65.8499984741211,1272
2026-09-17T19:00:00Z,65.8499984741211,65.94999694824219,65.7300033569336,65.80999755859375,1268
2026-09-17T20:00:00Z,65.81500244140625,65.83499908447266,65.68000030517578,65.71499633789062,484
2026-09-17T22:00:00Z,65.76499938964844,65.93000030517578,65.73999786376953,65.81999969482422,0
2026-09-17T23:00:00Z,65.81500244140625,65.96499633789062,65.7699966430664,65.91000366210938,473
2026-09-18T00:00:00Z,65.91000366210938,66.27999877929688,65.8499984741211,66.26499938964844,705
2026-09-18T01:00:00Z,66.27999877929688,66.48500061035156,66.05500030517578,66.26499938964844,1425
2026-09-18T02:00:00Z,66.2750015258789,66.44999694824219,66.08999633789062,66.16000366210938,872
2026-09-18T03:00:00Z,66.16000366210938,66.63500213623047,66.03500366210938,66.58000183105469,1293
2026-09-18T04:00:00Z,66.61000061035156,66.66000366210938,66.36499786376953,66.66000366210938,581
2026-09-18T05:00:00Z,66.65499877929688,67.18000030517578,66.57499694824219,67.16999816894531,3421
2026-09-18T06:00:00Z,67.15499877929688,67.33499908447266,67.08999633789062,67.30500030517578,1801
2026-09-18T07:00:00Z,67.31500244140625,67.68499755859375,67.28500366210938,67.53500366210938,2387
2026-09-18T08:00:00Z,67.53500366210938,67.84500122070312,67.48999786376953,67.79000091552734,1806
2026-09-18T09:00:00Z,67.80500030517578,67.8949966430664,67.48999786376953,67.56999969482422,1143
2026-09-18T10:00:00Z,67.56500244140625,67.59500122070312,67.44000244140625,67.59500122070312,840
2026-09-18T11:00:00Z,67.6050033569336,67.7249984741211,67.26000213623047,67.48500061035156,2146
2026-09-18T12:00:00Z,67.4800033569336,67.5,66.76499938964844,67.1449966430664,4662
2026-09-18T13:00:00Z,67.1500015258789,67.30500030517578,66.72000122070312,66.75499725341797,3960
2026-09-18T14:00:00Z,66.75499725341797,66.93000030517578,66.50499725341797,66.87000274658203,3503
2026-09-18T15:00:00Z,66.87000274658203,66.9749984741211,66.73500061035156,66.87999725341797,1938
2026-09-18T16:00:00Z,66.87000274658203,67.32499694824219,66.75,67.11499786376953,3473
2026-09-18T17:00:00Z,67.11499786376953,67.33999633789062,67.06500244140625,67.26499938964844,2333
2026-09-18T18:00:00Z,67.26499938964844,67.37999725341797,66.9749984741211,67.01000213623047,1732
2026-09-18T19:00:00Z,67.0,67.1449966430664,66.76499938964844,66.86499786376953,1569
2026-09-18T20:00:00Z,66.86499786376953,67.14900207519531,66.69499969482422,67.14900207519531,737
2026-09-20T22:00:00Z,66.80000305175781,66.95999908447266,66.7750015258789,66.8499984741211,373
2026-09-20T23:00:00Z,66.86000061035156,66.95500183105469,66.7249984741211,66.82499694824219,276
2026-09-21T00:00:00Z,66.83499908447266,67.08999633789062,66.63500213623047,66.91000366210938,1146
2026-09-21T01:00:00Z,66.91500091552734,67.55500030517578,66.88999938964844,67.09500122070312,2161
2026-09-21T02:00:00Z,67.07499694824219,67.11499786376953,66.7249984741211,66.80500030517578,1252
2026-09-21T03:00:00Z,66.82499694824219,66.9800033569336,66.63500213623047,66.6449966430664,815
2026-09-21T04:00:00Z,66.69000244140625,66.95500183105469,66.62999725341797,66.7249984741211,574
2026-09-21T05:00:00Z,66.7249984741211,66.77999877929688,66.36499786376953,66.54000091552734,1216
2026-09-21T06:00:00Z,66.55999755859375,66.68499755859375,66.41500091552734,66.52999877929688,1071
2026-09-21T07:00:00Z,66.50499725341797,66.6449966430664,66.19999694824219,66.3949966430664,1350
2026-09-21T08:00:00Z,66.38999938964844,66.80999755859375,66.38500213623047,66.69000244140625,935
2026-09-21T09:00:00Z,66.69000244140625,66.75,66.48500061035156,66.66500091552734,717
2026-09-21T10:00:00Z,66.65499877929688,66.84500122070312,66.375,66.375,859
2026-09-21T11:00:00Z,66.375,67.23999786376953,66.30999755859375,67.12000274658203,2481
2026-09-21T12:00:00Z,67.12999725341797,67.43499755859375,66.88999938964844,67.25,3185
2026-09-21T13:00:00Z,67.25499725341797,67.26000213623047,66.72000122070312,66.80000305175781,3495
2026-09-21T14:00:00Z,66.80999755859375,66.82499694824219,66.31500244140625,66.4749984741211,5097
2026-09-21T15:00:00Z,66.4800033569336,66.78500366210938,66.45999908447266,66.66500091552734,2041
2026-09-21T16:00:00Z,66.66999816894531,66.91000366210938,66.44499969482422,66.44499969482422,2230
2026-09-21T17:00:00Z,66.45500183105469,66.58499908447266,66.20999908447266,66.36499786376953,2416
2026-09-21T18:00:00Z,66.375,66.61000061035156,66.36499786376953,66.55999755859375,767
2026-09-21T19:00:00Z,66.55500030517578,66.79499816894531,66.4800033569336,66.56999969482422,847
2026-09-21T20:00:00Z,66.55500030517578,66.55999755859375,66.46499633789062,66.5250015258789,527
2026-09-21T21:00:00Z,66.52999877929688,66.52999877929688,66.52999877929688,66.52999877929688,1
2026-09-21T22:00:00Z,66.63999938964844,66.94499969482422,66.625,66.86499786376953,0
2026-09-21T23:00:00Z,66.88500213623047,67.19000244140625,66.80500030517578,67.1500015258789,709
2026-09-22T00:00:00Z,67.16999816894531,67.32499694824219,66.82499694824219,66.98999786376953,924
2026-09-22T01:00:00Z,66.9800033569336,67.0999984741211,66.66000366210938,66.7699966430664,1409
2026-09-22T02:00:00Z,66.79499816894531,66.87000274658203,66.48500061035156,66.65499877929688,929
2026-09-22T03:00:00Z,66.6449966430664,66.67500305175781,66.41999816894531,66.4800033569336,441
2026-09-22T04:00:00Z,66.4800033569336,66.51499938964844,66.36000061035156,66.45500183105469,422
2026-09-22T05:00:00Z,66.44999694824219,66.5999984741211,65.54499816894531,66.0199966430664,3667
2026-09-22T06:00:00Z,66.0199966430664,66.08499908447266,65.62999725341797,65.75,1640
2026-09-22T07:00:00Z,65.71499633789062,65.86000061035156,65.40499877929688,65.43000030517578,1607
2026-09-22T08:00:00Z,65.42500305175781,66.12999725341797,65.04000091552734,66.05999755859375,3461
2026-09-22T09:00:00Z,66.02999877929688,66.25,65.66500091552734,66.17500305175781,2508
2026-09-22T10:00:00Z,66.16000366210938,66.26000213623047,65.96499633789062,66.08999633789062,1145
2026-09-22T11:00:00Z,66.09500122070312,66.13999938964844,65.84500122070312,66.08999633789062,1877
2026-09-22T12:00:00Z,66.0999984741211,66.47000122070312,66.0,66.34500122070312,2328
2026-09-22T13:00:00Z,66.34500122070312,66.58999633789062,66.13999938964844,66.37999725341797,4263
2026-09-22T14:00:00Z,66.375,66.48999786376953,65.91500091552734,66.22000122070312,4055
2026-09-22T15:00:00Z,66.2300033569336,66.61000061035156,66.17500305175781,66.2750015258789,3515
2026-09-22T16:00:00Z,66.28500366210938,66.70500183105469,66.16000366210938,66.58000183105469,2131
2026-09-22T17:00:00Z,66.59500122070312,67.0,66.50499725341797,66.96499633789062,2501
2026-09-22T18:00:00Z,66.9800033569336,67.6500015258789,66.95500183105469,67.41000366210938,4823
2026-09-22T19:00:00Z,67.41999816894531,68.1050033569336,67.41999816894531,67.80000305175781,3896
2026-09-22T20:00:00Z,67.79000091552734,67.79499816894531,67.53500366210938,67.61000061035156,1081
2026-09-22T22:00:00Z,67.61000061035156,67.87999725341797,67.61000061035156,67.82499694824219,0
2026-09-22T23:00:00Z,67.83499908447266,68.01000213623047,67.80999755859375,67.93000030517578,440
2026-09-23T00:00:00Z,67.9000015258789,68.05500030517578,67.80500030517578,67.88999938964844,638
2026-09-23T01:00:00Z,67.88500213623047,67.88500213623047,67.02999877929688,67.12999725341797,2809
2026-09-23T02:00:00Z,67.12000274658203,67.125,66.8550033569336,66.90499877929688,984
2026-09-23T03:00:00Z,66.90499877929688,67.1500015258789,66.875,67.06999969482422,967
2026-09-23T04:00:00Z,67.09500122070312,67.2300033569336,67.09500122070312,67.12999725341797,455
2026-09-23T05:00:00Z,67.11000061035156,67.16000366210938,66.66500091552734,66.83999633789062,1182
2026-09-23T06:00:00Z,66.83499908447266,66.83499908447266,66.6050033569336,66.61499786376953,1446
2026-09-23T07:00:00Z,66.61000061035156,66.66999816894531,65.8949966430664,65.91999816894531,2909
2026-09-23T08:00:00Z,65.91000366210938,66.06999969482422,65.69000244140625,65.98500061035156,2066
2026-09-23T09:00:00Z,65.9800033569336,66.03500366210938,65.55999755859375,65.68499755859375,1643
2026-09-23T10:00:00Z,65.68499755859375,65.8550033569336,65.6449966430664,65.68499755859375,1053
2026-09-23T11:00:00Z,65.69000244140625,65.76499938964844,65.29499816894531,65.57499694824219,2438
2026-09-23T12:00:00Z,65.56999969482422,65.70999908447266,65.42500305175781,65.69999694824219,2144
2026-09-23T13:00:00Z,65.69999694824219,65.86000061035156,64.86000061035156,65.04499816894531,7399
2026-09-23T14:00:00Z,65.0199966430664,65.42500305175781,64.9800033569336,65.34500122070312,6357
2026-09-23T15:00:00Z,65.3550033569336,65.36499786376953,64.90499877929688,64.99500274658203,2923
2026-09-23T16:00:00Z,64.98999786376953,65.17500305175781,64.80000305175781,64.9749984741211,2443
2026-09-23T17:00:00Z,64.95999908447266,65.1449966430664,64.76000213623047,65.1050033569336,4435
2026-09-23T18:00:00Z,65.0999984741211,65.15499877929688,64.93499755859375,65.04499816894531,903
2026-09-23T19:00:00Z,65.03500366210938,65.125,64.70999908447266,64.87000274658203,1716
2026-09-23T20:00:00Z,64.86499786376953,64.98500061035156,64.79499816894531,64.93000030517578,582
2026-09-23T22:00:00Z,64.91500091552734,65.00499725341797,64.84500122070312,64.91000366210938,0
2026-09-23T23:00:00Z,64.91500091552734,64.96499633789062,64.75,64.76000213623047,550
2026-09-24T00:00:00Z,64.7699966430664,64.87999725341797,64.43499755859375,64.84500122070312,1296
2026-09-24T01:00:00Z,64.82499694824219,64.96499633789062,64.4000015258789,64.44999694824219,1620
2026-09-24T02:00:00Z,64.44000244140625,64.7249984741211,64.16999816894531,64.5199966430664,1542
2026-09-24T03:00:00Z,64.5250015258789,64.62999725341797,64.43000030517578,64.6050033569336,637
2026-09-24T04:00:00Z,64.62000274658203,64.68000030517578,64.49500274658203,64.6050033569336,328
2026-09-24T05:00:00Z,64.65499877929688,64.78500366210938,64.41000366210938,64.45999908447266,942
2026-09-24T06:00:00Z,64.44999694824219,64.74500274658203,64.375,64.47000122070312,1500
2026-09-24T07:00:00Z,64.4749984741211,64.7699966430664,64.37000274658203,64.45500183105469,874
2026-09-24T08:00:00Z,64.45999908447266,64.66999816894531,63.96500015258789,64.13500213623047,2874
2026-09-24T09:00:00Z,64.13999938964844,64.25499725341797,63.88999938964844,64.03500366210938,1082
2026-09-24T10:00:00Z,64.0250015258789,64.23999786376953,63.75,64.01499938964844,2740
2026-09-24T11:00:00Z,64.01499938964844,64.16500091552734,63.90999984741211,63.98500061035156,1492
2026-09-24T12:00:00Z,63.9900016784668,64.16500091552734,63.80500030517578,64.0999984741211,2843
2026-09-24T13:00:00Z,64.08999633789062,64.16999816894531,63.67499923706055,63.82500076293945,3302
2026-09-24T14:00:00Z,63.81999969482422,64.05000305175781,63.64500045776367,63.709999084472656,3253
2026-09-24T15:00:00Z,63.69499969482422,63.82500076293945,63.505001068115234,63.7400016784668,3142
2026-09-24T16:00:00Z,63.744998931884766,64.47000122070312,63.61000061035156,64.11000061035156,6087
2026-09-24T17:00:00Z,64.11000061035156,64.28500366210938,63.84000015258789,64.05999755859375,3583
2026-09-24T18:00:00Z,64.05500030517578,64.48500061035156,63.775001525878906,64.2249984741211,2021
2026-09-24T19:00:00Z,64.21499633789062,64.2699966430664,64.05000305175781,64.2249984741211,928
2026-09-24T20:00:00Z,64.2300033569336,64.30999755859375,63.96500015258789,64.2750015258789,563
2026-09-24T22:00:00Z,64.26499938964844,64.2750015258789,64.08499908447266,64.20999908447266,0
2026-09-24T23:00:00Z,64.22000122070312,64.24500274658203,64.04000091552734,64.05000305175781,298
2026-09-25T00:00:00Z,64.05000305175781,64.19499969482422,64.0,64.13999938964844,298
2026-09-25T01:00:00Z,64.125,64.52999877929688,64.11000061035156,64.26000213623047,859
2026-09-25T02:00:00Z,64.26499938964844,64.42500305175781,64.18000030517578,64.33499908447266,431
2026-09-25T03:00:00Z,64.33999633789062,64.43499755859375,64.06999969482422,64.08999633789062,394
2026-09-25T04:00:00Z,64.07499694824219,64.16999816894531,63.95000076293945,63.97999954223633,502
2026-09-25T05:00:00Z,63.91999816894531,64.2750015258789,63.78499984741211,64.04000091552734,907
2026-09-25T06:00:00Z,64.03500366210938,64.31999969482422,63.994998931884766,64.17500305175781,603
2026-09-25T07:00:00Z,64.18499755859375,64.30999755859375,64.00499725341797,64.26000213623047,759
2026-09-25T08:00:00Z,64.2750015258789,65.18000030517578,64.11000061035156,64.96499633789062,2419
2026-09-25T09:00:00Z,64.9749984741211,65.13500213623047,64.90499877929688,65.01000213623047,1254
2026-09-25T10:00:00Z,65.0,65.4800033569336,64.95500183105469,65.41999816894531,1545
2026-09-25T11:00:00Z,65.43000030517578,65.50499725341797,65.11499786376953,65.1500015258789,2023
2026-09-25T12:00:00Z,65.1449966430664,65.41999816894531,64.95999908447266,65.03500366210938,3471
2026-09-25T13:00:00Z,65.02999877929688,65.13999938964844,64.2300033569336,64.30000305175781,3605
2026-09-25T14:00:00Z,64.31999969482422,64.65499877929688,63.81999969482422,64.58000183105469,3809
2026-09-25T15:00:00Z,64.58499908447266,64.86000061035156,64.31999969482422,64.8550033569336,3317
2026-09-25T16:00:00Z,64.86499786376953,65.22000122070312,64.55000305175781,64.68499755859375,4417
2026-09-25T17:00:00Z,64.68499755859375,64.86499786376953,64.58999633789062,64.66999816894531,2166
2026-09-25T18:00:00Z,64.69499969482422,64.98500061035156,64.66999816894531,64.94000244140625,1003
2026-09-25T19:00:00Z,64.95500183105469,64.99500274658203,64.71499633789062,64.80000305175781,1317
2026-09-25T20:00:00Z,64.80500030517578,64.81500244140625,64.68499755859375,64.8010025024414,447
2026-09-27T22:00:00Z,64.4800033569336,64.50499725341797,64.125,64.1500015258789,512
2026-09-27T23:00:00Z,64.1449966430664,64.2699966430664,64.08999633789062,64.1500015258789,504
2026-09-28T00:00:00Z,64.13999938964844,64.16000366210938,63.310001373291016,63.345001220703125,2000
2026-09-28T01:00:00Z,63.35499954223633,63.5,62.80500030517578,62.91999816894531,3564
2026-09-28T02:00:00Z,62.935001373291016,62.970001220703125,62.21500015258789,62.310001373291016,3781
2026-09-28T03:00:00Z,62.33000183105469,62.525001525878906,62.290000915527344,62.470001220703125,1574
2026-09-28T04:00:00Z,62.45000076293945,62.52000045776367,62.31999969482422,62.33000183105469,693
2026-09-28T05:00:00Z,62.349998474121094,62.41999816894531,61.939998626708984,62.005001068115234,2207
2026-09-28T06:00:00Z,62.0,62.17499923706055,61.779998779296875,61.834999084472656,2659
2026-09-28T07:00:00Z,61.81999969482422,61.86000061035156,61.34000015258789,61.51499938964844,3230
2026-09-28T08:00:00Z,61.5099983215332,61.599998474121094,61.310001373291016,61.39500045776367,2260
2026-09-28T09:00:00Z,61.380001068115234,61.665000915527344,61.314998626708984,61.665000915527344,1853
2026-09-28T10:00:00Z,61.654998779296875,61.834999084472656,61.60499954223633,61.66999816894531,1178
2026-09-28T11:00:00Z,61.689998626708984,61.834999084472656,61.584999084472656,61.60499954223633,1570
2026-09-28T12:00:00Z,61.6150016784668,62.15999984741211,61.55500030517578,61.744998931884766,4529
2026-09-28T13:00:00Z,61.744998931884766,62.18000030517578,61.48500061035156,62.165000915527344,4927
2026-09-28T14:00:00Z,62.150001525878906,62.189998626708984,61.119998931884766,61.279998779296875,4890
2026-09-28T15:00:00Z,61.29499816894531,61.584999084472656,61.255001068115234,61.470001220703125,2825
2026-09-28T16:00:00Z,61.474998474121094,62.064998626708984,61.29999923706055,61.529998779296875,5174
2026-09-28T17:00:00Z,61.53499984741211,61.9900016784668,61.494998931884766,61.66999816894531,5161
2026-09-28T18:00:00Z,61.68000030517578,61.709999084472656,61.494998931884766,61.61000061035156,1133
2026-09-28T19:00:00Z,61.584999084472656,61.584999084472656,61.16999816894531,61.244998931884766,1692
2026-09-28T20:00:00Z,61.23500061035156,61.255001068115234,61.0,61.029998779296875,1171
2026-09-28T22:00:00Z,61.029998779296875,61.20500183105469,61.0099983215332,61.130001068115234,0
2026-09-28T23:00:00Z,61.1349983215332,61.22999954223633,61.07500076293945,61.17499923706055,334
2026-09-29T00:00:00Z,61.18000030517578,61.189998626708984,60.810001373291016,61.04499816894531,967
2026-09-29T01:00:00Z,61.02000045776367,61.244998931884766,60.91999816894531,61.119998931884766,1585
2026-09-29T02:00:00Z,61.14500045776367,61.220001220703125,60.89500045776367,61.029998779296875,1092
2026-09-29T03:00:00Z,61.040000915527344,61.19499969482422,60.8650016784668,60.8849983215332,781
2026-09-29T04:00:00Z,60.93000030517578,61.0,60.755001068115234,60.900001525878906,588
2026-09-29T05:00:00Z,60.91999816894531,61.20000076293945,60.630001068115234,61.060001373291016,1577
2026-09-29T06:00:00Z,61.06999969482422,61.369998931884766,61.060001373291016,61.17499923706055,1906
2026-09-29T07:00:00Z,61.18000030517578,61.349998474121094,61.095001220703125,61.130001068115234,1525
2026-09-29T08:00:00Z,61.14500045776367,61.17499923706055,60.94499969482422,61.025001525878906,860
2026-09-29T09:00:00Z,61.005001068115234,61.15999984741211,60.88999938964844,60.970001220703125,1015
2026-09-29T10:00:00Z,60.95500183105469,61.224998474121094,60.95500183105469,61.21500015258789,1159
2026-09-29T11:00:00Z,61.20500183105469,61.435001373291016,61.10499954223633,61.310001373291016,2031
2026-09-29T12:00:00Z,61.314998626708984,61.40999984741211,61.040000915527344,61.07500076293945,2153
2026-09-29T13:00:00Z,61.07500076293945,61.45500183105469,61.04499816894531,61.2599983215332,4057
2026-09-29T14:00:00Z,61.275001525878906,61.709999084472656,61.275001525878906,61.630001068115234,3373
2026-09-29T15:00:00Z,61.61000061035156,61.6150016784668,61.06999969482422,61.22999954223633,3566
2026-09-29T16:00:00Z,61.22999954223633,61.36000061035156,61.07500076293945,61.125,1688
2026-09-29T17:00:00Z,61.10499954223633,61.209999084472656,61.064998626708984,61.154998779296875,2444
2026-09-29T18:00:00Z,61.17499923706055,61.83000183105469,61.17499923706055,61.744998931884766,3043
2026-09-29T19:00:00Z,61.73500061035156,61.834999084472656,61.650001525878906,61.834999084472656,898
2026-09-29T20:00:00Z,61.83000183105469,61.904998779296875,61.69499969482422,61.845001220703125,626
2026-09-29T22:00:00Z,61.834999084472656,62.11000061035156,61.810001373291016,61.849998474121094,0
2026-09-29T23:00:00Z,61.85499954223633,61.98500061035156,61.83000183105469,61.88999938964844,379
2026-09-30T00:00:00Z,61.91999816894531,61.92499923706055,61.66999816894531,61.67499923706055,477
2026-09-30T01:00:00Z,61.66999816894531,61.7599983215332,61.34000015258789,61.404998779296875,1216
2026-09-30T02:00:00Z,61.39500045776367,61.60499954223633,61.20500183105469,61.470001220703125,813
2026-09-30T03:00:00Z,61.47999954223633,61.525001525878906,61.32500076293945,61.345001220703125,318
2026-09-30T04:00:00Z,61.34000015258789,61.58000183105469,61.310001373291016,61.459999084472656,284
2026-09-30T05:00:00Z,61.46500015258789,61.540000915527344,61.21500015258789,61.42499923706055,818
2026-09-30T06:00:00Z,61.43000030517578,61.689998626708984,61.34000015258789,61.564998626708984,1217
2026-09-30T07:00:00Z,61.560001373291016,61.84000015258789,61.53499984741211,61.625,1372
2026-09-30T08:00:00Z,61.619998931884766,61.720001220703125,61.369998931884766,61.380001068115234,958
2026-09-30T09:00:00Z,61.375,61.54999923706055,61.125,61.189998626708984,1808
2026-09-30T10:00:00Z,61.19499969482422,61.29999923706055,61.09000015258789,61.13999938964844,994
2026-09-30T11:00:00Z,61.125,61.14500045776367,60.904998779296875,61.025001525878906,1699
2026-09-30T12:00:00Z,61.01499938964844,61.91999816894531,60.95500183105469,61.45000076293945,5252
2026-09-30T13:00:00Z,61.45000076293945,61.6349983215332,61.119998931884766,61.21500015258789,3497
2026-09-30T14:00:00Z,61.209999084472656,61.404998779296875,60.71500015258789,60.724998474121094,5613
2026-09-30T15:00:00Z,60.72999954223633,60.88999938964844,60.435001373291016,60.52000045776367,4045
2026-09-30T16:00:00Z,60.53499984741211,60.70500183105469,60.47999954223633,60.65999984741211,954
