timestamp_utc,Open,High,Low,Close,Volume
2026-08-02T00:00:00Z,71.87000274658203,72.08000183105469,71.87000274658203,72.04000091552734,0
2026-08-02T01:00:00Z,72.04000091552734,72.66999816894531,72.04000091552734,72.58999633789062,16375552
2026-08-02T02:00:00Z,72.61000061035156,73.2699966430664,72.51000213623047,73.06999969482422,23374976
2026-08-02T03:00:00Z,73.08000183105469,73.16999816894531,73.01000213623047,73.12999725341797,0
2026-08-02T04:00:00Z,73.16000366210938,73.45999908447266,73.1500015258789,73.44999694824219,19876096
2026-08-02T05:00:00Z,73.45999908447266,73.58999633789062,73.38999938964844,73.52999877929688,36168064
2026-08-02T06:00:00Z,73.52999877929688,73.56999969482422,73.36000061035156,73.37999725341797,1381248
2026-08-02T07:00:00Z,73.37000274658203,73.44000244140625,73.31999969482422,73.4000015258789,1843712
2026-08-02T08:00:00Z,73.41999816894531,73.44000244140625,73.0999984741211,73.12000274658203,22705664
2026-08-02T09:00:00Z,73.11000061035156,73.36000061035156,72.93000030517578,73.30999755859375,21507072
2026-08-02T10:00:00Z,73.30000305175781,73.30999755859375,73.08999633789062,73.20999908447266,3149824
2026-08-02T11:00:00Z,73.22000122070312,73.26000213623047,72.88999938964844,72.94000244140625,3852672
2026-08-02T12:00:00Z,72.97000122070312,73.16999816894531,72.87000274658203,72.87999725341797,13204864
2026-08-02T13:00:00Z,72.83999633789062,72.94000244140625,72.63999938964844,72.9000015258789,17330816
2026-08-02T14:00:00Z,72.87999725341797,73.16999816894531,72.87000274658203,73.02999877929688,0
2026-08-02T15:00:00Z,73.02999877929688,73.1500015258789,72.94000244140625,72.97000122070312,5882880
2026-08-02T16:00:00Z,72.9800033569336,73.22000122070312,72.8499984741211,73.08000183105469,2451072
2026-08-02T17:00:00Z,73.06999969482422,73.33000183105469,73.02999877929688,73.25,0
2026-08-02T18:00:00Z,73.2300033569336,73.73999786376953,73.16999816894531,73.48999786376953,0
2026-08-02T19:00:00Z,73.5,73.72000122070312,73.45999908447266,73.6500015258789,0
2026-08-02T20:00:00Z,73.6500015258789,73.66000366210938,73.4800033569336,73.5999984741211,0
2026-08-02T21:00:00Z,73.5999984741211,74.2300033569336,73.58999633789062,73.91000366210938,6424000
2026-08-02T22:00:00Z,74.0,74.12000274658203,73.56999969482422,73.56999969482422,26540928
2026-08-02T23:00:00Z,73.55999755859375,73.58000183105469,73.38999938964844,73.54000091552734,3656128
2026-08-03T00:00:00Z,73.54000091552734,73.5999984741211,73.0999984741211,73.16000366210938,12967808
2026-08-03T01:00:00Z,73.12999725341797,73.19000244140625,72.86000061035156,72.93000030517578,0
2026-08-03T02:00:00Z,72.93000030517578,73.06999969482422,72.83000183105469,72.94999694824219,0
2026-08-03T03:00:00Z,72.93000030517578,73.04000091552734,72.6500015258789,72.80999755859375,0
2026-08-03T04:00:00Z,72.80000305175781,72.98999786376953,72.76000213623047,72.7699966430664,0
2026-08-03T05:00:00Z,72.77999877929688,72.95999908447266,72.73999786376953,72.83999633789062,0
2026-08-03T06:00:00Z,72.83999633789062,72.88999938964844,72.41999816894531,72.51000213623047,30475136
2026-08-03T07:00:00Z,72.51000213623047,72.61000061035156,72.36000061035156,72.43000030517578,18954240
2026-08-03T08:00:00Z,72.43000030517578,72.47000122070312,71.91999816894531,72.2699966430664,22774016
2026-08-03T09:00:00Z,72.29000091552734,72.69999694824219,72.2300033569336,72.6500015258789,0
2026-08-03T10:00:00Z,72.63999938964844,72.70999908447266,72.44000244140625,72.52999877929688,29061312
2026-08-03T11:00:00Z,72.52999877929688,72.55999755859375,72.30999755859375,72.36000061035156,6358336
2026-08-03T12:00:00Z,72.36000061035156,72.47000122070312,72.25,72.33000183105469,6205760
2026-08-03T13:00:00Z,72.33000183105469,73.19999694824219,72.23999786376953,73.18000030517578,42540416
2026-08-03T14:00:00Z,73.19000244140625,73.70999908447266,72.94000244140625,73.69999694824219,139268992
2026-08-03T15:00:00Z,73.69000244140625,73.7300033569336,73.4000015258789,73.54000091552734,86266496
2026-08-03T16:00:00Z,73.58000183105469,73.73999786376953,73.13999938964844,73.33999633789062,37793536
2026-08-03T17:00:00Z,73.33999633789062,73.73999786376953,73.23999786376953,73.62000274658203,33794432
2026-08-03T18:00:00Z,73.62999725341797,74.20999908447266,73.62000274658203,73.9000015258789,44577664
2026-08-03T19:00:00Z,73.91999816894531,74.13999938964844,73.88999938964844,73.94999694824219,31667712
2026-08-03T20:00:00Z,73.93000030517578,74.08999633789062,73.70999908447266,73.80999755859375,24431360
2026-08-03T21:00:00Z,73.80999755859375,73.81999969482422,73.5999984741211,73.6500015258789,0
2026-08-03T22:00:00Z,73.63999938964844,73.66999816894531,73.30999755859375,73.4800033569336,0
2026-08-03T23:00:00Z,73.45999908447266,73.5,73.33000183105469,73.48999786376953,0
2026-08-04T00:00:00Z,73.4800033569336,73.55999755859375,72.9800033569336,73.0,6331008
2026-08-04T01:00:00Z,73.01000213623047,73.69999694824219,72.9800033569336,73.68000030517578,16843904
2026-08-04T02:00:00Z,73.75,74.02999877929688,73.5999984741211,73.80000305175781,28214016
2026-08-04T03:00:00Z,73.80000305175781,73.81999969482422,73.4000015258789,73.62999725341797,2995200
2026-08-04T04:00:00Z,73.62000274658203,74.02999877929688,73.52999877929688,73.76000213623047,11900672
2026-08-04T05:00:00Z,73.79000091552734,73.81999969482422,73.62999725341797,73.68000030517578,0
2026-08-04T06:00:00Z,73.68000030517578,73.8499984741211,73.33999633789062,73.3499984741211,0
2026-08-04T07:00:00Z,73.3499984741211,73.66000366210938,73.12999725341797,73.5999984741211,15129984
2026-08-04T08:00:00Z,73.62000274658203,73.68000030517578,73.2300033569336,73.27999877929688,0
2026-08-04T09:00:00Z,73.2699966430664,73.2699966430664,73.08000183105469,73.22000122070312,14117504
2026-08-04T10:00:00Z,73.2300033569336,73.62000274658203,73.0199966430664,73.54000091552734,0
2026-08-04T11:00:00Z,73.55000305175781,73.9000015258789,73.45999908447266,73.87000274658203,31532160
2026-08-04T12:00:00Z,73.86000061035156,73.9800033569336,73.68000030517578,73.75,17332480
2026-08-04T13:00:00Z,73.7300033569336,73.97000122070312,73.5199966430664,73.55999755859375,0
2026-08-04T14:00:00Z,73.56999969482422,73.83000183105469,73.2699966430664,73.73999786376953,0
2026-08-04T15:00:00Z,73.7699966430664,74.12000274658203,73.33999633789062,73.91999816894531,0
2026-08-04T16:00:00Z,73.93000030517578,73.94999694824219,73.54000091552734,73.66000366210938,0
2026-08-04T17:00:00Z,73.66000366210938,74.16999816894531,73.6500015258789,73.70999908447266,12282752
2026-08-04T18:00:00Z,73.70999908447266,74.33000183105469,73.70999908447266,74.0999984741211,0
2026-08-04T19:00:00Z,74.11000061035156,74.33999633789062,74.05999755859375,74.13999938964844,0
2026-08-04T20:00:00Z,74.13999938964844,74.37000274658203,73.81999969482422,74.20999908447266,35325824
2026-08-04T21:00:00Z,74.22000122070312,74.2300033569336,73.94999694824219,74.06999969482422,13376384
2026-08-04T22:00:00Z,74.08000183105469,74.16999816894531,73.93000030517578,74.04000091552734,0
2026-08-04T23:00:00Z,74.05000305175781,74.22000122070312,73.68000030517578,73.69999694824219,23369728
2026-08-05T00:00:00Z,73.69999694824219,73.73999786376953,73.4000015258789,73.44999694824219,7702272
2026-08-05T01:00:00Z,73.44999694824219,74.05999755859375,73.33999633789062,74.05999755859375,12475520
2026-08-05T02:00:00Z,74.05999755859375,74.43000030517578,74.01000213623047,74.16000366210938,34085888
2026-08-05T03:00:00Z,74.16000366210938,74.23999786376953,73.66000366210938,73.7300033569336,29254784
2026-08-05T04:00:00Z,73.7300033569336,73.80000305175781,73.55999755859375,73.7300033569336,13054208
2026-08-05T05:00:00Z,73.70999908447266,74.22000122070312,73.69000244140625,74.0999984741211,64663296
2026-08-05T06:00:00Z,74.06999969482422,74.19000244140625,73.91999816894531,73.94999694824219,3212672
2026-08-05T07:00:00Z,73.95999908447266,73.98999786376953,73.61000061035156,73.9000015258789,0
2026-08-05T08:00:00Z,73.94999694824219,74.0999984741211,73.88999938964844,74.0199966430664,710272
2026-08-05T09:00:00Z,74.0199966430664,74.12999725341797,73.93000030517578,73.94999694824219,0
2026-08-05T10:00:00Z,73.93000030517578,74.05000305175781,73.7300033569336,73.77999877929688,0
2026-08-05T11:00:00Z,73.79000091552734,73.94999694824219,73.66999816894531,73.69999694824219,0
2026-08-05T12:00:00Z,73.72000122070312,74.30999755859375,73.66000366210938,74.0,30752640
2026-08-05T13:00:00Z,74.01000213623047,74.02999877929688,73.19999694824219,73.9000015258789,49150848
2026-08-05T14:00:00Z,73.91000366210938,74.06999969482422,73.55999755859375,73.9000015258789,26689280
2026-08-05T15:00:00Z,73.91000366210938,74.23999786376953,73.80000305175781,73.88999938964844,57456640
2026-08-05T16:00:00Z,73.87999725341797,74.36000061035156,73.87000274658203,74.20999908447266,23753344
2026-08-05T17:00:00Z,74.23999786376953,74.58000183105469,74.05999755859375,74.47000122070312,11195392
2026-08-05T18:00:00Z,74.48999786376953,74.72000122070312,74.36000061035156,74.45999908447266,15871488
2026-08-05T19:00:00Z,74.44000244140625,74.55999755859375,74.36000061035156,74.41000366210938,0
2026-08-05T20:00:00Z,74.41000366210938,74.51000213623047,74.25,74.31999969482422,0
2026-08-05T21:00:00Z,74.31999969482422,74.33000183105469,74.0,74.05000305175781,1215744
2026-08-05T22:00:00Z,74.05999755859375,74.12999725341797,73.93000030517578,73.95999908447266,5954816
2026-08-05T23:00:00Z,73.94000244140625,74.04000091552734,73.79000091552734,73.97000122070312,0
2026-08-06T00:00:00Z,73.9800033569336,74.20999908447266,73.97000122070312,74.01000213623047,0
2026-08-06T01:00:00Z,74.0,74.04000091552734,73.66000366210938,73.68000030517578,0
2026-08-06T02:00:00Z,73.63999938964844,73.70999908447266,73.30999755859375,73.47000122070312,0
2026-08-06T03:00:00Z,73.44000244140625,73.5199966430664,73.36000061035156,73.41999816894531,0
2026-08-06T04:00:00Z,73.43000030517578,73.80000305175781,73.31999969482422,73.80000305175781,0
2026-08-06T05:00:00Z,73.79000091552734,74.27999877929688,73.79000091552734,74.1500015258789,0
2026-08-06T06:00:00Z,74.13999938964844,74.18000030517578,73.87999725341797,73.97000122070312,3964544
2026-08-06T07:00:00Z,73.97000122070312,74.05000305175781,73.77999877929688,73.80000305175781,0
2026-08-06T08:00:00Z,73.80000305175781,73.98999786376953,73.62999725341797,73.91000366210938,25082752
2026-08-06T09:00:00Z,73.91000366210938,73.91999816894531,73.13999938964844,73.22000122070312,60281728
2026-08-06T10:00:00Z,73.20999908447266,73.36000061035156,73.08999633789062,73.2300033569336,11121664
2026-08-06T11:00:00Z,73.25,73.48999786376953,73.0999984741211,73.37999725341797,2938240
2026-08-06T12:00:00Z,73.37000274658203,73.38999938964844,73.06999969482422,73.06999969482422,0
2026-08-06T13:00:00Z,73.05000305175781,73.25,72.79000091552734,73.16999816894531,0
2026-08-06T14:00:00Z,73.16000366210938,73.5,73.01000213623047,73.38999938964844,0
2026-08-06T15:00:00Z,73.4000015258789,73.55999755859375,73.2300033569336,73.2300033569336,0
2026-08-06T16:00:00Z,73.26000213623047,73.43000030517578,73.02999877929688,73.37000274658203,0
2026-08-06T17:00:00Z,73.38999938964844,73.4800033569336,73.0,73.12000274658203,0
2026-08-06T18:00:00Z,73.12000274658203,73.1500015258789,72.6500015258789,72.75,0
2026-08-06T19:00:00Z,72.76000213623047,72.87999725341797,72.4800033569336,72.73999786376953,12510592
2026-08-06T20:00:00Z,72.73999786376953,72.93000030517578,72.73999786376953,72.79000091552734,0
2026-08-06T21:00:00Z,72.77999877929688,72.91999816894531,72.7300033569336,72.80000305175781,0
2026-08-06T22:00:00Z,72.79000091552734,72.80999755859375,72.58999633789062,72.62999725341797,2325760
2026-08-06T23:00:00Z,72.62000274658203,72.66000366210938,72.27999877929688,72.62999725341797,18263424
2026-08-07T00:00:00Z,72.62000274658203,72.75,72.5,72.58999633789062,14717952
2026-08-07T01:00:00Z,72.63999938964844,72.80999755859375,72.5199966430664,72.66999816894531,0
2026-08-07T02:00:00Z,72.66999816894531,72.86000061035156,72.44000244140625,72.63999938964844,0
2026-08-07T03:00:00Z,72.63999938964844,72.69999694824219,72.48999786376953,72.55999755859375,0
2026-08-07T04:00:00Z,72.55000305175781,72.7300033569336,72.44999694824219,72.61000061035156,0
2026-08-07T05:00:00Z,72.61000061035156,72.88999938964844,72.37999725341797,72.80999755859375,0
2026-08-07T06:00:00Z,72.80999755859375,73.0,72.75,72.77999877929688,3492352
2026-08-07T07:00:00Z,72.76000213623047,72.95999908447266,72.69000244140625,72.87000274658203,0
2026-08-07T08:00:00Z,72.87000274658203,73.22000122070312,72.86000061035156,73.12999725341797,0
2026-08-07T09:00:00Z,73.13999938964844,73.66999816894531,73.12999725341797,73.56999969482422,1143936
2026-08-07T10:00:00Z,73.58999633789062,73.69999694824219,73.44000244140625,73.4800033569336,13779456
2026-08-07T11:00:00Z,73.4800033569336,73.70999908447266,73.4800033569336,73.58000183105469,2960512
2026-08-07T12:00:00Z,73.56999969482422,74.13999938964844,73.56999969482422,73.83999633789062,117394304
2026-08-07T13:00:00Z,73.8499984741211,74.30000305175781,73.75,74.08000183105469,27115648
2026-08-07T14:00:00Z,74.08000183105469,74.16999816894531,73.54000091552734,73.66999816894531,41537664
2026-08-07T15:00:00Z,73.66999816894531,73.91999816894531,73.63999938964844,73.83000183105469,7320064
2026-08-07T16:00:00Z,73.87000274658203,74.08000183105469,73.5199966430664,73.5199966430664,5853184
2026-08-07T17:00:00Z,73.48999786376953,73.5199966430664,73.13999938964844,73.37000274658203,72198912
2026-08-07T18:00:00Z,73.36000061035156,73.5199966430664,73.20999908447266,73.33999633789062,4584064
2026-08-07T19:00:00Z,73.38999938964844,73.98999786376953,73.3499984741211,73.97000122070312,14116352
2026-08-07T20:00:00Z,73.98999786376953,74.05999755859375,73.75,73.77999877929688,23677824
2026-08-07T21:00:00Z,73.77999877929688,73.83000183105469,73.56999969482422,73.62999725341797,0
2026-08-07T22:00:00Z,73.5999984741211,73.69000244140625,73.55000305175781,73.61000061035156,4775168
2026-08-07T23:00:00Z,73.62000274658203,73.73999786376953,73.58000183105469,73.62999725341797,0
2026-08-08T00:00:00Z,73.61000061035156,73.69000244140625,73.54000091552734,73.66999816894531,0
2026-08-08T01:00:00Z,73.68000030517578,73.91999816894531,73.63999938964844,73.8499984741211,0
2026-08-08T02:00:00Z,73.8499984741211,73.94000244140625,73.80999755859375,73.83000183105469,0
2026-08-08T03:00:00Z,73.81999969482422,74.93000030517578,73.81999969482422,74.79000091552734,54333440
2026-08-08T04:00:00Z,74.80000305175781,75.06999969482422,74.55000305175781,74.5999984741211,114662912
2026-08-08T05:00:00Z,74.5999984741211,74.70999908447266,74.44999694824219,74.61000061035156,0
2026-08-08T06:00:00Z,74.62999725341797,74.77999877929688,74.52999877929688,74.66999816894531,0
2026-08-08T07:00:00Z,74.66999816894531,74.77999877929688,74.61000061035156,74.7699966430664,0
2026-08-08T08:00:00Z,74.7699966430664,74.87000274658203,74.6500015258789,74.76000213623047,0
2026-08-08T09:00:00Z,74.75,74.97000122070312,74.75,74.83000183105469,0
2026-08-08T10:00:00Z,74.81999969482422,75.12000274658203,74.81999969482422,75.02999877929688,0
2026-08-08T11:00:00Z,75.02999877929688,75.6500015258789,75.01000213623047,75.55000305175781,58641280
2026-08-08T12:00:00Z,75.55000305175781,75.62000274658203,75.30999755859375,75.37999725341797,0
2026-08-08T13:00:00Z,75.37999725341797,75.51000213623047,75.3499984741211,75.4800033569336,0
2026-08-08T14:00:00Z,75.48999786376953,76.55000305175781,75.48999786376953,76.44000244140625,0
2026-08-08T15:00:00Z,76.47000122070312,76.66000366210938,76.19000244140625,76.31999969482422,91819136
2026-08-08T16:00:00Z,76.33999633789062,76.44000244140625,76.11000061035156,76.33000183105469,12322432
2026-08-08T17:00:00Z,76.33000183105469,76.43000030517578,76.22000122070312,76.33000183105469,0
2026-08-08T18:00:00Z,76.31999969482422,76.31999969482422,76.0199966430664,76.06999969482422,0
2026-08-08T19:00:00Z,76.06999969482422,76.20999908447266,75.91999816894531,76.08999633789062,0
2026-08-08T20:00:00Z,76.08000183105469,76.20999908447266,76.08000183105469,76.19000244140625,0
2026-08-08T21:00:00Z,76.19999694824219,76.30999755859375,76.11000061035156,76.1500015258789,0
2026-08-08T22:00:00Z,76.19000244140625,76.2300033569336,75.80000305175781,75.83999633789062,0
2026-08-08T23:00:00Z,75.8499984741211,76.05000305175781,75.72000122070312,75.95999908447266,21085440
2026-08-09T00:00:00Z,75.94000244140625,75.98999786376953,75.80999755859375,75.94999694824219,6169728
2026-08-09T01:00:00Z,75.95999908447266,76.02999877929688,75.69000244140625,75.80999755859375,1044224
2026-08-09T02:00:00Z,75.80999755859375,75.94000244140625,75.75,75.80999755859375,0
2026-08-09T03:00:00Z,75.80999755859375,75.9800033569336,75.70999908447266,75.93000030517578,0
2026-08-09T04:00:00Z,75.93000030517578,76.06999969482422,75.87000274658203,75.91000366210938,0
2026-08-09T05:00:00Z,75.9000015258789,75.97000122070312,75.81999969482422,75.94000244140625,0
2026-08-09T06:00:00Z,75.94000244140625,76.43000030517578,75.9000015258789,76.3499984741211,14441216
2026-08-09T07:00:00Z,76.3499984741211,76.41000366210938,76.16999816894531,76.29000091552734,22301952
2026-08-09T08:00:00Z,76.29000091552734,76.5,76.05999755859375,76.26000213623047,14129152
2026-08-09T09:00:00Z,76.23999786376953,76.44000244140625,76.19000244140625,76.38999938964844,6309888
2026-08-09T10:00:00Z,76.38999938964844,76.58000183105469,76.30999755859375,76.31999969482422,0
2026-08-09T11:00:00Z,76.30999755859375,76.4800033569336,76.29000091552734,76.44000244140625,0
2026-08-09T12:00:00Z,76.44000244140625,76.52999877929688,76.25,76.30999755859375,0
2026-08-09T13:00:00Z,76.30000305175781,76.7699966430664,76.29000091552734,76.52999877929688,8393088
2026-08-09T14:00:00Z,76.52999877929688,76.98999786376953,76.52999877929688,76.95999908447266,0
2026-08-09T15:00:00Z,76.9800033569336,77.38999938964844,76.80000305175781,77.36000061035156,0
2026-08-09T16:00:00Z,77.41999816894531,77.48999786376953,77.04000091552734,77.27999877929688,40654848
2026-08-09T17:00:00Z,77.2699966430664,77.27999877929688,77.06999969482422,77.12000274658203,0
2026-08-09T18:00:00Z,77.12000274658203,77.19000244140625,77.02999877929688,77.1500015258789,0
2026-08-09T19:00:00Z,77.13999938964844,77.30999755859375,77.08999633789062,77.16999816894531,0
2026-08-09T20:00:00Z,77.16999816894531,77.22000122070312,77.01000213623047,77.20999908447266,0
2026-08-09T21:00:00Z,77.20999908447266,77.43000030517578,77.08999633789062,77.29000091552734,0
2026-08-09T22:00:00Z,77.33999633789062,77.72000122070312,76.61000061035156,76.7699966430664,42561024
2026-08-09T23:00:00Z,76.7300033569336,76.8499984741211,76.16000366210938,76.2300033569336,30015360
2026-08-10T00:00:00Z,76.19000244140625,76.94999694824219,76.16000366210938,76.4800033569336,42845056
2026-08-10T01:00:00Z,76.4800033569336,77.08000183105469,76.3499984741211,76.83000183105469,24751104
2026-08-10T02:00:00Z,76.8499984741211,76.86000061035156,76.37999725341797,76.76000213623047,14577408
2026-08-10T03:00:00Z,76.75,76.86000061035156,76.30999755859375,76.58000183105469,19671552
2026-08-10T04:00:00Z,76.55999755859375,76.69000244140625,76.37999725341797,76.48999786376953,18575360
2026-08-10T05:00:00Z,76.4800033569336,76.91000366210938,76.4800033569336,76.80999755859375,9204864
2026-08-10T06:00:00Z,76.83000183105469,76.98999786376953,76.76000213623047,76.94000244140625,0
2026-08-10T07:00:00Z,76.94000244140625,77.04000091552734,76.7699966430664,76.93000030517578,0
2026-08-10T08:00:00Z,76.93000030517578,77.08000183105469,76.62000274658203,76.88999938964844,2295936
2026-08-10T09:00:00Z,76.87999725341797,76.97000122070312,76.5199966430664,76.5199966430664,7215616
2026-08-10T10:00:00Z,76.51000213623047,76.80999755859375,76.4800033569336,76.76000213623047,48648704
2026-08-10T11:00:00Z,76.76000213623047,76.98999786376953,76.61000061035156,76.97000122070312,8757632
2026-08-10T12:00:00Z,76.9800033569336,77.05999755859375,76.55000305175781,76.5999984741211,26805248
2026-08-10T13:00:00Z,76.58000183105469,76.70999908447266,76.0999984741211,76.25,4361216
2026-08-10T14:00:00Z,76.2300033569336,76.62999725341797,76.19000244140625,76.19999694824219,59539712
2026-08-10T15:00:00Z,76.19999694824219,76.36000061035156,75.76000213623047,75.91000366210938,27450496
2026-08-10T16:00:00Z,75.88999938964844,76.04000091552734,75.52999877929688,75.62999725341797,15820800
2026-08-10T17:00:00Z,75.62999725341797,76.02999877929688,75.54000091552734,75.9000015258789,38734080
2026-08-10T18:00:00Z,75.9000015258789,75.9800033569336,75.62999725341797,75.7300033569336,25700352
2026-08-10T19:00:00Z,75.73999786376953,76.19999694824219,75.73999786376953,76.11000061035156,18728320
2026-08-10T20:00:00Z,76.12000274658203,76.4000015258789,76.08999633789062,76.36000061035156,16679936
2026-08-10T21:00:00Z,76.3499984741211,76.41999816894531,76.22000122070312,76.22000122070312,8343552
2026-08-10T22:00:00Z,76.2300033569336,76.30999755859375,75.9800033569336,76.13999938964844,0
2026-08-10T23:00:00Z,76.1500015258789,76.1500015258789,75.9000015258789,75.91999816894531,0
2026-08-11T00:00:00Z,75.91999816894531,75.97000122070312,75.72000122070312,75.81999969482422,0
2026-08-11T01:00:00Z,75.80999755859375,76.02999877929688,75.6500015258789,76.02999877929688,0
2026-08-11T02:00:00Z,76.0199966430664,76.06999969482422,75.91000366210938,75.9800033569336,0
2026-08-11T03:00:00Z,75.9800033569336,76.16999816894531,75.97000122070312,76.0,0
2026-08-11T04:00:00Z,76.0,76.1500015258789,75.98999786376953,76.0199966430664,0
2026-08-11T05:00:00Z,76.01000213623047,76.0199966430664,75.70999908447266,75.7300033569336,9584256
2026-08-11T06:00:00Z,75.73999786376953,75.95999908447266,75.58999633789062,75.73999786376953,15846400
2026-08-11T07:00:00Z,75.75,75.80000305175781,75.36000061035156,75.62000274658203,30426624
2026-08-11T08:00:00Z,75.62999725341797,75.91000366210938,75.55999755859375,75.87000274658203,0
2026-08-11T09:00:00Z,75.87000274658203,75.87999725341797,75.5999984741211,75.80000305175781,17529856
2026-08-11T10:00:00Z,75.81999969482422,75.98999786376953,75.69999694824219,75.88999938964844,0
2026-08-11T11:00:00Z,75.88999938964844,76.29000091552734,75.88999938964844,76.13999938964844,37963776
2026-08-11T12:00:00Z,76.16999816894531,76.16999816894531,75.7300033569336,75.80000305175781,0
2026-08-11T13:00:00Z,75.79000091552734,76.04000091552734,75.66999816894531,75.94999694824219,0
2026-08-11T14:00:00Z,75.91999816894531,76.08999633789062,75.0199966430664,75.13999938964844,4213888
2026-08-11T15:00:00Z,75.0999984741211,75.3499984741211,74.58000183105469,74.87000274658203,0
2026-08-11T16:00:00Z,74.7699966430664,75.01000213623047,74.7300033569336,74.86000061035156,0
2026-08-11T17:00:00Z,74.87000274658203,75.13999938964844,74.8499984741211,75.0999984741211,0
2026-08-11T18:00:00Z,75.08999633789062,75.27999877929688,75.08000183105469,75.19999694824219,2582912
2026-08-11T19:00:00Z,75.19999694824219,75.63999938964844,75.0,75.58999633789062,2523520
2026-08-11T20:00:00Z,75.62000274658203,76.19000244140625,75.58000183105469,75.9800033569336,50072832
2026-08-11T21:00:00Z,75.97000122070312,76.38999938964844,75.94000244140625,76.38999938964844,23175936
2026-08-11T22:00:00Z,76.43000030517578,76.5999984741211,76.16999816894531,76.3499984741211,35217408
2026-08-11T23:00:00Z,76.31999969482422,76.31999969482422,76.13999938964844,76.2300033569336,6028544
2026-08-12T00:00:00Z,76.22000122070312,76.30999755859375,76.13999938964844,76.30999755859375,0
2026-08-12T01:00:00Z,76.30000305175781,76.5199966430664,76.23999786376953,76.36000061035156,0
2026-08-12T02:00:00Z,76.37000274658203,76.54000091552734,76.36000061035156,76.36000061035156,13998976
2026-08-12T03:00:00Z,76.36000061035156,76.45999908447266,76.19000244140625,76.3499984741211,1546496
2026-08-12T04:00:00Z,76.36000061035156,76.5,76.20999908447266,76.22000122070312,2745984
2026-08-12T05:00:00Z,76.22000122070312,76.30000305175781,76.12000274658203,76.26000213623047,0
2026-08-12T06:00:00Z,76.25,76.29000091552734,75.93000030517578,75.97000122070312,0
2026-08-12T07:00:00Z,75.98999786376953,76.20999908447266,75.87999725341797,76.19000244140625,0
2026-08-12T08:00:00Z,76.18000030517578,76.38999938964844,76.08000183105469,76.11000061035156,5233408
2026-08-12T09:00:00Z,76.11000061035156,76.81999969482422,76.05999755859375,76.69000244140625,15755520
2026-08-12T10:00:00Z,76.7300033569336,76.80999755859375,76.61000061035156,76.70999908447266,6859136
2026-08-12T11:00:00Z,76.69999694824219,76.80000305175781,76.63999938964844,76.7699966430664,0
2026-08-12T12:00:00Z,76.77999877929688,77.20999908447266,76.30999755859375,76.58000183105469,105866112
2026-08-12T13:00:00Z,76.58999633789062,76.61000061035156,75.98999786376953,76.16000366210938,21579648
2026-08-12T14:00:00Z,76.1500015258789,76.16999816894531,75.3499984741211,75.4000015258789,34153856
2026-08-12T15:00:00Z,75.3499984741211,75.79000091552734,75.30999755859375,75.68000030517578,0
2026-08-12T16:00:00Z,75.66000366210938,75.77999877929688,75.48999786376953,75.62000274658203,0
2026-08-12T17:00:00Z,75.62000274658203,75.98999786376953,75.5999984741211,75.8499984741211,2853376
2026-08-12T18:00:00Z,75.83999633789062,76.0199966430664,75.7699966430664,75.81999969482422,0
2026-08-12T19:00:00Z,75.81999969482422,75.93000030517578,75.51000213623047,75.69000244140625,0
2026-08-12T20:00:00Z,75.68000030517578,75.93000030517578,75.66000366210938,75.86000061035156,0
2026-08-12T21:00:00Z,75.86000061035156,75.91999816894531,75.36000061035156,75.4000015258789,0
2026-08-12T22:00:00Z,75.37999725341797,75.5999984741211,75.29000091552734,75.45999908447266,0
2026-08-12T23:00:00Z,75.44999694824219,75.56999969482422,75.30000305175781,75.55999755859375,0
2026-08-13T00:00:00Z,75.52999877929688,75.80999755859375,75.4800033569336,75.55000305175781,5933696
2026-08-13T01:00:00Z,75.5199966430664,75.7300033569336,75.41000366210938,75.55999755859375,0
2026-08-13T02:00:00Z,75.55999755859375,75.9000015258789,75.44999694824219,75.9000015258789,0
2026-08-13T03:00:00Z,75.9000015258789,76.23999786376953,75.87999725341797,76.16999816894531,52751616
2026-08-13T04:00:00Z,76.18000030517578,76.19999694824219,75.94999694824219,76.05000305175781,12077312
2026-08-13T05:00:00Z,76.06999969482422,76.54000091552734,76.01000213623047,76.44000244140625,18686720
2026-08-13T06:00:00Z,76.44999694824219,76.4800033569336,76.25,76.44999694824219,5438592
2026-08-13T07:00:00Z,76.45999908447266,76.45999908447266,76.31999969482422,76.37000274658203,0
2026-08-13T08:00:00Z,76.37000274658203,76.41000366210938,76.11000061035156,76.13999938964844,0
2026-08-13T09:00:00Z,76.1500015258789,76.1500015258789,75.83999633789062,76.08000183105469,0
2026-08-13T10:00:00Z,76.11000061035156,76.11000061035156,75.62999725341797,75.68000030517578,0
2026-08-13T11:00:00Z,75.68000030517578,75.68000030517578,75.48999786376953,75.58999633789062,0
2026-08-13T12:00:00Z,75.58999633789062,76.05999755859375,75.55999755859375,76.05999755859375,0
2026-08-13T13:00:00Z,76.06999969482422,76.27999877929688,75.97000122070312,76.11000061035156,0
2026-08-13T14:00:00Z,76.12999725341797,76.51000213623047,76.05999755859375,76.37999725341797,0
2026-08-13T15:00:00Z,76.4000015258789,76.47000122070312,75.56999969482422,75.58000183105469,0
2026-08-13T16:00:00Z,75.56999969482422,75.80000305175781,75.04000091552734,75.51000213623047,107061120
2026-08-13T17:00:00Z,75.5,75.86000061035156,75.48999786376953,75.69999694824219,7868672
2026-08-13T18:00:00Z,75.68000030517578,76.0,75.61000061035156,75.94000244140625,896896
2026-08-13T19:00:00Z,75.94999694824219,76.19999694824219,75.91000366210938,76.13999938964844,15378816
2026-08-13T20:00:00Z,76.13999938964844,76.2699966430664,76.06999969482422,76.1500015258789,26056320
2026-08-13T21:00:00Z,76.1500015258789,76.23999786376953,76.05000305175781,76.13999938964844,0
2026-08-13T22:00:00Z,76.13999938964844,76.37999725341797,76.12999725341797,76.19000244140625,5029504
2026-08-13T23:00:00Z,76.19000244140625,76.23999786376953,76.06999969482422,76.20999908447266,788096
2026-08-14T00:00:00Z,76.20999908447266,76.26000213623047,75.91999816894531,76.01000213623047,10603904
2026-08-14T01:00:00Z,75.9800033569336,76.12000274658203,75.86000061035156,76.0199966430664,10278144
2026-08-14T02:00:00Z,76.01000213623047,76.12999725341797,75.91999816894531,75.94999694824219,0
2026-08-14T03:00:00Z,75.94999694824219,75.98999786376953,75.66000366210938,75.69000244140625,0
2026-08-14T04:00:00Z,75.66999816894531,75.95999908447266,75.66999816894531,75.7699966430664,0
2026-08-14T05:00:00Z,75.76000213623047,75.91999816894531,75.72000122070312,75.83999633789062,0
2026-08-14T06:00:00Z,75.83000183105469,75.83000183105469,75.45999908447266,75.47000122070312,709120
2026-08-14T07:00:00Z,75.44999694824219,75.6500015258789,75.41999816894531,75.51000213623047,11458048
2026-08-14T08:00:00Z,75.51000213623047,75.79000091552734,75.48999786376953,75.79000091552734,12350592
2026-08-14T09:00:00Z,75.77999877929688,75.79000091552734,75.3499984741211,75.4000015258789,0
2026-08-14T10:00:00Z,75.37000274658203,75.58000183105469,75.2699966430664,75.31999969482422,0
2026-08-14T11:00:00Z,75.31999969482422,75.5199966430664,75.30999755859375,75.44000244140625,4780416
2026-08-14T12:00:00Z,75.44999694824219,75.5199966430664,75.2699966430664,75.37999725341797,0
2026-08-14T13:00:00Z,75.37999725341797,75.4000015258789,75.19000244140625,75.2699966430664,4387456
2026-08-14T14:00:00Z,75.26000213623047,75.33000183105469,74.97000122070312,75.19000244140625,0
2026-08-14T15:00:00Z,75.18000030517578,75.69000244140625,75.12999725341797,75.56999969482422,9278080
2026-08-14T16:00:00Z,75.55999755859375,75.62999725341797,75.37999725341797,75.4000015258789,0
2026-08-14T17:00:00Z,75.4000015258789,75.5999984741211,75.08999633789062,75.20999908447266,0
2026-08-14T18:00:00Z,75.22000122070312,75.2300033569336,74.87000274658203,74.88999938964844,51356672
2026-08-14T19:00:00Z,74.87999725341797,75.0199966430664,74.5999984741211,74.91999816894531,38650752
2026-08-14T20:00:00Z,74.93000030517578,75.16999816894531,74.9000015258789,75.06999969482422,0
2026-08-14T21:00:00Z,75.08000183105469,75.18000030517578,75.02999877929688,75.12000274658203,6265472
2026-08-14T22:00:00Z,75.12000274658203,75.19999694824219,74.9000015258789,75.12000274658203,0
2026-08-14T23:00:00Z,75.11000061035156,75.33999633789062,75.08000183105469,75.33000183105469,3348096
2026-08-15T00:00:00Z,75.31999969482422,75.36000061035156,75.26000213623047,75.2699966430664,0
2026-08-15T01:00:00Z,75.30000305175781,75.4000015258789,75.2300033569336,75.3499984741211,0
2026-08-15T02:00:00Z,75.36000061035156,75.61000061035156,75.31999969482422,75.58999633789062,13904768
2026-08-15T03:00:00Z,75.58999633789062,75.63999938964844,75.33999633789062,75.3499984741211,0
2026-08-15T04:00:00Z,75.37000274658203,75.54000091552734,75.30000305175781,75.45999908447266,8248576
2026-08-15T05:00:00Z,75.45999908447266,75.5199966430664,75.23999786376953,75.27999877929688,11686912
2026-08-15T06:00:00Z,75.27999877929688,75.43000030517578,75.20999908447266,75.36000061035156,0
2026-08-15T07:00:00Z,75.3499984741211,75.3499984741211,75.13999938964844,75.16999816894531,0
2026-08-15T08:00:00Z,75.16999816894531,75.23999786376953,74.9800033569336,74.98999786376953,0
2026-08-15T09:00:00Z,75.0199966430664,75.18000030517578,74.95999908447266,75.16000366210938,0
2026-08-15T10:00:00Z,75.16999816894531,75.2699966430664,75.12999725341797,75.22000122070312,0
2026-08-15T11:00:00Z,75.20999908447266,75.23999786376953,75.13999938964844,75.18000030517578,0
2026-08-15T12:00:00Z,75.18000030517578,75.3499984741211,75.12999725341797,75.3499984741211,0
2026-08-15T13:00:00Z,75.33000183105469,75.5,75.31999969482422,75.4800033569336,0
2026-08-15T14:00:00Z,75.5,75.51000213623047,75.37000274658203,75.37000274658203,0
2026-08-15T15:00:00Z,75.37999725341797,75.45999908447266,75.30999755859375,75.44000244140625,0
2026-08-15T16:00:00Z,75.44999694824219,75.44999694824219,75.33000183105469,75.41000366210938,0
2026-08-15T17:00:00Z,75.4000015258789,75.5999984741211,75.4000015258789,75.58000183105469,0
2026-08-15T18:00:00Z,75.58000183105469,75.5999984741211,75.43000030517578,75.4800033569336,0
2026-08-15T19:00:00Z,75.4800033569336,75.48999786376953,75.44000244140625,75.4800033569336,0
2026-08-15T20:00:00Z,75.4800033569336,75.48999786376953,75.33999633789062,75.44000244140625,0
2026-08-15T21:00:00Z,75.43000030517578,75.66000366210938,75.43000030517578,75.55000305175781,0
2026-08-15T22:00:00Z,75.55000305175781,75.58999633789062,75.5,75.51000213623047,0
2026-08-15T23:00:00Z,75.51000213623047,75.51000213623047,75.23999786376953,75.27999877929688,0
2026-08-16T00:00:00Z,75.25,75.43000030517578,75.19999694824219,75.4000015258789,0
2026-08-16T01:00:00Z,75.4000015258789,75.41999816894531,75.2300033569336,75.3499984741211,0
2026-08-16T02:00:00Z,75.3499984741211,75.58000183105469,75.19000244140625,75.48999786376953,0
2026-08-16T03:00:00Z,75.51000213623047,75.58000183105469,75.4800033569336,75.51000213623047,0
2026-08-16T04:00:00Z,75.51000213623047,75.55000305175781,75.36000061035156,75.37000274658203,0
2026-08-16T05:00:00Z,75.37000274658203,75.44999694824219,75.2699966430664,75.29000091552734,0
2026-08-16T06:00:00Z,75.29000091552734,75.44000244140625,75.20999908447266,75.30000305175781,1300736
2026-08-16T07:00:00Z,75.29000091552734,75.41000366210938,75.2699966430664,75.38999938964844,0
2026-08-16T08:00:00Z,75.37000274658203,75.41999816894531,75.33000183105469,75.38999938964844,0
2026-08-16T09:00:00Z,75.38999938964844,75.4000015258789,75.19000244140625,75.2300033569336,0
2026-08-16T10:00:00Z,75.23999786376953,75.23999786376953,75.08999633789062,75.18000030517578,5791936
2026-08-16T11:00:00Z,75.19000244140625,75.23999786376953,75.1500015258789,75.20999908447266,5677696
2026-08-16T12:00:00Z,75.20999908447266,75.22000122070312,75.12000274658203,75.1500015258789,3409408
2026-08-16T13:00:00Z,75.1500015258789,75.3499984741211,75.1500015258789,75.2300033569336,0
2026-08-16T14:00:00Z,75.2300033569336,75.33999633789062,75.18000030517578,75.31999969482422,0
2026-08-16T15:00:00Z,75.31999969482422,75.55999755859375,75.30999755859375,75.48999786376953,5915008
2026-08-16T16:00:00Z,75.5,75.62000274658203,75.43000030517578,75.4800033569336,45997824
2026-08-16T17:00:00Z,75.4800033569336,75.54000091552734,75.19999694824219,75.20999908447266,5377600
2026-08-16T18:00:00Z,75.20999908447266,75.22000122070312,74.97000122070312,75.11000061035156,27015872
2026-08-16T19:00:00Z,75.11000061035156,75.29000091552734,75.0999984741211,75.16000366210938,7494912
2026-08-16T20:00:00Z,75.16000366210938,75.23999786376953,74.91999816894531,74.94999694824219,9597632
2026-08-16T21:00:00Z,74.91999816894531,75.0199966430664,74.13999938964844,74.2699966430664,65337664
2026-08-16T22:00:00Z,74.23999786376953,74.45999908447266,74.12000274658203,74.44999694824219,35420032
2026-08-16T23:00:00Z,74.41999816894531,74.58000183105469,74.38999938964844,74.54000091552734,4542016
2026-08-17T00:00:00Z,74.51000213623047,74.66000366210938,74.37000274658203,74.55000305175781,23351040
2026-08-17T01:00:00Z,74.5199966430664,75.2699966430664,74.5199966430664,75.0199966430664,55441920
2026-08-17T02:00:00Z,75.05000305175781,75.48999786376953,74.9800033569336,75.4000015258789,21136576
2026-08-17T03:00:00Z,75.44999694824219,75.51000213623047,75.37000274658203,75.43000030517578,43157952
2026-08-17T04:00:00Z,75.44999694824219,75.55000305175781,75.41999816894531,75.48999786376953,26068608
2026-08-17T05:00:00Z,75.47000122070312,75.54000091552734,75.33000183105469,75.33999633789062,4392192
2026-08-17T06:00:00Z,75.33999633789062,75.91999816894531,75.27999877929688,75.7699966430664,41949056
2026-08-17T07:00:00Z,75.8499984741211,75.86000061035156,75.66000366210938,75.70999908447266,37097472
2026-08-17T08:00:00Z,75.7300033569336,75.73999786376953,75.11000061035156,75.16000366210938,58841280
2026-08-17T09:00:00Z,75.16999816894531,75.33999633789062,75.1500015258789,75.2699966430664,45599936
2026-08-17T10:00:00Z,75.2699966430664,75.70999908447266,75.2300033569336,75.69000244140625,27049728
2026-08-17T11:00:00Z,75.68000030517578,75.8499984741211,75.5999984741211,75.62000274658203,50343424
2026-08-17T12:00:00Z,75.62000274658203,75.62999725341797,75.2699966430664,75.36000061035156,48747136
2026-08-17T13:00:00Z,75.36000061035156,75.69999694824219,75.19999694824219,75.55000305175781,53411584
2026-08-17T14:00:00Z,75.55000305175781,75.94999694824219,75.44000244140625,75.9000015258789,49718272
2026-08-17T15:00:00Z,75.9000015258789,76.1500015258789,75.73999786376953,76.02999877929688,57614208
2026-08-17T16:00:00Z,76.05000305175781,76.06999969482422,75.87999725341797,75.94999694824219,987264
2026-08-17T17:00:00Z,75.97000122070312,76.05999755859375,75.63999938964844,75.86000061035156,26015232
2026-08-17T18:00:00Z,75.8499984741211,76.0999984741211,75.80000305175781,75.83999633789062,0
2026-08-17T19:00:00Z,75.83999633789062,75.87999725341797,75.68000030517578,75.73999786376953,12189440
2026-08-17T20:00:00Z,75.73999786376953,76.04000091552734,75.58000183105469,75.93000030517578,17502336
2026-08-17T21:00:00Z,75.91999816894531,76.01000213623047,75.81999969482422,75.9000015258789,0
2026-08-17T22:00:00Z,75.91000366210938,75.9800033569336,75.66000366210938,75.68000030517578,0
2026-08-17T23:00:00Z,75.66999816894531,76.05000305175781,75.6500015258789,75.94999694824219,9707904
2026-08-18T00:00:00Z,75.94999694824219,76.02999877929688,75.80999755859375,75.97000122070312,0
2026-08-18T01:00:00Z,75.9800033569336,75.98999786376953,75.5199966430664,75.54000091552734,0
2026-08-18T02:00:00Z,75.52999877929688,75.58999633789062,75.1500015258789,75.20999908447266,42574592
2026-08-18T03:00:00Z,75.18000030517578,75.45999908447266,75.18000030517578,75.43000030517578,0
2026-08-18T04:00:00Z,75.43000030517578,75.7699966430664,75.33999633789062,75.76000213623047,26647552
2026-08-18T05:00:00Z,75.76000213623047,75.88999938964844,75.51000213623047,75.66000366210938,42910336
2026-08-18T06:00:00Z,75.6500015258789,75.97000122070312,75.58999633789062,75.93000030517578,0
2026-08-18T07:00:00Z,75.94000244140625,76.13999938964844,75.88999938964844,76.0199966430664,23556352
2026-08-18T08:00:00Z,76.04000091552734,76.11000061035156,75.77999877929688,76.08999633789062,0
2026-08-18T09:00:00Z,76.05999755859375,76.08999633789062,75.80999755859375,75.87999725341797,0
2026-08-18T10:00:00Z,75.87000274658203,75.91000366210938,75.7300033569336,75.7699966430664,0
2026-08-18T11:00:00Z,75.75,76.37000274658203,75.73999786376953,76.23999786376953,14761344
2026-08-18T12:00:00Z,76.2699966430664,76.44000244140625,76.16000366210938,76.19000244140625,0
2026-08-18T13:00:00Z,76.16999816894531,76.22000122070312,75.97000122070312,76.13999938964844,0
2026-08-18T14:00:00Z,76.12999725341797,77.26000213623047,76.05999755859375,76.7300033569336,107271808
2026-08-18T15:00:00Z,76.75,77.19999694824219,76.73999786376953,77.13999938964844,14362624
2026-08-18T16:00:00Z,77.16999816894531,77.2699966430664,76.79000091552734,77.0199966430664,8437888
2026-08-18T17:00:00Z,77.02999877929688,77.02999877929688,76.83999633789062,76.8499984741211,0
2026-08-18T18:00:00Z,76.83999633789062,77.25,76.83000183105469,77.22000122070312,0
2026-08-18T19:00:00Z,77.19999694824219,77.33999633789062,77.04000091552734,77.12999725341797,15809280
2026-08-18T20:00:00Z,77.13999938964844,77.16999816894531,76.69999694824219,76.81999969482422,11476736
2026-08-18T21:00:00Z,76.83000183105469,77.05000305175781,76.83000183105469,76.94000244140625,5468800
2026-08-18T22:00:00Z,76.93000030517578,77.13999938964844,76.83999633789062,76.88999938964844,26045056
2026-08-18T23:00:00Z,76.88999938964844,77.18000030517578,76.88999938964844,77.0,7191808
2026-08-19T00:00:00Z,77.0199966430664,77.05000305175781,76.7699966430664,76.87000274658203,0
2026-08-19T01:00:00Z,76.87000274658203,77.01000213623047,76.66000366210938,76.73999786376953,29985664
2026-08-19T02:00:00Z,76.75,76.86000061035156,76.6500015258789,76.75,0
2026-08-19T03:00:00Z,76.76000213623047,77.04000091552734,76.66999816894531,76.93000030517578,0
2026-08-19T04:00:00Z,76.93000030517578,77.08000183105469,76.73999786376953,76.80999755859375,0
2026-08-19T05:00:00Z,76.80999755859375,76.98999786376953,76.70999908447266,76.7300033569336,0
2026-08-19T06:00:00Z,76.77999877929688,77.08000183105469,76.58000183105469,77.0,12643712
2026-08-19T07:00:00Z,77.0199966430664,77.02999877929688,76.87999725341797,76.88999938964844,0
2026-08-19T08:00:00Z,76.87999725341797,77.51000213623047,76.8499984741211,77.33000183105469,36935424
2026-08-19T09:00:00Z,77.31999969482422,77.41999816894531,77.16000366210938,77.25,12592128
2026-08-19T10:00:00Z,77.26000213623047,77.31999969482422,77.16999816894531,77.30999755859375,0
2026-08-19T11:00:00Z,77.30999755859375,77.55000305175781,77.30999755859375,77.4800033569336,0
2026-08-19T12:00:00Z,77.4800033569336,78.66000366210938,77.36000061035156,78.3499984741211,193086720
2026-08-19T13:00:00Z,78.33999633789062,78.62999725341797,78.12000274658203,78.3499984741211,116897024
2026-08-19T14:00:00Z,78.37000274658203,80.94000244140625,78.30000305175781,80.80000305175781,90972416
2026-08-19T15:00:00Z,80.91999816894531,82.76000213623047,80.62999725341797,81.81999969482422,930765824
2026-08-19T16:00:00Z,81.86000061035156,82.27999877929688,81.54000091552734,81.55999755859375,188391936
2026-08-19T17:00:00Z,81.58000183105469,81.68000030517578,80.9800033569336,81.61000061035156,141758464
2026-08-19T18:00:00Z,81.6500015258789,82.27999877929688,81.23999786376953,82.26000213623047,115470336
2026-08-19T19:00:00Z,82.23999786376953,82.4800033569336,81.98999786376953,82.31999969482422,161672704
2026-08-19T20:00:00Z,82.36000061035156,84.2699966430664,82.26000213623047,83.70999908447266,140099584
2026-08-19T21:00:00Z,83.79000091552734,87.18000030517578,83.72000122070312,86.5999984741211,633595904
2026-08-19T22:00:00Z,86.69000244140625,86.80000305175781,84.94000244140625,85.44000244140625,265262592
2026-08-19T23:00:00Z,85.43000030517578,85.70999908447266,85.01000213623047,85.33999633789062,116098048
2026-08-20T00:00:00Z,85.33999633789062,85.7300033569336,84.86000061035156,84.94999694824219,171007488
2026-08-20T01:00:00Z,84.94000244140625,85.36000061035156,84.61000061035156,85.29000091552734,118889472
2026-08-20T02:00:00Z,85.30999755859375,85.4000015258789,84.62999725341797,84.73999786376953,54220800
2026-08-20T03:00:00Z,84.70999908447266,84.7300033569336,83.94999694824219,84.41999816894531,91676160
2026-08-20T04:00:00Z,84.43000030517578,84.86000061035156,84.37000274658203,84.77999877929688,49939968
2026-08-20T05:00:00Z,84.79000091552734,85.0199966430664,84.75,84.9000015258789,31309824
2026-08-20T06:00:00Z,84.9000015258789,85.86000061035156,84.6500015258789,85.8499984741211,121467904
2026-08-20T07:00:00Z,85.83000183105469,86.12999725341797,85.72000122070312,86.12000274658203,95574016
2026-08-20T08:00:00Z,86.12999725341797,87.91000366210938,86.0,87.43000030517578,325453312
2026-08-20T09:00:00Z,87.48999786376953,87.72000122070312,87.04000091552734,87.27999877929688,204730880
2026-08-20T10:00:00Z,87.30000305175781,87.7300033569336,86.97000122070312,87.4000015258789,113352704
2026-08-20T11:00:00Z,87.3499984741211,88.02999877929688,87.0199966430664,87.19000244140625,128090112
2026-08-20T12:00:00Z,87.1500015258789,87.33999633789062,86.48999786376953,87.0,0
2026-08-20T13:00:00Z,87.04000091552734,87.4000015258789,86.22000122070312,86.5,87797248
2026-08-20T14:00:00Z,86.4800033569336,86.79000091552734,86.11000061035156,86.54000091552734,0
2026-08-20T15:00:00Z,86.52999877929688,87.41000366210938,86.48999786376953,87.31999969482422,0
2026-08-20T16:00:00Z,87.31999969482422,87.79000091552734,86.83999633789062,87.70999908447266,0
2026-08-20T17:00:00Z,87.66999816894531,87.9000015258789,87.25,87.4800033569336,152725504
2026-08-20T18:00:00Z,87.52999877929688,87.63999938964844,86.6500015258789,86.9000015258789,0
2026-08-20T19:00:00Z,86.83999633789062,87.51000213623047,86.83999633789062,87.23999786376953,0
2026-08-20T20:00:00Z,87.30000305175781,87.62999725341797,87.2300033569336,87.55999755859375,5385216
2026-08-20T21:00:00Z,87.56999969482422,87.83999633789062,87.4000015258789,87.4800033569336,0
2026-08-20T22:00:00Z,87.48999786376953,87.55000305175781,87.16999816894531,87.20999908447266,0
2026-08-20T23:00:00Z,87.19999694824219,87.95999908447266,87.19999694824219,87.63999938964844,0
2026-08-21T00:00:00Z,87.63999938964844,88.76000213623047,87.55999755859375,88.2300033569336,62250496
2026-08-21T01:00:00Z,88.19999694824219,89.44999694824219,88.0999984741211,88.9800033569336,134932992
2026-08-21T02:00:00Z,89.01000213623047,90.12999725341797,88.5,89.22000122070312,338699264
2026-08-21T03:00:00Z,89.25,89.48999786376953,88.7300033569336,89.06999969482422,72487936
2026-08-21T04:00:00Z,89.08000183105469,89.45999908447266,88.83999633789062,89.41999816894531,77390336
2026-08-21T05:00:00Z,89.4000015258789,90.66000366210938,89.13999938964844,90.38999938964844,33759744
2026-08-21T06:00:00Z,90.4000015258789,91.25,89.72000122070312,90.19000244140625,139161600
2026-08-21T07:00:00Z,90.13999938964844,91.08999633789062,89.94000244140625,90.37999725341797,138337792
2026-08-21T08:00:00Z,90.4000015258789,93.37000274658203,90.33000183105469,93.2300033569336,99624448
2026-08-21T09:00:00Z,93.26000213623047,93.26000213623047,90.29000091552734,91.66000366210938,424565760
2026-08-21T10:00:00Z,91.6500015258789,91.73999786376953,90.83999633789062,91.44000244140625,263186944
2026-08-21T11:00:00Z,91.4800033569336,91.61000061035156,89.97000122070312,90.26000213623047,117851136
2026-08-21T12:00:00Z,90.33999633789062,91.12000274658203,90.01000213623047,90.8499984741211,115632128
2026-08-21T13:00:00Z,90.8499984741211,91.33000183105469,89.86000061035156,91.06999969482422,0
2026-08-21T14:00:00Z,91.02999877929688,91.94000244140625,90.54000091552734,91.88999938964844,102853120
2026-08-21T15:00:00Z,91.87999725341797,92.12000274658203,91.22000122070312,91.31999969482422,0
2026-08-21T16:00:00Z,91.37000274658203,91.88999938964844,90.73999786376953,91.5999984741211,0
2026-08-21T17:00:00Z,91.62000274658203,91.94999694824219,91.1500015258789,91.76000213623047,0
2026-08-21T18:00:00Z,91.77999877929688,92.01000213623047,91.06999969482422,91.52999877929688,0
2026-08-21T19:00:00Z,91.55999755859375,91.56999969482422,90.73999786376953,90.94000244140625,17181184
2026-08-21T20:00:00Z,90.93000030517578,91.93000030517578,90.61000061035156,91.8499984741211,72807936
2026-08-21T21:00:00Z,91.81999969482422,93.86000061035156,91.66999816894531,93.69999694824219,279714816
2026-08-21T22:00:00Z,93.72000122070312,94.5999984741211,93.2699966430664,94.29000091552734,272261632
2026-08-21T23:00:00Z,94.2300033569336,94.97000122070312,93.37999725341797,93.72000122070312,154645504
2026-08-22T00:00:00Z,93.73999786376953,94.38999938964844,92.87999725341797,93.87999725341797,18537472
2026-08-22T01:00:00Z,93.87000274658203,94.41000366210938,93.47000122070312,93.75,0
2026-08-22T02:00:00Z,93.68000030517578,95.75,93.68000030517578,95.62999725341797,0
2026-08-22T03:00:00Z,95.62000274658203,97.5199966430664,95.47000122070312,96.77999877929688,310628352
2026-08-22T04:00:00Z,96.79000091552734,102.6500015258789,96.18000030517578,99.0999984741211,889795072
2026-08-22T05:00:00Z,99.0999984741211,99.93000030517578,88.0,94.16999816894531,1918846464
2026-08-22T06:00:00Z,94.12000274658203,95.0999984741211,93.06999969482422,94.27999877929688,257771520
2026-08-22T07:00:00Z,94.2699966430664,95.4800033569336,94.04000091552734,94.44000244140625,18170880
2026-08-22T08:00:00Z,94.41000366210938,94.98999786376953,93.0999984741211,94.06999969482422,0
2026-08-22T09:00:00Z,94.08999633789062,94.54000091552734,93.06999969482422,93.87999725341797,0
2026-08-22T10:00:00Z,93.91999816894531,93.94000244140625,91.37000274658203,92.86000061035156,166865920
2026-08-22T11:00:00Z,92.87000274658203,93.4800033569336,92.55999755859375,93.2699966430664,0
2026-08-22T12:00:00Z,93.27999877929688,94.30000305175781,93.12000274658203,93.83000183105469,0
2026-08-22T13:00:00Z,93.8499984741211,94.20999908447266,93.5199966430664,94.11000061035156,0
2026-08-22T14:00:00Z,94.11000061035156,94.2699966430664,92.93000030517578,93.23999786376953,0
2026-08-22T15:00:00Z,93.16000366210938,93.56999969482422,92.81999969482422,93.06999969482422,0
2026-08-22T16:00:00Z,93.05999755859375,94.61000061035156,93.05999755859375,94.30000305175781,18630656
2026-08-22T17:00:00Z,94.30999755859375,94.52999877929688,93.76000213623047,94.25,0
2026-08-22T18:00:00Z,94.25,94.5199966430664,94.04000091552734,94.44999694824219,0
2026-08-22T19:00:00Z,94.43000030517578,94.80000305175781,94.26000213623047,94.48999786376953,0
2026-08-22T20:00:00Z,94.48999786376953,94.79000091552734,94.30000305175781,94.38999938964844,0
2026-08-22T21:00:00Z,94.37999725341797,94.38999938964844,92.75,92.81999969482422,0
2026-08-22T22:00:00Z,92.93000030517578,94.0,92.61000061035156,93.58999633789062,0
2026-08-22T23:00:00Z,93.58999633789062,93.9800033569336,93.36000061035156,93.79000091552734,0
2026-08-23T00:00:00Z,93.87000274658203,97.16999816894531,93.56999969482422,96.33000183105469,153810944
2026-08-23T01:00:00Z,96.3499984741211,96.55000305175781,95.6500015258789,95.9800033569336,67970048
2026-08-23T02:00:00Z,96.04000091552734,96.30000305175781,94.13999938964844,94.87999725341797,38365184
2026-08-23T03:00:00Z,94.88999938964844,95.01000213623047,93.43000030517578,93.69999694824219,0
2026-08-23T04:00:00Z,93.70999908447266,94.08000183105469,92.22000122070312,92.61000061035156,0
2026-08-23T05:00:00Z,92.5,93.26000213623047,91.63999938964844,92.30999755859375,0
2026-08-23T06:00:00Z,92.30999755859375,92.75,91.77999877929688,92.2300033569336,0
2026-08-23T07:00:00Z,92.22000122070312,92.95999908447266,92.12000274658203,92.43000030517578,0
2026-08-23T08:00:00Z,92.44000244140625,93.41999816894531,92.30000305175781,93.18000030517578,0
2026-08-23T09:00:00Z,93.1500015258789,93.5199966430664,92.91999816894531,93.30999755859375,0
2026-08-23T10:00:00Z,93.29000091552734,94.08000183105469,93.27999877929688,93.62000274658203,0
2026-08-23T11:00:00Z,93.5999984741211,94.77999877929688,93.52999877929688,94.5999984741211,0
2026-08-23T12:00:00Z,94.56999969482422,94.7699966430664,94.0999984741211,94.56999969482422,0
2026-08-23T13:00:00Z,94.55999755859375,95.77999877929688,94.55999755859375,95.37000274658203,76600832
2026-08-23T14:00:00Z,95.38999938964844,95.66000366210938,93.44999694824219,95.04000091552734,107334144
2026-08-23T15:00:00Z,95.08000183105469,95.86000061035156,94.69000244140625,95.33000183105469,61327872
2026-08-23T16:00:00Z,95.37000274658203,95.68000030517578,95.16000366210938,95.37999725341797,0
2026-08-23T17:00:00Z,95.4000015258789,95.51000213623047,94.80999755859375,95.0999984741211,0
2026-08-23T18:00:00Z,95.11000061035156,95.41999816894531,94.94000244140625,95.27999877929688,0
2026-08-23T19:00:00Z,95.30000305175781,95.44000244140625,94.86000061035156,95.05000305175781,0
2026-08-23T20:00:00Z,95.05999755859375,95.37999725341797,94.80999755859375,95.05000305175781,0
2026-08-23T21:00:00Z,95.06999969482422,96.25,95.06999969482422,95.3499984741211,0
2026-08-23T22:00:00Z,95.44000244140625,95.72000122070312,94.80000305175781,95.5999984741211,79383040
2026-08-23T23:00:00Z,95.56999969482422,95.83999633789062,95.0199966430664,95.4000015258789,33205248
2026-08-24T00:00:00Z,95.41999816894531,95.54000091552734,94.05999755859375,95.54000091552734,0
2026-08-24T01:00:00Z,95.48999786376953,95.48999786376953,93.77999877929688,93.8499984741211,0
2026-08-24T02:00:00Z,93.86000061035156,95.04000091552734,93.69999694824219,94.58999633789062,0
2026-08-24T03:00:00Z,94.55999755859375,94.66000366210938,93.5199966430664,93.66000366210938,0
2026-08-24T04:00:00Z,93.66999816894531,94.3499984741211,93.66000366210938,94.22000122070312,0
2026-08-24T05:00:00Z,94.16999816894531,94.62999725341797,93.48999786376953,94.2699966430664,0
2026-08-24T06:00:00Z,94.26000213623047,94.62000274658203,93.80999755859375,94.5,0
2026-08-24T07:00:00Z,94.51000213623047,95.41999816894531,93.95999908447266,94.0999984741211,87915008
2026-08-24T08:00:00Z,94.12000274658203,94.36000061035156,93.2300033569336,93.91999816894531,16039168
2026-08-24T09:00:00Z,93.88999938964844,94.87000274658203,93.87000274658203,94.63999938964844,36807424
2026-08-24T10:00:00Z,94.63999938964844,95.04000091552734,94.56999969482422,94.68000030517578,52771328
2026-08-24T11:00:00Z,94.68000030517578,96.26000213623047,94.2699966430664,95.81999969482422,121915392
2026-08-24T12:00:00Z,95.79000091552734,96.5999984741211,94.51000213623047,96.26000213623047,222476032
2026-08-24T13:00:00Z,96.2699966430664,96.51000213623047,94.33000183105469,95.0,184890368
2026-08-24T14:00:00Z,95.02999877929688,96.66000366210938,94.86000061035156,96.08000183105469,38486016
2026-08-24T15:00:00Z,96.0999984741211,97.56999969482422,95.9800033569336,96.43000030517578,172844544
2026-08-24T16:00:00Z,96.47000122070312,97.58999633789062,95.81999969482422,96.05000305175781,156213248
2026-08-24T17:00:00Z,96.05000305175781,96.19000244140625,94.81999969482422,95.37000274658203,256868864
2026-08-24T18:00:00Z,95.41999816894531,96.41999816894531,95.38999938964844,95.91000366210938,169185792
2026-08-24T19:00:00Z,95.94999694824219,96.63999938964844,95.43000030517578,96.5199966430664,164195328
2026-08-24T20:00:00Z,96.58000183105469,96.76000213623047,95.73999786376953,96.5,96045056
2026-08-24T21:00:00Z,96.52999877929688,97.55000305175781,96.52999877929688,97.47000122070312,0
2026-08-24T22:00:00Z,97.52999877929688,98.62999725341797,97.19000244140625,97.44000244140625,130593792
2026-08-24T23:00:00Z,97.45999908447266,98.9800033569336,97.27999877929688,98.9800033569336,120942592
2026-08-25T00:00:00Z,98.91999816894531,102.76000213623047,98.55999755859375,101.75,839501312
2026-08-25T01:00:00Z,101.81999969482422,102.51000213623047,100.08999633789062,100.45999908447266,229434368
2026-08-25T02:00:00Z,100.47000122070312,102.27999877929688,100.22000122070312,100.9000015258789,315956224
2026-08-25T03:00:00Z,100.86000061035156,102.0199966430664,100.8499984741211,101.55000305175781,136877056
2026-08-25T04:00:00Z,101.55000305175781,101.69000244140625,100.80000305175781,101.30000305175781,108260864
2026-08-25T05:00:00Z,101.33999633789062,102.86000061035156,101.20999908447266,101.87000274658203,101349888
2026-08-25T06:00:00Z,101.87000274658203,102.04000091552734,100.47000122070312,100.73999786376953,19567104
2026-08-25T07:00:00Z,100.72000122070312,101.91000366210938,99.62000274658203,100.2300033569336,88655360
2026-08-25T08:00:00Z,100.29000091552734,101.08999633789062,99.70999908447266,100.36000061035156,127734784
2026-08-25T09:00:00Z,100.37999725341797,100.58999633789062,99.30000305175781,99.79000091552734,36681728
2026-08-25T10:00:00Z,99.79000091552734,99.87000274658203,99.12999725341797,99.6500015258789,33273856
2026-08-25T11:00:00Z,99.62999725341797,99.68000030517578,98.48999786376953,98.58999633789062,0
2026-08-25T12:00:00Z,98.5999984741211,98.80000305175781,97.51000213623047,98.58999633789062,0
2026-08-25T13:00:00Z,98.58000183105469,98.79000091552734,96.22000122070312,97.11000061035156,0
2026-08-25T14:00:00Z,97.08999633789062,98.37999725341797,96.88999938964844,98.23999786376953,0
2026-08-25T15:00:00Z,98.20999908447266,98.5,97.66000366210938,98.37999725341797,0
2026-08-25T16:00:00Z,98.29000091552734,98.66000366210938,97.77999877929688,98.19999694824219,0
2026-08-25T17:00:00Z,98.19000244140625,98.20999908447266,97.47000122070312,98.19999694824219,0
2026-08-25T18:00:00Z,98.22000122070312,98.83000183105469,98.08000183105469,98.51000213623047,0
2026-08-25T19:00:00Z,98.48999786376953,98.62999725341797,97.4800033569336,97.97000122070312,0
2026-08-25T20:00:00Z,97.98999786376953,98.05000305175781,96.6500015258789,96.66999816894531,13840896
2026-08-25T21:00:00Z,96.70999908447266,97.2699966430664,95.63999938964844,97.16999816894531,110871040
2026-08-25T22:00:00Z,97.19999694824219,97.76000213623047,97.16000366210938,97.22000122070312,0
2026-08-25T23:00:00Z,97.19999694824219,97.4000015258789,96.4000015258789,96.58999633789062,0
2026-08-26T00:00:00Z,96.62000274658203,96.91999816894531,96.18000030517578,96.63999938964844,0
2026-08-26T01:00:00Z,96.62999725341797,97.26000213623047,96.62999725341797,97.0199966430664,0
2026-08-26T02:00:00Z,97.05000305175781,97.54000091552734,96.77999877929688,97.27999877929688,0
2026-08-26T03:00:00Z,97.26000213623047,97.37000274658203,96.83000183105469,97.04000091552734,0
2026-08-26T04:00:00Z,97.0199966430664,97.30999755859375,96.55999755859375,96.62000274658203,0
2026-08-26T05:00:00Z,96.63999938964844,97.18000030517578,96.25,97.06999969482422,0
2026-08-26T06:00:00Z,97.05999755859375,97.29000091552734,96.51000213623047,96.80000305175781,0
2026-08-26T07:00:00Z,96.79000091552734,97.16000366210938,96.66999816894531,96.93000030517578,0
2026-08-26T08:00:00Z,96.93000030517578,97.37999725341797,96.69000244140625,96.80999755859375,0
2026-08-26T09:00:00Z,96.81999969482422,97.0,95.79000091552734,96.18000030517578,0
2026-08-26T10:00:00Z,96.1500015258789,97.87000274658203,96.0,97.5,0
2026-08-26T11:00:00Z,97.47000122070312,97.6500015258789,96.68000030517578,97.0199966430664,0
2026-08-26T12:00:00Z,97.04000091552734,97.5199966430664,96.1500015258789,97.01000213623047,0
2026-08-26T13:00:00Z,96.9800033569336,97.22000122070312,95.87000274658203,96.54000091552734,0
2026-08-26T14:00:00Z,96.4000015258789,96.95999908447266,95.43000030517578,95.45999908447266,0
2026-08-26T15:00:00Z,95.45999908447266,96.3499984741211,95.13999938964844,95.94000244140625,22859776
2026-08-26T16:00:00Z,95.95999908447266,96.16000366210938,95.4800033569336,95.94000244140625,0
2026-08-26T17:00:00Z,95.94999694824219,97.23999786376953,95.87999725341797,96.95999908447266,30465024
2026-08-26T18:00:00Z,96.97000122070312,97.1500015258789,96.62000274658203,96.83000183105469,0
2026-08-26T19:00:00Z,96.80999755859375,96.91000366210938,96.36000061035156,96.80000305175781,0
2026-08-26T20:00:00Z,96.7699966430664,97.04000091552734,96.30999755859375,96.93000030517578,0
2026-08-26T21:00:00Z,96.94000244140625,98.33000183105469,96.88999938964844,98.2699966430664,0
2026-08-26T22:00:00Z,98.19000244140625,100.88999938964844,98.08000183105469,99.66999816894531,298118656
2026-08-26T23:00:00Z,99.52999877929688,102.38999938964844,99.5199966430664,102.08000183105469,280920320
2026-08-27T00:00:00Z,102.08999633789062,102.08999633789062,100.58999633789062,100.58999633789062,131745536
2026-08-27T01:00:00Z,100.56999969482422,101.91000366210938,100.54000091552734,101.45999908447266,82273536
2026-08-27T02:00:00Z,101.45999908447266,101.94999694824219,100.87000274658203,101.16000366210938,67845120
2026-08-27T03:00:00Z,101.13999938964844,101.79000091552734,100.88999938964844,101.05000305175781,63288832
2026-08-27T04:00:00Z,101.0999984741211,101.5199966430664,100.66999816894531,101.05999755859375,59047424
2026-08-27T05:00:00Z,101.06999969482422,102.22000122070312,100.76000213623047,102.0,76823552
2026-08-27T06:00:00Z,101.98999786376953,101.98999786376953,100.91000366210938,101.29000091552734,149463296
2026-08-27T07:00:00Z,101.2699966430664,102.04000091552734,101.04000091552734,101.77999877929688,42737152
2026-08-27T08:00:00Z,101.80000305175781,105.0,101.72000122070312,104.70999908447266,632699392
2026-08-27T09:00:00Z,104.6500015258789,105.68000030517578,104.11000061035156,104.38999938964844,305004032
2026-08-27T10:00:00Z,104.4000015258789,105.0,103.18000030517578,104.0999984741211,194808320
2026-08-27T11:00:00Z,104.08999633789062,104.87999725341797,103.44000244140625,103.94000244140625,119626240
2026-08-27T12:00:00Z,103.91999816894531,104.7300033569336,103.91999816894531,104.41999816894531,0
2026-08-27T13:00:00Z,104.38999938964844,106.30000305175781,104.22000122070312,106.08999633789062,56865792
2026-08-27T14:00:00Z,106.05999755859375,107.91999816894531,105.23999786376953,106.80000305175781,499900928
2026-08-27T15:00:00Z,106.79000091552734,107.91000366210938,106.5999984741211,107.19999694824219,348073472
2026-08-27T16:00:00Z,107.30000305175781,109.47000122070312,106.87999725341797,108.94999694824219,368417280
2026-08-27T17:00:00Z,108.98999786376953,109.62999725341797,107.80999755859375,108.19999694824219,248186880
2026-08-27T18:00:00Z,108.19999694824219,108.37999725341797,106.70999908447266,108.37999725341797,174625792
2026-08-27T19:00:00Z,108.37999725341797,109.87000274658203,108.33999633789062,109.44000244140625,196001792
2026-08-27T20:00:00Z,109.27999877929688,109.77999877929688,108.5,109.05999755859375,137903104
2026-08-27T21:00:00Z,109.0999984741211,109.16999816894531,108.26000213623047,108.7699966430664,23999488
2026-08-27T22:00:00Z,108.80000305175781,110.47000122070312,108.79000091552734,109.20999908447266,0
2026-08-27T23:00:00Z,109.22000122070312,110.05999755859375,108.9000015258789,109.18000030517578,0
2026-08-28T00:00:00Z,109.19999694824219,110.05999755859375,108.76000213623047,109.12999725341797,0
2026-08-28T01:00:00Z,109.12999725341797,109.69999694824219,107.81999969482422,107.87999725341797,25106944
2026-08-28T02:00:00Z,107.91000366210938,107.98999786376953,106.2300033569336,106.55000305175781,92222976
2026-08-28T03:00:00Z,106.58000183105469,107.33999633789062,105.88999938964844,106.87000274658203,73335296
2026-08-28T04:00:00Z,106.86000061035156,107.62999725341797,106.30000305175781,106.80000305175781,0
2026-08-28T05:00:00Z,106.76000213623047,107.48999786376953,106.66999816894531,107.25,0
2026-08-28T06:00:00Z,107.29000091552734,107.83999633789062,107.20999908447266,107.55999755859375,0
2026-08-28T07:00:00Z,107.56999969482422,107.56999969482422,106.31999969482422,106.36000061035156,0
2026-08-28T08:00:00Z,106.38999938964844,106.91000366210938,105.83000183105469,106.05000305175781,0
2026-08-28T09:00:00Z,106.08000183105469,106.62999725341797,105.56999969482422,105.95999908447266,0
2026-08-28T10:00:00Z,105.95999908447266,106.23999786376953,104.55000305175781,106.19999694824219,0
2026-08-28T11:00:00Z,106.19000244140625,106.70999908447266,105.58000183105469,105.8499984741211,0
2026-08-28T12:00:00Z,105.83999633789062,106.0199966430664,104.55000305175781,104.91000366210938,90274304
2026-08-28T13:00:00Z,104.86000061035156,105.58000183105469,104.69000244140625,105.22000122070312,0
2026-08-28T14:00:00Z,105.20999908447266,106.66999816894531,103.66000366210938,106.29000091552734,192839680
2026-08-28T15:00:00Z,106.33999633789062,107.9000015258789,105.2300033569336,105.2699966430664,47451136
2026-08-28T16:00:00Z,105.41999816894531,105.69999694824219,103.01000213623047,105.16999816894531,278476800
2026-08-28T17:00:00Z,105.25,105.25,104.30000305175781,104.7300033569336,0
2026-08-28T18:00:00Z,104.66999816894531,104.70999908447266,102.30999755859375,103.08000183105469,0
2026-08-28T19:00:00Z,103.0999984741211,103.8499984741211,103.0,103.36000061035156,0
2026-08-28T20:00:00Z,103.3499984741211,104.23999786376953,102.88999938964844,103.86000061035156,0
2026-08-28T21:00:00Z,103.87000274658203,104.04000091552734,103.30000305175781,103.44000244140625,0
2026-08-28T22:00:00Z,103.45999908447266,104.22000122070312,103.41999816894531,104.12999725341797,0
2026-08-28T23:00:00Z,104.12000274658203,104.38999938964844,103.9800033569336,104.1500015258789,0
2026-08-29T00:00:00Z,104.12999725341797,104.55999755859375,103.9000015258789,103.9000015258789,0
2026-08-29T01:00:00Z,103.91000366210938,104.36000061035156,103.80999755859375,104.16999816894531,0
2026-08-29T02:00:00Z,104.16999816894531,104.4000015258789,103.66999816894531,103.94000244140625,0
2026-08-29T03:00:00Z,103.94999694824219,104.25,103.83999633789062,103.87000274658203,0
2026-08-29T04:00:00Z,103.87000274658203,104.05999755859375,103.48999786376953,103.87999725341797,0
2026-08-29T05:00:00Z,103.87999725341797,104.20999908447266,103.83000183105469,104.02999877929688,0
2026-08-29T06:00:00Z,104.02999877929688,104.02999877929688,103.33000183105469,103.5999984741211,0
2026-08-29T07:00:00Z,103.5999984741211,103.97000122070312,103.5999984741211,103.75,0
2026-08-29T08:00:00Z,103.7300033569336,103.7300033569336,103.2300033569336,103.4800033569336,0
2026-08-29T09:00:00Z,103.48999786376953,103.63999938964844,103.30000305175781,103.33999633789062,0
2026-08-29T10:00:00Z,103.30000305175781,103.61000061035156,103.02999877929688,103.45999908447266,0
2026-08-29T11:00:00Z,103.44000244140625,103.70999908447266,103.41999816894531,103.51000213623047,0
2026-08-29T12:00:00Z,103.51000213623047,104.0199966430664,103.37999725341797,103.62999725341797,0
2026-08-29T13:00:00Z,103.62999725341797,103.98999786376953,103.5199966430664,103.81999969482422,0
2026-08-29T14:00:00Z,103.80999755859375,105.51000213623047,103.79000091552734,105.3499984741211,0
2026-08-29T15:00:00Z,105.41999816894531,105.51000213623047,104.62999725341797,105.01000213623047,0
2026-08-29T16:00:00Z,105.0199966430664,105.33999633789062,104.83999633789062,104.87999725341797,0
2026-08-29T17:00:00Z,104.91999816894531,105.16000366210938,104.41000366210938,104.87999725341797,0
2026-08-29T18:00:00Z,104.87000274658203,105.27999877929688,104.75,105.12999725341797,0
2026-08-29T19:00:00Z,105.12000274658203,105.83000183105469,105.12000274658203,105.37000274658203,0
2026-08-29T20:00:00Z,105.37999725341797,105.51000213623047,105.08999633789062,105.2300033569336,0
2026-08-29T21:00:00Z,105.25,105.38999938964844,104.88999938964844,105.04000091552734,0
2026-08-29T22:00:00Z,105.01000213623047,105.55999755859375,104.91000366210938,105.51000213623047,0
2026-08-29T23:00:00Z,105.5,105.79000091552734,105.47000122070312,105.61000061035156,0
2026-08-30T00:00:00Z,105.62999725341797,105.70999908447266,105.2300033569336,105.27999877929688,0
2026-08-30T01:00:00Z,105.27999877929688,105.37000274658203,105.0199966430664,105.25,0
2026-08-30T02:00:00Z,105.2699966430664,105.4800033569336,105.19000244140625,105.23999786376953,0
2026-08-30T03:00:00Z,105.23999786376953,105.3499984741211,104.9800033569336,105.06999969482422,0
2026-08-30T04:00:00Z,105.05000305175781,105.13999938964844,104.68000030517578,105.0999984741211,0
2026-08-30T05:00:00Z,105.06999969482422,105.2699966430664,104.91999816894531,105.06999969482422,0
2026-08-30T06:00:00Z,105.06999969482422,105.41000366210938,104.91999816894531,105.41000366210938,0
2026-08-30T07:00:00Z,105.43000030517578,105.44999694824219,104.7300033569336,104.81999969482422,0
2026-08-30T08:00:00Z,104.83999633789062,105.05999755859375,104.52999877929688,104.75,0
2026-08-30T09:00:00Z,104.73999786376953,104.97000122070312,104.47000122070312,104.61000061035156,0
2026-08-30T10:00:00Z,104.5999984741211,105.22000122070312,104.48999786376953,105.11000061035156,0
2026-08-30T11:00:00Z,105.13999938964844,105.30999755859375,104.93000030517578,105.12000274658203,21489024
2026-08-30T12:00:00Z,105.11000061035156,106.12000274658203,105.06999969482422,106.11000061035156,71855488
2026-08-30T13:00:00Z,106.13999938964844,107.43000030517578,105.88999938964844,107.12000274658203,172343168
2026-08-30T14:00:00Z,107.08999633789062,107.23999786376953,106.6500015258789,106.73999786376953,0
2026-08-30T15:00:00Z,106.76000213623047,106.79000091552734,105.98999786376953,106.2699966430664,0
2026-08-30T16:00:00Z,106.29000091552734,107.12999725341797,106.1500015258789,106.91000366210938,29107840
2026-08-30T17:00:00Z,106.8499984741211,106.86000061035156,105.45999908447266,106.38999938964844,100032640
2026-08-30T18:00:00Z,106.41000366210938,106.86000061035156,106.02999877929688,106.68000030517578,25189632
2026-08-30T19:00:00Z,106.69000244140625,106.80999755859375,105.4800033569336,105.81999969482422,0
2026-08-30T20:00:00Z,105.8499984741211,106.02999877929688,104.51000213623047,104.76000213623047,104242688
2026-08-30T21:00:00Z,104.7699966430664,104.7699966430664,103.4800033569336,104.45999908447266,132506112
2026-08-30T22:00:00Z,104.33999633789062,104.70999908447266,103.36000061035156,103.79000091552734,84161792
2026-08-30T23:00:00Z,103.80000305175781,103.80000305175781,100.36000061035156,101.76000213623047,285771520
2026-08-31T00:00:00Z,101.52999877929688,102.58000183105469,101.11000061035156,102.1500015258789,153178112
2026-08-31T01:00:00Z,102.13999938964844,102.23999786376953,101.4000015258789,101.51000213623047,54297856
2026-08-31T02:00:00Z,101.48999786376953,102.33999633789062,101.20999908447266,101.44000244140625,41136640
2026-08-31T03:00:00Z,101.44000244140625,102.19999694824219,101.29000091552734,101.94000244140625,53793536
2026-08-31T04:00:00Z,101.95999908447266,101.95999908447266,100.91000366210938,101.44999694824219,67132416
2026-08-31T05:00:00Z,101.43000030517578,103.01000213623047,101.23999786376953,102.63999938964844,145674496
2026-08-31T06:00:00Z,102.62999725341797,102.88999938964844,102.33999633789062,102.72000122070312,102925312
2026-08-31T07:00:00Z,102.66999816894531,103.1500015258789,102.63999938964844,102.9800033569336,70142720
2026-08-31T08:00:00Z,102.93000030517578,103.44000244140625,102.47000122070312,103.2300033569336,68173312
2026-08-31T09:00:00Z,103.19999694824219,103.45999908447266,102.98999786376953,103.06999969482422,55655680
2026-08-31T10:00:00Z,103.06999969482422,104.08000183105469,102.63999938964844,103.6500015258789,54454272
2026-08-31T11:00:00Z,103.6500015258789,104.13999938964844,103.23999786376953,103.37999725341797,50489088
2026-08-31T12:00:00Z,103.37000274658203,103.7300033569336,102.4800033569336,102.7300033569336,0
2026-08-31T13:00:00Z,102.75,103.05999755859375,102.1500015258789,102.31999969482422,0
2026-08-31T14:00:00Z,102.31999969482422,103.87999725341797,102.19999694824219,103.4800033569336,34568704
2026-08-31T15:00:00Z,103.52999877929688,103.63999938964844,102.72000122070312,102.87000274658203,4600320
2026-08-31T16:00:00Z,102.83999633789062,103.29000091552734,102.41999816894531,102.80000305175781,0
2026-08-31T17:00:00Z,102.79000091552734,103.77999877929688,102.63999938964844,103.61000061035156,0
2026-08-31T18:00:00Z,103.5999984741211,104.94999694824219,103.3499984741211,104.44999694824219,55211264
2026-08-31T19:00:00Z,104.44000244140625,104.75,103.52999877929688,103.58000183105469,10302720
2026-08-31T20:00:00Z,103.63999938964844,104.27999877929688,103.52999877929688,103.72000122070312,0
2026-08-31T21:00:00Z,103.7300033569336,103.95999908447266,103.2300033569336,103.63999938964844,0
2026-08-31T22:00:00Z,103.72000122070312,103.77999877929688,103.0999984741211,103.18000030517578,0
2026-08-31T23:00:00Z,103.16999816894531,103.19999694824219,102.86000061035156,103.05000305175781,0
2026-09-01T00:00:00Z,103.02999877929688,103.5199966430664,102.93000030517578,103.16000366210938,0
2026-09-01T01:00:00Z,103.16999816894531,103.51000213623047,102.7699966430664,103.2300033569336,0
2026-09-01T02:00:00Z,103.19999694824219,103.41999816894531,102.80000305175781,103.37000274658203,0
2026-09-01T03:00:00Z,103.37000274658203,104.16999816894531,103.23999786376953,103.62000274658203,0
2026-09-01T04:00:00Z,103.5999984741211,104.05999755859375,103.51000213623047,103.58999633789062,0
2026-09-01T05:00:00Z,103.61000061035156,104.3499984741211,103.58000183105469,104.29000091552734,0
2026-09-01T06:00:00Z,104.23999786376953,104.2699966430664,103.33999633789062,103.36000061035156,0
2026-09-01T07:00:00Z,103.30999755859375,103.54000091552734,102.81999969482422,103.12999725341797,18688000
2026-09-01T08:00:00Z,103.13999938964844,103.19999694824219,101.81999969482422,102.04000091552734,44947712
2026-09-01T09:00:00Z,102.08999633789062,102.26000213623047,101.83999633789062,101.94999694824219,0
2026-09-01T10:00:00Z,101.94999694824219,102.70999908447266,101.91999816894531,102.3499984741211,25012992
2026-09-01T11:00:00Z,102.33000183105469,102.58999633789062,102.05000305175781,102.26000213623047,1871872
2026-09-01T12:00:00Z,102.2699966430664,102.43000030517578,101.4800033569336,101.91000366210938,0
2026-09-01T13:00:00Z,101.87999725341797,102.44000244140625,101.36000061035156,101.93000030517578,25816320
2026-09-01T14:00:00Z,102.0,102.54000091552734,101.86000061035156,102.0,0
2026-09-01T15:00:00Z,101.9800033569336,102.30999755859375,101.01000213623047,102.0,23334144
2026-09-01T16:00:00Z,102.02999877929688,102.02999877929688,100.66999816894531,100.88999938964844,25965056
2026-09-01T17:00:00Z,100.91000366210938,101.20999908447266,100.44000244140625,100.55000305175781,9806080
2026-09-01T18:00:00Z,100.58999633789062,100.69000244140625,98.3499984741211,99.58000183105469,179032576
2026-09-01T19:00:00Z,99.56999969482422,100.30000305175781,99.48999786376953,100.02999877929688,67230464
2026-09-01T20:00:00Z,100.05999755859375,100.30000305175781,99.62000274658203,100.05999755859375,32565760
2026-09-01T21:00:00Z,100.06999969482422,100.18000030517578,98.9000015258789,99.56999969482422,21294848
2026-09-01T22:00:00Z,99.51000213623047,99.87999725341797,99.31999969482422,99.5999984741211,36297984
2026-09-01T23:00:00Z,99.63999938964844,100.19999694824219,99.56999969482422,99.91999816894531,25968384
2026-09-02T00:00:00Z,99.9800033569336,100.20999908447266,99.56999969482422,99.62000274658203,12990464
2026-09-02T01:00:00Z,99.56999969482422,99.88999938964844,98.45999908447266,99.05999755859375,24262656
2026-09-02T02:00:00Z,99.05000305175781,99.9000015258789,98.72000122070312,99.87999725341797,104074496
2026-09-02T03:00:00Z,99.86000061035156,100.6500015258789,99.80999755859375,100.25,35248128
2026-09-02T04:00:00Z,100.23999786376953,100.23999786376953,99.69000244140625,100.04000091552734,9543168
2026-09-02T05:00:00Z,100.05999755859375,100.36000061035156,99.7300033569336,100.2300033569336,0
2026-09-02T06:00:00Z,100.23999786376953,100.33999633789062,99.62999725341797,100.05000305175781,0
2026-09-02T07:00:00Z,100.06999969482422,100.37999725341797,99.79000091552734,99.80000305175781,0
2026-09-02T08:00:00Z,99.83999633789062,99.9800033569336,98.77999877929688,98.94000244140625,0
2026-09-02T09:00:00Z,98.97000122070312,99.27999877929688,98.18000030517578,98.5999984741211,28439808
2026-09-02T10:00:00Z,98.58999633789062,98.62999725341797,97.45999908447266,98.16999816894531,0
2026-09-02T11:00:00Z,98.12999725341797,98.2300033569336,97.3499984741211,98.08999633789062,10344960
2026-09-02T12:00:00Z,98.0199966430664,98.38999938964844,97.58999633789062,97.6500015258789,0
2026-09-02T13:00:00Z,97.66000366210938,99.58999633789062,97.66000366210938,99.16000366210938,0
2026-09-02T14:00:00Z,99.0999984741211,99.73999786376953,98.87000274658203,98.88999938964844,5138944
2026-09-02T15:00:00Z,98.87000274658203,99.45999908447266,98.44999694824219,99.25,2212096
2026-09-02T16:00:00Z,99.23999786376953,99.76000213623047,98.72000122070312,98.75,0
2026-09-02T17:00:00Z,98.79000091552734,99.29000091552734,98.16999816894531,99.29000091552734,17004288
2026-09-02T18:00:00Z,99.29000091552734,99.62000274658203,99.13999938964844,99.48999786376953,0
2026-09-02T19:00:00Z,99.44000244140625,99.5999984741211,99.04000091552734,99.38999938964844,0
2026-09-02T20:00:00Z,99.43000030517578,99.9800033569336,99.30999755859375,99.66000366210938,8327168
2026-09-02T21:00:00Z,99.69000244140625,99.81999969482422,99.41000366210938,99.62000274658203,0
2026-09-02T22:00:00Z,99.62999725341797,99.72000122070312,99.18000030517578,99.51000213623047,0
2026-09-02T23:00:00Z,99.51000213623047,100.48999786376953,99.38999938964844,100.4000015258789,1375744
2026-09-03T00:00:00Z,100.37999725341797,100.41999816894531,99.4800033569336,99.48999786376953,0
2026-09-03T01:00:00Z,99.45999908447266,100.55000305175781,99.22000122070312,100.13999938964844,19759104
2026-09-03T02:00:00Z,100.12999725341797,101.22000122070312,99.91999816894531,101.05000305175781,0
2026-09-03T03:00:00Z,101.0199966430664,101.16000366210938,100.16000366210938,100.4800033569336,104623104
2026-09-03T04:00:00Z,100.51000213623047,100.93000030517578,100.04000091552734,100.93000030517578,4161536
2026-09-03T05:00:00Z,100.91000366210938,101.01000213623047,99.66000366210938,100.81999969482422,80305920
2026-09-03T06:00:00Z,100.87000274658203,100.95999908447266,100.55999755859375,100.83999633789062,16300544
2026-09-03T07:00:00Z,100.83000183105469,101.31999969482422,100.2300033569336,100.36000061035156,80675072
2026-09-03T08:00:00Z,100.37000274658203,101.08000183105469,100.36000061035156,100.58999633789062,14181632
2026-09-03T09:00:00Z,100.58000183105469,100.75,100.0999984741211,100.12999725341797,0
2026-09-03T10:00:00Z,100.12000274658203,100.44000244140625,99.87999725341797,100.41000366210938,0
2026-09-03T11:00:00Z,100.38999938964844,100.95999908447266,100.27999877929688,100.76000213623047,0
2026-09-03T12:00:00Z,100.73999786376953,101.79000091552734,100.58000183105469,101.6500015258789,79864576
2026-09-03T13:00:00Z,101.63999938964844,101.98999786376953,101.0999984741211,101.45999908447266,42638848
2026-09-03T14:00:00Z,101.41999816894531,104.80000305175781,101.20999908447266,104.80000305175781,214711296
2026-09-03T15:00:00Z,104.77999877929688,105.62000274658203,103.77999877929688,105.16000366210938,362143488
2026-09-03T16:00:00Z,105.12000274658203,105.20999908447266,103.8499984741211,104.55000305175781,142351360
2026-09-03T17:00:00Z,104.55999755859375,105.22000122070312,104.4000015258789,105.0999984741211,23120896
2026-09-03T18:00:00Z,105.13999938964844,105.29000091552734,104.62999725341797,105.20999908447266,10416640
2026-09-03T19:00:00Z,105.19999694824219,105.9000015258789,105.04000091552734,105.29000091552734,75859200
2026-09-03T20:00:00Z,105.30000305175781,105.45999908447266,104.77999877929688,104.93000030517578,10787072
2026-09-03T21:00:00Z,104.93000030517578,105.3499984741211,104.7699966430664,105.22000122070312,91823104
2026-09-03T22:00:00Z,105.20999908447266,105.33000183105469,103.73999786376953,104.16999816894531,93090816
2026-09-03T23:00:00Z,104.18000030517578,104.23999786376953,103.8499984741211,103.94000244140625,46136064
2026-09-04T00:00:00Z,103.91999816894531,104.31999969482422,103.44000244140625,103.4800033569336,85444352
2026-09-04T01:00:00Z,103.5199966430664,103.87000274658203,103.26000213623047,103.80000305175781,0
2026-09-04T02:00:00Z,103.83999633789062,103.83999633789062,103.33999633789062,103.79000091552734,0
2026-09-04T03:00:00Z,103.80999755859375,104.13999938964844,103.70999908447266,103.70999908447266,0
2026-09-04T04:00:00Z,103.69999694824219,104.3499984741211,103.58000183105469,103.91000366210938,0
2026-09-04T05:00:00Z,103.83999633789062,104.05999755859375,103.45999908447266,103.69999694824219,0
2026-09-04T06:00:00Z,103.69000244140625,104.05999755859375,103.3499984741211,103.62000274658203,0
2026-09-04T07:00:00Z,103.62000274658203,104.05000305175781,103.54000091552734,103.5999984741211,0
2026-09-04T08:00:00Z,103.61000061035156,104.48999786376953,103.23999786376953,104.37000274658203,82420480
2026-09-04T09:00:00Z,104.37000274658203,104.75,103.9800033569336,104.04000091552734,95074048
2026-09-04T10:00:00Z,104.05999755859375,104.13999938964844,103.54000091552734,104.13999938964844,9633792
2026-09-04T11:00:00Z,104.11000061035156,104.5199966430664,103.95999908447266,104.08000183105469,0
2026-09-04T12:00:00Z,104.06999969482422,104.43000030517578,100.30999755859375,101.58999633789062,392769536
2026-09-04T13:00:00Z,101.4800033569336,102.25,101.04000091552734,101.66000366210938,130465280
2026-09-04T14:00:00Z,101.62999725341797,101.80000305175781,100.30999755859375,100.77999877929688,0
2026-09-04T15:00:00Z,100.80000305175781,101.66999816894531,100.63999938964844,101.44999694824219,0
2026-09-04T16:00:00Z,101.43000030517578,102.05999755859375,101.3499984741211,101.81999969482422,0
2026-09-04T17:00:00Z,101.86000061035156,101.86000061035156,101.08999633789062,101.25,0
2026-09-04T18:00:00Z,101.2699966430664,101.70999908447266,101.20999908447266,101.66000366210938,0
2026-09-04T19:00:00Z,101.66000366210938,101.95999908447266,101.62000274658203,101.69999694824219,0
2026-09-04T20:00:00Z,101.68000030517578,101.88999938964844,101.62000274658203,101.77999877929688,0
2026-09-04T21:00:00Z,101.79000091552734,101.98999786376953,101.5199966430664,101.61000061035156,0
2026-09-04T22:00:00Z,101.61000061035156,101.87999725341797,101.61000061035156,101.7699966430664,0
2026-09-04T23:00:00Z,101.7699966430664,102.0,101.66999816894531,101.94000244140625,0
2026-09-05T00:00:00Z,101.93000030517578,102.02999877929688,101.73999786376953,101.83999633789062,0
2026-09-05T01:00:00Z,101.86000061035156,102.19999694824219,101.75,101.87000274658203,0
2026-09-05T02:00:00Z,101.8499984741211,101.98999786376953,101.70999908447266,101.97000122070312,0
2026-09-05T03:00:00Z,101.9800033569336,102.02999877929688,101.77999877929688,101.88999938964844,0
2026-09-05T04:00:00Z,101.9000015258789,101.94999694824219,101.72000122070312,101.7699966430664,0
2026-09-05T05:00:00Z,101.79000091552734,101.95999908447266,101.5999984741211,101.88999938964844,0
2026-09-05T06:00:00Z,101.9000015258789,102.37000274658203,101.8499984741211,102.30000305175781,0
2026-09-05T07:00:00Z,102.30000305175781,102.62000274658203,102.18000030517578,102.25,0
2026-09-05T08:00:00Z,102.19000244140625,102.5999984741211,102.12000274658203,102.5999984741211,0
2026-09-05T09:00:00Z,102.5999984741211,102.83000183105469,102.51000213623047,102.54000091552734,0
2026-09-05T10:00:00Z,102.55999755859375,102.72000122070312,102.37999725341797,102.54000091552734,0
2026-09-05T11:00:00Z,102.54000091552734,102.58000183105469,102.20999908447266,102.33999633789062,0
2026-09-05T12:00:00Z,102.33999633789062,103.25,102.30000305175781,103.25,0
2026-09-05T13:00:00Z,103.27999877929688,103.43000030517578,102.62000274658203,102.66000366210938,0
2026-09-05T14:00:00Z,102.66000366210938,102.9800033569336,102.66000366210938,102.87999725341797,0
2026-09-05T15:00:00Z,102.87000274658203,102.98999786376953,102.66000366210938,102.95999908447266,0
2026-09-05T16:00:00Z,102.95999908447266,103.52999877929688,102.80999755859375,103.41999816894531,0
2026-09-05T17:00:00Z,103.4000015258789,104.29000091552734,103.33000183105469,104.26000213623047,128167936
2026-09-05T18:00:00Z,104.26000213623047,104.30999755859375,103.75,103.91999816894531,48241280
2026-09-05T19:00:00Z,103.88999938964844,103.95999908447266,103.22000122070312,103.41999816894531,9614208
2026-09-05T20:00:00Z,103.43000030517578,103.62999725341797,103.12000274658203,103.23999786376953,45542400
2026-09-05T21:00:00Z,103.2300033569336,103.9800033569336,103.22000122070312,103.73999786376953,0
2026-09-05T22:00:00Z,103.76000213623047,103.88999938964844,103.19999694824219,103.37999725341797,13729280
2026-09-05T23:00:00Z,103.37999725341797,103.4000015258789,103.05000305175781,103.18000030517578,36889728
2026-09-06T00:00:00Z,103.19000244140625,103.52999877929688,103.16000366210938,103.30000305175781,6841856
2026-09-06T01:00:00Z,103.33999633789062,104.2300033569336,103.26000213623047,104.05999755859375,53855744
2026-09-06T02:00:00Z,104.0999984741211,104.73999786376953,103.87999725341797,104.38999938964844,67981568
2026-09-06T03:00:00Z,104.38999938964844,107.05000305175781,104.36000061035156,105.94999694824219,272822272
2026-09-06T04:00:00Z,106.11000061035156,106.33999633789062,105.62999725341797,105.76000213623047,126773760
2026-09-06T05:00:00Z,105.73999786376953,106.83999633789062,105.48999786376953,106.41000366210938,105772800
2026-09-06T06:00:00Z,106.37999725341797,106.37999725341797,105.30999755859375,105.37999725341797,59011840
2026-09-06T07:00:00Z,105.37999725341797,105.56999969482422,104.75,105.29000091552734,77890304
2026-09-06T08:00:00Z,105.2699966430664,105.4000015258789,105.01000213623047,105.19999694824219,20268288
2026-09-06T09:00:00Z,105.19000244140625,107.23999786376953,105.16000366210938,106.4800033569336,249616128
2026-09-06T10:00:00Z,106.48999786376953,106.91000366210938,106.37000274658203,106.6500015258789,133828864
2026-09-06T11:00:00Z,106.63999938964844,106.7300033569336,106.25,106.45999908447266,46670848
2026-09-06T12:00:00Z,106.44999694824219,107.31999969482422,106.38999938964844,106.80000305175781,54386944
2026-09-06T13:00:00Z,106.83000183105469,107.1500015258789,105.94000244140625,107.08000183105469,45970688
2026-09-06T14:00:00Z,107.05000305175781,107.05000305175781,105.27999877929688,105.73999786376953,142000640
2026-09-06T15:00:00Z,105.75,105.98999786376953,105.05000305175781,105.73999786376953,81586688
2026-09-06T16:00:00Z,105.76000213623047,106.38999938964844,105.48999786376953,106.08000183105469,0
2026-09-06T17:00:00Z,106.08999633789062,106.41999816894531,105.56999969482422,106.19999694824219,0
2026-09-06T18:00:00Z,106.19999694824219,106.56999969482422,105.8499984741211,105.98999786376953,0
2026-09-06T19:00:00Z,105.9800033569336,105.98999786376953,105.4000015258789,105.48999786376953,3006208
2026-09-06T20:00:00Z,105.5,105.87999725341797,105.37000274658203,105.69000244140625,0
2026-09-06T21:00:00Z,105.73999786376953,106.25,105.73999786376953,105.91999816894531,26991872
2026-09-06T22:00:00Z,105.94000244140625,106.02999877929688,105.0199966430664,105.8499984741211,57331200
2026-09-06T23:00:00Z,105.87999725341797,106.75,105.81999969482422,106.55999755859375,71817216
2026-09-07T00:00:00Z,106.52999877929688,106.63999938964844,105.9000015258789,106.18000030517578,99149568
2026-09-07T01:00:00Z,106.0999984741211,106.3499984741211,105.04000091552734,105.33000183105469,19407616
2026-09-07T02:00:00Z,105.31999969482422,107.04000091552734,104.93000030517578,105.79000091552734,54211328
2026-09-07T03:00:00Z,105.7300033569336,105.87999725341797,104.94000244140625,104.94999694824219,0
2026-09-07T04:00:00Z,104.98999786376953,105.29000091552734,104.80000305175781,105.08999633789062,0
2026-09-07T05:00:00Z,105.05000305175781,105.80999755859375,105.02999877929688,105.0999984741211,0
2026-09-07T06:00:00Z,105.12000274658203,105.38999938964844,104.87999725341797,105.05000305175781,0
2026-09-07T07:00:00Z,105.08999633789062,105.51000213623047,103.70999908447266,104.47000122070312,88123648
2026-09-07T08:00:00Z,104.45999908447266,104.88999938964844,104.43000030517578,104.69000244140625,37883648
2026-09-07T09:00:00Z,104.69999694824219,105.16999816894531,104.58999633789062,104.6500015258789,0
2026-09-07T10:00:00Z,104.68000030517578,105.16000366210938,104.66999816894531,105.0,0
2026-09-07T11:00:00Z,105.0,105.13999938964844,104.7300033569336,104.91999816894531,0
2026-09-07T12:00:00Z,104.93000030517578,105.88999938964844,104.9000015258789,105.7300033569336,0
2026-09-07T13:00:00Z,105.72000122070312,105.80000305175781,104.83000183105469,105.08999633789062,0
2026-09-07T14:00:00Z,105.04000091552734,105.16999816894531,104.04000091552734,104.6500015258789,0
2026-09-07T15:00:00Z,104.66000366210938,104.66000366210938,103.0199966430664,103.22000122070312,21182464
2026-09-07T16:00:00Z,103.2300033569336,103.86000061035156,103.22000122070312,103.86000061035156,5776128
2026-09-07T17:00:00Z,103.83999633789062,104.2300033569336,103.77999877929688,103.98999786376953,0
2026-09-07T18:00:00Z,103.98999786376953,104.05999755859375,103.55999755859375,103.91000366210938,0
2026-09-07T19:00:00Z,103.91000366210938,104.41000366210938,103.80999755859375,104.3499984741211,0
2026-09-07T20:00:00Z,104.33999633789062,104.4000015258789,103.9000015258789,104.08000183105469,2238976
2026-09-07T21:00:00Z,104.0999984741211,104.1500015258789,103.77999877929688,103.88999938964844,0
2026-09-07T22:00:00Z,103.87999725341797,104.04000091552734,103.18000030517578,103.5199966430664,45380608
2026-09-07T23:00:00Z,103.48999786376953,104.0,103.48999786376953,103.79000091552734,0
2026-09-08T00:00:00Z,103.7300033569336,104.1500015258789,103.43000030517578,104.08000183105469,0
2026-09-08T01:00:00Z,104.0199966430664,104.41000366210938,103.98999786376953,104.3499984741211,0
2026-09-08T02:00:00Z,104.37999725341797,104.5,103.2699966430664,103.27999877929688,0
2026-09-08T03:00:00Z,103.2699966430664,103.43000030517578,102.72000122070312,103.33999633789062,4003584
2026-09-08T04:00:00Z,103.30000305175781,103.43000030517578,102.95999908447266,102.98999786376953,0
2026-09-08T05:00:00Z,102.98999786376953,103.48999786376953,102.83000183105469,102.94999694824219,27625472
2026-09-08T06:00:00Z,102.94000244140625,103.08000183105469,102.41999816894531,102.6500015258789,30722304
2026-09-08T07:00:00Z,102.66999816894531,103.0999984741211,102.5999984741211,102.91999816894531,0
2026-09-08T08:00:00Z,102.91000366210938,103.22000122070312,102.47000122070312,102.98999786376953,0
2026-09-08T09:00:00Z,103.01000213623047,103.80999755859375,102.9000015258789,103.68000030517578,0
2026-09-08T10:00:00Z,103.63999938964844,104.02999877929688,103.3499984741211,103.3499984741211,1788928
2026-09-08T11:00:00Z,103.36000061035156,103.41000366210938,102.62999725341797,102.83999633789062,9232384
2026-09-08T12:00:00Z,102.81999969482422,103.27999877929688,102.4800033569336,103.05000305175781,6197248
2026-09-08T13:00:00Z,103.06999969482422,103.11000061035156,101.72000122070312,102.66999816894531,25342208
2026-09-08T14:00:00Z,102.70999908447266,103.41000366210938,102.41000366210938,103.31999969482422,0
2026-09-08T15:00:00Z,103.30999755859375,104.36000061035156,103.19999694824219,104.27999877929688,0
2026-09-08T16:00:00Z,104.22000122070312,104.79000091552734,103.58000183105469,104.19000244140625,0
2026-09-08T17:00:00Z,104.20999908447266,104.41999816894531,103.66999816894531,103.69000244140625,43769600
2026-09-08T18:00:00Z,103.69000244140625,104.44999694824219,103.23999786376953,103.36000061035156,26191104
2026-09-08T19:00:00Z,103.38999938964844,103.5999984741211,102.87999725341797,103.2300033569336,78337536
2026-09-08T20:00:00Z,103.25,103.7699966430664,103.05999755859375,103.11000061035156,13704448
2026-09-08T21:00:00Z,103.08000183105469,103.36000061035156,102.80000305175781,103.02999877929688,18265088
2026-09-08T22:00:00Z,102.9800033569336,103.47000122070312,102.9800033569336,103.4000015258789,0
2026-09-08T23:00:00Z,103.41999816894531,103.58000183105469,103.26000213623047,103.37000274658203,0
2026-09-09T00:00:00Z,103.37000274658203,103.91999816894531,103.36000061035156,103.7699966430664,0
2026-09-09T01:00:00Z,103.7699966430664,103.94000244140625,103.37999725341797,103.80000305175781,0
2026-09-09T02:00:00Z,103.80000305175781,104.01000213623047,103.4000015258789,103.44999694824219,0
2026-09-09T03:00:00Z,103.4800033569336,103.4800033569336,102.9800033569336,103.30999755859375,0
2026-09-09T04:00:00Z,103.30000305175781,104.41000366210938,103.30000305175781,104.41000366210938,54031360
2026-09-09T05:00:00Z,104.4000015258789,104.69999694824219,103.76000213623047,104.08000183105469,3849728
2026-09-09T06:00:00Z,104.08999633789062,104.7699966430664,103.98999786376953,104.5,0
2026-09-09T07:00:00Z,104.5199966430664,105.08000183105469,104.4800033569336,104.55999755859375,0
2026-09-09T08:00:00Z,104.5999984741211,105.04000091552734,104.54000091552734,104.81999969482422,0
2026-09-09T09:00:00Z,104.80000305175781,104.80000305175781,103.44000244140625,103.5,0
2026-09-09T10:00:00Z,103.48999786376953,104.05000305175781,103.4800033569336,103.79000091552734,877568
2026-09-09T11:00:00Z,103.76000213623047,104.30000305175781,103.29000091552734,104.22000122070312,16433152
2026-09-09T12:00:00Z,104.23999786376953,104.80000305175781,104.11000061035156,104.63999938964844,34306304
2026-09-09T13:00:00Z,104.6500015258789,104.68000030517578,103.5999984741211,103.77999877929688,0
2026-09-09T14:00:00Z,103.77999877929688,104.16999816894531,103.3499984741211,103.45999908447266,8422656
2026-09-09T15:00:00Z,103.5199966430664,103.9800033569336,102.08000183105469,103.05000305175781,141496064
2026-09-09T16:00:00Z,103.04000091552734,103.51000213623047,102.73999786376953,103.38999938964844,0
2026-09-09T17:00:00Z,103.37000274658203,103.79000091552734,103.20999908447266,103.5199966430664,0
2026-09-09T18:00:00Z,103.5199966430664,103.72000122070312,103.19999694824219,103.26000213623047,0
2026-09-09T19:00:00Z,103.25,103.37999725341797,102.16999816894531,102.30000305175781,0
2026-09-09T20:00:00Z,102.33000183105469,102.66000366210938,101.88999938964844,102.55000305175781,68666368
2026-09-09T21:00:00Z,102.55999755859375,102.61000061035156,101.83000183105469,102.08000183105469,44663552
2026-09-09T22:00:00Z,102.12000274658203,102.16999816894531,100.4800033569336,100.80000305175781,140748544
2026-09-09T23:00:00Z,100.7300033569336,101.7300033569336,100.7300033569336,101.54000091552734,36468736
2026-09-10T00:00:00Z,101.5,101.69000244140625,100.91999816894531,100.9800033569336,45917440
2026-09-10T01:00:00Z,101.0,101.72000122070312,100.55000305175781,101.02999877929688,73528320
2026-09-10T02:00:00Z,101.04000091552734,101.87000274658203,100.97000122070312,101.8499984741211,0
2026-09-10T03:00:00Z,101.88999938964844,102.02999877929688,101.63999938964844,101.80999755859375,5540864
2026-09-10T04:00:00Z,101.80000305175781,102.18000030517578,101.7699966430664,101.94999694824219,0
2026-09-10T05:00:00Z,101.94999694824219,102.12999725341797,101.61000061035156,102.08999633789062,0
2026-09-10T06:00:00Z,102.04000091552734,102.0999984741211,101.37999725341797,101.91999816894531,0
2026-09-10T07:00:00Z,101.91999816894531,101.91999816894531,100.80000305175781,101.29000091552734,0
2026-09-10T08:00:00Z,101.29000091552734,101.37999725341797,101.0199966430664,101.13999938964844,41268736
2026-09-10T09:00:00Z,101.13999938964844,101.37999725341797,100.77999877929688,101.0999984741211,0
2026-09-10T10:00:00Z,101.08999633789062,101.3499984741211,100.80000305175781,101.0199966430664,0
2026-09-10T11:00:00Z,101.01000213623047,101.5,100.80000305175781,100.9800033569336,0
2026-09-10T12:00:00Z,101.06999969482422,101.41000366210938,98.66999816894531,98.9000015258789,245345792
2026-09-10T13:00:00Z,99.0,99.81999969482422,98.87999725341797,99.70999908447266,166443520
2026-09-10T14:00:00Z,99.75,100.33000183105469,99.23999786376953,100.16999816894531,0
2026-09-10T15:00:00Z,100.1500015258789,100.1500015258789,99.38999938964844,99.69999694824219,0
2026-09-10T16:00:00Z,99.62999725341797,99.86000061035156,98.79000091552734,99.62999725341797,0
2026-09-10T17:00:00Z,99.58000183105469,100.41999816894531,99.52999877929688,99.93000030517578,45155840
2026-09-10T18:00:00Z,99.91999816894531,99.94999694824219,99.16999816894531,99.88999938964844,0
2026-09-10T19:00:00Z,99.86000061035156,100.06999969482422,99.55000305175781,99.62000274658203,0
2026-09-10T20:00:00Z,99.66999816894531,100.12000274658203,99.58000183105469,100.02999877929688,0
2026-09-10T21:00:00Z,100.0199966430664,100.12000274658203,99.7300033569336,99.7699966430664,0
2026-09-10T22:00:00Z,99.81999969482422,100.06999969482422,99.22000122070312,99.25,0
2026-09-10T23:00:00Z,99.2300033569336,99.3499984741211,98.58999633789062,98.61000061035156,241920
2026-09-11T00:00:00Z,98.62000274658203,99.37000274658203,98.55999755859375,99.12000274658203,17824768
2026-09-11T01:00:00Z,99.12999725341797,99.45999908447266,98.69999694824219,99.41000366210938,0
2026-09-11T02:00:00Z,99.41000366210938,99.48999786376953,99.02999877929688,99.27999877929688,1940992
2026-09-11T03:00:00Z,99.25,99.44000244140625,98.9000015258789,99.27999877929688,0
2026-09-11T04:00:00Z,99.29000091552734,99.9000015258789,99.19999694824219,99.63999938964844,16544768
2026-09-11T05:00:00Z,99.66000366210938,99.87000274658203,99.5,99.87000274658203,0
2026-09-11T06:00:00Z,99.87000274658203,99.94999694824219,99.5,99.79000091552734,9917696
2026-09-11T07:00:00Z,99.77999877929688,100.06999969482422,99.63999938964844,99.72000122070312,0
2026-09-11T08:00:00Z,99.69999694824219,100.25,99.44999694824219,99.88999938964844,0
2026-09-11T09:00:00Z,99.87999725341797,99.91999816894531,98.98999786376953,99.38999938964844,93869824
2026-09-11T10:00:00Z,99.36000061035156,99.69999694824219,99.1500015258789,99.1500015258789,5774592
2026-09-11T11:00:00Z,99.13999938964844,99.5,98.55999755859375,99.47000122070312,14447616
2026-09-11T12:00:00Z,99.43000030517578,101.77999877929688,98.11000061035156,101.63999938964844,150947584
2026-09-11T13:00:00Z,101.58000183105469,104.8499984741211,100.5999984741211,104.79000091552734,159757568
2026-09-11T14:00:00Z,104.87000274658203,105.76000213623047,102.80000305175781,103.2699966430664,563014912
2026-09-11T15:00:00Z,103.23999786376953,103.58999633789062,101.33999633789062,101.58000183105469,174496512
2026-09-11T16:00:00Z,101.55999755859375,102.38999938964844,101.27999877929688,102.31999969482422,132371456
2026-09-11T17:00:00Z,102.33000183105469,102.45999908447266,101.80000305175781,101.94000244140625,0
2026-09-11T18:00:00Z,101.93000030517578,102.0,100.43000030517578,101.05000305175781,153271808
2026-09-11T19:00:00Z,101.05999755859375,102.11000061035156,100.80000305175781,102.0199966430664,44433152
2026-09-11T20:00:00Z,101.9800033569336,102.97000122070312,101.9800033569336,102.45999908447266,122306560
2026-09-11T21:00:00Z,102.44999694824219,102.98999786376953,102.02999877929688,102.06999969482422,76108800
2026-09-11T22:00:00Z,102.08999633789062,102.43000030517578,101.56999969482422,101.87000274658203,109762048
2026-09-11T23:00:00Z,101.86000061035156,102.4800033569336,101.7699966430664,102.44999694824219,4389376
2026-09-12T00:00:00Z,102.4000015258789,102.55999755859375,101.7699966430664,101.91000366210938,0
2026-09-12T01:00:00Z,101.9000015258789,102.26000213623047,101.83000183105469,101.9800033569336,0
2026-09-12T02:00:00Z,101.9800033569336,102.05999755859375,101.62000274658203,101.87000274658203,3375104
2026-09-12T03:00:00Z,101.86000061035156,101.91999816894531,101.44999694824219,101.62999725341797,0
2026-09-12T04:00:00Z,101.62000274658203,101.88999938964844,101.54000091552734,101.58999633789062,0
2026-09-12T05:00:00Z,101.58999633789062,101.69999694824219,101.41000366210938,101.63999938964844,0
2026-09-12T06:00:00Z,101.6500015258789,101.87999725341797,101.48999786376953,101.68000030517578,0
2026-09-12T07:00:00Z,101.68000030517578,101.9000015258789,101.5999984741211,101.6500015258789,0
2026-09-12T08:00:00Z,101.63999938964844,101.83999633789062,101.55999755859375,101.81999969482422,0
2026-09-12T09:00:00Z,101.81999969482422,102.20999908447266,101.75,101.9800033569336,12368640
2026-09-12T10:00:00Z,102.0,102.23999786376953,101.94000244140625,102.12000274658203,0
2026-09-12T11:00:00Z,102.12999725341797,102.22000122070312,101.95999908447266,102.11000061035156,0
2026-09-12T12:00:00Z,102.11000061035156,102.38999938964844,101.91999816894531,102.02999877929688,0
2026-09-12T13:00:00Z,102.02999877929688,102.16999816894531,101.72000122070312,101.94999694824219,0
2026-09-12T14:00:00Z,101.95999908447266,102.0999984741211,101.87000274658203,101.9800033569336,0
2026-09-12T15:00:00Z,102.0,102.12999725341797,101.83999633789062,102.04000091552734,0
2026-09-12T16:00:00Z,102.04000091552734,102.0999984741211,101.9000015258789,102.05999755859375,0
2026-09-12T17:00:00Z,102.06999969482422,102.12999725341797,101.93000030517578,101.93000030517578,0
2026-09-12T18:00:00Z,101.94000244140625,101.94000244140625,101.55000305175781,101.62999725341797,0
2026-09-12T19:00:00Z,101.62999725341797,101.70999908447266,101.19000244140625,101.26000213623047,0
2026-09-12T20:00:00Z,101.26000213623047,101.55999755859375,101.2300033569336,101.33999633789062,0
2026-09-12T21:00:00Z,101.33999633789062,101.58999633789062,101.33000183105469,101.47000122070312,0
2026-09-12T22:00:00Z,101.44000244140625,101.7699966430664,101.38999938964844,101.6500015258789,0
2026-09-12T23:00:00Z,101.66999816894531,101.8499984741211,101.5999984741211,101.73999786376953,0
2026-09-13T00:00:00Z,101.75,101.7699966430664,101.56999969482422,101.70999908447266,0
2026-09-13T01:00:00Z,101.7300033569336,102.33000183105469,101.69999694824219,102.25,23003904
2026-09-13T02:00:00Z,102.2699966430664,102.30999755859375,101.76000213623047,101.87999725341797,0
2026-09-13T03:00:00Z,101.87999725341797,102.0199966430664,101.5199966430664,101.5999984741211,0
2026-09-13T04:00:00Z,101.56999969482422,101.77999877929688,101.5199966430664,101.69999694824219,0
2026-09-13T05:00:00Z,101.69999694824219,101.9000015258789,101.6500015258789,101.79000091552734,0
2026-09-13T06:00:00Z,101.79000091552734,101.80000305175781,101.06999969482422,101.22000122070312,0
2026-09-13T07:00:00Z,101.18000030517578,101.37000274658203,100.63999938964844,100.69000244140625,42769536
2026-09-13T08:00:00Z,100.63999938964844,100.83999633789062,99.88999938964844,99.97000122070312,70666496
2026-09-13T09:00:00Z,99.9800033569336,100.1500015258789,99.38999938964844,99.83000183105469,29983744
2026-09-13T10:00:00Z,99.80999755859375,99.87000274658203,99.38999938964844,99.5199966430664,3113600
2026-09-13T11:00:00Z,99.52999877929688,99.83000183105469,99.5,99.79000091552734,11625344
2026-09-13T12:00:00Z,99.76000213623047,99.80000305175781,99.5199966430664,99.69000244140625,0
2026-09-13T13:00:00Z,99.66000366210938,100.18000030517578,99.43000030517578,100.08000183105469,0
2026-09-13T14:00:00Z,100.08000183105469,100.80999755859375,100.08000183105469,100.63999938964844,21908992
2026-09-13T15:00:00Z,100.62999725341797,100.63999938964844,100.16000366210938,100.20999908447266,0
2026-09-13T16:00:00Z,100.22000122070312,100.97000122070312,100.22000122070312,100.79000091552734,28779008
2026-09-13T17:00:00Z,100.79000091552734,101.19999694824219,100.77999877929688,100.97000122070312,19401216
2026-09-13T18:00:00Z,100.94000244140625,101.25,100.93000030517578,101.18000030517578,0
2026-09-13T19:00:00Z,101.18000030517578,101.30000305175781,100.80999755859375,100.91999816894531,0
2026-09-13T20:00:00Z,100.97000122070312,101.4800033569336,100.91999816894531,101.44000244140625,2000000
2026-09-13T21:00:00Z,101.45999908447266,101.58000183105469,101.19999694824219,101.31999969482422,24382080
2026-09-13T22:00:00Z,101.19999694824219,101.19999694824219,99.37999725341797,99.69000244140625,117795712
2026-09-13T23:00:00Z,99.76000213623047,99.97000122070312,99.16000366210938,99.25,73939072
2026-09-14T00:00:00Z,99.33999633789062,99.81999969482422,98.95999908447266,99.62999725341797,56301952
2026-09-14T01:00:00Z,99.58999633789062,100.16999816894531,99.16999816894531,100.12000274658203,0
2026-09-14T02:00:00Z,100.08000183105469,101.0199966430664,99.93000030517578,100.95999908447266,36049920
2026-09-14T03:00:00Z,100.95999908447266,101.29000091552734,100.75,100.94000244140625,38817664
2026-09-14T04:00:00Z,100.94999694824219,101.33999633789062,100.83000183105469,101.12999725341797,36048256
2026-09-14T05:00:00Z,101.1500015258789,101.19000244140625,100.91000366210938,101.05000305175781,32460288
2026-09-14T06:00:00Z,101.08000183105469,101.94000244140625,101.05999755859375,101.5,82494208
2026-09-14T07:00:00Z,101.51000213623047,101.69000244140625,101.38999938964844,101.55999755859375,0
2026-09-14T08:00:00Z,101.55999755859375,101.77999877929688,101.27999877929688,101.45999908447266,0
2026-09-14T09:00:00Z,101.45999908447266,102.30999755859375,101.16999816894531,101.9000015258789,9613952
2026-09-14T10:00:00Z,101.94000244140625,101.97000122070312,101.69000244140625,101.7300033569336,52845312
2026-09-14T11:00:00Z,101.73999786376953,101.86000061035156,101.2699966430664,101.30999755859375,24369152
2026-09-14T12:00:00Z,101.33999633789062,101.94000244140625,101.16999816894531,101.33000183105469,38081152
2026-09-14T13:00:00Z,101.26000213623047,101.87000274658203,100.62999725341797,101.30999755859375,109086464
2026-09-14T14:00:00Z,101.30999755859375,101.9800033569336,101.19999694824219,101.61000061035156,84604416
2026-09-14T15:00:00Z,101.55999755859375,102.23999786376953,101.33000183105469,101.94999694824219,112586240
2026-09-14T16:00:00Z,101.94000244140625,102.81999969482422,101.83000183105469,102.58999633789062,120841472
2026-09-14T17:00:00Z,102.58000183105469,103.2699966430664,102.5,103.04000091552734,68801792
2026-09-14T18:00:00Z,103.05000305175781,103.83000183105469,102.91000366210938,103.61000061035156,151978752
2026-09-14T19:00:00Z,103.56999969482422,103.61000061035156,102.97000122070312,103.26000213623047,70676224
2026-09-14T20:00:00Z,103.27999877929688,104.81999969482422,103.22000122070312,103.9800033569336,216639744
2026-09-14T21:00:00Z,104.0199966430664,104.0199966430664,103.18000030517578,103.18000030517578,121810176
2026-09-14T22:00:00Z,103.23999786376953,103.58999633789062,102.79000091552734,102.8499984741211,0
2026-09-14T23:00:00Z,102.8499984741211,103.0,102.41999816894531,102.55999755859375,0
2026-09-15T00:00:00Z,102.5199966430664,102.8499984741211,102.38999938964844,102.45999908447266,0
2026-09-15T01:00:00Z,102.47000122070312,102.58999633789062,102.13999938964844,102.23999786376953,21082368
2026-09-15T02:00:00Z,102.26000213623047,102.38999938964844,101.94000244140625,101.94000244140625,0
2026-09-15T03:00:00Z,101.94999694824219,101.94999694824219,101.23999786376953,101.48999786376953,2074624
2026-09-15T04:00:00Z,101.52999877929688,101.68000030517578,101.13999938964844,101.2699966430664,2030336
2026-09-15T05:00:00Z,101.23999786376953,101.38999938964844,100.58000183105469,101.30999755859375,74456320
2026-09-15T06:00:00Z,101.30999755859375,101.56999969482422,100.72000122070312,100.8499984741211,0
2026-09-15T07:00:00Z,100.87000274658203,101.01000213623047,100.30999755859375,100.41000366210938,31872256
2026-09-15T08:00:00Z,100.41000366210938,100.62000274658203,100.0999984741211,100.62000274658203,34549760
2026-09-15T09:00:00Z,100.61000061035156,101.05999755859375,100.4800033569336,100.79000091552734,0
2026-09-15T10:00:00Z,100.80000305175781,101.05999755859375,100.62999725341797,100.93000030517578,0
2026-09-15T11:00:00Z,100.91999816894531,100.97000122070312,100.4000015258789,100.81999969482422,2065408
2026-09-15T12:00:00Z,100.7699966430664,101.16000366210938,100.7699966430664,100.95999908447266,28802816
2026-09-15T13:00:00Z,100.95999908447266,101.33999633789062,99.7699966430664,100.5,19536384
2026-09-15T14:00:00Z,100.52999877929688,100.69999694824219,97.97000122070312,98.80000305175781,117347840
2026-09-15T15:00:00Z,98.80000305175781,99.69000244140625,98.5199966430664,99.31999969482422,79170816
2026-09-15T16:00:00Z,99.30000305175781,99.4000015258789,98.83000183105469,99.04000091552734,0
2026-09-15T17:00:00Z,99.01000213623047,100.63999938964844,98.63999938964844,100.16999816894531,14866432
2026-09-15T18:00:00Z,100.16000366210938,100.25,95.7699966430664,98.1500015258789,386106112
2026-09-15T19:00:00Z,98.13999938964844,98.55000305175781,97.44999694824219,97.80999755859375,246735104
2026-09-15T20:00:00Z,97.79000091552734,98.01000213623047,96.5999984741211,97.36000061035156,0
2026-09-15T21:00:00Z,97.3499984741211,97.37000274658203,96.47000122070312,96.55999755859375,0
2026-09-15T22:00:00Z,96.54000091552734,97.23999786376953,96.2300033569336,97.08000183105469,31301376
2026-09-15T23:00:00Z,97.08000183105469,97.61000061035156,96.81999969482422,96.83000183105469,54940672
2026-09-16T00:00:00Z,96.81999969482422,97.2699966430664,96.7699966430664,97.02999877929688,4571392
2026-09-16T01:00:00Z,97.01000213623047,97.2300033569336,96.33000183105469,96.41999816894531,0
2026-09-16T02:00:00Z,96.41999816894531,97.52999877929688,96.37000274658203,97.18000030517578,50796544
2026-09-16T03:00:00Z,97.18000030517578,97.51000213623047,96.95999908447266,97.19000244140625,0
2026-09-16T04:00:00Z,97.19000244140625,97.6500015258789,97.06999969482422,97.18000030517578,23632640
2026-09-16T05:00:00Z,97.18000030517578,97.26000213623047,96.80000305175781,97.16000366210938,0
2026-09-16T06:00:00Z,97.16999816894531,97.33000183105469,96.80000305175781,97.30000305175781,0
2026-09-16T07:00:00Z,97.30000305175781,97.44999694824219,96.8499984741211,96.9000015258789,0
2026-09-16T08:00:00Z,96.86000061035156,96.97000122070312,96.33000183105469,96.97000122070312,0
2026-09-16T09:00:00Z,96.94999694824219,97.2699966430664,96.94999694824219,97.20999908447266,8505856
2026-09-16T10:00:00Z,97.2300033569336,97.30000305175781,97.05000305175781,97.1500015258789,0
2026-09-16T11:00:00Z,97.22000122070312,98.22000122070312,96.94999694824219,97.93000030517578,35438592
2026-09-16T12:00:00Z,97.91999816894531,98.01000213623047,97.12999725341797,97.48999786376953,0
2026-09-16T13:00:00Z,97.4800033569336,97.55999755859375,96.81999969482422,97.0999984741211,0
2026-09-16T14:00:00Z,97.08999633789062,97.19999694824219,96.56999969482422,96.95999908447266,0
2026-09-16T15:00:00Z,96.94999694824219,97.5199966430664,96.77999877929688,97.05000305175781,0
2026-09-16T16:00:00Z,97.05000305175781,97.44000244140625,96.88999938964844,97.1500015258789,0
2026-09-16T17:00:00Z,97.12000274658203,97.2699966430664,96.01000213623047,97.12999725341797,0
2026-09-16T18:00:00Z,97.04000091552734,98.7699966430664,96.26000213623047,97.68000030517578,0
2026-09-16T19:00:00Z,97.73999786376953,98.62000274658203,96.81999969482422,97.98999786376953,0
2026-09-16T20:00:00Z,98.05999755859375,98.81999969482422,97.91000366210938,98.62999725341797,0
2026-09-16T21:00:00Z,98.62000274658203,98.69999694824219,98.04000091552734,98.30999755859375,0
2026-09-16T22:00:00Z,98.33999633789062,98.3499984741211,97.36000061035156,97.4000015258789,0
2026-09-16T23:00:00Z,97.38999938964844,98.7699966430664,97.30999755859375,98.56999969482422,2930944
2026-09-17T00:00:00Z,98.55000305175781,99.12000274658203,98.37999725341797,98.62000274658203,10798848
2026-09-17T01:00:00Z,98.6500015258789,99.55999755859375,98.4000015258789,99.16999816894531,22767616
2026-09-17T02:00:00Z,99.16000366210938,99.6500015258789,98.75,99.29000091552734,647936
2026-09-17T03:00:00Z,99.29000091552734,99.94999694824219,99.29000091552734,99.87999725341797,0
2026-09-17T04:00:00Z,99.87999725341797,99.91000366210938,99.05000305175781,99.83000183105469,0
2026-09-17T05:00:00Z,99.86000061035156,99.9800033569336,99.4000015258789,99.45999908447266,0
2026-09-17T06:00:00Z,99.44999694824219,99.88999938964844,99.37999725341797,99.63999938964844,17790208
2026-09-17T07:00:00Z,99.6500015258789,100.2699966430664,99.62999725341797,99.94000244140625,29031168
2026-09-17T08:00:00Z,99.94000244140625,100.25,99.80999755859375,100.23999786376953,0
2026-09-17T09:00:00Z,100.25,100.7699966430664,100.08999633789062,100.16000366210938,153210880
2026-09-17T10:00:00Z,100.16000366210938,100.16000366210938,99.4800033569336,99.76000213623047,47569664
2026-09-17T11:00:00Z,99.75,100.13999938964844,99.45999908447266,100.05000305175781,0
2026-09-17T12:00:00Z,100.04000091552734,101.33000183105469,100.02999877929688,100.6500015258789,114498048
2026-09-17T13:00:00Z,100.62999725341797,100.88999938964844,99.58000183105469,100.6500015258789,34651648
2026-09-17T14:00:00Z,100.66999816894531,101.69999694824219,99.98999786376953,100.9800033569336,129708288
2026-09-17T15:00:00Z,101.0199966430664,101.26000213623047,100.13999938964844,101.19999694824219,40408832
2026-09-17T16:00:00Z,101.19999694824219,101.41999816894531,100.63999938964844,101.30000305175781,61750272
2026-09-17T17:00:00Z,101.33000183105469,101.94999694824219,101.11000061035156,101.43000030517578,78265344
2026-09-17T18:00:00Z,101.47000122070312,101.55000305175781,100.75,100.75,0
2026-09-17T19:00:00Z,100.75,101.0199966430664,100.63999938964844,100.9000015258789,0
2026-09-17T20:00:00Z,100.87000274658203,101.30000305175781,100.81999969482422,101.22000122070312,0
2026-09-17T21:00:00Z,101.23999786376953,101.37999725341797,101.01000213623047,101.06999969482422,15345408
2026-09-17T22:00:00Z,101.08999633789062,101.44000244140625,100.70999908447266,101.37000274658203,22610688
2026-09-17T23:00:00Z,101.3499984741211,101.66999816894531,101.2699966430664,101.55999755859375,0
2026-09-18T00:00:00Z,101.5199966430664,101.62000274658203,100.80000305175781,101.33000183105469,19824128
2026-09-18T01:00:00Z,101.33999633789062,102.80000305175781,101.30999755859375,102.37999725341797,44744448
2026-09-18T02:00:00Z,102.41999816894531,102.81999969482422,102.08000183105469,102.66000366210938,54416640
2026-09-18T03:00:00Z,102.68000030517578,104.97000122070312,102.56999969482422,104.43000030517578,274805760
2026-09-18T04:00:00Z,104.5199966430664,105.81999969482422,104.33999633789062,105.69999694824219,210515456
2026-09-18T05:00:00Z,105.62000274658203,106.01000213623047,105.23999786376953,105.2699966430664,230795008
2026-09-18T06:00:00Z,105.31999969482422,105.73999786376953,105.22000122070312,105.5,108605696
2026-09-18T07:00:00Z,105.44000244140625,106.02999877929688,105.37999725341797,105.72000122070312,93984512
2026-09-18T08:00:00Z,105.69999694824219,106.27999877929688,105.27999877929688,106.12999725341797,127254784
2026-09-18T09:00:00Z,106.16999816894531,106.4800033569336,105.8499984741211,106.31999969482422,65478656
2026-09-18T10:00:00Z,106.33000183105469,106.56999969482422,106.16999816894531,106.19000244140625,24803840
2026-09-18T11:00:00Z,106.16999816894531,106.26000213623047,105.33999633789062,105.63999938964844,99288320
2026-09-18T12:00:00Z,105.66999816894531,106.05000305175781,105.31999969482422,105.69999694824219,0
2026-09-18T13:00:00Z,105.68000030517578,109.30000305175781,105.37000274658203,108.47000122070312,242042368
2026-09-18T14:00:00Z,108.4800033569336,110.93000030517578,108.3499984741211,110.70999908447266,506233344
2026-09-18T15:00:00Z,110.70999908447266,111.5199966430664,109.33999633789062,111.16000366210938,379456512
2026-09-18T16:00:00Z,111.12000274658203,112.2699966430664,110.98999786376953,111.68000030517578,319834624
2026-09-18T17:00:00Z,111.69000244140625,112.66999816894531,111.33999633789062,112.58000183105469,84466176
2026-09-18T18:00:00Z,112.55999755859375,112.8499984741211,112.02999877929688,112.13999938964844,116710400
2026-09-18T19:00:00Z,112.2300033569336,114.31999969482422,112.2300033569336,114.26000213623047,263530496
2026-09-18T20:00:00Z,114.19999694824219,114.19999694824219,113.11000061035156,113.51000213623047,153565696
2026-09-18T21:00:00Z,113.52999877929688,113.76000213623047,113.0199966430664,113.16999816894531,76659200
2026-09-18T22:00:00Z,113.19000244140625,113.58999633789062,112.7699966430664,113.16999816894531,29072384
2026-09-18T23:00:00Z,113.16999816894531,113.44999694824219,112.5,112.69999694824219,24025600
2026-09-19T00:00:00Z,112.73999786376953,113.75,112.37999725341797,113.62999725341797,60742656
2026-09-19T01:00:00Z,113.6500015258789,114.0199966430664,112.87999725341797,113.38999938964844,7702016
2026-09-19T02:00:00Z,113.4000015258789,113.81999969482422,113.30999755859375,113.58000183105469,0
2026-09-19T03:00:00Z,113.58999633789062,113.79000091552734,113.11000061035156,113.20999908447266,0
2026-09-19T04:00:00Z,113.20999908447266,113.41000366210938,112.05000305175781,112.33999633789062,0
2026-09-19T05:00:00Z,112.31999969482422,112.95999908447266,111.80999755859375,111.9000015258789,0
2026-09-19T06:00:00Z,111.91999816894531,112.0199966430664,111.1500015258789,111.79000091552734,0
2026-09-19T07:00:00Z,111.79000091552734,112.19000244140625,111.54000091552734,111.55999755859375,0
2026-09-19T08:00:00Z,111.58999633789062,112.4000015258789,111.48999786376953,112.19999694824219,0
2026-09-19T09:00:00Z,112.2300033569336,112.44000244140625,111.44000244140625,111.79000091552734,0
2026-09-19T10:00:00Z,111.76000213623047,112.08999633789062,111.56999969482422,111.58000183105469,0
2026-09-19T11:00:00Z,111.58000183105469,112.02999877929688,111.55000305175781,111.8499984741211,0
2026-09-19T12:00:00Z,111.83999633789062,112.0,111.58999633789062,111.7300033569336,0
2026-09-19T13:00:00Z,111.75,111.80000305175781,111.25,111.58000183105469,0
2026-09-19T14:00:00Z,111.58000183105469,112.16000366210938,111.43000030517578,111.75,0
2026-09-19T15:00:00Z,111.76000213623047,112.08999633789062,111.47000122070312,111.58999633789062,0
2026-09-19T16:00:00Z,111.61000061035156,111.98999786376953,111.19000244140625,111.95999908447266,0
2026-09-19T17:00:00Z,111.91999816894531,112.25,111.31999969482422,111.37000274658203,0
2026-09-19T18:00:00Z,111.37000274658203,111.62000274658203,110.66000366210938,111.12000274658203,0
2026-09-19T19:00:00Z,111.11000061035156,111.55999755859375,110.75,111.13999938964844,0
2026-09-19T20:00:00Z,111.0999984741211,111.31999969482422,110.93000030517578,111.06999969482422,0
2026-09-19T21:00:00Z,111.08999633789062,111.25,110.19999694824219,110.5,0
2026-09-19T22:00:00Z,110.5,110.72000122070312,110.04000091552734,110.62000274658203,0
2026-09-19T23:00:00Z,110.62000274658203,111.1500015258789,110.56999969482422,111.0199966430664,0
2026-09-20T00:00:00Z,111.05000305175781,111.12000274658203,110.58000183105469,110.93000030517578,0
2026-09-20T01:00:00Z,110.91999816894531,110.94999694824219,109.75,110.12000274658203,0
2026-09-20T02:00:00Z,110.11000061035156,110.47000122070312,107.37000274658203,107.62000274658203,104806656
2026-09-20T03:00:00Z,107.62999725341797,109.05000305175781,107.37999725341797,108.86000061035156,173116160
2026-09-20T04:00:00Z,108.88999938964844,109.18000030517578,108.62000274658203,108.9800033569336,0
2026-09-20T05:00:00Z,109.01000213623047,109.20999908447266,108.55999755859375,108.72000122070312,4676608
2026-09-20T06:00:00Z,108.69999694824219,108.87000274658203,108.08000183105469,108.41000366210938,0
2026-09-20T07:00:00Z,108.41999816894531,108.77999877929688,108.41000366210938,108.43000030517578,0
2026-09-20T08:00:00Z,108.41999816894531,108.68000030517578,107.68000030517578,108.05999755859375,0
2026-09-20T09:00:00Z,108.0199966430664,108.80999755859375,108.0199966430664,108.25,0
2026-09-20T10:00:00Z,108.27999877929688,108.37000274658203,107.86000061035156,107.98999786376953,0
2026-09-20T11:00:00Z,107.9800033569336,108.62000274658203,107.87999725341797,108.41000366210938,0
2026-09-20T12:00:00Z,108.41999816894531,108.80999755859375,108.08000183105469,108.3499984741211,0
2026-09-20T13:00:00Z,108.29000091552734,108.54000091552734,107.91000366210938,108.19999694824219,0
2026-09-20T14:00:00Z,108.18000030517578,108.5999984741211,107.94000244140625,108.11000061035156,0
2026-09-20T15:00:00Z,108.11000061035156,108.80000305175781,108.0,108.77999877929688,29862912
2026-09-20T16:00:00Z,108.79000091552734,110.69000244140625,108.48999786376953,110.30000305175781,208170240
2026-09-20T17:00:00Z,110.18000030517578,110.5,109.47000122070312,109.88999938964844,71945472
2026-09-20T18:00:00Z,109.87000274658203,110.33000183105469,109.18000030517578,109.37000274658203,0
2026-09-20T19:00:00Z,109.44999694824219,110.83000183105469,109.30999755859375,110.41999816894531,10944000
2026-09-20T20:00:00Z,110.44000244140625,110.58999633789062,110.08000183105469,110.0999984741211,8817664
2026-09-20T21:00:00Z,110.0999984741211,110.11000061035156,109.0999984741211,109.87999725341797,0
2026-09-20T22:00:00Z,109.94999694824219,111.02999877929688,109.55000305175781,111.01000213623047,16674816
2026-09-20T23:00:00Z,110.95999908447266,111.43000030517578,110.55000305175781,111.1500015258789,76416768
2026-09-21T00:00:00Z,111.12999725341797,112.80999755859375,111.12999725341797,112.27999877929688,220779008
2026-09-21T01:00:00Z,112.27999877929688,113.30999755859375,110.75,110.93000030517578,126312960
2026-09-21T02:00:00Z,110.94999694824219,111.95999908447266,110.76000213623047,111.19000244140625,0
2026-09-21T03:00:00Z,111.18000030517578,111.9000015258789,111.1500015258789,111.5199966430664,0
2026-09-21T04:00:00Z,111.55999755859375,111.79000091552734,111.01000213623047,111.44999694824219,18889472
2026-09-21T05:00:00Z,111.44000244140625,112.19999694824219,111.25,111.73999786376953,33059584
2026-09-21T06:00:00Z,111.76000213623047,112.5199966430664,111.5,112.16999816894531,58841600
2026-09-21T07:00:00Z,112.12000274658203,112.36000061035156,111.37000274658203,112.08000183105469,62316032
2026-09-21T08:00:00Z,112.05000305175781,116.30000305175781,112.05000305175781,115.31999969482422,492654592
2026-09-21T09:00:00Z,115.2699966430664,116.79000091552734,114.94999694824219,115.94000244140625,446832896
2026-09-21T10:00:00Z,115.91999816894531,116.05999755859375,115.48999786376953,115.9800033569336,237335552
2026-09-21T11:00:00Z,116.0,117.12999725341797,115.81999969482422,116.7699966430664,196701184
2026-09-21T12:00:00Z,116.76000213623047,117.0,116.1500015258789,116.79000091552734,195461120
2026-09-21T13:00:00Z,116.79000091552734,118.33999633789062,116.70999908447266,118.01000213623047,490915840
2026-09-21T14:00:00Z,118.19000244140625,118.83999633789062,117.37999725341797,118.04000091552734,466592256
2026-09-21T15:00:00Z,117.98999786376953,119.05000305175781,117.37000274658203,117.91999816894531,344285696
2026-09-21T16:00:00Z,117.94000244140625,118.31999969482422,116.7699966430664,117.52999877929688,0
2026-09-21T17:00:00Z,117.54000091552734,117.94000244140625,116.68000030517578,117.19000244140625,15357440
2026-09-21T18:00:00Z,117.18000030517578,117.86000061035156,116.8499984741211,117.7300033569336,27427840
2026-09-21T19:00:00Z,117.75,118.44999694824219,117.26000213623047,118.33999633789062,46784512
2026-09-21T20:00:00Z,118.36000061035156,119.45999908447266,118.20999908447266,119.20999908447266,197434368
2026-09-21T21:00:00Z,119.19000244140625,119.94999694824219,118.66000366210938,119.11000061035156,75131904
2026-09-21T22:00:00Z,119.1500015258789,119.81999969482422,118.80999755859375,119.41999816894531,70844416
2026-09-21T23:00:00Z,119.41999816894531,119.88999938964844,118.38999938964844,118.9000015258789,0
2026-09-22T00:00:00Z,118.87999725341797,119.45999908447266,118.05999755859375,118.31999969482422,0
2026-09-22T01:00:00Z,118.33999633789062,118.41000366210938,117.08999633789062,117.55999755859375,4265472
2026-09-22T02:00:00Z,117.56999969482422,118.06999969482422,116.5,116.88999938964844,0
2026-09-22T03:00:00Z,116.87999725341797,117.0199966430664,116.30000305175781,116.77999877929688,103448064
2026-09-22T04:00:00Z,116.81999969482422,117.08999633789062,116.25,116.33000183105469,116206592
2026-09-22T05:00:00Z,116.41999816894531,117.1500015258789,115.54000091552734,116.80999755859375,136211968
2026-09-22T06:00:00Z,116.8499984741211,117.0199966430664,116.36000061035156,116.51000213623047,0
2026-09-22T07:00:00Z,116.5199966430664,116.80000305175781,115.98999786376953,116.29000091552734,30874112
2026-09-22T08:00:00Z,116.30000305175781,117.94000244140625,115.77999877929688,117.48999786376953,0
2026-09-22T09:00:00Z,117.45999908447266,117.52999877929688,116.66999816894531,117.44000244140625,0
2026-09-22T10:00:00Z,117.44999694824219,117.44999694824219,116.37000274658203,116.83999633789062,0
2026-09-22T11:00:00Z,116.83999633789062,117.45999908447266,116.41999816894531,117.30999755859375,0
2026-09-22T12:00:00Z,117.31999969482422,117.70999908447266,116.83999633789062,117.44000244140625,0
2026-09-22T13:00:00Z,117.41999816894531,117.97000122070312,116.86000061035156,117.94999694824219,0
2026-09-22T14:00:00Z,117.94000244140625,117.94000244140625,115.94999694824219,116.9000015258789,0
2026-09-22T15:00:00Z,116.91000366210938,117.94999694824219,116.80000305175781,117.37000274658203,0
2026-09-22T16:00:00Z,117.36000061035156,117.80999755859375,116.7300033569336,117.47000122070312,0
2026-09-22T17:00:00Z,117.4800033569336,118.19999694824219,117.37000274658203,117.9800033569336,0
2026-09-22T18:00:00Z,117.98999786376953,118.45999908447266,117.6500015258789,118.16000366210938,21643776
2026-09-22T19:00:00Z,118.12999725341797,118.70999908447266,117.81999969482422,118.22000122070312,0
2026-09-22T20:00:00Z,118.26000213623047,118.4000015258789,117.80999755859375,117.9800033569336,0
2026-09-22T21:00:00Z,117.9800033569336,118.2699966430664,117.7300033569336,118.0999984741211,0
2026-09-22T22:00:00Z,118.08999633789062,118.79000091552734,117.63999938964844,118.48999786376953,0
2026-09-22T23:00:00Z,118.4800033569336,119.29000091552734,118.22000122070312,118.55999755859375,18441216
2026-09-23T00:00:00Z,118.51000213623047,119.19999694824219,118.29000091552734,118.80000305175781,0
2026-09-23T01:00:00Z,118.8499984741211,119.31999969482422,117.83999633789062,118.3499984741211,0
2026-09-23T02:00:00Z,118.3499984741211,118.5199966430664,117.88999938964844,118.47000122070312,0
2026-09-23T03:00:00Z,118.45999908447266,119.62999725341797,118.26000213623047,119.12999725341797,0
2026-09-23T04:00:00Z,119.12000274658203,119.69999694824219,118.76000213623047,119.48999786376953,0
2026-09-23T05:00:00Z,119.48999786376953,119.51000213623047,118.26000213623047,118.37999725341797,0
2026-09-23T06:00:00Z,118.4000015258789,119.27999877929688,118.36000061035156,118.94999694824219,4689408
2026-09-23T07:00:00Z,118.88999938964844,119.08000183105469,117.62000274658203,117.9000015258789,71274752
2026-09-23T08:00:00Z,117.9000015258789,118.31999969482422,116.94999694824219,117.38999938964844,66636288
2026-09-23T09:00:00Z,117.37999725341797,117.69999694824219,117.08000183105469,117.37999725341797,16233472
2026-09-23T10:00:00Z,117.41999816894531,117.62000274658203,116.8499984741211,117.62000274658203,63894528
2026-09-23T11:00:00Z,117.5999984741211,117.68000030517578,116.4800033569336,117.08000183105469,46541824
2026-09-23T12:00:00Z,117.11000061035156,117.25,116.51000213623047,116.88999938964844,23257600
2026-09-23T13:00:00Z,116.93000030517578,117.16000366210938,115.94000244140625,116.77999877929688,0
2026-09-23T14:00:00Z,116.77999877929688,117.01000213623047,113.04000091552734,115.1500015258789,617993728
2026-09-23T15:00:00Z,115.08999633789062,115.91000366210938,113.77999877929688,113.87000274658203,203988480
2026-09-23T16:00:00Z,113.94000244140625,115.2300033569336,113.26000213623047,114.4000015258789,203981312
2026-09-23T17:00:00Z,114.37000274658203,114.83000183105469,113.56999969482422,114.54000091552734,14557696
2026-09-23T18:00:00Z,114.55999755859375,114.58999633789062,113.95999908447266,114.27999877929688,0
2026-09-23T19:00:00Z,114.26000213623047,114.91000366210938,113.9800033569336,114.51000213623047,0
2026-09-23T20:00:00Z,114.54000091552734,114.68000030517578,113.98999786376953,114.02999877929688,0
2026-09-23T21:00:00Z,114.02999877929688,114.75,113.94000244140625,114.69999694824219,7543808
2026-09-23T22:00:00Z,114.70999908447266,115.62000274658203,114.61000061035156,115.12999725341797,5805568
2026-09-23T23:00:00Z,115.08000183105469,115.19999694824219,114.69999694824219,114.98999786376953,0
2026-09-24T00:00:00Z,114.95999908447266,115.6500015258789,114.8499984741211,115.12999725341797,0
2026-09-24T01:00:00Z,115.13999938964844,115.5,114.55999755859375,114.69999694824219,0
2026-09-24T02:00:00Z,114.72000122070312,115.43000030517578,114.08999633789062,115.27999877929688,32157696
2026-09-24T03:00:00Z,115.27999877929688,115.68000030517578,114.54000091552734,114.69000244140625,0
2026-09-24T04:00:00Z,114.68000030517578,115.44000244140625,114.37999725341797,115.36000061035156,0
2026-09-24T05:00:00Z,115.37999725341797,116.08000183105469,114.81999969482422,114.81999969482422,0
2026-09-24T06:00:00Z,114.83000183105469,115.26000213623047,114.70999908447266,114.80999755859375,0
2026-09-24T07:00:00Z,114.81999969482422,115.66000366210938,114.4800033569336,115.51000213623047,0
2026-09-24T08:00:00Z,115.5199966430664,115.62999725341797,113.3499984741211,114.11000061035156,0
2026-09-24T09:00:00Z,114.13999938964844,114.26000213623047,112.5199966430664,113.0999984741211,21254656
2026-09-24T10:00:00Z,113.06999969482422,113.54000091552734,112.69999694824219,113.3499984741211,5895168
2026-09-24T11:00:00Z,113.36000061035156,113.54000091552734,113.02999877929688,113.33000183105469,0
2026-09-24T12:00:00Z,113.27999877929688,113.87999725341797,113.08999633789062,113.79000091552734,0
2026-09-24T13:00:00Z,113.80000305175781,115.37000274658203,113.80000305175781,114.94999694824219,1529344
2026-09-24T14:00:00Z,114.94999694824219,116.37999725341797,114.16999816894531,114.58999633789062,0
2026-09-24T15:00:00Z,114.5,116.56999969482422,114.3499984741211,116.26000213623047,0
2026-09-24T16:00:00Z,116.30999755859375,117.76000213623047,115.87000274658203,117.05999755859375,0
2026-09-24T17:00:00Z,116.9800033569336,117.31999969482422,116.45999908447266,116.73999786376953,5507840
2026-09-24T18:00:00Z,116.7300033569336,117.54000091552734,116.27999877929688,117.37000274658203,59398912
2026-09-24T19:00:00Z,117.37000274658203,117.66999816894531,117.08999633789062,117.29000091552734,30883584
2026-09-24T20:00:00Z,117.2699966430664,117.43000030517578,116.66000366210938,116.81999969482422,22595584
2026-09-24T21:00:00Z,116.81999969482422,117.18000030517578,116.62000274658203,116.83999633789062,0
2026-09-24T22:00:00Z,116.81999969482422,116.94000244140625,116.12999725341797,116.58000183105469,0
2026-09-24T23:00:00Z,116.58000183105469,117.22000122070312,116.52999877929688,117.0199966430664,34541312
2026-09-25T00:00:00Z,117.0199966430664,117.66000366210938,117.01000213623047,117.4000015258789,20029184
2026-09-25T01:00:00Z,117.36000061035156,117.87000274658203,117.12999725341797,117.45999908447266,5878784
2026-09-25T02:00:00Z,117.45999908447266,118.4000015258789,116.80999755859375,116.87999725341797,34370048
2026-09-25T03:00:00Z,116.80000305175781,117.29000091552734,116.4800033569336,116.8499984741211,24216320
2026-09-25T04:00:00Z,116.8499984741211,117.31999969482422,116.2300033569336,116.37000274658203,25407232
2026-09-25T05:00:00Z,116.38999938964844,116.62999725341797,116.12999725341797,116.4000015258789,26538496
2026-09-25T06:00:00Z,116.41000366210938,116.7300033569336,116.06999969482422,116.25,12624640
2026-09-25T07:00:00Z,116.22000122070312,116.5999984741211,115.87000274658203,116.36000061035156,0
2026-09-25T08:00:00Z,116.38999938964844,117.51000213623047,116.30000305175781,117.29000091552734,0
2026-09-25T09:00:00Z,117.27999877929688,118.8499984741211,117.2699966430664,118.37999725341797,0
2026-09-25T10:00:00Z,118.33000183105469,119.5,117.9000015258789,119.16000366210938,105897984
2026-09-25T11:00:00Z,119.16999816894531,122.16999816894531,119.13999938964844,120.80999755859375,623405312
2026-09-25T12:00:00Z,120.83999633789062,121.13999938964844,118.58000183105469,120.69999694824219,387063808
2026-09-25T13:00:00Z,120.72000122070312,121.08000183105469,118.5,119.4800033569336,214270464
2026-09-25T14:00:00Z,119.5999984741211,120.5,118.37000274658203,120.41999816894531,246892032
2026-09-25T15:00:00Z,120.37999725341797,121.44999694824219,119.01000213623047,120.08000183105469,151211520
2026-09-25T16:00:00Z,120.16999816894531,121.81999969482422,120.08000183105469,120.8499984741211,73299968
2026-09-25T17:00:00Z,120.87999725341797,121.61000061035156,120.27999877929688,121.0,22036480
2026-09-25T18:00:00Z,121.01000213623047,122.76000213623047,120.93000030517578,121.91999816894531,125155328
2026-09-25T19:00:00Z,121.94999694824219,122.18000030517578,121.4800033569336,121.8499984741211,14344704
2026-09-25T20:00:00Z,121.91000366210938,122.87000274658203,121.47000122070312,121.55999755859375,66989056
2026-09-25T21:00:00Z,121.58000183105469,121.7300033569336,120.83999633789062,120.98999786376953,27187712
2026-09-25T22:00:00Z,120.94999694824219,122.43000030517578,120.8499984741211,122.18000030517578,0
2026-09-25T23:00:00Z,122.19999694824219,122.36000061035156,121.91000366210938,122.1500015258789,0
2026-09-26T00:00:00Z,122.12000274658203,122.4000015258789,121.20999908447266,121.52999877929688,0
2026-09-26T01:00:00Z,121.48999786376953,122.25,121.4800033569336,122.02999877929688,0
2026-09-26T02:00:00Z,122.04000091552734,122.27999877929688,121.55000305175781,121.58999633789062,0
2026-09-26T03:00:00Z,121.55000305175781,121.58000183105469,120.55999755859375,120.62999725341797,0
2026-09-26T04:00:00Z,120.62999725341797,120.95999908447266,120.2699966430664,120.66000366210938,0
2026-09-26T05:00:00Z,120.66000366210938,120.7300033569336,120.30999755859375,120.51000213623047,0
2026-09-26T06:00:00Z,120.48999786376953,120.51000213623047,120.16000366210938,120.20999908447266,0
2026-09-26T07:00:00Z,120.20999908447266,120.79000091552734,120.13999938964844,120.75,0
2026-09-26T08:00:00Z,120.73999786376953,121.23999786376953,120.30000305175781,120.68000030517578,0
2026-09-26T09:00:00Z,120.69999694824219,120.69999694824219,119.8499984741211,119.95999908447266,0
2026-09-26T10:00:00Z,119.95999908447266,120.70999908447266,119.95999908447266,120.62000274658203,0
2026-09-26T11:00:00Z,120.61000061035156,121.44000244140625,120.29000091552734,121.26000213623047,0
2026-09-26T12:00:00Z,121.2699966430664,121.54000091552734,120.91999816894531,121.05999755859375,0
2026-09-26T13:00:00Z,121.05000305175781,121.30000305175781,120.25,120.76000213623047,0
2026-09-26T14:00:00Z,120.75,121.0999984741211,120.58999633789062,120.94999694824219,0
2026-09-26T15:00:00Z,120.94999694824219,122.08000183105469,120.80000305175781,121.86000061035156,0
2026-09-26T16:00:00Z,121.86000061035156,121.86000061035156,121.37999725341797,121.62000274658203,0
2026-09-26T17:00:00Z,121.58000183105469,121.62000274658203,120.9800033569336,121.4800033569336,0
2026-09-26T18:00:00Z,121.45999908447266,121.6500015258789,120.83000183105469,121.04000091552734,0
2026-09-26T19:00:00Z,121.05000305175781,121.30000305175781,120.91000366210938,121.12000274658203,0
2026-09-26T20:00:00Z,121.13999938964844,121.47000122070312,120.05999755859375,120.33999633789062,0
2026-09-26T21:00:00Z,120.36000061035156,121.63999938964844,120.2699966430664,121.30000305175781,0
2026-09-26T22:00:00Z,121.29000091552734,121.7699966430664,121.05000305175781,121.12000274658203,0
2026-09-26T23:00:00Z,121.12999725341797,121.80999755859375,121.12000274658203,121.37999725341797,0
2026-09-27T00:00:00Z,121.37999725341797,121.4000015258789,120.69999694824219,120.80000305175781,0
2026-09-27T01:00:00Z,120.81999969482422,121.56999969482422,120.6500015258789,121.41000366210938,0
2026-09-27T02:00:00Z,121.41999816894531,121.66000366210938,121.06999969482422,121.12999725341797,0
2026-09-27T03:00:00Z,121.12999725341797,121.3499984741211,120.5199966430664,120.58000183105469,0
2026-09-27T04:00:00Z,120.55999755859375,120.8499984741211,120.08999633789062,120.13999938964844,11703808
2026-09-27T05:00:00Z,120.12000274658203,121.44999694824219,120.11000061035156,121.0999984741211,37619456
2026-09-27T06:00:00Z,121.05999755859375,121.55000305175781,121.05999755859375,121.30999755859375,0
2026-09-27T07:00:00Z,121.27999877929688,124.22000122070312,121.27999877929688,124.08999633789062,38218240
2026-09-27T08:00:00Z,124.1500015258789,124.88999938964844,123.94000244140625,124.06999969482422,436230656
2026-09-27T09:00:00Z,124.05000305175781,124.4800033569336,123.36000061035156,124.44000244140625,128152832
2026-09-27T10:00:00Z,124.30000305175781,124.76000213623047,123.83999633789062,123.98999786376953,49448448
2026-09-27T11:00:00Z,123.97000122070312,124.19000244140625,123.6500015258789,123.9000015258789,0
2026-09-27T12:00:00Z,123.93000030517578,124.36000061035156,123.30999755859375,123.31999969482422,0
2026-09-27T13:00:00Z,123.30000305175781,123.62999725341797,122.37000274658203,123.13999938964844,175770368
2026-09-27T14:00:00Z,123.18000030517578,123.20999908447266,121.44000244140625,121.69000244140625,136112640
2026-09-27T15:00:00Z,121.69000244140625,121.86000061035156,121.29000091552734,121.75,25594368
2026-09-27T16:00:00Z,121.75,122.30000305175781,121.69999694824219,121.80999755859375,37906176
2026-09-27T17:00:00Z,121.79000091552734,122.16999816894531,121.69999694824219,122.05000305175781,0
2026-09-27T18:00:00Z,122.02999877929688,123.27999877929688,121.9000015258789,123.27999877929688,29080064
2026-09-27T19:00:00Z,123.27999877929688,123.4000015258789,122.8499984741211,123.0199966430664,38406912
2026-09-27T20:00:00Z,123.01000213623047,123.41999816894531,122.54000091552734,122.69000244140625,0
2026-09-27T21:00:00Z,122.70999908447266,123.2699966430664,122.20999908447266,122.83000183105469,0
2026-09-27T22:00:00Z,122.83999633789062,122.9800033569336,120.94000244140625,121.37000274658203,124040960
2026-09-27T23:00:00Z,121.37000274658203,122.19000244140625,121.30999755859375,121.97000122070312,64311296
2026-09-28T00:00:00Z,121.9800033569336,122.87000274658203,121.41999816894531,121.66000366210938,91326720
2026-09-28T01:00:00Z,121.62000274658203,122.19000244140625,120.38999938964844,120.70999908447266,147509504
2026-09-28T02:00:00Z,120.66000366210938,121.4000015258789,119.86000061035156,120.0,155133952
2026-09-28T03:00:00Z,120.08999633789062,120.41999816894531,119.47000122070312,119.81999969482422,54690816
2026-09-28T04:00:00Z,119.83999633789062,120.19999694824219,119.19000244140625,119.95999908447266,15655424
2026-09-28T05:00:00Z,119.93000030517578,120.13999938964844,118.13999938964844,119.12000274658203,75854336
2026-09-28T06:00:00Z,119.11000061035156,119.45999908447266,118.31999969482422,118.69000244140625,56670720
2026-09-28T07:00:00Z,118.69999694824219,119.11000061035156,117.97000122070312,118.01000213623047,0
2026-09-28T08:00:00Z,118.01000213623047,118.55999755859375,117.95999908447266,118.30000305175781,0
2026-09-28T09:00:00Z,118.27999877929688,118.63999938964844,117.54000091552734,117.70999908447266,0
2026-09-28T10:00:00Z,117.72000122070312,118.7300033569336,117.72000122070312,118.41999816894531,0
2026-09-28T11:00:00Z,118.44999694824219,118.80000305175781,118.33000183105469,118.69000244140625,22402816
2026-09-28T12:00:00Z,118.62999725341797,120.19999694824219,118.47000122070312,119.98999786376953,141847552
2026-09-28T13:00:00Z,119.97000122070312,120.36000061035156,119.3499984741211,119.81999969482422,0
2026-09-28T14:00:00Z,119.75,119.76000213623047,117.36000061035156,118.0,48760064
2026-09-28T15:00:00Z,118.02999877929688,118.80999755859375,117.45999908447266,118.70999908447266,47736832
2026-09-28T16:00:00Z,118.68000030517578,120.33000183105469,118.23999786376953,119.2300033569336,125533440
2026-09-28T17:00:00Z,119.25,120.6500015258789,118.55000305175781,119.69999694824219,159888640
2026-09-28T18:00:00Z,119.69000244140625,120.05999755859375,119.33999633789062,119.94000244140625,0
2026-09-28T19:00:00Z,119.9800033569336,119.9800033569336,117.9800033569336,118.33999633789062,19823872
2026-09-28T20:00:00Z,118.37000274658203,119.0199966430664,118.08999633789062,118.77999877929688,0
2026-09-28T21:00:00Z,118.83000183105469,119.08999633789062,117.6500015258789,117.68000030517578,0
2026-09-28T22:00:00Z,117.68000030517578,118.56999969482422,117.22000122070312,118.55000305175781,0
2026-09-28T23:00:00Z,118.55000305175781,118.93000030517578,118.4800033569336,118.81999969482422,0
2026-09-29T00:00:00Z,118.77999877929688,119.06999969482422,118.01000213623047,118.06999969482422,0
2026-09-29T01:00:00Z,118.0199966430664,118.38999938964844,116.36000061035156,117.06999969482422,5845504
2026-09-29T02:00:00Z,117.0999984741211,117.30000305175781,116.38999938964844,116.91000366210938,0
2026-09-29T03:00:00Z,116.91000366210938,118.0,116.8499984741211,117.80999755859375,0
2026-09-29T04:00:00Z,117.79000091552734,118.08999633789062,117.20999908447266,117.6500015258789,0
2026-09-29T05:00:00Z,117.66000366210938,118.20999908447266,117.05000305175781,118.20999908447266,0
2026-09-29T06:00:00Z,118.22000122070312,119.23999786376953,118.16999816894531,119.19999694824219,0
2026-09-29T07:00:00Z,119.12000274658203,119.83999633789062,118.94000244140625,119.48999786376953,4670976
2026-09-29T08:00:00Z,119.5,119.94000244140625,118.86000061035156,119.13999938964844,0
2026-09-29T09:00:00Z,119.08000183105469,120.05999755859375,118.83000183105469,119.87999725341797,0
2026-09-29T10:00:00Z,119.86000061035156,119.9800033569336,119.16000366210938,119.38999938964844,0
2026-09-29T11:00:00Z,119.38999938964844,120.33999633789062,119.16999816894531,120.12000274658203,0
2026-09-29T12:00:00Z,120.11000061035156,120.9800033569336,119.93000030517578,120.83999633789062,54453760
2026-09-29T13:00:00Z,120.81999969482422,121.62000274658203,120.69000244140625,120.9800033569336,76422912
2026-09-29T14:00:00Z,120.98999786376953,121.26000213623047,120.1500015258789,120.19000244140625,0
2026-09-29T15:00:00Z,120.18000030517578,120.25,117.94000244140625,118.20999908447266,157255424
2026-09-29T16:00:00Z,118.26000213623047,118.69999694824219,117.51000213623047,118.04000091552734,0
2026-09-29T17:00:00Z,118.05999755859375,118.33000183105469,117.33000183105469,117.69000244140625,0
2026-09-29T18:00:00Z,117.83999633789062,119.29000091552734,117.80999755859375,119.13999938964844,54247168
2026-09-29T19:00:00Z,119.13999938964844,119.5,118.52999877929688,118.7699966430664,0
2026-09-29T20:00:00Z,118.76000213623047,119.20999908447266,118.56999969482422,119.04000091552734,0
2026-09-29T21:00:00Z,119.0,119.16999816894531,118.51000213623047,118.91000366210938,0
2026-09-29T22:00:00Z,118.9000015258789,119.54000091552734,118.83000183105469,119.06999969482422,0
2026-09-29T23:00:00Z,119.08000183105469,119.6500015258789,118.83999633789062,119.08999633789062,7134208
2026-09-30T00:00:00Z,119.12000274658203,119.2699966430664,118.47000122070312,118.91000366210938,0
2026-09-30T01:00:00Z,118.87999725341797,119.62000274658203,118.77999877929688,119.41000366210938,0
2026-09-30T02:00:00Z,119.41999816894531,120.0199966430664,119.19999694824219,119.6500015258789,0
2026-09-30T03:00:00Z,119.66000366210938,119.81999969482422,118.88999938964844,119.11000061035156,0
2026-09-30T04:00:00Z,119.08000183105469,119.61000061035156,118.69999694824219,118.73999786376953,12155904
2026-09-30T05:00:00Z,118.73999786376953,119.5999984741211,118.43000030517578,119.05000305175781,14744832
2026-09-30T06:00:00Z,119.0199966430664,119.19000244140625,118.02999877929688,118.05999755859375,0
2026-09-30T07:00:00Z,118.08000183105469,118.9000015258789,117.8499984741211,118.43000030517578,17479680
2026-09-30T08:00:00Z,118.38999938964844,118.4800033569336,117.7699966430664,118.16000366210938,0
2026-09-30T09:00:00Z,118.1500015258789,119.72000122070312,118.1500015258789,119.2699966430664,46806784
2026-09-30T10:00:00Z,119.29000091552734,119.86000061035156,119.19000244140625,119.83000183105469,46333952
2026-09-30T11:00:00Z,119.76000213623047,119.81999969482422,119.16999816894531,119.47000122070312,84221184
2026-09-30T12:00:00Z,119.47000122070312,122.45999908447266,119.33999633789062,121.87000274658203,238526464
2026-09-30T13:00:00Z,121.98999786376953,122.77999877929688,119.94000244140625,120.9800033569336,233705216
2026-09-30T14:00:00Z,121.0199966430664,121.22000122070312,118.41999816894531,118.7699966430664,186100736
2026-09-30T15:00:00Z,118.73999786376953,119.4800033569336,118.0,119.26000213623047,0
2026-09-30T16:00:00Z,119.25,120.33999633789062,119.13999938964844,120.2699966430664,0
2026-09-30T17:00:00Z,120.27999877929688,120.5199966430664,118.87000274658203,119.1500015258789,31972096
2026-09-30T18:00:00Z,119.08999633789062,119.29000091552734,118.22000122070312,118.66999816894531,12301312
2026-09-30T19:00:00Z,118.68000030517578,118.75,117.41000366210938,117.95999908447266,90330112
