session_date,timestamp_utc,Open,High,Low,Close,Volume
2016-10-03,2016-10-03T00:00:00Z,131.21875,131.234375,130.90625,130.953125,775029
2016-10-04,2016-10-04T00:00:00Z,130.921875,131.03125,130.4375,130.5,1402205
2016-10-05,2016-10-05T00:00:00Z,130.46875,130.609375,130.09375,130.21875,1209515
2016-10-06,2016-10-06T00:00:00Z,130.234375,130.390625,129.9375,129.953125,1299055
2016-10-07,2016-10-07T00:00:00Z,130.0,130.21875,129.71875,130.0625,1494095
2016-10-11,2016-10-11T00:00:00Z,129.8125,130.03125,129.6875,129.890625,1116008
2016-10-12,2016-10-12T00:00:00Z,129.84375,129.90625,129.53125,129.8125,1217196
2016-10-13,2016-10-13T00:00:00Z,129.890625,130.265625,129.875,130.1875,1124596
2016-10-14,2016-10-14T00:00:00Z,130.140625,130.21875,129.765625,129.859375,1219283
2016-10-17,2016-10-17T00:00:00Z,129.796875,130.203125,129.703125,130.125,838456
2016-10-18,2016-10-18T00:00:00Z,130.140625,130.359375,129.984375,130.296875,1116022
2016-10-19,2016-10-19T00:00:00Z,130.359375,130.453125,130.125,130.265625,970174
2016-10-20,2016-10-20T00:00:00Z,130.3125,130.484375,130.125,130.28125,1068248
2016-10-21,2016-10-21T00:00:00Z,130.1875,130.40625,130.140625,130.34375,746958
2016-10-24,2016-10-24T00:00:00Z,130.359375,130.484375,130.078125,130.171875,807829
2016-10-25,2016-10-25T00:00:00Z,130.140625,130.3125,129.9375,130.171875,1041362
2016-10-26,2016-10-26T00:00:00Z,130.1875,130.296875,129.859375,129.9375,1048754
2016-10-27,2016-10-27T00:00:00Z,129.890625,129.90625,129.296875,129.515625,1582265
2016-10-28,2016-10-28T00:00:00Z,129.421875,129.671875,129.203125,129.546875,1390479
2016-10-31,2016-10-31T00:00:00Z,129.59375,129.71875,129.484375,129.625,1087201
2016-11-01,2016-11-01T00:00:00Z,129.671875,129.90625,129.265625,129.796875,1469591
2016-11-02,2016-11-02T00:00:00Z,129.734375,130.265625,129.71875,130.03125,1480569
2016-11-03,2016-11-03T00:00:00Z,130.0,130.3125,129.796875,130.03125,1078686
2016-11-04,2016-11-04T00:00:00Z,130.015625,130.375,129.9375,130.25,1336051
2016-11-07,2016-11-07T00:00:00Z,129.859375,130.0,129.765625,129.84375,788423
2016-11-08,2016-11-08T00:00:00Z,129.84375,130.0,129.34375,129.5,1036202
2016-11-09,2016-11-09T00:00:00Z,129.515625,131.0,127.828125,128.03125,4231834
2016-11-10,2016-11-10T00:00:00Z,128.09375,128.5,127.296875,127.5625,3054870
2016-11-14,2016-11-14T00:00:00Z,127.21875,127.21875,125.953125,126.65625,2439460
2016-11-15,2016-11-15T00:00:00Z,126.40625,126.984375,126.328125,126.421875,1750696
2016-11-16,2016-11-16T00:00:00Z,126.578125,126.6875,125.890625,126.46875,1843304
2016-11-17,2016-11-17T00:00:00Z,126.5,126.765625,125.828125,126.078125,1606222
2016-11-18,2016-11-18T00:00:00Z,125.84375,126.15625,125.3125,125.5625,1914268
2016-11-21,2016-11-21T00:00:00Z,125.375,125.875,125.3125,125.546875,1635973
2016-11-22,2016-11-22T00:00:00Z,125.796875,125.96875,125.546875,125.703125,2263826
2016-11-23,2016-11-23T00:00:00Z,125.71875,125.921875,124.859375,125.359375,3075104
2016-11-25,2016-11-25T00:00:00Z,125.375,125.390625,124.796875,125.203125,1479196
2016-11-28,2016-11-28T00:00:00Z,125.359375,125.734375,125.3125,125.640625,2507938
2016-11-29,2016-11-29T00:00:00Z,125.703125,125.828125,125.359375,125.765625,1214689
2016-11-30,2016-11-30T00:00:00Z,125.796875,125.828125,124.984375,125.234375,361206
2016-12-01,2016-12-01T00:00:00Z,125.09375,125.171875,124.34375,124.734375,92573
2016-12-02,2016-12-02T00:00:00Z,124.734375,125.375,124.734375,125.234375,42433
2016-12-05,2016-12-05T00:00:00Z,125.609375,125.765625,124.734375,125.1875,52882
2016-12-06,2016-12-06T00:00:00Z,125.15625,125.34375,125.125,125.203125,17022
2016-12-07,2016-12-07T00:00:00Z,125.234375,125.578125,125.140625,125.546875,17059
2016-12-08,2016-12-08T00:00:00Z,125.609375,125.609375,124.953125,125.28125,18868
2016-12-09,2016-12-09T00:00:00Z,125.0,125.28125,124.671875,124.796875,8544
2016-12-12,2016-12-12T00:00:00Z,124.609375,124.84375,124.3125,124.765625,5861
2016-12-13,2016-12-13T00:00:00Z,124.875,125.078125,124.625,124.671875,3337
2016-12-14,2016-12-14T00:00:00Z,124.890625,125.125,123.84375,124.15625,7771
2016-12-15,2016-12-15T00:00:00Z,123.859375,123.859375,123.296875,123.703125,11375
2016-12-16,2016-12-16T00:00:00Z,123.546875,123.859375,123.53125,123.609375,10007
2016-12-19,2016-12-19T00:00:00Z,123.65625,124.15625,123.65625,124.03125,11592
2016-12-20,2016-12-20T00:00:00Z,124.0,124.0,123.703125,123.9375,510265
2016-12-22,2016-12-22T00:00:00Z,123.359375,123.421875,123.046875,123.265625,585524
2016-12-23,2016-12-23T00:00:00Z,123.265625,123.46875,123.203125,123.359375,287288
2016-12-27,2016-12-27T00:00:00Z,123.34375,123.34375,123.09375,123.203125,263382
2016-12-28,2016-12-28T00:00:00Z,123.1875,123.6875,123.15625,123.640625,624846
2016-12-29,2016-12-29T00:00:00Z,123.640625,124.078125,123.609375,123.9375,766254
2016-12-30,2016-12-30T00:00:00Z,123.96875,124.328125,123.859375,124.28125,786367
2017-01-03,2017-01-03T00:00:00Z,124.125,124.234375,123.578125,124.109375,1442195
2017-01-04,2017-01-04T00:00:00Z,124.140625,124.28125,123.859375,124.109375,1153515
2017-01-05,2017-01-05T00:00:00Z,124.203125,125.03125,124.109375,124.828125,1882843
2017-01-06,2017-01-06T00:00:00Z,124.953125,125.328125,124.3125,124.40625,1540229
2017-01-09,2017-01-09T00:00:00Z,124.390625,124.859375,124.234375,124.78125,889369
2017-01-10,2017-01-10T00:00:00Z,124.828125,124.921875,124.625,124.765625,907696
2017-01-11,2017-01-11T00:00:00Z,124.78125,125.203125,124.578125,124.8125,1460875
2017-01-12,2017-01-12T00:00:00Z,124.765625,125.328125,124.75,124.890625,1409184
2017-01-13,2017-01-13T00:00:00Z,124.875,125.3125,124.34375,124.78125,1584205
2017-01-17,2017-01-17T00:00:00Z,124.703125,125.421875,124.6875,125.234375,1592429
2017-01-18,2017-01-18T00:00:00Z,125.234375,125.28125,124.3125,124.71875,1290896
2017-01-19,2017-01-19T00:00:00Z,124.3125,124.484375,123.859375,124.171875,1809571
2017-01-20,2017-01-20T00:00:00Z,124.0625,124.296875,123.78125,124.21875,1461739
2017-01-23,2017-01-23T00:00:00Z,124.171875,124.984375,124.15625,124.8125,1684165
2017-01-24,2017-01-24T00:00:00Z,124.859375,124.9375,124.203125,124.21875,1168462
2017-01-25,2017-01-25T00:00:00Z,124.296875,124.390625,123.734375,123.8125,1407113
2017-01-26,2017-01-26T00:00:00Z,123.921875,124.015625,123.5625,123.96875,1392976
2017-01-27,2017-01-27T00:00:00Z,123.96875,124.1875,123.796875,124.171875,1076894
2017-01-30,2017-01-30T00:00:00Z,124.203125,124.359375,124.0625,124.21875,1214640
2017-01-31,2017-01-31T00:00:00Z,124.140625,124.671875,124.0625,124.46875,2121500
2017-02-01,2017-02-01T00:00:00Z,124.453125,124.46875,123.90625,124.328125,1496441
2017-02-02,2017-02-02T00:00:00Z,124.3125,124.703125,124.234375,124.375,1373958
2017-02-03,2017-02-03T00:00:00Z,124.34375,124.828125,124.09375,124.28125,1887958
2017-02-06,2017-02-06T00:00:00Z,124.421875,125.015625,124.40625,124.9375,1276682
2017-02-07,2017-02-07T00:00:00Z,124.9375,125.3125,124.75,125.109375,1410505
2017-02-08,2017-02-08T00:00:00Z,125.046875,125.5625,124.984375,125.359375,1724286
2017-02-09,2017-02-09T00:00:00Z,125.484375,125.484375,124.84375,124.921875,1434680
2017-02-10,2017-02-10T00:00:00Z,124.921875,124.921875,124.625,124.78125,1166254
2017-02-13,2017-02-13T00:00:00Z,124.734375,124.75,124.4375,124.59375,826475
2017-02-14,2017-02-14T00:00:00Z,124.546875,124.625,123.96875,124.234375,1536726
2017-02-15,2017-02-15T00:00:00Z,124.203125,124.265625,123.765625,123.96875,1448757
2017-02-16,2017-02-16T00:00:00Z,124.0,124.53125,123.953125,124.453125,1367559
2017-02-17,2017-02-17T00:00:00Z,124.4375,124.90625,124.34375,124.703125,1124874
2017-02-21,2017-02-21T00:00:00Z,124.6875,124.796875,124.390625,124.703125,1534132
2017-02-22,2017-02-22T00:00:00Z,124.671875,124.984375,124.4375,124.765625,2624783
2017-02-23,2017-02-23T00:00:00Z,124.78125,125.15625,124.734375,125.046875,3329428
2017-02-24,2017-02-24T00:00:00Z,125.15625,125.671875,125.078125,125.609375,2291354
2017-02-27,2017-02-27T00:00:00Z,125.640625,125.640625,125.109375,125.140625,1246309
2017-02-28,2017-02-28T00:00:00Z,125.15625,125.359375,124.671875,125.109375,402589
2017-03-01,2017-03-01T00:00:00Z,124.796875,124.796875,124.171875,124.28125,141988
2017-03-02,2017-03-02T00:00:00Z,124.296875,124.359375,123.9375,124.078125,62582
2017-03-03,2017-03-03T00:00:00Z,124.125,124.25,123.875,124.171875,47557
2017-03-06,2017-03-06T00:00:00Z,124.140625,124.4375,124.109375,124.1875,13581
2017-03-07,2017-03-07T00:00:00Z,124.15625,124.21875,123.984375,124.046875,19444
2017-03-08,2017-03-08T00:00:00Z,124.03125,124.09375,123.5,123.765625,29878
2017-03-09,2017-03-09T00:00:00Z,123.65625,123.75,123.34375,123.46875,7716
2017-03-10,2017-03-10T00:00:00Z,123.34375,123.8125,123.3125,123.65625,8547
2017-03-13,2017-03-13T00:00:00Z,123.671875,123.8125,123.359375,123.46875,10406
2017-03-14,2017-03-14T00:00:00Z,123.390625,123.671875,123.328125,123.5625,6779
2017-03-15,2017-03-15T00:00:00Z,123.671875,124.453125,123.5625,124.390625,5977
2017-03-16,2017-03-16T00:00:00Z,124.40625,124.484375,124.109375,124.234375,4207
2017-03-17,2017-03-17T00:00:00Z,124.140625,124.546875,124.125,124.390625,4496
2017-03-20,2017-03-20T00:00:00Z,124.40625,124.6875,124.40625,124.671875,9286
2017-03-21,2017-03-21T00:00:00Z,124.6875,125.046875,124.484375,124.90625,5904
2017-03-22,2017-03-22T00:00:00Z,124.984375,125.28125,124.96875,125.078125,1678891
2017-03-23,2017-03-23T00:00:00Z,124.453125,124.625,124.1875,124.40625,1533329
2017-03-24,2017-03-24T00:00:00Z,124.328125,124.59375,124.21875,124.53125,1004433
2017-03-27,2017-03-27T00:00:00Z,124.421875,124.921875,124.421875,124.671875,1144030
2017-03-28,2017-03-28T00:00:00Z,124.640625,124.828125,124.265625,124.359375,1345398
2017-03-29,2017-03-29T00:00:00Z,124.28125,124.65625,124.203125,124.578125,1207851
2017-03-30,2017-03-30T00:00:00Z,124.625,124.6875,124.265625,124.34375,1058234
2017-03-31,2017-03-31T00:00:00Z,124.328125,124.625,124.234375,124.5625,1525342
2017-04-03,2017-04-03T00:00:00Z,124.59375,125.234375,124.5,125.03125,1559814
2017-04-04,2017-04-04T00:00:00Z,125.203125,125.359375,124.890625,125.03125,1266102
2017-04-05,2017-04-05T00:00:00Z,124.921875,125.296875,124.75,125.046875,1479991
2017-04-06,2017-04-06T00:00:00Z,125.203125,125.296875,124.9375,125.125,1079521
2017-04-07,2017-04-07T00:00:00Z,125.125,125.78125,124.71875,124.8125,2067987
2017-04-10,2017-04-10T00:00:00Z,124.765625,125.046875,124.625,124.90625,947722
2017-04-11,2017-04-11T00:00:00Z,124.875,125.5625,124.875,125.484375,1485530
2017-04-12,2017-04-12T00:00:00Z,125.484375,126.0,125.359375,125.46875,1370086
2017-04-13,2017-04-13T00:00:00Z,125.96875,126.25,125.75,126.078125,1329353
2017-04-17,2017-04-17T00:00:00Z,126.234375,126.40625,125.8125,125.90625,804493
2017-04-18,2017-04-18T00:00:00Z,125.875,126.625,125.8125,126.515625,1436201
2017-04-19,2017-04-19T00:00:00Z,126.578125,126.59375,126.09375,126.28125,1198623
2017-04-20,2017-04-20T00:00:00Z,126.21875,126.34375,125.828125,125.953125,1205793
2017-04-21,2017-04-21T00:00:00Z,126.015625,126.28125,125.90625,126.0625,1046535
2017-04-24,2017-04-24T00:00:00Z,125.46875,125.859375,125.203125,125.796875,1548042
2017-04-25,2017-04-25T00:00:00Z,125.8125,125.859375,125.265625,125.40625,1116975
2017-04-26,2017-04-26T00:00:00Z,125.359375,125.625,125.21875,125.5625,1505845
2017-04-27,2017-04-27T00:00:00Z,125.59375,125.78125,125.4375,125.640625,1417606
2017-04-28,2017-04-28T00:00:00Z,125.65625,125.75,125.28125,125.71875,1666787
2017-05-01,2017-05-01T00:00:00Z,125.71875,125.796875,125.328125,125.46875,948935
2017-05-02,2017-05-02T00:00:00Z,125.53125,125.8125,125.34375,125.703125,997048
2017-05-03,2017-05-03T00:00:00Z,125.78125,125.828125,125.40625,125.546875,1169980
2017-05-04,2017-05-04T00:00:00Z,125.46875,125.484375,125.0625,125.171875,1245763
2017-05-05,2017-05-05T00:00:00Z,125.15625,125.34375,124.859375,125.21875,1320832
2017-05-08,2017-05-08T00:00:00Z,125.09375,125.421875,124.9375,125.0625,1174165
2017-05-09,2017-05-09T00:00:00Z,124.953125,125.0625,124.75,124.828125,1094660
2017-05-10,2017-05-10T00:00:00Z,124.890625,125.171875,124.78125,124.8125,1182375
2017-05-11,2017-05-11T00:00:00Z,124.796875,125.046875,124.71875,124.921875,1273761
2017-05-12,2017-05-12T00:00:00Z,125.015625,125.59375,124.984375,125.46875,1395241
2017-05-15,2017-05-15T00:00:00Z,125.53125,125.640625,125.34375,125.453125,928493
2017-05-16,2017-05-16T00:00:00Z,125.4375,125.71875,125.28125,125.546875,1287954
2017-05-17,2017-05-17T00:00:00Z,125.546875,126.453125,125.546875,126.421875,2428546
2017-05-18,2017-05-18T00:00:00Z,126.4375,126.71875,126.15625,126.28125,2330748
2017-05-19,2017-05-19T00:00:00Z,126.28125,126.359375,126.046875,126.1875,1226277
2017-05-22,2017-05-22T00:00:00Z,126.234375,126.265625,126.046875,126.125,986022
2017-05-23,2017-05-23T00:00:00Z,126.09375,126.34375,125.8125,125.859375,1674877
2017-05-24,2017-05-24T00:00:00Z,125.875,126.21875,125.765625,126.0625,2304901
2017-05-25,2017-05-25T00:00:00Z,126.1875,126.25,126.046875,126.171875,2433716
2017-05-26,2017-05-26T00:00:00Z,126.125,126.375,126.125,126.1875,1922254
2017-05-30,2017-05-30T00:00:00Z,126.171875,126.5,126.046875,126.4375,1822122
2017-05-31,2017-05-31T00:00:00Z,126.4375,126.5625,126.265625,126.5625,260254
2017-06-01,2017-06-01T00:00:00Z,126.46875,126.5,126.234375,126.453125,97166
2017-06-02,2017-06-02T00:00:00Z,126.484375,127.03125,126.390625,126.890625,63468
2017-06-05,2017-06-05T00:00:00Z,126.859375,126.9375,126.65625,126.734375,26275
2017-06-06,2017-06-06T00:00:00Z,126.75,127.140625,126.734375,127.015625,34371
2017-06-07,2017-06-07T00:00:00Z,127.015625,127.03125,126.75,126.78125,21734
2017-06-08,2017-06-08T00:00:00Z,126.765625,126.796875,126.484375,126.703125,12186
2017-06-09,2017-06-09T00:00:00Z,126.84375,126.875,126.421875,126.65625,15954
2017-06-12,2017-06-12T00:00:00Z,126.5625,126.734375,126.46875,126.5625,7971
2017-06-13,2017-06-13T00:00:00Z,126.53125,126.625,126.453125,126.609375,8417
2017-06-14,2017-06-14T00:00:00Z,126.5625,127.546875,126.5625,127.109375,10110
2017-06-15,2017-06-15T00:00:00Z,127.234375,127.234375,126.8125,126.84375,9569
2017-06-16,2017-06-16T00:00:00Z,126.828125,127.0625,126.71875,126.921875,7023
2017-06-19,2017-06-19T00:00:00Z,127.0,127.046875,126.59375,126.65625,8631
2017-06-20,2017-06-20T00:00:00Z,126.65625,126.921875,126.5625,126.921875,7918
2017-06-21,2017-06-21T00:00:00Z,126.875,126.984375,126.6875,126.84375,1028869
2017-06-22,2017-06-22T00:00:00Z,126.609375,126.8125,126.578125,126.671875,884620
2017-06-23,2017-06-23T00:00:00Z,126.6875,126.765625,126.5625,126.734375,714183
2017-06-26,2017-06-26T00:00:00Z,126.734375,126.90625,126.59375,126.78125,841606
2017-06-27,2017-06-27T00:00:00Z,126.75,126.84375,126.15625,126.28125,1626148
2017-06-28,2017-06-28T00:00:00Z,126.25,126.328125,125.875,126.203125,1802887
2017-06-29,2017-06-29T00:00:00Z,126.171875,126.234375,125.578125,125.8125,1915901
2017-06-30,2017-06-30T00:00:00Z,125.828125,125.890625,125.453125,125.53125,1887665
2017-07-03,2017-07-03T00:00:00Z,125.515625,125.609375,125.03125,125.109375,1023896
2017-07-05,2017-07-05T00:00:00Z,125.09375,125.5,124.984375,125.21875,1649926
2017-07-06,2017-07-06T00:00:00Z,125.3125,125.34375,124.796875,124.984375,1567162
2017-07-07,2017-07-07T00:00:00Z,125.015625,125.109375,124.796875,124.84375,1509536
2017-07-10,2017-07-10T00:00:00Z,124.90625,125.140625,124.859375,125.078125,886577
2017-07-11,2017-07-11T00:00:00Z,125.03125,125.234375,124.875,125.171875,1078017
2017-07-12,2017-07-12T00:00:00Z,125.171875,125.734375,125.140625,125.515625,1622688
2017-07-13,2017-07-13T00:00:00Z,125.546875,125.671875,125.265625,125.40625,1260066
2017-07-14,2017-07-14T00:00:00Z,125.40625,126.03125,125.328125,125.671875,1595405
2017-07-17,2017-07-17T00:00:00Z,125.578125,125.828125,125.5625,125.75,788340
2017-07-18,2017-07-18T00:00:00Z,125.6875,126.171875,125.671875,126.109375,1392924
2017-07-19,2017-07-19T00:00:00Z,126.109375,126.1875,125.953125,126.046875,907676
2017-07-20,2017-07-20T00:00:00Z,126.015625,126.265625,125.96875,126.0625,1162716
2017-07-21,2017-07-21T00:00:00Z,126.078125,126.375,126.03125,126.3125,757684
2017-07-24,2017-07-24T00:00:00Z,126.28125,126.375,126.078125,126.15625,581057
2017-07-25,2017-07-25T00:00:00Z,126.140625,126.203125,125.484375,125.578125,1468763
2017-07-26,2017-07-26T00:00:00Z,125.5,126.0625,125.484375,126.015625,1384097
2017-07-27,2017-07-27T00:00:00Z,125.953125,126.046875,125.65625,125.828125,1528350
2017-07-28,2017-07-28T00:00:00Z,125.8125,125.984375,125.546875,125.953125,1232783
2017-07-31,2017-07-31T00:00:00Z,125.921875,126.046875,125.828125,125.890625,1032988
2017-08-01,2017-08-01T00:00:00Z,125.84375,126.25,125.671875,126.234375,1471383
2017-08-02,2017-08-02T00:00:00Z,126.1875,126.265625,125.96875,126.109375,1337711
2017-08-03,2017-08-03T00:00:00Z,126.046875,126.46875,126.03125,126.359375,1088192
2017-08-04,2017-08-04T00:00:00Z,126.390625,126.4375,125.90625,126.078125,1266517
2017-08-07,2017-08-07T00:00:00Z,126.09375,126.21875,125.9375,126.171875,699883
2017-08-08,2017-08-08T00:00:00Z,126.171875,126.234375,125.90625,126.015625,913666
2017-08-09,2017-08-09T00:00:00Z,126.15625,126.578125,126.15625,126.34375,1351014
2017-08-10,2017-08-10T00:00:00Z,126.265625,126.671875,126.1875,126.5625,1303690
2017-08-11,2017-08-11T00:00:00Z,126.671875,126.875,126.546875,126.8125,1478912
2017-08-14,2017-08-14T00:00:00Z,126.75,126.796875,126.4375,126.546875,945523
2017-08-15,2017-08-15T00:00:00Z,126.546875,126.5625,126.015625,126.15625,1206856
2017-08-16,2017-08-16T00:00:00Z,126.109375,126.578125,126.0,126.515625,1354262
2017-08-17,2017-08-17T00:00:00Z,126.515625,126.84375,126.34375,126.71875,1389101
2017-08-18,2017-08-18T00:00:00Z,126.796875,127.046875,126.5625,126.75,1344325
2017-08-21,2017-08-21T00:00:00Z,126.71875,126.90625,126.59375,126.84375,857262
2017-08-22,2017-08-22T00:00:00Z,126.859375,126.875,126.53125,126.5625,980893
2017-08-23,2017-08-23T00:00:00Z,126.5625,126.953125,126.5,126.921875,1206815
2017-08-24,2017-08-24T00:00:00Z,126.9375,126.953125,126.671875,126.6875,1746329
2017-08-25,2017-08-25T00:00:00Z,126.671875,126.953125,126.625,126.875,1954747
2017-08-28,2017-08-28T00:00:00Z,126.875,127.0,126.796875,127.0,1952451
2017-08-29,2017-08-29T00:00:00Z,127.03125,127.59375,127.03125,127.1875,2641883
2017-08-30,2017-08-30T00:00:00Z,127.203125,127.234375,126.984375,127.078125,1221758
2017-08-31,2017-08-31T00:00:00Z,127.140625,127.296875,126.984375,127.25,252047
2017-09-01,2017-09-01T00:00:00Z,127.265625,127.484375,126.875,126.953125,123220
2017-09-05,2017-09-05T00:00:00Z,127.171875,127.71875,127.015625,127.671875,76783
2017-09-06,2017-09-06T00:00:00Z,127.71875,127.8125,127.328125,127.34375,37724
2017-09-07,2017-09-07T00:00:00Z,127.390625,127.953125,127.390625,127.765625,29746
2017-09-08,2017-09-08T00:00:00Z,127.859375,128.109375,127.640625,127.75,17309
2017-09-11,2017-09-11T00:00:00Z,127.515625,127.546875,127.140625,127.25,13279
2017-09-12,2017-09-12T00:00:00Z,127.25,127.25,126.828125,126.90625,14651
2017-09-13,2017-09-13T00:00:00Z,126.953125,127.03125,126.671875,126.71875,19911
2017-09-14,2017-09-14T00:00:00Z,126.796875,126.8125,126.46875,126.6875,10961
2017-09-15,2017-09-15T00:00:00Z,126.8125,126.828125,126.515625,126.59375,9070
2017-09-18,2017-09-18T00:00:00Z,126.53125,126.5625,126.359375,126.375,4782
2017-09-19,2017-09-19T00:00:00Z,126.453125,126.5,126.25,126.28125,20428
2017-09-20,2017-09-20T00:00:00Z,126.3125,126.4375,126.296875,126.34375,1546871
2017-09-21,2017-09-21T00:00:00Z,125.6875,125.90625,125.5625,125.625,1288393
2017-09-22,2017-09-22T00:00:00Z,125.59375,125.9375,125.578125,125.734375,1231862
2017-09-25,2017-09-25T00:00:00Z,125.75,126.140625,125.71875,126.0625,1260658
2017-09-26,2017-09-26T00:00:00Z,126.03125,126.125,125.828125,126.0,1085938
2017-09-27,2017-09-27T00:00:00Z,125.9375,125.953125,125.3125,125.4375,2014703
2017-09-28,2017-09-28T00:00:00Z,125.421875,125.5625,125.0625,125.546875,1668758
2017-09-29,2017-09-29T00:00:00Z,125.53125,125.625,125.203125,125.3125,1811508
2017-10-02,2017-10-02T00:00:00Z,125.234375,125.390625,124.9375,125.25,1322271
2017-10-03,2017-10-03T00:00:00Z,125.21875,125.40625,125.046875,125.328125,954985
2017-10-04,2017-10-04T00:00:00Z,125.390625,125.609375,125.1875,125.328125,1209896
2017-10-05,2017-10-05T00:00:00Z,125.375,125.4375,125.09375,125.15625,990526
2017-10-06,2017-10-06T00:00:00Z,125.171875,125.21875,124.703125,125.03125,1810859
2017-10-09,2017-10-09T00:00:00Z,125.046875,125.171875,124.984375,125.09375,248732
2017-10-10,2017-10-10T00:00:00Z,125.140625,125.4375,125.015625,125.265625,1217966
2017-10-11,2017-10-11T00:00:00Z,125.125,125.359375,125.0625,125.234375,1123947
2017-10-12,2017-10-12T00:00:00Z,125.1875,125.4375,125.15625,125.390625,1120475
2017-10-13,2017-10-13T00:00:00Z,125.40625,125.796875,125.3125,125.703125,1465750
2017-10-16,2017-10-16T00:00:00Z,125.71875,125.734375,125.359375,125.421875,1140752
2017-10-17,2017-10-17T00:00:00Z,125.453125,125.515625,125.21875,125.4375,1087579
2017-10-18,2017-10-18T00:00:00Z,125.421875,125.4375,125.046875,125.140625,1059325
2017-10-19,2017-10-19T00:00:00Z,125.078125,125.5,125.078125,125.265625,1499271
2017-10-20,2017-10-20T00:00:00Z,125.34375,125.421875,124.78125,124.828125,1715638
2017-10-23,2017-10-23T00:00:00Z,124.78125,125.0,124.71875,124.921875,931547
2017-10-24,2017-10-24T00:00:00Z,124.96875,125.015625,124.5625,124.734375,1353951
2017-10-25,2017-10-25T00:00:00Z,124.640625,124.6875,124.1875,124.453125,2025047
2017-10-26,2017-10-26T00:00:00Z,124.546875,124.734375,124.28125,124.375,1763165
2017-10-27,2017-10-27T00:00:00Z,124.296875,124.75,124.203125,124.59375,2067719
2017-10-30,2017-10-30T00:00:00Z,124.734375,125.046875,124.71875,125.015625,1242395
2017-10-31,2017-10-31T00:00:00Z,125.0,125.109375,124.875,124.9375,1425885
2017-11-01,2017-11-01T00:00:00Z,124.875,125.140625,124.71875,124.90625,1387569
2017-11-02,2017-11-02T00:00:00Z,124.96875,125.265625,124.890625,125.140625,1419118
2017-11-03,2017-11-03T00:00:00Z,125.15625,125.40625,125.015625,125.15625,1373893
2017-11-06,2017-11-06T00:00:00Z,125.234375,125.421875,125.109375,125.359375,954051
2017-11-07,2017-11-07T00:00:00Z,125.390625,125.46875,125.1875,125.421875,1281128
2017-11-08,2017-11-08T00:00:00Z,125.375,125.46875,125.15625,125.25,1001966
2017-11-09,2017-11-09T00:00:00Z,125.171875,125.328125,125.046875,125.1875,1685943
2017-11-10,2017-11-10T00:00:00Z,125.125,125.15625,124.65625,124.703125,1387082
2017-11-13,2017-11-13T00:00:00Z,124.671875,124.90625,124.546875,124.625,960605
2017-11-14,2017-11-14T00:00:00Z,124.609375,124.828125,124.5,124.734375,1232433
2017-11-15,2017-11-15T00:00:00Z,124.796875,125.21875,124.765625,125.046875,1794617
2017-11-16,2017-11-16T00:00:00Z,125.125,125.125,124.765625,124.859375,1145954
2017-11-17,2017-11-17T00:00:00Z,124.796875,125.078125,124.765625,124.90625,1286280
2017-11-20,2017-11-20T00:00:00Z,124.96875,125.140625,124.6875,124.6875,1276235
2017-11-21,2017-11-21T00:00:00Z,124.703125,124.921875,124.59375,124.6875,1774516
2017-11-22,2017-11-22T00:00:00Z,124.734375,125.140625,124.609375,125.109375,869759
2017-11-24,2017-11-24T00:00:00Z,125.09375,125.140625,124.890625,124.96875,903231
2017-11-27,2017-11-27T00:00:00Z,124.984375,125.140625,124.84375,125.125,2900454
2017-11-28,2017-11-28T00:00:00Z,125.078125,125.234375,124.9375,124.96875,2661242
2017-11-29,2017-11-29T00:00:00Z,125.046875,125.109375,124.515625,124.71875,1899713
2017-11-30,2017-11-30T00:00:00Z,124.59375,124.65625,124.1875,124.3125,399175
2017-12-01,2017-12-01T00:00:00Z,124.34375,125.09375,124.1875,124.671875,178443
2017-12-04,2017-12-04T00:00:00Z,124.203125,124.578125,124.203125,124.5,66535
2017-12-05,2017-12-05T00:00:00Z,124.53125,124.640625,124.359375,124.59375,30474
2017-12-06,2017-12-06T00:00:00Z,124.609375,124.953125,124.5625,124.828125,40199
2017-12-07,2017-12-07T00:00:00Z,124.671875,124.859375,124.515625,124.515625,15164
2017-12-08,2017-12-08T00:00:00Z,124.5625,124.703125,124.40625,124.515625,18528
2017-12-11,2017-12-11T00:00:00Z,124.484375,124.734375,124.484375,124.5,12172
2017-12-12,2017-12-12T00:00:00Z,124.484375,124.5625,124.265625,124.359375,40507
2017-12-13,2017-12-13T00:00:00Z,124.328125,124.875,124.15625,124.828125,27179
2017-12-14,2017-12-14T00:00:00Z,124.828125,124.84375,124.5,124.78125,23920
2017-12-15,2017-12-15T00:00:00Z,124.734375,124.8125,124.484375,124.640625,10118
2017-12-18,2017-12-18T00:00:00Z,124.546875,124.625,124.4375,124.453125,12750
2017-12-19,2017-12-19T00:00:00Z,124.421875,124.453125,123.859375,123.875,1383059
2017-12-20,2017-12-20T00:00:00Z,123.71875,123.828125,123.421875,123.453125,1289547
2017-12-21,2017-12-21T00:00:00Z,123.453125,123.625,123.390625,123.515625,845872
2017-12-22,2017-12-22T00:00:00Z,123.46875,123.546875,123.4375,123.46875,309304
2017-12-26,2017-12-26T00:00:00Z,123.484375,123.671875,123.421875,123.625,317247
2017-12-27,2017-12-27T00:00:00Z,123.5625,124.015625,123.53125,123.984375,783811
2017-12-28,2017-12-28T00:00:00Z,123.953125,123.96875,123.765625,123.84375,767669
2017-12-29,2017-12-29T00:00:00Z,123.828125,124.078125,123.8125,124.046875,699637
2018-01-02,2018-01-02T00:00:00Z,123.984375,124.0,123.53125,123.6875,1062328
2018-01-03,2018-01-03T00:00:00Z,123.6875,123.890625,123.640625,123.78125,955926
2018-01-04,2018-01-04T00:00:00Z,123.765625,123.78125,123.421875,123.671875,1133647
2018-01-05,2018-01-05T00:00:00Z,123.671875,123.875,123.46875,123.515625,1433004
2018-01-08,2018-01-08T00:00:00Z,123.484375,123.625,123.40625,123.484375,739863
2018-01-09,2018-01-09T00:00:00Z,123.46875,123.5,122.984375,123.046875,1686410
2018-01-10,2018-01-10T00:00:00Z,122.984375,123.09375,122.703125,123.0,2134251
2018-01-11,2018-01-11T00:00:00Z,122.96875,123.15625,122.859375,123.125,1690056
2018-01-12,2018-01-12T00:00:00Z,122.984375,123.0625,122.625,122.9375,1652546
2018-01-16,2018-01-16T00:00:00Z,122.921875,123.15625,122.84375,122.984375,1402869
2018-01-17,2018-01-17T00:00:00Z,122.984375,123.0625,122.546875,122.65625,1448410
2018-01-18,2018-01-18T00:00:00Z,122.546875,122.59375,122.34375,122.453125,1950365
2018-01-19,2018-01-19T00:00:00Z,122.375,122.5,122.109375,122.28125,1617134
2018-01-22,2018-01-22T00:00:00Z,122.28125,122.359375,122.046875,122.09375,1455296
2018-01-23,2018-01-23T00:00:00Z,122.171875,122.515625,122.125,122.421875,1539444
2018-01-24,2018-01-24T00:00:00Z,122.484375,122.546875,122.140625,122.203125,1616438
2018-01-25,2018-01-25T00:00:00Z,122.25,122.46875,121.96875,122.4375,1766131
2018-01-26,2018-01-26T00:00:00Z,122.4375,122.453125,121.984375,122.0625,1484833
2018-01-29,2018-01-29T00:00:00Z,122.046875,122.125,121.5625,121.8125,1927423
2018-01-30,2018-01-30T00:00:00Z,121.8125,121.953125,121.53125,121.640625,1691151
2018-01-31,2018-01-31T00:00:00Z,121.65625,121.859375,121.328125,121.578125,2439319
2018-02-01,2018-02-01T00:00:00Z,121.671875,121.671875,121.078125,121.21875,2201452
2018-02-02,2018-02-02T00:00:00Z,121.09375,121.203125,120.65625,120.734375,2651934
2018-02-05,2018-02-05T00:00:00Z,120.8125,122.0625,120.5625,121.265625,2851851
2018-02-06,2018-02-06T00:00:00Z,121.953125,122.59375,121.171875,121.484375,3525275
2018-02-07,2018-02-07T00:00:00Z,121.203125,121.609375,120.859375,121.0,2201308
2018-02-08,2018-02-08T00:00:00Z,121.078125,121.25,120.53125,120.890625,3081009
2018-02-09,2018-02-09T00:00:00Z,121.03125,121.578125,120.796875,121.171875,2874444
2018-02-12,2018-02-12T00:00:00Z,120.9375,121.046875,120.625,120.890625,1422174
2018-02-13,2018-02-13T00:00:00Z,120.84375,121.140625,120.84375,121.0,1277076
2018-02-14,2018-02-14T00:00:00Z,121.03125,121.234375,120.265625,120.328125,2541538
2018-02-15,2018-02-15T00:00:00Z,120.40625,120.5625,120.03125,120.453125,1801379
2018-02-16,2018-02-16T00:00:00Z,120.3125,120.78125,120.296875,120.578125,1325756
2018-02-20,2018-02-20T00:00:00Z,120.5625,120.65625,120.15625,120.484375,1618062
2018-02-21,2018-02-21T00:00:00Z,120.484375,120.609375,120.0625,120.203125,2154049
2018-02-22,2018-02-22T00:00:00Z,120.140625,120.484375,120.09375,120.421875,2364742
2018-02-23,2018-02-23T00:00:00Z,120.375,120.828125,120.25,120.734375,2364742
2018-02-26,2018-02-26T00:00:00Z,120.734375,121.015625,120.65625,120.828125,2811227
2018-02-27,2018-02-27T00:00:00Z,120.765625,120.890625,120.25,120.390625,2092694
2018-02-28,2018-02-28T00:00:00Z,120.453125,120.703125,120.296875,120.65625,329530
2018-03-01,2018-03-01T00:00:00Z,120.6875,121.296875,120.625,121.203125,197034
2018-03-02,2018-03-02T00:00:00Z,121.171875,121.296875,120.6875,120.796875,62175
2018-03-05,2018-03-05T00:00:00Z,120.78125,121.21875,120.53125,120.65625,47984
2018-03-06,2018-03-06T00:00:00Z,120.65625,120.84375,120.453125,120.671875,34443
2018-03-07,2018-03-07T00:00:00Z,120.71875,121.0625,120.609375,120.640625,43812
2018-03-08,2018-03-08T00:00:00Z,120.640625,120.921875,120.59375,120.796875,15370
2018-03-09,2018-03-09T00:00:00Z,120.8125,120.84375,120.46875,120.65625,11961
2018-03-12,2018-03-12T00:00:00Z,120.609375,120.875,120.546875,120.84375,10392
2018-03-13,2018-03-13T00:00:00Z,120.828125,121.140625,120.703125,120.921875,17883
2018-03-14,2018-03-14T00:00:00Z,120.984375,121.28125,120.84375,121.140625,8201
2018-03-15,2018-03-15T00:00:00Z,121.09375,121.28125,121.0,121.09375,12544
2018-03-16,2018-03-16T00:00:00Z,121.078125,121.1875,120.90625,120.96875,12887
2018-03-19,2018-03-19T00:00:00Z,120.96875,121.109375,120.71875,121.0,11475
2018-03-20,2018-03-20T00:00:00Z,120.890625,120.890625,120.65625,120.71875,1081891
2018-03-21,2018-03-21T00:00:00Z,119.96875,120.25,119.6875,119.953125,1518293
2018-03-22,2018-03-22T00:00:00Z,120.109375,120.78125,120.09375,120.515625,2424965
2018-03-23,2018-03-23T00:00:00Z,120.546875,120.875,120.421875,120.609375,1801888
2018-03-26,2018-03-26T00:00:00Z,120.640625,120.734375,120.34375,120.46875,1302107
2018-03-27,2018-03-27T00:00:00Z,120.375,121.046875,120.34375,120.90625,1842010
2018-03-28,2018-03-28T00:00:00Z,121.0,121.28125,120.78125,120.90625,2317510
2018-03-29,2018-03-29T00:00:00Z,120.8125,121.1875,120.796875,121.140625,1199682
2018-04-02,2018-04-02T00:00:00Z,121.03125,121.375,120.921875,121.265625,1054232
2018-04-03,2018-04-03T00:00:00Z,121.25,121.265625,120.796875,120.84375,1518112
2018-04-04,2018-04-04T00:00:00Z,120.90625,121.15625,120.671875,120.828125,1510326
2018-04-05,2018-04-05T00:00:00Z,120.703125,120.734375,120.515625,120.5625,1160720
2018-04-06,2018-04-06T00:00:00Z,120.5625,121.0625,120.546875,121.015625,1660843
2018-04-09,2018-04-09T00:00:00Z,120.984375,121.015625,120.71875,120.90625,1019971
2018-04-10,2018-04-10T00:00:00Z,120.921875,121.0,120.6875,120.765625,1160672
2018-04-11,2018-04-11T00:00:00Z,120.71875,121.109375,120.671875,120.84375,1366675
2018-04-12,2018-04-12T00:00:00Z,120.90625,120.96875,120.40625,120.46875,1232813
2018-04-13,2018-04-13T00:00:00Z,120.46875,120.625,120.34375,120.484375,1121633
2018-04-16,2018-04-16T00:00:00Z,120.46875,120.484375,120.21875,120.46875,988126
2018-04-17,2018-04-17T00:00:00Z,120.4375,120.5625,120.3125,120.5625,994110
2018-04-18,2018-04-18T00:00:00Z,120.453125,120.515625,120.078125,120.140625,1215936
2018-04-19,2018-04-19T00:00:00Z,120.140625,120.203125,119.71875,119.828125,1531393
2018-04-20,2018-04-20T00:00:00Z,119.84375,119.921875,119.46875,119.546875,1328046
2018-04-23,2018-04-23T00:00:00Z,119.484375,119.5,119.203125,119.328125,1509849
2018-04-24,2018-04-24T00:00:00Z,119.3125,119.453125,119.125,119.328125,1500561
2018-04-25,2018-04-25T00:00:00Z,119.1875,119.28125,118.96875,119.078125,1647855
2018-04-26,2018-04-26T00:00:00Z,119.046875,119.390625,119.015625,119.3125,1312131
2018-04-27,2018-04-27T00:00:00Z,119.328125,119.546875,119.28125,119.5,1291016
2018-04-30,2018-04-30T00:00:00Z,119.484375,119.65625,119.375,119.625,1264395
2018-05-01,2018-05-01T00:00:00Z,119.546875,119.578125,119.359375,119.375,921986
2018-05-02,2018-05-02T00:00:00Z,119.453125,119.5625,119.25,119.515625,1318968
2018-05-03,2018-05-03T00:00:00Z,119.515625,119.828125,119.4375,119.6875,1462604
2018-05-04,2018-05-04T00:00:00Z,119.6875,119.984375,119.5625,119.703125,1337672
2018-05-07,2018-05-07T00:00:00Z,119.625,119.765625,119.578125,119.6875,633457
2018-05-08,2018-05-08T00:00:00Z,119.640625,119.71875,119.375,119.515625,1208157
2018-05-09,2018-05-09T00:00:00Z,119.453125,119.46875,119.1875,119.265625,1146875
2018-05-10,2018-05-10T00:00:00Z,119.21875,119.671875,119.203125,119.390625,1424795
2018-05-11,2018-05-11T00:00:00Z,119.421875,119.53125,119.3125,119.40625,1018534
2018-05-14,2018-05-14T00:00:00Z,119.375,119.484375,119.140625,119.25,924286
2018-05-15,2018-05-15T00:00:00Z,119.15625,119.21875,118.515625,118.609375,2462266
2018-05-16,2018-05-16T00:00:00Z,118.671875,118.796875,118.4375,118.546875,1803123
2018-05-17,2018-05-17T00:00:00Z,118.5,118.59375,118.328125,118.515625,1649924
2018-05-18,2018-05-18T00:00:00Z,118.46875,118.90625,118.375,118.84375,1608621
2018-05-21,2018-05-21T00:00:00Z,118.71875,118.9375,118.65625,118.84375,1495659
2018-05-22,2018-05-22T00:00:00Z,118.875,118.953125,118.71875,118.875,1541549
2018-05-23,2018-05-23T00:00:00Z,118.875,119.453125,118.84375,119.390625,2875558
2018-05-24,2018-05-24T00:00:00Z,119.40625,119.703125,119.28125,119.5,3791797
2018-05-25,2018-05-25T00:00:00Z,119.484375,120.015625,119.390625,119.859375,2761228
2018-05-29,2018-05-29T00:00:00Z,120.296875,121.296875,120.09375,121.234375,5473546
2018-05-30,2018-05-30T00:00:00Z,121.234375,121.390625,120.265625,120.609375,2189691
2018-05-31,2018-05-31T00:00:00Z,120.53125,120.765625,120.265625,120.734375,347770
2018-06-01,2018-06-01T00:00:00Z,120.546875,120.546875,119.90625,120.171875,126455
2018-06-04,2018-06-04T00:00:00Z,120.125,120.15625,119.75,119.828125,68235
2018-06-05,2018-06-05T00:00:00Z,119.78125,120.171875,119.78125,120.03125,40028
2018-06-06,2018-06-06T00:00:00Z,119.953125,119.96875,119.578125,119.625,51286
2018-06-07,2018-06-07T00:00:00Z,119.625,120.296875,119.484375,119.921875,21426
2018-06-08,2018-06-08T00:00:00Z,119.9375,120.265625,119.796875,119.921875,16588
2018-06-11,2018-06-11T00:00:00Z,119.859375,119.890625,119.671875,119.765625,17545
2018-06-12,2018-06-12T00:00:00Z,119.765625,119.828125,119.5625,119.734375,6225
2018-06-13,2018-06-13T00:00:00Z,119.703125,119.765625,119.25,119.515625,20285
2018-06-14,2018-06-14T00:00:00Z,119.578125,119.828125,119.546875,119.75,6303
2018-06-15,2018-06-15T00:00:00Z,119.875,120.140625,119.84375,119.890625,5683
2018-06-18,2018-06-18T00:00:00Z,119.9375,120.0625,119.875,119.90625,4250
2018-06-19,2018-06-19T00:00:00Z,119.953125,120.484375,119.953125,120.140625,5995
2018-06-20,2018-06-20T00:00:00Z,120.125,120.15625,119.96875,119.96875,1231414
2018-06-21,2018-06-21T00:00:00Z,119.5,119.921875,119.421875,119.859375,1566709
2018-06-22,2018-06-22T00:00:00Z,119.84375,119.90625,119.640625,119.828125,937367
2018-06-25,2018-06-25T00:00:00Z,119.859375,120.140625,119.859375,120.03125,1504375
2018-06-26,2018-06-26T00:00:00Z,119.953125,120.109375,119.828125,120.0,1058281
2018-06-27,2018-06-27T00:00:00Z,119.984375,120.40625,119.9375,120.390625,1898576
2018-06-28,2018-06-28T00:00:00Z,120.375,120.453125,120.15625,120.1875,1409221
2018-06-29,2018-06-29T00:00:00Z,120.265625,120.296875,120.0625,120.1875,1402554
2018-07-02,2018-07-02T00:00:00Z,120.125,120.4375,120.03125,120.078125,1072783
2018-07-03,2018-07-03T00:00:00Z,120.03125,120.375,119.9375,120.3125,0
2018-07-05,2018-07-05T00:00:00Z,120.234375,120.421875,120.09375,120.25,1166546
2018-07-06,2018-07-06T00:00:00Z,120.34375,120.625,120.203125,120.34375,992184
2018-07-09,2018-07-09T00:00:00Z,120.375,120.390625,120.09375,120.125,804790
2018-07-10,2018-07-10T00:00:00Z,120.125,120.203125,120.0,120.015625,1011141
2018-07-11,2018-07-11T00:00:00Z,120.234375,120.40625,120.078125,120.25,1588869
2018-07-12,2018-07-12T00:00:00Z,120.171875,120.25,120.015625,120.15625,998978
2018-07-13,2018-07-13T00:00:00Z,120.21875,120.390625,120.125,120.359375,822694
2018-07-16,2018-07-16T00:00:00Z,120.390625,120.390625,120.0,120.171875,878760
2018-07-17,2018-07-17T00:00:00Z,120.1875,120.25,120.03125,120.125,818755
2018-07-18,2018-07-18T00:00:00Z,120.109375,120.25,120.0,120.0625,866201
2018-07-19,2018-07-19T00:00:00Z,120.078125,120.421875,119.859375,120.296875,1757197
2018-07-20,2018-07-20T00:00:00Z,120.328125,120.375,119.953125,119.984375,1329203
2018-07-23,2018-07-23T00:00:00Z,120.015625,120.109375,119.453125,119.484375,1631269
2018-07-24,2018-07-24T00:00:00Z,119.5625,119.640625,119.390625,119.5625,1311962
2018-07-25,2018-07-25T00:00:00Z,119.546875,119.703125,119.328125,119.65625,1673593
2018-07-26,2018-07-26T00:00:00Z,119.375,119.5625,119.28125,119.34375,1476232
2018-07-27,2018-07-27T00:00:00Z,119.328125,119.515625,119.25,119.4375,1273355
2018-07-30,2018-07-30T00:00:00Z,119.484375,119.484375,119.25,119.375,1053711
2018-07-31,2018-07-31T00:00:00Z,119.375,119.65625,119.34375,119.421875,1915199
2018-08-01,2018-08-01T00:00:00Z,119.40625,119.5625,119.078125,119.171875,1500142
2018-08-02,2018-08-02T00:00:00Z,119.171875,119.375,119.109375,119.328125,1306817
2018-08-03,2018-08-03T00:00:00Z,119.296875,119.640625,119.234375,119.609375,1284592
2018-08-06,2018-08-06T00:00:00Z,119.609375,119.84375,119.53125,119.734375,905781
2018-08-07,2018-08-07T00:00:00Z,119.703125,119.75,119.40625,119.46875,840015
2018-08-08,2018-08-08T00:00:00Z,119.46875,119.59375,119.390625,119.5,987422
2018-08-09,2018-08-09T00:00:00Z,119.53125,119.796875,119.5,119.71875,1137612
2018-08-10,2018-08-10T00:00:00Z,119.75,120.40625,119.734375,120.375,2336406
2018-08-13,2018-08-13T00:00:00Z,120.3125,120.484375,120.125,120.25,2075482
2018-08-14,2018-08-14T00:00:00Z,120.15625,120.25,120.03125,120.109375,1292946
2018-08-15,2018-08-15T00:00:00Z,120.0625,120.5625,120.046875,120.4375,1829448
2018-08-16,2018-08-16T00:00:00Z,120.328125,120.40625,120.109375,120.265625,1253118
2018-08-17,2018-08-17T00:00:00Z,120.3125,120.5,120.21875,120.25,1312548
2018-08-20,2018-08-20T00:00:00Z,120.328125,120.6875,120.28125,120.625,1286812
2018-08-21,2018-08-21T00:00:00Z,120.671875,120.6875,120.390625,120.453125,1316423
2018-08-22,2018-08-22T00:00:00Z,120.578125,120.75,120.515625,120.625,1428199
2018-08-23,2018-08-23T00:00:00Z,120.609375,120.703125,120.5,120.59375,1382001
2018-08-24,2018-08-24T00:00:00Z,120.515625,120.625,120.359375,120.515625,1894629
2018-08-27,2018-08-27T00:00:00Z,120.609375,120.65625,120.3125,120.34375,1687935
2018-08-28,2018-08-28T00:00:00Z,120.359375,120.40625,120.0625,120.09375,3160594
2018-08-29,2018-08-29T00:00:00Z,120.125,120.25,119.96875,120.09375,2379987
2018-08-30,2018-08-30T00:00:00Z,120.078125,120.328125,120.046875,120.265625,1419186
2018-08-31,2018-08-31T00:00:00Z,120.3125,120.5,120.28125,120.390625,0
2018-09-04,2018-09-04T00:00:00Z,120.34375,120.40625,120.046875,120.0625,115787
2018-09-05,2018-09-05T00:00:00Z,120.109375,120.21875,119.984375,120.09375,62969
2018-09-06,2018-09-06T00:00:00Z,120.125,120.34375,120.046875,120.296875,55714
2018-09-07,2018-09-07T00:00:00Z,120.328125,120.34375,119.75,119.796875,44350
2018-09-10,2018-09-10T00:00:00Z,119.765625,119.890625,119.734375,119.8125,9954
2018-09-11,2018-09-11T00:00:00Z,119.8125,119.828125,119.453125,119.5,16762
2018-09-12,2018-09-12T00:00:00Z,119.515625,119.671875,119.515625,119.609375,21477
2018-09-13,2018-09-13T00:00:00Z,119.5625,119.75,119.453125,119.59375,8923
2018-09-14,2018-09-14T00:00:00Z,119.578125,119.59375,119.3125,119.359375,15676
2018-09-17,2018-09-17T00:00:00Z,119.34375,119.40625,119.1875,119.3125,9999
2018-09-18,2018-09-18T00:00:00Z,119.484375,119.5,118.953125,118.984375,7820
2018-09-19,2018-09-19T00:00:00Z,118.953125,119.0,118.765625,118.859375,1929508
2018-09-20,2018-09-20T00:00:00Z,118.703125,118.734375,118.4375,118.59375,1614630
2018-09-21,2018-09-21T00:00:00Z,118.65625,118.734375,118.53125,118.671875,1123897
2018-09-24,2018-09-24T00:00:00Z,118.703125,118.71875,118.46875,118.625,1188674
2018-09-25,2018-09-25T00:00:00Z,118.515625,118.5625,118.34375,118.453125,1154172
2018-09-26,2018-09-26T00:00:00Z,118.4375,118.859375,118.4375,118.734375,1538450
2018-09-27,2018-09-27T00:00:00Z,118.828125,118.984375,118.640625,118.75,1513415
2018-09-28,2018-09-28T00:00:00Z,118.765625,119.0,118.734375,118.78125,1713641
2018-10-01,2018-10-01T00:00:00Z,118.71875,118.765625,118.515625,118.671875,1262949
2018-10-02,2018-10-02T00:00:00Z,118.625,118.921875,118.609375,118.8125,1651670
2018-10-03,2018-10-03T00:00:00Z,118.75,118.890625,117.921875,118.125,2673326
2018-10-04,2018-10-04T00:00:00Z,117.984375,118.03125,117.609375,117.859375,2803647
2018-10-05,2018-10-05T00:00:00Z,117.890625,117.96875,117.515625,117.671875,2363170
2018-10-08,2018-10-08T00:00:00Z,117.625,117.8125,117.421875,117.703125,485721
2018-10-09,2018-10-09T00:00:00Z,117.640625,117.859375,117.46875,117.8125,1937388
2018-10-10,2018-10-10T00:00:00Z,117.796875,118.203125,117.546875,117.75,2551116
2018-10-11,2018-10-11T00:00:00Z,118.203125,118.453125,117.953125,118.390625,3666139
2018-10-12,2018-10-12T00:00:00Z,118.234375,118.4375,118.0,118.34375,1979954
2018-10-15,2018-10-15T00:00:00Z,118.171875,118.328125,118.140625,118.15625,1416067
2018-10-16,2018-10-16T00:00:00Z,118.21875,118.25,118.046875,118.21875,1463983
2018-10-17,2018-10-17T00:00:00Z,118.125,118.296875,117.84375,118.046875,1593614
2018-10-18,2018-10-18T00:00:00Z,117.859375,118.28125,117.78125,118.140625,2331342
2018-10-19,2018-10-19T00:00:00Z,118.078125,118.1875,117.890625,117.953125,1956703
2018-10-22,2018-10-22T00:00:00Z,117.96875,118.125,117.875,118.0,1410808
2018-10-23,2018-10-23T00:00:00Z,117.96875,118.65625,117.96875,118.265625,2923885
2018-10-24,2018-10-24T00:00:00Z,118.25,118.859375,118.21875,118.625,2709457
2018-10-25,2018-10-25T00:00:00Z,118.765625,118.84375,118.4375,118.53125,2132579
2018-10-26,2018-10-26T00:00:00Z,118.6875,119.1875,118.671875,119.03125,2768692
2018-10-29,2018-10-29T00:00:00Z,119.015625,119.171875,118.703125,118.953125,1948721
2018-10-30,2018-10-30T00:00:00Z,118.953125,118.984375,118.65625,118.78125,1990798
2018-10-31,2018-10-31T00:00:00Z,118.65625,118.671875,118.359375,118.4375,1956359
2018-11-01,2018-11-01T00:00:00Z,118.515625,118.65625,118.34375,118.578125,1654904
2018-11-02,2018-11-02T00:00:00Z,118.671875,118.703125,117.984375,118.046875,2411856
2018-11-05,2018-11-05T00:00:00Z,118.046875,118.25,118.03125,118.140625,1230676
2018-11-06,2018-11-06T00:00:00Z,118.125,118.234375,117.890625,118.0,1215002
2018-11-07,2018-11-07T00:00:00Z,117.90625,118.265625,117.71875,117.984375,2301837
2018-11-08,2018-11-08T00:00:00Z,117.796875,118.0,117.703125,117.78125,1354498
2018-11-09,2018-11-09T00:00:00Z,117.75,118.203125,117.734375,118.125,1697861
2018-11-12,2018-11-12T00:00:00Z,118.171875,118.46875,118.109375,118.390625,563274
2018-11-13,2018-11-13T00:00:00Z,118.421875,118.578125,118.234375,118.515625,1878432
2018-11-14,2018-11-14T00:00:00Z,118.5,118.984375,118.375,118.75,2188936
2018-11-15,2018-11-15T00:00:00Z,118.6875,119.09375,118.609375,118.8125,2392837
2018-11-16,2018-11-16T00:00:00Z,118.8125,119.25,118.765625,119.15625,1826749
2018-11-19,2018-11-19T00:00:00Z,119.25,119.375,119.015625,119.296875,1666762
2018-11-20,2018-11-20T00:00:00Z,119.234375,119.4375,119.1875,119.34375,2225246
2018-11-21,2018-11-21T00:00:00Z,119.203125,119.265625,119.015625,119.234375,1824157
2018-11-23,2018-11-23T00:00:00Z,119.1875,119.453125,119.125,119.28125,1247520
2018-11-26,2018-11-26T00:00:00Z,119.328125,119.359375,119.0625,119.140625,2513332
2018-11-27,2018-11-27T00:00:00Z,119.25,119.328125,119.109375,119.25,3153782
2018-11-28,2018-11-28T00:00:00Z,119.234375,119.40625,119.078125,119.390625,3081143
2018-11-29,2018-11-29T00:00:00Z,119.3125,119.734375,119.234375,119.421875,1940800
2018-11-30,2018-11-30T00:00:00Z,119.46875,119.765625,119.453125,119.546875,312021
2018-12-03,2018-12-03T00:00:00Z,119.375,119.859375,119.265625,119.6875,116128
2018-12-04,2018-12-04T00:00:00Z,119.859375,120.328125,119.78125,120.09375,135343
2018-12-06,2018-12-06T00:00:00Z,120.109375,120.890625,120.078125,120.453125,98775
2018-12-07,2018-12-07T00:00:00Z,120.359375,120.796875,120.25,120.765625,45301
2018-12-10,2018-12-10T00:00:00Z,120.828125,120.9375,120.609375,120.6875,19818
2018-12-11,2018-12-11T00:00:00Z,120.65625,120.78125,120.375,120.453125,20929
2018-12-12,2018-12-12T00:00:00Z,120.484375,120.5,120.1875,120.28125,11122
2018-12-13,2018-12-13T00:00:00Z,120.25,120.390625,120.234375,120.28125,5119
2018-12-14,2018-12-14T00:00:00Z,120.296875,120.640625,120.28125,120.453125,6471
2018-12-17,2018-12-17T00:00:00Z,120.4375,120.765625,120.40625,120.71875,4909
2018-12-18,2018-12-18T00:00:00Z,120.703125,121.046875,120.703125,120.953125,5991
2018-12-19,2018-12-19T00:00:00Z,121.046875,121.1875,120.890625,120.921875,2011340
2018-12-20,2018-12-20T00:00:00Z,121.265625,121.328125,120.890625,121.0625,2172584
2018-12-21,2018-12-21T00:00:00Z,120.9375,121.140625,120.890625,121.03125,1417613
2018-12-24,2018-12-24T00:00:00Z,121.078125,121.5625,121.0,121.40625,513369
2018-12-26,2018-12-26T00:00:00Z,121.53125,121.640625,120.875,121.03125,881047
2018-12-27,2018-12-27T00:00:00Z,120.96875,121.59375,120.953125,121.53125,1465439
2018-12-28,2018-12-28T00:00:00Z,121.390625,121.8125,121.28125,121.625,1312658
2018-12-31,2018-12-31T00:00:00Z,121.671875,122.125,121.5625,122.015625,797287
2019-01-02,2019-01-02T00:00:00Z,121.8125,122.515625,121.8125,122.1875,1537272
2019-01-03,2019-01-03T00:00:00Z,122.59375,123.25,122.21875,123.15625,2637572
2019-01-04,2019-01-04T00:00:00Z,123.15625,123.234375,122.125,122.296875,2132973
2019-01-07,2019-01-07T00:00:00Z,122.1875,122.46875,121.90625,122.046875,1335862
2019-01-08,2019-01-08T00:00:00Z,121.953125,122.046875,121.609375,121.75,1174114
2019-01-09,2019-01-09T00:00:00Z,121.65625,121.859375,121.5,121.71875,1428110
2019-01-10,2019-01-10T00:00:00Z,121.796875,122.109375,121.578125,121.71875,1426743
2019-01-11,2019-01-11T00:00:00Z,121.625,122.109375,121.609375,121.953125,1209547
2019-01-14,2019-01-14T00:00:00Z,121.921875,122.28125,121.875,121.90625,1058706
2019-01-15,2019-01-15T00:00:00Z,121.9375,122.1875,121.78125,121.90625,1555787
2019-01-16,2019-01-16T00:00:00Z,121.84375,121.9375,121.609375,121.71875,1180543
2019-01-17,2019-01-17T00:00:00Z,121.765625,121.96875,121.390625,121.515625,1449617
2019-01-18,2019-01-18T00:00:00Z,121.5,121.546875,121.0625,121.171875,1468412
2019-01-22,2019-01-22T00:00:00Z,121.171875,121.625,121.15625,121.578125,1733333
2019-01-23,2019-01-23T00:00:00Z,121.484375,121.546875,121.21875,121.390625,1383476
2019-01-24,2019-01-24T00:00:00Z,121.484375,121.84375,121.40625,121.75,1356409
2019-01-25,2019-01-25T00:00:00Z,121.703125,121.78125,121.3125,121.40625,1319213
2019-01-28,2019-01-28T00:00:00Z,121.34375,121.609375,121.265625,121.5,1326926
2019-01-29,2019-01-29T00:00:00Z,121.46875,121.8125,121.453125,121.78125,1191668
2019-01-30,2019-01-30T00:00:00Z,121.75,122.140625,121.5,122.0,1711957
2019-01-31,2019-01-31T00:00:00Z,122.109375,122.59375,122.0625,122.46875,1941362
2019-02-01,2019-02-01T00:00:00Z,122.453125,122.53125,121.875,121.9375,1757389
2019-02-04,2019-02-04T00:00:00Z,121.984375,122.0,121.625,121.71875,1022090
2019-02-05,2019-02-05T00:00:00Z,121.71875,121.96875,121.59375,121.875,1036243
2019-02-06,2019-02-06T00:00:00Z,121.875,122.109375,121.8125,121.890625,1087271
2019-02-07,2019-02-07T00:00:00Z,121.921875,122.296875,121.90625,122.28125,1523473
2019-02-08,2019-02-08T00:00:00Z,122.203125,122.46875,122.1875,122.375,1124119
2019-02-11,2019-02-11T00:00:00Z,122.328125,122.40625,122.0625,122.125,963200
2019-02-12,2019-02-12T00:00:00Z,122.1875,122.203125,121.890625,121.953125,1143327
2019-02-13,2019-02-13T00:00:00Z,121.9375,121.984375,121.65625,121.75,1308329
2019-02-14,2019-02-14T00:00:00Z,121.78125,122.296875,121.703125,122.171875,1743940
2019-02-15,2019-02-15T00:00:00Z,122.171875,122.25,121.90625,122.046875,1084414
2019-02-19,2019-02-19T00:00:00Z,122.046875,122.3125,121.9375,122.21875,1313246
2019-02-20,2019-02-20T00:00:00Z,122.296875,122.375,122.140625,122.15625,1418484
2019-02-21,2019-02-21T00:00:00Z,122.21875,122.25,121.796875,121.90625,2635431
2019-02-22,2019-02-22T00:00:00Z,121.84375,122.28125,121.84375,122.140625,1879806
2019-02-25,2019-02-25T00:00:00Z,122.046875,122.125,121.921875,122.03125,3161503
2019-02-26,2019-02-26T00:00:00Z,122.09375,122.359375,122.0625,122.328125,3194291
2019-02-27,2019-02-27T00:00:00Z,122.296875,122.375,121.875,121.921875,1627040
2019-02-28,2019-02-28T00:00:00Z,122.0,122.171875,121.609375,121.75,280819
2019-03-01,2019-03-01T00:00:00Z,121.71875,121.765625,121.359375,121.4375,103654
2019-03-04,2019-03-04T00:00:00Z,121.359375,121.71875,121.3125,121.671875,60189
2019-03-05,2019-03-05T00:00:00Z,121.671875,121.71875,121.46875,121.6875,61859
2019-03-06,2019-03-06T00:00:00Z,121.734375,122.046875,121.6875,121.9375,45404
2019-03-07,2019-03-07T00:00:00Z,121.96875,122.421875,121.953125,122.421875,16332
2019-03-08,2019-03-08T00:00:00Z,122.390625,122.6875,122.328125,122.515625,20808
2019-03-11,2019-03-11T00:00:00Z,122.46875,122.515625,122.28125,122.40625,5093
2019-03-12,2019-03-12T00:00:00Z,122.25,122.671875,122.15625,122.609375,14993
2019-03-13,2019-03-13T00:00:00Z,122.5625,122.625,122.421875,122.59375,5233
2019-03-14,2019-03-14T00:00:00Z,122.5,122.578125,122.34375,122.453125,4737
2019-03-15,2019-03-15T00:00:00Z,122.40625,122.8125,122.40625,122.703125,26349
2019-03-18,2019-03-18T00:00:00Z,122.703125,122.765625,122.578125,122.59375,16169
2019-03-19,2019-03-19T00:00:00Z,122.625,122.703125,122.40625,122.5,7481
2019-03-20,2019-03-20T00:00:00Z,122.5625,122.71875,122.546875,122.6875,1540615
2019-03-21,2019-03-21T00:00:00Z,123.4375,123.6875,123.28125,123.359375,1563387
2019-03-22,2019-03-22T00:00:00Z,123.359375,124.265625,123.328125,124.03125,2521931
2019-03-25,2019-03-25T00:00:00Z,124.0625,124.671875,123.875,124.328125,2186358
2019-03-26,2019-03-26T00:00:00Z,124.484375,124.515625,124.0625,124.40625,1960900
2019-03-27,2019-03-27T00:00:00Z,124.3125,124.96875,124.265625,124.6875,2172081
2019-03-28,2019-03-28T00:00:00Z,124.703125,124.953125,124.328125,124.5,1775988
2019-03-29,2019-03-29T00:00:00Z,124.40625,124.453125,124.078125,124.21875,1962022
2019-04-01,2019-04-01T00:00:00Z,124.15625,124.171875,123.515625,123.609375,1761109
2019-04-02,2019-04-02T00:00:00Z,123.625,123.859375,123.609375,123.765625,1346910
2019-04-03,2019-04-03T00:00:00Z,123.8125,123.84375,123.40625,123.5,1565485
2019-04-04,2019-04-04T00:00:00Z,123.4375,123.703125,123.421875,123.546875,1191134
2019-04-05,2019-04-05T00:00:00Z,123.515625,123.6875,123.265625,123.59375,1419966
2019-04-08,2019-04-08T00:00:00Z,123.625,123.703125,123.421875,123.453125,860631
2019-04-09,2019-04-09T00:00:00Z,123.453125,123.75,123.40625,123.640625,1254979
2019-04-10,2019-04-10T00:00:00Z,123.59375,123.921875,123.53125,123.796875,1349148
2019-04-11,2019-04-11T00:00:00Z,123.84375,123.859375,123.515625,123.5625,1142422
2019-04-12,2019-04-12T00:00:00Z,123.609375,123.671875,123.03125,123.09375,1629932
2019-04-15,2019-04-15T00:00:00Z,123.046875,123.203125,122.96875,123.15625,1013260
2019-04-16,2019-04-16T00:00:00Z,123.15625,123.203125,122.796875,122.828125,1356140
2019-04-17,2019-04-17T00:00:00Z,122.84375,122.9375,122.640625,122.859375,1521927
2019-04-18,2019-04-18T00:00:00Z,122.859375,123.234375,122.84375,123.140625,1434418
2019-04-22,2019-04-22T00:00:00Z,123.125,123.171875,122.921875,122.9375,610997
2019-04-23,2019-04-23T00:00:00Z,122.953125,123.203125,122.90625,123.125,942906
2019-04-24,2019-04-24T00:00:00Z,123.140625,123.578125,123.109375,123.53125,1330691
2019-04-25,2019-04-25T00:00:00Z,123.515625,123.5625,123.328125,123.390625,1141463
2019-04-26,2019-04-26T00:00:00Z,123.390625,123.75,123.28125,123.671875,1492354
2019-04-29,2019-04-29T00:00:00Z,123.671875,123.703125,123.390625,123.4375,918956
2019-04-30,2019-04-30T00:00:00Z,123.515625,123.71875,123.3125,123.671875,1897188
2019-05-01,2019-05-01T00:00:00Z,123.6875,124.125,123.46875,123.578125,1929299
2019-05-02,2019-05-02T00:00:00Z,123.609375,123.65625,123.15625,123.171875,1605845
2019-05-03,2019-05-03T00:00:00Z,123.25,123.46875,122.9375,123.34375,1488964
2019-05-06,2019-05-06T00:00:00Z,123.5625,124.109375,123.5625,123.625,1421616
2019-05-07,2019-05-07T00:00:00Z,123.9375,124.03125,123.609375,124.015625,1816896
2019-05-08,2019-05-08T00:00:00Z,123.921875,124.1875,123.65625,123.75,2020026
2019-05-09,2019-05-09T00:00:00Z,123.734375,124.265625,123.734375,123.984375,2119854
2019-05-10,2019-05-10T00:00:00Z,124.0625,124.21875,123.828125,123.984375,2112004
2019-05-13,2019-05-13T00:00:00Z,124.09375,124.5625,124.0,124.421875,1832738
2019-05-14,2019-05-14T00:00:00Z,124.40625,124.53125,124.25,124.328125,1302395
2019-05-15,2019-05-15T00:00:00Z,124.390625,124.84375,124.3125,124.671875,1905968
2019-05-16,2019-05-16T00:00:00Z,124.6875,124.84375,124.3125,124.421875,1441988
2019-05-17,2019-05-17T00:00:00Z,124.515625,124.78125,124.359375,124.484375,1357736
2019-05-20,2019-05-20T00:00:00Z,124.5,124.59375,124.25,124.28125,1263291
2019-05-21,2019-05-21T00:00:00Z,124.28125,124.359375,124.03125,124.140625,1308309
2019-05-22,2019-05-22T00:00:00Z,124.140625,124.515625,124.09375,124.4375,1523116
2019-05-23,2019-05-23T00:00:00Z,124.5,125.21875,124.46875,125.203125,3130623
2019-05-24,2019-05-24T00:00:00Z,124.9375,125.078125,124.84375,124.890625,2851424
2019-05-28,2019-05-28T00:00:00Z,125.015625,125.453125,124.90625,125.390625,4279844
2019-05-29,2019-05-29T00:00:00Z,125.40625,125.84375,125.34375,125.625,3176520
2019-05-30,2019-05-30T00:00:00Z,125.375,125.8125,125.203125,125.6875,1414607
2019-05-31,2019-05-31T00:00:00Z,125.75,126.5,125.734375,126.375,403790
2019-06-03,2019-06-03T00:00:00Z,126.3125,127.078125,126.3125,126.890625,177818
2019-06-04,2019-06-04T00:00:00Z,126.953125,127.046875,126.328125,126.59375,92950
2019-06-05,2019-06-05T00:00:00Z,126.4375,127.0625,126.40625,126.640625,75356
2019-06-06,2019-06-06T00:00:00Z,126.625,126.90625,126.515625,126.609375,26921
2019-06-07,2019-06-07T00:00:00Z,126.65625,127.25,126.578125,126.890625,13638
2019-06-10,2019-06-10T00:00:00Z,126.578125,126.6875,126.390625,126.4375,12131
2019-06-11,2019-06-11T00:00:00Z,126.390625,126.484375,126.203125,126.4375,8523
2019-06-12,2019-06-12T00:00:00Z,126.4375,126.734375,126.4375,126.640625,7195
2019-06-13,2019-06-13T00:00:00Z,126.703125,127.078125,126.6875,127.0,13309
2019-06-14,2019-06-14T00:00:00Z,127.078125,127.28125,126.84375,126.9375,9381
2019-06-17,2019-06-17T00:00:00Z,126.875,127.046875,126.75,126.96875,12680
2019-06-18,2019-06-18T00:00:00Z,126.90625,127.5,126.90625,127.140625,6267
2019-06-19,2019-06-19T00:00:00Z,127.015625,127.015625,126.828125,126.90625,1922272
2019-06-20,2019-06-20T00:00:00Z,127.875,128.265625,127.671875,128.0625,2238622
2019-06-21,2019-06-21T00:00:00Z,127.796875,128.015625,127.4375,127.515625,1597384
2019-06-24,2019-06-24T00:00:00Z,127.640625,127.984375,127.53125,127.9375,987020
2019-06-25,2019-06-25T00:00:00Z,127.96875,128.25,127.890625,128.125,1649628
2019-06-26,2019-06-26T00:00:00Z,128.171875,128.1875,127.5625,127.59375,1372796
2019-06-27,2019-06-27T00:00:00Z,127.625,127.953125,127.375,127.9375,1358937
2019-06-28,2019-06-28T00:00:00Z,127.859375,128.0,127.6875,127.96875,1360265
2019-07-01,2019-07-01T00:00:00Z,127.609375,127.96875,127.53125,127.6875,1480141
2019-07-02,2019-07-02T00:00:00Z,127.75,128.171875,127.71875,128.140625,1168305
2019-07-03,2019-07-03T00:00:00Z,128.15625,128.4375,128.140625,128.25,1229180
2019-07-05,2019-07-05T00:00:00Z,128.25,128.40625,127.265625,127.46875,1994242
2019-07-08,2019-07-08T00:00:00Z,127.46875,127.734375,127.328125,127.5,1181049
2019-07-09,2019-07-09T00:00:00Z,127.390625,127.5,127.15625,127.296875,1234559
2019-07-10,2019-07-10T00:00:00Z,127.234375,127.578125,126.859375,127.4375,1896091
2019-07-11,2019-07-11T00:00:00Z,127.4375,127.640625,126.75,126.984375,1751719
2019-07-12,2019-07-12T00:00:00Z,126.859375,127.140625,126.78125,127.109375,1148508
2019-07-15,2019-07-15T00:00:00Z,127.0,127.21875,126.84375,127.171875,931067
2019-07-16,2019-07-16T00:00:00Z,127.203125,127.25,126.71875,126.921875,1322335
2019-07-17,2019-07-17T00:00:00Z,127.03125,127.53125,126.96875,127.359375,1072723
2019-07-18,2019-07-18T00:00:00Z,127.453125,127.8125,127.234375,127.640625,1741787
2019-07-19,2019-07-19T00:00:00Z,127.78125,127.859375,127.375,127.53125,1260018
2019-07-22,2019-07-22T00:00:00Z,127.484375,127.6875,127.34375,127.59375,816913
2019-07-23,2019-07-23T00:00:00Z,127.5625,127.609375,127.28125,127.359375,1078947
2019-07-24,2019-07-24T00:00:00Z,127.28125,127.671875,127.265625,127.515625,1127865
2019-07-25,2019-07-25T00:00:00Z,127.53125,127.84375,127.078125,127.28125,1985659
2019-07-26,2019-07-26T00:00:00Z,127.234375,127.375,127.03125,127.21875,1002499
2019-07-29,2019-07-29T00:00:00Z,127.3125,127.5,127.28125,127.453125,867368
2019-07-30,2019-07-30T00:00:00Z,127.359375,127.546875,127.234375,127.34375,1151527
2019-07-31,2019-07-31T00:00:00Z,127.359375,127.703125,127.015625,127.421875,2403170
2019-08-01,2019-08-01T00:00:00Z,127.5,128.8125,127.140625,128.6875,3135151
2019-08-02,2019-08-02T00:00:00Z,128.5625,129.140625,128.453125,128.859375,2311855
2019-08-05,2019-08-05T00:00:00Z,128.90625,130.0,128.84375,129.84375,2625894
2019-08-06,2019-08-06T00:00:00Z,130.15625,130.328125,129.46875,129.765625,2306499
2019-08-07,2019-08-07T00:00:00Z,130.015625,130.859375,129.71875,130.15625,2910174
2019-08-08,2019-08-08T00:00:00Z,129.734375,130.015625,129.375,129.921875,2059943
2019-08-09,2019-08-09T00:00:00Z,130.0,130.265625,129.546875,129.6875,1594152
2019-08-12,2019-08-12T00:00:00Z,129.671875,130.453125,129.609375,130.375,1147618
2019-08-13,2019-08-13T00:00:00Z,130.28125,130.53125,129.53125,129.828125,2232738
2019-08-14,2019-08-14T00:00:00Z,129.671875,130.6875,129.65625,130.515625,2099883
2019-08-15,2019-08-15T00:00:00Z,130.4375,131.34375,130.3125,130.953125,2722396
2019-08-16,2019-08-16T00:00:00Z,130.90625,131.09375,130.40625,130.921875,1549517
2019-08-19,2019-08-19T00:00:00Z,130.8125,130.8125,130.296875,130.4375,1296412
2019-08-20,2019-08-20T00:00:00Z,130.359375,130.953125,130.359375,130.734375,1318349
2019-08-21,2019-08-21T00:00:00Z,130.75,130.796875,130.328125,130.53125,1479712
2019-08-22,2019-08-22T00:00:00Z,130.46875,130.734375,130.125,130.296875,1941609
2019-08-23,2019-08-23T00:00:00Z,130.25,131.15625,129.875,130.953125,3167656
2019-08-26,2019-08-26T00:00:00Z,131.3125,131.609375,130.75,130.78125,2771285
2019-08-27,2019-08-27T00:00:00Z,130.859375,131.296875,130.84375,131.140625,3317674
2019-08-28,2019-08-28T00:00:00Z,131.25,131.515625,131.125,131.359375,2277729
2019-08-29,2019-08-29T00:00:00Z,131.3125,131.53125,130.8125,130.953125,1120486
2019-08-30,2019-08-30T00:00:00Z,131.09375,131.140625,130.75,131.046875,134475
2019-09-03,2019-09-03T00:00:00Z,131.25,131.71875,130.859375,131.453125,79351
2019-09-04,2019-09-04T00:00:00Z,131.484375,131.65625,131.21875,131.609375,30298
2019-09-05,2019-09-05T00:00:00Z,131.53125,131.5625,130.453125,130.65625,43583
2019-09-06,2019-09-06T00:00:00Z,130.671875,130.828125,130.234375,130.734375,18686
2019-09-09,2019-09-09T00:00:00Z,130.640625,130.671875,130.015625,130.25,13594
2019-09-10,2019-09-10T00:00:00Z,130.078125,130.21875,129.25,129.5625,14702
2019-09-11,2019-09-11T00:00:00Z,129.375,129.5,129.203125,129.34375,5571
2019-09-12,2019-09-12T00:00:00Z,129.296875,129.78125,128.859375,128.890625,8368
2019-09-13,2019-09-13T00:00:00Z,128.953125,129.109375,128.0625,128.078125,4103
2019-09-16,2019-09-16T00:00:00Z,128.375,128.671875,128.25,128.53125,4831
2019-09-17,2019-09-17T00:00:00Z,128.4375,128.859375,128.4375,128.71875,5737
2019-09-18,2019-09-18T00:00:00Z,128.734375,129.25,128.671875,128.8125,4089
2019-09-19,2019-09-19T00:00:00Z,128.53125,129.046875,128.53125,128.921875,1440535
2019-09-20,2019-09-20T00:00:00Z,129.5,129.96875,129.375,129.6875,1238680
2019-09-23,2019-09-23T00:00:00Z,129.765625,130.421875,129.578125,130.078125,1513971
2019-09-24,2019-09-24T00:00:00Z,129.96875,130.78125,129.921875,130.71875,1689336
2019-09-25,2019-09-25T00:00:00Z,130.578125,130.75,129.890625,129.953125,1777604
2019-09-26,2019-09-26T00:00:00Z,129.921875,130.390625,129.90625,130.28125,1540564
2019-09-27,2019-09-27T00:00:00Z,130.21875,130.40625,129.9375,130.390625,1325313
2019-09-30,2019-09-30T00:00:00Z,130.21875,130.390625,130.03125,130.3125,1214229
2019-10-01,2019-10-01T00:00:00Z,130.375,130.921875,129.625,130.65625,2172846
2019-10-02,2019-10-02T00:00:00Z,130.6875,131.25,130.4375,131.140625,1824231
2019-10-03,2019-10-03T00:00:00Z,131.0625,131.96875,131.046875,131.75,1916073
2019-10-04,2019-10-04T00:00:00Z,131.703125,132.03125,131.484375,131.90625,1601440
2019-10-07,2019-10-07T00:00:00Z,131.90625,131.984375,131.40625,131.515625,1084278
2019-10-08,2019-10-08T00:00:00Z,131.484375,131.953125,131.203125,131.703125,1396465
2019-10-09,2019-10-09T00:00:00Z,131.75,131.8125,131.25,131.28125,1192798
2019-10-10,2019-10-10T00:00:00Z,131.359375,131.75,130.59375,130.703125,1907652
2019-10-11,2019-10-11T00:00:00Z,130.640625,130.8125,129.71875,129.875,2087451
2019-10-14,2019-10-14T00:00:00Z,130.0625,130.59375,129.9375,130.21875,451647
2019-10-15,2019-10-15T00:00:00Z,130.28125,130.546875,129.703125,129.765625,1439696
2019-10-16,2019-10-16T00:00:00Z,129.796875,130.234375,129.765625,129.984375,1480517
2019-10-17,2019-10-17T00:00:00Z,130.03125,130.1875,129.515625,129.90625,1463817
2019-10-18,2019-10-18T00:00:00Z,129.921875,130.171875,129.765625,130.03125,894043
2019-10-21,2019-10-21T00:00:00Z,130.09375,130.125,129.53125,129.625,926760
2019-10-22,2019-10-22T00:00:00Z,129.578125,129.859375,129.46875,129.8125,1025951
2019-10-23,2019-10-23T00:00:00Z,129.875,130.140625,129.765625,129.859375,887398
2019-10-24,2019-10-24T00:00:00Z,129.828125,130.0625,129.640625,129.84375,1318699
2019-10-25,2019-10-25T00:00:00Z,129.859375,129.96875,129.359375,129.53125,1248579
2019-10-28,2019-10-28T00:00:00Z,129.578125,129.578125,129.046875,129.15625,1104455
2019-10-29,2019-10-29T00:00:00Z,129.171875,129.359375,129.046875,129.265625,1107499
2019-10-30,2019-10-30T00:00:00Z,129.234375,129.71875,129.109375,129.484375,1410254
2019-10-31,2019-10-31T00:00:00Z,129.71875,130.40625,129.53125,130.296875,2201732
2019-11-01,2019-11-01T00:00:00Z,130.265625,130.484375,129.84375,130.015625,1624270
2019-11-04,2019-11-04T00:00:00Z,130.03125,130.078125,129.53125,129.578125,1107605
2019-11-05,2019-11-05T00:00:00Z,129.625,129.65625,128.859375,128.921875,1794964
2019-11-06,2019-11-06T00:00:00Z,128.96875,129.390625,128.9375,129.328125,1484890
2019-11-07,2019-11-07T00:00:00Z,129.203125,129.375,127.984375,128.390625,2622358
2019-11-08,2019-11-08T00:00:00Z,128.421875,128.6875,128.109375,128.390625,1764060
2019-11-11,2019-11-11T00:00:00Z,128.25,128.578125,128.21875,128.390625,344598
2019-11-12,2019-11-12T00:00:00Z,128.390625,128.578125,128.140625,128.53125,1365009
2019-11-13,2019-11-13T00:00:00Z,128.328125,128.921875,128.328125,128.890625,1483757
2019-11-14,2019-11-14T00:00:00Z,128.734375,129.46875,128.6875,129.34375,1644581
2019-11-15,2019-11-15T00:00:00Z,129.265625,129.3125,129.015625,129.140625,978639
2019-11-18,2019-11-18T00:00:00Z,129.140625,129.453125,128.96875,129.328125,1198151
2019-11-19,2019-11-19T00:00:00Z,129.265625,129.5,129.15625,129.4375,1255752
2019-11-20,2019-11-20T00:00:00Z,129.453125,129.890625,129.4375,129.796875,2142632
2019-11-21,2019-11-21T00:00:00Z,129.875,130.0625,129.390625,129.484375,2582282
2019-11-22,2019-11-22T00:00:00Z,129.46875,129.703125,129.328125,129.453125,2350148
2019-11-25,2019-11-25T00:00:00Z,129.4375,129.59375,129.25,129.515625,2878708
2019-11-26,2019-11-26T00:00:00Z,129.546875,129.765625,129.359375,129.6875,2602268
2019-11-27,2019-11-27T00:00:00Z,129.671875,129.6875,129.296875,129.375,1306006
2019-11-29,2019-11-29T00:00:00Z,129.359375,129.53125,129.15625,129.296875,154267
2019-12-02,2019-12-02T00:00:00Z,129.171875,129.203125,128.703125,128.890625,108406
2019-12-03,2019-12-03T00:00:00Z,129.03125,130.0625,128.8125,129.96875,81149
2019-12-04,2019-12-04T00:00:00Z,129.90625,130.046875,129.375,129.40625,40727
2019-12-05,2019-12-05T00:00:00Z,129.484375,129.609375,129.09375,129.3125,26072
2019-12-06,2019-12-06T00:00:00Z,129.21875,129.375,128.6875,128.90625,20825
2019-12-09,2019-12-09T00:00:00Z,128.90625,129.171875,128.890625,129.0,6185
2019-12-10,2019-12-10T00:00:00Z,129.078125,129.21875,128.84375,128.9375,5641
2019-12-11,2019-12-11T00:00:00Z,128.90625,129.34375,128.90625,129.296875,3744
2019-12-12,2019-12-12T00:00:00Z,129.265625,129.40625,128.265625,128.4375,5183
2019-12-13,2019-12-13T00:00:00Z,128.140625,129.109375,128.015625,129.09375,6156
2019-12-16,2019-12-16T00:00:00Z,129.0,129.0,128.53125,128.53125,3697
2019-12-17,2019-12-17T00:00:00Z,128.734375,128.78125,128.5625,128.578125,2840
2019-12-18,2019-12-18T00:00:00Z,128.640625,128.765625,128.25,128.328125,1466
2019-12-19,2019-12-19T00:00:00Z,128.34375,128.5625,128.28125,128.5625,1205409
2019-12-20,2019-12-20T00:00:00Z,128.203125,128.265625,127.96875,128.25,806749
2019-12-23,2019-12-23T00:00:00Z,128.21875,128.390625,128.046875,128.09375,620132
2019-12-24,2019-12-24T00:00:00Z,128.140625,128.390625,128.0,128.3125,398672
2019-12-26,2019-12-26T00:00:00Z,128.359375,128.46875,128.203125,128.375,402206
2019-12-27,2019-12-27T00:00:00Z,128.40625,128.671875,128.390625,128.65625,667285
2019-12-30,2019-12-30T00:00:00Z,128.609375,128.6875,128.15625,128.53125,891503
2019-12-31,2019-12-31T00:00:00Z,128.609375,128.609375,128.25,128.421875,850930
2020-01-02,2020-01-02T00:00:00Z,128.296875,128.921875,128.15625,128.625,1250468
2020-01-03,2020-01-03T00:00:00Z,128.65625,129.4375,128.625,129.390625,1817748
2020-01-06,2020-01-06T00:00:00Z,129.5,129.65625,129.15625,129.25,1666524
2020-01-07,2020-01-07T00:00:00Z,129.234375,129.390625,129.140625,129.15625,1450885
2020-01-08,2020-01-08T00:00:00Z,129.25,130.1875,128.734375,128.765625,2993268
2020-01-09,2020-01-09T00:00:00Z,128.765625,128.9375,128.546875,128.890625,1594105
2020-01-10,2020-01-10T00:00:00Z,128.859375,129.171875,128.765625,129.078125,1369615
2020-01-13,2020-01-13T00:00:00Z,129.109375,129.109375,128.8125,128.921875,1055289
2020-01-14,2020-01-14T00:00:00Z,128.921875,129.234375,128.78125,129.140625,1421799
2020-01-15,2020-01-15T00:00:00Z,129.171875,129.4375,129.125,129.34375,1349774
2020-01-16,2020-01-16T00:00:00Z,129.359375,129.4375,129.078125,129.15625,1373300
2020-01-17,2020-01-17T00:00:00Z,129.109375,129.21875,128.90625,129.046875,1390519
2020-01-21,2020-01-21T00:00:00Z,129.125,129.609375,129.109375,129.578125,1664597
2020-01-22,2020-01-22T00:00:00Z,129.53125,129.625,129.375,129.546875,1349211
2020-01-23,2020-01-23T00:00:00Z,129.546875,130.03125,129.546875,129.78125,1938652
2020-01-24,2020-01-24T00:00:00Z,129.8125,130.375,129.59375,130.28125,2201734
2020-01-27,2020-01-27T00:00:00Z,130.578125,130.96875,130.53125,130.890625,2434005
2020-01-28,2020-01-28T00:00:00Z,130.8125,131.1875,130.453125,130.609375,2306819
2020-01-29,2020-01-29T00:00:00Z,130.515625,131.15625,130.421875,131.015625,1757332
2020-01-30,2020-01-30T00:00:00Z,131.0625,131.53125,131.0,131.3125,2694207
2020-01-31,2020-01-31T00:00:00Z,131.015625,131.828125,130.9375,131.65625,2664632
2020-02-03,2020-02-03T00:00:00Z,131.859375,131.90625,131.125,131.578125,2331880
2020-02-04,2020-02-04T00:00:00Z,131.546875,131.640625,130.75,130.890625,2200574
2020-02-05,2020-02-05T00:00:00Z,130.921875,131.140625,130.359375,130.546875,2584163
2020-02-06,2020-02-06T00:00:00Z,130.546875,130.65625,130.21875,130.5625,1858725
2020-02-07,2020-02-07T00:00:00Z,130.546875,131.140625,130.515625,131.078125,2331670
2020-02-10,2020-02-10T00:00:00Z,131.09375,131.390625,130.890625,131.359375,1689593
2020-02-11,2020-02-11T00:00:00Z,131.125,131.1875,130.875,131.0,1579786
2020-02-12,2020-02-12T00:00:00Z,130.890625,130.9375,130.609375,130.6875,1700284
2020-02-13,2020-02-13T00:00:00Z,130.65625,131.171875,130.640625,130.765625,2149666
2020-02-14,2020-02-14T00:00:00Z,130.734375,131.125,130.734375,130.984375,1496111
2020-02-18,2020-02-18T00:00:00Z,130.9375,131.390625,130.828125,131.203125,1883347
2020-02-19,2020-02-19T00:00:00Z,131.171875,131.25,130.9375,131.078125,1663072
2020-02-20,2020-02-20T00:00:00Z,131.09375,131.59375,130.9375,131.4375,2356919
2020-02-21,2020-02-21T00:00:00Z,131.5,132.140625,131.4375,131.859375,3397725
2020-02-24,2020-02-24T00:00:00Z,132.203125,132.890625,132.09375,132.65625,4232656
2020-02-25,2020-02-25T00:00:00Z,132.734375,133.328125,132.34375,133.125,5598034
2020-02-26,2020-02-26T00:00:00Z,132.90625,133.40625,132.703125,133.328125,4313431
2020-02-27,2020-02-27T00:00:00Z,133.09375,133.96875,133.015625,133.4375,2733280
2020-02-28,2020-02-28T00:00:00Z,133.703125,134.984375,133.546875,134.84375,275925
2020-03-02,2020-03-02T00:00:00Z,135.03125,135.84375,134.578125,135.265625,85076
2020-03-03,2020-03-03T00:00:00Z,134.546875,136.953125,134.484375,136.0,60328
2020-03-04,2020-03-04T00:00:00Z,136.140625,136.640625,135.671875,136.25,43117
2020-03-05,2020-03-05T00:00:00Z,135.75,136.9375,135.671875,136.765625,22117
2020-03-06,2020-03-06T00:00:00Z,136.796875,138.484375,136.703125,138.046875,12490
2020-03-09,2020-03-09T00:00:00Z,138.546875,140.703125,138.5,139.296875,6044
2020-03-10,2020-03-10T00:00:00Z,137.78125,138.75,137.0,137.546875,4485
2020-03-11,2020-03-11T00:00:00Z,137.625,138.375,136.640625,137.140625,5095
2020-03-12,2020-03-12T00:00:00Z,138.46875,138.890625,136.734375,136.890625,2227
2020-03-13,2020-03-13T00:00:00Z,136.125,137.125,135.78125,135.796875,805
2020-03-16,2020-03-16T00:00:00Z,136.65625,138.375,136.65625,138.0625,8394
2020-03-17,2020-03-17T00:00:00Z,140.0,140.0,135.65625,136.0625,3026
2020-03-18,2020-03-18T00:00:00Z,135.875,136.0,134.375,134.375,6960
2020-03-19,2020-03-19T00:00:00Z,135.140625,136.0,134.5625,135.3125,1639
2020-03-20,2020-03-20T00:00:00Z,136.34375,136.5,136.0,136.5,1686753
2020-03-23,2020-03-23T00:00:00Z,137.5625,138.5625,137.203125,138.203125,1817511
2020-03-24,2020-03-24T00:00:00Z,138.09375,138.3125,136.921875,137.453125,1401549
2020-03-25,2020-03-25T00:00:00Z,137.234375,137.6875,137.03125,137.34375,1308534
2020-03-26,2020-03-26T00:00:00Z,137.25,138.015625,137.21875,137.734375,1294144
2020-03-27,2020-03-27T00:00:00Z,137.390625,138.75,137.34375,138.265625,1247294
2020-03-30,2020-03-30T00:00:00Z,138.921875,139.390625,138.375,138.828125,1259056
2020-03-31,2020-03-31T00:00:00Z,138.46875,139.046875,138.34375,138.6875,1527275
2020-04-01,2020-04-01T00:00:00Z,138.796875,139.421875,138.78125,138.984375,1342210
2020-04-02,2020-04-02T00:00:00Z,139.296875,139.453125,138.78125,138.890625,1185789
2020-04-03,2020-04-03T00:00:00Z,139.015625,139.34375,138.890625,139.140625,924986
2020-04-06,2020-04-06T00:00:00Z,138.984375,139.03125,138.328125,138.40625,950207
2020-04-07,2020-04-07T00:00:00Z,138.4375,138.46875,137.5,137.90625,1441115
2020-04-08,2020-04-08T00:00:00Z,138.0625,138.296875,137.703125,137.84375,1137637
2020-04-09,2020-04-09T00:00:00Z,137.765625,138.390625,137.65625,138.25,1195287
2020-04-13,2020-04-13T00:00:00Z,138.078125,138.34375,137.890625,138.078125,596558
2020-04-14,2020-04-14T00:00:00Z,137.96875,138.390625,137.84375,138.21875,1076610
2020-04-15,2020-04-15T00:00:00Z,138.21875,139.28125,138.1875,139.15625,1331091
2020-04-16,2020-04-16T00:00:00Z,139.171875,139.40625,138.953125,139.234375,1139525
2020-04-17,2020-04-17T00:00:00Z,138.84375,139.4375,138.53125,138.890625,1365292
2020-04-20,2020-04-20T00:00:00Z,139.015625,139.234375,138.921875,139.109375,741098
2020-04-21,2020-04-21T00:00:00Z,139.21875,139.6875,139.078125,139.390625,1092690
2020-04-22,2020-04-22T00:00:00Z,139.421875,139.53125,138.828125,139.046875,954669
2020-04-23,2020-04-23T00:00:00Z,139.03125,139.171875,138.859375,139.015625,1105020
2020-04-24,2020-04-24T00:00:00Z,139.09375,139.234375,138.890625,139.109375,757985
2020-04-27,2020-04-27T00:00:00Z,139.0,139.046875,138.578125,138.65625,881685
2020-04-28,2020-04-28T00:00:00Z,138.625,139.109375,138.53125,139.015625,989863
2020-04-29,2020-04-29T00:00:00Z,139.0,139.28125,138.828125,138.96875,1073167
2020-04-30,2020-04-30T00:00:00Z,138.9375,139.359375,138.796875,139.0625,1533122
2020-05-01,2020-05-01T00:00:00Z,138.96875,139.265625,138.84375,138.875,870887
2020-05-04,2020-05-04T00:00:00Z,139.109375,139.234375,138.796875,138.96875,916799
2020-05-05,2020-05-05T00:00:00Z,138.921875,138.984375,138.625,138.859375,962282
2020-05-06,2020-05-06T00:00:00Z,138.796875,138.8125,138.265625,138.546875,1272785
2020-05-07,2020-05-07T00:00:00Z,138.625,139.34375,138.5,139.296875,1313439
2020-05-08,2020-05-08T00:00:00Z,139.1875,139.5,138.875,138.953125,1090304
2020-05-11,2020-05-11T00:00:00Z,138.9375,139.0625,138.609375,138.625,981624
2020-05-12,2020-05-12T00:00:00Z,138.71875,139.09375,138.578125,138.953125,1228975
2020-05-13,2020-05-13T00:00:00Z,139.078125,139.3125,139.03125,139.21875,1203530
2020-05-14,2020-05-14T00:00:00Z,139.203125,139.515625,139.15625,139.421875,1097438
2020-05-15,2020-05-15T00:00:00Z,139.375,139.65625,139.25,139.328125,1039716
2020-05-18,2020-05-18T00:00:00Z,139.359375,139.390625,138.5625,138.59375,1274344
2020-05-19,2020-05-19T00:00:00Z,138.671875,139.046875,138.578125,138.859375,1271689
2020-05-20,2020-05-20T00:00:00Z,139.046875,139.15625,138.78125,139.078125,1199320
2020-05-21,2020-05-21T00:00:00Z,139.015625,139.21875,138.984375,139.0625,1429655
2020-05-22,2020-05-22T00:00:00Z,139.0625,139.421875,139.046875,139.15625,1390072
2020-05-26,2020-05-26T00:00:00Z,139.1875,139.25,138.796875,138.953125,3549623
2020-05-27,2020-05-27T00:00:00Z,138.984375,139.3125,138.6875,139.125,2558810
2020-05-28,2020-05-28T00:00:00Z,139.0625,139.21875,138.890625,138.953125,1019614
2020-05-29,2020-05-29T00:00:00Z,139.0625,139.40625,139.046875,139.375,134842
2020-06-01,2020-06-01T00:00:00Z,139.453125,139.53125,139.109375,139.328125,46926
2020-06-02,2020-06-02T00:00:00Z,139.328125,139.421875,139.125,139.1875,23513
2020-06-03,2020-06-03T00:00:00Z,139.171875,139.203125,138.46875,138.5625,44824
2020-06-04,2020-06-04T00:00:00Z,138.671875,138.734375,138.09375,138.203125,28105
2020-06-05,2020-06-05T00:00:00Z,138.171875,138.359375,137.125,137.546875,25910
2020-06-08,2020-06-08T00:00:00Z,137.484375,137.890625,137.421875,137.734375,6176
2020-06-09,2020-06-09T00:00:00Z,137.90625,138.3125,137.875,138.15625,7702
2020-06-10,2020-06-10T00:00:00Z,138.15625,138.984375,138.15625,138.875,7073
2020-06-11,2020-06-11T00:00:00Z,139.09375,139.421875,139.03125,139.421875,4907
2020-06-12,2020-06-12T00:00:00Z,139.265625,139.28125,139.078125,139.109375,3221
2020-06-15,2020-06-15T00:00:00Z,139.21875,139.46875,138.9375,139.109375,3925
2020-06-16,2020-06-16T00:00:00Z,138.8125,138.984375,138.640625,138.796875,3365
2020-06-17,2020-06-17T00:00:00Z,138.796875,138.984375,138.796875,138.96875,1644
2020-06-18,2020-06-18T00:00:00Z,139.046875,139.203125,139.015625,139.203125,1086
2020-06-19,2020-06-19T00:00:00Z,139.140625,139.15625,138.796875,139.15625,862061
2020-06-22,2020-06-22T00:00:00Z,138.921875,138.953125,138.640625,138.703125,733415
2020-06-23,2020-06-23T00:00:00Z,138.640625,138.90625,138.515625,138.75,957624
2020-06-24,2020-06-24T00:00:00Z,138.671875,138.90625,138.53125,138.875,1001745
2020-06-25,2020-06-25T00:00:00Z,138.875,139.0625,138.796875,138.90625,1104239
2020-06-26,2020-06-26T00:00:00Z,138.84375,139.265625,138.828125,139.21875,924291
2020-06-29,2020-06-29T00:00:00Z,139.234375,139.421875,139.078125,139.328125,876658
2020-06-30,2020-06-30T00:00:00Z,139.375,139.4375,139.09375,139.171875,1240939
2020-07-01,2020-07-01T00:00:00Z,139.15625,139.171875,138.796875,138.953125,1163129
2020-07-02,2020-07-02T00:00:00Z,138.96875,139.1875,138.734375,139.09375,890404
2020-07-06,2020-07-06T00:00:00Z,139.15625,139.234375,138.765625,138.984375,832208
2020-07-07,2020-07-07T00:00:00Z,139.015625,139.328125,138.9375,139.203125,795282
2020-07-08,2020-07-08T00:00:00Z,139.25,139.28125,139.015625,139.1875,928752
2020-07-09,2020-07-09T00:00:00Z,139.078125,139.53125,139.0625,139.5,993559
2020-07-10,2020-07-10T00:00:00Z,139.375,139.703125,139.109375,139.21875,1029496
2020-07-13,2020-07-13T00:00:00Z,139.15625,139.375,139.015625,139.21875,774599
2020-07-14,2020-07-14T00:00:00Z,139.34375,139.515625,139.234375,139.421875,902282
2020-07-15,2020-07-15T00:00:00Z,139.203125,139.4375,139.109375,139.34375,789589
2020-07-16,2020-07-16T00:00:00Z,139.3125,139.5625,139.265625,139.484375,629126
2020-07-17,2020-07-17T00:00:00Z,139.4375,139.5625,139.3125,139.359375,566674
2020-07-20,2020-07-20T00:00:00Z,139.359375,139.5625,139.328125,139.390625,531156
2020-07-21,2020-07-21T00:00:00Z,139.46875,139.59375,139.328125,139.515625,614084
2020-07-22,2020-07-22T00:00:00Z,139.546875,139.671875,139.484375,139.5625,647895
2020-07-23,2020-07-23T00:00:00Z,139.53125,139.703125,139.515625,139.625,661255
2020-07-24,2020-07-24T00:00:00Z,139.625,139.78125,139.53125,139.578125,704619
2020-07-27,2020-07-27T00:00:00Z,139.5625,139.75,139.40625,139.46875,748061
2020-07-28,2020-07-28T00:00:00Z,139.421875,139.734375,139.25,139.703125,855554
2020-07-29,2020-07-29T00:00:00Z,139.703125,139.875,139.578125,139.75,785966
2020-07-30,2020-07-30T00:00:00Z,139.78125,140.0625,139.75,140.015625,717957
2020-07-31,2020-07-31T00:00:00Z,139.96875,140.1875,139.875,140.078125,1257506
2020-08-03,2020-08-03T00:00:00Z,140.15625,140.171875,139.875,139.9375,843977
2020-08-04,2020-08-04T00:00:00Z,140.03125,140.40625,139.9375,140.328125,773099
2020-08-05,2020-08-05T00:00:00Z,140.390625,140.40625,140.0,140.078125,1020589
2020-08-06,2020-08-06T00:00:00Z,140.03125,140.40625,140.0,140.15625,883198
2020-08-07,2020-08-07T00:00:00Z,140.140625,140.28125,139.90625,139.953125,889708
2020-08-10,2020-08-10T00:00:00Z,139.9375,140.140625,139.828125,139.875,678683
2020-08-11,2020-08-11T00:00:00Z,139.875,139.9375,139.21875,139.25,1529185
2020-08-12,2020-08-12T00:00:00Z,139.359375,139.5,139.0,139.1875,1494585
2020-08-13,2020-08-13T00:00:00Z,139.125,139.4375,138.890625,138.96875,1322300
2020-08-14,2020-08-14T00:00:00Z,138.90625,139.21875,138.90625,139.125,1105774
2020-08-17,2020-08-17T00:00:00Z,139.15625,139.46875,139.109375,139.328125,1000368
2020-08-18,2020-08-18T00:00:00Z,139.296875,139.5,139.25,139.390625,850229
2020-08-19,2020-08-19T00:00:00Z,139.421875,139.5625,139.265625,139.375,1032995
2020-08-20,2020-08-20T00:00:00Z,139.3125,139.65625,139.3125,139.5625,980383
2020-08-21,2020-08-21T00:00:00Z,139.5,139.734375,139.421875,139.5625,994185
2020-08-24,2020-08-24T00:00:00Z,139.609375,139.71875,139.4375,139.515625,1526307
2020-08-25,2020-08-25T00:00:00Z,139.46875,139.484375,139.015625,139.3125,3003000
2020-08-26,2020-08-26T00:00:00Z,139.265625,139.34375,139.015625,139.3125,2944270
2020-08-27,2020-08-27T00:00:00Z,139.328125,139.625,138.890625,138.96875,2405027
2020-08-28,2020-08-28T00:00:00Z,138.90625,139.359375,138.71875,139.25,899499
2020-08-31,2020-08-31T00:00:00Z,139.296875,139.453125,139.09375,139.40625,87139
2020-09-01,2020-09-01T00:00:00Z,139.34375,139.59375,139.203125,139.578125,66545
2020-09-02,2020-09-02T00:00:00Z,139.59375,139.765625,139.453125,139.703125,29458
2020-09-03,2020-09-03T00:00:00Z,139.71875,140.015625,139.578125,139.921875,31479
2020-09-04,2020-09-04T00:00:00Z,139.84375,139.859375,139.1875,139.203125,7549
2020-09-08,2020-09-08T00:00:00Z,139.28125,139.640625,139.25,139.5625,7408
2020-09-09,2020-09-09T00:00:00Z,139.6875,139.71875,139.421875,139.46875,3629
2020-09-10,2020-09-10T00:00:00Z,139.46875,139.625,139.34375,139.59375,2380
2020-09-11,2020-09-11T00:00:00Z,139.609375,139.765625,139.53125,139.765625,2037
2020-09-14,2020-09-14T00:00:00Z,139.765625,139.84375,139.671875,139.734375,5413
2020-09-15,2020-09-15T00:00:00Z,139.734375,139.734375,139.625,139.671875,3630
2020-09-16,2020-09-16T00:00:00Z,139.734375,139.953125,139.546875,139.640625,4957
2020-09-17,2020-09-17T00:00:00Z,139.5625,139.90625,139.5625,139.640625,1122
2020-09-18,2020-09-18T00:00:00Z,139.703125,139.703125,139.5625,139.609375,8117
2020-09-21,2020-09-21T00:00:00Z,139.609375,139.875,139.609375,139.765625,997320
2020-09-22,2020-09-22T00:00:00Z,139.578125,139.625,139.484375,139.625,816613
2020-09-23,2020-09-23T00:00:00Z,139.546875,139.671875,139.390625,139.5,980781
2020-09-24,2020-09-24T00:00:00Z,139.515625,139.609375,139.46875,139.578125,1041394
2020-09-25,2020-09-25T00:00:00Z,139.546875,139.71875,139.46875,139.640625,774189
2020-09-28,2020-09-28T00:00:00Z,139.640625,139.6875,139.515625,139.625,719441
2020-09-29,2020-09-29T00:00:00Z,139.703125,139.8125,139.625,139.78125,788134
2020-09-30,2020-09-30T00:00:00Z,139.734375,139.796875,139.34375,139.53125,1728153
2020-10-01,2020-10-01T00:00:00Z,139.46875,139.640625,139.203125,139.546875,1526426
2020-10-02,2020-10-02T00:00:00Z,139.515625,139.78125,139.359375,139.4375,1444042
2020-10-05,2020-10-05T00:00:00Z,139.375,139.453125,138.75,138.921875,1339887
2020-10-06,2020-10-06T00:00:00Z,138.765625,139.1875,138.71875,139.046875,1619887
2020-10-07,2020-10-07T00:00:00Z,139.125,139.140625,138.640625,138.71875,1348929
2020-10-08,2020-10-08T00:00:00Z,138.703125,138.9375,138.703125,138.921875,991733
2020-10-09,2020-10-09T00:00:00Z,138.796875,138.984375,138.671875,138.828125,1004425
2020-10-12,2020-10-12T00:00:00Z,138.828125,138.9375,138.796875,138.90625,195305
2020-10-13,2020-10-13T00:00:00Z,138.90625,139.25,138.890625,139.203125,1044436
2020-10-14,2020-10-14T00:00:00Z,139.203125,139.328125,139.140625,139.21875,801761
2020-10-15,2020-10-15T00:00:00Z,139.203125,139.4375,139.0625,139.125,1146506
2020-10-16,2020-10-16T00:00:00Z,139.09375,139.234375,138.96875,139.0625,928432
2020-10-19,2020-10-19T00:00:00Z,139.03125,139.046875,138.75,138.921875,1040956
2020-10-20,2020-10-20T00:00:00Z,138.828125,138.890625,138.65625,138.703125,1249462
2020-10-21,2020-10-21T00:00:00Z,138.75,138.765625,138.40625,138.578125,1517057
2020-10-22,2020-10-22T00:00:00Z,138.5,138.625,138.15625,138.328125,1390076
2020-10-23,2020-10-23T00:00:00Z,138.265625,138.46875,138.171875,138.359375,1190049
2020-10-26,2020-10-26T00:00:00Z,138.34375,138.71875,138.34375,138.640625,1168035
2020-10-27,2020-10-27T00:00:00Z,138.625,138.90625,138.578125,138.84375,968531
2020-10-28,2020-10-28T00:00:00Z,138.890625,139.09375,138.765625,138.796875,1529111
2020-10-29,2020-10-29T00:00:00Z,138.8125,138.890625,138.359375,138.40625,1974950
2020-10-30,2020-10-30T00:00:00Z,138.46875,138.609375,138.109375,138.21875,2401470
2020-11-02,2020-11-02T00:00:00Z,138.171875,138.484375,138.140625,138.296875,1439099
2020-11-03,2020-11-03T00:00:00Z,138.3125,138.34375,137.953125,138.09375,1270460
2020-11-04,2020-11-04T00:00:00Z,137.953125,139.03125,137.640625,138.984375,2883115
2020-11-05,2020-11-05T00:00:00Z,138.96875,139.265625,138.765625,138.875,1657504
2020-11-06,2020-11-06T00:00:00Z,138.96875,139.03125,138.390625,138.546875,1489220
2020-11-09,2020-11-09T00:00:00Z,138.5,138.765625,137.40625,137.578125,2778418
2020-11-10,2020-11-10T00:00:00Z,137.8125,137.921875,137.421875,137.4375,2068812
2020-11-11,2020-11-11T00:00:00Z,137.5,137.671875,137.25,137.609375,553673
2020-11-12,2020-11-12T00:00:00Z,137.625,138.234375,137.609375,138.15625,1742283
2020-11-13,2020-11-13T00:00:00Z,138.203125,138.328125,138.046875,138.109375,993902
2020-11-16,2020-11-16T00:00:00Z,138.078125,138.25,137.84375,138.03125,1254900
2020-11-17,2020-11-17T00:00:00Z,138.03125,138.359375,137.953125,138.296875,1329088
2020-11-18,2020-11-18T00:00:00Z,138.359375,138.515625,138.078125,138.1875,1486514
2020-11-19,2020-11-19T00:00:00Z,138.21875,138.515625,138.21875,138.359375,1522705
2020-11-20,2020-11-20T00:00:00Z,138.515625,138.625,138.375,138.5,1541844
2020-11-23,2020-11-23T00:00:00Z,138.53125,138.546875,138.265625,138.3125,2573621
2020-11-24,2020-11-24T00:00:00Z,138.328125,138.375,138.171875,138.25,3331076
2020-11-25,2020-11-25T00:00:00Z,138.25,138.46875,138.125,138.265625,1841962
2020-11-27,2020-11-27T00:00:00Z,138.25,138.546875,138.234375,138.546875,447966
2020-11-30,2020-11-30T00:00:00Z,138.53125,138.625,138.421875,138.53125,117387
2020-12-01,2020-12-01T00:00:00Z,138.53125,138.59375,137.828125,137.84375,79789
2020-12-02,2020-12-02T00:00:00Z,137.984375,138.046875,137.703125,137.84375,53778
2020-12-03,2020-12-03T00:00:00Z,137.953125,138.203125,137.859375,138.078125,24033
2020-12-04,2020-12-04T00:00:00Z,138.140625,138.203125,137.6875,137.8125,11150
2020-12-07,2020-12-07T00:00:00Z,137.8125,138.171875,137.796875,138.140625,9950
2020-12-08,2020-12-08T00:00:00Z,138.1875,138.390625,138.078125,138.21875,8635
2020-12-09,2020-12-09T00:00:00Z,138.125,138.15625,137.953125,138.046875,3736
2020-12-10,2020-12-10T00:00:00Z,138.125,138.3125,138.09375,138.3125,4238
2020-12-11,2020-12-11T00:00:00Z,138.296875,138.59375,138.28125,138.5,2020
2020-12-14,2020-12-14T00:00:00Z,138.359375,138.515625,138.171875,138.5,9401
2020-12-15,2020-12-15T00:00:00Z,138.484375,138.578125,138.265625,138.296875,7781
2020-12-16,2020-12-16T00:00:00Z,138.421875,138.421875,138.109375,138.328125,1538
2020-12-17,2020-12-17T00:00:00Z,138.296875,138.53125,138.203125,138.296875,1971
2020-12-18,2020-12-18T00:00:00Z,138.359375,138.390625,138.1875,138.203125,4874
2020-12-21,2020-12-21T00:00:00Z,138.65625,138.703125,138.328125,138.40625,1279412
2020-12-22,2020-12-22T00:00:00Z,137.796875,138.0,137.765625,137.984375,795131
2020-12-23,2020-12-23T00:00:00Z,137.984375,138.09375,137.625,137.765625,1094067
2020-12-24,2020-12-24T00:00:00Z,137.796875,137.9375,137.734375,137.875,256470
2020-12-28,2020-12-28T00:00:00Z,137.921875,137.984375,137.671875,137.921875,610234
2020-12-29,2020-12-29T00:00:00Z,137.96875,137.96875,137.796875,137.921875,775267
2020-12-30,2020-12-30T00:00:00Z,137.890625,137.984375,137.75,137.96875,741740
2020-12-31,2020-12-31T00:00:00Z,137.96875,138.109375,137.890625,138.078125,852085
2021-01-04,2021-01-04T00:00:00Z,137.96875,138.171875,137.8125,138.125,1324874
2021-01-05,2021-01-05T00:00:00Z,138.15625,138.15625,137.78125,137.84375,1316963
2021-01-06,2021-01-06T00:00:00Z,137.828125,137.921875,137.09375,137.203125,2672939
2021-01-07,2021-01-07T00:00:00Z,137.234375,137.296875,136.84375,136.953125,1719014
2021-01-08,2021-01-08T00:00:00Z,136.875,136.921875,136.515625,136.65625,2385260
2021-01-11,2021-01-11T00:00:00Z,136.5625,136.75,136.296875,136.421875,1552850
2021-01-12,2021-01-12T00:00:00Z,136.3125,136.453125,136.03125,136.390625,2097810
2021-01-13,2021-01-13T00:00:00Z,136.421875,136.859375,136.375,136.765625,1877583
2021-01-14,2021-01-14T00:00:00Z,136.796875,136.875,136.5,136.5625,1704013
2021-01-15,2021-01-15T00:00:00Z,136.53125,136.953125,136.515625,136.859375,1385980
2021-01-19,2021-01-19T00:00:00Z,136.921875,136.984375,136.65625,136.9375,1497258
2021-01-20,2021-01-20T00:00:00Z,136.953125,137.0625,136.796875,136.96875,1255751
2021-01-21,2021-01-21T00:00:00Z,137.0,137.0625,136.734375,136.890625,1359281
2021-01-22,2021-01-22T00:00:00Z,136.875,137.078125,136.8125,137.03125,1289159
2021-01-25,2021-01-25T00:00:00Z,137.03125,137.453125,136.9375,137.375,1404902
2021-01-26,2021-01-26T00:00:00Z,137.421875,137.453125,137.265625,137.375,1121552
2021-01-27,2021-01-27T00:00:00Z,137.375,137.640625,137.28125,137.53125,1667733
2021-01-28,2021-01-28T00:00:00Z,137.5,137.59375,137.125,137.25,2184019
2021-01-29,2021-01-29T00:00:00Z,137.265625,137.328125,136.890625,137.03125,2708254
2021-02-01,2021-02-01T00:00:00Z,137.171875,137.296875,137.0625,137.1875,1192644
2021-02-02,2021-02-02T00:00:00Z,137.15625,137.21875,136.875,136.9375,1221784
2021-02-03,2021-02-03T00:00:00Z,137.015625,137.015625,136.71875,136.796875,1400220
2021-02-04,2021-02-04T00:00:00Z,136.734375,136.84375,136.59375,136.796875,1424723
2021-02-05,2021-02-05T00:00:00Z,136.765625,136.921875,136.5,136.6875,2306009
2021-02-08,2021-02-08T00:00:00Z,136.671875,136.78125,136.453125,136.6875,1342801
2021-02-09,2021-02-09T00:00:00Z,136.625,136.8125,136.609375,136.71875,1232418
2021-02-10,2021-02-10T00:00:00Z,136.703125,136.984375,136.578125,136.921875,1584234
2021-02-11,2021-02-11T00:00:00Z,136.984375,137.0625,136.796875,136.859375,1368706
2021-02-12,2021-02-12T00:00:00Z,136.8125,136.9375,136.46875,136.546875,1558315
2021-02-16,2021-02-16T00:00:00Z,136.453125,136.46875,135.640625,135.78125,3257558
2021-02-17,2021-02-17T00:00:00Z,135.65625,135.953125,135.46875,135.75,3256049
2021-02-18,2021-02-18T00:00:00Z,135.953125,136.0625,135.625,135.859375,2072926
2021-02-19,2021-02-19T00:00:00Z,135.828125,135.890625,135.328125,135.453125,2898170
2021-02-22,2021-02-22T00:00:00Z,135.421875,135.59375,135.03125,135.328125,3751139
2021-02-23,2021-02-23T00:00:00Z,135.34375,135.5625,135.203125,135.421875,4343895
2021-02-24,2021-02-24T00:00:00Z,135.546875,135.71875,134.859375,135.15625,3620025
2021-02-25,2021-02-25T00:00:00Z,135.234375,135.28125,133.078125,133.671875,2008086
2021-02-26,2021-02-26T00:00:00Z,133.703125,134.390625,133.328125,133.796875,190738
2021-03-01,2021-03-01T00:00:00Z,134.265625,134.578125,134.09375,134.28125,34642
2021-03-02,2021-03-02T00:00:00Z,134.421875,134.84375,134.265625,134.640625,19829
2021-03-03,2021-03-03T00:00:00Z,134.734375,134.734375,133.953125,134.140625,13338
2021-03-04,2021-03-04T00:00:00Z,134.0625,134.28125,133.484375,133.5,19162
2021-03-05,2021-03-05T00:00:00Z,133.4375,133.625,132.875,133.453125,9767
2021-03-08,2021-03-08T00:00:00Z,133.140625,133.21875,132.9375,132.984375,16804
2021-03-09,2021-03-09T00:00:00Z,132.96875,133.484375,132.96875,133.40625,2399
2021-03-10,2021-03-10T00:00:00Z,133.484375,133.71875,133.296875,133.625,3636
2021-03-11,2021-03-11T00:00:00Z,133.578125,134.09375,133.515625,133.71875,14660
2021-03-12,2021-03-12T00:00:00Z,133.609375,133.609375,132.890625,132.90625,9884
2021-03-15,2021-03-15T00:00:00Z,133.109375,133.15625,132.890625,133.078125,4168
2021-03-16,2021-03-16T00:00:00Z,133.1875,133.296875,133.015625,133.078125,2019
2021-03-17,2021-03-17T00:00:00Z,133.015625,133.234375,132.65625,133.234375,5391
2021-03-18,2021-03-18T00:00:00Z,133.140625,133.140625,132.234375,132.4375,1718
2021-03-19,2021-03-19T00:00:00Z,132.53125,132.796875,132.3125,132.359375,10739
2021-03-22,2021-03-22T00:00:00Z,132.625,132.78125,132.625,132.75,1302317
2021-03-23,2021-03-23T00:00:00Z,131.484375,132.09375,131.4375,131.921875,1562826
2021-03-24,2021-03-24T00:00:00Z,132.015625,132.28125,131.8125,132.09375,1694888
2021-03-25,2021-03-25T00:00:00Z,132.125,132.296875,131.890625,132.140625,2049220
2021-03-26,2021-03-26T00:00:00Z,131.953125,132.125,131.625,131.765625,1486510
2021-03-29,2021-03-29T00:00:00Z,131.640625,131.984375,131.296875,131.359375,1450487
2021-03-30,2021-03-30T00:00:00Z,131.390625,131.421875,130.8125,131.1875,1894739
2021-03-31,2021-03-31T00:00:00Z,131.296875,131.296875,130.90625,130.9375,2350602
2021-04-01,2021-04-01T00:00:00Z,130.984375,131.546875,130.90625,131.421875,1587843
2021-04-05,2021-04-05T00:00:00Z,130.953125,131.265625,130.796875,131.109375,919100
2021-04-06,2021-04-06T00:00:00Z,131.28125,131.734375,131.109375,131.6875,1385977
2021-04-07,2021-04-07T00:00:00Z,131.671875,131.953125,131.578125,131.828125,1409520
2021-04-08,2021-04-08T00:00:00Z,131.65625,132.09375,131.65625,132.0,1171916
2021-04-09,2021-04-09T00:00:00Z,132.046875,132.078125,131.46875,131.734375,1570458
2021-04-12,2021-04-12T00:00:00Z,131.734375,131.890625,131.53125,131.625,1179342
2021-04-13,2021-04-13T00:00:00Z,131.703125,132.125,131.375,132.078125,1747605
2021-04-14,2021-04-14T00:00:00Z,132.109375,132.1875,131.78125,131.921875,1339839
2021-04-15,2021-04-15T00:00:00Z,131.90625,132.6875,131.828125,132.65625,2236329
2021-04-16,2021-04-16T00:00:00Z,132.390625,132.546875,132.1875,132.375,1487904
2021-04-19,2021-04-19T00:00:00Z,132.34375,132.5625,132.046875,132.234375,1211489
2021-04-20,2021-04-20T00:00:00Z,132.203125,132.609375,131.984375,132.5625,1414513
2021-04-21,2021-04-21T00:00:00Z,132.578125,132.640625,132.359375,132.53125,1264344
2021-04-22,2021-04-22T00:00:00Z,132.53125,132.765625,132.28125,132.546875,1465180
2021-04-23,2021-04-23T00:00:00Z,132.640625,132.734375,132.3125,132.4375,1165827
2021-04-26,2021-04-26T00:00:00Z,132.390625,132.5,132.15625,132.375,1351777
2021-04-27,2021-04-27T00:00:00Z,132.359375,132.390625,131.953125,132.03125,1418589
2021-04-28,2021-04-28T00:00:00Z,132.015625,132.203125,131.71875,132.09375,1705772
2021-04-29,2021-04-29T00:00:00Z,132.171875,132.171875,131.578125,131.984375,1634108
2021-04-30,2021-04-30T00:00:00Z,131.96875,132.140625,131.8125,132.03125,2003114
2021-05-03,2021-05-03T00:00:00Z,132.046875,132.5,131.828125,132.328125,1540326
2021-05-04,2021-05-04T00:00:00Z,132.328125,132.734375,132.15625,132.421875,1989203
2021-05-05,2021-05-05T00:00:00Z,132.421875,132.671875,132.171875,132.546875,1454032
2021-05-06,2021-05-06T00:00:00Z,132.625,132.75,132.515625,132.671875,1366666
2021-05-07,2021-05-07T00:00:00Z,132.578125,133.515625,132.546875,132.75,2831157
2021-05-10,2021-05-10T00:00:00Z,132.703125,132.953125,132.5625,132.609375,1410630
2021-05-11,2021-05-11T00:00:00Z,132.609375,132.734375,132.390625,132.453125,1574618
2021-05-12,2021-05-12T00:00:00Z,132.453125,132.5625,131.875,131.921875,2488669
2021-05-13,2021-05-13T00:00:00Z,131.921875,132.3125,131.84375,132.1875,1901751
2021-05-14,2021-05-14T00:00:00Z,132.21875,132.53125,132.1875,132.40625,1608810
2021-05-17,2021-05-17T00:00:00Z,132.421875,132.671875,132.25,132.34375,1189252
2021-05-18,2021-05-18T00:00:00Z,132.25,132.453125,132.234375,132.390625,998216
2021-05-19,2021-05-19T00:00:00Z,132.390625,132.578125,131.9375,132.03125,2044316
2021-05-20,2021-05-20T00:00:00Z,132.09375,132.53125,132.03125,132.484375,1619543
2021-05-21,2021-05-21T00:00:00Z,132.5,132.625,132.375,132.4375,1695356
2021-05-24,2021-05-24T00:00:00Z,132.53125,132.6875,132.46875,132.625,2367110
2021-05-25,2021-05-25T00:00:00Z,132.625,133.046875,132.59375,132.96875,4052084
2021-05-26,2021-05-26T00:00:00Z,132.984375,133.0625,132.828125,132.90625,2845547
2021-05-27,2021-05-27T00:00:00Z,132.84375,132.9375,132.5625,132.6875,985340
2021-05-28,2021-05-28T00:00:00Z,132.6875,132.96875,132.5625,132.859375,180702
2021-06-01,2021-06-01T00:00:00Z,132.734375,132.8125,132.5625,132.734375,47305
2021-06-02,2021-06-02T00:00:00Z,132.71875,132.921875,132.671875,132.859375,13754
2021-06-03,2021-06-03T00:00:00Z,132.859375,132.890625,132.515625,132.53125,13060
2021-06-04,2021-06-04T00:00:00Z,132.546875,133.140625,132.5,133.125,16682
2021-06-07,2021-06-07T00:00:00Z,133.09375,133.09375,132.953125,133.03125,4593
2021-06-08,2021-06-08T00:00:00Z,133.0625,133.453125,133.0625,133.359375,11241
2021-06-09,2021-06-09T00:00:00Z,133.296875,133.78125,133.296875,133.640625,20352
2021-06-10,2021-06-10T00:00:00Z,133.671875,133.984375,133.25,133.796875,9921
2021-06-11,2021-06-11T00:00:00Z,133.9375,134.0625,133.65625,133.703125,16823
2021-06-14,2021-06-14T00:00:00Z,133.765625,133.796875,133.375,133.421875,8431
2021-06-15,2021-06-15T00:00:00Z,133.46875,133.59375,133.375,133.4375,3563
2021-06-16,2021-06-16T00:00:00Z,133.46875,133.546875,132.53125,132.703125,5328
2021-06-17,2021-06-17T00:00:00Z,132.5625,133.046875,132.484375,132.90625,8405
2021-06-18,2021-06-18T00:00:00Z,132.84375,133.25,132.6875,133.15625,3522
2021-06-21,2021-06-21T00:00:00Z,133.359375,133.546875,132.609375,133.0625,1942226
2021-06-22,2021-06-22T00:00:00Z,132.171875,132.4375,132.015625,132.359375,1384211
2021-06-23,2021-06-23T00:00:00Z,132.390625,132.46875,132.109375,132.1875,1303395
2021-06-24,2021-06-24T00:00:00Z,132.15625,132.28125,132.03125,132.171875,1224046
2021-06-25,2021-06-25T00:00:00Z,132.109375,132.265625,131.765625,131.859375,1252104
2021-06-28,2021-06-28T00:00:00Z,131.921875,132.328125,131.890625,132.265625,966673
2021-06-29,2021-06-29T00:00:00Z,132.25,132.296875,132.015625,132.265625,1042488
2021-06-30,2021-06-30T00:00:00Z,132.28125,132.5625,132.1875,132.5,1715181
2021-07-01,2021-07-01T00:00:00Z,132.3125,132.46875,132.1875,132.265625,1124574
2021-07-02,2021-07-02T00:00:00Z,132.375,132.796875,132.234375,132.671875,1303525
2021-07-06,2021-07-06T00:00:00Z,132.75,133.390625,132.578125,133.21875,1946423
2021-07-07,2021-07-07T00:00:00Z,133.34375,133.703125,133.203125,133.546875,1846518
2021-07-08,2021-07-08T00:00:00Z,133.578125,134.09375,133.515625,133.890625,1926487
2021-07-09,2021-07-09T00:00:00Z,133.796875,133.8125,133.375,133.421875,1208316
2021-07-12,2021-07-12T00:00:00Z,133.390625,133.640625,133.265625,133.40625,1349716
2021-07-13,2021-07-13T00:00:00Z,133.40625,133.5625,132.96875,132.984375,2021905
2021-07-14,2021-07-14T00:00:00Z,132.96875,133.53125,132.9375,133.453125,1469059
2021-07-15,2021-07-15T00:00:00Z,133.5,133.875,133.4375,133.796875,1503254
2021-07-16,2021-07-16T00:00:00Z,133.78125,133.84375,133.453125,133.78125,1061127
2021-07-19,2021-07-19T00:00:00Z,133.84375,134.796875,133.8125,134.6875,2253335
2021-07-20,2021-07-20T00:00:00Z,134.59375,135.21875,134.4375,134.671875,2194456
2021-07-21,2021-07-21T00:00:00Z,134.53125,134.828125,133.984375,134.109375,1909685
2021-07-22,2021-07-22T00:00:00Z,134.046875,134.46875,133.859375,134.25,1449036
2021-07-23,2021-07-23T00:00:00Z,134.125,134.21875,133.9375,134.140625,916473
2021-07-26,2021-07-26T00:00:00Z,134.1875,134.59375,134.0625,134.203125,1068621
2021-07-27,2021-07-27T00:00:00Z,134.109375,134.5625,134.09375,134.46875,1204331
2021-07-28,2021-07-28T00:00:00Z,134.390625,134.5625,134.078125,134.265625,1555292
2021-07-29,2021-07-29T00:00:00Z,134.453125,134.5,134.09375,134.21875,1386720
2021-07-30,2021-07-30T00:00:00Z,134.1875,134.59375,134.1875,134.453125,1753454
2021-08-02,2021-08-02T00:00:00Z,134.53125,135.15625,134.453125,135.0,1379439
2021-08-03,2021-08-03T00:00:00Z,134.90625,135.1875,134.78125,135.0,1081659
2021-08-04,2021-08-04T00:00:00Z,134.984375,135.4375,134.625,134.828125,1722812
2021-08-05,2021-08-05T00:00:00Z,134.828125,134.90625,134.390625,134.5,1272560
2021-08-06,2021-08-06T00:00:00Z,134.421875,134.46875,133.890625,134.0,1603639
2021-08-09,2021-08-09T00:00:00Z,133.90625,134.203125,133.65625,133.78125,1178694
2021-08-10,2021-08-10T00:00:00Z,133.703125,133.859375,133.46875,133.546875,1281304
2021-08-11,2021-08-11T00:00:00Z,133.515625,133.90625,133.296875,133.578125,1724961
2021-08-12,2021-08-12T00:00:00Z,133.59375,133.78125,133.40625,133.453125,956949
2021-08-13,2021-08-13T00:00:00Z,133.515625,134.09375,133.46875,133.953125,967146
2021-08-16,2021-08-16T00:00:00Z,134.078125,134.5625,134.0625,134.328125,1375814
2021-08-17,2021-08-17T00:00:00Z,134.234375,134.609375,134.15625,134.265625,1409107
2021-08-18,2021-08-18T00:00:00Z,134.21875,134.3125,133.90625,134.140625,1371502
2021-08-19,2021-08-19T00:00:00Z,134.21875,134.53125,134.171875,134.328125,1408900
2021-08-20,2021-08-20T00:00:00Z,134.296875,134.4375,134.0625,134.125,1095887
2021-08-23,2021-08-23T00:00:00Z,134.140625,134.265625,133.9375,134.21875,1225950
2021-08-24,2021-08-24T00:00:00Z,134.203125,134.234375,133.921875,133.984375,1883385
2021-08-25,2021-08-25T00:00:00Z,133.9375,134.046875,133.546875,133.625,3159904
2021-08-26,2021-08-26T00:00:00Z,133.609375,133.6875,133.375,133.59375,3102536
2021-08-27,2021-08-27T00:00:00Z,133.515625,133.96875,133.421875,133.890625,2464215
2021-08-30,2021-08-30T00:00:00Z,133.90625,134.1875,133.859375,134.125,672062
2021-08-31,2021-08-31T00:00:00Z,134.140625,134.28125,133.96875,134.046875,153595
2021-09-01,2021-09-01T00:00:00Z,134.0,134.234375,133.84375,134.046875,80892
2021-09-02,2021-09-02T00:00:00Z,134.0625,134.21875,134.0625,134.125,25878
2021-09-03,2021-09-03T00:00:00Z,134.1875,134.484375,133.875,134.0,26714
2021-09-07,2021-09-07T00:00:00Z,133.96875,133.96875,133.53125,133.625,17570
2021-09-08,2021-09-08T00:00:00Z,133.609375,133.90625,133.609375,133.859375,8229
2021-09-09,2021-09-09T00:00:00Z,133.875,134.1875,133.765625,134.09375,11052
2021-09-10,2021-09-10T00:00:00Z,134.046875,134.09375,133.703125,133.765625,11379
2021-09-13,2021-09-13T00:00:00Z,133.796875,133.984375,133.71875,133.921875,7019
2021-09-14,2021-09-14T00:00:00Z,133.90625,134.3125,133.734375,134.203125,9751
2021-09-15,2021-09-15T00:00:00Z,134.140625,134.21875,133.890625,134.0,5617
2021-09-16,2021-09-16T00:00:00Z,133.984375,134.046875,133.5625,133.703125,6352
2021-09-17,2021-09-17T00:00:00Z,133.6875,133.71875,133.28125,133.40625,7172
2021-09-20,2021-09-20T00:00:00Z,133.375,133.90625,133.375,133.84375,2727
2021-09-21,2021-09-21T00:00:00Z,133.859375,133.96875,133.640625,133.859375,1259839
2021-09-22,2021-09-22T00:00:00Z,133.171875,133.390625,132.921875,132.984375,1694167
2021-09-23,2021-09-23T00:00:00Z,133.1875,133.1875,132.15625,132.375,2148141
2021-09-24,2021-09-24T00:00:00Z,132.203125,132.453125,131.96875,132.015625,1813289
2021-09-27,2021-09-27T00:00:00Z,132.078125,132.171875,131.609375,131.796875,1856758
2021-09-28,2021-09-28T00:00:00Z,131.75,131.84375,131.21875,131.46875,2477404
2021-09-29,2021-09-29T00:00:00Z,131.4375,131.796875,131.3125,131.46875,2067859
2021-09-30,2021-09-30T00:00:00Z,131.65625,131.953125,131.34375,131.609375,2058886
2021-10-01,2021-10-01T00:00:00Z,131.890625,132.21875,131.75,132.171875,2027570
2021-10-04,2021-10-04T00:00:00Z,132.1875,132.265625,131.859375,132.078125,1471686
2021-10-05,2021-10-05T00:00:00Z,132.078125,132.109375,131.640625,131.734375,1485058
2021-10-06,2021-10-06T00:00:00Z,131.734375,131.84375,131.40625,131.71875,1715889
2021-10-07,2021-10-07T00:00:00Z,131.71875,131.78125,131.3125,131.390625,1404808
2021-10-08,2021-10-08T00:00:00Z,131.34375,131.578125,131.03125,131.140625,2286634
2021-10-11,2021-10-11T00:00:00Z,131.03125,131.046875,130.796875,130.84375,527137
2021-10-12,2021-10-12T00:00:00Z,130.84375,131.234375,130.796875,131.140625,1701981
2021-10-13,2021-10-13T00:00:00Z,131.109375,131.484375,130.796875,131.21875,2329391
2021-10-14,2021-10-14T00:00:00Z,131.3125,131.609375,131.1875,131.5,1591700
2021-10-15,2021-10-15T00:00:00Z,131.515625,131.53125,130.90625,130.96875,1579499
2021-10-18,2021-10-18T00:00:00Z,130.90625,130.9375,130.4375,130.765625,2074254
2021-10-19,2021-10-19T00:00:00Z,130.640625,130.96875,130.453125,130.5625,1437829
2021-10-20,2021-10-20T00:00:00Z,130.515625,130.75,130.25,130.640625,1709628
2021-10-21,2021-10-21T00:00:00Z,130.4375,130.578125,129.96875,130.1875,1769979
2021-10-22,2021-10-22T00:00:00Z,130.0,130.5,129.984375,130.34375,1938170
2021-10-25,2021-10-25T00:00:00Z,130.484375,130.6875,130.25,130.5625,1252112
2021-10-26,2021-10-26T00:00:00Z,130.59375,130.703125,130.359375,130.609375,1273679
2021-10-27,2021-10-27T00:00:00Z,130.640625,131.21875,130.4375,131.171875,2427913
2021-10-28,2021-10-28T00:00:00Z,130.984375,131.078125,130.609375,130.75,2495837
2021-10-29,2021-10-29T00:00:00Z,130.6875,130.875,130.234375,130.703125,2686126
2021-11-01,2021-11-01T00:00:00Z,130.640625,130.796875,130.390625,130.65625,1479047
2021-11-02,2021-11-02T00:00:00Z,130.734375,131.140625,130.640625,130.96875,1502792
2021-11-03,2021-11-03T00:00:00Z,130.921875,131.171875,130.484375,130.765625,1821995
2021-11-04,2021-11-04T00:00:00Z,130.59375,131.4375,130.5625,131.3125,1713598
2021-11-05,2021-11-05T00:00:00Z,131.21875,131.953125,131.046875,131.828125,2046414
2021-11-08,2021-11-08T00:00:00Z,131.71875,131.796875,131.25,131.296875,1179373
2021-11-09,2021-11-09T00:00:00Z,131.34375,131.921875,131.328125,131.84375,1633463
2021-11-10,2021-11-10T00:00:00Z,131.75,131.78125,130.5625,130.734375,2295387
2021-11-11,2021-11-11T00:00:00Z,130.734375,130.8125,130.28125,130.328125,525839
2021-11-12,2021-11-12T00:00:00Z,130.359375,130.8125,130.3125,130.53125,1363018
2021-11-15,2021-11-15T00:00:00Z,130.625,130.859375,130.234375,130.296875,1183106
2021-11-16,2021-11-16T00:00:00Z,130.3125,130.53125,130.09375,130.171875,1407795
2021-11-17,2021-11-17T00:00:00Z,130.15625,130.59375,130.046875,130.453125,1289899
2021-11-18,2021-11-18T00:00:00Z,130.515625,130.671875,130.359375,130.578125,1363815
2021-11-19,2021-11-19T00:00:00Z,130.578125,131.25,130.421875,130.875,2136578
2021-11-22,2021-11-22T00:00:00Z,130.75,130.75,129.90625,130.0,3135163
2021-11-23,2021-11-23T00:00:00Z,129.96875,130.0625,129.59375,129.78125,3340651
2021-11-24,2021-11-24T00:00:00Z,129.765625,130.109375,129.5,129.828125,3184097
2021-11-26,2021-11-26T00:00:00Z,129.84375,131.328125,129.75,131.171875,2089384
2021-11-29,2021-11-29T00:00:00Z,130.96875,131.328125,130.640625,131.046875,908346
2021-11-30,2021-11-30T00:00:00Z,131.296875,132.046875,131.03125,131.546875,231969
2021-12-01,2021-12-01T00:00:00Z,131.46875,131.84375,130.953125,131.640625,55985
2021-12-02,2021-12-02T00:00:00Z,131.734375,131.78125,131.1875,131.3125,30328
2021-12-03,2021-12-03T00:00:00Z,131.46875,132.265625,131.140625,132.125,21444
2021-12-06,2021-12-06T00:00:00Z,131.921875,131.921875,131.3125,131.34375,10647
2021-12-07,2021-12-07T00:00:00Z,131.4375,131.453125,131.0,131.03125,7628
2021-12-08,2021-12-08T00:00:00Z,131.1875,131.421875,130.671875,130.921875,8456
2021-12-09,2021-12-09T00:00:00Z,130.875,131.234375,130.703125,131.078125,7912
2021-12-10,2021-12-10T00:00:00Z,131.046875,131.375,130.78125,131.09375,3295
2021-12-13,2021-12-13T00:00:00Z,131.125,131.59375,130.96875,131.515625,4719
2021-12-14,2021-12-14T00:00:00Z,131.46875,131.546875,131.171875,131.296875,4976
2021-12-15,2021-12-15T00:00:00Z,131.34375,131.40625,130.9375,131.15625,4319
2021-12-16,2021-12-16T00:00:00Z,131.203125,131.765625,131.140625,131.765625,3297
2021-12-17,2021-12-17T00:00:00Z,131.71875,132.0625,131.71875,131.828125,1109
2021-12-20,2021-12-20T00:00:00Z,131.984375,132.1875,131.765625,131.828125,1598
2021-12-21,2021-12-21T00:00:00Z,131.828125,131.90625,131.171875,131.21875,1027368
2021-12-22,2021-12-22T00:00:00Z,130.75,130.890625,130.53125,130.734375,760008
2021-12-23,2021-12-23T00:00:00Z,130.734375,130.8125,130.46875,130.546875,557414
2021-12-27,2021-12-27T00:00:00Z,130.5,130.671875,130.40625,130.5625,471863
2021-12-28,2021-12-28T00:00:00Z,130.59375,130.765625,130.515625,130.609375,550228
2021-12-29,2021-12-29T00:00:00Z,130.625,130.734375,130.09375,130.21875,971676
2021-12-30,2021-12-30T00:00:00Z,130.1875,130.5,130.171875,130.40625,810924
2021-12-31,2021-12-31T00:00:00Z,130.4375,130.578125,130.3125,130.46875,759832
2022-01-03,2022-01-03T00:00:00Z,130.328125,130.34375,129.390625,129.4375,1428084
2022-01-04,2022-01-04T00:00:00Z,129.5,129.59375,129.125,129.28125,1703196
2022-01-05,2022-01-05T00:00:00Z,129.390625,129.4375,128.796875,128.84375,1696842
2022-01-06,2022-01-06T00:00:00Z,128.84375,129.0,128.4375,128.53125,1793082
2022-01-07,2022-01-07T00:00:00Z,128.625,128.75,128.03125,128.296875,1964516
2022-01-10,2022-01-10T00:00:00Z,128.328125,128.375,127.9375,128.140625,1564056
2022-01-11,2022-01-11T00:00:00Z,128.265625,128.46875,128.03125,128.390625,1676788
2022-01-12,2022-01-12T00:00:00Z,128.46875,128.703125,128.328125,128.578125,1518137
2022-01-13,2022-01-13T00:00:00Z,128.375,128.84375,128.25,128.71875,1330020
2022-01-14,2022-01-14T00:00:00Z,128.75,128.796875,128.03125,128.1875,1628936
2022-01-18,2022-01-18T00:00:00Z,128.03125,128.046875,127.25,127.375,2515636
2022-01-19,2022-01-19T00:00:00Z,127.296875,127.734375,127.0625,127.671875,1962013
2022-01-20,2022-01-20T00:00:00Z,127.34375,127.953125,127.25,127.703125,1482619
2022-01-21,2022-01-21T00:00:00Z,127.90625,128.5,127.875,128.3125,2108462
2022-01-24,2022-01-24T00:00:00Z,128.21875,128.703125,127.984375,128.515625,2158245
2022-01-25,2022-01-25T00:00:00Z,128.203125,128.53125,128.03125,128.125,1738476
2022-01-26,2022-01-26T00:00:00Z,128.203125,128.265625,127.203125,127.515625,1963794
2022-01-27,2022-01-27T00:00:00Z,127.34375,127.875,127.28125,127.65625,2216921
2022-01-28,2022-01-28T00:00:00Z,127.671875,128.03125,127.328125,127.953125,1887669
2022-01-31,2022-01-31T00:00:00Z,127.90625,128.046875,127.671875,127.96875,1853973
2022-02-01,2022-02-01T00:00:00Z,128.015625,128.359375,127.6875,127.875,1703462
2022-02-02,2022-02-02T00:00:00Z,127.875,128.296875,127.765625,128.125,1358564
2022-02-03,2022-02-03T00:00:00Z,128.03125,128.234375,127.5,127.640625,1654216
2022-02-04,2022-02-04T00:00:00Z,127.578125,127.75,126.734375,126.765625,2145743
2022-02-07,2022-02-07T00:00:00Z,126.84375,127.03125,126.703125,126.90625,1278721
2022-02-08,2022-02-08T00:00:00Z,126.890625,126.921875,126.46875,126.578125,1564968
2022-02-09,2022-02-09T00:00:00Z,126.484375,126.921875,126.421875,126.75,1684111
2022-02-10,2022-02-10T00:00:00Z,126.640625,126.8125,125.546875,125.796875,3162240
2022-02-11,2022-02-11T00:00:00Z,125.75,126.734375,125.59375,126.390625,3004129
2022-02-14,2022-02-14T00:00:00Z,126.515625,126.796875,125.78125,125.984375,2318254
2022-02-15,2022-02-15T00:00:00Z,126.03125,126.203125,125.578125,125.734375,1816955
2022-02-16,2022-02-16T00:00:00Z,125.703125,126.03125,125.640625,125.8125,1812339
2022-02-17,2022-02-17T00:00:00Z,125.796875,126.484375,125.78125,126.421875,2028872
2022-02-18,2022-02-18T00:00:00Z,126.484375,126.796875,126.21875,126.671875,1757647
2022-02-22,2022-02-22T00:00:00Z,126.796875,127.28125,126.375,126.46875,4427866
2022-02-23,2022-02-23T00:00:00Z,126.515625,126.609375,126.09375,126.28125,3837304
2022-02-24,2022-02-24T00:00:00Z,126.1875,127.390625,126.1875,126.46875,3766786
2022-02-25,2022-02-25T00:00:00Z,126.453125,126.671875,126.0,126.25,829641
2022-02-28,2022-02-28T00:00:00Z,126.984375,127.59375,126.8125,127.453125,142954
2022-03-01,2022-03-01T00:00:00Z,127.5,128.953125,127.234375,128.71875,113466
2022-03-02,2022-03-02T00:00:00Z,128.453125,128.859375,127.078125,127.3125,47423
2022-03-03,2022-03-03T00:00:00Z,127.375,127.703125,127.15625,127.5625,29591
2022-03-04,2022-03-04T00:00:00Z,127.546875,128.828125,127.546875,128.53125,17361
2022-03-07,2022-03-07T00:00:00Z,128.734375,129.0625,127.828125,128.078125,13565
2022-03-08,2022-03-08T00:00:00Z,127.953125,128.046875,127.140625,127.171875,8898
2022-03-09,2022-03-09T00:00:00Z,127.375,127.46875,126.578125,126.59375,4903
2022-03-10,2022-03-10T00:00:00Z,126.65625,126.828125,126.046875,126.09375,7195
2022-03-11,2022-03-11T00:00:00Z,126.40625,126.46875,125.953125,126.015625,1262
2022-03-14,2022-03-14T00:00:00Z,126.203125,126.203125,124.890625,124.953125,2053
2022-03-15,2022-03-15T00:00:00Z,124.9375,125.484375,124.8125,124.8125,3928
2022-03-16,2022-03-16T00:00:00Z,124.9375,125.34375,124.046875,124.453125,3439
2022-03-17,2022-03-17T00:00:00Z,124.75,125.03125,124.453125,124.515625,623
2022-03-18,2022-03-18T00:00:00Z,124.671875,125.03125,124.65625,124.8125,892
2022-03-21,2022-03-21T00:00:00Z,124.84375,124.84375,123.390625,123.4375,904
2022-03-22,2022-03-22T00:00:00Z,123.5,123.75,122.921875,122.921875,1600511
2022-03-23,2022-03-23T00:00:00Z,122.640625,123.375,122.375,123.140625,1632991
2022-03-24,2022-03-24T00:00:00Z,123.296875,123.3125,122.515625,122.921875,1435544
2022-03-25,2022-03-25T00:00:00Z,122.6875,122.9375,121.5,121.546875,1825165
2022-03-28,2022-03-28T00:00:00Z,121.671875,122.1875,120.953125,121.703125,1775927
2022-03-29,2022-03-29T00:00:00Z,121.75,122.4375,121.09375,122.328125,2067157
2022-03-30,2022-03-30T00:00:00Z,122.328125,122.828125,122.015625,122.625,1760127
2022-03-31,2022-03-31T00:00:00Z,122.703125,123.125,122.578125,122.875,2192637
2022-04-01,2022-04-01T00:00:00Z,122.65625,122.671875,121.75,122.234375,1923816
2022-04-04,2022-04-04T00:00:00Z,122.078125,122.390625,121.84375,122.09375,1216702
2022-04-05,2022-04-05T00:00:00Z,122.140625,122.3125,120.796875,120.921875,1769170
2022-04-06,2022-04-06T00:00:00Z,120.9375,121.046875,120.171875,120.6875,2146915
2022-04-07,2022-04-07T00:00:00Z,120.765625,121.203125,120.390625,120.546875,1743647
2022-04-08,2022-04-08T00:00:00Z,120.46875,120.71875,119.90625,120.125,1477697
2022-04-11,2022-04-11T00:00:00Z,120.0,120.09375,119.53125,119.75,1441742
2022-04-12,2022-04-12T00:00:00Z,119.71875,120.8125,119.328125,120.5,2176907
2022-04-13,2022-04-13T00:00:00Z,120.421875,121.21875,119.96875,120.796875,1835432
2022-04-14,2022-04-14T00:00:00Z,120.671875,121.28125,119.703125,119.9375,1780161
2022-04-18,2022-04-18T00:00:00Z,119.796875,120.015625,119.359375,119.640625,889306
2022-04-19,2022-04-19T00:00:00Z,119.609375,119.828125,118.84375,119.109375,1602021
2022-04-20,2022-04-20T00:00:00Z,118.921875,119.640625,118.609375,119.5,1770234
2022-04-21,2022-04-21T00:00:00Z,119.515625,119.5625,118.4375,118.75,1597287
2022-04-22,2022-04-22T00:00:00Z,118.71875,119.140625,118.25,118.9375,1541396
2022-04-25,2022-04-25T00:00:00Z,118.953125,120.1875,118.828125,119.609375,1800272
2022-04-26,2022-04-26T00:00:00Z,119.53125,120.5,119.234375,120.046875,1562018
2022-04-27,2022-04-27T00:00:00Z,120.4375,120.578125,119.59375,119.796875,1599187
2022-04-28,2022-04-28T00:00:00Z,119.6875,120.03125,119.203125,119.359375,1938440
2022-04-29,2022-04-29T00:00:00Z,119.65625,119.75,118.75,119.15625,2139536
2022-05-02,2022-05-02T00:00:00Z,118.75,119.0625,118.21875,118.34375,1282256
2022-05-03,2022-05-03T00:00:00Z,118.390625,118.9375,118.140625,118.515625,1389133
2022-05-04,2022-05-04T00:00:00Z,118.375,119.203125,118.140625,119.15625,1775883
2022-05-05,2022-05-05T00:00:00Z,118.921875,119.296875,117.8125,118.0625,2047770
2022-05-06,2022-05-06T00:00:00Z,118.1875,118.296875,117.578125,117.796875,1750115
2022-05-09,2022-05-09T00:00:00Z,117.625,118.609375,117.265625,118.1875,1713326
2022-05-10,2022-05-10T00:00:00Z,118.453125,119.1875,118.25,118.78125,1812986
2022-05-11,2022-05-11T00:00:00Z,118.765625,119.40625,118.109375,119.265625,2222622
2022-05-12,2022-05-12T00:00:00Z,119.1875,120.015625,119.140625,120.0,1997731
2022-05-13,2022-05-13T00:00:00Z,119.71875,119.734375,119.09375,119.171875,1200488
2022-05-16,2022-05-16T00:00:00Z,119.203125,119.859375,119.046875,119.671875,1165327
2022-05-17,2022-05-17T00:00:00Z,119.671875,119.75,118.65625,118.859375,1395521
2022-05-18,2022-05-18T00:00:00Z,118.71875,119.53125,118.5,119.4375,1740614
2022-05-19,2022-05-19T00:00:00Z,119.421875,120.3125,119.1875,119.703125,2264358
2022-05-20,2022-05-20T00:00:00Z,119.828125,120.265625,119.5,120.125,1496733
2022-05-23,2022-05-23T00:00:00Z,120.109375,120.109375,119.484375,119.578125,1634748
2022-05-24,2022-05-24T00:00:00Z,119.65625,120.6875,119.5625,120.375,3479511
2022-05-25,2022-05-25T00:00:00Z,120.40625,120.8125,120.296875,120.59375,3366992
2022-05-26,2022-05-26T00:00:00Z,120.59375,120.96875,120.3125,120.59375,1859472
2022-05-27,2022-05-27T00:00:00Z,120.609375,120.84375,120.4375,120.484375,644383
2022-05-31,2022-05-31T00:00:00Z,120.515625,120.578125,119.578125,119.84375,144727
2022-06-01,2022-06-01T00:00:00Z,119.796875,119.875,118.921875,119.046875,54580
2022-06-02,2022-06-02T00:00:00Z,119.203125,119.359375,119.0,119.28125,24637
2022-06-03,2022-06-03T00:00:00Z,119.265625,119.359375,118.84375,119.046875,16495
2022-06-06,2022-06-06T00:00:00Z,119.125,119.234375,118.421875,118.453125,17276
2022-06-07,2022-06-07T00:00:00Z,118.453125,119.046875,118.234375,118.953125,7173
2022-06-08,2022-06-08T00:00:00Z,118.890625,118.890625,118.5,118.609375,6252
2022-06-09,2022-06-09T00:00:00Z,118.546875,118.734375,118.25,118.421875,3176
2022-06-10,2022-06-10T00:00:00Z,118.453125,118.625,117.25,117.3125,6902
2022-06-13,2022-06-13T00:00:00Z,117.03125,117.09375,115.25,115.796875,7455
2022-06-14,2022-06-14T00:00:00Z,115.875,116.640625,114.96875,114.96875,2242
2022-06-15,2022-06-15T00:00:00Z,114.9375,116.390625,114.9375,115.6875,3367
2022-06-16,2022-06-16T00:00:00Z,115.859375,116.34375,115.15625,116.34375,1857
2022-06-17,2022-06-17T00:00:00Z,116.75,117.046875,116.25,116.6875,720
2022-06-21,2022-06-21T00:00:00Z,116.78125,117.21875,116.1875,116.34375,1274461
2022-06-22,2022-06-22T00:00:00Z,115.921875,117.1875,115.890625,116.953125,1702409
2022-06-23,2022-06-23T00:00:00Z,116.875,118.25,116.796875,117.65625,2222245
2022-06-24,2022-06-24T00:00:00Z,117.53125,118.0,117.21875,117.34375,1330462
2022-06-27,2022-06-27T00:00:00Z,117.265625,117.40625,116.578125,116.8125,1191859
2022-06-28,2022-06-28T00:00:00Z,116.75,117.03125,116.34375,116.703125,1280037
2022-06-29,2022-06-29T00:00:00Z,116.890625,117.59375,116.828125,117.515625,1235032
2022-06-30,2022-06-30T00:00:00Z,117.546875,118.5625,117.4375,118.53125,1849397
2022-07-01,2022-07-01T00:00:00Z,118.28125,120.125,118.1875,119.265625,1991276
2022-07-05,2022-07-05T00:00:00Z,119.46875,120.21875,118.71875,119.921875,1761880
2022-07-06,2022-07-06T00:00:00Z,119.890625,120.515625,118.84375,119.046875,1618742
2022-07-07,2022-07-07T00:00:00Z,118.859375,119.15625,118.1875,118.265625,1401151
2022-07-08,2022-07-08T00:00:00Z,118.359375,118.625,117.5625,117.625,1354657
2022-07-11,2022-07-11T00:00:00Z,117.6875,118.59375,117.578125,118.375,1098384
2022-07-12,2022-07-12T00:00:00Z,118.296875,119.09375,118.296875,118.65625,1473376
2022-07-13,2022-07-13T00:00:00Z,118.546875,119.1875,117.75,118.921875,2141891
2022-07-14,2022-07-14T00:00:00Z,118.78125,118.9375,117.890625,118.5,1657510
2022-07-15,2022-07-15T00:00:00Z,118.421875,119.0,118.359375,118.640625,1206554
2022-07-18,2022-07-18T00:00:00Z,118.65625,118.921875,118.0,118.46875,934835
2022-07-19,2022-07-19T00:00:00Z,118.1875,118.484375,117.859375,117.96875,1036276
2022-07-20,2022-07-20T00:00:00Z,117.90625,118.546875,117.734375,117.78125,1151592
2022-07-21,2022-07-21T00:00:00Z,117.8125,119.203125,117.453125,118.90625,1814052
2022-07-22,2022-07-22T00:00:00Z,119.125,120.34375,118.9375,119.890625,1799046
2022-07-25,2022-07-25T00:00:00Z,120.0625,120.078125,119.484375,119.65625,1031506
2022-07-26,2022-07-26T00:00:00Z,119.828125,120.484375,119.671875,119.859375,1126477
2022-07-27,2022-07-27T00:00:00Z,119.71875,120.484375,119.609375,120.421875,1309166
2022-07-28,2022-07-28T00:00:00Z,120.0,121.265625,119.734375,120.984375,1861248
2022-07-29,2022-07-29T00:00:00Z,120.96875,121.390625,120.53125,121.140625,1992752
2022-08-01,2022-08-01T00:00:00Z,121.0625,121.625,120.84375,121.359375,1352861
2022-08-02,2022-08-02T00:00:00Z,121.609375,122.0625,119.984375,120.125,1984438
2022-08-03,2022-08-03T00:00:00Z,120.125,120.5,119.328125,120.09375,1860557
2022-08-04,2022-08-04T00:00:00Z,120.375,120.90625,120.09375,120.734375,1335255
2022-08-05,2022-08-05T00:00:00Z,120.609375,120.765625,119.234375,119.375,1540474
2022-08-08,2022-08-08T00:00:00Z,119.3125,120.015625,119.265625,119.859375,973724
2022-08-09,2022-08-09T00:00:00Z,119.875,119.96875,119.390625,119.484375,961364
2022-08-10,2022-08-10T00:00:00Z,119.5625,120.6875,119.34375,119.75,1694075
2022-08-11,2022-08-11T00:00:00Z,119.765625,120.234375,118.96875,119.09375,1468557
2022-08-12,2022-08-12T00:00:00Z,119.0625,119.46875,118.953125,119.265625,1105804
2022-08-15,2022-08-15T00:00:00Z,119.34375,119.96875,119.140625,119.703125,970926
2022-08-16,2022-08-16T00:00:00Z,119.78125,119.890625,119.125,119.390625,967317
2022-08-17,2022-08-17T00:00:00Z,119.40625,119.453125,118.546875,118.765625,1254160
2022-08-18,2022-08-18T00:00:00Z,118.71875,119.234375,118.5625,118.84375,1155689
2022-08-19,2022-08-19T00:00:00Z,118.890625,118.921875,118.03125,118.109375,1173347
2022-08-22,2022-08-22T00:00:00Z,118.25,118.4375,117.671875,117.71875,1321186
2022-08-23,2022-08-23T00:00:00Z,117.84375,118.21875,117.453125,117.625,1884881
2022-08-24,2022-08-24T00:00:00Z,117.6875,117.90625,117.109375,117.25,2864145
2022-08-25,2022-08-25T00:00:00Z,117.21875,117.8125,117.109375,117.78125,2847872
2022-08-26,2022-08-26T00:00:00Z,117.796875,117.921875,117.296875,117.578125,2032906
2022-08-29,2022-08-29T00:00:00Z,117.453125,117.453125,116.828125,117.03125,1033735
2022-08-30,2022-08-30T00:00:00Z,117.046875,117.453125,116.703125,117.0,517092
2022-08-31,2022-08-31T00:00:00Z,117.03125,117.171875,116.375,116.875,143296
2022-09-01,2022-09-01T00:00:00Z,116.4375,116.53125,115.71875,115.984375,69501
2022-09-02,2022-09-02T00:00:00Z,115.9375,116.796875,115.875,116.65625,39999
2022-09-06,2022-09-06T00:00:00Z,116.53125,116.84375,115.5,115.609375,33570
2022-09-07,2022-09-07T00:00:00Z,115.578125,116.234375,115.453125,116.171875,13056
2022-09-08,2022-09-08T00:00:00Z,116.15625,116.703125,115.734375,115.96875,13342
2022-09-09,2022-09-09T00:00:00Z,115.765625,116.328125,115.671875,115.734375,4911
2022-09-12,2022-09-12T00:00:00Z,115.765625,116.140625,115.515625,115.59375,9642
2022-09-13,2022-09-13T00:00:00Z,115.78125,116.09375,114.71875,114.921875,10484
2022-09-14,2022-09-14T00:00:00Z,114.921875,115.171875,114.546875,114.953125,3772
2022-09-15,2022-09-15T00:00:00Z,114.875,114.875,114.46875,114.484375,4011
2022-09-16,2022-09-16T00:00:00Z,114.5625,114.921875,114.34375,114.75,4915
2022-09-19,2022-09-19T00:00:00Z,114.71875,114.71875,114.296875,114.359375,956
2022-09-20,2022-09-20T00:00:00Z,114.5,114.5,113.75,113.84375,2478
2022-09-21,2022-09-21T00:00:00Z,113.921875,114.078125,113.625,113.625,1791263
2022-09-22,2022-09-22T00:00:00Z,113.90625,114.0,112.671875,112.75,2281428
2022-09-23,2022-09-23T00:00:00Z,112.703125,112.953125,111.78125,112.625,2155629
2022-09-26,2022-09-26T00:00:00Z,112.703125,112.703125,111.015625,111.359375,2126534
2022-09-27,2022-09-27T00:00:00Z,111.0625,112.046875,110.6875,110.890625,2340232
2022-09-28,2022-09-28T00:00:00Z,111.015625,112.9375,110.59375,112.859375,2908370
2022-09-29,2022-09-29T00:00:00Z,112.625,112.65625,111.640625,112.453125,1953819
2022-09-30,2022-09-30T00:00:00Z,112.09375,112.890625,111.734375,112.0625,2037126
2022-10-03,2022-10-03T00:00:00Z,111.828125,113.859375,111.796875,113.203125,1869420
2022-10-04,2022-10-04T00:00:00Z,113.234375,113.9375,113.171875,113.5,1769493
2022-10-05,2022-10-05T00:00:00Z,113.296875,113.53125,112.265625,112.53125,1611470
2022-10-06,2022-10-06T00:00:00Z,112.546875,112.703125,111.84375,111.9375,1481654
2022-10-07,2022-10-07T00:00:00Z,111.90625,111.96875,111.1875,111.484375,1333196
2022-10-10,2022-10-10T00:00:00Z,111.4375,111.671875,110.703125,111.015625,472366
2022-10-11,2022-10-11T00:00:00Z,111.09375,111.6875,110.671875,111.140625,1640605
2022-10-12,2022-10-12T00:00:00Z,111.0625,111.640625,110.9375,111.484375,1395612
2022-10-13,2022-10-13T00:00:00Z,111.515625,111.890625,110.0625,111.015625,2273852
2022-10-14,2022-10-14T00:00:00Z,111.046875,111.71875,110.4375,110.59375,1731123
2022-10-17,2022-10-17T00:00:00Z,110.703125,111.40625,110.5625,110.703125,1042028
2022-10-18,2022-10-18T00:00:00Z,110.71875,111.140625,110.453125,110.90625,1330805
2022-10-19,2022-10-19T00:00:00Z,110.828125,110.90625,109.890625,110.0,1487367
2022-10-20,2022-10-20T00:00:00Z,109.9375,110.21875,109.265625,109.359375,1637008
2022-10-21,2022-10-21T00:00:00Z,109.390625,109.96875,108.828125,109.796875,2475242
2022-10-24,2022-10-24T00:00:00Z,109.78125,110.46875,109.40625,109.734375,1547877
2022-10-25,2022-10-25T00:00:00Z,109.65625,110.984375,109.625,110.5625,1943598
2022-10-26,2022-10-26T00:00:00Z,110.5625,111.265625,110.5,111.09375,1707764
2022-10-27,2022-10-27T00:00:00Z,111.125,111.96875,110.5625,111.6875,2359431
2022-10-28,2022-10-28T00:00:00Z,111.84375,111.9375,110.796875,111.0,1799079
2022-10-31,2022-10-31T00:00:00Z,110.90625,110.953125,110.375,110.59375,1866622
2022-11-01,2022-11-01T00:00:00Z,110.734375,111.640625,110.484375,110.578125,1837010
2022-11-02,2022-11-02T00:00:00Z,110.5625,111.28125,110.15625,110.625,1606698
2022-11-03,2022-11-03T00:00:00Z,110.25,110.296875,109.375,110.03125,1582083
2022-11-04,2022-11-04T00:00:00Z,109.890625,110.375,109.328125,110.046875,1604687
2022-11-07,2022-11-07T00:00:00Z,110.09375,110.1875,109.578125,109.640625,1045572
2022-11-08,2022-11-08T00:00:00Z,109.625,110.328125,109.4375,110.28125,1249958
2022-11-09,2022-11-09T00:00:00Z,110.296875,110.765625,110.0,110.328125,1452703
2022-11-10,2022-11-10T00:00:00Z,110.671875,112.59375,110.390625,112.515625,2595697
2022-11-11,2022-11-11T00:00:00Z,112.53125,112.5625,112.0,112.3125,701232
2022-11-14,2022-11-14T00:00:00Z,112.125,112.21875,111.859375,112.125,1444981
2022-11-15,2022-11-15T00:00:00Z,112.140625,112.984375,112.015625,112.5625,1777674
2022-11-16,2022-11-16T00:00:00Z,112.671875,113.34375,112.25,113.203125,1631687
2022-11-17,2022-11-17T00:00:00Z,113.15625,113.296875,112.40625,112.625,1467726
2022-11-18,2022-11-18T00:00:00Z,112.625,112.796875,112.203125,112.296875,1127239
2022-11-21,2022-11-21T00:00:00Z,112.265625,112.71875,112.125,112.3125,1762759
2022-11-22,2022-11-22T00:00:00Z,112.234375,112.703125,112.203125,112.609375,3180523
2022-11-23,2022-11-23T00:00:00Z,112.578125,113.09375,112.234375,112.953125,3103710
2022-11-25,2022-11-25T00:00:00Z,113.0,113.46875,112.609375,113.03125,1362564
2022-11-28,2022-11-28T00:00:00Z,113.125,113.53125,112.875,112.921875,1819031
2022-11-29,2022-11-29T00:00:00Z,112.984375,113.34375,112.59375,112.71875,621288
2022-11-30,2022-11-30T00:00:00Z,112.71875,113.8125,112.296875,113.21875,132675
2022-12-01,2022-12-01T00:00:00Z,113.765625,114.453125,113.515625,114.296875,43465
2022-12-02,2022-12-02T00:00:00Z,114.390625,114.578125,113.40625,114.359375,29400
2022-12-05,2022-12-05T00:00:00Z,114.328125,114.328125,113.53125,113.59375,14387
2022-12-06,2022-12-06T00:00:00Z,113.734375,114.125,113.59375,114.09375,5657
2022-12-07,2022-12-07T00:00:00Z,114.078125,114.875,113.8125,114.859375,7373
2022-12-08,2022-12-08T00:00:00Z,114.640625,114.65625,114.125,114.1875,3251
2022-12-09,2022-12-09T00:00:00Z,114.265625,114.4375,113.8125,113.828125,2477
2022-12-12,2022-12-12T00:00:00Z,113.75,114.0625,113.484375,113.59375,1817
2022-12-13,2022-12-13T00:00:00Z,113.671875,115.0625,113.609375,114.53125,1737
2022-12-14,2022-12-14T00:00:00Z,114.5625,114.828125,114.03125,114.453125,2090
2022-12-15,2022-12-15T00:00:00Z,114.484375,114.765625,114.484375,114.703125,790
2022-12-16,2022-12-16T00:00:00Z,114.53125,114.828125,114.171875,114.671875,576
2022-12-19,2022-12-19T00:00:00Z,114.390625,114.625,113.546875,114.046875,470
2022-12-20,2022-12-20T00:00:00Z,114.125,114.125,113.453125,113.453125,1401157
2022-12-21,2022-12-21T00:00:00Z,113.5,114.046875,113.296875,113.5625,981158
2022-12-22,2022-12-22T00:00:00Z,113.671875,113.90625,113.421875,113.546875,795954
2022-12-23,2022-12-23T00:00:00Z,113.421875,113.484375,112.96875,113.078125,752313
2022-12-27,2022-12-27T00:00:00Z,113.1875,113.203125,112.3125,112.328125,691957
2022-12-28,2022-12-28T00:00:00Z,112.484375,112.6875,112.125,112.1875,759767
2022-12-29,2022-12-29T00:00:00Z,112.21875,112.5625,112.15625,112.4375,810811
2022-12-30,2022-12-30T00:00:00Z,112.5,112.515625,111.875,112.296875,1314511
2023-01-03,2023-01-03T00:00:00Z,112.5625,113.109375,112.390625,112.640625,1471344
2023-01-04,2023-01-04T00:00:00Z,112.890625,113.484375,112.828125,113.1875,1520223
2023-01-05,2023-01-05T00:00:00Z,113.328125,113.359375,112.578125,113.015625,1375647
2023-01-06,2023-01-06T00:00:00Z,113.015625,114.359375,112.640625,114.21875,2171557
2023-01-09,2023-01-09T00:00:00Z,114.234375,114.734375,114.0,114.625,1491031
2023-01-10,2023-01-10T00:00:00Z,114.46875,114.609375,113.828125,114.0,1363124
2023-01-11,2023-01-11T00:00:00Z,114.0,114.59375,113.984375,114.4375,1393845
2023-01-12,2023-01-12T00:00:00Z,114.5,115.421875,114.0,115.234375,2373580
2023-01-13,2023-01-13T00:00:00Z,115.265625,115.484375,114.75,114.765625,1468528
2023-01-17,2023-01-17T00:00:00Z,114.796875,114.921875,114.296875,114.671875,1568077
2023-01-18,2023-01-18T00:00:00Z,114.5625,115.953125,114.5,115.90625,2306893
2023-01-19,2023-01-19T00:00:00Z,115.859375,116.25,115.453125,115.640625,1712227
2023-01-20,2023-01-20T00:00:00Z,115.640625,115.65625,114.859375,115.0625,1364331
2023-01-23,2023-01-23T00:00:00Z,115.03125,115.21875,114.59375,114.6875,1053149
2023-01-24,2023-01-24T00:00:00Z,114.75,115.125,114.4375,115.03125,1278470
2023-01-25,2023-01-25T00:00:00Z,115.140625,115.40625,114.921875,115.140625,1300044
2023-01-26,2023-01-26T00:00:00Z,115.234375,115.28125,114.671875,114.859375,1274095
2023-01-27,2023-01-27T00:00:00Z,114.78125,114.875,114.375,114.609375,1143961
2023-01-30,2023-01-30T00:00:00Z,114.65625,114.78125,114.171875,114.28125,1185210
2023-01-31,2023-01-31T00:00:00Z,114.40625,114.8125,114.296875,114.515625,2074922
2023-02-01,2023-02-01T00:00:00Z,114.640625,115.59375,114.546875,115.484375,2129670
2023-02-02,2023-02-02T00:00:00Z,115.3125,116.0,115.3125,115.546875,1955041
2023-02-03,2023-02-03T00:00:00Z,115.5,115.703125,114.25,114.421875,2558318
2023-02-06,2023-02-06T00:00:00Z,114.34375,114.359375,113.328125,113.5,1911414
2023-02-07,2023-02-07T00:00:00Z,113.453125,113.875,113.171875,113.234375,2036895
2023-02-08,2023-02-08T00:00:00Z,113.25,113.640625,113.1875,113.40625,1582789
2023-02-09,2023-02-09T00:00:00Z,113.65625,113.8125,113.0,113.03125,1498491
2023-02-10,2023-02-10T00:00:00Z,113.1875,113.21875,112.625,112.6875,1579627
2023-02-13,2023-02-13T00:00:00Z,112.640625,112.890625,112.53125,112.78125,1189982
2023-02-14,2023-02-14T00:00:00Z,112.875,113.546875,112.09375,112.328125,2453173
2023-02-15,2023-02-15T00:00:00Z,112.40625,112.5625,111.96875,112.046875,1855646
2023-02-16,2023-02-16T00:00:00Z,112.03125,112.359375,111.640625,111.890625,2097321
2023-02-17,2023-02-17T00:00:00Z,111.734375,112.078125,111.265625,112.0,1656139
2023-02-21,2023-02-21T00:00:00Z,111.984375,112.015625,110.984375,111.0625,2819904
2023-02-22,2023-02-22T00:00:00Z,111.0625,111.453125,110.953125,111.203125,4135478
2023-02-23,2023-02-23T00:00:00Z,111.203125,111.53125,110.796875,111.4375,3909824
2023-02-24,2023-02-24T00:00:00Z,111.40625,111.59375,110.65625,110.921875,2328540
2023-02-27,2023-02-27T00:00:00Z,110.890625,111.328125,110.71875,111.140625,814223
2023-02-28,2023-02-28T00:00:00Z,111.15625,111.25,110.75,111.171875,114262
2023-03-01,2023-03-01T00:00:00Z,111.09375,111.140625,110.484375,110.5625,39659
2023-03-02,2023-03-02T00:00:00Z,110.578125,110.625,109.984375,110.09375,27195
2023-03-03,2023-03-03T00:00:00Z,110.140625,110.71875,110.078125,110.65625,16855
2023-03-06,2023-03-06T00:00:00Z,110.640625,111.046875,110.546875,110.5625,9249
2023-03-07,2023-03-07T00:00:00Z,110.609375,110.9375,110.3125,110.515625,5216
2023-03-08,2023-03-08T00:00:00Z,110.453125,110.96875,110.25,110.453125,4166
2023-03-09,2023-03-09T00:00:00Z,110.4375,111.21875,110.265625,111.015625,3849
2023-03-10,2023-03-10T00:00:00Z,111.265625,112.703125,111.265625,112.625,11578
2023-03-13,2023-03-13T00:00:00Z,112.53125,114.734375,112.3125,114.140625,5577
2023-03-14,2023-03-14T00:00:00Z,113.671875,114.296875,112.859375,113.34375,673
2023-03-15,2023-03-15T00:00:00Z,113.109375,115.203125,112.96875,114.53125,4190
2023-03-16,2023-03-16T00:00:00Z,114.953125,115.234375,113.609375,113.65625,2407
2023-03-17,2023-03-17T00:00:00Z,114.0,115.234375,113.984375,115.125,513
2023-03-20,2023-03-20T00:00:00Z,115.9375,115.9375,114.421875,114.59375,316
2023-03-21,2023-03-21T00:00:00Z,114.46875,114.46875,113.640625,113.640625,513
2023-03-22,2023-03-22T00:00:00Z,113.765625,113.796875,113.421875,113.71875,1836083
2023-03-23,2023-03-23T00:00:00Z,115.453125,116.25,115.03125,115.984375,1893877
2023-03-24,2023-03-24T00:00:00Z,115.890625,117.046875,115.671875,116.109375,2090833
2023-03-27,2023-03-27T00:00:00Z,116.171875,116.203125,114.875,114.984375,1348508
2023-03-28,2023-03-28T00:00:00Z,114.984375,115.234375,114.53125,114.640625,1347202
2023-03-29,2023-03-29T00:00:00Z,114.578125,114.875,114.21875,114.53125,1409929
2023-03-30,2023-03-30T00:00:00Z,114.46875,114.734375,114.21875,114.578125,1135333
2023-03-31,2023-03-31T00:00:00Z,114.53125,115.109375,114.28125,114.921875,1781669
2023-04-03,2023-04-03T00:00:00Z,114.90625,115.671875,114.5625,115.453125,1538280
2023-04-04,2023-04-04T00:00:00Z,115.578125,116.28125,115.078125,116.25,1438906
2023-04-05,2023-04-05T00:00:00Z,116.171875,116.9375,115.90625,116.578125,1514272
2023-04-06,2023-04-06T00:00:00Z,116.390625,116.9375,116.34375,116.546875,1278514
2023-04-10,2023-04-10T00:00:00Z,115.765625,115.984375,115.375,115.515625,795164
2023-04-11,2023-04-11T00:00:00Z,115.484375,115.78125,115.203125,115.375,1044936
2023-04-12,2023-04-12T00:00:00Z,115.453125,116.25,115.25,115.703125,1622587
2023-04-13,2023-04-13T00:00:00Z,115.890625,116.09375,115.390625,115.453125,1212125
2023-04-14,2023-04-14T00:00:00Z,115.515625,115.71875,114.71875,114.859375,1508808
2023-04-17,2023-04-17T00:00:00Z,114.859375,114.96875,114.25,114.359375,1067311
2023-04-18,2023-04-18T00:00:00Z,114.296875,114.671875,114.25,114.484375,1146560
2023-04-19,2023-04-19T00:00:00Z,114.421875,114.453125,113.953125,114.1875,1356814
2023-04-20,2023-04-20T00:00:00Z,114.25,114.8125,114.21875,114.65625,1148900
2023-04-21,2023-04-21T00:00:00Z,114.703125,115.0,114.40625,114.46875,1082259
2023-04-24,2023-04-24T00:00:00Z,114.46875,115.0625,114.453125,114.875,840959
2023-04-25,2023-04-25T00:00:00Z,115.03125,115.9375,115.03125,115.796875,1770793
2023-04-26,2023-04-26T00:00:00Z,115.75,115.953125,115.3125,115.546875,1698122
2023-04-27,2023-04-27T00:00:00Z,115.421875,115.546875,114.65625,114.734375,1522224
2023-04-28,2023-04-28T00:00:00Z,114.78125,115.484375,114.546875,115.203125,2075086
2023-05-01,2023-05-01T00:00:00Z,115.421875,115.421875,114.3125,114.5,1019434
2023-05-02,2023-05-02T00:00:00Z,114.53125,115.6875,114.46875,115.5625,1712580
2023-05-03,2023-05-03T00:00:00Z,115.609375,116.484375,115.546875,115.90625,1531941
2023-05-04,2023-05-04T00:00:00Z,116.609375,117.0,115.96875,116.5625,2155476
2023-05-05,2023-05-05T00:00:00Z,116.25,116.375,115.421875,115.71875,1264531
2023-05-08,2023-05-08T00:00:00Z,115.796875,115.859375,115.15625,115.171875,972862
2023-05-09,2023-05-09T00:00:00Z,115.21875,115.484375,115.046875,115.1875,1004781
2023-05-10,2023-05-10T00:00:00Z,115.171875,115.96875,115.078125,115.90625,1433425
2023-05-11,2023-05-11T00:00:00Z,115.796875,116.5,115.75,116.046875,1686585
2023-05-12,2023-05-12T00:00:00Z,116.078125,116.21875,115.40625,115.4375,1170806
2023-05-15,2023-05-15T00:00:00Z,115.390625,115.484375,115.15625,115.234375,1116051
2023-05-16,2023-05-16T00:00:00Z,115.21875,115.578125,114.71875,114.921875,1827549
2023-05-17,2023-05-17T00:00:00Z,114.921875,115.09375,114.484375,114.578125,1415912
2023-05-18,2023-05-18T00:00:00Z,114.625,114.75,113.859375,113.921875,1742318
2023-05-19,2023-05-19T00:00:00Z,114.0,114.15625,113.34375,113.5625,2022072
2023-05-22,2023-05-22T00:00:00Z,113.71875,113.9375,113.328125,113.46875,1744930
2023-05-23,2023-05-23T00:00:00Z,113.4375,113.6875,113.125,113.609375,2835142
2023-05-24,2023-05-24T00:00:00Z,113.671875,113.78125,113.1875,113.421875,4353177
2023-05-25,2023-05-25T00:00:00Z,113.203125,113.390625,112.515625,112.625,3711660
2023-05-26,2023-05-26T00:00:00Z,112.578125,112.90625,112.171875,112.40625,2067964
2023-05-30,2023-05-30T00:00:00Z,112.375,113.3125,112.109375,113.171875,1085057
2023-05-31,2023-05-31T00:00:00Z,113.203125,113.78125,113.140625,113.625,117456
2023-06-01,2023-06-01T00:00:00Z,113.625,114.40625,113.21875,113.921875,30584
2023-06-02,2023-06-02T00:00:00Z,113.96875,113.984375,113.015625,113.046875,22951
2023-06-05,2023-06-05T00:00:00Z,112.953125,113.3125,112.546875,113.109375,10145
2023-06-06,2023-06-06T00:00:00Z,113.15625,113.375,112.84375,113.03125,9220
2023-06-07,2023-06-07T00:00:00Z,113.1875,113.1875,112.359375,112.53125,5152
2023-06-08,2023-06-08T00:00:00Z,112.46875,113.046875,112.28125,113.03125,1423
2023-06-09,2023-06-09T00:00:00Z,112.765625,112.921875,112.578125,112.65625,938
2023-06-12,2023-06-12T00:00:00Z,112.75,112.875,112.078125,112.703125,3806
2023-06-13,2023-06-13T00:00:00Z,112.953125,113.4375,112.0,112.015625,2628
2023-06-14,2023-06-14T00:00:00Z,112.28125,112.453125,111.875,112.203125,228
2023-06-15,2023-06-15T00:00:00Z,112.234375,112.9375,112.015625,112.828125,1626
2023-06-16,2023-06-16T00:00:00Z,112.515625,112.515625,112.359375,112.40625,498
2023-06-20,2023-06-20T00:00:00Z,112.53125,112.890625,112.375,112.671875,678
2023-06-21,2023-06-21T00:00:00Z,112.3125,112.53125,112.3125,112.46875,1404783
2023-06-22,2023-06-22T00:00:00Z,113.296875,113.4375,112.65625,112.734375,1405552
2023-06-23,2023-06-23T00:00:00Z,112.75,113.484375,112.6875,113.078125,1516582
2023-06-26,2023-06-26T00:00:00Z,113.125,113.515625,113.09375,113.234375,1186600
2023-06-27,2023-06-27T00:00:00Z,113.203125,113.40625,112.765625,112.828125,1476874
2023-06-28,2023-06-28T00:00:00Z,112.84375,113.296875,112.8125,113.25,1426850
2023-06-29,2023-06-29T00:00:00Z,113.25,113.265625,112.03125,112.125,1959722
2023-06-30,2023-06-30T00:00:00Z,112.234375,112.390625,111.796875,112.265625,2102870
2023-07-03,2023-07-03T00:00:00Z,112.09375,112.546875,111.859375,111.9375,1071547
2023-07-05,2023-07-05T00:00:00Z,111.921875,112.125,111.328125,111.359375,1640832
2023-07-06,2023-07-06T00:00:00Z,111.421875,111.46875,110.15625,110.609375,2270324
2023-07-07,2023-07-07T00:00:00Z,110.734375,111.0,110.296875,110.671875,1716116
2023-07-10,2023-07-10T00:00:00Z,110.53125,111.25,110.40625,111.140625,1292789
2023-07-11,2023-07-11T00:00:00Z,111.171875,111.5,111.109375,111.265625,1220062
2023-07-12,2023-07-12T00:00:00Z,111.328125,112.375,111.296875,112.265625,2044759
2023-07-13,2023-07-13T00:00:00Z,112.21875,113.09375,112.21875,113.046875,1807675
2023-07-14,2023-07-14T00:00:00Z,112.96875,113.046875,112.4375,112.5625,1294157
2023-07-17,2023-07-17T00:00:00Z,112.4375,112.921875,112.40625,112.71875,910140
2023-07-18,2023-07-18T00:00:00Z,112.640625,113.25,112.609375,112.75,1303657
2023-07-19,2023-07-19T00:00:00Z,112.703125,113.203125,112.65625,113.0,1349143
2023-07-20,2023-07-20T00:00:00Z,112.890625,112.96875,112.0,112.140625,1563021
2023-07-21,2023-07-21T00:00:00Z,112.125,112.421875,112.0625,112.234375,1012410
2023-07-24,2023-07-24T00:00:00Z,112.25,112.546875,111.875,112.0625,1148885
2023-07-25,2023-07-25T00:00:00Z,111.921875,112.046875,111.546875,111.609375,1255185
2023-07-26,2023-07-26T00:00:00Z,111.765625,112.171875,111.65625,112.140625,1297820
2023-07-27,2023-07-27T00:00:00Z,111.953125,112.21875,110.953125,111.015625,2217996
2023-07-28,2023-07-28T00:00:00Z,111.078125,111.65625,110.796875,111.34375,1726479
2023-07-31,2023-07-31T00:00:00Z,111.46875,111.625,111.0625,111.40625,1686431
2023-08-01,2023-08-01T00:00:00Z,111.40625,111.5,110.828125,110.875,1523937
2023-08-02,2023-08-02T00:00:00Z,111.0,111.234375,110.46875,110.796875,1860148
2023-08-03,2023-08-03T00:00:00Z,110.828125,110.84375,110.171875,110.234375,1945613
2023-08-04,2023-08-04T00:00:00Z,110.28125,111.328125,109.75,111.140625,2139254
2023-08-07,2023-08-07T00:00:00Z,111.265625,111.265625,110.71875,111.125,1270248
2023-08-08,2023-08-08T00:00:00Z,111.0,111.6875,110.96875,111.40625,1473697
2023-08-09,2023-08-09T00:00:00Z,111.421875,111.625,111.265625,111.390625,1164222
2023-08-10,2023-08-10T00:00:00Z,111.359375,111.90625,110.640625,110.859375,1957382
2023-08-11,2023-08-11T00:00:00Z,110.671875,110.90625,110.125,110.1875,1566489
2023-08-14,2023-08-14T00:00:00Z,110.171875,110.3125,109.765625,110.0,1309141
2023-08-15,2023-08-15T00:00:00Z,109.90625,110.21875,109.359375,109.765625,1788907
2023-08-16,2023-08-16T00:00:00Z,109.828125,110.171875,109.421875,109.5625,1768369
2023-08-17,2023-08-17T00:00:00Z,109.546875,109.640625,109.109375,109.28125,1741118
2023-08-18,2023-08-18T00:00:00Z,109.484375,109.890625,109.4375,109.640625,1251625
2023-08-21,2023-08-21T00:00:00Z,109.640625,109.6875,108.96875,109.078125,1514677
2023-08-22,2023-08-22T00:00:00Z,109.078125,109.28125,108.875,109.0625,1396508
2023-08-23,2023-08-23T00:00:00Z,109.046875,109.984375,109.015625,109.90625,2609078
2023-08-24,2023-08-24T00:00:00Z,109.84375,109.984375,109.515625,109.59375,3280441
2023-08-25,2023-08-25T00:00:00Z,109.5625,109.71875,109.109375,109.4375,3835466
2023-08-28,2023-08-28T00:00:00Z,109.453125,109.734375,109.3125,109.640625,3135447
2023-08-29,2023-08-29T00:00:00Z,109.6875,110.4375,109.4375,110.328125,1810947
2023-08-30,2023-08-30T00:00:00Z,110.34375,110.609375,110.0625,110.359375,459448
2023-08-31,2023-08-31T00:00:00Z,110.40625,110.640625,110.328125,110.5625,79211
2023-09-01,2023-09-01T00:00:00Z,110.46875,110.953125,109.9375,110.15625,33863
2023-09-05,2023-09-05T00:00:00Z,110.0625,110.15625,109.515625,109.546875,17589
2023-09-06,2023-09-06T00:00:00Z,109.671875,109.75,109.21875,109.28125,9167
2023-09-07,2023-09-07T00:00:00Z,109.359375,109.65625,109.296875,109.609375,6923
2023-09-08,2023-09-08T00:00:00Z,109.765625,109.90625,109.5,109.53125,969
2023-09-11,2023-09-11T00:00:00Z,109.53125,109.53125,109.28125,109.40625,668
2023-09-12,2023-09-12T00:00:00Z,109.328125,109.515625,109.328125,109.515625,562
2023-09-13,2023-09-13T00:00:00Z,109.171875,109.75,108.953125,109.640625,1014
2023-09-14,2023-09-14T00:00:00Z,109.828125,109.84375,109.34375,109.359375,1182
2023-09-15,2023-09-15T00:00:00Z,109.484375,109.53125,109.171875,109.171875,87
2023-09-18,2023-09-18T00:00:00Z,108.9375,109.21875,108.9375,109.203125,314
2023-09-19,2023-09-19T00:00:00Z,109.359375,109.359375,108.828125,108.828125,171
2023-09-20,2023-09-20T00:00:00Z,109.078125,109.21875,108.9375,109.1875,1641379
2023-09-21,2023-09-21T00:00:00Z,108.796875,108.796875,108.25,108.421875,2142465
2023-09-22,2023-09-22T00:00:00Z,108.34375,108.828125,108.28125,108.6875,1396945
2023-09-25,2023-09-25T00:00:00Z,108.734375,108.796875,108.125,108.171875,1289496
2023-09-26,2023-09-26T00:00:00Z,108.21875,108.53125,108.015625,108.109375,1603850
2023-09-27,2023-09-27T00:00:00Z,108.234375,108.53125,107.484375,107.578125,1893725
2023-09-28,2023-09-28T00:00:00Z,107.734375,108.015625,107.21875,107.859375,2422053
2023-09-29,2023-09-29T00:00:00Z,107.96875,108.453125,107.8125,108.0625,2632521
2023-10-02,2023-10-02T00:00:00Z,107.875,107.921875,107.21875,107.328125,1629654
2023-10-03,2023-10-03T00:00:00Z,107.390625,107.4375,106.5625,106.640625,2582260
2023-10-04,2023-10-04T00:00:00Z,106.625,107.203125,106.109375,107.109375,2537554
2023-10-05,2023-10-05T00:00:00Z,107.078125,107.390625,106.890625,107.3125,1823513
2023-10-06,2023-10-06T00:00:00Z,107.265625,107.3125,106.203125,106.84375,2315058
2023-10-09,2023-10-09T00:00:00Z,107.125,107.953125,107.078125,107.84375,822843
2023-10-10,2023-10-10T00:00:00Z,107.78125,107.984375,107.328125,107.71875,1915354
2023-10-11,2023-10-11T00:00:00Z,107.71875,108.34375,107.65625,107.9375,2034050
2023-10-12,2023-10-12T00:00:00Z,108.109375,108.5,107.125,107.234375,2136548
2023-10-13,2023-10-13T00:00:00Z,107.328125,108.0,107.28125,107.71875,1657099
2023-10-16,2023-10-16T00:00:00Z,107.671875,107.703125,107.125,107.203125,1268212
2023-10-17,2023-10-17T00:00:00Z,107.1875,107.25,106.109375,106.21875,2149715
2023-10-18,2023-10-18T00:00:00Z,106.234375,106.484375,105.75,105.875,1948270
2023-10-19,2023-10-19T00:00:00Z,105.8125,105.953125,105.328125,105.421875,2395898
2023-10-20,2023-10-20T00:00:00Z,105.453125,106.1875,105.421875,106.0,1968824
2023-10-23,2023-10-23T00:00:00Z,105.78125,106.5,105.390625,106.484375,2092633
2023-10-24,2023-10-24T00:00:00Z,106.40625,106.6875,106.078125,106.359375,1839686
2023-10-25,2023-10-25T00:00:00Z,106.4375,106.5625,105.5625,105.671875,1960891
2023-10-26,2023-10-26T00:00:00Z,105.65625,106.40625,105.46875,106.34375,2427261
2023-10-27,2023-10-27T00:00:00Z,106.296875,106.53125,106.09375,106.421875,1736924
2023-10-30,2023-10-30T00:00:00Z,106.4375,106.453125,105.9375,106.21875,1546433
2023-10-31,2023-10-31T00:00:00Z,106.09375,106.65625,105.875,106.171875,2355214
2023-11-01,2023-11-01T00:00:00Z,105.90625,107.203125,105.859375,106.859375,2733810
2023-11-02,2023-11-02T00:00:00Z,107.203125,107.875,107.078125,107.484375,2451045
2023-11-03,2023-11-03T00:00:00Z,107.546875,108.78125,107.390625,108.359375,2877522
2023-11-06,2023-11-06T00:00:00Z,108.234375,108.234375,107.5625,107.59375,1637310
2023-11-07,2023-11-07T00:00:00Z,107.71875,108.296875,107.609375,108.125,1855465
2023-11-08,2023-11-08T00:00:00Z,108.125,108.484375,107.828125,108.328125,1867406
2023-11-09,2023-11-09T00:00:00Z,108.4375,108.53125,107.421875,107.53125,2122373
2023-11-10,2023-11-10T00:00:00Z,107.5625,107.921875,107.265625,107.421875,1680163
2023-11-13,2023-11-13T00:00:00Z,107.34375,107.484375,107.0,107.4375,1241622
2023-11-14,2023-11-14T00:00:00Z,107.359375,108.96875,107.296875,108.90625,2641567
2023-11-15,2023-11-15T00:00:00Z,108.796875,108.953125,108.078125,108.21875,2436582
2023-11-16,2023-11-16T00:00:00Z,108.25,108.9375,108.21875,108.859375,1713618
2023-11-17,2023-11-17T00:00:00Z,108.875,109.265625,108.59375,108.75,1685178
2023-11-20,2023-11-20T00:00:00Z,108.6875,108.921875,108.4375,108.84375,1607627
2023-11-21,2023-11-21T00:00:00Z,108.859375,109.109375,108.734375,108.9375,2956534
2023-11-22,2023-11-22T00:00:00Z,109.03125,109.265625,108.59375,108.8125,3694051
2023-11-23,2023-11-23T00:00:00Z,108.84375,108.96875,108.5,108.59375,3694051
2023-11-24,2023-11-24T00:00:00Z,108.84375,108.96875,108.328125,108.390625,2272498
2023-11-27,2023-11-27T00:00:00Z,108.421875,109.046875,108.1875,109.0,4517362
2023-11-28,2023-11-28T00:00:00Z,108.984375,109.609375,108.796875,109.53125,2600614
2023-11-29,2023-11-29T00:00:00Z,109.578125,110.125,109.546875,109.9375,597861
2023-11-30,2023-11-30T00:00:00Z,109.96875,110.09375,109.390625,109.46875,80902
2023-12-01,2023-12-01T00:00:00Z,109.609375,110.46875,109.484375,110.34375,12918
2023-12-04,2023-12-04T00:00:00Z,110.421875,110.4375,109.8125,109.890625,10121
2023-12-05,2023-12-05T00:00:00Z,110.125,110.65625,110.03125,110.625,5254
2023-12-06,2023-12-06T00:00:00Z,110.578125,110.9375,110.375,110.8125,1967
2023-12-07,2023-12-07T00:00:00Z,110.765625,110.875,110.34375,110.84375,2331
2023-12-08,2023-12-08T00:00:00Z,110.71875,110.71875,109.765625,109.96875,1922
2023-12-11,2023-12-11T00:00:00Z,110.03125,110.109375,109.6875,110.03125,1400
2023-12-12,2023-12-12T00:00:00Z,110.09375,110.5,109.953125,110.25,2156
2023-12-13,2023-12-13T00:00:00Z,110.3125,111.8125,110.28125,111.609375,1154
2023-12-14,2023-12-14T00:00:00Z,111.6875,112.578125,111.609375,112.234375,1286
2023-12-15,2023-12-15T00:00:00Z,112.359375,112.484375,111.90625,112.109375,631
2023-12-18,2023-12-18T00:00:00Z,112.15625,112.265625,111.953125,111.953125,56
2023-12-19,2023-12-19T00:00:00Z,112.25,112.3125,112.15625,112.1875,1122344
2023-12-20,2023-12-20T00:00:00Z,112.375,112.984375,112.34375,112.78125,1444999
2023-12-21,2023-12-21T00:00:00Z,112.953125,113.140625,112.578125,112.671875,1454535
2023-12-22,2023-12-22T00:00:00Z,112.6875,112.96875,112.5,112.59375,916300
2023-12-26,2023-12-26T00:00:00Z,112.671875,112.75,112.546875,112.71875,396317
2023-12-27,2023-12-27T00:00:00Z,112.640625,113.375,112.5625,113.328125,906098
2023-12-28,2023-12-28T00:00:00Z,113.234375,113.296875,112.796875,112.890625,994945
2023-12-29,2023-12-29T00:00:00Z,112.921875,113.03125,112.5625,112.890625,1252433
2024-01-02,2024-01-02T00:00:00Z,112.6875,112.828125,112.125,112.296875,1514587
2024-01-03,2024-01-03T00:00:00Z,112.375,112.625,111.875,112.515625,2040430
2024-01-04,2024-01-04T00:00:00Z,112.40625,112.59375,111.859375,111.984375,1658449
2024-01-05,2024-01-05T00:00:00Z,111.921875,112.3125,111.203125,111.71875,2513946
2024-01-08,2024-01-08T00:00:00Z,111.71875,112.28125,111.484375,112.046875,1805485
2024-01-09,2024-01-09T00:00:00Z,111.828125,112.0625,111.6875,111.90625,1416395
2024-01-10,2024-01-10T00:00:00Z,111.953125,112.21875,111.78125,111.875,1564442
2024-01-11,2024-01-11T00:00:00Z,111.875,112.5,111.609375,112.34375,2515475
2024-01-12,2024-01-12T00:00:00Z,112.40625,112.828125,112.09375,112.59375,2107650
2024-01-16,2024-01-16T00:00:00Z,112.5625,112.578125,111.703125,111.84375,2537733
2024-01-17,2024-01-17T00:00:00Z,111.90625,112.046875,111.28125,111.421875,2139591
2024-01-18,2024-01-18T00:00:00Z,111.421875,111.65625,111.140625,111.203125,1703768
2024-01-19,2024-01-19T00:00:00Z,111.21875,111.296875,110.8125,111.125,1538398
2024-01-22,2024-01-22T00:00:00Z,111.234375,111.609375,111.140625,111.5,1325752
2024-01-23,2024-01-23T00:00:00Z,111.421875,111.53125,111.125,111.21875,1268992
2024-01-24,2024-01-24T00:00:00Z,111.265625,111.609375,110.921875,110.96875,1977841
2024-01-25,2024-01-25T00:00:00Z,111.0,111.40625,110.828125,111.3125,2037400
2024-01-26,2024-01-26T00:00:00Z,111.375,111.5625,111.0,111.03125,1547788
2024-01-29,2024-01-29T00:00:00Z,111.28125,111.71875,111.15625,111.515625,1679052
2024-01-30,2024-01-30T00:00:00Z,111.59375,111.859375,111.34375,111.625,1873442
2024-01-31,2024-01-31T00:00:00Z,111.796875,112.640625,111.734375,112.328125,3568859
2024-02-01,2024-02-01T00:00:00Z,112.578125,113.203125,112.296875,112.890625,2793826
2024-02-02,2024-02-02T00:00:00Z,112.78125,112.859375,111.5,111.65625,2866659
2024-02-05,2024-02-05T00:00:00Z,111.65625,111.671875,110.703125,110.78125,2189485
2024-02-06,2024-02-06T00:00:00Z,110.828125,111.390625,110.734375,111.28125,1948478
2024-02-07,2024-02-07T00:00:00Z,111.25,111.515625,111.03125,111.1875,1847712
2024-02-08,2024-02-08T00:00:00Z,111.140625,111.234375,110.71875,110.75,1543912
2024-02-09,2024-02-09T00:00:00Z,110.84375,111.03125,110.5,110.578125,1591527
2024-02-12,2024-02-12T00:00:00Z,110.640625,110.875,110.546875,110.71875,1128359
2024-02-13,2024-02-13T00:00:00Z,110.671875,111.21875,109.53125,109.625,2517033
2024-02-14,2024-02-14T00:00:00Z,109.640625,110.15625,109.515625,110.015625,1978428
2024-02-15,2024-02-15T00:00:00Z,110.0625,110.546875,110.015625,110.171875,1963091
2024-02-16,2024-02-16T00:00:00Z,110.203125,110.234375,109.46875,109.75,1907336
2024-02-20,2024-02-20T00:00:00Z,109.796875,110.15625,109.59375,109.9375,1865702
2024-02-21,2024-02-21T00:00:00Z,109.9375,110.125,109.5625,109.625,2325483
2024-02-22,2024-02-22T00:00:00Z,109.640625,109.75,109.3125,109.5,4468034
2024-02-23,2024-02-23T00:00:00Z,109.53125,109.96875,109.28125,109.875,4246944
2024-02-26,2024-02-26T00:00:00Z,109.828125,110.125,109.5,109.609375,5341315
2024-02-27,2024-02-27T00:00:00Z,109.71875,109.875,109.46875,109.53125,2419680
2024-02-28,2024-02-28T00:00:00Z,109.578125,109.890625,109.546875,109.8125,486902
2024-02-29,2024-02-29T00:00:00Z,109.875,110.125,109.5,109.921875,85058
2024-03-01,2024-03-01T00:00:00Z,109.96875,110.515625,109.671875,110.5,27414
2024-03-04,2024-03-04T00:00:00Z,110.453125,110.453125,110.140625,110.21875,6256
2024-03-05,2024-03-05T00:00:00Z,110.21875,110.921875,110.21875,110.75,8342
2024-03-06,2024-03-06T00:00:00Z,110.625,111.125,110.53125,110.921875,4327
2024-03-07,2024-03-07T00:00:00Z,110.921875,111.203125,110.828125,111.078125,4681
2024-03-08,2024-03-08T00:00:00Z,111.21875,111.5,110.9375,111.140625,1714
2024-03-11,2024-03-11T00:00:00Z,111.265625,111.328125,110.96875,111.015625,1012
2024-03-12,2024-03-12T00:00:00Z,111.078125,111.109375,110.59375,110.609375,3615
2024-03-13,2024-03-13T00:00:00Z,110.75,110.796875,110.40625,110.40625,226
2024-03-14,2024-03-14T00:00:00Z,110.40625,110.484375,109.734375,109.734375,2067
2024-03-15,2024-03-15T00:00:00Z,109.8125,109.8125,109.53125,109.609375,746
2024-03-18,2024-03-18T00:00:00Z,109.59375,109.6875,109.359375,109.359375,228
2024-03-19,2024-03-19T00:00:00Z,109.9375,109.9375,109.671875,109.671875,1484543
2024-03-20,2024-03-20T00:00:00Z,110.140625,110.6875,110.046875,110.4375,1804600
2024-03-21,2024-03-21T00:00:00Z,110.4375,110.828125,110.265625,110.390625,1864162
2024-03-22,2024-03-22T00:00:00Z,110.40625,110.875,110.390625,110.75,1352658
2024-03-25,2024-03-25T00:00:00Z,110.859375,110.9375,110.46875,110.515625,1123679
2024-03-26,2024-03-26T00:00:00Z,110.5625,110.734375,110.359375,110.640625,1308297
2024-03-27,2024-03-27T00:00:00Z,110.65625,110.984375,110.5625,110.875,1466914
2024-03-28,2024-03-28T00:00:00Z,110.890625,110.890625,110.53125,110.796875,1851548
2024-04-01,2024-04-01T00:00:00Z,110.796875,110.90625,109.859375,109.921875,1439886
2024-04-02,2024-04-02T00:00:00Z,110.046875,110.09375,109.453125,109.71875,2241221
2024-04-03,2024-04-03T00:00:00Z,109.765625,109.859375,109.296875,109.796875,2333649
2024-04-04,2024-04-04T00:00:00Z,109.890625,110.1875,109.625,110.125,2198530
2024-04-05,2024-04-05T00:00:00Z,110.09375,110.171875,109.453125,109.65625,2387012
2024-04-08,2024-04-08T00:00:00Z,109.40625,109.421875,109.0625,109.265625,1884106
2024-04-09,2024-04-09T00:00:00Z,109.265625,109.71875,109.203125,109.640625,1645443
2024-04-10,2024-04-10T00:00:00Z,109.640625,109.828125,108.171875,108.203125,3560419
2024-04-11,2024-04-11T00:00:00Z,108.28125,108.515625,107.859375,108.109375,3034817
2024-04-12,2024-04-12T00:00:00Z,108.03125,108.796875,108.015625,108.6875,2503302
2024-04-15,2024-04-15T00:00:00Z,108.671875,108.6875,107.578125,107.890625,3265675
2024-04-16,2024-04-16T00:00:00Z,108.046875,108.125,107.421875,107.671875,2874408
2024-04-17,2024-04-17T00:00:00Z,107.578125,108.25,107.484375,108.15625,2317526
2024-04-18,2024-04-18T00:00:00Z,108.109375,108.328125,107.640625,107.703125,2240406
2024-04-19,2024-04-19T00:00:00Z,107.78125,108.703125,107.765625,107.90625,2268383
2024-04-22,2024-04-22T00:00:00Z,107.6875,107.96875,107.546875,107.859375,1414828
2024-04-23,2024-04-23T00:00:00Z,107.921875,108.25,107.640625,108.078125,2013413
2024-04-24,2024-04-24T00:00:00Z,108.03125,108.0625,107.625,107.734375,2003168
2024-04-25,2024-04-25T00:00:00Z,107.8125,108.03125,107.125,107.359375,2584220
2024-04-26,2024-04-26T00:00:00Z,107.359375,107.859375,107.28125,107.578125,1825113
2024-04-29,2024-04-29T00:00:00Z,107.578125,107.984375,107.578125,107.953125,1590605
2024-04-30,2024-04-30T00:00:00Z,107.921875,108.015625,107.390625,107.4375,2697134
2024-05-01,2024-05-01T00:00:00Z,107.453125,108.203125,107.390625,108.109375,2218852
2024-05-02,2024-05-02T00:00:00Z,107.890625,108.375,107.78125,108.359375,2083746
2024-05-03,2024-05-03T00:00:00Z,108.234375,109.296875,108.1875,108.859375,2883515
2024-05-06,2024-05-06T00:00:00Z,108.78125,109.046875,108.71875,108.890625,1242860
2024-05-07,2024-05-07T00:00:00Z,108.890625,109.28125,108.8125,109.015625,1719822
2024-05-08,2024-05-08T00:00:00Z,109.015625,109.09375,108.765625,108.828125,1633702
2024-05-09,2024-05-09T00:00:00Z,108.8125,109.109375,108.609375,109.09375,1881170
2024-05-10,2024-05-10T00:00:00Z,109.015625,109.109375,108.671875,108.703125,1473969
2024-05-13,2024-05-13T00:00:00Z,108.734375,109.0,108.71875,108.828125,1216286
2024-05-14,2024-05-14T00:00:00Z,108.765625,109.109375,108.46875,109.09375,1824374
2024-05-15,2024-05-15T00:00:00Z,109.09375,109.828125,109.015625,109.71875,2721526
2024-05-16,2024-05-16T00:00:00Z,109.765625,109.984375,109.4375,109.484375,1820317
2024-05-17,2024-05-17T00:00:00Z,109.484375,109.578125,109.15625,109.1875,1290257
2024-05-20,2024-05-20T00:00:00Z,109.171875,109.28125,108.953125,109.09375,1156162
2024-05-21,2024-05-21T00:00:00Z,109.0,109.328125,108.984375,109.234375,1502913
2024-05-22,2024-05-22T00:00:00Z,109.21875,109.25,108.890625,109.03125,2186516
2024-05-23,2024-05-23T00:00:00Z,109.078125,109.1875,108.546875,108.71875,3996052
2024-05-24,2024-05-24T00:00:00Z,108.6875,108.796875,108.5,108.703125,3512151
2024-05-28,2024-05-28T00:00:00Z,108.78125,108.90625,108.203125,108.296875,4805222
2024-05-29,2024-05-29T00:00:00Z,108.21875,108.265625,107.671875,107.765625,2233059
2024-05-30,2024-05-30T00:00:00Z,107.828125,108.296875,107.71875,108.234375,628261
2024-05-31,2024-05-31T00:00:00Z,108.28125,108.6875,108.109375,108.484375,96326
2024-06-03,2024-06-03T00:00:00Z,108.609375,109.296875,108.59375,109.25,15504
2024-06-04,2024-06-04T00:00:00Z,109.296875,109.828125,109.15625,109.703125,14941
2024-06-05,2024-06-05T00:00:00Z,109.734375,110.046875,109.515625,109.984375,9175
2024-06-06,2024-06-06T00:00:00Z,110.0,110.09375,109.796875,110.0625,5388
2024-06-07,2024-06-07T00:00:00Z,109.953125,110.21875,108.984375,109.046875,10077
2024-06-10,2024-06-10T00:00:00Z,108.921875,108.96875,108.796875,108.828125,406
2024-06-11,2024-06-11T00:00:00Z,108.921875,109.28125,108.890625,109.28125,6144
2024-06-12,2024-06-12T00:00:00Z,109.25,110.5,109.25,110.03125,7640
2024-06-13,2024-06-13T00:00:00Z,109.96875,110.625,109.859375,110.421875,2546
2024-06-14,2024-06-14T00:00:00Z,110.28125,110.5625,110.203125,110.46875,1270
2024-06-17,2024-06-17T00:00:00Z,110.65625,110.65625,110.015625,110.0625,1275
2024-06-18,2024-06-18T00:00:00Z,110.171875,110.5,110.15625,110.484375,1819290
2024-06-20,2024-06-20T00:00:00Z,110.71875,110.828125,110.265625,110.546875,1722710
2024-06-21,2024-06-21T00:00:00Z,110.453125,110.796875,110.359375,110.5,1435596
2024-06-24,2024-06-24T00:00:00Z,110.453125,110.6875,110.359375,110.53125,1193239
2024-06-25,2024-06-25T00:00:00Z,110.640625,110.78125,110.4375,110.59375,1574033
2024-06-26,2024-06-26T00:00:00Z,110.53125,110.5625,109.96875,110.0625,1869887
2024-06-27,2024-06-27T00:00:00Z,110.0,110.359375,109.859375,110.25,1948452
2024-06-28,2024-06-28T00:00:00Z,110.234375,110.5,109.609375,109.984375,3146809
2024-07-01,2024-07-01T00:00:00Z,109.59375,109.75,109.078125,109.171875,2221764
2024-07-02,2024-07-02T00:00:00Z,109.25,109.609375,109.21875,109.46875,1719084
2024-07-03,2024-07-03T00:00:00Z,109.453125,110.125,109.375,110.046875,1766051
2024-07-05,2024-07-05T00:00:00Z,109.96875,110.625,109.546875,110.609375,1979719
2024-07-08,2024-07-08T00:00:00Z,110.5625,110.640625,110.3125,110.59375,1282523
2024-07-09,2024-07-09T00:00:00Z,110.5,110.5625,110.21875,110.40625,1622679
2024-07-10,2024-07-10T00:00:00Z,110.4375,110.625,110.3125,110.5,1671220
2024-07-11,2024-07-11T00:00:00Z,110.484375,111.328125,110.40625,111.15625,2754645
2024-07-12,2024-07-12T00:00:00Z,111.015625,111.265625,110.796875,111.1875,1993977
2024-07-15,2024-07-15T00:00:00Z,111.0,111.203125,110.765625,110.984375,1879264
2024-07-16,2024-07-16T00:00:00Z,110.9375,111.421875,110.9375,111.328125,2198585
2024-07-17,2024-07-17T00:00:00Z,111.40625,111.46875,111.109375,111.4375,1811339
2024-07-18,2024-07-18T00:00:00Z,111.390625,111.421875,111.09375,111.21875,1862237
2024-07-19,2024-07-19T00:00:00Z,111.125,111.234375,110.78125,110.828125,1573847
2024-07-22,2024-07-22T00:00:00Z,110.9375,111.03125,110.578125,110.71875,1409017
2024-07-23,2024-07-23T00:00:00Z,110.75,111.0,110.71875,110.875,1402604
2024-07-24,2024-07-24T00:00:00Z,110.75,111.140625,110.609375,110.671875,2637572
2024-07-25,2024-07-25T00:00:00Z,110.640625,111.265625,110.640625,110.796875,3055709
2024-07-26,2024-07-26T00:00:00Z,110.890625,111.265625,110.734375,111.203125,1856623
2024-07-29,2024-07-29T00:00:00Z,111.234375,111.515625,111.203125,111.34375,1565130
2024-07-30,2024-07-30T00:00:00Z,111.328125,111.65625,111.25,111.5625,1781389
2024-07-31,2024-07-31T00:00:00Z,111.5625,112.328125,111.46875,111.8125,3268894
2024-08-01,2024-08-01T00:00:00Z,112.28125,112.8125,112.046875,112.734375,3433253
2024-08-02,2024-08-02T00:00:00Z,112.75,114.25,112.65625,114.140625,4296366
2024-08-05,2024-08-05T00:00:00Z,114.171875,115.109375,113.765625,114.078125,3977072
2024-08-06,2024-08-06T00:00:00Z,114.015625,114.09375,113.21875,113.390625,2774865
2024-08-07,2024-08-07T00:00:00Z,113.515625,113.53125,112.8125,112.890625,2615001
2024-08-08,2024-08-08T00:00:00Z,113.078125,113.4375,112.515625,112.65625,2433664
2024-08-09,2024-08-09T00:00:00Z,112.703125,113.15625,112.671875,112.953125,1433071
2024-08-12,2024-08-12T00:00:00Z,112.9375,113.296875,112.78125,113.234375,1577280
2024-08-13,2024-08-13T00:00:00Z,113.296875,113.6875,113.109375,113.625,1726759
2024-08-14,2024-08-14T00:00:00Z,113.6875,114.0625,113.421875,113.765625,2029311
2024-08-15,2024-08-15T00:00:00Z,113.6875,113.71875,112.796875,112.953125,2308793
2024-08-16,2024-08-16T00:00:00Z,113.03125,113.375,112.890625,113.109375,1717942
2024-08-19,2024-08-19T00:00:00Z,113.109375,113.359375,112.96875,113.21875,1352232
2024-08-20,2024-08-20T00:00:00Z,113.21875,113.640625,113.109375,113.5625,1626916
2024-08-21,2024-08-21T00:00:00Z,113.640625,114.03125,113.453125,113.890625,2634704
2024-08-22,2024-08-22T00:00:00Z,113.734375,113.84375,113.171875,113.296875,3456441
2024-08-23,2024-08-23T00:00:00Z,113.34375,113.8125,113.265625,113.703125,3189187
2024-08-26,2024-08-26T00:00:00Z,113.75,113.9375,113.5625,113.59375,4044694
2024-08-27,2024-08-27T00:00:00Z,113.59375,113.640625,113.265625,113.515625,6299327
2024-08-28,2024-08-28T00:00:00Z,113.578125,113.71875,113.46875,113.53125,1816714
2024-08-29,2024-08-29T00:00:00Z,113.515625,113.65625,113.1875,113.3125,361182
2024-08-30,2024-08-30T00:00:00Z,113.375,113.40625,112.9375,113.046875,33598
2024-09-03,2024-09-03T00:00:00Z,113.0,113.640625,112.890625,113.484375,17198
2024-09-04,2024-09-04T00:00:00Z,113.546875,114.109375,113.53125,114.03125,8236
2024-09-05,2024-09-05T00:00:00Z,114.09375,114.375,113.984375,114.234375,7329
2024-09-06,2024-09-06T00:00:00Z,114.234375,114.640625,113.71875,114.515625,3050
2024-09-09,2024-09-09T00:00:00Z,114.421875,114.5625,114.21875,114.515625,3050
2024-09-10,2024-09-10T00:00:00Z,114.421875,114.921875,114.40625,114.921875,1342
2024-09-11,2024-09-11T00:00:00Z,115.0,115.203125,114.578125,114.78125,1058
2024-09-12,2024-09-12T00:00:00Z,114.65625,114.765625,114.515625,114.6875,782
2024-09-13,2024-09-13T00:00:00Z,114.9375,115.03125,114.796875,114.921875,469
2024-09-16,2024-09-16T00:00:00Z,114.921875,115.078125,114.921875,115.078125,2285
2024-09-17,2024-09-17T00:00:00Z,115.1875,115.21875,114.859375,114.921875,2910
2024-09-18,2024-09-18T00:00:00Z,114.96875,114.96875,114.53125,114.640625,405
2024-09-19,2024-09-19T00:00:00Z,114.59375,114.859375,114.21875,114.328125,2317517
2024-09-20,2024-09-20T00:00:00Z,114.90625,115.0,114.53125,114.84375,1884141
2024-09-23,2024-09-23T00:00:00Z,114.71875,114.828125,114.359375,114.765625,1834960
2024-09-24,2024-09-24T00:00:00Z,114.6875,114.90625,114.296875,114.84375,2043257
2024-09-25,2024-09-25T00:00:00Z,114.890625,114.921875,114.46875,114.546875,1697399
2024-09-26,2024-09-26T00:00:00Z,114.515625,114.75,114.21875,114.40625,2098994
2024-09-27,2024-09-27T00:00:00Z,114.34375,114.78125,114.25,114.734375,1961298
2024-09-30,2024-09-30T00:00:00Z,114.734375,114.75,114.234375,114.28125,2461714
2024-10-01,2024-10-01T00:00:00Z,114.390625,115.015625,114.34375,114.6875,2565634
2024-10-02,2024-10-02T00:00:00Z,114.75,114.8125,114.21875,114.421875,1824431
2024-10-03,2024-10-03T00:00:00Z,114.40625,114.453125,113.890625,113.90625,2060271
2024-10-04,2024-10-04T00:00:00Z,113.9375,114.046875,112.8125,112.84375,3056066
2024-10-07,2024-10-07T00:00:00Z,112.8125,112.890625,112.421875,112.484375,2482450
2024-10-08,2024-10-08T00:00:00Z,112.515625,112.75,112.3125,112.46875,1626785
2024-10-09,2024-10-09T00:00:00Z,112.578125,112.65625,112.109375,112.203125,1677790
2024-10-10,2024-10-10T00:00:00Z,112.125,112.359375,111.6875,112.078125,2695481
2024-10-11,2024-10-11T00:00:00Z,112.265625,112.3125,111.953125,112.25,1485457
2024-10-14,2024-10-14T00:00:00Z,112.09375,112.125,111.71875,111.859375,718242
2024-10-15,2024-10-15T00:00:00Z,112.0,112.484375,111.96875,112.4375,1780932
2024-10-16,2024-10-16T00:00:00Z,112.4375,112.6875,112.40625,112.53125,1540190
2024-10-17,2024-10-17T00:00:00Z,112.546875,112.5625,112.0,112.046875,1877074
2024-10-18,2024-10-18T00:00:00Z,112.109375,112.296875,111.921875,112.21875,1539530
2024-10-21,2024-10-21T00:00:00Z,112.171875,112.21875,111.4375,111.515625,2004525
2024-10-22,2024-10-22T00:00:00Z,111.4375,111.640625,111.28125,111.34375,2321739
2024-10-23,2024-10-23T00:00:00Z,111.296875,111.359375,110.953125,111.03125,1944719
2024-10-24,2024-10-24T00:00:00Z,111.015625,111.421875,110.96875,111.28125,1995070
2024-10-25,2024-10-25T00:00:00Z,111.203125,111.4375,110.921875,111.0625,1949563
2024-10-28,2024-10-28T00:00:00Z,110.30500030517578,111.0199966430664,110.18499755859375,110.703125,2056790
2024-10-30,2024-10-30T00:00:00Z,110.27999877929688,111.06500244140625,110.13500213623047,110.703125,2755014
2024-10-31,2024-10-31T00:00:00Z,110.453125,110.625,110.140625,110.46875,3372923
2024-11-01,2024-11-01T00:00:00Z,110.421875,110.9375,109.859375,110.03125,3154639
2024-11-04,2024-11-04T00:00:00Z,110.296875,110.671875,110.21875,110.359375,2034586
2024-11-06,2024-11-06T00:00:00Z,110.484375,110.671875,109.21875,109.546875,4168617
2024-11-07,2024-11-07T00:00:00Z,109.515625,110.296875,109.4375,110.1875,2960011
2024-11-08,2024-11-08T00:00:00Z,110.265625,110.609375,110.109375,110.28125,2175011
2024-11-11,2024-11-11T00:00:00Z,110.203125,110.234375,109.796875,109.90625,757689
2024-11-12,2024-11-12T00:00:00Z,110.0,110.140625,109.3125,109.421875,2207860
2024-11-13,2024-11-13T00:00:00Z,109.40625,109.953125,109.28125,109.421875,2367189
2024-11-14,2024-11-14T00:00:00Z,109.40625,109.78125,109.125,109.546875,2313406
2024-11-15,2024-11-15T00:00:00Z,109.359375,109.734375,108.9375,109.53125,2503718
2024-11-18,2024-11-18T00:00:00Z,109.421875,109.6875,109.140625,109.625,1430816
2024-11-19,2024-11-19T00:00:00Z,109.609375,110.140625,109.59375,109.84375,2172126
2024-11-20,2024-11-20T00:00:00Z,109.71875,109.8125,109.453125,109.6875,1945465
2024-11-21,2024-11-21T00:00:00Z,109.640625,109.890625,109.453125,109.5,3604589
2024-11-22,2024-11-22T00:00:00Z,109.546875,109.828125,109.515625,109.640625,3672423
2024-11-25,2024-11-25T00:00:00Z,110.09375,110.5625,109.84375,110.53125,4813867
2024-11-26,2024-11-26T00:00:00Z,110.453125,110.546875,110.171875,110.328125,2106572
2024-11-27,2024-11-27T00:00:00Z,110.328125,110.84375,110.28125,110.734375,571957
2024-11-29,2024-11-29T00:00:00Z,110.578125,111.0625,110.5625,111.015625,31510
2024-12-02,2024-12-02T00:00:00Z,111.0,111.09375,110.578125,110.953125,33571
2024-12-03,2024-12-03T00:00:00Z,111.03125,111.15625,110.71875,110.8125,11054
2024-12-04,2024-12-04T00:00:00Z,110.734375,111.125,110.421875,111.109375,8038
2024-12-05,2024-12-05T00:00:00Z,111.09375,111.109375,110.75,111.0625,1920
2024-12-06,2024-12-06T00:00:00Z,111.046875,111.484375,110.953125,111.328125,3020
2024-12-09,2024-12-09T00:00:00Z,111.296875,111.4375,110.984375,111.0625,1510
2024-12-10,2024-12-10T00:00:00Z,111.015625,111.015625,110.6875,110.875,274
2024-12-11,2024-12-11T00:00:00Z,110.828125,111.015625,110.609375,110.609375,1454
2024-12-12,2024-12-12T00:00:00Z,110.546875,110.671875,110.265625,110.3125,2450
2024-12-13,2024-12-13T00:00:00Z,110.234375,110.34375,109.828125,109.828125,286
2024-12-16,2024-12-16T00:00:00Z,109.921875,110.03125,109.78125,109.8125,335
2024-12-17,2024-12-17T00:00:00Z,109.703125,109.9375,109.5625,109.890625,901
2024-12-18,2024-12-18T00:00:00Z,109.921875,109.953125,109.0625,109.0625,377
2024-12-19,2024-12-19T00:00:00Z,108.875,108.875,108.65625,108.703125,2315566
2024-12-20,2024-12-20T00:00:00Z,108.609375,109.265625,108.609375,108.96875,1686885
2024-12-23,2024-12-23T00:00:00Z,108.953125,109.015625,108.46875,108.46875,1104605
2024-12-24,2024-12-24T00:00:00Z,108.546875,108.609375,108.296875,108.5625,672210
2024-12-26,2024-12-26T00:00:00Z,108.53125,108.6875,108.203125,108.65625,1018693
2024-12-27,2024-12-27T00:00:00Z,108.609375,108.71875,108.359375,108.4375,989566
2024-12-30,2024-12-30T00:00:00Z,108.4375,109.046875,108.375,108.96875,1036401
2024-12-31,2024-12-31T00:00:00Z,109.03125,109.1875,108.703125,108.75,1185966
2025-01-02,2025-01-02T00:00:00Z,108.78125,109.171875,108.578125,108.8125,1518823
2025-01-03,2025-01-03T00:00:00Z,108.890625,109.046875,108.59375,108.640625,1115634
2025-01-06,2025-01-06T00:00:00Z,108.59375,108.796875,108.328125,108.53125,1911409
2025-01-07,2025-01-07T00:00:00Z,108.46875,108.625,108.046875,108.171875,1975306
2025-01-08,2025-01-08T00:00:00Z,108.15625,108.328125,107.890625,108.140625,2011218
2025-01-09,2025-01-09T00:00:00Z,108.1875,108.4375,108.15625,108.21875,929110
2025-01-10,2025-01-10T00:00:00Z,108.1875,108.28125,107.359375,107.390625,2708327
2025-01-13,2025-01-13T00:00:00Z,107.484375,107.484375,107.1875,107.234375,1749843
2025-01-14,2025-01-14T00:00:00Z,107.359375,107.578125,107.21875,107.359375,1774922
2025-01-15,2025-01-15T00:00:00Z,107.328125,108.40625,107.3125,108.328125,2701553
2025-01-16,2025-01-16T00:00:00Z,108.296875,108.75,108.0,108.609375,2404600
2025-01-17,2025-01-17T00:00:00Z,108.5625,108.859375,108.40625,108.546875,1684662
2025-01-21,2025-01-21T00:00:00Z,108.4375,109.125,108.265625,108.734375,2192016
2025-01-22,2025-01-22T00:00:00Z,108.703125,108.875,108.4375,108.5625,1461780
2025-01-23,2025-01-23T00:00:00Z,108.484375,108.609375,108.1875,108.375,1604316
2025-01-24,2025-01-24T00:00:00Z,108.3125,108.65625,108.234375,108.46875,1712361
2025-01-27,2025-01-27T00:00:00Z,108.515625,109.375,108.5,109.15625,2872051
2025-01-28,2025-01-28T00:00:00Z,109.0625,109.15625,108.796875,109.03125,1737620
2025-01-29,2025-01-29T00:00:00Z,109.125,109.28125,108.6875,108.953125,1945831
2025-01-30,2025-01-30T00:00:00Z,109.109375,109.40625,109.015625,109.234375,1841303
2025-01-31,2025-01-31T00:00:00Z,109.1875,109.296875,108.78125,108.84375,2741218
2025-02-03,2025-02-03T00:00:00Z,108.875,109.484375,108.671875,108.953125,2890747
2025-02-04,2025-02-04T00:00:00Z,108.859375,109.234375,108.640625,109.203125,1922171
2025-02-05,2025-02-05T00:00:00Z,109.171875,109.90625,109.078125,109.75,2376219
2025-02-06,2025-02-06T00:00:00Z,109.75,109.78125,109.4375,109.578125,1964724
2025-02-07,2025-02-07T00:00:00Z,109.578125,110.0,109.03125,109.234375,2465327
2025-02-10,2025-02-10T00:00:00Z,109.171875,109.421875,109.078125,109.21875,1385561
2025-02-11,2025-02-11T00:00:00Z,109.1875,109.296875,108.875,108.953125,1280172
2025-02-12,2025-02-12T00:00:00Z,108.953125,109.15625,108.125,108.265625,2918349
2025-02-13,2025-02-13T00:00:00Z,108.34375,109.03125,108.3125,108.96875,2747968
2025-02-14,2025-02-14T00:00:00Z,108.921875,109.484375,108.8125,109.3125,1931357
2025-02-18,2025-02-18T00:00:00Z,109.265625,109.34375,108.734375,108.84375,1889269
2025-02-19,2025-02-19T00:00:00Z,108.796875,109.0,108.671875,108.953125,2635841
2025-02-20,2025-02-20T00:00:00Z,108.953125,109.25,108.953125,109.171875,2332461
2025-02-21,2025-02-21T00:00:00Z,109.125,109.75,109.109375,109.6875,3716810
2025-02-24,2025-02-24T00:00:00Z,109.546875,109.90625,109.421875,109.875,4588117
2025-02-25,2025-02-25T00:00:00Z,109.8125,110.625,109.8125,110.515625,5598071
2025-02-26,2025-02-26T00:00:00Z,110.515625,110.875,110.25,110.84375,2201257
2025-02-27,2025-02-27T00:00:00Z,110.765625,110.859375,110.421875,110.609375,456329
2025-02-28,2025-02-28T00:00:00Z,110.765625,111.25,110.703125,111.0625,46352
2025-03-03,2025-03-03T00:00:00Z,110.984375,111.59375,110.828125,111.375,24895
2025-03-05,2025-03-05T00:00:00Z,110.90625,111.453125,110.6875,110.84375,9145
2025-03-06,2025-03-06T00:00:00Z,110.640625,110.90625,110.390625,110.78125,6317
2025-03-07,2025-03-07T00:00:00Z,110.8125,111.28125,110.46875,110.546875,8439
2025-03-10,2025-03-10T00:00:00Z,110.875,111.359375,110.703125,111.28125,2226
2025-03-11,2025-03-11T00:00:00Z,111.6875,111.765625,110.8125,110.8125,1291
2025-03-12,2025-03-12T00:00:00Z,110.875,110.953125,110.546875,110.625,1420
2025-03-13,2025-03-13T00:00:00Z,110.796875,110.96875,110.390625,110.90625,1827
2025-03-14,2025-03-14T00:00:00Z,110.84375,110.84375,110.5625,110.625,812
2025-03-17,2025-03-17T00:00:00Z,110.625,110.859375,110.515625,110.59375,1121
2025-03-18,2025-03-18T00:00:00Z,110.65625,110.84375,110.53125,110.78125,708
2025-03-19,2025-03-19T00:00:00Z,110.6875,111.03125,110.5,110.984375,1749
2025-03-20,2025-03-20T00:00:00Z,111.375,111.375,111.15625,111.15625,2032458
2025-03-21,2025-03-21T00:00:00Z,111.109375,111.421875,111.0,111.09375,1709864
2025-03-24,2025-03-24T00:00:00Z,111.078125,111.09375,110.484375,110.546875,1491560
2025-03-25,2025-03-25T00:00:00Z,110.53125,110.8125,110.3125,110.75,1630966
2025-03-26,2025-03-26T00:00:00Z,110.671875,110.71875,110.390625,110.5625,1728532
2025-03-27,2025-03-27T00:00:00Z,110.5,110.65625,110.1875,110.421875,2098828
2025-03-28,2025-03-28T00:00:00Z,110.46875,111.25,110.46875,111.203125,2440313
2025-03-31,2025-03-31T00:00:00Z,111.296875,111.703125,111.125,111.21875,2939461
2025-04-01,2025-04-01T00:00:00Z,111.421875,111.953125,111.359375,111.78125,2637829
2025-04-02,2025-04-02T00:00:00Z,111.671875,112.078125,111.15625,111.5,3280446
2025-04-03,2025-04-03T00:00:00Z,112.1875,113.0625,112.171875,112.640625,4419043
2025-04-04,2025-04-04T00:00:00Z,112.796875,114.109375,112.71875,113.046875,5909934
2025-04-07,2025-04-07T00:00:00Z,113.578125,114.3125,111.484375,112.0625,5938458
2025-04-08,2025-04-08T00:00:00Z,111.859375,112.25,111.25,111.46875,4555093
2025-04-09,2025-04-09T00:00:00Z,111.375,111.625,110.03125,110.328125,5565656
2025-04-10,2025-04-10T00:00:00Z,110.765625,111.34375,110.3125,110.59375,3477955
2025-04-11,2025-04-11T00:00:00Z,110.328125,110.65625,109.25,109.734375,3493055
2025-04-14,2025-04-14T00:00:00Z,109.796875,110.78125,109.40625,110.75,1903624
2025-04-15,2025-04-15T00:00:00Z,110.671875,111.1875,110.46875,111.078125,1962772
2025-04-16,2025-04-16T00:00:00Z,110.96875,111.546875,110.90625,111.421875,1879966
2025-04-17,2025-04-17T00:00:00Z,111.4375,111.5,111.046875,111.171875,1399843
2025-04-21,2025-04-21T00:00:00Z,111.125,111.28125,110.6875,110.8125,1308194
2025-04-22,2025-04-22T00:00:00Z,110.734375,110.9375,110.515625,110.796875,1435700
2025-04-23,2025-04-23T00:00:00Z,110.78125,111.578125,110.578125,110.65625,2458444
2025-04-24,2025-04-24T00:00:00Z,110.640625,111.25,110.640625,111.21875,1509798
2025-04-25,2025-04-25T00:00:00Z,111.171875,111.703125,111.078125,111.515625,1306813
2025-04-28,2025-04-28T00:00:00Z,111.65625,111.96875,111.3125,111.90625,1341759
2025-04-29,2025-04-29T00:00:00Z,111.90625,112.234375,111.671875,112.15625,1470102
2025-04-30,2025-04-30T00:00:00Z,112.15625,112.5,111.828125,112.21875,2696662
2025-05-01,2025-05-01T00:00:00Z,112.328125,112.640625,111.765625,111.859375,1858910
2025-05-02,2025-05-02T00:00:00Z,111.921875,112.046875,111.0625,111.15625,2164601
2025-05-05,2025-05-05T00:00:00Z,111.25,111.421875,110.890625,111.0625,1132802
2025-05-06,2025-05-06T00:00:00Z,111.046875,111.390625,110.859375,111.3125,1351859
2025-05-07,2025-05-07T00:00:00Z,111.359375,111.6875,111.125,111.546875,1624092
2025-05-08,2025-05-08T00:00:00Z,111.578125,111.59375,110.6875,110.796875,1816067
2025-05-09,2025-05-09T00:00:00Z,110.765625,111.09375,110.734375,110.8125,1304833
2025-05-12,2025-05-12T00:00:00Z,110.5625,110.609375,110.046875,110.15625,2139733
2025-05-13,2025-05-13T00:00:00Z,110.078125,110.46875,109.9375,109.96875,1599843
2025-05-14,2025-05-14T00:00:00Z,110.140625,110.296875,109.609375,109.71875,1793275
2025-05-15,2025-05-15T00:00:00Z,109.65625,110.421875,109.578125,110.25,1896192
2025-05-16,2025-05-16T00:00:00Z,110.359375,110.671875,109.96875,110.328125,1520268
2025-05-19,2025-05-19T00:00:00Z,110.0,110.328125,109.625,110.140625,1982919
2025-05-20,2025-05-20T00:00:00Z,110.28125,110.453125,109.890625,110.203125,1806285
2025-05-21,2025-05-21T00:00:00Z,110.140625,110.328125,109.421875,109.5,2703320
2025-05-22,2025-05-22T00:00:00Z,109.453125,110.0,109.40625,109.828125,4241617
2025-05-23,2025-05-23T00:00:00Z,109.953125,110.546875,109.890625,110.078125,3928904
2025-05-27,2025-05-27T00:00:00Z,110.078125,110.5625,109.765625,110.515625,4341233
2025-05-28,2025-05-28T00:00:00Z,110.421875,110.484375,110.09375,110.21875,1681784
2025-05-29,2025-05-29T00:00:00Z,110.203125,110.71875,109.796875,110.640625,378925
2025-05-30,2025-05-30T00:00:00Z,110.609375,110.90625,110.546875,110.71875,70959
2025-06-02,2025-06-02T00:00:00Z,110.8125,110.8125,110.421875,110.46875,12227
2025-06-03,2025-06-03T00:00:00Z,110.515625,110.8125,110.375,110.453125,14227
2025-06-04,2025-06-04T00:00:00Z,110.546875,111.171875,110.40625,111.09375,5526
2025-06-05,2025-06-05T00:00:00Z,111.0625,111.375,110.734375,110.78125,0
2025-06-06,2025-06-06T00:00:00Z,110.8125,110.90625,109.9375,109.9375,4524
2025-06-09,2025-06-09T00:00:00Z,109.984375,110.234375,109.984375,110.171875,616
2025-06-10,2025-06-10T00:00:00Z,110.1875,110.40625,110.1875,110.21875,1149
2025-06-11,2025-06-11T00:00:00Z,110.28125,110.6875,110.03125,110.6875,1756
2025-06-12,2025-06-12T00:00:00Z,110.765625,111.125,110.71875,111.046875,4180
2025-06-13,2025-06-13T00:00:00Z,111.296875,111.34375,110.453125,110.625,4244
2025-06-16,2025-06-16T00:00:00Z,110.625,110.703125,110.5,110.5,860
2025-06-17,2025-06-17T00:00:00Z,110.546875,110.890625,110.53125,110.84375,2901
2025-06-18,2025-06-18T00:00:00Z,110.9375,111.140625,110.609375,111.0625,0
2025-06-20,2025-06-20T00:00:00Z,110.796875,111.09375,110.5,110.984375,1787188
2025-06-23,2025-06-23T00:00:00Z,111.109375,111.640625,110.78125,111.453125,1879463
2025-06-24,2025-06-24T00:00:00Z,111.25,111.6875,111.15625,111.65625,1865858
2025-06-25,2025-06-25T00:00:00Z,111.59375,111.75,111.359375,111.6875,1431141
2025-06-26,2025-06-26T00:00:00Z,111.671875,112.09375,111.65625,112.015625,1844008
2025-06-27,2025-06-27T00:00:00Z,112.046875,112.0625,111.703125,111.8125,1739692
2025-06-30,2025-06-30T00:00:00Z,111.78125,112.171875,111.6875,112.125,1973788
2025-07-01,2025-07-01T00:00:00Z,112.09375,112.390625,111.703125,111.859375,1775748
2025-07-02,2025-07-02T00:00:00Z,111.9375,111.953125,111.515625,111.625,1641555
2025-07-03,2025-07-03T00:00:00Z,111.671875,111.875,110.96875,111.21875,0
2025-07-04,2025-07-04T00:00:00Z,111.25,111.5,111.21875,111.359375,0
2025-07-07,2025-07-07T00:00:00Z,111.296875,111.390625,110.90625,110.921875,1436160
2025-07-08,2025-07-08T00:00:00Z,111.0,111.046875,110.671875,110.78125,1295943
2025-07-09,2025-07-09T00:00:00Z,110.859375,111.34375,110.734375,111.265625,1566303
2025-07-10,2025-07-10T00:00:00Z,111.328125,111.421875,111.015625,111.21875,1313407
2025-07-11,2025-07-11T00:00:00Z,111.171875,111.25,110.703125,110.71875,1270556
2025-07-14,2025-07-14T00:00:00Z,110.828125,110.921875,110.625,110.765625,1252841
2025-07-15,2025-07-15T00:00:00Z,110.71875,110.9375,110.265625,110.28125,2102906
2025-07-16,2025-07-16T00:00:00Z,110.34375,110.671875,110.265625,110.625,2465104
2025-07-17,2025-07-17T00:00:00Z,110.578125,110.78125,110.296875,110.515625,1458526
2025-07-18,2025-07-18T00:00:00Z,110.609375,110.90625,110.59375,110.78125,1110364
2025-07-21,2025-07-21T00:00:00Z,110.859375,111.296875,110.75,111.1875,1279259
2025-07-22,2025-07-22T00:00:00Z,111.109375,111.453125,111.0,111.40625,1349631
2025-07-23,2025-07-23T00:00:00Z,111.328125,111.328125,110.96875,111.015625,1418591
2025-07-24,2025-07-24T00:00:00Z,111.03125,111.0625,110.609375,110.828125,1446353
2025-07-25,2025-07-25T00:00:00Z,110.890625,111.015625,110.703125,110.984375,1163332
2025-07-28,2025-07-28T00:00:00Z,110.890625,111.09375,110.765625,110.765625,1197186
2025-07-29,2025-07-29T00:00:00Z,110.8125,111.40625,110.75,111.359375,1763962
2025-07-30,2025-07-30T00:00:00Z,111.390625,111.453125,110.953125,111.0,1794648
2025-07-31,2025-07-31T00:00:00Z,111.015625,111.3125,110.921875,111.0625,2076804
2025-08-01,2025-08-01T00:00:00Z,110.96875,112.34375,110.734375,112.203125,2983381
2025-08-04,2025-08-04T00:00:00Z,112.265625,112.4375,111.984375,112.375,1960553
2025-08-05,2025-08-05T00:00:00Z,112.390625,112.484375,112.15625,112.296875,1459626
2025-08-06,2025-08-06T00:00:00Z,112.1875,112.265625,111.828125,112.234375,1662032
2025-08-07,2025-08-07T00:00:00Z,112.140625,112.296875,112.03125,112.09375,1291048
2025-08-08,2025-08-08T00:00:00Z,112.0625,112.125,111.78125,111.828125,1033260
2025-08-11,2025-08-11T00:00:00Z,111.8125,112.0,111.765625,111.890625,993844
2025-08-12,2025-08-12T00:00:00Z,111.78125,112.1875,111.609375,111.8125,1669474
2025-08-13,2025-08-13T00:00:00Z,111.796875,112.28125,111.71875,112.171875,1408771
2025-08-14,2025-08-14T00:00:00Z,112.21875,112.4375,111.765625,111.796875,1767055
2025-08-15,2025-08-15T00:00:00Z,111.828125,111.953125,111.546875,111.59375,1400281
2025-08-18,2025-08-18T00:00:00Z,111.640625,111.84375,111.421875,111.515625,1270179
2025-08-19,2025-08-19T00:00:00Z,111.5625,111.8125,111.46875,111.765625,1152864
2025-08-20,2025-08-20T00:00:00Z,111.75,112.015625,111.625,111.859375,1725902
2025-08-21,2025-08-21T00:00:00Z,111.859375,111.90625,111.453125,111.546875,2664116
2025-08-22,2025-08-22T00:00:00Z,111.59375,112.25,111.484375,112.140625,3675155
2025-08-25,2025-08-25T00:00:00Z,112.140625,112.15625,111.859375,111.96875,3408633
2025-08-26,2025-08-26T00:00:00Z,111.96875,112.234375,111.796875,112.203125,3888574
2025-08-27,2025-08-27T00:00:00Z,112.15625,112.453125,112.03125,112.40625,1549404
2025-08-28,2025-08-28T00:00:00Z,112.4375,112.59375,112.28125,112.53125,411641
2025-08-29,2025-08-29T00:00:00Z,112.578125,112.578125,112.359375,112.453125,0
2025-09-02,2025-09-02T00:00:00Z,112.421875,112.453125,111.96875,112.140625,21953
2025-09-03,2025-09-03T00:00:00Z,112.1875,112.640625,112.0,112.59375,16014
2025-09-04,2025-09-04T00:00:00Z,112.578125,112.890625,112.515625,112.828125,5707
2025-09-05,2025-09-05T00:00:00Z,112.875,113.640625,112.875,113.359375,4569
2025-09-08,2025-09-08T00:00:00Z,113.25,113.53125,113.203125,113.5,2335
2025-09-09,2025-09-09T00:00:00Z,113.5,113.5,113.1875,113.3125,3501
2025-09-10,2025-09-10T00:00:00Z,113.21875,113.53125,113.203125,113.515625,740
2025-09-11,2025-09-11T00:00:00Z,113.375,113.859375,113.359375,113.59375,413
2025-09-12,2025-09-12T00:00:00Z,113.484375,113.484375,113.125,113.25,670
2025-09-15,2025-09-15T00:00:00Z,113.125,113.40625,113.109375,113.40625,751
2025-09-16,2025-09-16T00:00:00Z,113.40625,113.515625,113.296875,113.515625,472
2025-09-17,2025-09-17T00:00:00Z,113.5625,113.6875,113.09375,113.09375,210
2025-09-18,2025-09-18T00:00:00Z,113.0,113.34375,112.75,112.96875,430
2025-09-19,2025-09-19T00:00:00Z,112.890625,112.890625,112.75,112.828125,1279789
2025-09-22,2025-09-22T00:00:00Z,112.828125,112.890625,112.640625,112.703125,1283787
2025-09-23,2025-09-23T00:00:00Z,112.671875,112.953125,112.671875,112.875,1509773
2025-09-24,2025-09-24T00:00:00Z,112.953125,113.0,112.578125,112.640625,1576936
2025-09-25,2025-09-25T00:00:00Z,112.59375,112.6875,112.1875,112.328125,2421612
2025-09-26,2025-09-26T00:00:00Z,112.375,112.484375,112.1875,112.265625,1681227
2025-09-29,2025-09-29T00:00:00Z,112.28125,112.578125,112.265625,112.515625,1174337
2025-09-30,2025-09-30T00:00:00Z,112.546875,112.796875,112.40625,112.5,2283043
2025-10-01,2025-10-01T00:00:00Z,112.453125,112.96875,112.375,112.84375,1992224
2025-10-02,2025-10-02T00:00:00Z,112.890625,112.96875,112.671875,112.921875,1311442
2025-10-03,2025-10-03T00:00:00Z,112.953125,112.984375,112.625,112.671875,1188558
2025-10-06,2025-10-06T00:00:00Z,112.578125,112.609375,112.34375,112.390625,1333430
2025-10-07,2025-10-07T00:00:00Z,112.453125,112.75,112.28125,112.671875,1476718
2025-10-08,2025-10-08T00:00:00Z,112.671875,112.84375,112.53125,112.609375,1390188
2025-10-09,2025-10-09T00:00:00Z,112.65625,112.765625,112.4375,112.484375,1307607
2025-10-10,2025-10-10T00:00:00Z,112.515625,113.28125,112.515625,113.140625,2197869
2025-10-13,2025-10-13T00:00:00Z,113.109375,113.21875,112.9375,113.15625,2197869
2025-10-14,2025-10-14T00:00:00Z,113.203125,113.546875,113.0625,113.40625,2196712
2025-10-15,2025-10-15T00:00:00Z,113.34375,113.546875,113.203125,113.234375,1663081
2025-10-16,2025-10-16T00:00:00Z,113.3125,113.796875,113.171875,113.75,2606367
2025-10-17,2025-10-17T00:00:00Z,113.765625,114.0625,113.40625,113.46875,2405640
2025-10-20,2025-10-20T00:00:00Z,113.421875,113.640625,113.328125,113.59375,1199924
2025-10-21,2025-10-21T00:00:00Z,113.609375,113.859375,113.53125,113.75,1529378
2025-10-22,2025-10-22T00:00:00Z,113.75,113.90625,113.609375,113.796875,1692638
2025-10-23,2025-10-23T00:00:00Z,113.78125,113.828125,113.375,113.484375,1634132
2025-10-24,2025-10-24T00:00:00Z,113.421875,113.75,113.296875,113.4375,1908056
2025-10-27,2025-10-27T00:00:00Z,113.1875,113.5,113.125,113.421875,1532817
2025-10-28,2025-10-28T00:00:00Z,113.515625,113.578125,113.296875,113.46875,1622503
2025-10-29,2025-10-29T00:00:00Z,113.484375,113.515625,112.75,112.90625,1973964
2025-10-30,2025-10-30T00:00:00Z,112.796875,112.921875,112.5,112.703125,2220078
2025-10-31,2025-10-31T00:00:00Z,112.6875,112.859375,112.546875,112.671875,2069050
2025-11-03,2025-11-03T00:00:00Z,112.765625,112.84375,112.578125,112.671875,0
2025-11-04,2025-11-04T00:00:00Z,112.640625,112.890625,112.609375,112.78125,1296733
2025-11-05,2025-11-05T00:00:00Z,112.8125,113.0625,112.296875,112.328125,2206077
2025-11-06,2025-11-06T00:00:00Z,112.3125,112.9375,112.3125,112.828125,2010395
2025-11-07,2025-11-07T00:00:00Z,112.859375,113.0625,112.6875,112.859375,1729948
2025-11-10,2025-11-10T00:00:00Z,112.71875,112.8125,112.46875,112.6875,1343501
2025-11-11,2025-11-11T00:00:00Z,112.640625,113.0625,112.625,113.03125,697132
2025-11-12,2025-11-12T00:00:00Z,113.0,113.078125,112.84375,113.0,1589879
2025-11-13,2025-11-13T00:00:00Z,112.96875,113.046875,112.65625,112.765625,1962071
2025-11-14,2025-11-14T00:00:00Z,112.71875,113.140625,112.5,112.53125,2526351
2025-11-17,2025-11-17T00:00:00Z,112.5,112.765625,112.484375,112.640625,1533082
2025-11-18,2025-11-18T00:00:00Z,112.5625,113.0625,112.53125,112.78125,2456784
2025-11-19,2025-11-19T00:00:00Z,112.84375,112.953125,112.625,112.6875,2237131
2025-11-20,2025-11-20T00:00:00Z,112.640625,113.0625,112.359375,112.875,4064457
2025-11-21,2025-11-21T00:00:00Z,113.046875,113.4375,112.921875,113.25,4806903
2025-11-24,2025-11-24T00:00:00Z,113.171875,113.46875,113.171875,113.375,3785614
2025-11-25,2025-11-25T00:00:00Z,113.4375,113.75,113.296875,113.640625,2925975
2025-11-26,2025-11-26T00:00:00Z,113.625,113.671875,113.34375,113.625,485602
2025-11-28,2025-11-28T00:00:00Z,113.640625,113.671875,113.375,113.421875,34908
2025-12-01,2025-12-01T00:00:00Z,113.40625,113.40625,112.90625,112.9375,19224
2025-12-02,2025-12-02T00:00:00Z,112.953125,113.046875,112.8125,113.0,14125
2025-12-03,2025-12-03T00:00:00Z,113.015625,113.296875,113.015625,113.21875,11037
2025-12-04,2025-12-04T00:00:00Z,113.140625,113.140625,112.828125,112.84375,4570
2025-12-05,2025-12-05T00:00:00Z,112.90625,112.90625,112.625,112.640625,2952
2025-12-08,2025-12-08T00:00:00Z,112.6875,112.703125,112.234375,112.390625,4291
2025-12-09,2025-12-09T00:00:00Z,112.40625,112.53125,112.203125,112.234375,9002
2025-12-10,2025-12-10T00:00:00Z,112.15625,112.5,112.046875,112.359375,3351
2025-12-11,2025-12-11T00:00:00Z,112.578125,112.8125,112.578125,112.609375,937
2025-12-12,2025-12-12T00:00:00Z,112.59375,112.59375,112.28125,112.34375,761
2025-12-15,2025-12-15T00:00:00Z,112.609375,112.609375,112.453125,112.453125,2017
2025-12-16,2025-12-16T00:00:00Z,112.5625,112.6875,112.203125,112.6875,1340
2025-12-17,2025-12-17T00:00:00Z,112.6875,112.703125,112.421875,112.671875,1054
2025-12-18,2025-12-18T00:00:00Z,112.78125,113.015625,112.75,112.9375,2845
2025-12-19,2025-12-19T00:00:00Z,112.84375,112.875,112.609375,112.703125,1194419
2025-12-22,2025-12-22T00:00:00Z,112.46875,112.484375,112.296875,112.34375,899455
2025-12-23,2025-12-23T00:00:00Z,112.375,112.53125,112.046875,112.296875,1271125
2025-12-24,2025-12-24T00:00:00Z,112.296875,112.53125,112.265625,112.515625,634890
2025-12-26,2025-12-26T00:00:00Z,112.515625,112.71875,112.375,112.578125,774752
2025-12-29,2025-12-29T00:00:00Z,112.578125,112.78125,112.484375,112.71875,1188578
2025-12-30,2025-12-30T00:00:00Z,112.734375,112.796875,112.53125,112.640625,1058870
2025-12-31,2025-12-31T00:00:00Z,112.65625,112.796875,112.25,112.4375,1431810
2026-01-02,2026-01-02T00:00:00Z,112.296875,112.453125,112.140625,112.203125,1268719
2026-01-05,2026-01-05T00:00:00Z,112.21875,112.515625,112.15625,112.421875,1623829
2026-01-06,2026-01-06T00:00:00Z,112.40625,112.46875,112.1875,112.328125,1752274
2026-01-07,2026-01-07T00:00:00Z,112.375,112.6875,112.34375,112.578125,2129436
2026-01-08,2026-01-08T00:00:00Z,112.5,112.65625,112.21875,112.25,1836365
2026-01-09,2026-01-09T00:00:00Z,112.34375,112.390625,111.96875,112.21875,2931712
2026-01-12,2026-01-12T00:00:00Z,112.15625,112.34375,111.984375,112.140625,2242303
2026-01-13,2026-01-13T00:00:00Z,112.203125,112.4375,112.046875,112.265625,2196512
2026-01-14,2026-01-14T00:00:00Z,112.203125,112.5625,112.171875,112.46875,1904508
2026-01-15,2026-01-15T00:00:00Z,112.53125,112.546875,112.125,112.21875,1939518
2026-01-16,2026-01-16T00:00:00Z,112.15625,112.234375,111.734375,111.75,2599137
2026-01-20,2026-01-20T00:00:00Z,111.953125,111.984375,111.28125,111.421875,3408278
2026-01-21,2026-01-21T00:00:00Z,111.390625,111.703125,111.390625,111.65625,2398009
2026-01-22,2026-01-22T00:00:00Z,111.6875,111.765625,111.4375,111.59375,1834555
2026-01-23,2026-01-23T00:00:00Z,111.625,111.765625,111.5,111.671875,1797337
2026-01-26,2026-01-26T00:00:00Z,111.828125,111.9375,111.703125,111.828125,1497834
2026-01-27,2026-01-27T00:00:00Z,111.796875,111.90625,111.65625,111.796875,1643836
2026-01-28,2026-01-28T00:00:00Z,111.6875,111.828125,111.484375,111.640625,1647199
2026-01-29,2026-01-29T00:00:00Z,111.703125,111.890625,111.515625,111.859375,2303789
2026-01-30,2026-01-30T00:00:00Z,111.78125,111.875,111.546875,111.828125,3095215
2026-02-02,2026-02-02T00:00:00Z,111.796875,112.0625,111.515625,111.59375,2525135
2026-02-03,2026-02-03T00:00:00Z,111.5625,111.671875,111.421875,111.59375,1883750
2026-02-04,2026-02-04T00:00:00Z,111.625,111.734375,111.484375,111.609375,2005865
2026-02-05,2026-02-05T00:00:00Z,111.609375,112.328125,111.578125,112.125,3237297
2026-02-06,2026-02-06T00:00:00Z,112.3125,112.515625,112.0,112.109375,2255242
2026-02-09,2026-02-09T00:00:00Z,111.984375,112.21875,111.8125,112.1875,1807589
2026-02-10,2026-02-10T00:00:00Z,112.15625,112.59375,112.15625,112.515625,2450371
2026-02-11,2026-02-11T00:00:00Z,112.5,112.625,112.0,112.28125,3127690
2026-02-12,2026-02-12T00:00:00Z,112.265625,112.859375,112.234375,112.796875,2494095
2026-02-13,2026-02-13T00:00:00Z,112.8125,113.234375,112.65625,113.171875,3459260
2026-02-17,2026-02-17T00:00:00Z,113.203125,113.4375,113.0625,113.125,2906259
2026-02-18,2026-02-18T00:00:00Z,113.09375,113.171875,112.875,112.953125,1876066
2026-02-19,2026-02-19T00:00:00Z,112.921875,113.046875,112.765625,112.96875,2078546
2026-02-20,2026-02-20T00:00:00Z,113.0,113.109375,112.734375,112.9375,4205283
2026-02-23,2026-02-23T00:00:00Z,112.921875,113.4375,112.859375,113.375,5729054
2026-02-24,2026-02-24T00:00:00Z,113.328125,113.40625,113.1875,113.296875,4688483
2026-02-25,2026-02-25T00:00:00Z,113.296875,113.328125,113.09375,113.171875,1825743
2026-02-26,2026-02-26T00:00:00Z,113.140625,113.515625,113.125,113.421875,453485
2026-02-27,2026-02-27T00:00:00Z,113.5,113.953125,113.5,113.859375,76685
2026-03-02,2026-03-02T00:00:00Z,114.203125,114.375,113.03125,113.15625,48749
2026-03-03,2026-03-03T00:00:00Z,113.234375,113.3125,112.625,113.109375,40005
2026-03-04,2026-03-04T00:00:00Z,113.078125,113.171875,112.78125,112.90625,12216
2026-03-05,2026-03-05T00:00:00Z,112.796875,112.828125,112.421875,112.421875,18030
2026-03-06,2026-03-06T00:00:00Z,112.515625,112.765625,112.1875,112.5625,10037
2026-03-09,2026-03-09T00:00:00Z,112.265625,112.796875,111.984375,112.484375,6109
2026-03-10,2026-03-10T00:00:00Z,112.609375,112.8125,112.421875,112.578125,1855
2026-03-11,2026-03-11T00:00:00Z,112.46875,112.546875,112.015625,112.125,1950
2026-03-12,2026-03-12T00:00:00Z,111.875,112.09375,111.546875,111.5625,5336
2026-03-13,2026-03-13T00:00:00Z,111.59375,111.90625,111.515625,111.5625,1484
2026-03-16,2026-03-16T00:00:00Z,111.609375,112.03125,111.609375,112.03125,1329
2026-03-17,2026-03-17T00:00:00Z,112.0,112.25,112.0,112.140625,1050
2026-03-18,2026-03-18T00:00:00Z,112.09375,112.09375,111.609375,111.6875,1419
2026-03-19,2026-03-19T00:00:00Z,111.671875,111.671875,111.296875,111.359375,1801
2026-03-20,2026-03-20T00:00:00Z,111.296875,111.296875,110.671875,110.796875,3213630
2026-03-23,2026-03-23T00:00:00Z,110.28125,111.140625,109.984375,110.921875,4388826
2026-03-24,2026-03-24T00:00:00Z,110.796875,110.90625,110.171875,110.421875,3365185
2026-03-25,2026-03-25T00:00:00Z,110.671875,111.046875,110.625,110.890625,2793316
2026-03-26,2026-03-26T00:00:00Z,110.859375,110.875,110.09375,110.171875,2623200
2026-03-27,2026-03-27T00:00:00Z,110.203125,110.3125,109.75,110.15625,2608633
2026-03-30,2026-03-30T00:00:00Z,110.171875,110.96875,110.125,110.8125,2195876
2026-03-31,2026-03-31T00:00:00Z,110.765625,111.265625,110.703125,111.046875,3156606
2026-04-01,2026-04-01T00:00:00Z,111.015625,111.453125,110.859375,110.984375,2318868
2026-04-02,2026-04-02T00:00:00Z,110.90625,111.234375,110.5,111.015625,2146724
2026-04-06,2026-04-06T00:00:00Z,110.71875,110.96875,110.578125,110.8125,1126863
2026-04-07,2026-04-07T00:00:00Z,110.8125,111.171875,110.546875,110.859375,2139120
2026-04-08,2026-04-08T00:00:00Z,111.203125,111.65625,111.125,111.234375,2550173
2026-04-09,2026-04-09T00:00:00Z,111.1875,111.484375,111.015625,111.234375,1604194
2026-04-10,2026-04-10T00:00:00Z,111.34375,111.484375,111.015625,111.09375,1349713
2026-04-13,2026-04-13T00:00:00Z,110.734375,111.296875,110.703125,111.234375,1375290
2026-04-14,2026-04-14T00:00:00Z,111.25,111.609375,111.171875,111.53125,1428248
2026-04-15,2026-04-15T00:00:00Z,111.578125,111.65625,111.265625,111.359375,1345878
2026-04-16,2026-04-16T00:00:00Z,111.359375,111.53125,111.15625,111.21875,1302739
2026-04-17,2026-04-17T00:00:00Z,111.171875,111.859375,111.125,111.71875,2002420
2026-04-20,2026-04-20T00:00:00Z,111.546875,111.703125,111.390625,111.65625,1322436
2026-04-21,2026-04-21T00:00:00Z,111.609375,111.703125,111.109375,111.296875,2011355
2026-04-22,2026-04-22T00:00:00Z,111.296875,111.515625,111.15625,111.28125,1493186
2026-04-23,2026-04-23T00:00:00Z,111.203125,111.3125,110.828125,111.046875,2226963
2026-04-24,2026-04-24T00:00:00Z,111.03125,111.265625,110.859375,111.21875,1902286
2026-04-27,2026-04-27T00:00:00Z,111.15625,111.234375,110.9375,111.03125,1194310
2026-04-28,2026-04-28T00:00:00Z,111.015625,111.078125,110.703125,110.859375,1664914
2026-04-29,2026-04-29T00:00:00Z,110.890625,110.953125,110.25,110.359375,2275716
2026-04-30,2026-04-30T00:00:00Z,110.28125,110.734375,110.234375,110.59375,2647654
2026-05-01,2026-05-01T00:00:00Z,110.703125,110.921875,110.46875,110.640625,1767456
2026-05-04,2026-05-04T00:00:00Z,110.75,110.828125,110.015625,110.171875,1964950
2026-05-05,2026-05-05T00:00:00Z,110.21875,110.46875,110.171875,110.34375,1325747
2026-05-06,2026-05-06T00:00:00Z,110.28125,110.96875,110.265625,110.796875,2102656
2026-05-07,2026-05-07T00:00:00Z,110.828125,111.109375,110.453125,110.515625,2091377
2026-05-08,2026-05-08T00:00:00Z,110.484375,110.875,110.46875,110.75,1529739
2026-05-11,2026-05-11T00:00:00Z,110.71875,110.71875,110.359375,110.40625,1343024
2026-05-12,2026-05-12T00:00:00Z,110.359375,110.40625,110.015625,110.03125,2103749
2026-05-13,2026-05-13T00:00:00Z,110.03125,110.125,109.8125,110.0,2122491
2026-05-14,2026-05-14T00:00:00Z,110.0625,110.3125,109.890625,110.109375,1710178
2026-05-15,2026-05-15T00:00:00Z,109.90625,109.921875,109.109375,109.171875,2925304
2026-05-18,2026-05-18T00:00:00Z,109.0625,109.4375,108.9375,109.015625,3090377
2026-05-19,2026-05-19T00:00:00Z,109.28125,109.359375,108.5625,108.703125,3515862
2026-05-20,2026-05-20T00:00:00Z,108.71875,109.5,108.609375,109.40625,4522916
2026-05-21,2026-05-21T00:00:00Z,109.25,109.484375,108.890625,109.234375,4908794
2026-05-22,2026-05-22T00:00:00Z,109.3125,109.609375,109.15625,109.25,4062123
2026-05-26,2026-05-26T00:00:00Z,109.53125,110.0,109.53125,109.828125,6266118
2026-05-27,2026-05-27T00:00:00Z,109.859375,110.15625,109.8125,109.90625,2025393
2026-05-28,2026-05-28T00:00:00Z,109.875,110.234375,109.546875,110.046875,485557
2026-05-29,2026-05-29T00:00:00Z,110.109375,110.234375,109.96875,110.078125,224601
2026-06-01,2026-06-01T00:00:00Z,109.96875,110.078125,109.5625,109.859375,23986
2026-06-02,2026-06-02T00:00:00Z,109.953125,110.1875,109.90625,109.953125,12225
2026-06-03,2026-06-03T00:00:00Z,109.921875,109.96875,109.65625,109.71875,5167
2026-06-04,2026-06-04T00:00:00Z,109.78125,110.0,109.703125,109.84375,8176
2026-06-05,2026-06-05T00:00:00Z,109.859375,109.984375,109.265625,109.34375,7248
2026-06-08,2026-06-08T00:00:00Z,109.296875,109.5,109.0625,109.296875,8888
2026-06-09,2026-06-09T00:00:00Z,109.234375,109.53125,109.171875,109.484375,3416
2026-06-10,2026-06-10T00:00:00Z,109.390625,109.5625,109.265625,109.40625,3028
2026-06-11,2026-06-11T00:00:00Z,109.234375,110.078125,109.234375,109.9375,7648
2026-06-12,2026-06-12T00:00:00Z,109.96875,109.96875,109.6875,109.78125,2810
2026-06-15,2026-06-15T00:00:00Z,110.109375,110.25,109.90625,109.90625,2178
2026-06-16,2026-06-16T00:00:00Z,110.078125,110.234375,110.015625,110.1875,1050
2026-06-17,2026-06-17T00:00:00Z,110.140625,110.15625,109.578125,109.8125,2301
2026-06-18,2026-06-18T00:00:00Z,109.828125,110.09375,109.28125,109.921875,2162603
2026-06-22,2026-06-22T00:00:00Z,109.28125,109.4375,109.1875,109.234375,2075394
2026-06-23,2026-06-23T00:00:00Z,109.21875,109.546875,109.203125,109.375,1369114
2026-06-24,2026-06-24T00:00:00Z,109.328125,110.03125,109.296875,110.0,2268046
2026-06-25,2026-06-25T00:00:00Z,110.015625,110.28125,109.84375,110.09375,2087283
2026-06-26,2026-06-26T00:00:00Z,110.0625,110.328125,110.015625,110.265625,1833399
2026-06-29,2026-06-29T00:00:00Z,110.234375,110.296875,110.109375,110.1875,1355570
2026-06-30,2026-06-30T00:00:00Z,110.1875,110.3125,109.609375,109.890625,2188202
2026-07-01,2026-07-01T00:00:00Z,109.625,109.734375,109.390625,109.578125,1967337
2026-07-02,2026-07-02T00:00:00Z,109.546875,109.796875,109.375,109.578125,1665287
2026-07-06,2026-07-06T00:00:00Z,109.578125,109.78125,109.515625,109.640625,1325776
2026-07-07,2026-07-07T00:00:00Z,109.671875,109.703125,109.125,109.328125,1588777
2026-07-08,2026-07-08T00:00:00Z,109.125,109.234375,108.796875,109.0,2302992
2026-07-09,2026-07-09T00:00:00Z,108.890625,109.328125,108.84375,109.265625,1479963
2026-07-10,2026-07-10T00:00:00Z,109.15625,109.375,109.015625,109.03125,1117096
2026-07-13,2026-07-13T00:00:00Z,108.921875,109.046875,108.609375,108.703125,1659494
2026-07-14,2026-07-14T00:00:00Z,108.640625,109.421875,108.53125,108.921875,2733442
2026-07-15,2026-07-15T00:00:00Z,108.90625,109.34375,108.734375,109.296875,1945397
2026-07-16,2026-07-16T00:00:00Z,109.25,109.28125,108.9375,109.140625,1250147
2026-07-17,2026-07-17T00:00:00Z,109.203125,109.53125,109.171875,109.265625,1487586
2026-07-20,2026-07-20T00:00:00Z,109.1875,109.265625,108.78125,108.859375,1358231
2026-07-21,2026-07-21T00:00:00Z,108.90625,109.0,108.578125,108.640625,1423472
2026-07-22,2026-07-22T00:00:00Z,108.640625,108.703125,108.375,108.421875,1343449
2026-07-23,2026-07-23T00:00:00Z,108.40625,108.46875,108.015625,108.09375,2059111
2026-07-24,2026-07-24T00:00:00Z,108.15625,108.484375,108.03125,108.328125,1418855
2026-07-27,2026-07-27T00:00:00Z,108.5,108.6875,108.390625,108.578125,1690983
2026-07-28,2026-07-28T00:00:00Z,108.515625,108.9375,108.484375,108.8125,1716140
2026-07-29,2026-07-29T00:00:00Z,108.734375,108.828125,108.28125,108.78125,2463756
2026-07-30,2026-07-30T00:00:00Z,108.390625,108.640625,108.1875,108.546875,1941865
2026-07-31,2026-07-31T00:00:00Z,108.484375,108.671875,107.984375,108.0,2744859
2026-08-03,2026-08-03T00:00:00Z,108.359375,108.546875,108.265625,108.421875,1597766
2026-08-04,2026-08-04T00:00:00Z,108.46875,108.921875,108.265625,108.84375,1859393
2026-08-05,2026-08-05T00:00:00Z,108.90625,109.03125,108.703125,108.890625,1659717
2026-08-06,2026-08-06T00:00:00Z,108.890625,108.984375,108.4375,108.5,1514657
2026-08-07,2026-08-07T00:00:00Z,108.453125,109.046875,108.40625,108.640625,2126496
2026-08-10,2026-08-10T00:00:00Z,108.640625,108.75,108.296875,108.375,1357431
2026-08-11,2026-08-11T00:00:00Z,108.3125,108.59375,108.125,108.484375,1602573
2026-08-12,2026-08-12T00:00:00Z,108.453125,108.875,108.421875,108.546875,2009173
2026-08-13,2026-08-13T00:00:00Z,108.5,109.109375,108.484375,108.921875,2023773
2026-08-14,2026-08-14T00:00:00Z,108.890625,109.09375,108.5625,108.578125,1925294
2026-08-17,2026-08-17T00:00:00Z,108.578125,108.765625,108.421875,108.453125,1599304
2026-08-18,2026-08-18T00:00:00Z,108.46875,108.59375,108.28125,108.5625,1800544
2026-08-19,2026-08-19T00:00:00Z,108.53125,108.9375,108.5,108.78125,2812348
2026-08-20,2026-08-20T00:00:00Z,108.8125,108.921875,108.40625,108.5,3451237
2026-08-21,2026-08-21T00:00:00Z,108.46875,108.625,108.234375,108.265625,2472314
2026-08-24,2026-08-24T00:00:00Z,108.28125,108.5625,108.265625,108.453125,3915199
2026-08-25,2026-08-25T00:00:00Z,108.484375,109.0,108.34375,108.859375,4635509
2026-08-26,2026-08-26T00:00:00Z,108.921875,108.984375,108.609375,108.65625,3828358
2026-08-27,2026-08-27T00:00:00Z,108.75,108.796875,108.515625,108.578125,1541456
2026-08-28,2026-08-28T00:00:00Z,108.546875,108.734375,108.046875,108.109375,343388
2026-08-31,2026-08-31T00:00:00Z,108.0625,108.28125,107.859375,107.90625,62573
2026-09-01,2026-09-01T00:00:00Z,107.984375,107.984375,107.625,107.625,15592
2026-09-02,2026-09-02T00:00:00Z,107.640625,107.84375,107.53125,107.671875,23868
2026-09-03,2026-09-03T00:00:00Z,107.765625,108.09375,107.71875,107.921875,6717
2026-09-04,2026-09-04T00:00:00Z,107.90625,108.125,107.59375,107.734375,4664
2026-09-08,2026-09-08T00:00:00Z,107.703125,107.84375,107.53125,107.578125,5053
2026-09-09,2026-09-09T00:00:00Z,107.671875,107.671875,107.28125,107.34375,4686
2026-09-10,2026-09-10T00:00:00Z,107.28125,107.421875,106.5625,106.640625,4078
2026-09-11,2026-09-11T00:00:00Z,106.515625,106.84375,106.328125,106.359375,5714
2026-09-14,2026-09-14T00:00:00Z,106.46875,106.53125,106.171875,106.421875,2180
2026-09-15,2026-09-15T00:00:00Z,106.03125,106.25,106.0,106.1875,314
2026-09-16,2026-09-16T00:00:00Z,106.359375,106.5,106.046875,106.046875,732
2026-09-17,2026-09-17T00:00:00Z,106.109375,106.5,106.09375,106.40625,744
2026-09-18,2026-09-18T00:00:00Z,106.375,106.375,106.03125,106.078125,670
2026-09-21,2026-09-21T00:00:00Z,106.3125,106.609375,106.046875,106.328125,1602290
2026-09-22,2026-09-22T00:00:00Z,106.078125,106.328125,105.875,106.0,2404970
2026-09-23,2026-09-23T00:00:00Z,106.03125,106.265625,104.875,105.03125,3248960
2026-09-24,2026-09-24T00:00:00Z,105.03125,105.28125,104.453125,104.859375,4037165
2026-09-25,2026-09-25T00:00:00Z,104.625,105.046875,104.53125,104.859375,3103282
2026-09-28,2026-09-28T00:00:00Z,104.875,104.875,104.25,104.484375,3159565
2026-09-29,2026-09-29T00:00:00Z,104.46875,104.703125,104.171875,104.421875,3154126
2026-09-30,2026-09-30T00:00:00Z,104.53125,104.796875,104.125,104.203125,3154126
2026-10-01,2026-10-01T00:00:00Z,104.21875,104.359375,104.09375,104.296875,157695
