session_date,timestamp_utc,Open,High,Low,Close,Volume
2016-10-03,2016-10-03T00:00:00Z,168.4375,168.78125,167.8125,168.0625,171657
2016-10-04,2016-10-04T00:00:00Z,167.96875,168.40625,166.28125,166.4375,289878
2016-10-05,2016-10-05T00:00:00Z,166.375,166.84375,165.28125,165.71875,263716
2016-10-06,2016-10-06T00:00:00Z,165.84375,166.3125,164.9375,165.0625,257005
2016-10-07,2016-10-07T00:00:00Z,165.1875,165.5625,164.25,164.90625,315333
2016-10-11,2016-10-11T00:00:00Z,164.28125,164.71875,163.75,164.34375,238828
2016-10-12,2016-10-12T00:00:00Z,164.125,164.34375,163.59375,164.09375,233746
2016-10-13,2016-10-13T00:00:00Z,164.34375,165.40625,164.28125,164.96875,251472
2016-10-14,2016-10-14T00:00:00Z,164.78125,164.875,163.0,163.21875,303101
2016-10-17,2016-10-17T00:00:00Z,163.0625,164.25,162.59375,163.9375,224195
2016-10-18,2016-10-18T00:00:00Z,164.0,164.46875,163.28125,164.28125,260894
2016-10-19,2016-10-19T00:00:00Z,164.46875,164.8125,163.78125,164.21875,226866
2016-10-20,2016-10-20T00:00:00Z,164.34375,165.21875,163.75,164.65625,265492
2016-10-21,2016-10-21T00:00:00Z,164.40625,165.1875,164.3125,164.8125,188311
2016-10-24,2016-10-24T00:00:00Z,164.96875,165.3125,163.9375,164.3125,191147
2016-10-25,2016-10-25T00:00:00Z,164.28125,165.15625,163.75,164.6875,218700
2016-10-26,2016-10-26T00:00:00Z,164.71875,165.15625,163.59375,163.9375,231918
2016-10-27,2016-10-27T00:00:00Z,163.8125,163.9375,161.6875,162.4375,327475
2016-10-28,2016-10-28T00:00:00Z,162.21875,162.6875,161.65625,162.1875,306566
2016-10-31,2016-10-31T00:00:00Z,162.375,162.90625,162.0,162.71875,206223
2016-11-01,2016-11-01T00:00:00Z,162.8125,163.28125,161.6875,163.0625,315219
2016-11-02,2016-11-02T00:00:00Z,162.8125,163.90625,162.75,163.25,302242
2016-11-03,2016-11-03T00:00:00Z,163.1875,163.9375,162.40625,162.71875,235228
2016-11-04,2016-11-04T00:00:00Z,162.71875,163.8125,162.53125,163.34375,249040
2016-11-07,2016-11-07T00:00:00Z,162.6875,163.0,162.34375,162.59375,165165
2016-11-08,2016-11-08T00:00:00Z,162.625,163.21875,161.71875,162.09375,244892
2016-11-09,2016-11-09T00:00:00Z,162.25,164.96875,156.6875,156.96875,829802
2016-11-10,2016-11-10T00:00:00Z,157.3125,158.53125,155.5,156.21875,670228
2016-11-14,2016-11-14T00:00:00Z,155.28125,155.4375,152.75,154.40625,481386
2016-11-15,2016-11-15T00:00:00Z,153.90625,155.5,153.84375,154.28125,363884
2016-11-16,2016-11-16T00:00:00Z,154.65625,155.28125,153.3125,155.03125,364407
2016-11-17,2016-11-17T00:00:00Z,155.21875,155.375,153.125,153.78125,324265
2016-11-18,2016-11-18T00:00:00Z,153.21875,154.25,152.375,153.15625,373786
2016-11-21,2016-11-21T00:00:00Z,152.90625,153.875,152.8125,153.1875,280489
2016-11-22,2016-11-22T00:00:00Z,153.75,154.28125,153.1875,153.25,386860
2016-11-23,2016-11-23T00:00:00Z,153.4375,153.6875,151.59375,152.90625,500917
2016-11-25,2016-11-25T00:00:00Z,152.9375,153.375,151.96875,152.8125,224969
2016-11-28,2016-11-28T00:00:00Z,153.125,153.90625,153.125,153.6875,436721
2016-11-29,2016-11-29T00:00:00Z,153.75,154.34375,153.09375,154.125,262872
2016-11-30,2016-11-30T00:00:00Z,154.1875,154.34375,151.5,152.65625,90128
2016-12-01,2016-12-01T00:00:00Z,152.34375,152.375,149.75,150.875,19987
2016-12-02,2016-12-02T00:00:00Z,150.6875,152.25,150.6875,151.875,10365
2016-12-05,2016-12-05T00:00:00Z,152.375,152.9375,150.71875,152.125,8529
2016-12-06,2016-12-06T00:00:00Z,151.96875,152.34375,151.53125,151.65625,3951
2016-12-07,2016-12-07T00:00:00Z,151.6875,152.78125,151.65625,152.5625,1706
2016-12-08,2016-12-08T00:00:00Z,152.46875,152.5625,150.59375,151.34375,1947
2016-12-09,2016-12-09T00:00:00Z,150.9375,151.0625,149.53125,149.875,1329
2016-12-12,2016-12-12T00:00:00Z,149.625,150.09375,148.78125,150.0,1911
2016-12-13,2016-12-13T00:00:00Z,150.1875,151.09375,150.0,150.21875,4160
2016-12-14,2016-12-14T00:00:00Z,151.03125,151.4375,149.09375,149.84375,1151
2016-12-15,2016-12-15T00:00:00Z,149.25,150.0625,148.90625,149.9375,2340
2016-12-16,2016-12-16T00:00:00Z,150.5,150.5,148.8125,149.03125,281
2016-12-19,2016-12-19T00:00:00Z,149.09375,150.40625,149.09375,150.3125,339
2016-12-20,2016-12-20T00:00:00Z,150.09375,150.09375,149.5625,149.875,139200
2016-12-22,2016-12-22T00:00:00Z,149.125,149.34375,148.375,148.8125,127316
2016-12-23,2016-12-23T00:00:00Z,148.90625,149.375,148.78125,149.125,68101
2016-12-27,2016-12-27T00:00:00Z,148.96875,149.03125,148.21875,148.5625,63925
2016-12-28,2016-12-28T00:00:00Z,148.5625,149.78125,148.5,149.71875,118224
2016-12-29,2016-12-29T00:00:00Z,149.65625,150.375,149.53125,149.90625,119291
2016-12-30,2016-12-30T00:00:00Z,149.875,150.75,149.71875,150.65625,137148
2017-01-03,2017-01-03T00:00:00Z,150.21875,150.875,149.0625,150.5625,311632
2017-01-04,2017-01-04T00:00:00Z,150.625,151.0625,150.0625,150.6875,207211
2017-01-05,2017-01-05T00:00:00Z,150.90625,153.0,150.4375,152.5,338168
2017-01-06,2017-01-06T00:00:00Z,152.875,153.28125,151.59375,151.78125,269297
2017-01-09,2017-01-09T00:00:00Z,151.71875,152.90625,151.53125,152.71875,169981
2017-01-10,2017-01-10T00:00:00Z,152.8125,152.96875,152.21875,152.53125,176348
2017-01-11,2017-01-11T00:00:00Z,152.65625,153.53125,152.3125,152.8125,287237
2017-01-12,2017-01-12T00:00:00Z,152.8125,153.96875,152.5625,152.59375,301124
2017-01-13,2017-01-13T00:00:00Z,152.59375,153.625,151.34375,152.28125,286629
2017-01-17,2017-01-17T00:00:00Z,152.0625,153.875,151.96875,153.3125,296374
2017-01-18,2017-01-18T00:00:00Z,153.28125,153.3125,151.40625,152.03125,227716
2017-01-19,2017-01-19T00:00:00Z,151.375,151.84375,150.28125,151.0625,320606
2017-01-20,2017-01-20T00:00:00Z,150.78125,151.15625,149.9375,150.78125,267286
2017-01-23,2017-01-23T00:00:00Z,150.78125,152.46875,150.5625,152.0,271484
2017-01-24,2017-01-24T00:00:00Z,152.0625,152.25,150.5,150.59375,204599
2017-01-25,2017-01-25T00:00:00Z,150.84375,151.0625,149.25,149.46875,253586
2017-01-26,2017-01-26T00:00:00Z,149.6875,149.9375,148.9375,149.78125,201060
2017-01-27,2017-01-27T00:00:00Z,149.90625,150.4375,149.5,150.375,195486
2017-01-30,2017-01-30T00:00:00Z,150.46875,150.625,149.875,150.25,237196
2017-01-31,2017-01-31T00:00:00Z,150.15625,151.1875,149.75,150.84375,338492
2017-02-01,2017-02-01T00:00:00Z,150.6875,150.71875,149.71875,150.4375,277947
2017-02-02,2017-02-02T00:00:00Z,150.53125,151.46875,150.34375,150.5625,271001
2017-02-03,2017-02-03T00:00:00Z,150.5,151.28125,149.84375,150.03125,316750
2017-02-06,2017-02-06T00:00:00Z,150.40625,151.6875,150.3125,151.53125,251326
2017-02-07,2017-02-07T00:00:00Z,151.53125,152.53125,150.8125,152.1875,266669
2017-02-08,2017-02-08T00:00:00Z,152.15625,153.65625,152.0625,153.28125,327156
2017-02-09,2017-02-09T00:00:00Z,153.5,153.53125,151.96875,152.1875,299356
2017-02-10,2017-02-10T00:00:00Z,152.28125,152.375,151.25,151.90625,282423
2017-02-13,2017-02-13T00:00:00Z,151.84375,151.875,151.0,151.375,158911
2017-02-14,2017-02-14T00:00:00Z,151.3125,151.53125,149.90625,150.625,273699
2017-02-15,2017-02-15T00:00:00Z,150.75,150.78125,149.5,149.9375,277269
2017-02-16,2017-02-16T00:00:00Z,150.09375,151.1875,149.96875,150.8125,271417
2017-02-17,2017-02-17T00:00:00Z,150.78125,151.96875,150.5625,151.25,190378
2017-02-21,2017-02-21T00:00:00Z,151.4375,151.71875,150.59375,151.3125,296069
2017-02-22,2017-02-22T00:00:00Z,151.21875,152.1875,150.75,151.375,509220
2017-02-23,2017-02-23T00:00:00Z,151.40625,152.0625,151.25,151.8125,481140
2017-02-24,2017-02-24T00:00:00Z,152.03125,153.375,151.875,153.21875,496018
2017-02-27,2017-02-27T00:00:00Z,153.28125,153.28125,152.53125,152.625,326593
2017-02-28,2017-02-28T00:00:00Z,152.71875,153.34375,152.25,152.9375,75804
2017-03-01,2017-03-01T00:00:00Z,152.28125,152.34375,150.5,150.6875,27974
2017-03-02,2017-03-02T00:00:00Z,150.9375,150.9375,150.0,150.34375,8517
2017-03-03,2017-03-03T00:00:00Z,150.5,150.78125,149.96875,150.5,5012
2017-03-06,2017-03-06T00:00:00Z,150.46875,151.125,150.09375,150.3125,4306
2017-03-07,2017-03-07T00:00:00Z,150.21875,150.40625,149.90625,150.09375,1972
2017-03-08,2017-03-08T00:00:00Z,149.96875,150.125,148.59375,149.15625,2240
2017-03-09,2017-03-09T00:00:00Z,149.125,149.125,147.84375,148.0625,1072
2017-03-10,2017-03-10T00:00:00Z,147.84375,148.21875,147.71875,148.0625,1415
2017-03-13,2017-03-13T00:00:00Z,148.3125,148.5,147.21875,147.625,1938
2017-03-14,2017-03-14T00:00:00Z,147.5,148.1875,147.25,148.125,2338
2017-03-15,2017-03-15T00:00:00Z,148.0625,149.65625,148.0625,149.625,532
2017-03-16,2017-03-16T00:00:00Z,149.78125,149.78125,148.96875,149.25,696
2017-03-17,2017-03-17T00:00:00Z,148.9375,149.875,148.9375,149.75,757
2017-03-20,2017-03-20T00:00:00Z,150.25,150.40625,149.5625,150.34375,109
2017-03-21,2017-03-21T00:00:00Z,150.125,151.46875,150.125,151.28125,201
2017-03-22,2017-03-22T00:00:00Z,151.71875,152.4375,151.71875,151.96875,314203
2017-03-23,2017-03-23T00:00:00Z,150.65625,151.0625,150.09375,150.53125,258848
2017-03-24,2017-03-24T00:00:00Z,150.5,151.1875,150.1875,151.09375,201933
2017-03-27,2017-03-27T00:00:00Z,150.90625,152.09375,150.84375,151.46875,205626
2017-03-28,2017-03-28T00:00:00Z,151.34375,151.875,150.4375,150.78125,242665
2017-03-29,2017-03-29T00:00:00Z,150.53125,151.40625,150.375,151.21875,214048
2017-03-30,2017-03-30T00:00:00Z,151.28125,151.5,150.34375,150.53125,198671
2017-03-31,2017-03-31T00:00:00Z,150.4375,151.0,150.15625,150.84375,263198
2017-04-03,2017-04-03T00:00:00Z,150.96875,152.375,150.65625,151.75,305800
2017-04-04,2017-04-04T00:00:00Z,152.3125,152.40625,151.46875,151.65625,222698
2017-04-05,2017-04-05T00:00:00Z,151.5625,152.09375,150.84375,151.5,290304
2017-04-06,2017-04-06T00:00:00Z,151.875,152.0,151.09375,151.71875,204791
2017-04-07,2017-04-07T00:00:00Z,151.75,153.125,151.21875,151.5,359236
2017-04-10,2017-04-10T00:00:00Z,151.375,152.09375,151.09375,151.78125,190561
2017-04-11,2017-04-11T00:00:00Z,151.6875,153.125,151.6875,152.96875,262426
2017-04-12,2017-04-12T00:00:00Z,152.96875,153.90625,152.6875,153.0,266250
2017-04-13,2017-04-13T00:00:00Z,153.90625,154.3125,153.34375,154.0,237671
2017-04-17,2017-04-17T00:00:00Z,154.1875,154.46875,153.3125,153.46875,142029
2017-04-18,2017-04-18T00:00:00Z,153.5625,155.5,153.46875,155.15625,302735
2017-04-19,2017-04-19T00:00:00Z,155.28125,155.3125,154.3125,154.75,208437
2017-04-20,2017-04-20T00:00:00Z,154.5625,154.96875,153.78125,154.15625,224137
2017-04-21,2017-04-21T00:00:00Z,154.28125,154.75,153.9375,154.15625,187229
2017-04-24,2017-04-24T00:00:00Z,153.0625,153.6875,152.5625,153.4375,249798
2017-04-25,2017-04-25T00:00:00Z,153.40625,153.53125,152.0,152.40625,193259
2017-04-26,2017-04-26T00:00:00Z,152.21875,152.875,151.9375,152.65625,260869
2017-04-27,2017-04-27T00:00:00Z,152.8125,153.03125,152.21875,152.71875,224535
2017-04-28,2017-04-28T00:00:00Z,152.71875,153.0625,151.875,152.96875,278693
2017-05-01,2017-05-01T00:00:00Z,152.96875,153.1875,151.65625,152.0,210249
2017-05-02,2017-05-02T00:00:00Z,152.21875,153.09375,151.8125,152.75,222493
2017-05-03,2017-05-03T00:00:00Z,153.0,153.21875,152.3125,152.8125,332549
2017-05-04,2017-05-04T00:00:00Z,152.5625,152.625,151.34375,151.71875,301401
2017-05-05,2017-05-05T00:00:00Z,151.71875,152.25,151.4375,151.8125,235910
2017-05-08,2017-05-08T00:00:00Z,151.5625,152.40625,151.03125,151.3125,242641
2017-05-09,2017-05-09T00:00:00Z,151.125,151.28125,150.59375,150.75,191744
2017-05-10,2017-05-10T00:00:00Z,150.84375,151.4375,150.40625,150.53125,256781
2017-05-11,2017-05-11T00:00:00Z,150.59375,150.875,150.21875,150.625,278926
2017-05-12,2017-05-12T00:00:00Z,150.78125,151.6875,150.71875,151.4375,248326
2017-05-15,2017-05-15T00:00:00Z,151.5,151.71875,150.96875,151.28125,163298
2017-05-16,2017-05-16T00:00:00Z,151.3125,152.09375,150.9375,151.59375,237973
2017-05-17,2017-05-17T00:00:00Z,151.625,153.875,151.625,153.78125,423076
2017-05-18,2017-05-18T00:00:00Z,153.6875,154.40625,153.1875,153.8125,430721
2017-05-19,2017-05-19T00:00:00Z,153.75,154.15625,153.375,153.84375,245719
2017-05-22,2017-05-22T00:00:00Z,153.9375,154.09375,153.71875,153.78125,212949
2017-05-23,2017-05-23T00:00:00Z,153.78125,154.375,153.15625,153.28125,431525
2017-05-24,2017-05-24T00:00:00Z,153.25,153.96875,153.09375,153.53125,418246
2017-05-25,2017-05-25T00:00:00Z,153.75,154.0625,153.46875,153.84375,424099
2017-05-26,2017-05-26T00:00:00Z,153.8125,154.28125,153.78125,153.90625,320062
2017-05-30,2017-05-30T00:00:00Z,153.875,154.78125,153.71875,154.59375,348447
2017-05-31,2017-05-31T00:00:00Z,154.6875,155.125,154.34375,155.125,49637
2017-06-01,2017-06-01T00:00:00Z,154.96875,155.0,154.4375,154.84375,41141
2017-06-02,2017-06-02T00:00:00Z,154.90625,156.53125,154.78125,156.15625,23986
2017-06-05,2017-06-05T00:00:00Z,156.28125,156.40625,155.59375,155.65625,7818
2017-06-06,2017-06-06T00:00:00Z,155.6875,156.65625,155.6875,156.28125,17819
2017-06-07,2017-06-07T00:00:00Z,156.375,156.4375,155.71875,155.84375,5842
2017-06-08,2017-06-08T00:00:00Z,155.75,156.0,155.25,155.5625,7827
2017-06-09,2017-06-09T00:00:00Z,155.90625,156.0625,154.96875,155.53125,4353
2017-06-12,2017-06-12T00:00:00Z,155.5625,155.9375,155.1875,155.28125,6700
2017-06-13,2017-06-13T00:00:00Z,155.34375,155.34375,154.90625,155.3125,3273
2017-06-14,2017-06-14T00:00:00Z,155.40625,157.40625,155.375,156.90625,1428
2017-06-15,2017-06-15T00:00:00Z,157.0,157.1875,156.5,156.71875,580
2017-06-16,2017-06-16T00:00:00Z,156.625,157.15625,156.5,156.875,2657
2017-06-19,2017-06-19T00:00:00Z,156.9375,157.28125,156.5625,156.65625,4622
2017-06-20,2017-06-20T00:00:00Z,156.6875,157.71875,156.6875,157.625,553
2017-06-21,2017-06-21T00:00:00Z,157.5,157.875,157.1875,157.59375,267998
2017-06-22,2017-06-22T00:00:00Z,156.34375,156.71875,156.15625,156.46875,204623
2017-06-23,2017-06-23T00:00:00Z,156.625,156.6875,156.15625,156.625,175926
2017-06-26,2017-06-26T00:00:00Z,156.5625,157.25,156.3125,156.90625,208301
2017-06-27,2017-06-27T00:00:00Z,156.875,157.1875,155.21875,155.6875,339995
2017-06-28,2017-06-28T00:00:00Z,155.53125,155.6875,154.28125,155.0,323107
2017-06-29,2017-06-29T00:00:00Z,154.90625,155.0625,153.5625,154.25,358698
2017-06-30,2017-06-30T00:00:00Z,154.25,154.3125,153.5625,153.6875,363616
2017-07-03,2017-07-03T00:00:00Z,153.78125,153.9375,152.84375,153.0625,178076
2017-07-05,2017-07-05T00:00:00Z,152.96875,153.78125,152.90625,153.34375,263374
2017-07-06,2017-07-06T00:00:00Z,153.40625,153.46875,151.875,152.28125,322936
2017-07-07,2017-07-07T00:00:00Z,152.28125,152.375,151.5625,151.65625,282727
2017-07-10,2017-07-10T00:00:00Z,151.78125,152.21875,151.625,152.0,186518
2017-07-11,2017-07-11T00:00:00Z,151.9375,152.3125,151.625,152.0625,231201
2017-07-12,2017-07-12T00:00:00Z,152.03125,153.09375,151.96875,152.78125,279177
2017-07-13,2017-07-13T00:00:00Z,152.875,153.34375,151.875,152.1875,247922
2017-07-14,2017-07-14T00:00:00Z,152.25,153.5,152.03125,152.625,278137
2017-07-17,2017-07-17T00:00:00Z,152.40625,153.0625,152.375,152.875,165300
2017-07-18,2017-07-18T00:00:00Z,152.65625,153.96875,152.625,153.84375,222590
2017-07-19,2017-07-19T00:00:00Z,153.84375,154.09375,153.625,153.9375,164142
2017-07-20,2017-07-20T00:00:00Z,153.84375,154.6875,153.78125,154.0625,246908
2017-07-21,2017-07-21T00:00:00Z,154.1875,154.96875,154.0625,154.78125,172229
2017-07-24,2017-07-24T00:00:00Z,154.625,154.84375,154.15625,154.25,138863
2017-07-25,2017-07-25T00:00:00Z,154.1875,154.34375,152.46875,152.625,264309
2017-07-26,2017-07-26T00:00:00Z,152.5,153.3125,152.25,153.15625,269563
2017-07-27,2017-07-27T00:00:00Z,153.0625,153.40625,152.09375,152.59375,294515
2017-07-28,2017-07-28T00:00:00Z,152.65625,153.21875,152.09375,153.1875,257770
2017-07-31,2017-07-31T00:00:00Z,153.15625,153.5,152.65625,152.96875,202613
2017-08-01,2017-08-01T00:00:00Z,152.9375,154.09375,152.28125,154.03125,315326
2017-08-02,2017-08-02T00:00:00Z,153.90625,154.5625,153.53125,154.21875,275883
2017-08-03,2017-08-03T00:00:00Z,153.96875,155.28125,153.96875,155.0,217511
2017-08-04,2017-08-04T00:00:00Z,155.125,155.3125,153.6875,154.09375,246375
2017-08-07,2017-08-07T00:00:00Z,154.125,154.46875,153.875,154.3125,132288
2017-08-08,2017-08-08T00:00:00Z,154.40625,154.5,153.53125,153.71875,191350
2017-08-09,2017-08-09T00:00:00Z,154.1875,155.25,154.15625,154.71875,254109
2017-08-10,2017-08-10T00:00:00Z,154.625,155.59375,154.40625,155.34375,283528
2017-08-11,2017-08-11T00:00:00Z,155.53125,155.90625,154.71875,155.46875,274473
2017-08-14,2017-08-14T00:00:00Z,155.40625,155.5,154.84375,155.15625,191265
2017-08-15,2017-08-15T00:00:00Z,155.15625,155.1875,153.75,154.40625,259862
2017-08-16,2017-08-16T00:00:00Z,154.21875,155.1875,153.8125,155.0625,224624
2017-08-17,2017-08-17T00:00:00Z,155.0625,156.0,154.5625,155.6875,277347
2017-08-18,2017-08-18T00:00:00Z,155.875,156.375,155.5,155.84375,268604
2017-08-21,2017-08-21T00:00:00Z,155.75,156.28125,155.53125,156.15625,180667
2017-08-22,2017-08-22T00:00:00Z,156.1875,156.21875,155.5,155.59375,210822
2017-08-23,2017-08-23T00:00:00Z,155.65625,156.5625,155.5,156.5,249601
2017-08-24,2017-08-24T00:00:00Z,156.5625,156.59375,156.0,156.09375,383172
2017-08-25,2017-08-25T00:00:00Z,156.0625,156.75,155.90625,156.53125,477288
2017-08-28,2017-08-28T00:00:00Z,156.625,156.8125,156.15625,156.75,370898
2017-08-29,2017-08-29T00:00:00Z,157.0,158.125,156.8125,156.9375,416253
2017-08-30,2017-08-30T00:00:00Z,157.03125,157.25,156.71875,156.90625,207239
2017-08-31,2017-08-31T00:00:00Z,157.125,157.5,156.75,157.375,63392
2017-09-01,2017-09-01T00:00:00Z,157.4375,158.0,156.21875,156.46875,24072
2017-09-05,2017-09-05T00:00:00Z,156.84375,158.5,156.46875,158.28125,14301
2017-09-06,2017-09-06T00:00:00Z,158.4375,158.65625,157.53125,157.625,8157
2017-09-07,2017-09-07T00:00:00Z,157.6875,159.21875,157.65625,158.65625,7435
2017-09-08,2017-09-08T00:00:00Z,158.96875,159.5,158.375,158.5625,4564
2017-09-11,2017-09-11T00:00:00Z,158.125,158.15625,157.09375,157.28125,4638
2017-09-12,2017-09-12T00:00:00Z,157.34375,157.34375,156.40625,156.53125,1490
2017-09-13,2017-09-13T00:00:00Z,156.46875,156.875,156.09375,156.09375,3448
2017-09-14,2017-09-14T00:00:00Z,156.28125,156.5625,155.6875,156.25,2994
2017-09-15,2017-09-15T00:00:00Z,156.625,156.75,156.0625,156.3125,1895
2017-09-18,2017-09-18T00:00:00Z,156.21875,156.28125,155.46875,155.625,1506
2017-09-19,2017-09-19T00:00:00Z,155.8125,155.96875,155.34375,155.40625,2812
2017-09-20,2017-09-20T00:00:00Z,155.46875,155.625,155.25,155.34375,270833
2017-09-21,2017-09-21T00:00:00Z,153.90625,154.53125,153.65625,153.875,248904
2017-09-22,2017-09-22T00:00:00Z,153.9375,154.59375,153.90625,154.09375,230687
2017-09-25,2017-09-25T00:00:00Z,154.25,155.125,154.0625,154.90625,271863
2017-09-26,2017-09-26T00:00:00Z,154.84375,155.09375,154.34375,154.78125,229036
2017-09-27,2017-09-27T00:00:00Z,154.65625,154.78125,152.75,152.9375,405279
2017-09-28,2017-09-28T00:00:00Z,152.90625,153.125,152.03125,152.78125,351334
2017-09-29,2017-09-29T00:00:00Z,152.75,153.0,152.375,152.8125,364793
2017-10-02,2017-10-02T00:00:00Z,152.6875,153.125,152.0625,152.6875,263763
2017-10-03,2017-10-03T00:00:00Z,152.5625,152.875,152.0,152.625,241956
2017-10-04,2017-10-04T00:00:00Z,152.8125,153.25,152.1875,152.5625,232366
2017-10-05,2017-10-05T00:00:00Z,152.75,152.9375,152.03125,152.25,221317
2017-10-06,2017-10-06T00:00:00Z,152.28125,152.375,151.21875,151.90625,338074
2017-10-09,2017-10-09T00:00:00Z,152.0625,152.3125,151.875,152.09375,48220
2017-10-10,2017-10-10T00:00:00Z,152.21875,153.0625,151.875,152.5,295619
2017-10-11,2017-10-11T00:00:00Z,152.1875,152.875,152.0625,152.5625,207352
2017-10-12,2017-10-12T00:00:00Z,152.4375,153.1875,152.3125,153.09375,262534
2017-10-13,2017-10-13T00:00:00Z,153.125,154.15625,152.9375,154.0,295008
2017-10-16,2017-10-16T00:00:00Z,154.09375,154.125,153.5625,153.71875,203193
2017-10-17,2017-10-17T00:00:00Z,153.75,154.09375,153.3125,154.0625,215140
2017-10-18,2017-10-18T00:00:00Z,154.0625,154.09375,152.78125,153.03125,254670
2017-10-19,2017-10-19T00:00:00Z,152.90625,154.0625,152.90625,153.53125,296406
2017-10-20,2017-10-20T00:00:00Z,153.40625,153.5625,151.78125,152.1875,352537
2017-10-23,2017-10-23T00:00:00Z,152.09375,152.625,151.875,152.34375,194917
2017-10-24,2017-10-24T00:00:00Z,152.4375,152.53125,151.28125,151.6875,239362
2017-10-25,2017-10-25T00:00:00Z,151.5,151.625,150.4375,150.90625,373665
2017-10-26,2017-10-26T00:00:00Z,151.15625,151.6875,150.46875,150.71875,307228
2017-10-27,2017-10-27T00:00:00Z,150.53125,151.5625,150.3125,151.1875,354070
2017-10-30,2017-10-30T00:00:00Z,151.5,152.4375,151.34375,152.375,231979
2017-10-31,2017-10-31T00:00:00Z,152.28125,152.59375,152.09375,152.46875,228323
2017-11-01,2017-11-01T00:00:00Z,152.375,153.3125,151.96875,152.75,329884
2017-11-02,2017-11-02T00:00:00Z,152.90625,153.6875,152.6875,153.46875,283673
2017-11-03,2017-11-03T00:00:00Z,153.5,154.0,153.34375,153.65625,262262
2017-11-06,2017-11-06T00:00:00Z,153.75,154.375,153.375,154.21875,191093
2017-11-07,2017-11-07T00:00:00Z,154.28125,154.75,153.90625,154.6875,282945
2017-11-08,2017-11-08T00:00:00Z,154.53125,154.8125,154.125,154.34375,218553
2017-11-09,2017-11-09T00:00:00Z,154.15625,154.4375,153.5625,153.875,363315
2017-11-10,2017-11-10T00:00:00Z,153.6875,153.78125,152.0625,152.3125,334125
2017-11-13,2017-11-13T00:00:00Z,152.15625,152.9375,152.03125,152.40625,267220
2017-11-14,2017-11-14T00:00:00Z,152.34375,153.125,152.15625,152.875,259493
2017-11-15,2017-11-15T00:00:00Z,153.0625,154.3125,153.03125,154.0,336764
2017-11-16,2017-11-16T00:00:00Z,154.28125,154.28125,153.09375,153.5625,275369
2017-11-17,2017-11-17T00:00:00Z,153.15625,154.15625,153.09375,153.78125,245812
2017-11-20,2017-11-20T00:00:00Z,154.03125,154.4375,153.59375,153.65625,245651
2017-11-21,2017-11-21T00:00:00Z,153.8125,154.6875,153.75,154.09375,396511
2017-11-22,2017-11-22T00:00:00Z,154.1875,154.625,153.53125,154.5,159120
2017-11-24,2017-11-24T00:00:00Z,154.625,154.75,153.90625,154.25,161742
2017-11-27,2017-11-27T00:00:00Z,154.3125,154.75,153.9375,154.34375,588301
2017-11-28,2017-11-28T00:00:00Z,154.3125,154.84375,154.0625,154.28125,472637
2017-11-29,2017-11-29T00:00:00Z,154.40625,154.6875,152.875,153.3125,345953
2017-11-30,2017-11-30T00:00:00Z,153.15625,153.3125,152.125,152.84375,71079
2017-12-01,2017-12-01T00:00:00Z,152.96875,155.28125,152.875,154.375,40990
2017-12-04,2017-12-04T00:00:00Z,153.625,154.3125,153.1875,154.125,13572
2017-12-05,2017-12-05T00:00:00Z,154.1875,154.875,153.78125,154.8125,7542
2017-12-06,2017-12-06T00:00:00Z,154.75,155.65625,154.6875,155.15625,17101
2017-12-07,2017-12-07T00:00:00Z,154.96875,155.53125,153.96875,153.96875,2131
2017-12-08,2017-12-08T00:00:00Z,154.21875,154.34375,153.6875,154.0,5120
2017-12-11,2017-12-11T00:00:00Z,154.125,154.65625,154.03125,154.15625,2602
2017-12-12,2017-12-12T00:00:00Z,154.15625,154.15625,153.3125,153.78125,1457
2017-12-13,2017-12-13T00:00:00Z,153.9375,154.84375,153.59375,154.8125,2275
2017-12-14,2017-12-14T00:00:00Z,154.625,155.21875,154.25,155.21875,1991
2017-12-15,2017-12-15T00:00:00Z,155.125,155.5,154.8125,155.375,1336
2017-12-18,2017-12-18T00:00:00Z,155.28125,155.28125,154.21875,154.28125,3104
2017-12-19,2017-12-19T00:00:00Z,154.3125,154.3125,152.53125,152.53125,326762
2017-12-20,2017-12-20T00:00:00Z,151.65625,151.875,150.4375,150.5625,299836
2017-12-21,2017-12-21T00:00:00Z,150.53125,151.25,150.46875,151.1875,193749
2017-12-22,2017-12-22T00:00:00Z,151.0,151.21875,150.875,151.0,77670
2017-12-26,2017-12-26T00:00:00Z,150.90625,151.78125,150.75,151.625,82762
2017-12-27,2017-12-27T00:00:00Z,151.375,153.125,151.375,152.9375,236792
2017-12-28,2017-12-28T00:00:00Z,152.90625,152.90625,152.40625,152.71875,158645
2017-12-29,2017-12-29T00:00:00Z,152.71875,153.09375,152.3125,153.0,177685
2018-01-02,2018-01-02T00:00:00Z,152.84375,152.90625,151.375,151.75,248790
2018-01-03,2018-01-03T00:00:00Z,151.6875,152.40625,151.53125,152.3125,199817
2018-01-04,2018-01-04T00:00:00Z,152.21875,152.40625,151.59375,152.3125,228644
2018-01-05,2018-01-05T00:00:00Z,152.3125,152.65625,151.65625,151.8125,251056
2018-01-08,2018-01-08T00:00:00Z,151.84375,152.21875,151.46875,151.71875,146591
2018-01-09,2018-01-09T00:00:00Z,151.78125,151.8125,150.03125,150.21875,368548
2018-01-10,2018-01-10T00:00:00Z,150.03125,150.1875,149.09375,150.0625,430005
2018-01-11,2018-01-11T00:00:00Z,149.90625,150.625,149.53125,150.4375,373883
2018-01-12,2018-01-12T00:00:00Z,150.15625,150.59375,149.53125,150.5,290391
2018-01-16,2018-01-16T00:00:00Z,150.5,151.03125,150.3125,150.8125,270906
2018-01-17,2018-01-17T00:00:00Z,150.875,151.1875,150.09375,150.3125,306023
2018-01-18,2018-01-18T00:00:00Z,150.125,150.25,149.09375,149.4375,377868
2018-01-19,2018-01-19T00:00:00Z,149.15625,149.375,148.53125,149.0,359078
2018-01-22,2018-01-22T00:00:00Z,148.90625,149.28125,148.375,148.6875,235617
2018-01-23,2018-01-23T00:00:00Z,148.875,149.6875,148.78125,149.21875,285708
2018-01-24,2018-01-24T00:00:00Z,149.375,149.5,148.21875,148.46875,363674
2018-01-25,2018-01-25T00:00:00Z,148.65625,149.5,148.34375,149.40625,391865
2018-01-26,2018-01-26T00:00:00Z,149.375,149.46875,148.46875,148.75,286107
2018-01-29,2018-01-29T00:00:00Z,148.75,148.90625,147.5625,148.125,317670
2018-01-30,2018-01-30T00:00:00Z,148.0625,148.34375,147.125,147.375,391461
2018-01-31,2018-01-31T00:00:00Z,147.4375,148.1875,147.09375,147.8125,518389
2018-02-01,2018-02-01T00:00:00Z,148.03125,148.0625,146.09375,146.5625,468340
2018-02-02,2018-02-02T00:00:00Z,146.1875,146.375,144.75,144.78125,561877
2018-02-05,2018-02-05T00:00:00Z,144.9375,147.5,144.09375,145.6875,734436
2018-02-06,2018-02-06T00:00:00Z,146.90625,147.71875,145.46875,146.03125,678351
2018-02-07,2018-02-07T00:00:00Z,145.5625,146.375,144.34375,144.625,483886
2018-02-08,2018-02-08T00:00:00Z,144.65625,144.96875,143.625,144.09375,700981
2018-02-09,2018-02-09T00:00:00Z,144.15625,144.78125,143.59375,144.15625,616914
2018-02-12,2018-02-12T00:00:00Z,143.71875,145.1875,143.125,144.40625,417213
2018-02-13,2018-02-13T00:00:00Z,144.25,144.9375,144.1875,144.5625,264027
2018-02-14,2018-02-14T00:00:00Z,144.78125,145.28125,143.21875,143.375,442761
2018-02-15,2018-02-15T00:00:00Z,143.5625,144.34375,143.125,144.0,355147
2018-02-16,2018-02-16T00:00:00Z,143.625,144.84375,143.5625,144.21875,304622
2018-02-20,2018-02-20T00:00:00Z,144.1875,144.46875,143.4375,143.875,326063
2018-02-21,2018-02-21T00:00:00Z,143.90625,144.1875,142.4375,142.6875,373941
2018-02-22,2018-02-22T00:00:00Z,142.71875,143.59375,142.65625,143.125,515870
2018-02-23,2018-02-23T00:00:00Z,143.0625,144.25,142.75,144.0625,515870
2018-02-26,2018-02-26T00:00:00Z,144.125,144.84375,143.96875,144.21875,582937
2018-02-27,2018-02-27T00:00:00Z,144.125,144.53125,143.1875,143.5625,360514
2018-02-28,2018-02-28T00:00:00Z,143.8125,144.5625,143.5625,144.4375,59647
2018-03-01,2018-03-01T00:00:00Z,144.5,145.53125,144.1875,145.34375,36868
2018-03-02,2018-03-02T00:00:00Z,145.34375,145.625,144.1875,144.4375,12029
2018-03-05,2018-03-05T00:00:00Z,144.3125,145.15625,143.6875,144.125,7524
2018-03-06,2018-03-06T00:00:00Z,144.03125,144.75,143.6875,144.40625,5331
2018-03-07,2018-03-07T00:00:00Z,144.34375,145.0,144.0625,144.125,7260
2018-03-08,2018-03-08T00:00:00Z,144.1875,145.03125,144.09375,144.59375,2428
2018-03-09,2018-03-09T00:00:00Z,144.65625,144.6875,143.84375,144.15625,7345
2018-03-12,2018-03-12T00:00:00Z,144.0,144.78125,143.90625,144.75,2401
2018-03-13,2018-03-13T00:00:00Z,144.59375,145.25,144.46875,145.15625,817
2018-03-14,2018-03-14T00:00:00Z,145.25,146.03125,145.125,145.875,589
2018-03-15,2018-03-15T00:00:00Z,146.15625,146.15625,145.65625,145.8125,306
2018-03-16,2018-03-16T00:00:00Z,145.875,145.875,145.4375,145.4375,968
2018-03-19,2018-03-19T00:00:00Z,145.375,145.6875,144.9375,145.53125,710
2018-03-20,2018-03-20T00:00:00Z,144.75,144.90625,144.75,144.8125,221760
2018-03-21,2018-03-21T00:00:00Z,143.5,144.15625,142.9375,143.5,297560
2018-03-22,2018-03-22T00:00:00Z,143.71875,145.5,143.6875,144.75,463701
2018-03-23,2018-03-23T00:00:00Z,144.78125,145.40625,144.1875,144.71875,298395
2018-03-26,2018-03-26T00:00:00Z,144.875,145.125,144.21875,144.71875,241759
2018-03-27,2018-03-27T00:00:00Z,144.4375,145.875,144.34375,145.625,332668
2018-03-28,2018-03-28T00:00:00Z,145.71875,146.3125,145.40625,145.875,347110
2018-03-29,2018-03-29T00:00:00Z,145.6875,146.75,145.59375,146.625,291840
2018-04-02,2018-04-02T00:00:00Z,146.28125,147.09375,145.96875,146.75,191302
2018-04-03,2018-04-03T00:00:00Z,146.84375,146.875,145.6875,145.875,288998
2018-04-04,2018-04-04T00:00:00Z,145.9375,146.5625,145.375,145.71875,296317
2018-04-05,2018-04-05T00:00:00Z,145.46875,145.5,144.78125,144.90625,213961
2018-04-06,2018-04-06T00:00:00Z,144.875,146.125,144.8125,146.03125,326340
2018-04-09,2018-04-09T00:00:00Z,146.0,146.3125,145.4375,146.0625,223645
2018-04-10,2018-04-10T00:00:00Z,146.09375,146.25,145.53125,145.9375,257173
2018-04-11,2018-04-11T00:00:00Z,145.71875,146.875,145.59375,146.125,310105
2018-04-12,2018-04-12T00:00:00Z,146.3125,146.4375,145.09375,145.375,275859
2018-04-13,2018-04-13T00:00:00Z,145.28125,145.78125,145.1875,145.40625,223550
2018-04-16,2018-04-16T00:00:00Z,145.375,145.5625,144.65625,145.46875,238104
2018-04-17,2018-04-17T00:00:00Z,145.46875,146.0625,145.21875,146.03125,242528
2018-04-18,2018-04-18T00:00:00Z,145.59375,145.84375,144.65625,144.9375,283766
2018-04-19,2018-04-19T00:00:00Z,144.78125,144.9375,143.375,143.78125,374109
2018-04-20,2018-04-20T00:00:00Z,143.84375,143.96875,142.90625,143.09375,241135
2018-04-23,2018-04-23T00:00:00Z,142.96875,143.0625,142.28125,142.96875,227912
2018-04-24,2018-04-24T00:00:00Z,142.9375,143.28125,142.28125,142.53125,285841
2018-04-25,2018-04-25T00:00:00Z,142.28125,142.5,141.53125,141.75,273123
2018-04-26,2018-04-26T00:00:00Z,141.78125,142.625,141.59375,142.375,222753
2018-04-27,2018-04-27T00:00:00Z,142.5625,143.28125,142.5,143.25,219619
2018-04-30,2018-04-30T00:00:00Z,143.15625,143.875,142.9375,143.84375,284733
2018-05-01,2018-05-01T00:00:00Z,143.40625,143.625,142.96875,143.15625,252822
2018-05-02,2018-05-02T00:00:00Z,143.3125,143.5625,142.6875,143.25,295047
2018-05-03,2018-05-03T00:00:00Z,143.09375,143.9375,142.90625,143.5625,278108
2018-05-04,2018-05-04T00:00:00Z,143.5,144.25,143.15625,143.65625,244053
2018-05-07,2018-05-07T00:00:00Z,143.46875,143.84375,143.34375,143.5625,134984
2018-05-08,2018-05-08T00:00:00Z,143.46875,143.6875,142.90625,143.375,226344
2018-05-09,2018-05-09T00:00:00Z,143.21875,143.28125,142.46875,142.65625,245468
2018-05-10,2018-05-10T00:00:00Z,142.5625,143.375,142.53125,143.1875,331232
2018-05-11,2018-05-11T00:00:00Z,143.3125,143.65625,142.90625,143.125,244671
2018-05-14,2018-05-14T00:00:00Z,143.09375,143.34375,142.5625,142.75,202314
2018-05-15,2018-05-15T00:00:00Z,142.625,142.71875,140.8125,141.0625,430386
2018-05-16,2018-05-16T00:00:00Z,141.28125,141.59375,140.8125,140.9375,315063
2018-05-17,2018-05-17T00:00:00Z,140.9375,141.03125,140.28125,140.4375,331592
2018-05-18,2018-05-18T00:00:00Z,140.4375,141.375,140.15625,141.1875,302138
2018-05-21,2018-05-21T00:00:00Z,141.03125,141.5,140.78125,141.28125,267680
2018-05-22,2018-05-22T00:00:00Z,141.34375,141.5625,141.03125,141.25,274119
2018-05-23,2018-05-23T00:00:00Z,141.3125,142.53125,141.25,142.21875,538623
2018-05-24,2018-05-24T00:00:00Z,142.40625,143.1875,142.03125,142.78125,614890
2018-05-25,2018-05-25T00:00:00Z,142.8125,143.9375,142.59375,143.6875,556538
2018-05-29,2018-05-29T00:00:00Z,144.5,146.5,144.125,146.25,1008746
2018-05-30,2018-05-30T00:00:00Z,146.4375,146.71875,144.53125,145.4375,444276
2018-05-31,2018-05-31T00:00:00Z,145.1875,146.03125,144.8125,146.0,65411
2018-06-01,2018-06-01T00:00:00Z,145.34375,145.46875,144.28125,144.8125,27813
2018-06-04,2018-06-04T00:00:00Z,144.6875,144.8125,143.90625,144.125,26184
2018-06-05,2018-06-05T00:00:00Z,144.03125,144.71875,144.03125,144.3125,11545
2018-06-06,2018-06-06T00:00:00Z,144.125,144.1875,143.125,143.25,10438
2018-06-07,2018-06-07T00:00:00Z,143.25,144.78125,142.90625,144.125,3608
2018-06-08,2018-06-08T00:00:00Z,144.21875,144.78125,143.875,144.03125,4566
2018-06-11,2018-06-11T00:00:00Z,143.9375,143.9375,143.4375,143.65625,1455
2018-06-12,2018-06-12T00:00:00Z,143.65625,143.84375,143.21875,143.75,1777
2018-06-13,2018-06-13T00:00:00Z,143.71875,143.90625,142.9375,143.4375,5407
2018-06-14,2018-06-14T00:00:00Z,143.9375,144.375,143.75,144.125,1276
2018-06-15,2018-06-15T00:00:00Z,144.28125,145.03125,144.1875,144.5,2858
2018-06-18,2018-06-18T00:00:00Z,144.6875,144.9375,144.34375,144.40625,1671
2018-06-19,2018-06-19T00:00:00Z,144.625,145.5625,144.625,144.9375,3160
2018-06-20,2018-06-20T00:00:00Z,144.9375,144.9375,144.5,144.5,246929
2018-06-21,2018-06-21T00:00:00Z,143.1875,144.125,143.03125,143.96875,289873
2018-06-22,2018-06-22T00:00:00Z,143.90625,144.09375,143.40625,143.96875,193538
2018-06-25,2018-06-25T00:00:00Z,144.0,144.5625,143.96875,144.34375,234102
2018-06-26,2018-06-26T00:00:00Z,144.28125,144.53125,143.9375,144.25,226789
2018-06-27,2018-06-27T00:00:00Z,144.25,145.34375,144.15625,145.28125,347135
2018-06-28,2018-06-28T00:00:00Z,145.25,145.34375,144.90625,144.96875,236358
2018-06-29,2018-06-29T00:00:00Z,145.1875,145.5,144.6875,145.0,336080
2018-07-02,2018-07-02T00:00:00Z,144.84375,145.40625,144.65625,144.75,191539
2018-07-03,2018-07-03T00:00:00Z,144.71875,145.46875,144.5,145.34375,0
2018-07-05,2018-07-05T00:00:00Z,145.25,145.78125,144.84375,145.5,235427
2018-07-06,2018-07-06T00:00:00Z,145.625,146.34375,145.375,145.65625,210525
2018-07-09,2018-07-09T00:00:00Z,145.84375,145.875,145.09375,145.125,163296
2018-07-10,2018-07-10T00:00:00Z,145.15625,145.3125,144.9375,145.0,201497
2018-07-11,2018-07-11T00:00:00Z,145.34375,145.75,145.09375,145.46875,266218
2018-07-12,2018-07-12T00:00:00Z,145.34375,145.4375,145.0,145.28125,209476
2018-07-13,2018-07-13T00:00:00Z,145.40625,145.78125,145.21875,145.6875,168390
2018-07-16,2018-07-16T00:00:00Z,145.71875,145.75,144.71875,145.125,243217
2018-07-17,2018-07-17T00:00:00Z,145.1875,145.375,144.875,145.03125,168262
2018-07-18,2018-07-18T00:00:00Z,145.0625,145.34375,144.5625,144.71875,186714
2018-07-19,2018-07-19T00:00:00Z,144.8125,145.5625,144.375,145.28125,288230
2018-07-20,2018-07-20T00:00:00Z,145.40625,145.5,144.125,144.1875,307011
2018-07-23,2018-07-23T00:00:00Z,144.3125,144.375,142.78125,142.8125,356295
2018-07-24,2018-07-24T00:00:00Z,143.0,143.25,142.65625,143.1875,298123
2018-07-25,2018-07-25T00:00:00Z,143.125,143.59375,142.625,143.40625,332132
2018-07-26,2018-07-26T00:00:00Z,142.71875,143.25,142.5625,142.6875,251575
2018-07-27,2018-07-27T00:00:00Z,142.65625,143.25,142.5,142.9375,256564
2018-07-30,2018-07-30T00:00:00Z,143.0,143.0,142.375,142.625,234940
2018-07-31,2018-07-31T00:00:00Z,142.59375,143.5,142.5625,142.96875,472841
2018-08-01,2018-08-01T00:00:00Z,143.0,143.28125,141.84375,142.21875,307334
2018-08-02,2018-08-02T00:00:00Z,142.1875,142.78125,142.0625,142.4375,270247
2018-08-03,2018-08-03T00:00:00Z,142.4375,143.0625,142.28125,142.96875,238994
2018-08-06,2018-08-06T00:00:00Z,142.96875,143.5625,142.875,143.25,218349
2018-08-07,2018-08-07T00:00:00Z,143.125,143.28125,142.46875,142.59375,192827
2018-08-08,2018-08-08T00:00:00Z,142.59375,142.90625,142.34375,142.625,208493
2018-08-09,2018-08-09T00:00:00Z,142.71875,143.53125,142.59375,143.28125,290269
2018-08-10,2018-08-10T00:00:00Z,143.4375,144.6875,143.375,144.65625,383970
2018-08-13,2018-08-13T00:00:00Z,144.5625,144.78125,144.03125,144.3125,368900
2018-08-14,2018-08-14T00:00:00Z,144.1875,144.40625,143.84375,144.03125,246194
2018-08-15,2018-08-15T00:00:00Z,143.90625,145.0,143.875,144.75,311664
2018-08-16,2018-08-16T00:00:00Z,144.5625,144.71875,144.15625,144.53125,218999
2018-08-17,2018-08-17T00:00:00Z,144.625,145.09375,144.46875,144.53125,232297
2018-08-20,2018-08-20T00:00:00Z,144.6875,145.5625,144.59375,145.46875,236943
2018-08-21,2018-08-21T00:00:00Z,145.46875,145.53125,144.84375,145.125,270288
2018-08-22,2018-08-22T00:00:00Z,145.34375,145.75,145.1875,145.46875,310649
2018-08-23,2018-08-23T00:00:00Z,145.46875,145.75,145.375,145.65625,296430
2018-08-24,2018-08-24T00:00:00Z,145.46875,145.90625,145.09375,145.59375,428347
2018-08-27,2018-08-27T00:00:00Z,145.875,145.90625,145.0625,145.125,437521
2018-08-28,2018-08-28T00:00:00Z,145.125,145.15625,144.3125,144.4375,540191
2018-08-29,2018-08-29T00:00:00Z,144.5,144.75,144.25,144.59375,388636
2018-08-30,2018-08-30T00:00:00Z,144.5625,145.0625,144.46875,144.96875,312970
2018-08-31,2018-08-31T00:00:00Z,144.96875,145.5,144.6875,144.96875,0
2018-09-04,2018-09-04T00:00:00Z,144.71875,144.875,143.84375,143.875,32672
2018-09-05,2018-09-05T00:00:00Z,144.0,144.3125,143.65625,143.875,9966
2018-09-06,2018-09-06T00:00:00Z,143.875,144.46875,143.6875,144.375,9935
2018-09-07,2018-09-07T00:00:00Z,144.53125,144.53125,143.1875,143.34375,32640
2018-09-10,2018-09-10T00:00:00Z,143.21875,143.625,143.1875,143.5,3244
2018-09-11,2018-09-11T00:00:00Z,143.59375,143.59375,142.6875,142.75,4579
2018-09-12,2018-09-12T00:00:00Z,142.84375,143.1875,142.84375,143.0625,4868
2018-09-13,2018-09-13T00:00:00Z,142.875,143.4375,142.78125,143.15625,2629
2018-09-14,2018-09-14T00:00:00Z,142.90625,143.0,142.375,142.53125,1623
2018-09-17,2018-09-17T00:00:00Z,142.5,142.71875,142.03125,142.40625,4012
2018-09-18,2018-09-18T00:00:00Z,142.5625,142.5625,141.28125,141.40625,5253
2018-09-19,2018-09-19T00:00:00Z,141.34375,141.34375,140.6875,141.0625,433900
2018-09-20,2018-09-20T00:00:00Z,140.4375,140.59375,139.75,140.25,339340
2018-09-21,2018-09-21T00:00:00Z,140.5,140.6875,140.09375,140.34375,225006
2018-09-24,2018-09-24T00:00:00Z,140.4375,140.5,139.9375,140.25,253295
2018-09-25,2018-09-25T00:00:00Z,139.9375,140.03125,139.53125,139.78125,288214
2018-09-26,2018-09-26T00:00:00Z,139.875,140.75,139.84375,140.53125,320946
2018-09-27,2018-09-27T00:00:00Z,140.6875,141.09375,140.25,140.65625,300758
2018-09-28,2018-09-28T00:00:00Z,140.59375,141.125,140.3125,140.5,427740
2018-10-01,2018-10-01T00:00:00Z,140.28125,140.34375,139.71875,139.96875,321589
2018-10-02,2018-10-02T00:00:00Z,139.84375,140.71875,139.84375,140.5,392748
2018-10-03,2018-10-03T00:00:00Z,140.25,140.5,138.09375,138.5,660735
2018-10-04,2018-10-04T00:00:00Z,138.1875,138.28125,137.25,137.90625,702117
2018-10-05,2018-10-05T00:00:00Z,137.9375,138.0625,136.8125,137.28125,565350
2018-10-08,2018-10-08T00:00:00Z,137.15625,137.4375,136.65625,137.03125,108237
2018-10-09,2018-10-09T00:00:00Z,136.9375,137.8125,136.5,137.71875,455916
2018-10-10,2018-10-10T00:00:00Z,137.6875,138.25,136.90625,137.25,545642
2018-10-11,2018-10-11T00:00:00Z,138.1875,138.96875,137.71875,138.84375,782198
2018-10-12,2018-10-12T00:00:00Z,138.46875,138.875,137.9375,138.71875,469654
2018-10-15,2018-10-15T00:00:00Z,138.34375,138.6875,138.21875,138.28125,292815
2018-10-16,2018-10-16T00:00:00Z,138.40625,138.59375,138.0,138.5,306865
2018-10-17,2018-10-17T00:00:00Z,138.375,138.8125,137.625,138.15625,326630
2018-10-18,2018-10-18T00:00:00Z,137.65625,138.40625,137.46875,138.125,459720
2018-10-19,2018-10-19T00:00:00Z,138.0,138.21875,137.53125,137.71875,380489
2018-10-22,2018-10-22T00:00:00Z,137.84375,138.21875,137.625,137.8125,303401
2018-10-23,2018-10-23T00:00:00Z,137.6875,139.21875,137.6875,138.1875,570864
2018-10-24,2018-10-24T00:00:00Z,138.125,139.21875,138.09375,138.78125,461083
2018-10-25,2018-10-25T00:00:00Z,139.0625,139.21875,138.40625,138.71875,354332
2018-10-26,2018-10-26T00:00:00Z,138.875,139.78125,138.875,139.4375,553030
2018-10-29,2018-10-29T00:00:00Z,139.4375,139.875,138.78125,139.34375,445446
2018-10-30,2018-10-30T00:00:00Z,139.28125,139.375,138.625,138.90625,436740
2018-10-31,2018-10-31T00:00:00Z,138.65625,138.75,138.03125,138.125,399593
2018-11-01,2018-11-01T00:00:00Z,138.28125,138.65625,137.75,138.4375,373423
2018-11-02,2018-11-02T00:00:00Z,138.71875,138.75,137.03125,137.15625,495266
2018-11-05,2018-11-05T00:00:00Z,137.15625,137.78125,137.125,137.5625,290451
2018-11-06,2018-11-06T00:00:00Z,137.53125,137.71875,137.125,137.4375,250577
2018-11-07,2018-11-07T00:00:00Z,137.125,138.09375,136.75,137.375,539320
2018-11-08,2018-11-08T00:00:00Z,137.0,137.625,136.96875,137.1875,276136
2018-11-09,2018-11-09T00:00:00Z,137.0,138.09375,137.0,137.90625,317187
2018-11-12,2018-11-12T00:00:00Z,138.0,138.65625,137.8125,138.46875,103422
2018-11-13,2018-11-13T00:00:00Z,138.5,138.71875,138.09375,138.59375,378312
2018-11-14,2018-11-14T00:00:00Z,138.625,139.3125,138.09375,138.875,470654
2018-11-15,2018-11-15T00:00:00Z,138.71875,139.4375,138.5625,138.78125,467227
2018-11-16,2018-11-16T00:00:00Z,138.78125,139.75,138.6875,139.5625,400375
2018-11-19,2018-11-19T00:00:00Z,139.78125,139.9375,139.0,139.78125,335815
2018-11-20,2018-11-20T00:00:00Z,139.625,140.28125,139.59375,140.03125,476455
2018-11-21,2018-11-21T00:00:00Z,139.8125,139.9375,139.4375,139.90625,355635
2018-11-23,2018-11-23T00:00:00Z,139.84375,140.53125,139.6875,140.0,220138
2018-11-26,2018-11-26T00:00:00Z,140.125,140.15625,139.625,139.78125,661788
2018-11-27,2018-11-27T00:00:00Z,139.96875,140.15625,139.65625,139.90625,695313
2018-11-28,2018-11-28T00:00:00Z,139.90625,140.0625,139.5,139.9375,502637
2018-11-29,2018-11-29T00:00:00Z,139.6875,140.75,139.59375,140.125,376029
2018-11-30,2018-11-30T00:00:00Z,140.21875,140.96875,140.1875,140.53125,77897
2018-12-03,2018-12-03T00:00:00Z,140.34375,141.625,140.0625,141.15625,42695
2018-12-04,2018-12-04T00:00:00Z,141.5625,143.59375,141.46875,142.78125,0
2018-12-06,2018-12-06T00:00:00Z,142.78125,144.40625,142.78125,143.78125,16921
2018-12-07,2018-12-07T00:00:00Z,143.375,144.03125,142.96875,143.9375,5865
2018-12-10,2018-12-10T00:00:00Z,144.25,144.53125,143.78125,144.0625,1967
2018-12-11,2018-12-11T00:00:00Z,144.03125,144.40625,143.40625,143.78125,1605
2018-12-12,2018-12-12T00:00:00Z,143.71875,143.71875,143.1875,143.28125,3045
2018-12-13,2018-12-13T00:00:00Z,143.28125,143.5,142.9375,143.03125,1053
2018-12-14,2018-12-14T00:00:00Z,143.28125,143.53125,143.15625,143.28125,490
2018-12-17,2018-12-17T00:00:00Z,143.28125,143.96875,143.28125,143.78125,6250
2018-12-18,2018-12-18T00:00:00Z,144.0,144.6875,143.8125,144.46875,2117
2018-12-19,2018-12-19T00:00:00Z,144.6875,145.03125,144.5625,144.90625,420892
2018-12-20,2018-12-20T00:00:00Z,145.53125,146.0,144.28125,144.8125,559770
2018-12-21,2018-12-21T00:00:00Z,144.40625,145.1875,144.34375,144.8125,288902
2018-12-24,2018-12-24T00:00:00Z,144.78125,145.78125,144.53125,145.4375,115543
2018-12-26,2018-12-26T00:00:00Z,145.75,146.09375,144.40625,144.75,188125
2018-12-27,2018-12-27T00:00:00Z,144.5,145.875,144.46875,145.53125,275515
2018-12-28,2018-12-28T00:00:00Z,145.0625,145.875,144.8125,145.53125,261148
2018-12-31,2018-12-31T00:00:00Z,145.65625,146.28125,145.21875,146.0,224736
2019-01-02,2019-01-02T00:00:00Z,145.71875,147.4375,145.59375,146.75,350224
2019-01-03,2019-01-03T00:00:00Z,147.5625,148.78125,146.90625,148.65625,479904
2019-01-04,2019-01-04T00:00:00Z,148.5,148.84375,146.59375,146.875,403897
2019-01-07,2019-01-07T00:00:00Z,146.71875,147.53125,146.125,146.5,312962
2019-01-08,2019-01-08T00:00:00Z,146.25,146.4375,145.625,146.03125,249917
2019-01-09,2019-01-09T00:00:00Z,145.71875,145.90625,145.34375,145.5625,300979
2019-01-10,2019-01-10T00:00:00Z,145.84375,146.3125,144.9375,145.28125,383589
2019-01-11,2019-01-11T00:00:00Z,145.03125,146.09375,145.0,145.75,225108
2019-01-14,2019-01-14T00:00:00Z,145.75,146.34375,145.34375,145.40625,235565
2019-01-15,2019-01-15T00:00:00Z,145.5625,145.90625,145.15625,145.40625,320960
2019-01-16,2019-01-16T00:00:00Z,145.375,145.53125,144.75,145.1875,307905
2019-01-17,2019-01-17T00:00:00Z,145.34375,145.75,144.84375,145.03125,287236
2019-01-18,2019-01-18T00:00:00Z,145.03125,145.21875,144.28125,144.53125,262034
2019-01-22,2019-01-22T00:00:00Z,144.53125,145.53125,144.40625,145.40625,332475
2019-01-23,2019-01-23T00:00:00Z,145.25,145.3125,144.4375,144.96875,284131
2019-01-24,2019-01-24T00:00:00Z,145.125,145.9375,144.96875,145.78125,304277
2019-01-25,2019-01-25T00:00:00Z,145.6875,145.84375,144.90625,145.09375,239669
2019-01-28,2019-01-28T00:00:00Z,145.0,145.46875,144.875,145.09375,235470
2019-01-29,2019-01-29T00:00:00Z,145.0625,145.71875,144.96875,145.65625,213291
2019-01-30,2019-01-30T00:00:00Z,145.59375,146.03125,145.1875,145.6875,286040
2019-01-31,2019-01-31T00:00:00Z,145.9375,147.03125,145.90625,146.6875,411686
2019-02-01,2019-02-01T00:00:00Z,146.8125,146.96875,145.84375,145.9375,320683
2019-02-04,2019-02-04T00:00:00Z,146.0625,146.09375,145.0,145.25,225484
2019-02-05,2019-02-05T00:00:00Z,145.28125,146.0,144.90625,145.6875,217928
2019-02-06,2019-02-06T00:00:00Z,145.75,146.28125,145.53125,145.65625,225543
2019-02-07,2019-02-07T00:00:00Z,145.71875,146.5625,145.71875,146.5,301204
2019-02-08,2019-02-08T00:00:00Z,146.375,146.96875,146.34375,146.875,238461
2019-02-11,2019-02-11T00:00:00Z,146.78125,146.9375,146.21875,146.375,196481
2019-02-12,2019-02-12T00:00:00Z,146.53125,146.5625,145.8125,145.96875,211293
2019-02-13,2019-02-13T00:00:00Z,145.90625,146.0625,145.5,145.75,217531
2019-02-14,2019-02-14T00:00:00Z,145.8125,146.875,145.65625,146.5,326725
2019-02-15,2019-02-15T00:00:00Z,146.5625,146.90625,146.09375,146.5625,230905
2019-02-19,2019-02-19T00:00:00Z,146.5625,147.15625,146.375,146.84375,307609
2019-02-20,2019-02-20T00:00:00Z,147.0,147.15625,146.34375,146.59375,284871
2019-02-21,2019-02-21T00:00:00Z,146.71875,146.78125,145.53125,145.78125,465712
2019-02-22,2019-02-22T00:00:00Z,145.6875,146.78125,145.65625,146.40625,508670
2019-02-25,2019-02-25T00:00:00Z,146.34375,146.46875,145.875,146.125,620793
2019-02-26,2019-02-26T00:00:00Z,146.28125,146.875,146.125,146.8125,685180
2019-02-27,2019-02-27T00:00:00Z,146.84375,146.90625,145.40625,145.5625,318395
2019-02-28,2019-02-28T00:00:00Z,145.59375,146.03125,144.875,145.125,95564
2019-03-01,2019-03-01T00:00:00Z,145.15625,145.21875,144.21875,144.46875,15370
2019-03-04,2019-03-04T00:00:00Z,144.375,145.125,144.21875,145.0625,24967
2019-03-05,2019-03-05T00:00:00Z,145.0,145.15625,144.59375,145.09375,9292
2019-03-06,2019-03-06T00:00:00Z,145.125,145.8125,145.09375,145.5625,8066
2019-03-07,2019-03-07T00:00:00Z,145.5,146.53125,145.46875,146.46875,9526
2019-03-08,2019-03-08T00:00:00Z,146.4375,146.875,146.125,146.65625,5156
2019-03-11,2019-03-11T00:00:00Z,146.59375,146.625,146.125,146.3125,3286
2019-03-12,2019-03-12T00:00:00Z,146.125,147.1875,145.8125,147.09375,1246
2019-03-13,2019-03-13T00:00:00Z,147.03125,147.03125,146.5625,146.8125,6342
2019-03-14,2019-03-14T00:00:00Z,146.625,146.6875,146.0,146.1875,1905
2019-03-15,2019-03-15T00:00:00Z,146.34375,147.09375,146.25,146.875,1606
2019-03-18,2019-03-18T00:00:00Z,146.90625,146.90625,146.59375,146.78125,5529
2019-03-19,2019-03-19T00:00:00Z,146.90625,146.90625,146.09375,146.46875,6234
2019-03-20,2019-03-20T00:00:00Z,146.46875,146.96875,146.4375,146.90625,322123
2019-03-21,2019-03-21T00:00:00Z,147.03125,147.46875,146.875,147.125,309070
2019-03-22,2019-03-22T00:00:00Z,147.09375,149.125,147.0625,148.53125,540197
2019-03-25,2019-03-25T00:00:00Z,148.65625,149.71875,148.1875,149.0,423698
2019-03-26,2019-03-26T00:00:00Z,149.15625,149.28125,148.375,149.09375,340664
2019-03-27,2019-03-27T00:00:00Z,148.9375,150.15625,148.78125,150.0625,471301
2019-03-28,2019-03-28T00:00:00Z,150.125,150.65625,149.71875,150.03125,329074
2019-03-29,2019-03-29T00:00:00Z,149.8125,150.03125,149.28125,149.65625,359608
2019-04-01,2019-04-01T00:00:00Z,149.65625,149.65625,147.96875,148.21875,330944
2019-04-02,2019-04-02T00:00:00Z,148.28125,148.71875,148.09375,148.3125,230426
2019-04-03,2019-04-03T00:00:00Z,148.40625,148.5,147.3125,147.5,262771
2019-04-04,2019-04-04T00:00:00Z,147.40625,147.8125,147.34375,147.6875,197459
2019-04-05,2019-04-05T00:00:00Z,147.59375,148.09375,147.03125,147.9375,261363
2019-04-08,2019-04-08T00:00:00Z,148.0625,148.21875,147.53125,147.625,157097
2019-04-09,2019-04-09T00:00:00Z,147.59375,148.28125,147.5,148.0,223455
2019-04-10,2019-04-10T00:00:00Z,147.875,148.53125,147.71875,148.21875,235942
2019-04-11,2019-04-11T00:00:00Z,148.375,148.40625,147.625,147.71875,238146
2019-04-12,2019-04-12T00:00:00Z,147.875,148.0625,146.8125,146.90625,280482
2019-04-15,2019-04-15T00:00:00Z,146.8125,147.15625,146.6875,147.0625,167978
2019-04-16,2019-04-16T00:00:00Z,147.03125,147.125,146.25,146.34375,233724
2019-04-17,2019-04-17T00:00:00Z,146.40625,146.5625,145.96875,146.3125,224120
2019-04-18,2019-04-18T00:00:00Z,146.25,146.96875,146.21875,146.84375,224414
2019-04-22,2019-04-22T00:00:00Z,146.78125,146.84375,146.15625,146.21875,121159
2019-04-23,2019-04-23T00:00:00Z,146.3125,146.625,146.125,146.5,179892
2019-04-24,2019-04-24T00:00:00Z,146.53125,147.4375,146.4375,147.34375,218777
2019-04-25,2019-04-25T00:00:00Z,147.40625,147.46875,147.0,147.15625,182544
2019-04-26,2019-04-26T00:00:00Z,147.25,147.8125,146.9375,147.59375,256821
2019-04-29,2019-04-29T00:00:00Z,147.625,147.65625,146.84375,146.96875,200432
2019-04-30,2019-04-30T00:00:00Z,147.15625,147.625,146.75,147.46875,347920
2019-05-01,2019-05-01T00:00:00Z,147.59375,148.375,147.5,147.59375,316905
2019-05-02,2019-05-02T00:00:00Z,147.8125,147.90625,146.875,146.9375,275544
2019-05-03,2019-05-03T00:00:00Z,147.15625,147.65625,146.65625,147.375,272615
2019-05-06,2019-05-06T00:00:00Z,147.65625,148.75,147.65625,147.8125,288151
2019-05-07,2019-05-07T00:00:00Z,148.3125,148.84375,147.75,148.75,350818
2019-05-08,2019-05-08T00:00:00Z,148.625,149.1875,148.03125,148.21875,350334
2019-05-09,2019-05-09T00:00:00Z,148.15625,149.09375,148.125,148.6875,481033
2019-05-10,2019-05-10T00:00:00Z,148.90625,149.15625,148.40625,148.65625,354269
2019-05-13,2019-05-13T00:00:00Z,149.0625,149.71875,148.6875,149.46875,328672
2019-05-14,2019-05-14T00:00:00Z,149.4375,149.625,149.0625,149.1875,224206
2019-05-15,2019-05-15T00:00:00Z,149.28125,150.125,149.1875,149.875,282998
2019-05-16,2019-05-16T00:00:00Z,149.90625,150.3125,149.34375,149.4375,212554
2019-05-17,2019-05-17T00:00:00Z,149.59375,150.125,149.375,149.6875,211838
2019-05-20,2019-05-20T00:00:00Z,149.6875,150.0,149.28125,149.375,216289
2019-05-21,2019-05-21T00:00:00Z,149.34375,149.5625,148.9375,149.1875,220077
2019-05-22,2019-05-22T00:00:00Z,149.15625,149.9375,149.0625,149.71875,351462
2019-05-23,2019-05-23T00:00:00Z,149.90625,151.46875,149.84375,151.4375,536549
2019-05-24,2019-05-24T00:00:00Z,150.9375,151.25,150.78125,150.96875,357902
2019-05-28,2019-05-28T00:00:00Z,151.09375,152.25,151.0,152.03125,813935
2019-05-29,2019-05-29T00:00:00Z,152.09375,153.15625,152.0625,152.75,506576
2019-05-30,2019-05-30T00:00:00Z,152.28125,153.34375,152.03125,153.0625,221297
2019-05-31,2019-05-31T00:00:00Z,153.25,154.65625,153.15625,154.375,52199
2019-06-03,2019-06-03T00:00:00Z,154.46875,155.6875,154.46875,155.25,18777
2019-06-04,2019-06-04T00:00:00Z,155.5,155.53125,153.9375,154.34375,13377
2019-06-05,2019-06-05T00:00:00Z,154.1875,154.8125,153.71875,154.0625,9841
2019-06-06,2019-06-06T00:00:00Z,153.875,154.90625,153.8125,154.1875,12922
2019-06-07,2019-06-07T00:00:00Z,154.375,155.5625,154.15625,155.1875,3634
2019-06-10,2019-06-10T00:00:00Z,154.59375,154.8125,153.9375,154.125,3969
2019-06-11,2019-06-11T00:00:00Z,154.03125,154.3125,153.53125,154.25,6743
2019-06-12,2019-06-12T00:00:00Z,154.25,154.6875,154.0625,154.25,2270
2019-06-13,2019-06-13T00:00:00Z,154.34375,154.96875,154.34375,154.90625,1011
2019-06-14,2019-06-14T00:00:00Z,155.0,155.46875,154.65625,154.96875,463
2019-06-17,2019-06-17T00:00:00Z,155.15625,155.375,154.6875,155.25,3331
2019-06-18,2019-06-18T00:00:00Z,155.25,156.5,155.125,155.625,5867
2019-06-19,2019-06-19T00:00:00Z,155.5625,155.5625,154.96875,155.0,351082
2019-06-20,2019-06-20T00:00:00Z,155.46875,156.53125,155.21875,155.71875,394593
2019-06-21,2019-06-21T00:00:00Z,155.40625,155.96875,154.5625,154.59375,319339
2019-06-24,2019-06-24T00:00:00Z,154.78125,155.5,154.53125,155.40625,208575
2019-06-25,2019-06-25T00:00:00Z,155.4375,156.0625,155.28125,155.90625,269262
2019-06-26,2019-06-26T00:00:00Z,156.03125,156.03125,154.84375,154.96875,215677
2019-06-27,2019-06-27T00:00:00Z,154.9375,155.8125,154.5625,155.71875,220668
2019-06-28,2019-06-28T00:00:00Z,155.59375,155.6875,155.15625,155.59375,237702
2019-07-01,2019-07-01T00:00:00Z,155.0,155.65625,154.6875,155.0,243487
2019-07-02,2019-07-02T00:00:00Z,155.21875,156.1875,155.125,156.09375,205754
2019-07-03,2019-07-03T00:00:00Z,156.15625,156.84375,156.15625,156.65625,203953
2019-07-05,2019-07-05T00:00:00Z,156.625,157.0625,154.46875,154.96875,343308
2019-07-08,2019-07-08T00:00:00Z,154.9375,155.6875,154.9375,155.40625,218163
2019-07-09,2019-07-09T00:00:00Z,155.125,155.40625,154.75,155.09375,218725
2019-07-10,2019-07-10T00:00:00Z,154.96875,155.25,153.90625,154.65625,373490
2019-07-11,2019-07-11T00:00:00Z,154.5625,155.09375,152.96875,153.53125,411171
2019-07-12,2019-07-12T00:00:00Z,153.28125,153.75,152.875,153.71875,269465
2019-07-15,2019-07-15T00:00:00Z,153.46875,154.21875,153.0625,154.0625,182839
2019-07-16,2019-07-16T00:00:00Z,154.15625,154.25,153.15625,153.625,225336
2019-07-17,2019-07-17T00:00:00Z,153.9375,155.09375,153.78125,154.75,234527
2019-07-18,2019-07-18T00:00:00Z,155.0,155.28125,154.25,154.96875,308851
2019-07-19,2019-07-19T00:00:00Z,155.09375,155.1875,154.53125,154.75,232186
2019-07-22,2019-07-22T00:00:00Z,154.65625,155.34375,154.5,154.9375,174829
2019-07-23,2019-07-23T00:00:00Z,154.875,154.96875,154.03125,154.28125,239577
2019-07-24,2019-07-24T00:00:00Z,154.0,154.9375,154.0,154.8125,238326
2019-07-25,2019-07-25T00:00:00Z,154.90625,155.5625,153.71875,154.3125,368293
2019-07-26,2019-07-26T00:00:00Z,154.25,154.78125,154.0,154.34375,219813
2019-07-29,2019-07-29T00:00:00Z,154.5,154.96875,154.4375,154.78125,181171
2019-07-30,2019-07-30T00:00:00Z,154.625,155.09375,154.4375,154.625,202884
2019-07-31,2019-07-31T00:00:00Z,154.71875,155.90625,154.625,155.59375,425081
2019-08-01,2019-08-01T00:00:00Z,155.65625,158.125,154.96875,157.6875,599421
2019-08-02,2019-08-02T00:00:00Z,157.40625,158.96875,157.34375,158.59375,494145
2019-08-05,2019-08-05T00:00:00Z,158.65625,161.34375,158.53125,160.71875,494822
2019-08-06,2019-08-06T00:00:00Z,161.53125,161.96875,160.03125,161.0,497148
2019-08-07,2019-08-07T00:00:00Z,161.6875,163.96875,161.15625,162.21875,719504
2019-08-08,2019-08-08T00:00:00Z,161.15625,161.8125,159.71875,161.5625,500524
2019-08-09,2019-08-09T00:00:00Z,161.78125,162.4375,161.03125,161.28125,337935
2019-08-12,2019-08-12T00:00:00Z,161.34375,163.65625,161.15625,163.4375,273694
2019-08-13,2019-08-13T00:00:00Z,163.21875,163.9375,162.15625,162.9375,512070
2019-08-14,2019-08-14T00:00:00Z,162.53125,165.21875,162.46875,164.90625,479003
2019-08-15,2019-08-15T00:00:00Z,164.8125,166.9375,164.53125,165.71875,632107
2019-08-16,2019-08-16T00:00:00Z,165.71875,166.1875,164.28125,165.5625,367988
2019-08-19,2019-08-19T00:00:00Z,165.03125,165.0625,163.375,164.25,388438
2019-08-20,2019-08-20T00:00:00Z,164.15625,165.40625,164.125,165.0,277368
2019-08-21,2019-08-21T00:00:00Z,165.1875,165.46875,163.96875,164.8125,326115
2019-08-22,2019-08-22T00:00:00Z,164.5,165.21875,163.71875,164.09375,373247
2019-08-23,2019-08-23T00:00:00Z,163.9375,165.96875,162.9375,165.53125,570391
2019-08-26,2019-08-26T00:00:00Z,166.40625,167.46875,165.0625,165.09375,577348
2019-08-27,2019-08-27T00:00:00Z,165.21875,166.90625,165.1875,166.5,645900
2019-08-28,2019-08-28T00:00:00Z,166.875,167.5625,166.3125,166.90625,505985
2019-08-29,2019-08-29T00:00:00Z,166.375,167.25,165.5625,166.0625,271523
2019-08-30,2019-08-30T00:00:00Z,166.25,166.5,165.28125,166.0625,37812
2019-09-03,2019-09-03T00:00:00Z,166.5,167.53125,165.34375,166.71875,10351
2019-09-04,2019-09-04T00:00:00Z,166.65625,166.9375,165.75,166.75,4965
2019-09-05,2019-09-05T00:00:00Z,166.53125,166.53125,164.03125,164.6875,12516
2019-09-06,2019-09-06T00:00:00Z,164.8125,165.53125,164.0,165.3125,3149
2019-09-09,2019-09-09T00:00:00Z,165.21875,165.25,163.1875,163.78125,1576
2019-09-10,2019-09-10T00:00:00Z,163.3125,163.8125,161.375,162.25,2846
2019-09-11,2019-09-11T00:00:00Z,161.8125,162.09375,161.3125,161.71875,902
2019-09-12,2019-09-12T00:00:00Z,161.46875,163.0625,160.4375,160.59375,1512
2019-09-13,2019-09-13T00:00:00Z,160.78125,160.78125,158.375,158.375,972
2019-09-16,2019-09-16T00:00:00Z,158.84375,159.71875,158.71875,159.71875,983
2019-09-17,2019-09-17T00:00:00Z,159.78125,160.65625,159.5,160.15625,720
2019-09-18,2019-09-18T00:00:00Z,160.9375,161.4375,160.34375,160.84375,3186
2019-09-19,2019-09-19T00:00:00Z,160.6875,161.40625,160.6875,161.21875,290131
2019-09-20,2019-09-20T00:00:00Z,160.28125,161.625,160.09375,160.875,264691
2019-09-23,2019-09-23T00:00:00Z,161.1875,162.5,160.5,161.65625,341398
2019-09-24,2019-09-24T00:00:00Z,161.34375,163.25,161.1875,163.125,307768
2019-09-25,2019-09-25T00:00:00Z,162.78125,163.3125,161.125,161.25,378852
2019-09-26,2019-09-26T00:00:00Z,161.1875,162.46875,161.15625,162.3125,285433
2019-09-27,2019-09-27T00:00:00Z,162.0625,162.40625,161.46875,162.34375,266085
2019-09-30,2019-09-30T00:00:00Z,162.09375,162.5625,161.53125,162.3125,284042
2019-10-01,2019-10-01T00:00:00Z,162.5,163.34375,160.59375,162.6875,489396
2019-10-02,2019-10-02T00:00:00Z,162.84375,163.625,162.125,163.3125,354284
2019-10-03,2019-10-03T00:00:00Z,163.25,164.96875,163.21875,164.40625,374871
2019-10-04,2019-10-04T00:00:00Z,164.375,165.15625,164.15625,165.0,336476
2019-10-07,2019-10-07T00:00:00Z,165.0625,165.21875,164.09375,164.40625,220600
2019-10-08,2019-10-08T00:00:00Z,164.28125,165.21875,163.5625,164.5625,333274
2019-10-09,2019-10-09T00:00:00Z,164.6875,164.75,163.4375,163.5625,250318
2019-10-10,2019-10-10T00:00:00Z,163.65625,164.34375,161.90625,162.25,370729
2019-10-11,2019-10-11T00:00:00Z,162.0625,162.59375,160.0625,160.4375,487113
2019-10-14,2019-10-14T00:00:00Z,160.75,161.75,160.46875,161.125,86376
2019-10-15,2019-10-15T00:00:00Z,161.25,161.71875,159.71875,159.9375,285350
2019-10-16,2019-10-16T00:00:00Z,159.96875,160.8125,159.78125,160.28125,273168
2019-10-17,2019-10-17T00:00:00Z,160.40625,160.71875,159.3125,160.1875,242403
2019-10-18,2019-10-18T00:00:00Z,160.3125,160.6875,159.71875,160.21875,194352
2019-10-21,2019-10-21T00:00:00Z,160.375,160.46875,159.15625,159.4375,179974
2019-10-22,2019-10-22T00:00:00Z,159.28125,160.125,159.0625,160.0625,225683
2019-10-23,2019-10-23T00:00:00Z,160.125,160.6875,159.9375,160.09375,241207
2019-10-24,2019-10-24T00:00:00Z,160.09375,160.625,159.625,159.96875,267656
2019-10-25,2019-10-25T00:00:00Z,160.0,160.34375,159.15625,159.375,271101
2019-10-28,2019-10-28T00:00:00Z,159.46875,159.5,158.15625,158.28125,238042
2019-10-29,2019-10-29T00:00:00Z,158.46875,158.9375,158.1875,158.6875,235319
2019-10-30,2019-10-30T00:00:00Z,158.59375,160.03125,158.375,159.59375,317951
2019-10-31,2019-10-31T00:00:00Z,159.96875,161.65625,159.65625,161.375,460264
2019-11-01,2019-11-01T00:00:00Z,161.21875,161.6875,160.3125,160.625,318445
2019-11-04,2019-11-04T00:00:00Z,160.625,160.8125,159.28125,159.46875,263541
2019-11-05,2019-11-05T00:00:00Z,159.625,159.625,157.78125,157.875,332766
2019-11-06,2019-11-06T00:00:00Z,157.96875,159.15625,157.96875,158.96875,327490
2019-11-07,2019-11-07T00:00:00Z,158.59375,159.0,155.8125,156.65625,523696
2019-11-08,2019-11-08T00:00:00Z,156.65625,157.21875,156.03125,156.40625,350757
2019-11-11,2019-11-11T00:00:00Z,156.125,156.875,156.09375,156.5,63066
2019-11-12,2019-11-12T00:00:00Z,156.53125,157.1875,156.0,157.0,293969
2019-11-13,2019-11-13T00:00:00Z,156.34375,157.8125,156.34375,157.625,314029
2019-11-14,2019-11-14T00:00:00Z,157.25,158.9375,157.21875,158.65625,303426
2019-11-15,2019-11-15T00:00:00Z,158.46875,158.65625,157.90625,158.3125,174703
2019-11-18,2019-11-18T00:00:00Z,158.34375,159.09375,157.875,158.78125,224528
2019-11-19,2019-11-19T00:00:00Z,158.65625,159.46875,158.46875,159.34375,245350
2019-11-20,2019-11-20T00:00:00Z,159.375,160.53125,159.375,160.3125,361972
2019-11-21,2019-11-21T00:00:00Z,160.5,160.90625,159.375,159.71875,546588
2019-11-22,2019-11-22T00:00:00Z,159.6875,160.3125,159.40625,159.875,451466
2019-11-25,2019-11-25T00:00:00Z,159.8125,160.3125,159.5,160.0625,639595
2019-11-26,2019-11-26T00:00:00Z,160.25,160.78125,159.8125,160.59375,423437
2019-11-27,2019-11-27T00:00:00Z,160.53125,160.625,159.8125,160.09375,207834
2019-11-29,2019-11-29T00:00:00Z,160.0625,160.375,159.375,159.75,21783
2019-12-02,2019-12-02T00:00:00Z,159.5625,159.5625,158.03125,158.1875,14020
2019-12-03,2019-12-03T00:00:00Z,158.5625,161.15625,158.09375,160.875,5437
2019-12-04,2019-12-04T00:00:00Z,160.71875,161.15625,159.28125,159.5,3748
2019-12-05,2019-12-05T00:00:00Z,159.65625,159.90625,158.65625,159.125,3189
2019-12-06,2019-12-06T00:00:00Z,158.90625,159.28125,157.96875,158.4375,5863
2019-12-09,2019-12-09T00:00:00Z,158.40625,159.125,158.375,158.78125,7858
2019-12-10,2019-12-10T00:00:00Z,158.96875,159.4375,158.46875,158.875,4956
2019-12-11,2019-12-11T00:00:00Z,158.96875,159.78125,158.875,159.6875,855
2019-12-12,2019-12-12T00:00:00Z,159.59375,159.65625,156.9375,157.5625,3200
2019-12-13,2019-12-13T00:00:00Z,157.0,159.03125,156.65625,159.03125,2481
2019-12-16,2019-12-16T00:00:00Z,158.65625,158.75,157.65625,157.65625,1192
2019-12-17,2019-12-17T00:00:00Z,158.34375,158.375,157.5,157.625,541
2019-12-18,2019-12-18T00:00:00Z,157.75,157.96875,156.71875,156.84375,460
2019-12-19,2019-12-19T00:00:00Z,156.6875,157.1875,156.625,157.1875,252558
2019-12-20,2019-12-20T00:00:00Z,156.0625,156.34375,155.59375,156.25,191875
2019-12-23,2019-12-23T00:00:00Z,156.1875,156.75,155.71875,155.875,154053
2019-12-24,2019-12-24T00:00:00Z,155.96875,156.5625,155.5625,156.375,78952
2019-12-26,2019-12-26T00:00:00Z,156.40625,156.78125,156.1875,156.46875,80760
2019-12-27,2019-12-27T00:00:00Z,156.625,157.03125,156.46875,156.90625,156951
2019-12-30,2019-12-30T00:00:00Z,156.75,156.84375,155.3125,156.25,240718
2019-12-31,2019-12-31T00:00:00Z,156.46875,156.5,155.40625,155.90625,231938
2020-01-02,2020-01-02T00:00:00Z,155.625,157.125,155.15625,156.59375,279754
2020-01-03,2020-01-03T00:00:00Z,156.71875,158.34375,156.65625,158.28125,358331
2020-01-06,2020-01-06T00:00:00Z,158.5625,158.78125,157.6875,157.84375,278848
2020-01-07,2020-01-07T00:00:00Z,157.75,158.09375,157.34375,157.40625,244748
2020-01-08,2020-01-08T00:00:00Z,157.53125,159.59375,156.25,156.375,490104
2020-01-09,2020-01-09T00:00:00Z,156.28125,157.03125,155.90625,156.8125,378120
2020-01-10,2020-01-10T00:00:00Z,156.75,157.8125,156.625,157.625,269901
2020-01-13,2020-01-13T00:00:00Z,157.6875,157.71875,156.875,157.25,255783
2020-01-14,2020-01-14T00:00:00Z,157.25,158.0,156.9375,157.90625,284408
2020-01-15,2020-01-15T00:00:00Z,157.9375,158.71875,157.84375,158.5,291473
2020-01-16,2020-01-16T00:00:00Z,158.59375,158.78125,157.875,158.09375,234445
2020-01-17,2020-01-17T00:00:00Z,157.90625,157.9375,156.875,157.28125,519062
2020-01-21,2020-01-21T00:00:00Z,157.46875,158.71875,157.28125,158.59375,350649
2020-01-22,2020-01-22T00:00:00Z,158.5,159.03125,158.15625,158.8125,288458
2020-01-23,2020-01-23T00:00:00Z,158.8125,159.96875,158.78125,159.5625,398010
2020-01-24,2020-01-24T00:00:00Z,159.59375,160.875,159.03125,160.625,378955
2020-01-27,2020-01-27T00:00:00Z,161.3125,162.21875,161.0,162.03125,487500
2020-01-28,2020-01-28T00:00:00Z,161.96875,162.78125,160.875,161.3125,365499
2020-01-29,2020-01-29T00:00:00Z,161.0,162.65625,160.84375,162.25,307483
2020-01-30,2020-01-30T00:00:00Z,162.46875,163.375,162.21875,162.90625,427207
2020-01-31,2020-01-31T00:00:00Z,162.3125,163.9375,162.125,163.53125,502114
2020-02-03,2020-02-03T00:00:00Z,164.0625,164.15625,162.59375,163.78125,413963
2020-02-04,2020-02-04T00:00:00Z,163.6875,163.9375,161.8125,162.09375,396092
2020-02-05,2020-02-05T00:00:00Z,162.15625,162.625,160.9375,161.125,415084
2020-02-06,2020-02-06T00:00:00Z,161.09375,161.53125,160.46875,161.375,359839
2020-02-07,2020-02-07T00:00:00Z,161.34375,162.78125,161.3125,162.59375,351194
2020-02-10,2020-02-10T00:00:00Z,162.65625,163.28125,162.21875,163.15625,292305
2020-02-11,2020-02-11T00:00:00Z,162.65625,162.78125,162.15625,162.46875,286176
2020-02-12,2020-02-12T00:00:00Z,162.1875,162.28125,161.46875,161.6875,261393
2020-02-13,2020-02-13T00:00:00Z,161.65625,162.8125,161.625,161.875,381011
2020-02-14,2020-02-14T00:00:00Z,161.84375,162.8125,161.8125,162.40625,269335
2020-02-18,2020-02-18T00:00:00Z,162.375,163.5,162.0625,163.15625,399309
2020-02-19,2020-02-19T00:00:00Z,163.0625,163.40625,162.5625,162.96875,339910
2020-02-20,2020-02-20T00:00:00Z,163.03125,164.25,162.625,163.9375,492586
2020-02-21,2020-02-21T00:00:00Z,164.125,165.6875,164.0,164.96875,661500
2020-02-24,2020-02-24T00:00:00Z,165.96875,167.34375,165.46875,166.71875,920900
2020-02-25,2020-02-25T00:00:00Z,166.8125,168.15625,165.96875,167.6875,1034719
2020-02-26,2020-02-26T00:00:00Z,167.21875,168.28125,166.53125,168.09375,844631
2020-02-27,2020-02-27T00:00:00Z,167.625,169.5625,167.40625,168.5,613226
2020-02-28,2020-02-28T00:00:00Z,168.84375,172.0,168.5625,171.375,71013
2020-03-02,2020-03-02T00:00:00Z,171.71875,173.34375,170.53125,172.21875,33842
2020-03-03,2020-03-03T00:00:00Z,170.59375,175.71875,170.15625,173.3125,14451
2020-03-04,2020-03-04T00:00:00Z,173.59375,174.75,171.8125,173.40625,8696
2020-03-05,2020-03-05T00:00:00Z,172.15625,175.5,172.03125,174.9375,8948
2020-03-06,2020-03-06T00:00:00Z,175.34375,181.90625,175.09375,180.96875,3907
2020-03-09,2020-03-09T00:00:00Z,182.65625,193.1875,182.65625,186.9375,962
2020-03-10,2020-03-10T00:00:00Z,181.6875,185.96875,179.40625,180.9375,2469
2020-03-11,2020-03-11T00:00:00Z,182.0,182.875,179.9375,181.71875,620
2020-03-12,2020-03-12T00:00:00Z,184.15625,184.15625,178.3125,180.25,1661
2020-03-13,2020-03-13T00:00:00Z,174.34375,179.125,174.34375,177.9375,1472
2020-03-16,2020-03-16T00:00:00Z,180.3125,182.34375,179.96875,182.34375,2161
2020-03-17,2020-03-17T00:00:00Z,181.03125,181.03125,173.46875,175.0,169
2020-03-18,2020-03-18T00:00:00Z,171.5,174.84375,169.28125,169.28125,202
2020-03-19,2020-03-19T00:00:00Z,169.28125,172.6875,169.28125,172.6875,2
2020-03-20,2020-03-20T00:00:00Z,190.0,200.0,177.3125,177.3125,265254
2020-03-23,2020-03-23T00:00:00Z,178.59375,181.25,174.875,179.65625,383407
2020-03-24,2020-03-24T00:00:00Z,178.28125,179.125,176.625,178.84375,235218
2020-03-25,2020-03-25T00:00:00Z,177.53125,179.65625,177.1875,177.75,213412
2020-03-26,2020-03-26T00:00:00Z,177.375,179.59375,177.125,178.125,253348
2020-03-27,2020-03-27T00:00:00Z,177.53125,180.96875,177.28125,179.0625,199200
2020-03-30,2020-03-30T00:00:00Z,181.0625,182.5,178.875,180.71875,221580
2020-03-31,2020-03-31T00:00:00Z,179.125,180.5625,178.84375,179.0625,334842
2020-04-01,2020-04-01T00:00:00Z,179.90625,182.78125,179.6875,181.125,244308
2020-04-02,2020-04-02T00:00:00Z,182.40625,182.8125,181.3125,181.53125,201293
2020-04-03,2020-04-03T00:00:00Z,181.71875,182.96875,181.4375,182.5625,192451
2020-04-06,2020-04-06T00:00:00Z,182.125,182.125,180.3125,180.5625,163492
2020-04-07,2020-04-07T00:00:00Z,180.59375,180.625,177.875,179.21875,218647
2020-04-08,2020-04-08T00:00:00Z,179.59375,180.09375,177.875,178.28125,193565
2020-04-09,2020-04-09T00:00:00Z,177.9375,179.1875,177.5625,178.84375,188683
2020-04-13,2020-04-13T00:00:00Z,178.34375,179.0625,177.4375,178.125,145877
2020-04-14,2020-04-14T00:00:00Z,177.59375,178.4375,177.4375,177.6875,199372
2020-04-15,2020-04-15T00:00:00Z,177.78125,181.0,177.6875,180.5625,235807
2020-04-16,2020-04-16T00:00:00Z,180.59375,181.6875,180.0625,181.40625,232820
2020-04-17,2020-04-17T00:00:00Z,180.59375,182.03125,179.5,179.875,242581
2020-04-20,2020-04-20T00:00:00Z,180.21875,181.1875,180.03125,180.75,139176
2020-04-21,2020-04-21T00:00:00Z,181.125,183.03125,180.875,182.25,219713
2020-04-22,2020-04-22T00:00:00Z,182.375,183.0625,180.5625,180.96875,194426
2020-04-23,2020-04-23T00:00:00Z,181.03125,182.0,180.5625,181.40625,212115
2020-04-24,2020-04-24T00:00:00Z,181.71875,182.34375,181.25,182.0,147347
2020-04-27,2020-04-27T00:00:00Z,181.90625,182.09375,180.25,180.5625,208949
2020-04-28,2020-04-28T00:00:00Z,180.375,182.21875,180.09375,181.84375,189919
2020-04-29,2020-04-29T00:00:00Z,181.9375,182.625,181.03125,181.375,198784
2020-04-30,2020-04-30T00:00:00Z,181.21875,182.15625,180.28125,181.03125,315504
2020-05-01,2020-05-01T00:00:00Z,180.71875,181.78125,180.25,180.65625,174051
2020-05-04,2020-05-04T00:00:00Z,181.46875,181.8125,180.34375,180.71875,177409
2020-05-05,2020-05-05T00:00:00Z,180.75,180.84375,179.65625,180.28125,173523
2020-05-06,2020-05-06T00:00:00Z,180.1875,180.25,178.03125,178.71875,273610
2020-05-07,2020-05-07T00:00:00Z,179.03125,181.34375,178.6875,181.125,303466
2020-05-08,2020-05-08T00:00:00Z,180.71875,181.75,179.53125,179.6875,224640
2020-05-11,2020-05-11T00:00:00Z,179.6875,179.8125,178.46875,178.5,214120
2020-05-12,2020-05-12T00:00:00Z,178.84375,180.28125,178.59375,179.8125,244747
2020-05-13,2020-05-13T00:00:00Z,180.0625,181.0625,179.875,180.65625,297030
2020-05-14,2020-05-14T00:00:00Z,180.46875,182.0625,180.375,181.625,282317
2020-05-15,2020-05-15T00:00:00Z,181.5625,182.46875,180.71875,180.9375,218582
2020-05-18,2020-05-18T00:00:00Z,181.03125,181.125,178.0625,178.15625,238148
2020-05-19,2020-05-19T00:00:00Z,178.4375,179.15625,177.8125,178.625,231463
2020-05-20,2020-05-20T00:00:00Z,179.15625,179.875,178.53125,179.625,351919
2020-05-21,2020-05-21T00:00:00Z,179.46875,180.25,179.40625,179.71875,422084
2020-05-22,2020-05-22T00:00:00Z,179.8125,181.125,179.75,180.25,339979
2020-05-26,2020-05-26T00:00:00Z,180.125,180.46875,178.8125,178.96875,743049
2020-05-27,2020-05-27T00:00:00Z,178.90625,179.90625,178.15625,179.46875,554831
2020-05-28,2020-05-28T00:00:00Z,179.25,179.5625,178.375,178.65625,232370
2020-05-29,2020-05-29T00:00:00Z,178.9375,180.125,178.9375,180.0,46107
2020-06-01,2020-06-01T00:00:00Z,179.96875,180.40625,178.6875,179.375,13738
2020-06-02,2020-06-02T00:00:00Z,179.21875,179.59375,178.5625,178.96875,2594
2020-06-03,2020-06-03T00:00:00Z,178.84375,178.9375,176.75,177.125,3465
2020-06-04,2020-06-04T00:00:00Z,177.375,177.59375,175.4375,175.625,6979
2020-06-05,2020-06-05T00:00:00Z,175.5,176.0,172.53125,174.125,4373
2020-06-08,2020-06-08T00:00:00Z,173.78125,174.9375,173.5,174.5,1769
2020-06-09,2020-06-09T00:00:00Z,174.6875,176.59375,174.6875,175.9375,404
2020-06-10,2020-06-10T00:00:00Z,176.0,177.6875,175.84375,177.53125,717
2020-06-11,2020-06-11T00:00:00Z,177.75,179.96875,177.75,179.96875,234
2020-06-12,2020-06-12T00:00:00Z,179.25,179.3125,178.375,178.78125,1264
2020-06-15,2020-06-15T00:00:00Z,179.25,179.84375,178.4375,178.90625,736
2020-06-16,2020-06-16T00:00:00Z,177.78125,178.0,176.6875,177.28125,279
2020-06-17,2020-06-17T00:00:00Z,177.1875,177.90625,176.90625,177.78125,625
2020-06-18,2020-06-18T00:00:00Z,178.09375,179.0,178.09375,179.0,303
2020-06-19,2020-06-19T00:00:00Z,178.28125,179.1875,177.84375,179.125,207020
2020-06-22,2020-06-22T00:00:00Z,177.75,178.03125,177.09375,177.28125,178895
2020-06-23,2020-06-23T00:00:00Z,177.1875,177.9375,176.5,176.9375,206358
2020-06-24,2020-06-24T00:00:00Z,176.8125,178.125,176.40625,177.875,266546
2020-06-25,2020-06-25T00:00:00Z,178.0625,178.625,177.84375,178.21875,238587
2020-06-26,2020-06-26T00:00:00Z,177.9375,179.25,177.90625,179.09375,235817
2020-06-29,2020-06-29T00:00:00Z,179.15625,179.40625,178.75,179.03125,215952
2020-06-30,2020-06-30T00:00:00Z,179.3125,179.53125,178.21875,178.5625,315518
2020-07-01,2020-07-01T00:00:00Z,178.46875,178.5,177.46875,178.125,278149
2020-07-02,2020-07-02T00:00:00Z,178.28125,178.5625,177.28125,178.28125,203962
2020-07-06,2020-07-06T00:00:00Z,178.4375,178.875,177.1875,177.96875,190697
2020-07-07,2020-07-07T00:00:00Z,178.03125,179.375,177.78125,179.0,201678
2020-07-08,2020-07-08T00:00:00Z,179.21875,179.28125,178.4375,178.9375,216441
2020-07-09,2020-07-09T00:00:00Z,178.625,180.5625,178.59375,180.375,318450
2020-07-10,2020-07-10T00:00:00Z,180.15625,181.4375,179.53125,179.8125,267219
2020-07-13,2020-07-13T00:00:00Z,179.59375,180.21875,178.96875,179.625,214909
2020-07-14,2020-07-14T00:00:00Z,180.09375,180.75,179.78125,180.28125,249337
2020-07-15,2020-07-15T00:00:00Z,179.75,180.1875,179.09375,179.71875,214595
2020-07-16,2020-07-16T00:00:00Z,179.65625,180.46875,179.5,180.21875,177664
2020-07-17,2020-07-17T00:00:00Z,180.0625,180.5625,179.59375,179.71875,157697
2020-07-20,2020-07-20T00:00:00Z,179.6875,180.46875,179.6875,180.0,179104
2020-07-21,2020-07-21T00:00:00Z,180.25,180.625,179.84375,180.28125,186306
2020-07-22,2020-07-22T00:00:00Z,180.34375,181.0,180.25,180.625,245814
2020-07-23,2020-07-23T00:00:00Z,180.53125,181.3125,180.5,181.09375,257395
2020-07-24,2020-07-24T00:00:00Z,181.28125,181.9375,180.71875,181.09375,248749
2020-07-27,2020-07-27T00:00:00Z,181.0,181.65625,180.40625,180.65625,209318
2020-07-28,2020-07-28T00:00:00Z,180.46875,181.59375,179.9375,181.4375,233614
2020-07-29,2020-07-29T00:00:00Z,181.5,181.625,180.90625,181.28125,214198
2020-07-30,2020-07-30T00:00:00Z,181.375,182.46875,181.3125,182.3125,238489
2020-07-31,2020-07-31T00:00:00Z,182.125,182.8125,181.65625,182.28125,361448
2020-08-03,2020-08-03T00:00:00Z,182.40625,182.53125,181.28125,181.59375,272350
2020-08-04,2020-08-04T00:00:00Z,181.78125,183.0,181.59375,182.78125,216348
2020-08-05,2020-08-05T00:00:00Z,182.96875,183.0,181.65625,182.09375,290383
2020-08-06,2020-08-06T00:00:00Z,181.875,183.1875,181.71875,182.25,262815
2020-08-07,2020-08-07T00:00:00Z,182.28125,182.8125,181.40625,181.59375,276875
2020-08-10,2020-08-10T00:00:00Z,181.46875,182.0,181.0625,181.28125,200716
2020-08-11,2020-08-11T00:00:00Z,181.15625,181.3125,179.03125,179.125,413648
2020-08-12,2020-08-12T00:00:00Z,179.5,179.96875,178.25,178.78125,369646
2020-08-13,2020-08-13T00:00:00Z,178.625,179.625,177.5,177.8125,379954
2020-08-14,2020-08-14T00:00:00Z,177.6875,178.46875,177.65625,177.84375,296412
2020-08-17,2020-08-17T00:00:00Z,177.84375,178.75,177.6875,178.34375,262451
2020-08-18,2020-08-18T00:00:00Z,178.25,179.03125,178.1875,178.8125,261872
2020-08-19,2020-08-19T00:00:00Z,178.84375,179.40625,178.0,178.4375,366239
2020-08-20,2020-08-20T00:00:00Z,178.21875,179.5,178.21875,179.34375,333610
2020-08-21,2020-08-21T00:00:00Z,179.125,179.875,178.875,179.59375,317800
2020-08-24,2020-08-24T00:00:00Z,179.6875,180.0625,179.15625,179.4375,381252
2020-08-25,2020-08-25T00:00:00Z,179.21875,179.28125,177.59375,178.53125,786570
2020-08-26,2020-08-26T00:00:00Z,178.40625,178.46875,177.375,178.15625,701514
2020-08-27,2020-08-27T00:00:00Z,178.03125,179.09375,176.125,176.40625,653751
2020-08-28,2020-08-28T00:00:00Z,176.125,176.875,175.15625,176.4375,202191
2020-08-31,2020-08-31T00:00:00Z,176.65625,177.46875,175.84375,177.375,21289
2020-09-01,2020-09-01T00:00:00Z,177.03125,178.09375,176.3125,178.0,9900
2020-09-02,2020-09-02T00:00:00Z,178.03125,179.03125,177.53125,178.875,7754
2020-09-03,2020-09-03T00:00:00Z,178.90625,180.1875,178.46875,179.53125,4462
2020-09-04,2020-09-04T00:00:00Z,179.15625,179.34375,176.9375,177.03125,1400
2020-09-08,2020-09-08T00:00:00Z,177.03125,178.4375,176.875,177.9375,1155
2020-09-09,2020-09-09T00:00:00Z,178.28125,178.5,177.3125,177.375,1871
2020-09-10,2020-09-10T00:00:00Z,177.65625,178.0625,176.875,177.90625,422
2020-09-11,2020-09-11T00:00:00Z,177.71875,178.28125,177.65625,178.25,230
2020-09-14,2020-09-14T00:00:00Z,178.125,178.65625,178.09375,178.34375,314
2020-09-15,2020-09-15T00:00:00Z,177.875,178.25,177.875,178.15625,400
2020-09-16,2020-09-16T00:00:00Z,178.75,178.75,177.6875,177.9375,3896
2020-09-17,2020-09-17T00:00:00Z,178.03125,178.78125,177.96875,178.125,160
2020-09-18,2020-09-18T00:00:00Z,178.15625,178.15625,177.65625,177.65625,262
2020-09-21,2020-09-21T00:00:00Z,178.03125,178.8125,178.03125,178.28125,289820
2020-09-22,2020-09-22T00:00:00Z,176.625,176.8125,176.21875,176.6875,231064
2020-09-23,2020-09-23T00:00:00Z,176.5,176.96875,175.9375,176.46875,274683
2020-09-24,2020-09-24T00:00:00Z,176.59375,177.0,176.375,176.96875,299945
2020-09-25,2020-09-25T00:00:00Z,176.875,177.28125,176.625,177.03125,222209
2020-09-28,2020-09-28T00:00:00Z,177.125,177.1875,176.59375,176.84375,171442
2020-09-29,2020-09-29T00:00:00Z,177.0625,177.375,176.84375,177.21875,226494
2020-09-30,2020-09-30T00:00:00Z,177.09375,177.28125,175.4375,176.28125,528478
2020-10-01,2020-10-01T00:00:00Z,176.09375,176.5625,175.25,176.34375,391877
2020-10-02,2020-10-02T00:00:00Z,176.21875,177.0,175.59375,175.90625,406421
2020-10-05,2020-10-05T00:00:00Z,175.6875,175.78125,173.6875,174.21875,366137
2020-10-06,2020-10-06T00:00:00Z,173.75,175.09375,173.375,174.6875,496286
2020-10-07,2020-10-07T00:00:00Z,174.875,175.0,173.3125,173.65625,361518
2020-10-08,2020-10-08T00:00:00Z,173.59375,174.3125,173.5625,174.1875,313830
2020-10-09,2020-10-09T00:00:00Z,173.75,174.375,173.34375,174.03125,314066
2020-10-12,2020-10-12T00:00:00Z,174.09375,174.4375,174.0,174.375,63664
2020-10-13,2020-10-13T00:00:00Z,174.375,175.25,174.25,175.1875,271313
2020-10-14,2020-10-14T00:00:00Z,175.15625,175.6875,175.03125,175.375,246009
2020-10-15,2020-10-15T00:00:00Z,175.25,176.3125,175.0,175.25,331640
2020-10-16,2020-10-16T00:00:00Z,175.09375,175.5625,174.5,174.90625,301587
2020-10-19,2020-10-19T00:00:00Z,174.75,174.84375,173.9375,174.5,300807
2020-10-20,2020-10-20T00:00:00Z,174.25,174.4375,173.375,173.5,329992
2020-10-21,2020-10-21T00:00:00Z,173.65625,173.75,172.53125,173.09375,423394
2020-10-22,2020-10-22T00:00:00Z,172.90625,173.46875,171.78125,172.34375,368728
2020-10-23,2020-10-23T00:00:00Z,171.96875,172.78125,171.6875,172.59375,308617
2020-10-26,2020-10-26T00:00:00Z,172.71875,173.9375,172.6875,173.59375,347924
2020-10-27,2020-10-27T00:00:00Z,173.53125,174.40625,173.375,174.09375,275064
2020-10-28,2020-10-28T00:00:00Z,174.375,174.90625,173.9375,174.03125,383142
2020-10-29,2020-10-29T00:00:00Z,174.25,174.40625,172.625,172.84375,484603
2020-10-30,2020-10-30T00:00:00Z,173.21875,173.59375,172.0,172.46875,580589
2020-11-02,2020-11-02T00:00:00Z,172.15625,173.1875,171.96875,172.75,342064
2020-11-03,2020-11-03T00:00:00Z,172.8125,172.875,171.40625,172.03125,348831
2020-11-04,2020-11-04T00:00:00Z,171.15625,175.09375,170.21875,174.4375,836457
2020-11-05,2020-11-05T00:00:00Z,174.625,175.84375,173.9375,174.34375,436107
2020-11-06,2020-11-06T00:00:00Z,174.75,174.96875,172.90625,173.3125,372348
2020-11-09,2020-11-09T00:00:00Z,173.03125,173.75,169.90625,170.1875,646818
2020-11-10,2020-11-10T00:00:00Z,171.0,171.4375,169.9375,170.0,451239
2020-11-11,2020-11-11T00:00:00Z,170.21875,170.84375,169.5,170.65625,107138
2020-11-12,2020-11-12T00:00:00Z,170.53125,172.46875,170.46875,172.28125,440703
2020-11-13,2020-11-13T00:00:00Z,172.34375,172.84375,172.0,172.1875,248281
2020-11-16,2020-11-16T00:00:00Z,172.09375,172.6875,171.28125,171.90625,311508
2020-11-17,2020-11-17T00:00:00Z,171.875,172.90625,171.59375,172.5625,327789
2020-11-18,2020-11-18T00:00:00Z,172.90625,173.46875,172.15625,172.53125,389406
2020-11-19,2020-11-19T00:00:00Z,172.78125,173.90625,172.75,173.25,463696
2020-11-20,2020-11-20T00:00:00Z,173.90625,174.28125,173.46875,174.0625,483646
2020-11-23,2020-11-23T00:00:00Z,174.21875,174.25,173.28125,173.46875,825765
2020-11-24,2020-11-24T00:00:00Z,173.5,173.5625,172.625,172.90625,956028
2020-11-25,2020-11-25T00:00:00Z,172.96875,173.65625,172.53125,172.875,546549
2020-11-27,2020-11-27T00:00:00Z,172.875,173.9375,172.84375,173.875,112875
2020-11-30,2020-11-30T00:00:00Z,173.875,174.1875,173.4375,173.78125,35364
2020-12-01,2020-12-01T00:00:00Z,173.84375,173.9375,171.5625,171.6875,31204
2020-12-02,2020-12-02T00:00:00Z,171.96875,172.1875,170.78125,171.21875,17979
2020-12-03,2020-12-03T00:00:00Z,171.4375,172.1875,171.25,171.90625,5829
2020-12-04,2020-12-04T00:00:00Z,172.15625,172.3125,170.3125,170.75,11391
2020-12-07,2020-12-07T00:00:00Z,170.375,171.6875,170.34375,171.5625,3661
2020-12-08,2020-12-08T00:00:00Z,171.6875,172.375,171.40625,172.09375,9791
2020-12-09,2020-12-09T00:00:00Z,171.84375,171.84375,171.09375,171.5,1270
2020-12-10,2020-12-10T00:00:00Z,171.78125,172.5625,171.625,172.46875,1651
2020-12-11,2020-12-11T00:00:00Z,173.0,173.0625,172.5,172.625,1562
2020-12-14,2020-12-14T00:00:00Z,172.34375,172.65625,171.59375,172.65625,5427
2020-12-15,2020-12-15T00:00:00Z,172.875,172.9375,171.90625,171.90625,5422
2020-12-16,2020-12-16T00:00:00Z,172.25,172.25,171.25,171.96875,8400
2020-12-17,2020-12-17T00:00:00Z,171.75,172.5,171.59375,171.71875,4439
2020-12-18,2020-12-18T00:00:00Z,171.8125,171.96875,171.1875,171.1875,12608
2020-12-21,2020-12-21T00:00:00Z,171.625,171.625,171.5,171.5,397352
2020-12-22,2020-12-22T00:00:00Z,172.59375,173.09375,172.4375,173.03125,225565
2020-12-23,2020-12-23T00:00:00Z,173.0625,173.4375,171.5,172.0625,347329
2020-12-24,2020-12-24T00:00:00Z,172.28125,172.90625,172.0625,172.75,109351
2020-12-28,2020-12-28T00:00:00Z,172.9375,172.9375,171.84375,172.75,191816
2020-12-29,2020-12-29T00:00:00Z,172.875,172.875,172.15625,172.65625,222934
2020-12-30,2020-12-30T00:00:00Z,172.5625,172.90625,172.03125,172.84375,227287
2020-12-31,2020-12-31T00:00:00Z,172.875,173.25,172.5625,173.1875,213618
2021-01-04,2021-01-04T00:00:00Z,172.84375,173.34375,172.125,173.03125,404379
2021-01-05,2021-01-05T00:00:00Z,173.03125,173.03125,171.71875,172.0,425609
2021-01-06,2021-01-06T00:00:00Z,171.9375,172.3125,169.40625,169.71875,691300
2021-01-07,2021-01-07T00:00:00Z,169.71875,169.96875,168.65625,169.21875,412161
2021-01-08,2021-01-08T00:00:00Z,168.9375,169.40625,168.15625,168.75,517111
2021-01-11,2021-01-11T00:00:00Z,168.46875,168.96875,168.03125,168.34375,317353
2021-01-12,2021-01-12T00:00:00Z,168.0625,168.375,167.34375,168.1875,415761
2021-01-13,2021-01-13T00:00:00Z,168.34375,169.6875,168.25,169.375,469065
2021-01-14,2021-01-14T00:00:00Z,169.40625,169.625,168.03125,168.21875,455219
2021-01-15,2021-01-15T00:00:00Z,168.125,169.15625,168.09375,168.8125,340565
2021-01-19,2021-01-19T00:00:00Z,169.03125,169.25,168.3125,168.96875,398505
2021-01-20,2021-01-20T00:00:00Z,169.0,169.375,168.65625,169.0,297408
2021-01-21,2021-01-21T00:00:00Z,169.15625,169.34375,168.1875,168.4375,393186
2021-01-22,2021-01-22T00:00:00Z,168.40625,169.15625,168.21875,168.875,319674
2021-01-25,2021-01-25T00:00:00Z,168.96875,170.1875,168.59375,169.96875,358657
2021-01-26,2021-01-26T00:00:00Z,170.125,170.28125,169.65625,169.875,292024
2021-01-27,2021-01-27T00:00:00Z,170.03125,170.78125,169.625,170.4375,430437
2021-01-28,2021-01-28T00:00:00Z,170.40625,170.90625,169.1875,169.5625,480407
2021-01-29,2021-01-29T00:00:00Z,169.71875,169.90625,168.40625,168.71875,610926
2021-02-01,2021-02-01T00:00:00Z,169.25,169.375,168.6875,169.0,310470
2021-02-02,2021-02-02T00:00:00Z,168.84375,169.03125,168.0625,168.4375,289925
2021-02-03,2021-02-03T00:00:00Z,168.5625,168.625,167.59375,167.84375,311975
2021-02-04,2021-02-04T00:00:00Z,167.59375,167.78125,167.0625,167.46875,333614
2021-02-05,2021-02-05T00:00:00Z,167.34375,167.71875,166.40625,166.71875,551315
2021-02-08,2021-02-08T00:00:00Z,166.6875,167.375,166.09375,167.125,409253
2021-02-09,2021-02-09T00:00:00Z,166.90625,167.59375,166.875,167.125,318347
2021-02-10,2021-02-10T00:00:00Z,167.0625,167.78125,166.65625,167.53125,412919
2021-02-11,2021-02-11T00:00:00Z,167.71875,168.0,167.03125,167.25,434473
2021-02-12,2021-02-12T00:00:00Z,167.03125,167.4375,165.875,166.15625,411271
2021-02-16,2021-02-16T00:00:00Z,165.8125,165.875,163.90625,164.09375,680303
2021-02-17,2021-02-17T00:00:00Z,163.9375,165.0625,163.53125,164.40625,700191
2021-02-18,2021-02-18T00:00:00Z,165.03125,165.25,163.78125,164.5,494056
2021-02-19,2021-02-19T00:00:00Z,164.40625,164.6875,162.8125,163.09375,616233
2021-02-22,2021-02-22T00:00:00Z,163.03125,163.40625,162.0625,162.375,996758
2021-02-23,2021-02-23T00:00:00Z,162.46875,162.78125,161.71875,162.15625,1080853
2021-02-24,2021-02-24T00:00:00Z,162.5625,162.90625,160.5,161.53125,962838
2021-02-25,2021-02-25T00:00:00Z,161.59375,161.75,157.71875,159.6875,416921
2021-02-26,2021-02-26T00:00:00Z,160.0625,162.59375,159.03125,160.75,31516
2021-03-01,2021-03-01T00:00:00Z,162.03125,162.1875,160.40625,160.71875,12071
2021-03-02,2021-03-02T00:00:00Z,160.96875,161.5625,160.375,161.0,5277
2021-03-03,2021-03-03T00:00:00Z,161.375,161.375,159.4375,160.0625,2948
2021-03-04,2021-03-04T00:00:00Z,159.71875,160.40625,158.34375,158.625,2569
2021-03-05,2021-03-05T00:00:00Z,158.375,159.0,157.46875,158.75,1245
2021-03-08,2021-03-08T00:00:00Z,157.9375,158.59375,157.875,158.28125,1476
2021-03-09,2021-03-09T00:00:00Z,158.4375,159.6875,158.375,159.3125,791
2021-03-10,2021-03-10T00:00:00Z,159.5,159.84375,158.96875,159.6875,936
2021-03-11,2021-03-11T00:00:00Z,159.40625,160.46875,159.0,159.4375,1254
2021-03-12,2021-03-12T00:00:00Z,158.375,158.375,157.03125,157.125,233
2021-03-15,2021-03-15T00:00:00Z,157.21875,157.8125,157.1875,157.625,447
2021-03-16,2021-03-16T00:00:00Z,157.9375,158.125,157.3125,157.375,330
2021-03-17,2021-03-17T00:00:00Z,157.5,157.65625,156.1875,156.6875,1279
2021-03-18,2021-03-18T00:00:00Z,156.125,156.125,154.90625,155.53125,30
2021-03-19,2021-03-19T00:00:00Z,155.5625,155.90625,155.5625,155.59375,49
2021-03-22,2021-03-22T00:00:00Z,156.5625,156.84375,156.53125,156.84375,362149
2021-03-23,2021-03-23T00:00:00Z,155.0,156.5625,154.875,156.15625,373021
2021-03-24,2021-03-24T00:00:00Z,156.40625,157.125,155.90625,156.75,394476
2021-03-25,2021-03-25T00:00:00Z,156.78125,157.25,156.21875,156.6875,515561
2021-03-26,2021-03-26T00:00:00Z,156.21875,156.59375,155.3125,155.96875,393344
2021-03-29,2021-03-29T00:00:00Z,155.59375,156.4375,154.6875,154.78125,340802
2021-03-30,2021-03-30T00:00:00Z,155.03125,155.375,153.90625,155.03125,464865
2021-03-31,2021-03-31T00:00:00Z,155.3125,155.4375,154.5,154.59375,620618
2021-04-01,2021-04-01T00:00:00Z,154.78125,156.40625,154.625,156.21875,380162
2021-04-05,2021-04-05T00:00:00Z,155.65625,156.1875,155.1875,155.59375,212866
2021-04-06,2021-04-06T00:00:00Z,155.90625,156.625,155.59375,156.53125,333859
2021-04-07,2021-04-07T00:00:00Z,156.40625,157.0625,155.90625,156.375,312517
2021-04-08,2021-04-08T00:00:00Z,155.96875,157.09375,155.9375,156.78125,307545
2021-04-09,2021-04-09T00:00:00Z,157.0625,157.125,156.03125,156.5,387885
2021-04-12,2021-04-12T00:00:00Z,156.5625,156.96875,156.15625,156.28125,274365
2021-04-13,2021-04-13T00:00:00Z,156.46875,157.34375,155.78125,157.15625,440160
2021-04-14,2021-04-14T00:00:00Z,157.3125,157.4375,156.65625,156.875,286963
2021-04-15,2021-04-15T00:00:00Z,156.90625,159.03125,156.75,159.0,614615
2021-04-16,2021-04-16T00:00:00Z,157.84375,158.46875,157.5,158.0,426895
2021-04-19,2021-04-19T00:00:00Z,157.90625,158.40625,157.21875,157.5,288637
2021-04-20,2021-04-20T00:00:00Z,157.34375,158.3125,156.84375,158.15625,334299
2021-04-21,2021-04-21T00:00:00Z,158.21875,158.375,157.78125,158.125,314960
2021-04-22,2021-04-22T00:00:00Z,158.25,158.90625,157.8125,158.4375,344281
2021-04-23,2021-04-23T00:00:00Z,158.78125,158.9375,157.96875,158.28125,302572
2021-04-26,2021-04-26T00:00:00Z,158.28125,158.6875,157.75,158.4375,283575
2021-04-27,2021-04-27T00:00:00Z,158.4375,158.5,157.28125,157.4375,316830
2021-04-28,2021-04-28T00:00:00Z,157.4375,157.75,156.90625,157.5,375933
2021-04-29,2021-04-29T00:00:00Z,157.625,157.625,156.1875,157.1875,358048
2021-04-30,2021-04-30T00:00:00Z,157.25,157.46875,156.84375,157.25,477622
2021-05-03,2021-05-03T00:00:00Z,157.21875,158.3125,156.65625,157.625,365335
2021-05-04,2021-05-04T00:00:00Z,157.71875,158.71875,157.34375,158.0,415319
2021-05-05,2021-05-05T00:00:00Z,158.0,158.46875,157.25,158.125,304901
2021-05-06,2021-05-06T00:00:00Z,158.34375,158.71875,157.90625,158.625,321685
2021-05-07,2021-05-07T00:00:00Z,158.46875,160.46875,157.8125,157.96875,561688
2021-05-10,2021-05-10T00:00:00Z,157.90625,158.375,157.3125,157.53125,371063
2021-05-11,2021-05-11T00:00:00Z,157.46875,157.8125,156.75,156.9375,325626
2021-05-12,2021-05-12T00:00:00Z,156.96875,157.28125,155.5,155.59375,561732
2021-05-13,2021-05-13T00:00:00Z,155.65625,156.40625,155.4375,156.1875,438266
2021-05-14,2021-05-14T00:00:00Z,156.21875,157.03125,156.09375,156.8125,350718
2021-05-17,2021-05-17T00:00:00Z,156.9375,157.4375,156.5,156.78125,267480
2021-05-18,2021-05-18T00:00:00Z,156.53125,157.0,156.34375,156.6875,245735
2021-05-19,2021-05-19T00:00:00Z,156.71875,157.25,155.78125,156.0625,501911
2021-05-20,2021-05-20T00:00:00Z,156.25,157.1875,156.125,157.0,339693
2021-05-21,2021-05-21T00:00:00Z,157.09375,157.5,156.9375,157.25,404213
2021-05-24,2021-05-24T00:00:00Z,157.46875,158.0,157.3125,157.6875,628950
2021-05-25,2021-05-25T00:00:00Z,157.75,158.75,157.65625,158.59375,819393
2021-05-26,2021-05-26T00:00:00Z,158.6875,159.03125,158.28125,158.53125,1046056
2021-05-27,2021-05-27T00:00:00Z,158.4375,158.5625,157.5,157.78125,228509
2021-05-28,2021-05-28T00:00:00Z,157.84375,158.4375,157.53125,158.125,45516
2021-06-01,2021-06-01T00:00:00Z,157.875,158.0,157.125,157.71875,10524
2021-06-02,2021-06-02T00:00:00Z,157.78125,158.25,157.625,158.09375,1835
2021-06-03,2021-06-03T00:00:00Z,158.21875,158.25,157.5,157.65625,2745
2021-06-04,2021-06-04T00:00:00Z,157.65625,159.15625,157.46875,159.0625,619
2021-06-07,2021-06-07T00:00:00Z,159.40625,159.40625,158.59375,158.8125,368
2021-06-08,2021-06-08T00:00:00Z,158.8125,159.90625,158.8125,159.59375,1915
2021-06-09,2021-06-09T00:00:00Z,159.46875,160.71875,159.46875,160.375,2749
2021-06-10,2021-06-10T00:00:00Z,160.375,161.34375,159.65625,160.90625,2083
2021-06-11,2021-06-11T00:00:00Z,161.1875,161.46875,160.75,160.8125,683
2021-06-14,2021-06-14T00:00:00Z,160.96875,160.96875,160.09375,160.1875,4482
2021-06-15,2021-06-15T00:00:00Z,160.28125,160.71875,159.875,160.125,3457
2021-06-16,2021-06-16T00:00:00Z,160.3125,160.53125,159.03125,159.40625,928
2021-06-17,2021-06-17T00:00:00Z,159.3125,162.21875,159.28125,161.3125,450
2021-06-18,2021-06-18T00:00:00Z,161.125,162.875,161.09375,162.53125,581
2021-06-21,2021-06-21T00:00:00Z,163.3125,163.3125,161.625,161.625,454429
2021-06-22,2021-06-22T00:00:00Z,159.84375,160.375,159.25,159.9375,324709
2021-06-23,2021-06-23T00:00:00Z,160.125,160.21875,159.46875,159.78125,255645
2021-06-24,2021-06-24T00:00:00Z,159.75,160.0625,159.375,159.9375,213208
2021-06-25,2021-06-25T00:00:00Z,159.8125,160.15625,158.5625,158.75,353676
2021-06-28,2021-06-28T00:00:00Z,158.9375,160.21875,158.84375,160.0625,258535
2021-06-29,2021-06-29T00:00:00Z,160.09375,160.25,159.46875,160.09375,254196
2021-06-30,2021-06-30T00:00:00Z,160.1875,160.96875,160.03125,160.75,408201
2021-07-01,2021-07-01T00:00:00Z,160.21875,160.625,159.9375,160.1875,279758
2021-07-02,2021-07-02T00:00:00Z,160.53125,161.25,160.40625,160.90625,302925
2021-07-06,2021-07-06T00:00:00Z,161.03125,162.6875,160.59375,162.09375,408340
2021-07-07,2021-07-07T00:00:00Z,162.5625,163.8125,162.21875,163.28125,436990
2021-07-08,2021-07-08T00:00:00Z,163.40625,164.9375,163.28125,163.9375,398764
2021-07-09,2021-07-09T00:00:00Z,163.65625,163.6875,162.40625,162.625,289713
2021-07-12,2021-07-12T00:00:00Z,162.4375,163.21875,162.28125,162.5,255146
2021-07-13,2021-07-13T00:00:00Z,162.375,163.125,161.1875,161.4375,517678
2021-07-14,2021-07-14T00:00:00Z,161.34375,162.875,161.25,162.59375,320547
2021-07-15,2021-07-15T00:00:00Z,162.84375,164.0,162.78125,163.90625,334958
2021-07-16,2021-07-16T00:00:00Z,163.875,163.96875,163.0625,163.8125,237028
2021-07-19,2021-07-19T00:00:00Z,163.96875,166.3125,163.8125,166.15625,507648
2021-07-20,2021-07-20T00:00:00Z,165.96875,167.125,165.09375,165.40625,489314
2021-07-21,2021-07-21T00:00:00Z,165.125,165.71875,163.34375,164.03125,454086
2021-07-22,2021-07-22T00:00:00Z,163.8125,165.0,163.28125,164.5,313108
2021-07-23,2021-07-23T00:00:00Z,164.15625,164.375,163.4375,164.03125,245056
2021-07-26,2021-07-26T00:00:00Z,164.125,165.375,163.71875,164.125,246951
2021-07-27,2021-07-27T00:00:00Z,163.8125,165.09375,163.75,165.0,287686
2021-07-28,2021-07-28T00:00:00Z,164.8125,165.09375,164.0625,164.375,328498
2021-07-29,2021-07-29T00:00:00Z,164.875,164.96875,163.84375,164.15625,332738
2021-07-30,2021-07-30T00:00:00Z,164.125,165.0,164.09375,164.71875,405203
2021-08-02,2021-08-02T00:00:00Z,164.8125,166.4375,164.4375,166.0,339811
2021-08-03,2021-08-03T00:00:00Z,165.90625,166.4375,165.53125,166.0,275605
2021-08-04,2021-08-04T00:00:00Z,166.03125,167.0,165.375,166.1875,419510
2021-08-05,2021-08-05T00:00:00Z,166.1875,166.5625,165.5,165.6875,275103
2021-08-06,2021-08-06T00:00:00Z,165.53125,165.65625,163.8125,164.1875,364504
2021-08-09,2021-08-09T00:00:00Z,163.875,164.5625,163.40625,163.6875,275338
2021-08-10,2021-08-10T00:00:00Z,163.5,163.875,162.90625,163.21875,262459
2021-08-11,2021-08-11T00:00:00Z,163.0,163.8125,162.53125,163.03125,348557
2021-08-12,2021-08-12T00:00:00Z,163.0625,163.4375,162.5625,162.90625,290482
2021-08-13,2021-08-13T00:00:00Z,163.125,164.8125,163.0,164.40625,263382
2021-08-16,2021-08-16T00:00:00Z,164.65625,165.8125,164.625,165.125,324340
2021-08-17,2021-08-17T00:00:00Z,165.0,165.96875,164.71875,165.125,310523
2021-08-18,2021-08-18T00:00:00Z,165.0,165.34375,164.53125,165.0625,355367
2021-08-19,2021-08-19T00:00:00Z,165.21875,166.1875,165.125,165.8125,403452
2021-08-20,2021-08-20T00:00:00Z,165.75,166.1875,165.5625,165.75,236381
2021-08-23,2021-08-23T00:00:00Z,165.75,165.875,165.25,165.8125,371334
2021-08-24,2021-08-24T00:00:00Z,165.75,165.78125,164.8125,165.03125,499074
2021-08-25,2021-08-25T00:00:00Z,164.84375,165.15625,163.75,163.9375,777598
2021-08-26,2021-08-26T00:00:00Z,163.96875,164.1875,163.34375,164.0625,781214
2021-08-27,2021-08-27T00:00:00Z,163.875,164.8125,163.8125,164.5,409415
2021-08-30,2021-08-30T00:00:00Z,164.5625,165.21875,164.4375,165.03125,160873
2021-08-31,2021-08-31T00:00:00Z,165.0625,165.375,164.28125,164.53125,32875
2021-09-01,2021-09-01T00:00:00Z,164.4375,165.15625,164.0625,164.78125,20069
2021-09-02,2021-09-02T00:00:00Z,164.875,165.1875,164.71875,164.96875,4008
2021-09-03,2021-09-03T00:00:00Z,165.09375,165.3125,164.09375,164.46875,2046
2021-09-07,2021-09-07T00:00:00Z,164.3125,164.3125,163.1875,163.46875,982
2021-09-08,2021-09-08T00:00:00Z,163.40625,164.25,163.375,164.15625,1463
2021-09-09,2021-09-09T00:00:00Z,164.03125,165.34375,164.0,165.125,269
2021-09-10,2021-09-10T00:00:00Z,164.9375,164.9375,164.03125,164.28125,1486
2021-09-13,2021-09-13T00:00:00Z,164.1875,164.78125,164.15625,164.71875,1687
2021-09-14,2021-09-14T00:00:00Z,164.5,166.1875,164.1875,165.875,1466
2021-09-15,2021-09-15T00:00:00Z,165.65625,166.21875,165.09375,165.40625,1175
2021-09-16,2021-09-16T00:00:00Z,165.21875,165.40625,164.59375,164.96875,1304
2021-09-17,2021-09-17T00:00:00Z,164.96875,164.96875,163.875,164.15625,335
2021-09-20,2021-09-20T00:00:00Z,164.46875,165.6875,164.4375,165.4375,644
2021-09-21,2021-09-21T00:00:00Z,165.40625,165.5,164.8125,165.375,394670
2021-09-22,2021-09-22T00:00:00Z,163.71875,164.5,163.375,163.75,402110
2021-09-23,2021-09-23T00:00:00Z,164.46875,164.46875,161.625,162.15625,589960
2021-09-24,2021-09-24T00:00:00Z,161.75,162.21875,160.84375,160.96875,499382
2021-09-27,2021-09-27T00:00:00Z,161.0,161.25,159.84375,160.6875,455643
2021-09-28,2021-09-28T00:00:00Z,160.5625,160.8125,158.71875,159.3125,573118
2021-09-29,2021-09-29T00:00:00Z,159.0625,160.09375,158.6875,159.09375,520350
2021-09-30,2021-09-30T00:00:00Z,159.5625,160.09375,158.8125,159.21875,533500
2021-10-01,2021-10-01T00:00:00Z,159.96875,160.46875,159.5625,160.34375,469125
2021-10-04,2021-10-04T00:00:00Z,160.4375,160.625,159.46875,160.125,422425
2021-10-05,2021-10-05T00:00:00Z,160.09375,160.375,158.96875,159.15625,371994
2021-10-06,2021-10-06T00:00:00Z,159.125,159.78125,158.1875,159.46875,483801
2021-10-07,2021-10-07T00:00:00Z,159.4375,159.75,158.3125,158.4375,359160
2021-10-08,2021-10-08T00:00:00Z,158.375,158.65625,157.5,157.75,510387
2021-10-11,2021-10-11T00:00:00Z,157.59375,157.71875,157.09375,157.46875,110599
2021-10-12,2021-10-12T00:00:00Z,157.5,158.9375,157.40625,158.5625,397231
2021-10-13,2021-10-13T00:00:00Z,158.65625,159.9375,158.4375,159.65625,518914
2021-10-14,2021-10-14T00:00:00Z,159.84375,160.34375,159.1875,160.09375,356978
2021-10-15,2021-10-15T00:00:00Z,160.21875,160.25,159.09375,159.375,328195
2021-10-18,2021-10-18T00:00:00Z,159.40625,159.71875,158.65625,159.5625,431292
2021-10-19,2021-10-19T00:00:00Z,159.1875,159.78125,158.0625,158.28125,371377
2021-10-20,2021-10-20T00:00:00Z,158.21875,158.46875,157.5625,158.125,499345
2021-10-21,2021-10-21T00:00:00Z,157.65625,158.15625,157.21875,157.75,475287
2021-10-22,2021-10-22T00:00:00Z,157.25,158.75,157.25,158.28125,408127
2021-10-25,2021-10-25T00:00:00Z,158.59375,158.78125,157.75,158.53125,299913
2021-10-26,2021-10-26T00:00:00Z,158.53125,159.21875,158.25,158.96875,309536
2021-10-27,2021-10-27T00:00:00Z,159.15625,161.15625,158.75,160.96875,617072
2021-10-28,2021-10-28T00:00:00Z,160.65625,161.25,160.09375,160.5,583559
2021-10-29,2021-10-29T00:00:00Z,160.15625,161.21875,159.46875,160.84375,687400
2021-11-01,2021-11-01T00:00:00Z,160.8125,161.0,159.8125,160.375,402941
2021-11-02,2021-11-02T00:00:00Z,160.59375,161.15625,160.34375,160.78125,357737
2021-11-03,2021-11-03T00:00:00Z,160.65625,161.4375,159.5625,160.46875,415256
2021-11-04,2021-11-04T00:00:00Z,159.65625,161.5,159.5625,161.15625,420773
2021-11-05,2021-11-05T00:00:00Z,161.03125,163.125,160.6875,162.875,484390
2021-11-08,2021-11-08T00:00:00Z,162.65625,162.78125,162.125,162.28125,295989
2021-11-09,2021-11-09T00:00:00Z,162.3125,164.03125,162.28125,163.71875,446702
2021-11-10,2021-11-10T00:00:00Z,163.6875,163.71875,161.28125,162.125,583472
2021-11-11,2021-11-11T00:00:00Z,162.15625,162.375,161.65625,161.78125,92382
2021-11-12,2021-11-12T00:00:00Z,161.75,162.25,161.1875,161.375,326066
2021-11-15,2021-11-15T00:00:00Z,161.65625,162.0625,160.03125,160.25,354234
2021-11-16,2021-11-16T00:00:00Z,160.375,160.71875,159.71875,160.0,376639
2021-11-17,2021-11-17T00:00:00Z,159.84375,160.9375,159.59375,160.4375,398244
2021-11-18,2021-11-18T00:00:00Z,160.71875,161.15625,160.40625,160.9375,356036
2021-11-19,2021-11-19T00:00:00Z,160.90625,162.125,160.5,161.8125,525495
2021-11-22,2021-11-22T00:00:00Z,161.65625,161.84375,160.15625,160.3125,886770
2021-11-23,2021-11-23T00:00:00Z,160.40625,160.53125,158.96875,159.375,890024
2021-11-24,2021-11-24T00:00:00Z,159.28125,160.28125,158.90625,160.0,594958
2021-11-26,2021-11-26T00:00:00Z,160.15625,163.03125,159.875,162.875,430158
2021-11-29,2021-11-29T00:00:00Z,162.6875,162.6875,161.4375,162.0,222320
2021-11-30,2021-11-30T00:00:00Z,162.5,163.9375,162.0625,163.6875,24724
2021-12-01,2021-12-01T00:00:00Z,163.46875,164.59375,162.625,163.9375,10955
2021-12-02,2021-12-02T00:00:00Z,164.40625,164.65625,163.59375,163.90625,12419
2021-12-03,2021-12-03T00:00:00Z,163.8125,165.84375,163.46875,165.71875,4321
2021-12-06,2021-12-06T00:00:00Z,165.53125,165.53125,163.90625,164.09375,2238
2021-12-07,2021-12-07T00:00:00Z,164.15625,164.25,163.3125,163.46875,605
2021-12-08,2021-12-08T00:00:00Z,163.71875,164.34375,162.0,162.375,641
2021-12-09,2021-12-09T00:00:00Z,162.1875,163.03125,162.0,162.84375,617
2021-12-10,2021-12-10T00:00:00Z,162.625,163.5,162.40625,162.875,862
2021-12-13,2021-12-13T00:00:00Z,162.71875,164.28125,162.71875,164.03125,348
2021-12-14,2021-12-14T00:00:00Z,163.96875,164.1875,163.09375,163.78125,522
2021-12-15,2021-12-15T00:00:00Z,163.8125,163.90625,163.0,163.3125,2214
2021-12-16,2021-12-16T00:00:00Z,163.375,163.84375,162.875,163.6875,422
2021-12-17,2021-12-17T00:00:00Z,163.59375,164.40625,163.5,164.125,260
2021-12-20,2021-12-20T00:00:00Z,164.34375,164.8125,163.40625,163.53125,328
2021-12-21,2021-12-21T00:00:00Z,163.5,164.03125,161.90625,161.9375,362961
2021-12-22,2021-12-22T00:00:00Z,161.21875,161.59375,160.875,161.375,233203
2021-12-23,2021-12-23T00:00:00Z,161.40625,161.5625,160.34375,160.46875,210000
2021-12-27,2021-12-27T00:00:00Z,160.53125,160.90625,160.53125,160.75,120221
2021-12-28,2021-12-28T00:00:00Z,160.71875,161.34375,160.40625,160.65625,149930
2021-12-29,2021-12-29T00:00:00Z,160.625,160.875,159.03125,159.375,258601
2021-12-30,2021-12-30T00:00:00Z,159.21875,160.125,159.125,159.875,203091
2021-12-31,2021-12-31T00:00:00Z,159.90625,160.5625,159.6875,160.4375,196041
2022-01-03,2022-01-03T00:00:00Z,160.0,160.15625,157.5,157.90625,349493
2022-01-04,2022-01-04T00:00:00Z,157.8125,158.0625,156.40625,156.8125,441225
2022-01-05,2022-01-05T00:00:00Z,157.09375,157.3125,156.15625,156.375,381494
2022-01-06,2022-01-06T00:00:00Z,156.1875,156.625,155.46875,155.9375,390836
2022-01-07,2022-01-07T00:00:00Z,156.125,156.375,154.625,155.125,461643
2022-01-10,2022-01-10T00:00:00Z,155.15625,155.8125,154.59375,155.34375,377234
2022-01-11,2022-01-11T00:00:00Z,155.59375,156.09375,155.28125,155.9375,340686
2022-01-12,2022-01-12T00:00:00Z,156.0625,156.53125,155.65625,156.03125,337524
2022-01-13,2022-01-13T00:00:00Z,155.75,156.875,155.5625,156.53125,323021
2022-01-14,2022-01-14T00:00:00Z,156.5625,156.59375,154.96875,155.34375,408720
2022-01-18,2022-01-18T00:00:00Z,155.03125,155.03125,153.5,153.6875,558559
2022-01-19,2022-01-19T00:00:00Z,153.65625,154.59375,153.21875,154.5625,469861
2022-01-20,2022-01-20T00:00:00Z,153.75,154.96875,153.5625,154.46875,272441
2022-01-21,2022-01-21T00:00:00Z,154.9375,156.25,154.78125,155.9375,420863
2022-01-24,2022-01-24T00:00:00Z,155.6875,156.59375,155.21875,155.90625,419035
2022-01-25,2022-01-25T00:00:00Z,155.3125,156.28125,154.84375,155.25,371532
2022-01-26,2022-01-26T00:00:00Z,155.4375,155.5625,153.90625,154.34375,320960
2022-01-27,2022-01-27T00:00:00Z,154.21875,155.84375,154.15625,155.40625,388862
2022-01-28,2022-01-28T00:00:00Z,155.375,155.9375,154.46875,155.75,336459
2022-01-31,2022-01-31T00:00:00Z,155.59375,155.9375,154.96875,155.625,377257
2022-02-01,2022-02-01T00:00:00Z,155.53125,156.3125,154.78125,155.3125,321344
2022-02-02,2022-02-02T00:00:00Z,155.34375,156.53125,155.09375,156.0,314272
2022-02-03,2022-02-03T00:00:00Z,155.75,156.15625,154.28125,154.90625,392186
2022-02-04,2022-02-04T00:00:00Z,154.75,155.40625,153.0625,153.25,399019
2022-02-07,2022-02-07T00:00:00Z,153.4375,153.9375,153.0625,153.5,266063
2022-02-08,2022-02-08T00:00:00Z,153.46875,153.5625,152.4375,152.78125,268989
2022-02-09,2022-02-09T00:00:00Z,152.65625,153.78125,152.5625,153.28125,285012
2022-02-10,2022-02-10T00:00:00Z,152.96875,153.34375,151.0625,151.65625,540121
2022-02-11,2022-02-11T00:00:00Z,151.46875,153.21875,150.8125,152.65625,538683
2022-02-14,2022-02-14T00:00:00Z,152.75,153.46875,151.125,151.75,457124
2022-02-15,2022-02-15T00:00:00Z,151.90625,152.21875,150.5625,150.75,323621
2022-02-16,2022-02-16T00:00:00Z,150.75,151.5,150.375,150.84375,391691
2022-02-17,2022-02-17T00:00:00Z,150.9375,152.53125,150.90625,151.96875,421171
2022-02-18,2022-02-18T00:00:00Z,152.125,153.28125,151.625,153.03125,370383
2022-02-22,2022-02-22T00:00:00Z,153.25,154.4375,152.53125,152.96875,854219
2022-02-23,2022-02-23T00:00:00Z,153.09375,153.375,152.0625,152.5625,950229
2022-02-24,2022-02-24T00:00:00Z,152.28125,154.8125,152.21875,152.4375,931968
2022-02-25,2022-02-25T00:00:00Z,152.46875,153.21875,151.65625,152.25,206639
2022-02-28,2022-02-28T00:00:00Z,153.28125,155.1875,153.15625,154.59375,40728
2022-03-01,2022-03-01T00:00:00Z,154.78125,157.46875,154.375,157.03125,9136
2022-03-02,2022-03-02T00:00:00Z,156.75,156.875,153.8125,154.5625,3861
2022-03-03,2022-03-03T00:00:00Z,154.71875,155.1875,154.21875,154.90625,1764
2022-03-04,2022-03-04T00:00:00Z,156.78125,157.46875,155.4375,157.21875,2218
2022-03-07,2022-03-07T00:00:00Z,157.65625,157.78125,156.28125,157.625,2594
2022-03-08,2022-03-08T00:00:00Z,157.0,157.0,155.0625,155.09375,345
2022-03-09,2022-03-09T00:00:00Z,155.34375,155.34375,153.6875,153.6875,962
2022-03-10,2022-03-10T00:00:00Z,153.8125,154.03125,152.5,152.8125,493
2022-03-11,2022-03-11T00:00:00Z,153.34375,153.78125,153.15625,153.15625,95
2022-03-14,2022-03-14T00:00:00Z,152.625,152.625,150.71875,150.71875,864
2022-03-15,2022-03-15T00:00:00Z,151.25,151.5625,150.125,150.125,849
2022-03-16,2022-03-16T00:00:00Z,150.25,150.28125,149.875,150.15625,122
2022-03-17,2022-03-17T00:00:00Z,150.90625,150.9375,148.9375,149.8125,375
2022-03-18,2022-03-18T00:00:00Z,150.4375,150.875,149.96875,150.78125,23
2022-03-21,2022-03-21T00:00:00Z,149.3125,149.40625,148.09375,148.09375,175
2022-03-22,2022-03-22T00:00:00Z,146.8125,147.0625,146.4375,146.96875,322346
2022-03-23,2022-03-23T00:00:00Z,148.34375,150.25,147.65625,149.53125,345023
2022-03-24,2022-03-24T00:00:00Z,150.0,150.03125,148.21875,149.34375,279531
2022-03-25,2022-03-25T00:00:00Z,148.75,149.46875,146.625,147.0625,336257
2022-03-28,2022-03-28T00:00:00Z,147.25,148.65625,146.3125,147.625,328111
2022-03-29,2022-03-29T00:00:00Z,147.90625,149.3125,146.8125,148.9375,337410
2022-03-30,2022-03-30T00:00:00Z,149.09375,150.03125,148.1875,149.4375,310166
2022-03-31,2022-03-31T00:00:00Z,149.53125,150.40625,149.3125,150.0625,405107
2022-04-01,2022-04-01T00:00:00Z,149.9375,150.0625,147.90625,149.8125,391832
2022-04-04,2022-04-04T00:00:00Z,149.46875,149.65625,148.40625,148.875,288810
2022-04-05,2022-04-05T00:00:00Z,149.125,149.34375,146.21875,146.40625,307287
2022-04-06,2022-04-06T00:00:00Z,146.59375,146.6875,144.75,145.4375,384553
2022-04-07,2022-04-07T00:00:00Z,145.5625,146.125,143.875,144.25,372556
2022-04-08,2022-04-08T00:00:00Z,144.28125,144.84375,142.8125,143.15625,322365
2022-04-11,2022-04-11T00:00:00Z,143.125,143.25,141.84375,142.0625,333077
2022-04-12,2022-04-12T00:00:00Z,142.0,143.25,141.1875,142.4375,367750
2022-04-13,2022-04-13T00:00:00Z,142.40625,143.625,141.34375,143.1875,357329
2022-04-14,2022-04-14T00:00:00Z,142.84375,143.65625,140.75,141.0625,334679
2022-04-18,2022-04-18T00:00:00Z,140.9375,141.09375,140.0,140.1875,206130
2022-04-19,2022-04-19T00:00:00Z,140.21875,140.5625,138.96875,139.46875,323115
2022-04-20,2022-04-20T00:00:00Z,139.125,141.40625,138.4375,141.03125,368716
2022-04-21,2022-04-21T00:00:00Z,141.15625,141.25,139.28125,140.0625,371377
2022-04-22,2022-04-22T00:00:00Z,139.96875,140.9375,139.3125,140.09375,302419
2022-04-25,2022-04-25T00:00:00Z,140.125,142.375,139.875,141.53125,326285
2022-04-26,2022-04-26T00:00:00Z,141.4375,143.28125,141.0,142.4375,327726
2022-04-27,2022-04-27T00:00:00Z,143.0625,143.28125,141.28125,141.53125,330754
2022-04-28,2022-04-28T00:00:00Z,141.3125,141.96875,140.375,141.21875,328690
2022-04-29,2022-04-29T00:00:00Z,141.75,141.90625,139.84375,140.6875,455460
2022-05-02,2022-05-02T00:00:00Z,139.84375,140.46875,138.90625,139.09375,298190
2022-05-03,2022-05-03T00:00:00Z,139.34375,140.75,139.03125,140.0,290850
2022-05-04,2022-05-04T00:00:00Z,139.65625,140.53125,138.90625,140.15625,410156
2022-05-05,2022-05-05T00:00:00Z,139.59375,140.09375,136.59375,137.28125,471258
2022-05-06,2022-05-06T00:00:00Z,137.71875,137.90625,136.0,136.3125,366495
2022-05-09,2022-05-09T00:00:00Z,136.21875,137.75,134.9375,136.9375,405667
2022-05-10,2022-05-10T00:00:00Z,137.53125,139.46875,137.125,138.59375,379740
2022-05-11,2022-05-11T00:00:00Z,138.40625,139.875,137.21875,139.625,467862
2022-05-12,2022-05-12T00:00:00Z,139.5,141.09375,139.4375,140.9375,451239
2022-05-13,2022-05-13T00:00:00Z,140.59375,140.625,138.875,139.09375,273991
2022-05-16,2022-05-16T00:00:00Z,139.03125,140.40625,138.78125,139.90625,304067
2022-05-17,2022-05-17T00:00:00Z,139.625,139.8125,138.1875,138.65625,348422
2022-05-18,2022-05-18T00:00:00Z,138.40625,140.53125,137.9375,140.3125,426795
2022-05-19,2022-05-19T00:00:00Z,140.21875,142.0625,139.71875,140.59375,481981
2022-05-20,2022-05-20T00:00:00Z,140.9375,142.03125,140.21875,141.78125,458458
2022-05-23,2022-05-23T00:00:00Z,141.6875,141.6875,140.03125,140.3125,431874
2022-05-24,2022-05-24T00:00:00Z,140.46875,142.5,140.21875,141.90625,806137
2022-05-25,2022-05-25T00:00:00Z,141.9375,142.6875,141.46875,141.84375,733561
2022-05-26,2022-05-26T00:00:00Z,141.8125,142.5625,140.96875,141.6875,429911
2022-05-27,2022-05-27T00:00:00Z,141.75,142.6875,141.53125,141.9375,148561
2022-05-31,2022-05-31T00:00:00Z,141.90625,142.03125,139.6875,140.4375,24950
2022-06-01,2022-06-01T00:00:00Z,140.40625,141.0,139.25,139.625,12731
2022-06-02,2022-06-02T00:00:00Z,139.90625,140.34375,139.1875,139.75,5827
2022-06-03,2022-06-03T00:00:00Z,139.625,139.875,138.5,139.1875,8178
2022-06-06,2022-06-06T00:00:00Z,139.375,139.4375,137.53125,137.71875,3813
2022-06-07,2022-06-07T00:00:00Z,137.6875,139.125,137.5,139.0,2210
2022-06-08,2022-06-08T00:00:00Z,138.78125,138.78125,137.8125,138.0,897
2022-06-09,2022-06-09T00:00:00Z,137.96875,138.28125,137.3125,138.09375,1729
2022-06-10,2022-06-10T00:00:00Z,137.96875,139.1875,136.375,136.65625,666
2022-06-13,2022-06-13T00:00:00Z,136.5,136.8125,132.75,133.59375,4253
2022-06-14,2022-06-14T00:00:00Z,133.6875,134.3125,132.28125,132.375,1248
2022-06-15,2022-06-15T00:00:00Z,133.0625,133.9375,132.875,133.40625,7022
2022-06-16,2022-06-16T00:00:00Z,132.625,135.53125,132.625,134.65625,1892
2022-06-17,2022-06-17T00:00:00Z,134.875,136.46875,134.875,135.8125,83
2022-06-21,2022-06-21T00:00:00Z,136.5,137.46875,134.59375,134.59375,314431
2022-06-22,2022-06-22T00:00:00Z,133.84375,136.3125,133.6875,135.96875,373302
2022-06-23,2022-06-23T00:00:00Z,135.8125,137.90625,135.75,137.09375,464294
2022-06-24,2022-06-24T00:00:00Z,136.78125,137.5,135.78125,136.03125,293386
2022-06-27,2022-06-27T00:00:00Z,135.9375,136.1875,134.78125,135.3125,238645
2022-06-28,2022-06-28T00:00:00Z,135.125,135.71875,134.25,135.15625,231757
2022-06-29,2022-06-29T00:00:00Z,135.53125,136.96875,135.40625,136.9375,250920
2022-06-30,2022-06-30T00:00:00Z,136.8125,138.6875,136.5625,138.625,426307
2022-07-01,2022-07-01T00:00:00Z,137.96875,141.34375,137.8125,139.34375,422195
2022-07-05,2022-07-05T00:00:00Z,139.4375,141.53125,138.1875,141.15625,382316
2022-07-06,2022-07-06T00:00:00Z,141.1875,142.1875,139.375,139.78125,391497
2022-07-07,2022-07-07T00:00:00Z,139.53125,140.0,138.1875,138.40625,285827
2022-07-08,2022-07-08T00:00:00Z,138.46875,138.90625,136.78125,136.84375,275352
2022-07-11,2022-07-11T00:00:00Z,136.9375,138.96875,136.75,138.71875,222203
2022-07-12,2022-07-12T00:00:00Z,138.625,140.375,138.5625,139.34375,274349
2022-07-13,2022-07-13T00:00:00Z,138.96875,140.4375,137.5625,140.34375,456406
2022-07-14,2022-07-14T00:00:00Z,139.6875,140.21875,138.53125,139.5625,358712
2022-07-15,2022-07-15T00:00:00Z,139.40625,140.65625,139.34375,140.03125,279785
2022-07-18,2022-07-18T00:00:00Z,140.03125,140.4375,138.375,139.25,241099
2022-07-19,2022-07-19T00:00:00Z,138.71875,139.28125,138.03125,138.5625,237476
2022-07-20,2022-07-20T00:00:00Z,138.375,139.78125,138.28125,138.5,253950
2022-07-21,2022-07-21T00:00:00Z,138.5625,140.84375,137.71875,140.34375,353535
2022-07-22,2022-07-22T00:00:00Z,140.78125,143.0,140.4375,142.0625,337937
2022-07-25,2022-07-25T00:00:00Z,142.625,142.65625,140.96875,141.40625,230650
2022-07-26,2022-07-26T00:00:00Z,141.8125,143.34375,141.625,142.125,252837
2022-07-27,2022-07-27T00:00:00Z,141.75,143.0625,141.46875,142.75,253009
2022-07-28,2022-07-28T00:00:00Z,141.78125,143.84375,141.21875,143.15625,353282
2022-07-29,2022-07-29T00:00:00Z,143.15625,144.375,142.3125,144.0,408529
2022-08-01,2022-08-01T00:00:00Z,143.5625,145.0,142.90625,144.6875,305809
2022-08-02,2022-08-02T00:00:00Z,144.90625,145.96875,142.28125,142.96875,416566
2022-08-03,2022-08-03T00:00:00Z,142.625,143.65625,141.15625,142.84375,321360
2022-08-04,2022-08-04T00:00:00Z,143.46875,144.25,142.90625,143.6875,275774
2022-08-05,2022-08-05T00:00:00Z,143.46875,143.84375,140.59375,141.21875,305001
2022-08-08,2022-08-08T00:00:00Z,141.21875,142.90625,141.0,142.5625,191710
2022-08-09,2022-08-09T00:00:00Z,142.65625,142.84375,141.8125,142.375,175945
2022-08-10,2022-08-10T00:00:00Z,142.5625,144.0625,141.71875,141.9375,338583
2022-08-11,2022-08-11T00:00:00Z,141.96875,142.84375,139.75,140.0,353754
2022-08-12,2022-08-12T00:00:00Z,139.78125,140.84375,139.5,140.59375,227205
2022-08-15,2022-08-15T00:00:00Z,140.71875,142.09375,140.40625,141.53125,207710
2022-08-16,2022-08-16T00:00:00Z,141.59375,141.84375,140.09375,141.21875,220726
2022-08-17,2022-08-17T00:00:00Z,141.34375,141.46875,139.875,140.3125,277200
2022-08-18,2022-08-18T00:00:00Z,140.125,141.15625,139.96875,140.4375,246628
2022-08-19,2022-08-19T00:00:00Z,140.46875,140.53125,138.21875,138.46875,275576
2022-08-22,2022-08-22T00:00:00Z,138.6875,139.125,137.78125,137.90625,243437
2022-08-23,2022-08-23T00:00:00Z,138.09375,138.6875,137.09375,137.5,423991
2022-08-24,2022-08-24T00:00:00Z,137.46875,137.875,136.15625,136.4375,671196
2022-08-25,2022-08-25T00:00:00Z,136.375,137.90625,136.0,137.8125,608896
2022-08-26,2022-08-26T00:00:00Z,137.71875,138.25,136.8125,137.6875,465680
2022-08-29,2022-08-29T00:00:00Z,137.59375,137.625,136.25,136.5625,302588
2022-08-30,2022-08-30T00:00:00Z,136.59375,137.4375,136.09375,136.78125,120285
2022-08-31,2022-08-31T00:00:00Z,136.6875,136.96875,135.53125,136.40625,20076
2022-09-01,2022-09-01T00:00:00Z,135.625,135.65625,133.6875,134.125,10913
2022-09-02,2022-09-02T00:00:00Z,134.25,135.25,133.78125,135.15625,7929
2022-09-06,2022-09-06T00:00:00Z,135.0,135.0,132.6875,133.0,6525
2022-09-07,2022-09-07T00:00:00Z,132.8125,134.375,132.8125,134.1875,3786
2022-09-08,2022-09-08T00:00:00Z,134.03125,134.78125,133.40625,133.8125,5122
2022-09-09,2022-09-09T00:00:00Z,133.40625,134.3125,133.28125,133.46875,569
2022-09-12,2022-09-12T00:00:00Z,133.40625,134.125,132.84375,132.84375,944
2022-09-13,2022-09-13T00:00:00Z,132.875,133.5625,131.75,132.375,4422
2022-09-14,2022-09-14T00:00:00Z,132.28125,132.90625,132.125,132.4375,84
2022-09-15,2022-09-15T00:00:00Z,132.0625,132.34375,131.84375,131.875,4173
2022-09-16,2022-09-16T00:00:00Z,131.625,131.71875,130.96875,131.625,413
2022-09-19,2022-09-19T00:00:00Z,131.375,131.40625,130.8125,131.375,1063
2022-09-20,2022-09-20T00:00:00Z,130.96875,130.96875,129.875,130.28125,1089
2022-09-21,2022-09-21T00:00:00Z,130.3125,131.03125,130.21875,130.21875,349256
2022-09-22,2022-09-22T00:00:00Z,130.5,131.0,128.03125,128.21875,408436
2022-09-23,2022-09-23T00:00:00Z,128.25,129.375,126.90625,128.78125,431286
2022-09-26,2022-09-26T00:00:00Z,128.96875,128.96875,125.75,126.5,429772
2022-09-27,2022-09-27T00:00:00Z,125.84375,127.21875,124.40625,124.8125,466759
2022-09-28,2022-09-28T00:00:00Z,125.0,127.875,123.9375,127.6875,570998
2022-09-29,2022-09-29T00:00:00Z,127.125,127.5625,125.6875,127.0625,392777
2022-09-30,2022-09-30T00:00:00Z,126.4375,128.03125,126.0,126.40625,506181
2022-10-03,2022-10-03T00:00:00Z,126.15625,129.3125,126.09375,128.3125,384807
2022-10-04,2022-10-04T00:00:00Z,128.40625,129.375,128.125,128.65625,322796
2022-10-05,2022-10-05T00:00:00Z,128.40625,128.6875,126.34375,126.78125,318037
2022-10-06,2022-10-06T00:00:00Z,126.875,127.28125,125.875,126.28125,292241
2022-10-07,2022-10-07T00:00:00Z,126.28125,126.40625,125.0625,125.53125,272038
2022-10-10,2022-10-10T00:00:00Z,125.5,125.8125,123.65625,124.15625,103760
2022-10-11,2022-10-11T00:00:00Z,124.21875,125.5,123.71875,124.65625,293725
2022-10-12,2022-10-12T00:00:00Z,124.375,125.34375,123.875,125.15625,319504
2022-10-13,2022-10-13T00:00:00Z,125.21875,125.875,122.875,124.5625,431969
2022-10-14,2022-10-14T00:00:00Z,124.75,125.96875,123.4375,123.71875,374956
2022-10-17,2022-10-17T00:00:00Z,123.625,124.875,123.1875,123.375,221788
2022-10-18,2022-10-18T00:00:00Z,123.34375,123.96875,122.375,123.5625,308745
2022-10-19,2022-10-19T00:00:00Z,123.34375,123.46875,121.71875,121.90625,329457
2022-10-20,2022-10-20T00:00:00Z,121.84375,122.1875,120.15625,120.4375,312646
2022-10-21,2022-10-21T00:00:00Z,120.40625,120.46875,118.1875,119.125,580764
2022-10-24,2022-10-24T00:00:00Z,118.9375,120.0625,117.59375,118.3125,377199
2022-10-25,2022-10-25T00:00:00Z,118.21875,120.6875,118.15625,120.0625,330413
2022-10-26,2022-10-26T00:00:00Z,120.09375,121.71875,120.03125,121.46875,320072
2022-10-27,2022-10-27T00:00:00Z,121.6875,122.78125,120.65625,122.34375,330059
2022-10-28,2022-10-28T00:00:00Z,122.46875,122.625,120.90625,121.25,321412
2022-10-31,2022-10-31T00:00:00Z,121.03125,121.25,120.09375,120.5,404588
2022-11-01,2022-11-01T00:00:00Z,121.0,122.875,120.78125,121.03125,322513
2022-11-02,2022-11-02T00:00:00Z,121.28125,121.96875,120.125,120.71875,326666
2022-11-03,2022-11-03T00:00:00Z,120.28125,120.46875,118.6875,120.3125,324086
2022-11-04,2022-11-04T00:00:00Z,119.9375,120.28125,118.84375,119.4375,279106
2022-11-07,2022-11-07T00:00:00Z,119.5625,120.0,118.3125,118.53125,223011
2022-11-08,2022-11-08T00:00:00Z,118.4375,120.03125,118.09375,119.9375,263362
2022-11-09,2022-11-09T00:00:00Z,119.90625,120.75,119.15625,119.65625,296803
2022-11-10,2022-11-10T00:00:00Z,120.375,124.3125,119.9375,124.125,507746
2022-11-11,2022-11-11T00:00:00Z,124.09375,124.15625,123.0625,123.8125,134362
2022-11-14,2022-11-14T00:00:00Z,123.34375,123.9375,122.875,123.65625,274906
2022-11-15,2022-11-15T00:00:00Z,123.84375,125.15625,123.5,124.53125,355803
2022-11-16,2022-11-16T00:00:00Z,124.75,126.6875,124.0625,126.40625,332498
2022-11-17,2022-11-17T00:00:00Z,126.53125,126.84375,125.1875,125.84375,356445
2022-11-18,2022-11-18T00:00:00Z,125.90625,126.375,125.28125,125.4375,245807
2022-11-21,2022-11-21T00:00:00Z,125.40625,126.40625,125.21875,125.46875,429664
2022-11-22,2022-11-22T00:00:00Z,125.375,126.84375,125.3125,126.625,843200
2022-11-23,2022-11-23T00:00:00Z,126.6875,127.875,126.3125,127.625,556348
2022-11-25,2022-11-25T00:00:00Z,127.65625,128.59375,127.125,127.59375,243727
2022-11-28,2022-11-28T00:00:00Z,127.59375,128.6875,127.28125,127.40625,374550
2022-11-29,2022-11-29T00:00:00Z,127.59375,128.1875,126.40625,126.71875,125341
2022-11-30,2022-11-30T00:00:00Z,126.71875,128.3125,126.0625,127.03125,14765
2022-12-01,2022-12-01T00:00:00Z,128.15625,129.84375,127.8125,129.5625,7559
2022-12-02,2022-12-02T00:00:00Z,129.625,130.28125,128.34375,129.84375,1725
2022-12-05,2022-12-05T00:00:00Z,129.65625,129.875,128.5,128.875,2500
2022-12-06,2022-12-06T00:00:00Z,129.25,130.46875,129.1875,130.46875,318
2022-12-07,2022-12-07T00:00:00Z,130.4375,131.96875,129.9375,131.96875,688
2022-12-08,2022-12-08T00:00:00Z,131.625,131.625,131.03125,131.03125,97
2022-12-09,2022-12-09T00:00:00Z,131.25,131.25,129.59375,129.9375,129
2022-12-12,2022-12-12T00:00:00Z,130.21875,130.8125,129.71875,129.71875,557
2022-12-13,2022-12-13T00:00:00Z,129.78125,132.3125,129.78125,131.25,352
2022-12-14,2022-12-14T00:00:00Z,131.625,131.65625,131.15625,131.15625,307
2022-12-15,2022-12-15T00:00:00Z,132.125,132.125,132.125,132.125,2
2022-12-16,2022-12-16T00:00:00Z,132.09375,132.09375,131.0,131.21875,82
2022-12-19,2022-12-19T00:00:00Z,130.78125,130.875,129.46875,129.84375,82
2022-12-20,2022-12-20T00:00:00Z,128.40625,128.65625,127.09375,128.25,311227
2022-12-21,2022-12-21T00:00:00Z,128.125,128.9375,127.59375,128.15625,232284
2022-12-22,2022-12-22T00:00:00Z,128.4375,128.875,128.0,128.4375,170765
2022-12-23,2022-12-23T00:00:00Z,128.25,128.28125,127.09375,127.15625,168148
2022-12-27,2022-12-27T00:00:00Z,127.34375,127.46875,125.28125,125.3125,182645
2022-12-28,2022-12-28T00:00:00Z,125.46875,125.96875,124.6875,124.90625,179049
2022-12-29,2022-12-29T00:00:00Z,124.90625,125.75,124.625,125.5,159477
2022-12-30,2022-12-30T00:00:00Z,125.59375,125.65625,124.34375,125.34375,274460
2023-01-03,2023-01-03T00:00:00Z,125.5,127.1875,125.09375,126.21875,321925
2023-01-04,2023-01-04T00:00:00Z,126.75,128.125,126.53125,127.5,318933
2023-01-05,2023-01-05T00:00:00Z,127.5,127.8125,126.46875,127.53125,253816
2023-01-06,2023-01-06T00:00:00Z,127.5,129.5,126.84375,129.21875,392821
2023-01-09,2023-01-09T00:00:00Z,129.15625,130.03125,128.5,129.90625,304125
2023-01-10,2023-01-10T00:00:00Z,129.59375,129.84375,127.9375,128.21875,281414
2023-01-11,2023-01-11T00:00:00Z,128.21875,129.5,128.125,129.09375,295424
2023-01-12,2023-01-12T00:00:00Z,129.1875,130.96875,127.9375,130.65625,467713
2023-01-13,2023-01-13T00:00:00Z,130.5625,131.3125,129.84375,130.0,312427
2023-01-17,2023-01-17T00:00:00Z,130.0625,130.1875,128.75,129.71875,297548
2023-01-18,2023-01-18T00:00:00Z,129.5,132.28125,129.4375,132.0625,508870
2023-01-19,2023-01-19T00:00:00Z,132.0625,132.96875,131.28125,131.75,310173
2023-01-20,2023-01-20T00:00:00Z,131.8125,131.84375,130.09375,130.46875,308147
2023-01-23,2023-01-23T00:00:00Z,130.53125,130.75,129.5625,129.84375,237193
2023-01-24,2023-01-24T00:00:00Z,130.03125,131.125,129.5,130.84375,271907
2023-01-25,2023-01-25T00:00:00Z,131.15625,131.65625,130.5,130.8125,298348
2023-01-26,2023-01-26T00:00:00Z,131.1875,131.25,130.0,130.40625,276422
2023-01-27,2023-01-27T00:00:00Z,130.28125,130.40625,129.3125,130.15625,233597
2023-01-30,2023-01-30T00:00:00Z,130.28125,130.5,129.375,129.78125,276531
2023-01-31,2023-01-31T00:00:00Z,129.84375,130.59375,129.46875,129.875,442628
2023-02-01,2023-02-01T00:00:00Z,130.1875,131.875,129.96875,131.65625,438963
2023-02-02,2023-02-02T00:00:00Z,131.40625,132.6875,131.25,131.78125,389642
2023-02-03,2023-02-03T00:00:00Z,131.8125,132.28125,129.59375,130.0625,406572
2023-02-06,2023-02-06T00:00:00Z,130.03125,130.0625,128.75,129.0,313051
2023-02-07,2023-02-07T00:00:00Z,129.03125,129.34375,128.15625,128.40625,370631
2023-02-08,2023-02-08T00:00:00Z,128.28125,128.90625,127.875,128.34375,317279
2023-02-09,2023-02-09T00:00:00Z,128.90625,129.40625,127.78125,127.875,327929
2023-02-10,2023-02-10T00:00:00Z,128.03125,128.09375,126.8125,126.9375,288797
2023-02-13,2023-02-13T00:00:00Z,126.9375,127.65625,126.71875,127.375,253669
2023-02-14,2023-02-14T00:00:00Z,127.5625,128.8125,126.4375,126.96875,407830
2023-02-15,2023-02-15T00:00:00Z,127.3125,127.59375,126.0,126.21875,420831
2023-02-16,2023-02-16T00:00:00Z,126.21875,126.625,125.1875,125.5625,403013
2023-02-17,2023-02-17T00:00:00Z,125.3125,126.0,124.4375,125.78125,311605
2023-02-21,2023-02-21T00:00:00Z,125.84375,125.9375,124.03125,124.09375,577395
2023-02-22,2023-02-22T00:00:00Z,124.15625,124.9375,123.9375,124.5625,905401
2023-02-23,2023-02-23T00:00:00Z,124.65625,125.375,123.8125,125.09375,780098
2023-02-24,2023-02-24T00:00:00Z,124.96875,125.375,123.5625,123.875,452036
2023-02-27,2023-02-27T00:00:00Z,123.9375,124.53125,123.4375,124.21875,188124
2023-02-28,2023-02-28T00:00:00Z,124.1875,124.375,123.25,124.125,25643
2023-03-01,2023-03-01T00:00:00Z,124.0625,124.21875,122.9375,123.1875,8577
2023-03-02,2023-03-02T00:00:00Z,123.0,123.0,121.84375,122.21875,4513
2023-03-03,2023-03-03T00:00:00Z,122.25,123.96875,122.09375,123.84375,5586
2023-03-06,2023-03-06T00:00:00Z,124.1875,124.75,123.59375,123.59375,389
2023-03-07,2023-03-07T00:00:00Z,123.8125,124.5,123.78125,124.0,8076
2023-03-08,2023-03-08T00:00:00Z,123.8125,124.9375,123.75,124.1875,1362
2023-03-09,2023-03-09T00:00:00Z,123.84375,124.875,123.84375,124.71875,2135
2023-03-10,2023-03-10T00:00:00Z,126.09375,128.28125,125.6875,128.03125,2971
2023-03-13,2023-03-13T00:00:00Z,129.0,131.3125,127.15625,130.125,609
2023-03-14,2023-03-14T00:00:00Z,129.0,129.0,128.59375,128.59375,13
2023-03-15,2023-03-15T00:00:00Z,128.375,131.6875,128.3125,130.21875,1030
2023-03-16,2023-03-16T00:00:00Z,131.25,131.25,129.15625,129.15625,83
2023-03-17,2023-03-17T00:00:00Z,130.78125,131.28125,130.78125,131.28125,20
2023-03-20,2023-03-20T00:00:00Z,130.75,130.75,130.0,130.0,6
2023-03-21,2023-03-21T00:00:00Z,130.75,130.75,128.4375,128.71875,20
2023-03-22,2023-03-22T00:00:00Z,128.9375,129.03125,128.84375,129.03125,376053
2023-03-23,2023-03-23T00:00:00Z,131.71875,132.25,130.4375,131.78125,371247
2023-03-24,2023-03-24T00:00:00Z,131.375,133.28125,131.1875,132.34375,401320
2023-03-27,2023-03-27T00:00:00Z,132.5625,132.59375,130.15625,130.34375,251086
2023-03-28,2023-03-28T00:00:00Z,130.34375,130.78125,129.8125,129.9375,232730
2023-03-29,2023-03-29T00:00:00Z,129.9375,130.21875,129.1875,129.8125,240216
2023-03-30,2023-03-30T00:00:00Z,129.8125,130.34375,129.40625,130.15625,232894
2023-03-31,2023-03-31T00:00:00Z,130.28125,131.53125,129.6875,131.15625,327380
2023-04-03,2023-04-03T00:00:00Z,131.15625,132.4375,130.375,131.9375,267301
2023-04-04,2023-04-04T00:00:00Z,132.15625,133.21875,131.15625,133.125,257343
2023-04-05,2023-04-05T00:00:00Z,132.9375,134.21875,132.75,134.0625,285089
2023-04-06,2023-04-06T00:00:00Z,133.71875,134.4375,133.65625,134.09375,203681
2023-04-10,2023-04-10T00:00:00Z,133.09375,133.59375,132.1875,132.5625,154935
2023-04-11,2023-04-11T00:00:00Z,132.5625,133.0,132.03125,132.375,187337
2023-04-12,2023-04-12T00:00:00Z,132.40625,133.46875,131.46875,132.15625,282974
2023-04-13,2023-04-13T00:00:00Z,132.6875,133.03125,131.6875,131.8125,261161
2023-04-14,2023-04-14T00:00:00Z,131.84375,132.0625,130.5625,130.71875,262804
2023-04-17,2023-04-17T00:00:00Z,130.8125,130.96875,129.53125,129.75,227473
2023-04-18,2023-04-18T00:00:00Z,129.625,130.3125,129.46875,130.03125,209766
2023-04-19,2023-04-19T00:00:00Z,129.96875,130.03125,129.125,129.71875,280984
2023-04-20,2023-04-20T00:00:00Z,129.65625,130.71875,129.625,130.3125,236599
2023-04-21,2023-04-21T00:00:00Z,130.4375,130.9375,129.75,129.90625,209712
2023-04-24,2023-04-24T00:00:00Z,129.8125,131.03125,129.8125,130.75,167697
2023-04-25,2023-04-25T00:00:00Z,130.96875,132.625,130.9375,132.375,312908
2023-04-26,2023-04-26T00:00:00Z,132.21875,132.65625,131.40625,131.71875,282777
2023-04-27,2023-04-27T00:00:00Z,131.46875,131.625,130.21875,130.40625,277422
2023-04-28,2023-04-28T00:00:00Z,130.4375,132.125,130.0625,131.65625,386405
2023-05-01,2023-05-01T00:00:00Z,131.8125,131.8125,129.0625,129.65625,308559
2023-05-02,2023-05-02T00:00:00Z,129.6875,131.75,129.59375,131.4375,351405
2023-05-03,2023-05-03T00:00:00Z,131.625,132.90625,131.5,131.875,339588
2023-05-04,2023-05-04T00:00:00Z,132.9375,133.0,131.4375,132.125,391121
2023-05-05,2023-05-05T00:00:00Z,131.78125,131.9375,130.40625,130.96875,237632
2023-05-08,2023-05-08T00:00:00Z,131.15625,131.40625,129.8125,129.875,217752
2023-05-09,2023-05-09T00:00:00Z,130.0,130.5,129.5625,129.6875,234937
2023-05-10,2023-05-10T00:00:00Z,129.71875,130.90625,129.59375,130.6875,277924
2023-05-11,2023-05-11T00:00:00Z,130.6875,132.25,130.53125,131.53125,345271
2023-05-12,2023-05-12T00:00:00Z,131.5625,131.9375,130.53125,130.71875,227827
2023-05-15,2023-05-15T00:00:00Z,130.59375,130.75,129.625,129.78125,264149
2023-05-16,2023-05-16T00:00:00Z,129.75,130.375,128.6875,129.125,398789
2023-05-17,2023-05-17T00:00:00Z,129.21875,129.65625,128.6875,128.78125,365015
2023-05-18,2023-05-18T00:00:00Z,129.0,129.28125,127.78125,127.90625,359494
2023-05-19,2023-05-19T00:00:00Z,127.9375,128.1875,126.8125,127.15625,381461
2023-05-22,2023-05-22T00:00:00Z,127.4375,127.75,126.625,126.78125,347273
2023-05-23,2023-05-23T00:00:00Z,126.75,127.09375,126.1875,126.9375,632000
2023-05-24,2023-05-24T00:00:00Z,127.0,127.4375,126.1875,126.5625,725321
2023-05-25,2023-05-25T00:00:00Z,126.25,126.5,125.375,125.53125,597813
2023-05-26,2023-05-26T00:00:00Z,125.46875,126.125,124.96875,125.625,362720
2023-05-30,2023-05-30T00:00:00Z,125.84375,127.46875,125.40625,127.1875,215452
2023-05-31,2023-05-31T00:00:00Z,127.125,128.40625,127.125,128.0625,34763
2023-06-01,2023-06-01T00:00:00Z,128.0625,129.5,127.59375,128.59375,13319
2023-06-02,2023-06-02T00:00:00Z,128.75,128.75,127.59375,127.6875,7928
2023-06-05,2023-06-05T00:00:00Z,127.5,127.90625,126.59375,127.6875,1835
2023-06-06,2023-06-06T00:00:00Z,127.75,128.15625,127.3125,127.71875,1294
2023-06-07,2023-06-07T00:00:00Z,127.5625,127.6875,126.1875,126.3125,117
2023-06-08,2023-06-08T00:00:00Z,126.28125,127.46875,125.75,127.46875,79
2023-06-09,2023-06-09T00:00:00Z,127.09375,127.4375,126.78125,127.34375,79
2023-06-12,2023-06-12T00:00:00Z,126.625,127.4375,126.53125,126.96875,4676
2023-06-13,2023-06-13T00:00:00Z,127.5625,128.03125,126.0,126.0625,175
2023-06-14,2023-06-14T00:00:00Z,126.5,127.0,126.5,126.9375,2105
2023-06-15,2023-06-15T00:00:00Z,126.53125,128.0625,126.46875,127.75,769
2023-06-16,2023-06-16T00:00:00Z,127.0,127.5,127.0,127.34375,137
2023-06-20,2023-06-20T00:00:00Z,126.875,128.5,126.75,128.25,158
2023-06-21,2023-06-21T00:00:00Z,128.1875,128.1875,126.96875,127.8125,308858
2023-06-22,2023-06-22T00:00:00Z,128.125,128.3125,126.84375,127.0,286811
2023-06-23,2023-06-23T00:00:00Z,127.0625,128.625,127.0,127.90625,336623
2023-06-26,2023-06-26T00:00:00Z,127.9375,128.8125,127.84375,128.09375,261873
2023-06-27,2023-06-27T00:00:00Z,128.0,128.5625,127.375,127.5625,303061
2023-06-28,2023-06-28T00:00:00Z,127.5625,128.40625,127.4375,128.25,290382
2023-06-29,2023-06-29T00:00:00Z,128.25,128.3125,125.9375,126.15625,436760
2023-06-30,2023-06-30T00:00:00Z,126.34375,127.21875,125.65625,126.90625,489824
2023-07-03,2023-07-03T00:00:00Z,126.75,127.75,126.40625,126.625,258015
2023-07-05,2023-07-05T00:00:00Z,126.78125,127.0,125.15625,125.25,394262
2023-07-06,2023-07-06T00:00:00Z,125.5,125.53125,123.59375,124.03125,414981
2023-07-07,2023-07-07T00:00:00Z,124.15625,124.46875,123.25,123.75,387043
2023-07-10,2023-07-10T00:00:00Z,123.53125,124.34375,122.9375,124.0625,306741
2023-07-11,2023-07-11T00:00:00Z,124.0625,124.75,123.96875,124.375,241585
2023-07-12,2023-07-12T00:00:00Z,124.46875,126.0,124.40625,125.78125,385450
2023-07-13,2023-07-13T00:00:00Z,125.65625,127.0625,125.5,127.0,423031
2023-07-14,2023-07-14T00:00:00Z,126.875,127.1875,126.21875,126.4375,280458
2023-07-17,2023-07-17T00:00:00Z,126.25,127.125,126.03125,126.5625,229674
2023-07-18,2023-07-18T00:00:00Z,126.4375,127.375,126.40625,126.78125,268887
2023-07-19,2023-07-19T00:00:00Z,126.78125,127.75,126.6875,127.6875,351095
2023-07-20,2023-07-20T00:00:00Z,127.53125,127.625,125.90625,126.1875,339469
2023-07-21,2023-07-21T00:00:00Z,126.25,126.9375,126.125,126.375,246024
2023-07-24,2023-07-24T00:00:00Z,126.25,127.0625,125.90625,126.15625,255922
2023-07-25,2023-07-25T00:00:00Z,125.96875,126.1875,125.3125,125.53125,281462
2023-07-26,2023-07-26T00:00:00Z,125.84375,126.3125,125.5,126.1875,292646
2023-07-27,2023-07-27T00:00:00Z,125.9375,126.3125,123.65625,123.875,475993
2023-07-28,2023-07-28T00:00:00Z,124.0,124.65625,123.28125,124.25,397043
2023-07-31,2023-07-31T00:00:00Z,124.4375,124.875,123.8125,124.4375,409545
2023-08-01,2023-08-01T00:00:00Z,124.46875,124.625,122.8125,122.96875,385474
2023-08-02,2023-08-02T00:00:00Z,123.0625,123.40625,121.625,122.28125,485621
2023-08-03,2023-08-03T00:00:00Z,122.15625,122.25,120.09375,120.34375,603295
2023-08-04,2023-08-04T00:00:00Z,120.5625,122.28125,119.78125,122.0,496840
2023-08-07,2023-08-07T00:00:00Z,122.125,122.15625,121.03125,121.5625,294889
2023-08-08,2023-08-08T00:00:00Z,121.40625,123.15625,121.375,122.4375,347466
2023-08-09,2023-08-09T00:00:00Z,122.375,123.03125,122.1875,122.75,265765
2023-08-10,2023-08-10T00:00:00Z,122.8125,123.6875,121.28125,121.6875,448563
2023-08-11,2023-08-11T00:00:00Z,121.34375,121.625,120.65625,120.75,341338
2023-08-14,2023-08-14T00:00:00Z,120.78125,121.28125,120.1875,120.6875,272514
2023-08-15,2023-08-15T00:00:00Z,120.5625,120.71875,119.4375,120.09375,337608
2023-08-16,2023-08-16T00:00:00Z,120.1875,120.59375,119.09375,119.375,385904
2023-08-17,2023-08-17T00:00:00Z,119.46875,119.59375,118.4375,118.65625,383991
2023-08-18,2023-08-18T00:00:00Z,119.0,119.875,118.84375,119.21875,323477
2023-08-21,2023-08-21T00:00:00Z,119.21875,119.3125,117.65625,117.875,431827
2023-08-22,2023-08-22T00:00:00Z,117.9375,118.5,117.5625,118.34375,379429
2023-08-23,2023-08-23T00:00:00Z,118.40625,120.46875,118.375,120.21875,569778
2023-08-24,2023-08-24T00:00:00Z,120.28125,120.71875,119.6875,119.84375,812118
2023-08-25,2023-08-25T00:00:00Z,119.8125,120.28125,119.15625,119.75,682709
2023-08-28,2023-08-28T00:00:00Z,119.875,120.4375,119.59375,119.9375,602477
2023-08-29,2023-08-29T00:00:00Z,120.09375,121.375,119.59375,121.09375,441348
2023-08-30,2023-08-30T00:00:00Z,121.15625,121.59375,120.59375,121.125,92154
2023-08-31,2023-08-31T00:00:00Z,121.25,121.84375,121.09375,121.5625,5921
2023-09-01,2023-09-01T00:00:00Z,121.34375,121.8125,119.875,120.25,4687
2023-09-05,2023-09-05T00:00:00Z,120.09375,120.09375,118.90625,119.03125,2127
2023-09-06,2023-09-06T00:00:00Z,119.15625,119.46875,118.875,119.125,5337
2023-09-07,2023-09-07T00:00:00Z,119.0,119.46875,118.75,119.28125,3334
2023-09-08,2023-09-08T00:00:00Z,119.46875,120.03125,119.4375,119.5,346
2023-09-11,2023-09-11T00:00:00Z,119.5,119.5,118.90625,119.03125,104
2023-09-12,2023-09-12T00:00:00Z,119.09375,119.40625,118.96875,119.375,183
2023-09-13,2023-09-13T00:00:00Z,119.25,119.65625,118.8125,119.625,496
2023-09-14,2023-09-14T00:00:00Z,119.6875,119.78125,119.03125,119.03125,216
2023-09-15,2023-09-15T00:00:00Z,118.96875,118.96875,118.4375,118.59375,43
2023-09-18,2023-09-18T00:00:00Z,118.34375,119.09375,118.34375,118.875,30
2023-09-19,2023-09-19T00:00:00Z,118.75,119.0,118.375,118.375,138
2023-09-20,2023-09-20T00:00:00Z,118.9375,119.28125,118.46875,119.21875,380385
2023-09-21,2023-09-21T00:00:00Z,117.875,117.875,115.90625,116.28125,629981
2023-09-22,2023-09-22T00:00:00Z,115.9375,117.09375,115.71875,116.90625,441258
2023-09-25,2023-09-25T00:00:00Z,116.9375,117.0,114.6875,114.84375,513762
2023-09-26,2023-09-26T00:00:00Z,115.0,115.71875,114.3125,114.375,551069
2023-09-27,2023-09-27T00:00:00Z,114.6875,115.46875,113.34375,113.5,687279
2023-09-28,2023-09-28T00:00:00Z,113.6875,113.96875,112.3125,113.5,801310
2023-09-29,2023-09-29T00:00:00Z,113.78125,114.75,113.375,113.78125,795476
2023-10-02,2023-10-02T00:00:00Z,113.75,113.75,111.96875,112.375,540084
2023-10-03,2023-10-03T00:00:00Z,112.5625,112.75,110.5,110.65625,706905
2023-10-04,2023-10-04T00:00:00Z,110.75,111.84375,109.625,111.5,778418
2023-10-05,2023-10-05T00:00:00Z,111.5625,111.90625,110.71875,111.40625,501130
2023-10-06,2023-10-06T00:00:00Z,111.3125,111.4375,108.90625,110.46875,710699
2023-10-09,2023-10-09T00:00:00Z,110.5625,112.25,110.34375,112.03125,196842
2023-10-10,2023-10-10T00:00:00Z,112.0,112.59375,110.9375,112.0625,506124
2023-10-11,2023-10-11T00:00:00Z,112.0,113.9375,111.96875,113.375,649075
2023-10-12,2023-10-12T00:00:00Z,113.84375,114.3125,111.21875,111.46875,670937
2023-10-13,2023-10-13T00:00:00Z,111.65625,113.4375,111.625,112.78125,484080
2023-10-16,2023-10-16T00:00:00Z,112.84375,112.84375,111.1875,111.34375,368500
2023-10-17,2023-10-17T00:00:00Z,111.4375,111.53125,109.53125,110.0,561444
2023-10-18,2023-10-18T00:00:00Z,110.25,110.375,108.78125,109.28125,533800
2023-10-19,2023-10-19T00:00:00Z,109.09375,109.46875,107.6875,107.84375,619532
2023-10-20,2023-10-20T00:00:00Z,107.84375,108.875,107.53125,108.46875,518009
2023-10-23,2023-10-23T00:00:00Z,108.0625,110.25,107.125,109.96875,648591
2023-10-24,2023-10-24T00:00:00Z,109.75,110.5,109.25,110.0,526442
2023-10-25,2023-10-25T00:00:00Z,110.28125,110.5,108.28125,108.40625,506995
2023-10-26,2023-10-26T00:00:00Z,108.40625,109.96875,107.875,109.875,596519
2023-10-27,2023-10-27T00:00:00Z,109.78125,109.84375,108.9375,109.5,394682
2023-10-30,2023-10-30T00:00:00Z,109.6875,109.8125,108.5,109.28125,441993
2023-10-31,2023-10-31T00:00:00Z,109.0,110.375,108.5625,109.4375,725179
2023-11-01,2023-11-01T00:00:00Z,108.65625,111.1875,108.59375,110.4375,708731
2023-11-02,2023-11-02T00:00:00Z,111.15625,112.96875,110.96875,112.5,705756
2023-11-03,2023-11-03T00:00:00Z,112.6875,114.84375,112.375,113.65625,715888
2023-11-06,2023-11-06T00:00:00Z,113.40625,113.4375,112.375,112.46875,416950
2023-11-07,2023-11-07T00:00:00Z,112.75,114.34375,112.46875,113.96875,457728
2023-11-08,2023-11-08T00:00:00Z,114.0,115.375,113.46875,114.8125,494936
2023-11-09,2023-11-09T00:00:00Z,115.25,115.375,112.375,112.96875,695153
2023-11-10,2023-11-10T00:00:00Z,113.15625,114.03125,112.6875,113.375,450035
2023-11-13,2023-11-13T00:00:00Z,113.09375,113.40625,112.375,113.28125,340051
2023-11-14,2023-11-14T00:00:00Z,113.125,115.71875,112.9375,115.4375,578890
2023-11-15,2023-11-15T00:00:00Z,115.25,115.71875,113.9375,114.25,540684
2023-11-16,2023-11-16T00:00:00Z,114.25,115.5625,114.1875,115.3125,461014
2023-11-17,2023-11-17T00:00:00Z,115.28125,116.15625,114.84375,115.40625,445292
2023-11-20,2023-11-20T00:00:00Z,115.3125,116.0625,114.6875,115.8125,512825
2023-11-21,2023-11-21T00:00:00Z,115.78125,116.4375,115.25,115.625,663042
2023-11-22,2023-11-22T00:00:00Z,115.9375,116.5,115.46875,115.875,744893
2023-11-23,2023-11-23T00:00:00Z,115.9375,116.25,115.25,115.4375,744893
2023-11-24,2023-11-24T00:00:00Z,115.9375,116.25,114.75,114.84375,372458
2023-11-27,2023-11-27T00:00:00Z,114.90625,116.15625,114.46875,116.03125,864919
2023-11-28,2023-11-28T00:00:00Z,116.0,116.6875,115.65625,116.375,547748
2023-11-29,2023-11-29T00:00:00Z,116.625,117.59375,116.5,117.40625,107163
2023-11-30,2023-11-30T00:00:00Z,117.46875,117.71875,116.1875,116.4375,17882
2023-12-01,2023-12-01T00:00:00Z,116.65625,118.46875,116.46875,118.15625,5524
2023-12-04,2023-12-04T00:00:00Z,118.15625,118.25,117.34375,117.5625,3054
2023-12-05,2023-12-05T00:00:00Z,117.90625,119.53125,117.875,119.4375,2545
2023-12-06,2023-12-06T00:00:00Z,119.46875,120.75,119.125,120.5625,732
2023-12-07,2023-12-07T00:00:00Z,120.625,120.625,119.65625,120.28125,906
2023-12-08,2023-12-08T00:00:00Z,119.84375,119.90625,118.53125,119.03125,141
2023-12-11,2023-12-11T00:00:00Z,119.09375,119.09375,118.4375,119.03125,75
2023-12-12,2023-12-12T00:00:00Z,119.375,119.96875,118.90625,119.5,980
2023-12-13,2023-12-13T00:00:00Z,119.96875,121.75,119.96875,121.625,86
2023-12-14,2023-12-14T00:00:00Z,122.6875,123.75,122.40625,123.34375,55
2023-12-15,2023-12-15T00:00:00Z,123.6875,124.0,123.65625,123.84375,95
2023-12-18,2023-12-18T00:00:00Z,123.75,123.75,123.25,123.25,106
2023-12-19,2023-12-19T00:00:00Z,123.9375,124.0625,123.5625,123.71875,343848
2023-12-20,2023-12-20T00:00:00Z,123.5,124.75,123.46875,124.375,522150
2023-12-21,2023-12-21T00:00:00Z,124.625,124.9375,123.875,123.96875,398470
2023-12-22,2023-12-22T00:00:00Z,124.03125,124.71875,123.625,123.78125,264909
2023-12-26,2023-12-26T00:00:00Z,123.90625,124.3125,123.8125,124.25,119155
2023-12-27,2023-12-27T00:00:00Z,124.09375,125.9375,124.0,125.875,279953
2023-12-28,2023-12-28T00:00:00Z,125.59375,125.875,124.9375,125.125,336627
2023-12-29,2023-12-29T00:00:00Z,125.0625,125.28125,124.28125,124.9375,427020
2024-01-02,2024-01-02T00:00:00Z,124.46875,124.65625,123.25,123.8125,498700
2024-01-03,2024-01-03T00:00:00Z,123.96875,124.3125,122.78125,124.125,540281
2024-01-04,2024-01-04T00:00:00Z,123.875,124.15625,122.5625,122.84375,452215
2024-01-05,2024-01-05T00:00:00Z,122.6875,123.21875,121.28125,122.03125,570439
2024-01-08,2024-01-08T00:00:00Z,122.03125,123.0,121.625,122.53125,447336
2024-01-09,2024-01-09T00:00:00Z,122.21875,122.75,121.8125,122.40625,359001
2024-01-10,2024-01-10T00:00:00Z,122.4375,122.9375,121.9375,122.15625,372262
2024-01-11,2024-01-11T00:00:00Z,122.15625,123.46875,121.46875,122.71875,557825
2024-01-12,2024-01-12T00:00:00Z,122.90625,123.40625,122.28125,122.875,472063
2024-01-16,2024-01-16T00:00:00Z,123.0625,123.09375,120.84375,121.0625,623981
2024-01-17,2024-01-17T00:00:00Z,121.125,121.5625,120.375,120.78125,560594
2024-01-18,2024-01-18T00:00:00Z,120.75,121.09375,119.6875,119.90625,425125
2024-01-19,2024-01-19T00:00:00Z,119.96875,120.40625,119.3125,120.0,403169
2024-01-22,2024-01-22T00:00:00Z,120.25,121.15625,120.125,120.71875,320882
2024-01-23,2024-01-23T00:00:00Z,120.625,120.8125,119.625,119.8125,346008
2024-01-24,2024-01-24T00:00:00Z,120.03125,120.65625,119.125,119.21875,488404
2024-01-25,2024-01-25T00:00:00Z,119.28125,120.125,119.0,119.8125,404028
2024-01-26,2024-01-26T00:00:00Z,119.90625,120.375,119.375,119.5625,329373
2024-01-29,2024-01-29T00:00:00Z,119.90625,121.03125,119.71875,120.53125,371321
2024-01-30,2024-01-30T00:00:00Z,120.75,121.59375,120.59375,121.25,423973
2024-01-31,2024-01-31T00:00:00Z,121.5625,123.125,121.40625,122.34375,811288
2024-02-01,2024-02-01T00:00:00Z,123.03125,124.75,122.46875,124.03125,737368
2024-02-02,2024-02-02T00:00:00Z,123.71875,124.0,121.59375,121.90625,667930
2024-02-05,2024-02-05T00:00:00Z,121.9375,121.96875,119.9375,120.125,502868
2024-02-06,2024-02-06T00:00:00Z,120.1875,121.1875,120.0,121.0,399517
2024-02-07,2024-02-07T00:00:00Z,120.875,121.3125,120.375,120.84375,402496
2024-02-08,2024-02-08T00:00:00Z,120.6875,120.875,119.625,119.6875,401263
2024-02-09,2024-02-09T00:00:00Z,120.0625,120.4375,119.46875,119.625,312682
2024-02-12,2024-02-12T00:00:00Z,119.75,120.125,119.40625,119.84375,240152
2024-02-13,2024-02-13T00:00:00Z,119.71875,120.875,117.9375,117.96875,494073
2024-02-14,2024-02-14T00:00:00Z,118.09375,118.8125,117.8125,118.53125,438850
2024-02-15,2024-02-15T00:00:00Z,118.625,119.625,118.5625,118.875,390896
2024-02-16,2024-02-16T00:00:00Z,119.0625,119.0625,117.84375,118.21875,354470
2024-02-20,2024-02-20T00:00:00Z,118.34375,118.75,117.6875,118.3125,380372
2024-02-21,2024-02-21T00:00:00Z,118.375,118.6875,117.625,117.71875,514292
2024-02-22,2024-02-22T00:00:00Z,117.875,118.28125,117.34375,118.0625,849520
2024-02-23,2024-02-23T00:00:00Z,118.125,119.25,117.78125,119.0625,854312
2024-02-26,2024-02-26T00:00:00Z,119.09375,119.6875,118.34375,118.59375,1048276
2024-02-27,2024-02-27T00:00:00Z,118.90625,119.28125,118.1875,118.3125,648680
2024-02-28,2024-02-28T00:00:00Z,118.46875,118.96875,118.28125,118.75,132265
2024-02-29,2024-02-29T00:00:00Z,118.84375,119.5,118.21875,119.25,37227
2024-03-01,2024-03-01T00:00:00Z,119.15625,120.0625,118.5625,120.03125,4739
2024-03-04,2024-03-04T00:00:00Z,120.0,120.0,119.125,119.59375,11414
2024-03-05,2024-03-05T00:00:00Z,119.59375,121.25,119.53125,120.84375,11212
2024-03-06,2024-03-06T00:00:00Z,120.53125,121.65625,120.4375,121.59375,7933
2024-03-07,2024-03-07T00:00:00Z,121.3125,122.21875,121.3125,121.71875,2560
2024-03-08,2024-03-08T00:00:00Z,121.96875,122.21875,121.3125,121.5,5423
2024-03-11,2024-03-11T00:00:00Z,121.84375,121.90625,121.28125,121.40625,1047
2024-03-12,2024-03-12T00:00:00Z,121.5625,121.65625,120.75,120.75,920
2024-03-13,2024-03-13T00:00:00Z,121.03125,121.03125,120.25,120.25,747
2024-03-14,2024-03-14T00:00:00Z,120.40625,120.40625,118.71875,118.71875,262
2024-03-15,2024-03-15T00:00:00Z,119.03125,119.03125,118.53125,118.75,3106
2024-03-18,2024-03-18T00:00:00Z,118.59375,118.84375,118.125,118.21875,5593
2024-03-19,2024-03-19T00:00:00Z,118.53125,118.84375,118.21875,118.75,420800
2024-03-20,2024-03-20T00:00:00Z,118.71875,119.65625,118.125,118.8125,418679
2024-03-21,2024-03-21T00:00:00Z,118.875,119.625,118.59375,119.0,365646
2024-03-22,2024-03-22T00:00:00Z,119.09375,120.15625,119.0625,119.78125,313018
2024-03-25,2024-03-25T00:00:00Z,119.96875,120.1875,119.1875,119.3125,252136
2024-03-26,2024-03-26T00:00:00Z,119.40625,119.78125,119.0625,119.625,295636
2024-03-27,2024-03-27T00:00:00Z,119.625,120.375,119.5,120.1875,335560
2024-03-28,2024-03-28T00:00:00Z,120.3125,120.625,119.75,120.4375,449274
2024-04-01,2024-04-01T00:00:00Z,120.34375,120.46875,118.4375,118.5,377769
2024-04-02,2024-04-02T00:00:00Z,118.71875,118.8125,117.15625,117.71875,616978
2024-04-03,2024-04-03T00:00:00Z,117.84375,118.03125,116.75,117.78125,539863
2024-04-04,2024-04-04T00:00:00Z,117.9375,118.53125,117.375,118.40625,475174
2024-04-05,2024-04-05T00:00:00Z,118.34375,118.46875,117.03125,117.53125,509127
2024-04-08,2024-04-08T00:00:00Z,117.09375,117.3125,116.34375,117.125,454746
2024-04-09,2024-04-09T00:00:00Z,117.125,118.15625,117.0,117.96875,388353
2024-04-10,2024-04-10T00:00:00Z,118.0,118.3125,115.40625,115.5625,717703
2024-04-11,2024-04-11T00:00:00Z,115.78125,116.03125,114.90625,115.25,652036
2024-04-12,2024-04-12T00:00:00Z,115.0,116.4375,114.96875,116.21875,450942
2024-04-15,2024-04-15T00:00:00Z,116.03125,116.03125,113.90625,114.28125,631164
2024-04-16,2024-04-16T00:00:00Z,114.53125,114.75,113.3125,113.96875,651475
2024-04-17,2024-04-17T00:00:00Z,113.84375,114.96875,113.625,114.84375,505306
2024-04-18,2024-04-18T00:00:00Z,114.8125,115.1875,114.0625,114.125,401745
2024-04-19,2024-04-19T00:00:00Z,114.375,116.15625,114.28125,114.625,500960
2024-04-22,2024-04-22T00:00:00Z,114.375,114.6875,113.96875,114.53125,330284
2024-04-23,2024-04-23T00:00:00Z,114.625,115.15625,114.0625,114.71875,405843
2024-04-24,2024-04-24T00:00:00Z,114.6875,114.75,113.625,113.90625,432535
2024-04-25,2024-04-25T00:00:00Z,114.0625,114.34375,112.84375,113.3125,444457
2024-04-26,2024-04-26T00:00:00Z,113.34375,114.3125,113.1875,113.84375,358743
2024-04-29,2024-04-29T00:00:00Z,113.9375,114.75,113.9375,114.59375,382001
2024-04-30,2024-04-30T00:00:00Z,114.59375,114.78125,113.75,113.8125,539736
2024-05-01,2024-05-01T00:00:00Z,113.9375,115.1875,113.6875,115.03125,402943
2024-05-02,2024-05-02T00:00:00Z,114.5625,115.15625,114.0625,115.125,448312
2024-05-03,2024-05-03T00:00:00Z,114.90625,116.5625,114.78125,115.9375,531975
2024-05-06,2024-05-06T00:00:00Z,115.8125,116.40625,115.71875,116.21875,278722
2024-05-07,2024-05-07T00:00:00Z,116.25,117.21875,116.125,116.6875,458632
2024-05-08,2024-05-08T00:00:00Z,116.78125,116.875,116.1875,116.34375,420661
2024-05-09,2024-05-09T00:00:00Z,116.25,116.8125,115.75,116.75,480244
2024-05-10,2024-05-10T00:00:00Z,116.65625,116.90625,115.9375,116.0625,313320
2024-05-13,2024-05-13T00:00:00Z,116.125,116.6875,116.125,116.375,290881
2024-05-14,2024-05-14T00:00:00Z,116.28125,116.875,115.65625,116.78125,380611
2024-05-15,2024-05-15T00:00:00Z,116.875,118.25,116.75,118.0625,541507
2024-05-16,2024-05-16T00:00:00Z,118.21875,118.71875,117.78125,117.90625,401678
2024-05-17,2024-05-17T00:00:00Z,117.9375,118.0625,117.21875,117.3125,276738
2024-05-20,2024-05-20T00:00:00Z,117.28125,117.5,116.78125,117.0625,306571
2024-05-21,2024-05-21T00:00:00Z,116.96875,117.59375,116.84375,117.34375,362333
2024-05-22,2024-05-22T00:00:00Z,117.34375,117.53125,116.75,117.28125,512132
2024-05-23,2024-05-23T00:00:00Z,117.46875,117.65625,116.46875,116.8125,947057
2024-05-24,2024-05-24T00:00:00Z,116.78125,117.03125,116.40625,116.8125,645816
2024-05-28,2024-05-28T00:00:00Z,116.96875,117.15625,115.625,115.78125,1243177
2024-05-29,2024-05-29T00:00:00Z,115.625,115.78125,114.34375,114.5625,606625
2024-05-30,2024-05-30T00:00:00Z,114.71875,115.59375,114.46875,115.4375,108147
2024-05-31,2024-05-31T00:00:00Z,115.46875,116.34375,115.21875,115.9375,17156
2024-06-03,2024-06-03T00:00:00Z,116.1875,117.625,116.1875,117.46875,4169
2024-06-04,2024-06-04T00:00:00Z,117.59375,118.6875,117.34375,118.40625,3161
2024-06-05,2024-06-05T00:00:00Z,118.40625,119.1875,118.15625,119.0625,4378
2024-06-06,2024-06-06T00:00:00Z,119.03125,119.34375,118.71875,119.25,221
2024-06-07,2024-06-07T00:00:00Z,119.15625,119.15625,117.375,117.40625,1376
2024-06-10,2024-06-10T00:00:00Z,116.90625,116.90625,116.6875,116.78125,247
2024-06-11,2024-06-11T00:00:00Z,117.0,117.59375,116.9375,117.59375,105
2024-06-12,2024-06-12T00:00:00Z,117.59375,119.4375,117.59375,119.0,982
2024-06-13,2024-06-13T00:00:00Z,118.65625,119.6875,118.65625,119.6875,2130
2024-06-14,2024-06-14T00:00:00Z,120.40625,120.40625,119.9375,120.28125,756
2024-06-17,2024-06-17T00:00:00Z,119.28125,119.65625,119.21875,119.46875,764
2024-06-18,2024-06-18T00:00:00Z,119.71875,120.0625,119.71875,120.0625,546236
2024-06-20,2024-06-20T00:00:00Z,120.375,120.5625,119.25,119.8125,478763
2024-06-21,2024-06-21T00:00:00Z,119.65625,120.34375,119.46875,119.78125,344715
2024-06-24,2024-06-24T00:00:00Z,119.71875,120.3125,119.5,120.0,331318
2024-06-25,2024-06-25T00:00:00Z,120.1875,120.625,119.84375,120.15625,375761
2024-06-26,2024-06-26T00:00:00Z,120.09375,120.09375,118.6875,118.9375,421020
2024-06-27,2024-06-27T00:00:00Z,118.75,119.46875,118.40625,119.3125,435015
2024-06-28,2024-06-28T00:00:00Z,119.3125,119.625,117.4375,118.3125,797426
2024-07-01,2024-07-01T00:00:00Z,117.3125,117.5625,115.9375,116.09375,641867
2024-07-02,2024-07-02T00:00:00Z,116.375,117.03125,116.28125,116.65625,491420
2024-07-03,2024-07-03T00:00:00Z,116.75,118.125,116.59375,118.0,406666
2024-07-05,2024-07-05T00:00:00Z,117.75,118.9375,117.0625,118.8125,456671
2024-07-08,2024-07-08T00:00:00Z,118.71875,119.03125,118.15625,119.0,323755
2024-07-09,2024-07-09T00:00:00Z,118.8125,118.9375,118.03125,118.4375,392622
2024-07-10,2024-07-10T00:00:00Z,118.5,118.96875,118.28125,118.75,408495
2024-07-11,2024-07-11T00:00:00Z,118.65625,120.34375,118.5,119.84375,568326
2024-07-12,2024-07-12T00:00:00Z,119.625,120.03125,119.1875,119.9375,380288
2024-07-15,2024-07-15T00:00:00Z,119.375,119.5625,118.71875,119.1875,464771
2024-07-16,2024-07-16T00:00:00Z,119.09375,120.375,119.09375,120.28125,463623
2024-07-17,2024-07-17T00:00:00Z,120.3125,120.53125,119.84375,120.53125,437952
2024-07-18,2024-07-18T00:00:00Z,120.3125,120.34375,119.59375,119.8125,406526
2024-07-19,2024-07-19T00:00:00Z,119.65625,119.90625,118.96875,119.125,326006
2024-07-22,2024-07-22T00:00:00Z,119.46875,119.75,118.46875,118.78125,402077
2024-07-23,2024-07-23T00:00:00Z,118.875,119.34375,118.78125,119.03125,361821
2024-07-24,2024-07-24T00:00:00Z,118.8125,119.28125,117.90625,118.03125,549179
2024-07-25,2024-07-25T00:00:00Z,118.0,119.40625,118.0,118.625,550373
2024-07-26,2024-07-26T00:00:00Z,118.78125,119.5625,118.375,119.34375,327349
2024-07-29,2024-07-29T00:00:00Z,119.375,120.15625,119.3125,119.65625,295288
2024-07-30,2024-07-30T00:00:00Z,119.71875,120.375,119.5,120.1875,345965
2024-07-31,2024-07-31T00:00:00Z,120.25,121.8125,119.96875,120.78125,625435
2024-08-01,2024-08-01T00:00:00Z,121.71875,122.8125,121.3125,122.53125,683934
2024-08-02,2024-08-02T00:00:00Z,122.46875,125.25,122.25,125.0625,826023
2024-08-05,2024-08-05T00:00:00Z,125.1875,126.84375,124.65625,125.40625,944974
2024-08-06,2024-08-06T00:00:00Z,125.34375,125.4375,123.40625,123.6875,614049
2024-08-07,2024-08-07T00:00:00Z,123.90625,123.90625,122.28125,122.4375,599582
2024-08-08,2024-08-08T00:00:00Z,122.625,123.375,121.53125,122.0,541204
2024-08-09,2024-08-09T00:00:00Z,122.0625,123.1875,122.0625,122.90625,293009
2024-08-12,2024-08-12T00:00:00Z,122.9375,123.46875,122.53125,123.3125,305486
2024-08-13,2024-08-13T00:00:00Z,123.3125,124.125,122.96875,124.0,364958
2024-08-14,2024-08-14T00:00:00Z,124.03125,124.78125,123.84375,124.59375,409506
2024-08-15,2024-08-15T00:00:00Z,124.4375,124.53125,122.65625,123.28125,443936
2024-08-16,2024-08-16T00:00:00Z,123.46875,124.125,123.28125,123.6875,338727
2024-08-19,2024-08-19T00:00:00Z,123.71875,124.40625,123.46875,124.1875,313746
2024-08-20,2024-08-20T00:00:00Z,124.09375,125.03125,123.84375,124.875,388401
2024-08-21,2024-08-21T00:00:00Z,124.96875,125.5625,124.53125,125.375,540232
2024-08-22,2024-08-22T00:00:00Z,124.9375,125.125,123.75,124.03125,839048
2024-08-23,2024-08-23T00:00:00Z,124.125,124.9375,124.0,124.59375,755104
2024-08-26,2024-08-26T00:00:00Z,124.71875,125.09375,124.3125,124.53125,1047448
2024-08-27,2024-08-27T00:00:00Z,124.5625,124.65625,123.625,124.15625,797912
2024-08-28,2024-08-28T00:00:00Z,124.3125,124.65625,123.90625,123.96875,389629
2024-08-29,2024-08-29T00:00:00Z,124.09375,124.4375,123.21875,123.59375,99139
2024-08-30,2024-08-30T00:00:00Z,123.75,123.9375,122.5,122.96875,11291
2024-09-03,2024-09-03T00:00:00Z,122.90625,124.28125,122.5,124.03125,2855
2024-09-04,2024-09-04T00:00:00Z,124.0625,125.21875,124.0625,125.03125,3143
2024-09-05,2024-09-05T00:00:00Z,125.09375,125.625,124.9375,125.53125,624
2024-09-06,2024-09-06T00:00:00Z,125.6875,126.625,125.25,125.78125,2259
2024-09-09,2024-09-09T00:00:00Z,125.65625,126.09375,125.125,126.0625,2259
2024-09-10,2024-09-10T00:00:00Z,125.75,126.78125,125.75,126.71875,159
2024-09-11,2024-09-11T00:00:00Z,126.625,127.21875,126.3125,126.625,1700
2024-09-12,2024-09-12T00:00:00Z,126.4375,126.78125,126.03125,126.1875,64
2024-09-13,2024-09-13T00:00:00Z,126.46875,126.59375,126.21875,126.59375,1060
2024-09-16,2024-09-16T00:00:00Z,126.5625,127.125,126.5625,127.03125,79
2024-09-17,2024-09-17T00:00:00Z,127.25,127.3125,126.75,126.84375,264
2024-09-18,2024-09-18T00:00:00Z,126.3125,126.875,125.96875,125.96875,91
2024-09-19,2024-09-19T00:00:00Z,125.5,125.6875,125.0,125.0,598032
2024-09-20,2024-09-20T00:00:00Z,125.5,125.71875,124.8125,125.25,425385
2024-09-23,2024-09-23T00:00:00Z,125.03125,125.3125,124.25,125.125,424085
2024-09-24,2024-09-24T00:00:00Z,124.9375,125.1875,123.90625,125.03125,470953
2024-09-25,2024-09-25T00:00:00Z,125.0625,125.1875,124.09375,124.28125,378913
2024-09-26,2024-09-26T00:00:00Z,124.21875,124.6875,123.71875,124.34375,462856
2024-09-27,2024-09-27T00:00:00Z,124.21875,125.0,124.03125,124.875,433440
2024-09-30,2024-09-30T00:00:00Z,124.8125,124.875,124.125,124.1875,605273
2024-10-01,2024-10-01T00:00:00Z,124.40625,125.78125,124.34375,125.0,569434
2024-10-02,2024-10-02T00:00:00Z,125.125,125.28125,123.625,124.28125,515149
2024-10-03,2024-10-03T00:00:00Z,124.28125,124.34375,123.3125,123.4375,397147
2024-10-04,2024-10-04T00:00:00Z,123.46875,123.6875,121.78125,121.96875,597754
2024-10-07,2024-10-07T00:00:00Z,121.9375,122.25,121.21875,121.3125,441169
2024-10-08,2024-10-08T00:00:00Z,121.3125,121.65625,120.75,121.125,370046
2024-10-09,2024-10-09T00:00:00Z,121.4375,121.5,120.53125,120.78125,397770
2024-10-10,2024-10-10T00:00:00Z,120.75,120.9375,119.875,120.1875,578507
2024-10-11,2024-10-11T00:00:00Z,120.65625,120.71875,119.71875,120.375,360146
2024-10-14,2024-10-14T00:00:00Z,120.0,120.125,119.4375,119.78125,144128
2024-10-15,2024-10-15T00:00:00Z,120.09375,121.21875,120.03125,121.0625,432661
2024-10-16,2024-10-16T00:00:00Z,121.03125,121.71875,120.96875,121.34375,381387
2024-10-17,2024-10-17T00:00:00Z,121.3125,121.375,119.9375,120.0,431225
2024-10-18,2024-10-18T00:00:00Z,120.09375,120.5,119.5625,120.25,379656
2024-10-21,2024-10-21T00:00:00Z,120.0625,120.1875,118.46875,118.6875,411276
2024-10-22,2024-10-22T00:00:00Z,118.5625,118.96875,118.0625,118.46875,484935
2024-10-23,2024-10-23T00:00:00Z,118.40625,118.46875,117.78125,118.03125,481960
2024-10-24,2024-10-24T00:00:00Z,118.03125,119.03125,117.90625,118.75,496729
2024-10-25,2024-10-25T00:00:00Z,118.625,119.15625,118.03125,118.28125,399365
2024-10-28,2024-10-28T00:00:00Z,118.05999755859375,118.12000274658203,117.0,117.65625,470694
2024-10-30,2024-10-30T00:00:00Z,117.30000305175781,118.27999877929688,117.16000366210938,118.0625,628297
2024-10-31,2024-10-31T00:00:00Z,117.59375,118.21875,117.1875,117.96875,838952
2024-11-01,2024-11-01T00:00:00Z,118.0,118.78125,116.5,116.8125,730910
2024-11-04,2024-11-04T00:00:00Z,117.28125,118.3125,117.28125,117.6875,479093
2024-11-05,2024-11-05T00:00:00Z,118.03125,118.375,117.15625,118.15625,407773
2024-11-06,2024-11-06T00:00:00Z,118.28125,118.65625,115.3125,116.25,1022368
2024-11-07,2024-11-07T00:00:00Z,116.125,117.25,115.6875,117.09375,574318
2024-11-08,2024-11-08T00:00:00Z,117.1875,118.34375,116.9375,117.84375,474348
2024-11-11,2024-11-11T00:00:00Z,117.84375,117.90625,117.21875,117.65625,178871
2024-11-12,2024-11-12T00:00:00Z,117.84375,118.15625,116.125,116.3125,564764
2024-11-13,2024-11-13T00:00:00Z,116.34375,117.34375,115.6875,115.84375,615293
2024-11-14,2024-11-14T00:00:00Z,115.96875,116.96875,115.46875,116.5625,595796
2024-11-15,2024-11-15T00:00:00Z,116.375,116.65625,115.34375,116.3125,605809
2024-11-18,2024-11-18T00:00:00Z,116.09375,116.625,115.28125,116.3125,463136
2024-11-19,2024-11-19T00:00:00Z,116.28125,117.40625,116.25,116.90625,527957
2024-11-20,2024-11-20T00:00:00Z,116.65625,116.90625,116.09375,116.5625,605400
2024-11-21,2024-11-21T00:00:00Z,116.46875,116.90625,116.0,116.125,864071
2024-11-22,2024-11-22T00:00:00Z,116.3125,116.84375,116.0625,116.28125,1017735
2024-11-25,2024-11-25T00:00:00Z,117.03125,118.34375,116.84375,118.28125,1277984
2024-11-26,2024-11-26T00:00:00Z,118.0625,118.25,117.5,117.875,657099
2024-11-27,2024-11-27T00:00:00Z,117.90625,118.90625,117.8125,118.625,259383
2024-11-29,2024-11-29T00:00:00Z,118.53125,119.34375,118.25,119.28125,22610
2024-12-02,2024-12-02T00:00:00Z,119.21875,119.71875,118.71875,119.4375,16779
2024-12-03,2024-12-03T00:00:00Z,119.34375,119.65625,118.71875,118.96875,2389
2024-12-04,2024-12-04T00:00:00Z,118.75,119.65625,118.15625,119.5625,1037
2024-12-05,2024-12-05T00:00:00Z,119.1875,119.65625,119.125,119.65625,1112
2024-12-06,2024-12-06T00:00:00Z,119.9375,120.46875,119.6875,119.9375,5882
2024-12-09,2024-12-09T00:00:00Z,120.125,120.125,119.15625,119.15625,121
2024-12-10,2024-12-10T00:00:00Z,119.09375,119.09375,118.5625,118.84375,95
2024-12-11,2024-12-11T00:00:00Z,118.625,118.75,118.0,118.0,36
2024-12-12,2024-12-12T00:00:00Z,117.5625,117.5625,117.15625,117.15625,2435
2024-12-13,2024-12-13T00:00:00Z,117.21875,117.28125,116.0625,116.15625,2509
2024-12-16,2024-12-16T00:00:00Z,116.28125,116.59375,116.125,116.125,123
2024-12-17,2024-12-17T00:00:00Z,116.3125,116.34375,116.28125,116.34375,107
2024-12-18,2024-12-18T00:00:00Z,116.40625,116.40625,115.03125,115.03125,1790
2024-12-19,2024-12-19T00:00:00Z,114.1875,114.1875,113.75,113.75,686071
2024-12-20,2024-12-20T00:00:00Z,114.0625,115.03125,114.0,114.5,411294
2024-12-23,2024-12-23T00:00:00Z,114.5,114.59375,113.5625,113.5625,252996
2024-12-24,2024-12-24T00:00:00Z,113.75,113.9375,113.1875,113.875,173624
2024-12-26,2024-12-26T00:00:00Z,113.78125,114.0625,113.09375,113.9375,184610
2024-12-27,2024-12-27T00:00:00Z,113.8125,114.03125,113.0625,113.28125,236862
2024-12-30,2024-12-30T00:00:00Z,113.1875,114.28125,113.0625,114.09375,254060
2024-12-31,2024-12-31T00:00:00Z,114.28125,114.71875,113.59375,113.84375,327028
2025-01-02,2025-01-02T00:00:00Z,113.75,114.59375,113.34375,113.75,338509
2025-01-03,2025-01-03T00:00:00Z,114.03125,114.34375,113.4375,113.53125,260850
2025-01-06,2025-01-06T00:00:00Z,113.46875,113.75,112.8125,113.125,437876
2025-01-07,2025-01-07T00:00:00Z,112.96875,113.28125,111.96875,112.15625,510639
2025-01-08,2025-01-08T00:00:00Z,112.15625,112.40625,111.4375,111.96875,590880
2025-01-09,2025-01-09T00:00:00Z,111.9375,112.6875,111.9375,112.125,267830
2025-01-10,2025-01-10T00:00:00Z,112.03125,112.21875,110.875,111.21875,595586
2025-01-13,2025-01-13T00:00:00Z,111.34375,111.46875,110.78125,110.84375,386844
2025-01-14,2025-01-14T00:00:00Z,111.15625,111.5,110.59375,110.90625,378968
2025-01-15,2025-01-15T00:00:00Z,110.9375,112.9375,110.9375,112.53125,569655
2025-01-16,2025-01-16T00:00:00Z,112.4375,113.28125,112.0625,113.0,510949
2025-01-17,2025-01-17T00:00:00Z,112.875,113.625,112.8125,113.09375,394061
2025-01-21,2025-01-21T00:00:00Z,112.90625,114.09375,112.5,113.65625,465106
2025-01-22,2025-01-22T00:00:00Z,113.5,113.9375,113.1875,113.4375,390389
2025-01-23,2025-01-23T00:00:00Z,113.25,113.5,112.53125,112.875,449194
2025-01-24,2025-01-24T00:00:00Z,112.8125,113.28125,112.53125,113.1875,375840
2025-01-27,2025-01-27T00:00:00Z,113.21875,114.78125,113.21875,114.375,567730
2025-01-28,2025-01-28T00:00:00Z,114.28125,114.34375,113.71875,114.09375,327708
2025-01-29,2025-01-29T00:00:00Z,114.25,114.6875,113.625,114.09375,434928
2025-01-30,2025-01-30T00:00:00Z,114.375,115.03125,114.21875,114.65625,431239
2025-01-31,2025-01-31T00:00:00Z,114.65625,114.84375,113.65625,113.90625,603118
2025-02-03,2025-02-03T00:00:00Z,114.0,115.46875,113.875,114.375,746300
2025-02-04,2025-02-04T00:00:00Z,114.0625,114.8125,113.5625,114.75,466848
2025-02-05,2025-02-05T00:00:00Z,114.71875,116.40625,114.5,116.15625,614368
2025-02-06,2025-02-06T00:00:00Z,116.21875,116.4375,115.75,116.09375,605103
2025-02-07,2025-02-07T00:00:00Z,116.1875,117.03125,115.21875,115.53125,540799
2025-02-10,2025-02-10T00:00:00Z,115.5,115.90625,115.21875,115.40625,338874
2025-02-11,2025-02-11T00:00:00Z,115.375,115.5625,114.6875,114.78125,324641
2025-02-12,2025-02-12T00:00:00Z,114.8125,115.1875,113.125,113.40625,603616
2025-02-13,2025-02-13T00:00:00Z,113.5,115.09375,113.46875,115.0,613984
2025-02-14,2025-02-14T00:00:00Z,114.84375,115.9375,114.59375,115.53125,391498
2025-02-18,2025-02-18T00:00:00Z,115.46875,115.59375,114.40625,114.65625,490498
2025-02-19,2025-02-19T00:00:00Z,114.5,114.78125,114.125,114.625,538580
2025-02-20,2025-02-20T00:00:00Z,114.625,115.15625,114.5625,115.03125,550376
2025-02-21,2025-02-21T00:00:00Z,114.875,116.3125,114.84375,116.09375,967447
2025-02-24,2025-02-24T00:00:00Z,115.9375,116.5,115.5625,116.34375,1186807
2025-02-25,2025-02-25T00:00:00Z,116.21875,117.84375,116.1875,117.65625,1510671
2025-02-26,2025-02-26T00:00:00Z,117.625,118.3125,117.15625,118.28125,598099
2025-02-27,2025-02-27T00:00:00Z,118.21875,118.3125,117.4375,117.71875,146479
2025-02-28,2025-02-28T00:00:00Z,117.96875,118.8125,117.78125,118.3125,61326
2025-03-03,2025-03-03T00:00:00Z,118.3125,119.375,117.875,119.03125,58137
2025-03-04,2025-03-04T00:00:00Z,119.34375,119.75,118.03125,118.4375,36995
2025-03-05,2025-03-05T00:00:00Z,117.90625,118.65625,117.4375,117.75,46048
2025-03-06,2025-03-06T00:00:00Z,117.25,117.53125,116.65625,117.34375,68929
2025-03-07,2025-03-07T00:00:00Z,117.40625,118.125,116.84375,116.90625,9162
2025-03-10,2025-03-10T00:00:00Z,117.3125,118.3125,117.28125,118.15625,5049
2025-03-11,2025-03-11T00:00:00Z,118.3125,118.5,117.1875,117.1875,1031
2025-03-12,2025-03-12T00:00:00Z,117.34375,117.40625,116.78125,116.8125,189
2025-03-13,2025-03-13T00:00:00Z,116.5,117.4375,116.5,117.4375,238
2025-03-14,2025-03-14T00:00:00Z,117.4375,117.4375,116.8125,117.03125,108
2025-03-17,2025-03-17T00:00:00Z,117.5,117.71875,117.25,117.25,780
2025-03-18,2025-03-18T00:00:00Z,116.875,117.625,116.875,117.53125,6672
2025-03-19,2025-03-19T00:00:00Z,117.46875,117.96875,117.15625,117.78125,5214
2025-03-20,2025-03-20T00:00:00Z,118.1875,118.5625,118.125,118.15625,431231
2025-03-21,2025-03-21T00:00:00Z,117.6875,118.1875,117.34375,117.375,412738
2025-03-24,2025-03-24T00:00:00Z,117.375,117.4375,116.28125,116.40625,333016
2025-03-25,2025-03-25T00:00:00Z,116.34375,116.78125,115.84375,116.59375,353747
2025-03-26,2025-03-26T00:00:00Z,116.5,116.5,115.8125,116.15625,396956
2025-03-27,2025-03-27T00:00:00Z,116.0,116.25,115.25,115.65625,409291
2025-03-28,2025-03-28T00:00:00Z,115.6875,117.1875,115.65625,117.09375,475786
2025-03-31,2025-03-31T00:00:00Z,117.28125,118.0625,117.09375,117.28125,660014
2025-04-01,2025-04-01T00:00:00Z,117.84375,118.90625,117.65625,118.59375,555045
2025-04-02,2025-04-02T00:00:00Z,118.375,119.28125,117.59375,118.0,605171
2025-04-03,2025-04-03T00:00:00Z,119.15625,120.15625,119.09375,119.40625,843269
2025-04-04,2025-04-04T00:00:00Z,119.625,121.84375,119.4375,120.59375,1192319
2025-04-07,2025-04-07T00:00:00Z,121.21875,122.15625,116.75,117.625,1472527
2025-04-08,2025-04-08T00:00:00Z,117.1875,118.0,114.96875,115.75,1035663
2025-04-09,2025-04-09T00:00:00Z,115.0,115.71875,111.53125,114.53125,1459412
2025-04-10,2025-04-10T00:00:00Z,115.21875,116.34375,113.5,113.875,839452
2025-04-11,2025-04-11T00:00:00Z,113.6875,114.125,111.65625,113.1875,817775
2025-04-14,2025-04-14T00:00:00Z,113.34375,114.5625,112.5,114.5,442548
2025-04-15,2025-04-15T00:00:00Z,114.3125,115.03125,113.75,114.84375,397324
2025-04-16,2025-04-16T00:00:00Z,114.75,115.46875,114.375,115.28125,436891
2025-04-17,2025-04-17T00:00:00Z,115.34375,115.4375,114.25,114.5625,308975
2025-04-21,2025-04-21T00:00:00Z,114.3125,114.40625,112.84375,113.03125,426535
2025-04-22,2025-04-22T00:00:00Z,113.09375,113.90625,112.71875,113.59375,385988
2025-04-23,2025-04-23T00:00:00Z,114.0625,115.96875,113.90625,114.15625,685331
2025-04-24,2025-04-24T00:00:00Z,114.3125,115.25,114.25,115.1875,333365
2025-04-25,2025-04-25T00:00:00Z,115.03125,116.28125,114.875,115.8125,341986
2025-04-28,2025-04-28T00:00:00Z,116.09375,116.53125,115.4375,116.375,323496
2025-04-29,2025-04-29T00:00:00Z,116.40625,117.1875,115.9375,117.0625,292123
2025-04-30,2025-04-30T00:00:00Z,116.96875,117.65625,116.0625,116.625,662443
2025-05-01,2025-05-01T00:00:00Z,116.5625,117.21875,115.75,115.875,353634
2025-05-02,2025-05-02T00:00:00Z,116.03125,116.4375,114.75,114.90625,386194
2025-05-05,2025-05-05T00:00:00Z,115.03125,115.34375,114.125,114.5,300705
2025-05-06,2025-05-06T00:00:00Z,114.4375,114.96875,113.96875,114.75,363637
2025-05-07,2025-05-07T00:00:00Z,115.0,115.59375,114.5625,115.375,304864
2025-05-08,2025-05-08T00:00:00Z,115.375,115.46875,114.0625,114.40625,408614
2025-05-09,2025-05-09T00:00:00Z,114.15625,114.59375,113.78125,114.34375,283069
2025-05-12,2025-05-12T00:00:00Z,114.0625,114.15625,113.21875,113.5,461856
2025-05-13,2025-05-13T00:00:00Z,113.3125,113.71875,112.59375,112.6875,438472
2025-05-14,2025-05-14T00:00:00Z,113.15625,113.34375,112.1875,112.375,398547
2025-05-15,2025-05-15T00:00:00Z,112.3125,113.53125,111.90625,113.0625,443184
2025-05-16,2025-05-16T00:00:00Z,113.4375,114.03125,112.53125,113.375,339777
2025-05-19,2025-05-19T00:00:00Z,112.5625,113.28125,111.46875,112.78125,599843
2025-05-20,2025-05-20T00:00:00Z,113.21875,113.53125,112.03125,112.5625,525337
2025-05-21,2025-05-21T00:00:00Z,112.46875,112.71875,110.75,110.78125,936632
2025-05-22,2025-05-22T00:00:00Z,110.75,111.5,110.03125,111.1875,1200398
2025-05-23,2025-05-23T00:00:00Z,111.4375,112.5,111.25,111.65625,943898
2025-05-27,2025-05-27T00:00:00Z,111.59375,113.0,110.9375,112.90625,1222270
2025-05-28,2025-05-28T00:00:00Z,112.71875,112.9375,111.96875,112.34375,406284
2025-05-29,2025-05-29T00:00:00Z,112.3125,113.3125,111.5625,113.1875,81156
2025-05-30,2025-05-30T00:00:00Z,113.15625,113.5625,112.875,113.1875,17613
2025-06-02,2025-06-02T00:00:00Z,113.375,113.40625,112.3125,112.375,8019
2025-06-03,2025-06-03T00:00:00Z,112.6875,113.21875,112.4375,112.625,16414
2025-06-04,2025-06-04T00:00:00Z,112.65625,114.28125,112.53125,114.0625,4991
2025-06-05,2025-06-05T00:00:00Z,114.0,114.53125,113.84375,113.96875,0
2025-06-06,2025-06-06T00:00:00Z,113.96875,113.96875,112.59375,112.65625,1054
2025-06-09,2025-06-09T00:00:00Z,112.90625,112.96875,112.4375,112.875,1265
2025-06-10,2025-06-10T00:00:00Z,112.9375,113.4375,112.9375,113.09375,1371
2025-06-11,2025-06-11T00:00:00Z,113.0,113.8125,112.9375,113.78125,1378
2025-06-12,2025-06-12T00:00:00Z,114.21875,114.84375,114.21875,114.78125,88
2025-06-13,2025-06-13T00:00:00Z,115.28125,115.4375,113.75,113.75,715
2025-06-16,2025-06-16T00:00:00Z,113.375,113.875,113.125,113.125,712
2025-06-17,2025-06-17T00:00:00Z,113.40625,114.09375,113.40625,114.09375,415
2025-06-18,2025-06-18T00:00:00Z,114.53125,114.75,114.15625,114.5625,0
2025-06-20,2025-06-20T00:00:00Z,113.59375,114.0,112.90625,113.78125,339080
2025-06-23,2025-06-23T00:00:00Z,114.0,114.71875,113.25,114.34375,389700
2025-06-24,2025-06-24T00:00:00Z,114.03125,114.8125,113.5625,114.71875,430423
2025-06-25,2025-06-25T00:00:00Z,114.625,115.0,114.03125,114.5625,319722
2025-06-26,2025-06-26T00:00:00Z,114.59375,115.1875,114.4375,114.9375,368579
2025-06-27,2025-06-27T00:00:00Z,115.09375,115.28125,114.34375,114.46875,424439
2025-06-30,2025-06-30T00:00:00Z,114.46875,115.53125,114.1875,115.46875,598080
2025-07-01,2025-07-01T00:00:00Z,115.4375,116.09375,114.9375,115.375,422944
2025-07-02,2025-07-02T00:00:00Z,115.59375,115.59375,114.40625,114.6875,382014
2025-07-03,2025-07-03T00:00:00Z,114.84375,115.34375,113.96875,114.25,0
2025-07-04,2025-07-04T00:00:00Z,114.28125,114.6875,114.15625,114.28125,0
2025-07-07,2025-07-07T00:00:00Z,114.21875,114.40625,113.125,113.21875,420457
2025-07-08,2025-07-08T00:00:00Z,113.5,113.53125,112.65625,113.03125,314181
2025-07-09,2025-07-09T00:00:00Z,113.25,114.1875,112.96875,114.0625,351928
2025-07-10,2025-07-10T00:00:00Z,114.15625,114.40625,113.71875,114.25,315205
2025-07-11,2025-07-11T00:00:00Z,114.09375,114.34375,112.8125,112.90625,321934
2025-07-14,2025-07-14T00:00:00Z,113.0,113.09375,112.46875,112.75,336023
2025-07-15,2025-07-15T00:00:00Z,112.625,113.3125,111.9375,111.96875,449358
2025-07-16,2025-07-16T00:00:00Z,112.0625,112.71875,111.34375,112.15625,654866
2025-07-17,2025-07-17T00:00:00Z,112.125,112.59375,111.65625,112.125,341042
2025-07-18,2025-07-18T00:00:00Z,112.21875,112.65625,112.1875,112.4375,229420
2025-07-21,2025-07-21T00:00:00Z,112.625,113.78125,112.40625,113.4375,343641
2025-07-22,2025-07-22T00:00:00Z,113.3125,114.0625,113.0,113.96875,328448
2025-07-23,2025-07-23T00:00:00Z,113.75,113.78125,113.09375,113.34375,349610
2025-07-24,2025-07-24T00:00:00Z,113.46875,113.53125,112.65625,113.28125,331859
2025-07-25,2025-07-25T00:00:00Z,113.40625,113.71875,112.9375,113.59375,289262
2025-07-28,2025-07-28T00:00:00Z,113.4375,113.9375,113.09375,113.15625,300610
2025-07-29,2025-07-29T00:00:00Z,113.1875,114.6875,113.09375,114.53125,525170
2025-07-30,2025-07-30T00:00:00Z,114.625,114.78125,113.78125,113.875,470441
2025-07-31,2025-07-31T00:00:00Z,113.9375,114.625,113.90625,114.1875,488362
2025-08-01,2025-08-01T00:00:00Z,114.0,115.84375,113.3125,115.6875,591565
2025-08-04,2025-08-04T00:00:00Z,115.59375,116.0,115.0,115.90625,387123
2025-08-05,2025-08-05T00:00:00Z,115.90625,116.21875,115.5625,116.125,365121
2025-08-06,2025-08-06T00:00:00Z,115.875,115.96875,114.34375,115.5625,483437
2025-08-07,2025-08-07T00:00:00Z,115.4375,115.90625,115.28125,115.53125,374689
2025-08-08,2025-08-08T00:00:00Z,115.4375,115.5625,114.84375,115.0,264710
2025-08-11,2025-08-11T00:00:00Z,115.0,115.46875,114.96875,115.15625,215981
2025-08-12,2025-08-12T00:00:00Z,115.03125,115.65625,114.3125,114.65625,410549
2025-08-13,2025-08-13T00:00:00Z,114.6875,115.65625,114.5625,115.5,303407
2025-08-14,2025-08-14T00:00:00Z,115.5,115.96875,114.625,114.65625,367143
2025-08-15,2025-08-15T00:00:00Z,114.75,115.03125,113.9375,114.0,357347
2025-08-18,2025-08-18T00:00:00Z,114.09375,114.5625,113.59375,113.78125,301197
2025-08-19,2025-08-19T00:00:00Z,113.90625,114.40625,113.65625,114.34375,369664
2025-08-20,2025-08-20T00:00:00Z,114.25,114.71875,114.0,114.40625,480805
2025-08-21,2025-08-21T00:00:00Z,114.5,114.59375,113.75,114.0625,566169
2025-08-22,2025-08-22T00:00:00Z,114.1875,115.125,113.90625,114.84375,870258
2025-08-25,2025-08-25T00:00:00Z,114.90625,115.0,114.3125,114.71875,1026850
2025-08-26,2025-08-26T00:00:00Z,114.6875,114.8125,113.90625,114.59375,731834
2025-08-27,2025-08-27T00:00:00Z,114.40625,114.65625,113.875,114.625,335892
2025-08-28,2025-08-28T00:00:00Z,114.53125,115.25,114.53125,115.1875,109217
2025-08-29,2025-08-29T00:00:00Z,115.21875,115.21875,114.4375,114.65625,0
2025-09-02,2025-09-02T00:00:00Z,114.65625,114.65625,113.5,113.875,10342
2025-09-03,2025-09-03T00:00:00Z,114.0,115.09375,113.5,115.0,5528
2025-09-04,2025-09-04T00:00:00Z,114.9375,115.65625,114.90625,115.34375,2872
2025-09-05,2025-09-05T00:00:00Z,115.71875,116.9375,115.59375,116.90625,782
2025-09-08,2025-09-08T00:00:00Z,116.9375,117.90625,116.78125,117.90625,7777
2025-09-09,2025-09-09T00:00:00Z,117.53125,117.8125,117.40625,117.5625,604
2025-09-10,2025-09-10T00:00:00Z,117.375,118.3125,117.28125,118.125,6373
2025-09-11,2025-09-11T00:00:00Z,117.875,118.59375,117.71875,118.40625,552
2025-09-12,2025-09-12T00:00:00Z,118.25,118.25,117.5,117.84375,76
2025-09-15,2025-09-15T00:00:00Z,117.625,118.34375,117.625,118.28125,1034
2025-09-16,2025-09-16T00:00:00Z,118.4375,118.46875,117.96875,118.40625,352
2025-09-17,2025-09-17T00:00:00Z,118.71875,118.90625,117.71875,117.90625,6122
2025-09-18,2025-09-18T00:00:00Z,117.625,118.1875,117.0,117.28125,1017
2025-09-19,2025-09-19T00:00:00Z,117.0,117.0,116.625,116.78125,307838
2025-09-22,2025-09-22T00:00:00Z,116.4375,116.59375,116.03125,116.25,356403
2025-09-23,2025-09-23T00:00:00Z,116.1875,116.84375,116.15625,116.59375,378611
2025-09-24,2025-09-24T00:00:00Z,116.84375,116.9375,116.15625,116.3125,370654
2025-09-25,2025-09-25T00:00:00Z,116.34375,116.53125,115.75,116.21875,427690
2025-09-26,2025-09-26T00:00:00Z,116.34375,116.65625,115.875,116.03125,397850
2025-09-29,2025-09-29T00:00:00Z,116.09375,116.9375,116.09375,116.84375,279970
2025-09-30,2025-09-30T00:00:00Z,116.84375,117.21875,116.46875,116.59375,571823
2025-10-01,2025-10-01T00:00:00Z,116.59375,117.375,116.21875,116.96875,467654
2025-10-02,2025-10-02T00:00:00Z,117.03125,117.40625,116.71875,117.28125,347376
2025-10-03,2025-10-03T00:00:00Z,117.28125,117.5,116.84375,116.9375,327423
2025-10-06,2025-10-06T00:00:00Z,116.78125,116.8125,116.15625,116.25,391042
2025-10-07,2025-10-07T00:00:00Z,116.40625,117.0,116.03125,116.78125,360341
2025-10-08,2025-10-08T00:00:00Z,116.8125,117.40625,116.625,116.8125,409594
2025-10-09,2025-10-09T00:00:00Z,117.0,117.1875,116.5,116.625,381059
2025-10-10,2025-10-10T00:00:00Z,116.71875,118.34375,116.6875,118.0625,593163
2025-10-13,2025-10-13T00:00:00Z,117.875,118.0,117.34375,117.9375,593163
2025-10-14,2025-10-14T00:00:00Z,118.0,118.78125,117.71875,118.28125,502735
2025-10-15,2025-10-15T00:00:00Z,118.125,118.75,117.875,117.96875,414989
2025-10-16,2025-10-16T00:00:00Z,118.125,118.9375,117.84375,118.84375,555449
2025-10-17,2025-10-17T00:00:00Z,118.8125,119.34375,118.25,118.46875,442337
2025-10-20,2025-10-20T00:00:00Z,118.34375,118.90625,118.1875,118.78125,321400
2025-10-21,2025-10-21T00:00:00Z,118.875,119.46875,118.78125,119.1875,350038
2025-10-22,2025-10-22T00:00:00Z,119.3125,119.59375,119.03125,119.28125,436793
2025-10-23,2025-10-23T00:00:00Z,119.34375,119.40625,118.5,118.84375,419780
2025-10-24,2025-10-24T00:00:00Z,118.65625,119.21875,118.34375,118.59375,400416
2025-10-27,2025-10-27T00:00:00Z,118.15625,119.0,117.84375,118.78125,367479
2025-10-28,2025-10-28T00:00:00Z,119.03125,119.25,118.78125,119.0625,325403
2025-10-29,2025-10-29T00:00:00Z,119.09375,119.1875,117.875,118.21875,415476
2025-10-30,2025-10-30T00:00:00Z,118.0,118.09375,117.28125,117.59375,511756
2025-10-31,2025-10-31T00:00:00Z,117.5,117.6875,117.15625,117.3125,464567
2025-11-03,2025-11-03T00:00:00Z,117.34375,117.5625,116.90625,117.15625,0
2025-11-04,2025-11-04T00:00:00Z,117.09375,117.5625,117.03125,117.40625,290641
2025-11-05,2025-11-05T00:00:00Z,117.40625,117.875,116.34375,116.4375,556027
2025-11-06,2025-11-06T00:00:00Z,116.40625,117.4375,116.375,117.21875,405927
2025-11-07,2025-11-07T00:00:00Z,117.34375,117.4375,116.8125,117.0625,390853
2025-11-10,2025-11-10T00:00:00Z,116.78125,117.1875,116.3125,117.0,368735
2025-11-11,2025-11-11T00:00:00Z,116.90625,117.59375,116.75,117.5,148309
2025-11-12,2025-11-12T00:00:00Z,117.46875,117.84375,117.15625,117.625,417338
2025-11-13,2025-11-13T00:00:00Z,117.5,117.71875,116.90625,117.09375,490007
2025-11-14,2025-11-14T00:00:00Z,116.96875,117.71875,116.4375,116.5,573376
2025-11-17,2025-11-17T00:00:00Z,116.4375,117.0,116.3125,116.71875,491393
2025-11-18,2025-11-18T00:00:00Z,116.59375,117.25,116.46875,116.71875,523617
2025-11-19,2025-11-19T00:00:00Z,116.84375,117.0625,116.4375,116.59375,505416
2025-11-20,2025-11-20T00:00:00Z,116.5,117.15625,116.1875,116.90625,1038103
2025-11-21,2025-11-21T00:00:00Z,117.0625,117.6875,116.875,117.21875,1349386
2025-11-24,2025-11-24T00:00:00Z,117.1875,117.78125,117.15625,117.71875,1014235
2025-11-25,2025-11-25T00:00:00Z,117.75,118.4375,117.5625,118.09375,626731
2025-11-26,2025-11-26T00:00:00Z,118.21875,118.3125,117.53125,118.21875,192371
2025-11-28,2025-11-28T00:00:00Z,118.25,118.3125,117.625,117.875,6163
2025-12-01,2025-12-01T00:00:00Z,117.875,117.875,116.65625,116.71875,19949
2025-12-02,2025-12-02T00:00:00Z,116.8125,116.875,116.4375,116.84375,7156
2025-12-03,2025-12-03T00:00:00Z,116.75,117.25,116.75,117.21875,9308
2025-12-04,2025-12-04T00:00:00Z,116.875,116.875,116.53125,116.5625,11255
2025-12-05,2025-12-05T00:00:00Z,116.6875,116.6875,116.09375,116.125,11849
2025-12-08,2025-12-08T00:00:00Z,116.03125,116.34375,115.53125,115.65625,755
2025-12-09,2025-12-09T00:00:00Z,115.9375,115.9375,115.6875,115.75,5487
2025-12-10,2025-12-10T00:00:00Z,116.09375,116.28125,115.90625,115.9375,2382
2025-12-11,2025-12-11T00:00:00Z,116.46875,116.6875,115.96875,116.1875,3975
2025-12-12,2025-12-12T00:00:00Z,116.125,116.125,115.28125,115.28125,3529
2025-12-15,2025-12-15T00:00:00Z,115.53125,115.59375,115.4375,115.46875,1087
2025-12-16,2025-12-16T00:00:00Z,115.625,115.96875,115.1875,115.96875,1055
2025-12-17,2025-12-17T00:00:00Z,115.53125,115.90625,115.53125,115.84375,338
2025-12-18,2025-12-18T00:00:00Z,116.46875,116.46875,116.28125,116.3125,145
2025-12-19,2025-12-19T00:00:00Z,115.78125,116.1875,115.78125,115.9375,272458
2025-12-22,2025-12-22T00:00:00Z,115.34375,115.34375,114.96875,115.125,215486
2025-12-23,2025-12-23T00:00:00Z,115.21875,115.625,114.75,115.28125,322970
2025-12-24,2025-12-24T00:00:00Z,115.3125,115.8125,115.21875,115.78125,165448
2025-12-26,2025-12-26T00:00:00Z,115.71875,116.0625,115.40625,115.53125,214209
2025-12-29,2025-12-29T00:00:00Z,115.59375,116.125,115.4375,115.875,263345
2025-12-30,2025-12-30T00:00:00Z,115.96875,116.09375,115.5,115.8125,341652
2025-12-31,2025-12-31T00:00:00Z,115.90625,116.25,115.125,115.59375,386355
2026-01-02,2026-01-02T00:00:00Z,115.25,115.5625,114.875,115.0625,379411
2026-01-05,2026-01-05T00:00:00Z,115.0,115.59375,114.875,115.3125,461753
2026-01-06,2026-01-06T00:00:00Z,115.34375,115.40625,114.8125,115.15625,494632
2026-01-07,2026-01-07T00:00:00Z,115.15625,116.03125,115.125,115.90625,582820
2026-01-08,2026-01-08T00:00:00Z,115.71875,115.9375,115.28125,115.375,493170
2026-01-09,2026-01-09T00:00:00Z,115.6875,115.90625,115.03125,115.78125,668351
2026-01-12,2026-01-12T00:00:00Z,115.75,115.96875,115.15625,115.625,609194
2026-01-13,2026-01-13T00:00:00Z,115.71875,116.0,115.375,115.8125,496579
2026-01-14,2026-01-14T00:00:00Z,115.6875,116.46875,115.59375,116.3125,512194
2026-01-15,2026-01-15T00:00:00Z,116.40625,116.59375,116.09375,116.3125,486871
2026-01-16,2026-01-16T00:00:00Z,116.125,116.25,115.375,115.4375,560629
2026-01-20,2026-01-20T00:00:00Z,115.65625,115.71875,113.875,114.25,983559
2026-01-21,2026-01-21T00:00:00Z,114.1875,115.125,114.0,114.96875,753316
2026-01-22,2026-01-22T00:00:00Z,115.0625,115.34375,114.6875,115.1875,519208
2026-01-23,2026-01-23T00:00:00Z,115.28125,115.65625,115.0,115.34375,491467
2026-01-26,2026-01-26T00:00:00Z,115.625,116.03125,115.5625,115.84375,414012
2026-01-27,2026-01-27T00:00:00Z,115.78125,115.84375,115.0,115.53125,452489
2026-01-28,2026-01-28T00:00:00Z,115.0625,115.375,114.75,115.09375,485010
2026-01-29,2026-01-29T00:00:00Z,115.125,115.28125,114.5625,115.21875,586117
2026-01-30,2026-01-30T00:00:00Z,115.15625,115.1875,114.375,115.125,736190
2026-02-02,2026-02-02T00:00:00Z,114.9375,115.46875,114.4375,114.625,545568
2026-02-03,2026-02-03T00:00:00Z,114.46875,114.8125,114.21875,114.59375,499902
2026-02-04,2026-02-04T00:00:00Z,114.71875,114.84375,114.34375,114.53125,523829
2026-02-05,2026-02-05T00:00:00Z,114.5,115.75,114.375,115.375,630273
2026-02-06,2026-02-06T00:00:00Z,115.75,116.09375,115.21875,115.5,437339
2026-02-09,2026-02-09T00:00:00Z,115.3125,115.65625,114.84375,115.5625,444174
2026-02-10,2026-02-10T00:00:00Z,115.46875,116.625,115.40625,116.46875,524069
2026-02-11,2026-02-11T00:00:00Z,116.46875,116.78125,115.71875,116.09375,644566
2026-02-12,2026-02-12T00:00:00Z,116.15625,117.34375,116.0,117.28125,595876
2026-02-13,2026-02-13T00:00:00Z,117.1875,117.9375,116.9375,117.78125,609197
2026-02-17,2026-02-17T00:00:00Z,117.8125,118.375,117.65625,118.0,662088
2026-02-18,2026-02-18T00:00:00Z,117.875,118.09375,117.5,117.625,579826
2026-02-19,2026-02-19T00:00:00Z,117.59375,117.75,117.25,117.65625,536950
2026-02-20,2026-02-20T00:00:00Z,117.71875,117.9375,117.03125,117.40625,823359
2026-02-23,2026-02-23T00:00:00Z,117.40625,118.15625,117.1875,118.0,1423464
2026-02-24,2026-02-24T00:00:00Z,117.90625,118.15625,117.71875,118.03125,1088703
2026-02-25,2026-02-25T00:00:00Z,118.0625,118.15625,117.65625,117.90625,538846
2026-02-26,2026-02-26T00:00:00Z,117.875,118.40625,117.78125,118.28125,132826
2026-02-27,2026-02-27T00:00:00Z,118.40625,119.09375,118.375,118.875,25659
2026-03-02,2026-03-02T00:00:00Z,119.375,119.59375,117.65625,117.84375,20837
2026-03-03,2026-03-03T00:00:00Z,118.03125,118.0625,116.96875,117.6875,16313
2026-03-04,2026-03-04T00:00:00Z,117.65625,117.65625,117.1875,117.46875,2954
2026-03-05,2026-03-05T00:00:00Z,117.21875,117.21875,116.5625,116.625,8923
2026-03-06,2026-03-06T00:00:00Z,116.625,116.96875,115.875,116.59375,5075
2026-03-09,2026-03-09T00:00:00Z,116.0,117.21875,115.53125,116.6875,27622
2026-03-10,2026-03-10T00:00:00Z,117.15625,117.15625,116.21875,116.53125,3895
2026-03-11,2026-03-11T00:00:00Z,116.1875,116.28125,115.0,115.21875,4615
2026-03-12,2026-03-12T00:00:00Z,114.6875,115.03125,114.59375,114.59375,511
2026-03-13,2026-03-13T00:00:00Z,114.5,114.75,114.09375,114.1875,181
2026-03-16,2026-03-16T00:00:00Z,114.375,115.09375,114.375,115.09375,4187
2026-03-17,2026-03-17T00:00:00Z,114.9375,115.4375,114.71875,115.3125,11944
2026-03-18,2026-03-18T00:00:00Z,115.71875,115.71875,114.625,114.71875,1515
2026-03-19,2026-03-19T00:00:00Z,114.5625,114.9375,114.25,114.8125,22
2026-03-20,2026-03-20T00:00:00Z,114.125,114.125,113.21875,113.3125,799888
2026-03-23,2026-03-23T00:00:00Z,112.0,113.5,111.78125,113.1875,969896
2026-03-24,2026-03-24T00:00:00Z,113.09375,113.28125,112.0625,112.625,719955
2026-03-25,2026-03-25T00:00:00Z,113.0,113.78125,112.96875,113.5625,590564
2026-03-26,2026-03-26T00:00:00Z,113.5,113.53125,112.53125,112.6875,536112
2026-03-27,2026-03-27T00:00:00Z,112.8125,112.90625,111.71875,112.1875,530841
2026-03-30,2026-03-30T00:00:00Z,112.3125,113.8125,112.21875,113.5,479427
2026-03-31,2026-03-31T00:00:00Z,113.40625,114.1875,113.21875,113.875,718026
2026-04-01,2026-04-01T00:00:00Z,113.5625,114.4375,113.4375,113.71875,519973
2026-04-02,2026-04-02T00:00:00Z,113.65625,114.21875,112.78125,113.9375,475959
2026-04-06,2026-04-06T00:00:00Z,113.46875,114.0625,113.25,113.875,289991
2026-04-07,2026-04-07T00:00:00Z,113.84375,114.1875,113.03125,113.5,535834
2026-04-08,2026-04-08T00:00:00Z,114.1875,115.0,113.96875,114.1875,533225
2026-04-09,2026-04-09T00:00:00Z,114.125,114.625,113.71875,114.125,404293
2026-04-10,2026-04-10T00:00:00Z,114.3125,114.34375,113.65625,113.78125,269437
2026-04-13,2026-04-13T00:00:00Z,113.3125,114.21875,113.09375,114.0625,350639
2026-04-14,2026-04-14T00:00:00Z,114.125,114.8125,114.03125,114.65625,288877
2026-04-15,2026-04-15T00:00:00Z,114.75,114.9375,114.15625,114.34375,289801
2026-04-16,2026-04-16T00:00:00Z,114.1875,114.5,113.59375,113.75,329472
2026-04-17,2026-04-17T00:00:00Z,113.65625,114.90625,113.5,114.59375,454908
2026-04-20,2026-04-20T00:00:00Z,114.28125,114.6875,114.03125,114.65625,295434
2026-04-21,2026-04-21T00:00:00Z,114.5625,114.84375,113.8125,114.1875,477252
2026-04-22,2026-04-22T00:00:00Z,114.1875,114.625,113.96875,114.15625,413329
2026-04-23,2026-04-23T00:00:00Z,114.0625,114.40625,113.4375,113.84375,514615
2026-04-24,2026-04-24T00:00:00Z,113.90625,114.21875,113.4375,114.0,446407
2026-04-27,2026-04-27T00:00:00Z,114.0,114.03125,113.5,113.6875,298616
2026-04-28,2026-04-28T00:00:00Z,113.5625,113.71875,113.0625,113.53125,343825
2026-04-29,2026-04-29T00:00:00Z,113.625,113.6875,112.4375,112.6875,500202
2026-04-30,2026-04-30T00:00:00Z,112.46875,113.125,112.34375,112.84375,599904
2026-05-01,2026-05-01T00:00:00Z,113.09375,113.53125,112.71875,113.09375,433646
2026-05-04,2026-05-04T00:00:00Z,113.25,113.46875,112.0,112.15625,573375
2026-05-05,2026-05-05T00:00:00Z,112.3125,112.8125,112.15625,112.71875,359473
2026-05-06,2026-05-06T00:00:00Z,112.625,113.875,112.625,113.625,580670
2026-05-07,2026-05-07T00:00:00Z,113.6875,114.125,113.03125,113.15625,521732
2026-05-08,2026-05-08T00:00:00Z,113.125,113.84375,113.0625,113.5625,396473
2026-05-11,2026-05-11T00:00:00Z,113.59375,113.59375,112.90625,112.96875,287511
2026-05-12,2026-05-12T00:00:00Z,112.9375,113.0,112.1875,112.28125,452903
2026-05-13,2026-05-13T00:00:00Z,112.28125,112.40625,111.8125,112.0625,446941
2026-05-14,2026-05-14T00:00:00Z,112.1875,112.78125,112.0625,112.46875,402118
2026-05-15,2026-05-15T00:00:00Z,112.15625,112.15625,110.53125,110.625,610497
2026-05-18,2026-05-18T00:00:00Z,110.59375,111.03125,110.15625,110.375,762169
2026-05-19,2026-05-19T00:00:00Z,110.6875,110.8125,109.5625,109.8125,646081
2026-05-20,2026-05-20T00:00:00Z,109.8125,111.03125,109.5,110.875,766102
2026-05-21,2026-05-21T00:00:00Z,110.71875,111.28125,110.15625,110.875,1373169
2026-05-22,2026-05-22T00:00:00Z,111.09375,111.71875,111.03125,111.21875,879607
2026-05-26,2026-05-26T00:00:00Z,111.625,112.5625,111.625,112.1875,1351228
2026-05-27,2026-05-27T00:00:00Z,112.21875,112.8125,112.1875,112.40625,455681
2026-05-28,2026-05-28T00:00:00Z,112.34375,113.09375,111.71875,112.8125,125211
2026-05-29,2026-05-29T00:00:00Z,112.9375,113.125,112.6875,112.71875,22527
2026-06-01,2026-06-01T00:00:00Z,112.875,113.0625,112.125,112.71875,10871
2026-06-02,2026-06-02T00:00:00Z,113.0,113.40625,112.875,113.03125,26598
2026-06-03,2026-06-03T00:00:00Z,113.0625,113.0625,112.46875,112.59375,6269
2026-06-04,2026-06-04T00:00:00Z,112.78125,113.15625,112.59375,112.78125,1234
2026-06-05,2026-06-05T00:00:00Z,112.84375,112.9375,112.0625,112.25,1421
2026-06-08,2026-06-08T00:00:00Z,112.1875,112.25,111.75,112.0,1784
2026-06-09,2026-06-09T00:00:00Z,111.75,112.4375,111.75,112.28125,19574
2026-06-10,2026-06-10T00:00:00Z,112.34375,112.4375,111.84375,112.0625,576
2026-06-11,2026-06-11T00:00:00Z,111.6875,113.3125,111.6875,113.1875,366
2026-06-12,2026-06-12T00:00:00Z,113.09375,113.25,112.6875,112.875,239
2026-06-15,2026-06-15T00:00:00Z,113.34375,113.34375,113.0625,113.0625,2105
2026-06-16,2026-06-16T00:00:00Z,113.03125,113.65625,113.03125,113.65625,481
2026-06-17,2026-06-17T00:00:00Z,113.65625,113.84375,113.40625,113.53125,42
2026-06-18,2026-06-18T00:00:00Z,114.03125,114.375,113.78125,113.84375,452375
2026-06-22,2026-06-22T00:00:00Z,112.78125,113.1875,112.5,112.6875,444969
2026-06-23,2026-06-23T00:00:00Z,112.59375,113.09375,112.53125,112.8125,307987
2026-06-24,2026-06-24T00:00:00Z,112.78125,114.25,112.6875,114.09375,488521
2026-06-25,2026-06-25T00:00:00Z,114.21875,114.625,113.9375,114.09375,413954
2026-06-26,2026-06-26T00:00:00Z,114.03125,114.28125,113.59375,114.15625,355439
2026-06-29,2026-06-29T00:00:00Z,114.09375,114.34375,113.9375,114.15625,309041
2026-06-30,2026-06-30T00:00:00Z,114.125,114.375,112.75,113.5,674444
2026-07-01,2026-07-01T00:00:00Z,112.78125,112.90625,112.1875,112.65625,581522
2026-07-02,2026-07-02T00:00:00Z,112.59375,112.8125,112.15625,112.4375,300966
2026-07-06,2026-07-06T00:00:00Z,112.40625,112.71875,112.15625,112.375,295040
2026-07-07,2026-07-07T00:00:00Z,112.46875,112.5,111.375,111.65625,406667
2026-07-08,2026-07-08T00:00:00Z,111.40625,111.53125,110.84375,111.21875,472165
2026-07-09,2026-07-09T00:00:00Z,111.03125,111.59375,110.78125,111.4375,343270
2026-07-10,2026-07-10T00:00:00Z,111.21875,111.65625,111.0625,111.15625,297272
2026-07-13,2026-07-13T00:00:00Z,111.0625,111.15625,110.5625,110.71875,316691
2026-07-14,2026-07-14T00:00:00Z,110.5625,111.625,110.375,110.90625,491956
2026-07-15,2026-07-15T00:00:00Z,110.75,111.34375,110.4375,111.21875,358431
2026-07-16,2026-07-16T00:00:00Z,111.21875,111.3125,110.46875,111.0,343129
2026-07-17,2026-07-17T00:00:00Z,111.125,111.78125,111.0,111.40625,286017
2026-07-20,2026-07-20T00:00:00Z,111.25,111.40625,110.53125,110.625,295451
2026-07-21,2026-07-21T00:00:00Z,110.71875,110.84375,110.09375,110.375,283169
2026-07-22,2026-07-22T00:00:00Z,110.28125,110.40625,109.90625,110.03125,321912
2026-07-23,2026-07-23T00:00:00Z,109.9375,110.125,109.25,109.46875,471839
2026-07-24,2026-07-24T00:00:00Z,109.5625,110.125,109.34375,109.71875,369101
2026-07-27,2026-07-27T00:00:00Z,110.0625,110.46875,109.96875,110.28125,406107
2026-07-28,2026-07-28T00:00:00Z,110.15625,110.96875,110.09375,110.78125,327870
2026-07-29,2026-07-29T00:00:00Z,110.78125,110.8125,109.0,110.28125,630671
2026-07-30,2026-07-30T00:00:00Z,109.34375,109.5625,108.8125,109.40625,608727
2026-07-31,2026-07-31T00:00:00Z,109.28125,109.78125,108.25,108.3125,753687
2026-08-03,2026-08-03T00:00:00Z,108.875,109.25,108.78125,109.09375,461254
2026-08-04,2026-08-04T00:00:00Z,109.15625,110.125,108.71875,109.84375,479962
2026-08-05,2026-08-05T00:00:00Z,110.0,110.40625,109.78125,109.96875,427986
2026-08-06,2026-08-06T00:00:00Z,110.03125,110.21875,109.15625,109.34375,403792
2026-08-07,2026-08-07T00:00:00Z,109.15625,110.0625,109.0625,109.375,364162
2026-08-10,2026-08-10T00:00:00Z,109.34375,109.65625,108.75,108.90625,329429
2026-08-11,2026-08-11T00:00:00Z,108.78125,109.375,108.375,109.09375,428001
2026-08-12,2026-08-12T00:00:00Z,108.96875,109.75,108.84375,109.03125,467241
2026-08-13,2026-08-13T00:00:00Z,108.875,110.125,108.84375,109.65625,512177
2026-08-14,2026-08-14T00:00:00Z,109.65625,109.65625,108.78125,108.84375,543620
2026-08-17,2026-08-17T00:00:00Z,108.90625,109.21875,108.1875,108.3125,519634
2026-08-18,2026-08-18T00:00:00Z,108.34375,108.75,107.90625,108.65625,547491
2026-08-19,2026-08-19T00:00:00Z,108.65625,110.21875,108.53125,109.96875,1095383
2026-08-20,2026-08-20T00:00:00Z,110.03125,110.28125,108.96875,109.46875,832843
2026-08-21,2026-08-21T00:00:00Z,109.28125,109.59375,108.78125,108.875,752505
2026-08-24,2026-08-24T00:00:00Z,108.90625,109.84375,108.90625,109.5,1444917
2026-08-25,2026-08-25T00:00:00Z,109.59375,110.5,109.28125,110.25,1414224
2026-08-26,2026-08-26T00:00:00Z,110.34375,110.5,109.90625,110.03125,918067
2026-08-27,2026-08-27T00:00:00Z,110.25,110.40625,109.8125,109.96875,343617
2026-08-28,2026-08-28T00:00:00Z,109.90625,110.375,109.53125,109.6875,90941
2026-08-31,2026-08-31T00:00:00Z,109.5625,109.90625,108.90625,109.125,18953
2026-09-01,2026-09-01T00:00:00Z,109.0625,109.34375,108.5625,108.75,17202
2026-09-02,2026-09-02T00:00:00Z,108.6875,109.15625,108.40625,108.78125,5943
2026-09-03,2026-09-03T00:00:00Z,108.9375,109.5,108.90625,109.21875,5995
2026-09-04,2026-09-04T00:00:00Z,109.15625,109.5,108.9375,109.21875,2458
2026-09-08,2026-09-08T00:00:00Z,109.0625,109.4375,108.90625,108.90625,2812
2026-09-09,2026-09-09T00:00:00Z,108.9375,109.0,108.4375,108.6875,340
2026-09-10,2026-09-10T00:00:00Z,108.625,108.75,107.1875,107.40625,707
2026-09-11,2026-09-11T00:00:00Z,107.4375,107.84375,107.25,107.28125,352
2026-09-14,2026-09-14T00:00:00Z,107.21875,107.71875,107.21875,107.59375,282
2026-09-15,2026-09-15T00:00:00Z,107.15625,107.1875,107.15625,107.1875,72
2026-09-16,2026-09-16T00:00:00Z,107.21875,107.84375,107.21875,107.34375,52
2026-09-17,2026-09-17T00:00:00Z,107.28125,108.1875,107.28125,108.09375,139
2026-09-18,2026-09-18T00:00:00Z,108.34375,108.34375,107.5625,107.5625,14
2026-09-21,2026-09-21T00:00:00Z,108.0625,108.125,108.0625,108.125,381428
2026-09-22,2026-09-22T00:00:00Z,107.65625,108.125,107.3125,107.5,508839
2026-09-23,2026-09-23T00:00:00Z,107.5625,107.96875,105.6875,105.875,698010
2026-09-24,2026-09-24T00:00:00Z,105.90625,106.09375,104.40625,105.09375,955975
2026-09-25,2026-09-25T00:00:00Z,104.6875,105.15625,104.03125,104.5625,699920
2026-09-28,2026-09-28T00:00:00Z,104.5,104.53125,103.4375,103.75,786325
2026-09-29,2026-09-29T00:00:00Z,103.875,104.1875,102.90625,103.25,852874
2026-09-30,2026-09-30T00:00:00Z,103.59375,103.96875,102.5,102.65625,852874
2026-10-01,2026-10-01T00:00:00Z,102.75,102.90625,102.5,102.90625,43622
