session_date,timestamp_utc,Open,High,Low,Close,Volume
2016-09-30,2016-09-30T00:00:00Z,2.2699999809265137,2.3489999771118164,2.265000104904175,2.3359999656677246,0
2016-10-03,2016-10-03T00:00:00Z,2.315000057220459,2.3410000801086426,2.305000066757202,2.3350000381469727,0
2016-10-04,2016-10-04T00:00:00Z,2.3380000591278076,2.4089999198913574,2.3289999961853027,2.4059998989105225,0
2016-10-05,2016-10-05T00:00:00Z,2.4089999198913574,2.4519999027252197,2.4019999504089355,2.436000108718872,0
2016-10-06,2016-10-06T00:00:00Z,2.433000087738037,2.4690001010894775,2.430999994277954,2.4600000381469727,0
2016-10-07,2016-10-07T00:00:00Z,2.4560000896453857,2.49399995803833,2.446000099182129,2.4679999351501465,0
2016-10-10,2016-10-10T00:00:00Z,2.4549999237060547,2.4549999237060547,2.4549999237060547,2.4549999237060547,0
2016-10-11,2016-10-11T00:00:00Z,2.502000093460083,2.5160000324249268,2.4779999256134033,2.493000030517578,0
2016-10-12,2016-10-12T00:00:00Z,2.5269999504089355,2.5320000648498535,2.5,2.507999897003174,0
2016-10-13,2016-10-13T00:00:00Z,2.4830000400543213,2.486999988555908,2.4619998931884766,2.4739999771118164,0
2016-10-14,2016-10-14T00:00:00Z,2.5230000019073486,2.558000087738037,2.505000114440918,2.555000066757202,0
2016-10-17,2016-10-17T00:00:00Z,2.5510001182556152,2.5510001182556152,2.51200008392334,2.5230000019073486,0
2016-10-18,2016-10-18T00:00:00Z,2.5280001163482666,2.552999973297119,2.506999969482422,2.51200008392334,0
2016-10-19,2016-10-19T00:00:00Z,2.5160000324249268,2.5329999923706055,2.49399995803833,2.5160000324249268,0
2016-10-20,2016-10-20T00:00:00Z,2.506999969482422,2.5329999923706055,2.4739999771118164,2.499000072479248,0
2016-10-21,2016-10-21T00:00:00Z,2.494999885559082,2.509000062942505,2.4749999046325684,2.492000102996826,0
2016-10-24,2016-10-24T00:00:00Z,2.484999895095825,2.5329999923706055,2.4760000705718994,2.5160000324249268,0
2016-10-25,2016-10-25T00:00:00Z,2.5199999809265137,2.5269999504089355,2.4839999675750732,2.500999927520752,0
2016-10-26,2016-10-26T00:00:00Z,2.5260000228881836,2.5460000038146973,2.515000104904175,2.5360000133514404,0
2016-10-27,2016-10-27T00:00:00Z,2.569999933242798,2.63100004196167,2.562999963760376,2.6010000705718994,0
2016-10-28,2016-10-28T00:00:00Z,2.619999885559082,2.638000011444092,2.5989999771118164,2.615999937057495,0
2016-10-31,2016-10-31T00:00:00Z,2.6040000915527344,2.6070001125335693,2.5880000591278076,2.5889999866485596,0
2016-11-01,2016-11-01T00:00:00Z,2.5980000495910645,2.63100004196167,2.562999963760376,2.571000099182129,0
2016-11-02,2016-11-02T00:00:00Z,2.5460000038146973,2.5850000381469727,2.5380001068115234,2.562999963760376,0
2016-11-03,2016-11-03T00:00:00Z,2.5889999866485596,2.609999895095825,2.578000068664551,2.5999999046325684,0
2016-11-04,2016-11-04T00:00:00Z,2.5829999446868896,2.6070001125335693,2.555999994277954,2.571000099182129,0
2016-11-07,2016-11-07T00:00:00Z,2.5910000801086426,2.6089999675750732,2.5869998931884766,2.6019999980926514,0
2016-11-08,2016-11-08T00:00:00Z,2.5859999656677246,2.640000104904175,2.578000068664551,2.625999927520752,0
2016-11-09,2016-11-09T00:00:00Z,2.7769999504089355,2.8889999389648438,2.749000072479248,2.881999969482422,0
2016-11-10,2016-11-10T00:00:00Z,2.9179999828338623,2.930999994277954,2.8580000400543213,2.927999973297119,0
2016-11-14,2016-11-14T00:00:00Z,3.0179998874664307,3.0299999713897705,2.941999912261963,2.9820001125335693,0
2016-11-15,2016-11-15T00:00:00Z,2.9560000896453857,2.9760000705718994,2.931999921798706,2.9730000495910645,0
2016-11-16,2016-11-16T00:00:00Z,2.9860000610351562,2.9860000610351562,2.9170000553131104,2.9260001182556152,0
2016-11-17,2016-11-17T00:00:00Z,2.9519999027252197,2.996000051498413,2.9519999027252197,2.9860000610351562,0
2016-11-18,2016-11-18T00:00:00Z,2.9830000400543213,3.0380001068115234,2.9649999141693115,3.0160000324249268,0
2016-11-21,2016-11-21T00:00:00Z,2.992000102996826,3.013000011444092,2.9860000610351562,3.013000011444092,0
2016-11-22,2016-11-22T00:00:00Z,2.9760000705718994,3.01200008392334,2.9730000495910645,3.009000062942505,0
2016-11-23,2016-11-23T00:00:00Z,3.0,3.0910000801086426,3.0,3.0230000019073486,0
2016-11-25,2016-11-25T00:00:00Z,3.0280001163482666,3.0390000343322754,2.994999885559082,3.0220000743865967,0
2016-11-28,2016-11-28T00:00:00Z,2.9860000610351562,3.000999927520752,2.9739999771118164,2.9830000400543213,0
2016-11-29,2016-11-29T00:00:00Z,2.9820001125335693,3.000999927520752,2.947999954223633,2.950000047683716,0
2016-11-30,2016-11-30T00:00:00Z,3.005000114440918,3.0869998931884766,3.003000020980835,3.0169999599456787,0
2016-12-01,2016-12-01T00:00:00Z,3.0759999752044678,3.1549999713897705,3.059999942779541,3.0950000286102295,0
2016-12-02,2016-12-02T00:00:00Z,3.072000026702881,3.0999999046325684,3.0360000133514404,3.061000108718872,0
2016-12-05,2016-12-05T00:00:00Z,3.0950000286102295,3.11899995803833,3.0299999713897705,3.055999994277954,0
2016-12-06,2016-12-06T00:00:00Z,3.063999891281128,3.0889999866485596,3.052999973297119,3.0820000171661377,0
2016-12-07,2016-12-07T00:00:00Z,3.059999942779541,3.065999984741211,3.0250000953674316,3.0290000438690186,0
2016-12-08,2016-12-08T00:00:00Z,3.0799999237060547,3.121999979019165,3.058000087738037,3.0850000381469727,0
2016-12-09,2016-12-09T00:00:00Z,3.115000009536743,3.1710000038146973,3.0980000495910645,3.1540000438690186,0
2016-12-12,2016-12-12T00:00:00Z,3.194999933242798,3.196000099182129,3.1549999713897705,3.1619999408721924,0
2016-12-13,2016-12-13T00:00:00Z,3.130000114440918,3.1730000972747803,3.115999937057495,3.1470000743865967,0
2016-12-14,2016-12-14T00:00:00Z,3.0999999046325684,3.1559998989105225,3.0859999656677246,3.1489999294281006,0
2016-12-15,2016-12-15T00:00:00Z,3.190000057220459,3.190000057220459,3.124000072479248,3.1449999809265137,0
2016-12-16,2016-12-16T00:00:00Z,3.127000093460083,3.197000026702881,3.127000093460083,3.184000015258789,0
2016-12-19,2016-12-19T00:00:00Z,3.1510000228881836,3.1559998989105225,3.11299991607666,3.121000051498413,0
2016-12-20,2016-12-20T00:00:00Z,3.140000104904175,3.1649999618530273,3.1389999389648438,3.1510000228881836,0
2016-12-21,2016-12-21T00:00:00Z,3.1519999504089355,3.1579999923706055,3.117000102996826,3.125,0
2016-12-22,2016-12-22T00:00:00Z,3.121999979019165,3.1470000743865967,3.121999979019165,3.130000114440918,0
2016-12-23,2016-12-23T00:00:00Z,3.111999988555908,3.121999979019165,3.1029999256134033,3.115999937057495,0
2016-12-27,2016-12-27T00:00:00Z,3.124000072479248,3.1540000438690186,3.11899995803833,3.1389999389648438,0
2016-12-28,2016-12-28T00:00:00Z,3.131999969482422,3.134000062942505,3.0789999961853027,3.0840001106262207,0
2016-12-29,2016-12-29T00:00:00Z,3.0769999027252197,3.0910000801086426,3.061000108718872,3.0840001106262207,0
2016-12-30,2016-12-30T00:00:00Z,3.0829999446868896,3.0940001010894775,3.049999952316284,3.062999963760376,0
2017-01-03,2017-01-03T00:00:00Z,3.122999906539917,3.128999948501587,3.0450000762939453,3.046999931335449,0
2017-01-04,2017-01-04T00:00:00Z,3.0460000038146973,3.062999963760376,3.0280001163482666,3.0450000762939453,0
2017-01-05,2017-01-05T00:00:00Z,3.0429999828338623,3.046999931335449,2.9560000896453857,2.9619998931884766,0
2017-01-06,2017-01-06T00:00:00Z,2.944000005722046,3.009999990463257,2.944000005722046,3.003999948501587,0
2017-01-09,2017-01-09T00:00:00Z,2.9730000495910645,2.9800000190734863,2.9539999961853027,2.9679999351501465,0
2017-01-10,2017-01-10T00:00:00Z,2.9830000400543213,2.98799991607666,2.9619998931884766,2.9700000286102295,0
2017-01-11,2017-01-11T00:00:00Z,2.9639999866485596,2.9830000400543213,2.9260001182556152,2.9570000171661377,0
2017-01-12,2017-01-12T00:00:00Z,2.927000045776367,2.9600000381469727,2.9019999504089355,2.9600000381469727,0
2017-01-13,2017-01-13T00:00:00Z,2.937000036239624,3.0190000534057617,2.937000036239624,2.9769999980926514,0
2017-01-17,2017-01-17T00:00:00Z,2.927999973297119,2.9590001106262207,2.9130001068115234,2.927000045776367,0
2017-01-18,2017-01-18T00:00:00Z,2.9649999141693115,3.0,2.9600000381469727,2.984999895095825,0
2017-01-19,2017-01-19T00:00:00Z,3.010999917984009,3.069999933242798,3.007999897003174,3.0320000648498535,0
2017-01-20,2017-01-20T00:00:00Z,3.068000078201294,3.0840001106262207,3.0390000343322754,3.0460000038146973,0
2017-01-23,2017-01-23T00:00:00Z,3.0399999618530273,3.0510001182556152,2.9670000076293945,2.990999937057495,0
2017-01-24,2017-01-24T00:00:00Z,3.0190000534057617,3.059999942779541,2.999000072479248,3.055999994277954,0
2017-01-25,2017-01-25T00:00:00Z,3.065000057220459,3.118000030517578,3.065000057220459,3.1080000400543213,0
2017-01-26,2017-01-26T00:00:00Z,3.11299991607666,3.128000020980835,3.0869998931884766,3.0910000801086426,0
2017-01-27,2017-01-27T00:00:00Z,3.1019999980926514,3.1059999465942383,3.058000087738037,3.059000015258789,0
2017-01-30,2017-01-30T00:00:00Z,3.0810000896453857,3.0889999866485596,3.058000087738037,3.0769999027252197,0
2017-01-31,2017-01-31T00:00:00Z,3.0840001106262207,3.0910000801086426,3.0339999198913574,3.0510001182556152,0
2017-02-01,2017-02-01T00:00:00Z,3.0810000896453857,3.1080000400543213,3.069000005722046,3.0810000896453857,0
2017-02-02,2017-02-02T00:00:00Z,3.062000036239624,3.0920000076293945,3.0409998893737793,3.0829999446868896,0
2017-02-03,2017-02-03T00:00:00Z,3.0940001010894775,3.127000093460083,3.059999942779541,3.114000082015991,0
2017-02-06,2017-02-06T00:00:00Z,3.061000108718872,3.0929999351501465,3.0450000762939453,3.0480000972747803,0
2017-02-07,2017-02-07T00:00:00Z,3.065000057220459,3.0850000381469727,3.003999948501587,3.0190000534057617,0
2017-02-08,2017-02-08T00:00:00Z,2.993000030517578,2.99399995803833,2.947000026702881,2.9609999656677246,0
2017-02-09,2017-02-09T00:00:00Z,2.9790000915527344,3.0220000743865967,2.9749999046325684,3.010999917984009,0
2017-02-10,2017-02-10T00:00:00Z,3.0190000534057617,3.0460000038146973,3.002000093460083,3.01200008392334,0
2017-02-13,2017-02-13T00:00:00Z,3.0290000438690186,3.0480000972747803,3.0260000228881836,3.0339999198913574,0
2017-02-14,2017-02-14T00:00:00Z,3.0380001068115234,3.0959999561309814,3.0290000438690186,3.062000036239624,0
2017-02-15,2017-02-15T00:00:00Z,3.072000026702881,3.1089999675750732,3.072000026702881,3.0910000801086426,0
2017-02-16,2017-02-16T00:00:00Z,3.069000005722046,3.0859999656677246,3.0299999713897705,3.0510001182556152,0
2017-02-17,2017-02-17T00:00:00Z,3.009000062942505,3.0350000858306885,3.003999948501587,3.0309998989105225,0
2017-02-21,2017-02-21T00:00:00Z,3.059000015258789,3.062999963760376,3.0169999599456787,3.0369999408721924,0
2017-02-22,2017-02-22T00:00:00Z,3.0139999389648438,3.063999891281128,3.0,3.0369999408721924,0
2017-02-23,2017-02-23T00:00:00Z,3.0239999294281006,3.0320000648498535,3.015000104904175,3.0230000019073486,0
2017-02-24,2017-02-24T00:00:00Z,2.999000072479248,2.999000072479248,2.9549999237060547,2.9549999237060547,0
2017-02-27,2017-02-27T00:00:00Z,2.9600000381469727,2.990000009536743,2.9590001106262207,2.9860000610351562,0
2017-02-28,2017-02-28T00:00:00Z,2.9709999561309814,2.9860000610351562,2.9489998817443848,2.9679999351501465,0
2017-03-01,2017-03-01T00:00:00Z,3.0269999504089355,3.0829999446868896,3.0269999504089355,3.071000099182129,0
2017-03-02,2017-03-02T00:00:00Z,3.0820000171661377,3.1010000705718994,3.065000057220459,3.0820000171661377,0
2017-03-03,2017-03-03T00:00:00Z,3.0820000171661377,3.1059999465942383,3.069999933242798,3.0840001106262207,0
2017-03-06,2017-03-06T00:00:00Z,3.059000015258789,3.1089999675750732,3.053999900817871,3.0980000495910645,0
2017-03-07,2017-03-07T00:00:00Z,3.11299991607666,3.122999906539917,3.1019999980926514,3.109999895095825,0
2017-03-08,2017-03-08T00:00:00Z,3.1510000228881836,3.174999952316284,3.13700008392334,3.1459999084472656,0
2017-03-09,2017-03-09T00:00:00Z,3.1559998989105225,3.190000057220459,3.1489999294281006,3.183000087738037,0
2017-03-10,2017-03-10T00:00:00Z,3.197999954223633,3.2009999752044678,3.1610000133514404,3.1689999103546143,0
2017-03-13,2017-03-13T00:00:00Z,3.1670000553131104,3.1989998817443848,3.1670000553131104,3.191999912261963,0
2017-03-14,2017-03-14T00:00:00Z,3.194000005722046,3.197000026702881,3.1649999618530273,3.171999931335449,0
2017-03-15,2017-03-15T00:00:00Z,3.1579999923706055,3.1679999828338623,3.1059999465942383,3.1059999465942383,0
2017-03-16,2017-03-16T00:00:00Z,3.13100004196167,3.1559998989105225,3.125999927520752,3.134999990463257,0
2017-03-17,2017-03-17T00:00:00Z,3.130000114440918,3.138000011444092,3.1040000915527344,3.11299991607666,0
2017-03-20,2017-03-20T00:00:00Z,3.115999937057495,3.121999979019165,3.0880000591278076,3.0899999141693115,0
2017-03-21,2017-03-21T00:00:00Z,3.1040000915527344,3.109999895095825,3.0329999923706055,3.049999952316284,0
2017-03-22,2017-03-22T00:00:00Z,3.0329999923706055,3.0369999408721924,2.992000102996826,3.010999917984009,0
2017-03-23,2017-03-23T00:00:00Z,3.0250000953674316,3.0450000762939453,3.002000093460083,3.0260000228881836,0
2017-03-24,2017-03-24T00:00:00Z,3.0250000953674316,3.0329999923706055,3.002000093460083,3.002000093460083,0
2017-03-27,2017-03-27T00:00:00Z,2.9709999561309814,2.993000030517578,2.9600000381469727,2.9790000915527344,0
2017-03-28,2017-03-28T00:00:00Z,2.9709999561309814,3.0250000953674316,2.9639999866485596,3.013000011444092,0
2017-03-29,2017-03-29T00:00:00Z,3.009999990463257,3.0160000324249268,2.9860000610351562,2.992000102996826,0
2017-03-30,2017-03-30T00:00:00Z,2.989000082015991,3.0280001163482666,2.9830000400543213,3.0250000953674316,0
2017-03-31,2017-03-31T00:00:00Z,3.0329999923706055,3.0480000972747803,3.015000104904175,3.0179998874664307,0
2017-04-03,2017-04-03T00:00:00Z,3.015000104904175,3.0250000953674316,2.9600000381469727,2.984999895095825,0
2017-04-04,2017-04-04T00:00:00Z,2.9670000076293945,2.996999979019165,2.9590001106262207,2.993000030517578,0
2017-04-05,2017-04-05T00:00:00Z,3.015000104904175,3.0260000228881836,2.99399995803833,3.00600004196167,0
2017-04-06,2017-04-06T00:00:00Z,3.002000093460083,3.0199999809265137,2.9809999465942383,2.986999988555908,0
2017-04-07,2017-04-07T00:00:00Z,2.9639999866485596,3.0,2.938999891281128,2.997999906539917,0
2017-04-10,2017-04-10T00:00:00Z,3.01200008392334,3.013000011444092,2.9719998836517334,2.986999988555908,0
2017-04-11,2017-04-11T00:00:00Z,2.9739999771118164,2.9760000705718994,2.9260001182556152,2.928999900817871,0
2017-04-12,2017-04-12T00:00:00Z,2.927000045776367,2.944999933242798,2.9189999103546143,2.930000066757202,0
2017-04-13,2017-04-13T00:00:00Z,2.888000011444092,2.9159998893737793,2.878000020980835,2.888000011444092,0
2017-04-17,2017-04-17T00:00:00Z,2.881999969482422,2.9140000343322754,2.88100004196167,2.9130001068115234,0
2017-04-18,2017-04-18T00:00:00Z,2.88700008392334,2.888000011444092,2.8410000801086426,2.8420000076293945,0
2017-04-19,2017-04-19T00:00:00Z,2.871000051498413,2.882999897003174,2.8610000610351562,2.8610000610351562,0
2017-04-20,2017-04-20T00:00:00Z,2.890000104904175,2.9079999923706055,2.875,2.8910000324249268,0
2017-04-21,2017-04-21T00:00:00Z,2.8919999599456787,2.8970000743865967,2.8610000610351562,2.8949999809265137,0
2017-04-24,2017-04-24T00:00:00Z,2.9560000896453857,2.9560000896453857,2.9119999408721924,2.927000045776367,0
2017-04-25,2017-04-25T00:00:00Z,2.9560000896453857,2.984999895095825,2.944999933242798,2.9790000915527344,0
2017-04-26,2017-04-26T00:00:00Z,2.992000102996826,3.003000020980835,2.9630000591278076,2.9709999561309814,0
2017-04-27,2017-04-27T00:00:00Z,2.9700000286102295,2.9860000610351562,2.9519999027252197,2.9649999141693115,0
2017-04-28,2017-04-28T00:00:00Z,2.9809999465942383,2.999000072479248,2.9519999027252197,2.9519999027252197,0
2017-05-01,2017-05-01T00:00:00Z,2.9619998931884766,3.0209999084472656,2.9549999237060547,3.010999917984009,0
2017-05-02,2017-05-02T00:00:00Z,3.0179998874664307,3.0199999809265137,2.9779999256134033,2.9820001125335693,0
2017-05-03,2017-05-03T00:00:00Z,2.9609999656677246,2.989000082015991,2.938999891281128,2.9549999237060547,0
2017-05-04,2017-05-04T00:00:00Z,2.9800000190734863,3.0199999809265137,2.9749999046325684,2.999000072479248,0
2017-05-05,2017-05-05T00:00:00Z,2.996999979019165,3.0199999809265137,2.9779999256134033,2.989000082015991,0
2017-05-08,2017-05-08T00:00:00Z,2.9679999351501465,3.0260000228881836,2.9660000801086426,3.0139999389648438,0
2017-05-09,2017-05-09T00:00:00Z,3.0220000743865967,3.046999931335449,3.0220000743865967,3.0380001068115234,0
2017-05-10,2017-05-10T00:00:00Z,3.0169999599456787,3.0460000038146973,3.003999948501587,3.0409998893737793,0
2017-05-11,2017-05-11T00:00:00Z,3.0339999198913574,3.059000015258789,3.0309998989105225,3.0380001068115234,0
2017-05-12,2017-05-12T00:00:00Z,3.0209999084472656,3.0250000953674316,2.9839999675750732,2.99399995803833,0
2017-05-15,2017-05-15T00:00:00Z,3.00600004196167,3.0199999809265137,2.997999906539917,3.00600004196167,0
2017-05-16,2017-05-16T00:00:00Z,3.0190000534057617,3.0250000953674316,2.9679999351501465,2.992000102996826,0
2017-05-17,2017-05-17T00:00:00Z,2.9609999656677246,2.9609999656677246,2.8940000534057617,2.8970000743865967,0
2017-05-18,2017-05-18T00:00:00Z,2.88700008392334,2.9119999408721924,2.880000114440918,2.9049999713897705,0
2017-05-19,2017-05-19T00:00:00Z,2.9079999923706055,2.9230000972747803,2.8970000743865967,2.9049999713897705,0
2017-05-22,2017-05-22T00:00:00Z,2.9059998989105225,2.9159998893737793,2.8970000743865967,2.9149999618530273,0
2017-05-23,2017-05-23T00:00:00Z,2.9040000438690186,2.946000099182129,2.9000000953674316,2.944999933242798,0
2017-05-24,2017-05-24T00:00:00Z,2.936000108718872,2.9519999027252197,2.9189999103546143,2.934999942779541,0
2017-05-25,2017-05-25T00:00:00Z,2.9210000038146973,2.941999912261963,2.9200000762939453,2.921999931335449,0
2017-05-26,2017-05-26T00:00:00Z,2.9010000228881836,2.9189999103546143,2.8959999084472656,2.9159998893737793,0
2017-05-30,2017-05-30T00:00:00Z,2.9030001163482666,2.9119999408721924,2.882999897003174,2.885999917984009,0
2017-05-31,2017-05-31T00:00:00Z,2.890000104904175,2.890000104904175,2.8570001125335693,2.8570001125335693,0
2017-06-01,2017-06-01T00:00:00Z,2.878999948501587,2.8929998874664307,2.869999885559082,2.869999885559082,0
2017-06-02,2017-06-02T00:00:00Z,2.8580000400543213,2.8589999675750732,2.7990000247955322,2.812999963760376,0
2017-06-05,2017-06-05T00:00:00Z,2.8329999446868896,2.8450000286102295,2.8259999752044678,2.8410000801086426,0
2017-06-06,2017-06-06T00:00:00Z,2.802999973297119,2.812999963760376,2.7960000038146973,2.809999942779541,0
2017-06-07,2017-06-07T00:00:00Z,2.815000057220459,2.8420000076293945,2.809000015258789,2.8369998931884766,0
2017-06-08,2017-06-08T00:00:00Z,2.8589999675750732,2.865999937057495,2.8340001106262207,2.8550000190734863,0
2017-06-09,2017-06-09T00:00:00Z,2.865999937057495,2.882999897003174,2.8519999980926514,2.8540000915527344,0
2017-06-12,2017-06-12T00:00:00Z,2.86299991607666,2.872999906539917,2.8369998931884766,2.868000030517578,0
2017-06-13,2017-06-13T00:00:00Z,2.871999979019165,2.885999917984009,2.8589999675750732,2.86299991607666,0
2017-06-14,2017-06-14T00:00:00Z,2.8499999046325684,2.8529999256134033,2.765000104904175,2.7829999923706055,0
2017-06-15,2017-06-15T00:00:00Z,2.7850000858306885,2.7980000972747803,2.7780001163482666,2.7850000858306885,0
2017-06-16,2017-06-16T00:00:00Z,2.7929999828338623,2.7990000247955322,2.7730000019073486,2.7820000648498535,0
2017-06-19,2017-06-19T00:00:00Z,2.7690000534057617,2.7920000553131104,2.7690000534057617,2.7880001068115234,0
2017-06-20,2017-06-20T00:00:00Z,2.763000011444092,2.765000104904175,2.7330000400543213,2.734999895095825,0
2017-06-21,2017-06-21T00:00:00Z,2.746999979019165,2.753999948501587,2.7209999561309814,2.7239999771118164,0
2017-06-22,2017-06-22T00:00:00Z,2.7300000190734863,2.739000082015991,2.7139999866485596,2.7239999771118164,0
2017-06-23,2017-06-23T00:00:00Z,2.7249999046325684,2.739000082015991,2.7100000381469727,2.7139999866485596,0
2017-06-26,2017-06-26T00:00:00Z,2.7130000591278076,2.7160000801086426,2.681999921798706,2.696000099182129,0
2017-06-27,2017-06-27T00:00:00Z,2.7230000495910645,2.765000104904175,2.7209999561309814,2.74399995803833,0
2017-06-28,2017-06-28T00:00:00Z,2.756999969482422,2.7920000553131104,2.75,2.7739999294281006,0
2017-06-29,2017-06-29T00:00:00Z,2.8259999752044678,2.8420000076293945,2.806999921798706,2.813999891281128,0
2017-06-30,2017-06-30T00:00:00Z,2.816999912261963,2.8450000286102295,2.816999912261963,2.8399999141693115,0
2017-07-03,2017-07-03T00:00:00Z,2.8389999866485596,2.872999906539917,2.822999954223633,2.861999988555908,0
2017-07-05,2017-07-05T00:00:00Z,2.8529999256134033,2.868000030517578,2.8450000286102295,2.8550000190734863,0
2017-07-06,2017-07-06T00:00:00Z,2.88700008392334,2.9230000972747803,2.885999917984009,2.9030001163482666,0
2017-07-07,2017-07-07T00:00:00Z,2.9200000762939453,2.943000078201294,2.9089999198913574,2.934999942779541,0
2017-07-10,2017-07-10T00:00:00Z,2.9200000762939453,2.934999942779541,2.9170000553131104,2.9230000972747803,0
2017-07-11,2017-07-11T00:00:00Z,2.936000108718872,2.937999963760376,2.9089999198913574,2.9230000972747803,0
2017-07-12,2017-07-12T00:00:00Z,2.9159998893737793,2.9159998893737793,2.878000020980835,2.8949999809265137,0
2017-07-13,2017-07-13T00:00:00Z,2.8959999084472656,2.937999963760376,2.8919999599456787,2.9230000972747803,0
2017-07-14,2017-07-14T00:00:00Z,2.9130001068115234,2.9210000038146973,2.868000030517578,2.9100000858306885,0
2017-07-17,2017-07-17T00:00:00Z,2.8940000534057617,2.9159998893737793,2.888000011444092,2.8929998874664307,0
2017-07-18,2017-07-18T00:00:00Z,2.88100004196167,2.884999990463257,2.8489999771118164,2.8510000705718994,0
2017-07-19,2017-07-19T00:00:00Z,2.8540000915527344,2.8580000400543213,2.8399999141693115,2.8450000286102295,0
2017-07-20,2017-07-20T00:00:00Z,2.8320000171661377,2.8429999351501465,2.809999942779541,2.8369998931884766,0
2017-07-21,2017-07-21T00:00:00Z,2.818000078201294,2.821000099182129,2.796999931335449,2.802000045776367,0
2017-07-24,2017-07-24T00:00:00Z,2.822000026702881,2.8369998931884766,2.815999984741211,2.8329999446868896,0
2017-07-25,2017-07-25T00:00:00Z,2.8589999675750732,2.9119999408721924,2.8580000400543213,2.9100000858306885,0
2017-07-26,2017-07-26T00:00:00Z,2.9159998893737793,2.930999994277954,2.8910000324249268,2.8910000324249268,0
2017-07-27,2017-07-27T00:00:00Z,2.9210000038146973,2.944000005722046,2.9159998893737793,2.927999973297119,0
2017-07-28,2017-07-28T00:00:00Z,2.930000066757202,2.930999994277954,2.8919999599456787,2.8919999599456787,0
2017-07-31,2017-07-31T00:00:00Z,2.9019999504089355,2.9170000553131104,2.8949999809265137,2.8980000019073486,0
2017-08-01,2017-08-01T00:00:00Z,2.9089999198913574,2.930000066757202,2.8510000705718994,2.8510000705718994,0
2017-08-02,2017-08-02T00:00:00Z,2.875,2.878000020980835,2.8329999446868896,2.8450000286102295,0
2017-08-03,2017-08-03T00:00:00Z,2.819999933242798,2.8299999237060547,2.805999994277954,2.805999994277954,0
2017-08-04,2017-08-04T00:00:00Z,2.812000036239624,2.86299991607666,2.806999921798706,2.8440001010894775,0
2017-08-07,2017-08-07T00:00:00Z,2.8489999771118164,2.8559999465942383,2.8340001106262207,2.8369998931884766,0
2017-08-08,2017-08-08T00:00:00Z,2.8389999866485596,2.874000072479248,2.8310000896453857,2.867000102996826,0
2017-08-09,2017-08-09T00:00:00Z,2.809000015258789,2.8310000896453857,2.7909998893737793,2.816999912261963,0
2017-08-10,2017-08-10T00:00:00Z,2.821000099182129,2.822000026702881,2.7850000858306885,2.7869999408721924,0
2017-08-11,2017-08-11T00:00:00Z,2.7820000648498535,2.819999933242798,2.7690000534057617,2.7869999408721924,0
2017-08-14,2017-08-14T00:00:00Z,2.812000036239624,2.816999912261963,2.7929999828338623,2.805000066757202,0
2017-08-15,2017-08-15T00:00:00Z,2.8469998836517334,2.871000051498413,2.8259999752044678,2.8410000801086426,0
2017-08-16,2017-08-16T00:00:00Z,2.859999895095825,2.861999988555908,2.802999973297119,2.808000087738037,0
2017-08-17,2017-08-17T00:00:00Z,2.819999933242798,2.828000068664551,2.7799999713897705,2.7820000648498535,0
2017-08-18,2017-08-18T00:00:00Z,2.7730000019073486,2.7929999828338623,2.755000114440918,2.7769999504089355,0
2017-08-21,2017-08-21T00:00:00Z,2.76200008392334,2.7820000648498535,2.760999917984009,2.763000011444092,0
2017-08-22,2017-08-22T00:00:00Z,2.7820000648498535,2.7920000553131104,2.7669999599456787,2.7890000343322754,0
2017-08-23,2017-08-23T00:00:00Z,2.7690000534057617,2.7720000743865967,2.749000072479248,2.749000072479248,0
2017-08-24,2017-08-24T00:00:00Z,2.757999897003174,2.7690000534057617,2.747999906539917,2.7690000534057617,0
2017-08-25,2017-08-25T00:00:00Z,2.7690000534057617,2.7760000228881836,2.74399995803833,2.750999927520752,0
2017-08-28,2017-08-28T00:00:00Z,2.76200008392334,2.7750000953674316,2.746999979019165,2.752000093460083,0
2017-08-29,2017-08-29T00:00:00Z,2.7130000591278076,2.752000093460083,2.694000005722046,2.747999906539917,0
2017-08-30,2017-08-30T00:00:00Z,2.747999906539917,2.757999897003174,2.7360000610351562,2.747999906539917,0
2017-08-31,2017-08-31T00:00:00Z,2.746999979019165,2.752000093460083,2.7239999771118164,2.7249999046325684,0
2017-09-01,2017-09-01T00:00:00Z,2.734999895095825,2.7809998989105225,2.7160000801086426,2.7679998874664307,0
2017-09-05,2017-09-05T00:00:00Z,2.759999990463257,2.759999990463257,2.687000036239624,2.687999963760376,0
2017-09-06,2017-09-06T00:00:00Z,2.693000078201294,2.7290000915527344,2.6760001182556152,2.7239999771118164,0
2017-09-07,2017-09-07T00:00:00Z,2.700000047683716,2.7119998931884766,2.6510000228881836,2.677000045776367,0
2017-09-08,2017-09-08T00:00:00Z,2.6589999198913574,2.694000005722046,2.6579999923706055,2.678999900817871,0
2017-09-11,2017-09-11T00:00:00Z,2.7139999866485596,2.752000093460083,2.7090001106262207,2.73799991607666,0
2017-09-12,2017-09-12T00:00:00Z,2.752000093460083,2.7820000648498535,2.75,2.7750000953674316,0
2017-09-13,2017-09-13T00:00:00Z,2.7679998874664307,2.7960000038146973,2.765000104904175,2.7950000762939453,0
2017-09-14,2017-09-14T00:00:00Z,2.802999973297119,2.812000036239624,2.7720000743865967,2.7809998989105225,0
2017-09-15,2017-09-15T00:00:00Z,2.7660000324249268,2.7839999198913574,2.757999897003174,2.7720000743865967,0
2017-09-18,2017-09-18T00:00:00Z,2.7799999713897705,2.813999891281128,2.7739999294281006,2.802999973297119,0
2017-09-19,2017-09-19T00:00:00Z,2.7939999103546143,2.818000078201294,2.7899999618530273,2.812999963760376,0
2017-09-20,2017-09-20T00:00:00Z,2.806999921798706,2.8359999656677246,2.802999973297119,2.821000099182129,0
2017-09-21,2017-09-21T00:00:00Z,2.799999952316284,2.812000036239624,2.7820000648498535,2.808000087738037,0
2017-09-22,2017-09-22T00:00:00Z,2.7869999408721924,2.802999973297119,2.7750000953674316,2.7960000038146973,0
2017-09-25,2017-09-25T00:00:00Z,2.7730000019073486,2.7960000038146973,2.752000093460083,2.759999990463257,0
2017-09-26,2017-09-26T00:00:00Z,2.763000011444092,2.7869999408721924,2.755000114440918,2.7699999809265137,0
2017-09-27,2017-09-27T00:00:00Z,2.825000047683716,2.86899995803833,2.825000047683716,2.86299991607666,0
2017-09-28,2017-09-28T00:00:00Z,2.885999917984009,2.9000000953674316,2.867000102996826,2.86899995803833,0
2017-09-29,2017-09-29T00:00:00Z,2.871999979019165,2.884000062942505,2.8510000705718994,2.8570001125335693,0
2017-10-02,2017-10-02T00:00:00Z,2.865999937057495,2.874000072479248,2.8429999351501465,2.865000009536743,0
2017-10-03,2017-10-03T00:00:00Z,2.885999917984009,2.9010000228881836,2.865999937057495,2.874000072479248,0
2017-10-04,2017-10-04T00:00:00Z,2.8550000190734863,2.8940000534057617,2.8550000190734863,2.877000093460083,0
2017-10-05,2017-10-05T00:00:00Z,2.867000102996826,2.9010000228881836,2.861999988555908,2.8929998874664307,0
2017-10-06,2017-10-06T00:00:00Z,2.9049999713897705,2.933000087738037,2.88700008392334,2.9059998989105225,0
2017-10-09,2017-10-09T00:00:00Z,2.8940000534057617,2.8940000534057617,2.8940000534057617,2.8940000534057617,0
2017-10-10,2017-10-10T00:00:00Z,2.8949999809265137,2.9010000228881836,2.8529999256134033,2.88100004196167,0
2017-10-11,2017-10-11T00:00:00Z,2.880000114440918,2.88100004196167,2.86299991607666,2.875,0
2017-10-12,2017-10-12T00:00:00Z,2.871000051498413,2.884999990463257,2.8499999046325684,2.8529999256134033,0
2017-10-13,2017-10-13T00:00:00Z,2.8559999465942383,2.859999895095825,2.808000087738037,2.812000036239624,0
2017-10-16,2017-10-16T00:00:00Z,2.818000078201294,2.8329999446868896,2.811000108718872,2.822000026702881,0
2017-10-17,2017-10-17T00:00:00Z,2.822000026702881,2.8420000076293945,2.802000045776367,2.802999973297119,0
2017-10-18,2017-10-18T00:00:00Z,2.8329999446868896,2.86299991607666,2.8289999961853027,2.8499999046325684,0
2017-10-19,2017-10-19T00:00:00Z,2.8289999961853027,2.8329999446868896,2.805000066757202,2.8289999961853027,0
2017-10-20,2017-10-20T00:00:00Z,2.877000093460083,2.9110000133514404,2.877000093460083,2.8940000534057617,0
2017-10-23,2017-10-23T00:00:00Z,2.9010000228881836,2.9040000438690186,2.875,2.890000104904175,0
2017-10-24,2017-10-24T00:00:00Z,2.9260001182556152,2.931999921798706,2.9119999408721924,2.921999931335449,0
2017-10-25,2017-10-25T00:00:00Z,2.9619998931884766,2.9800000190734863,2.943000078201294,2.9549999237060547,0
2017-10-26,2017-10-26T00:00:00Z,2.933000087738037,2.9670000076293945,2.930000066757202,2.9600000381469727,0
2017-10-27,2017-10-27T00:00:00Z,2.9590001106262207,2.9709999561309814,2.931999921798706,2.936000108718872,0
2017-10-30,2017-10-30T00:00:00Z,2.9230000972747803,2.927999973297119,2.880000114440918,2.880000114440918,0
2017-10-31,2017-10-31T00:00:00Z,2.878000020980835,2.885999917984009,2.869999885559082,2.875,0
2017-11-01,2017-11-01T00:00:00Z,2.8970000743865967,2.8989999294281006,2.8369998931884766,2.861999988555908,0
2017-11-02,2017-11-02T00:00:00Z,2.8480000495910645,2.8559999465942383,2.822000026702881,2.8289999961853027,0
2017-11-03,2017-11-03T00:00:00Z,2.828000068664551,2.8380000591278076,2.809000015258789,2.822000026702881,0
2017-11-06,2017-11-06T00:00:00Z,2.803999900817871,2.812000036239624,2.7920000553131104,2.796999931335449,0
2017-11-07,2017-11-07T00:00:00Z,2.803999900817871,2.803999900817871,2.7679998874664307,2.7690000534057617,0
2017-11-08,2017-11-08T00:00:00Z,2.7769999504089355,2.7890000343322754,2.7669999599456787,2.7839999198913574,0
2017-11-09,2017-11-09T00:00:00Z,2.809000015258789,2.821000099182129,2.7920000553131104,2.805999994277954,0
2017-11-10,2017-11-10T00:00:00Z,2.8499999046325684,2.890000104904175,2.8480000495910645,2.880000114440918,0
2017-11-13,2017-11-13T00:00:00Z,2.8540000915527344,2.875,2.8489999771118164,2.86899995803833,0
2017-11-14,2017-11-14T00:00:00Z,2.8469998836517334,2.8589999675750732,2.8320000171661377,2.8389999866485596,0
2017-11-15,2017-11-15T00:00:00Z,2.7960000038146973,2.812000036239624,2.7739999294281006,2.7809998989105225,0
2017-11-16,2017-11-16T00:00:00Z,2.796999931335449,2.806999921798706,2.7820000648498535,2.805999994277954,0
2017-11-17,2017-11-17T00:00:00Z,2.813999891281128,2.825000047683716,2.7780001163482666,2.7929999828338623,0
2017-11-20,2017-11-20T00:00:00Z,2.7730000019073486,2.8010001182556152,2.7730000019073486,2.7929999828338623,0
2017-11-21,2017-11-21T00:00:00Z,2.7669999599456787,2.7809998989105225,2.739000082015991,2.763000011444092,0
2017-11-22,2017-11-22T00:00:00Z,2.7829999923706055,2.7860000133514404,2.742000102996826,2.746000051498413,0
2017-11-24,2017-11-24T00:00:00Z,2.757999897003174,2.765000104904175,2.752000093460083,2.76200008392334,0
2017-11-27,2017-11-27T00:00:00Z,2.746999979019165,2.7780001163482666,2.744999885559082,2.765000104904175,0
2017-11-28,2017-11-28T00:00:00Z,2.7720000743865967,2.7760000228881836,2.744999885559082,2.7660000324249268,0
2017-11-29,2017-11-29T00:00:00Z,2.802999973297119,2.8359999656677246,2.802999973297119,2.816999912261963,0
2017-11-30,2017-11-30T00:00:00Z,2.828000068664551,2.86899995803833,2.819999933242798,2.8320000171661377,0
2017-12-01,2017-12-01T00:00:00Z,2.7909998893737793,2.828000068664551,2.7170000076293945,2.757999897003174,0
2017-12-04,2017-12-04T00:00:00Z,2.7939999103546143,2.799999952316284,2.7660000324249268,2.7690000534057617,0
2017-12-05,2017-12-05T00:00:00Z,2.7839999198913574,2.7869999408721924,2.7260000705718994,2.7320001125335693,0
2017-12-06,2017-12-06T00:00:00Z,2.7190001010894775,2.7200000286102295,2.694999933242798,2.7190001010894775,0
2017-12-07,2017-12-07T00:00:00Z,2.7219998836517334,2.7760000228881836,2.700000047683716,2.7750000953674316,0
2017-12-08,2017-12-08T00:00:00Z,2.7690000534057617,2.7890000343322754,2.757999897003174,2.7750000953674316,0
2017-12-11,2017-12-11T00:00:00Z,2.746999979019165,2.7720000743865967,2.742000102996826,2.7709999084472656,0
2017-12-12,2017-12-12T00:00:00Z,2.7760000228881836,2.808000087738037,2.7760000228881836,2.7809998989105225,0
2017-12-13,2017-12-13T00:00:00Z,2.7960000038146973,2.796999931335449,2.7339999675750732,2.7339999675750732,0
2017-12-14,2017-12-14T00:00:00Z,2.73799991607666,2.757999897003174,2.7060000896453857,2.7100000381469727,0
2017-12-15,2017-12-15T00:00:00Z,2.7060000896453857,2.7249999046325684,2.687000036239624,2.688999891281128,0
2017-12-18,2017-12-18T00:00:00Z,2.700000047683716,2.752000093460083,2.697000026702881,2.74399995803833,0
2017-12-19,2017-12-19T00:00:00Z,2.753999948501587,2.8320000171661377,2.752000093460083,2.821000099182129,0
2017-12-20,2017-12-20T00:00:00Z,2.8519999980926514,2.877000093460083,2.8489999771118164,2.875999927520752,0
2017-12-21,2017-12-21T00:00:00Z,2.861999988555908,2.869999885559082,2.8289999961853027,2.8320000171661377,0
2017-12-22,2017-12-22T00:00:00Z,2.8429999351501465,2.8480000495910645,2.8320000171661377,2.8329999446868896,0
2017-12-26,2017-12-26T00:00:00Z,2.8389999866485596,2.8440001010894775,2.803999900817871,2.812999963760376,0
2017-12-27,2017-12-27T00:00:00Z,2.811000108718872,2.811000108718872,2.740999937057495,2.747999906539917,0
2017-12-28,2017-12-28T00:00:00Z,2.765000104904175,2.7699999809265137,2.750999927520752,2.75600004196167,0
2017-12-29,2017-12-29T00:00:00Z,2.7679998874664307,2.7780001163482666,2.73799991607666,2.739000082015991,0
2018-01-02,2018-01-02T00:00:00Z,2.7739999294281006,2.8259999752044678,2.7639999389648438,2.811000108718872,0
2018-01-03,2018-01-03T00:00:00Z,2.7950000762939453,2.811000108718872,2.7829999923706055,2.7850000858306885,0
2018-01-04,2018-01-04T00:00:00Z,2.803999900817871,2.815000057220459,2.7799999713897705,2.7860000133514404,0
2018-01-05,2018-01-05T00:00:00Z,2.799999952316284,2.819000005722046,2.7790000438690186,2.811000108718872,0
2018-01-08,2018-01-08T00:00:00Z,2.802000045776367,2.8269999027252197,2.7899999618530273,2.813999891281128,0
2018-01-09,2018-01-09T00:00:00Z,2.8329999446868896,2.888000011444092,2.8310000896453857,2.88700008392334,0
2018-01-10,2018-01-10T00:00:00Z,2.934999942779541,2.944000005722046,2.8910000324249268,2.8910000324249268,0
2018-01-11,2018-01-11T00:00:00Z,2.9059998989105225,2.9149999618530273,2.8559999465942383,2.865000009536743,0
2018-01-12,2018-01-12T00:00:00Z,2.871000051498413,2.9030001163482666,2.8480000495910645,2.8529999256134033,0
2018-01-16,2018-01-16T00:00:00Z,2.8410000801086426,2.8559999465942383,2.825000047683716,2.8359999656677246,0
2018-01-17,2018-01-17T00:00:00Z,2.8389999866485596,2.8550000190734863,2.808000087738037,2.8480000495910645,0
2018-01-18,2018-01-18T00:00:00Z,2.88700008392334,2.8970000743865967,2.869999885559082,2.888000011444092,0
2018-01-19,2018-01-19T00:00:00Z,2.9049999713897705,2.927000045776367,2.8910000324249268,2.9119999408721924,0
2018-01-22,2018-01-22T00:00:00Z,2.927999973297119,2.930999994277954,2.8989999294281006,2.927999973297119,0
2018-01-23,2018-01-23T00:00:00Z,2.8919999599456787,2.9189999103546143,2.877000093460083,2.9019999504089355,0
2018-01-24,2018-01-24T00:00:00Z,2.937999963760376,2.9549999237060547,2.9240000247955322,2.937999963760376,0
2018-01-25,2018-01-25T00:00:00Z,2.9149999618530273,2.940000057220459,2.878999948501587,2.88100004196167,0
2018-01-26,2018-01-26T00:00:00Z,2.890000104904175,2.9260001182556152,2.884999990463257,2.9119999408721924,0
2018-01-29,2018-01-29T00:00:00Z,2.9630000591278076,2.9709999561309814,2.933000087738037,2.943000078201294,0
2018-01-30,2018-01-30T00:00:00Z,2.9600000381469727,2.99399995803833,2.9539999961853027,2.9800000190734863,0
2018-01-31,2018-01-31T00:00:00Z,2.9549999237060547,2.9830000400543213,2.937000036239624,2.941999912261963,0
2018-02-01,2018-02-01T00:00:00Z,2.9639999866485596,3.00600004196167,2.943000078201294,3.005000114440918,0
2018-02-02,2018-02-02T00:00:00Z,3.0280001163482666,3.0989999771118164,3.0280001163482666,3.0969998836517334,0
2018-02-05,2018-02-05T00:00:00Z,3.0880000591278076,3.125999927520752,3.065999984741211,3.066999912261963,0
2018-02-06,2018-02-06T00:00:00Z,3.0329999923706055,3.0769999027252197,3.0230000019073486,3.0439999103546143,0
2018-02-07,2018-02-07T00:00:00Z,3.052999973297119,3.125999927520752,3.0369999408721924,3.117000102996826,0
2018-02-08,2018-02-08T00:00:00Z,3.1459999084472656,3.1679999828338623,3.1059999465942383,3.13700008392334,0
2018-02-09,2018-02-09T00:00:00Z,3.13700008392334,3.1600000858306885,3.109999895095825,3.135999917984009,0
2018-02-12,2018-02-12T00:00:00Z,3.1689999103546143,3.1700000762939453,3.0989999771118164,3.13700008392334,0
2018-02-13,2018-02-13T00:00:00Z,3.130000114440918,3.1410000324249268,3.122999906539917,3.128000020980835,0
2018-02-14,2018-02-14T00:00:00Z,3.1050000190734863,3.178999900817871,3.0959999561309814,3.177000045776367,0
2018-02-15,2018-02-15T00:00:00Z,3.1600000858306885,3.1700000762939453,3.121000051498413,3.1419999599456787,0
2018-02-16,2018-02-16T00:00:00Z,3.127000093460083,3.1459999084472656,3.1029999256134033,3.135999917984009,0
2018-02-20,2018-02-20T00:00:00Z,3.1510000228881836,3.1700000762939453,3.13700008392334,3.1549999713897705,0
2018-02-21,2018-02-21T00:00:00Z,3.1530001163482666,3.2209999561309814,3.1449999809265137,3.2200000286102295,0
2018-02-22,2018-02-22T00:00:00Z,3.194999933242798,3.2119998931884766,3.180000066757202,3.2060000896453857,0
2018-02-23,2018-02-23T00:00:00Z,3.1700000762939453,3.180000066757202,3.1510000228881836,3.1600000858306885,0
2018-02-26,2018-02-26T00:00:00Z,3.131999969482422,3.1589999198913574,3.122999906539917,3.1549999713897705,0
2018-02-27,2018-02-27T00:00:00Z,3.1610000133514404,3.1989998817443848,3.132999897003174,3.1740000247955322,0
2018-02-28,2018-02-28T00:00:00Z,3.140000104904175,3.1540000438690186,3.127000093460083,3.127000093460083,0
2018-03-01,2018-03-01T00:00:00Z,3.1029999256134033,3.1459999084472656,3.0789999961853027,3.0880000591278076,0
2018-03-02,2018-03-02T00:00:00Z,3.1040000915527344,3.1470000743865967,3.1040000915527344,3.13100004196167,0
2018-03-05,2018-03-05T00:00:00Z,3.127000093460083,3.1710000038146973,3.114000082015991,3.1510000228881836,0
2018-03-06,2018-03-06T00:00:00Z,3.1600000858306885,3.1610000133514404,3.122999906539917,3.135999917984009,0
2018-03-07,2018-03-07T00:00:00Z,3.138000011444092,3.1549999713897705,3.121999979019165,3.1519999504089355,0
2018-03-08,2018-03-08T00:00:00Z,3.1530001163482666,3.1559998989105225,3.1110000610351562,3.132999897003174,0
2018-03-09,2018-03-09T00:00:00Z,3.1410000324249268,3.177999973297119,3.140000104904175,3.1589999198913574,0
2018-03-12,2018-03-12T00:00:00Z,3.1559998989105225,3.1600000858306885,3.128999948501587,3.128999948501587,0
2018-03-13,2018-03-13T00:00:00Z,3.127000093460083,3.135999917984009,3.0959999561309814,3.1010000705718994,0
2018-03-14,2018-03-14T00:00:00Z,3.0910000801086426,3.0980000495910645,3.046999931335449,3.058000087738037,0
2018-03-15,2018-03-15T00:00:00Z,3.0510001182556152,3.069000005722046,3.0420000553131104,3.061000108718872,0
2018-03-16,2018-03-16T00:00:00Z,3.052000045776367,3.0889999866485596,3.052000045776367,3.0799999237060547,0
2018-03-19,2018-03-19T00:00:00Z,3.1019999980926514,3.1110000610351562,3.069000005722046,3.0789999961853027,0
2018-03-20,2018-03-20T00:00:00Z,3.1059999465942383,3.121000051498413,3.1040000915527344,3.109999895095825,0
2018-03-21,2018-03-21T00:00:00Z,3.131999969482422,3.1570000648498535,3.0999999046325684,3.128999948501587,0
2018-03-22,2018-03-22T00:00:00Z,3.0739998817443848,3.0859999656677246,3.0320000648498535,3.069000005722046,0
2018-03-23,2018-03-23T00:00:00Z,3.0959999561309814,3.1010000705718994,3.066999912261963,3.0759999752044678,0
2018-03-26,2018-03-26T00:00:00Z,3.0920000076293945,3.0920000076293945,3.052999973297119,3.071000099182129,0
2018-03-27,2018-03-27T00:00:00Z,3.0810000896453857,3.0840001106262207,3.0290000438690186,3.0290000438690186,0
2018-03-28,2018-03-28T00:00:00Z,3.0260000228881836,3.0350000858306885,2.999000072479248,3.0139999389648438,0
2018-03-29,2018-03-29T00:00:00Z,3.002000093460083,3.003999948501587,2.9679999351501465,2.9719998836517334,0
2018-04-02,2018-04-02T00:00:00Z,2.990999937057495,3.009999990463257,2.9560000896453857,2.9700000286102295,0
2018-04-03,2018-04-03T00:00:00Z,2.993000030517578,3.0230000019073486,2.9860000610351562,3.0179998874664307,0
2018-04-04,2018-04-04T00:00:00Z,3.002000093460083,3.0350000858306885,2.986999988555908,3.0280001163482666,0
2018-04-05,2018-04-05T00:00:00Z,3.061000108718872,3.075000047683716,3.052999973297119,3.072999954223633,0
2018-04-06,2018-04-06T00:00:00Z,3.062999963760376,3.066999912261963,3.0179998874664307,3.0179998874664307,0
2018-04-09,2018-04-09T00:00:00Z,3.0290000438690186,3.052000045776367,3.0179998874664307,3.0179998874664307,0
2018-04-10,2018-04-10T00:00:00Z,3.0220000743865967,3.0369999408721924,3.00600004196167,3.0169999599456787,0
2018-04-11,2018-04-11T00:00:00Z,2.999000072479248,3.009999990463257,2.9709999561309814,3.00600004196167,0
2018-04-12,2018-04-12T00:00:00Z,3.007999897003174,3.049999952316284,3.00600004196167,3.0399999618530273,0
2018-04-13,2018-04-13T00:00:00Z,3.0429999828338623,3.0480000972747803,3.0179998874664307,3.0360000133514404,0
2018-04-16,2018-04-16T00:00:00Z,3.066999912261963,3.069999933242798,3.0269999504089355,3.0299999713897705,0
2018-04-17,2018-04-17T00:00:00Z,3.0339999198913574,3.0350000858306885,2.997999906539917,2.999000072479248,0
2018-04-18,2018-04-18T00:00:00Z,3.0230000019073486,3.0510001182556152,3.009000062942505,3.0460000038146973,0
2018-04-19,2018-04-19T00:00:00Z,3.0799999237060547,3.127000093460083,3.0799999237060547,3.1050000190734863,0
2018-04-20,2018-04-20T00:00:00Z,3.109999895095825,3.1440000534057617,3.1059999465942383,3.1419999599456787,0
2018-04-23,2018-04-23T00:00:00Z,3.1600000858306885,3.1640000343322754,3.1389999389648438,3.1440000534057617,0
2018-04-24,2018-04-24T00:00:00Z,3.13700008392334,3.1730000972747803,3.13700008392334,3.1679999828338623,0
2018-04-25,2018-04-25T00:00:00Z,3.2090001106262207,3.2190001010894775,3.186000108718872,3.2090001106262207,0
2018-04-26,2018-04-26T00:00:00Z,3.174999952316284,3.187999963760376,3.1630001068115234,3.174999952316284,0
2018-04-27,2018-04-27T00:00:00Z,3.1500000953674316,3.1579999923706055,3.122999906539917,3.125,0
2018-04-30,2018-04-30T00:00:00Z,3.118000030517578,3.119999885559082,3.0959999561309814,3.0969998836517334,0
2018-05-01,2018-05-01T00:00:00Z,3.130000114440918,3.1459999084472656,3.125,3.13700008392334,0
2018-05-02,2018-05-02T00:00:00Z,3.1500000953674316,3.1559998989105225,3.119999885559082,3.134999990463257,0
2018-05-03,2018-05-03T00:00:00Z,3.118000030517578,3.128000020980835,3.1019999980926514,3.121000051498413,0
2018-05-04,2018-05-04T00:00:00Z,3.1050000190734863,3.1389999389648438,3.0889999866485596,3.115000009536743,0
2018-05-07,2018-05-07T00:00:00Z,3.122999906539917,3.128000020980835,3.115999937057495,3.119999885559082,0
2018-05-08,2018-05-08T00:00:00Z,3.122999906539917,3.1489999294281006,3.115999937057495,3.125,0
2018-05-09,2018-05-09T00:00:00Z,3.1530001163482666,3.1610000133514404,3.1429998874664307,3.1549999713897705,0
2018-05-10,2018-05-10T00:00:00Z,3.1489999294281006,3.1500000953674316,3.115999937057495,3.121000051498413,0
2018-05-11,2018-05-11T00:00:00Z,3.1050000190734863,3.121999979019165,3.0950000286102295,3.1110000610351562,0
2018-05-14,2018-05-14T00:00:00Z,3.128999948501587,3.131999969482422,3.115000009536743,3.128999948501587,0
2018-05-15,2018-05-15T00:00:00Z,3.1530001163482666,3.2239999771118164,3.1489999294281006,3.2090001106262207,0
2018-05-16,2018-05-16T00:00:00Z,3.186000108718872,3.2179999351501465,3.181999921798706,3.2160000801086426,0
2018-05-17,2018-05-17T00:00:00Z,3.2320001125335693,3.246999979019165,3.2209999561309814,3.246000051498413,0
2018-05-18,2018-05-18T00:00:00Z,3.239000082015991,3.243000030517578,3.2060000896453857,3.2100000381469727,0
2018-05-21,2018-05-21T00:00:00Z,3.2109999656677246,3.2139999866485596,3.194999933242798,3.2070000171661377,0
2018-05-22,2018-05-22T00:00:00Z,3.2119998931884766,3.2200000286102295,3.197000026702881,3.2090001106262207,0
2018-05-23,2018-05-23T00:00:00Z,3.1619999408721924,3.181999921798706,3.1600000858306885,3.1689999103546143,0
2018-05-24,2018-05-24T00:00:00Z,3.1530001163482666,3.1570000648498535,3.115999937057495,3.13100004196167,0
2018-05-25,2018-05-25T00:00:00Z,3.1019999980926514,3.1019999980926514,3.0799999237060547,3.0899999141693115,0
2018-05-29,2018-05-29T00:00:00Z,3.055000066757202,3.062999963760376,2.9539999961853027,2.9679999351501465,0
2018-05-30,2018-05-30T00:00:00Z,3.049999952316284,3.049999952316284,3.005000114440918,3.0139999389648438,0
2018-05-31,2018-05-31T00:00:00Z,3.0320000648498535,3.0329999923706055,2.9839999675750732,2.9860000610351562,0
2018-06-01,2018-06-01T00:00:00Z,3.055999994277954,3.069999933242798,3.0299999713897705,3.0460000038146973,0
2018-06-04,2018-06-04T00:00:00Z,3.058000087738037,3.0859999656677246,3.0460000038146973,3.0840001106262207,0
2018-06-05,2018-06-05T00:00:00Z,3.059000015258789,3.0820000171661377,3.052999973297119,3.075000047683716,0
2018-06-06,2018-06-06T00:00:00Z,3.1080000400543213,3.13700008392334,3.1019999980926514,3.130000114440918,0
2018-06-07,2018-06-07T00:00:00Z,3.140000104904175,3.140000104904175,3.0429999828338623,3.0799999237060547,0
2018-06-08,2018-06-08T00:00:00Z,3.0739998817443848,3.0899999141693115,3.069000005722046,3.0820000171661377,0
2018-06-11,2018-06-11T00:00:00Z,3.1019999980926514,3.1110000610351562,3.0920000076293945,3.0980000495910645,0
2018-06-12,2018-06-12T00:00:00Z,3.1080000400543213,3.118000030517578,3.0880000591278076,3.0920000076293945,0
2018-06-13,2018-06-13T00:00:00Z,3.0850000381469727,3.122999906539917,3.0789999961853027,3.1010000705718994,0
2018-06-14,2018-06-14T00:00:00Z,3.055000066757202,3.0859999656677246,3.046999931335449,3.066999912261963,0
2018-06-15,2018-06-15T00:00:00Z,3.046999931335449,3.0510001182556152,3.0139999389648438,3.046999931335449,0
2018-06-18,2018-06-18T00:00:00Z,3.0290000438690186,3.062999963760376,3.0290000438690186,3.055000066757202,0
2018-06-19,2018-06-19T00:00:00Z,3.0199999809265137,3.0290000438690186,3.003999948501587,3.0280001163482666,0
2018-06-20,2018-06-20T00:00:00Z,3.0320000648498535,3.065999984741211,3.0230000019073486,3.062999963760376,0
2018-06-21,2018-06-21T00:00:00Z,3.063999891281128,3.063999891281128,3.0350000858306885,3.0429999828338623,0
2018-06-22,2018-06-22T00:00:00Z,3.058000087738037,3.072999954223633,3.0429999828338623,3.0450000762939453,0
2018-06-25,2018-06-25T00:00:00Z,3.0320000648498535,3.0429999828338623,3.0179998874664307,3.0239999294281006,0
2018-06-26,2018-06-26T00:00:00Z,3.0190000534057617,3.0380001068115234,3.0160000324249268,3.0280001163482666,0
2018-06-27,2018-06-27T00:00:00Z,3.010999917984009,3.010999917984009,2.9690001010894775,2.9709999561309814,0
2018-06-28,2018-06-28T00:00:00Z,2.9670000076293945,2.9839999675750732,2.9660000801086426,2.9779999256134033,0
2018-06-29,2018-06-29T00:00:00Z,2.9749999046325684,2.9830000400543213,2.9539999961853027,2.9830000400543213,0
2018-07-02,2018-07-02T00:00:00Z,2.9660000801086426,2.996999979019165,2.9660000801086426,2.990000009536743,0
2018-07-03,2018-07-03T00:00:00Z,3.000999927520752,3.000999927520752,2.9630000591278076,2.9660000801086426,0
2018-07-05,2018-07-05T00:00:00Z,2.9820001125335693,2.984999895095825,2.940999984741211,2.953000068664551,0
2018-07-06,2018-07-06T00:00:00Z,2.944999933242798,2.944999933242798,2.924999952316284,2.940999984741211,0
2018-07-09,2018-07-09T00:00:00Z,2.9690001010894775,2.9700000286102295,2.9560000896453857,2.9660000801086426,0
2018-07-10,2018-07-10T00:00:00Z,2.9700000286102295,2.9730000495910645,2.9590001106262207,2.9709999561309814,0
2018-07-11,2018-07-11T00:00:00Z,2.944999933242798,2.9619998931884766,2.940000057220459,2.944999933242798,0
2018-07-12,2018-07-12T00:00:00Z,2.9600000381469727,2.9660000801086426,2.946000099182129,2.950000047683716,0
2018-07-13,2018-07-13T00:00:00Z,2.940999984741211,2.947000026702881,2.930000066757202,2.933000087738037,0
2018-07-16,2018-07-16T00:00:00Z,2.9609999656677246,2.984999895095825,2.9600000381469727,2.9670000076293945,0
2018-07-17,2018-07-17T00:00:00Z,2.9549999237060547,2.9739999771118164,2.9519999027252197,2.9709999561309814,0
2018-07-18,2018-07-18T00:00:00Z,2.9590001106262207,2.989000082015991,2.9570000171661377,2.989000082015991,0
2018-07-19,2018-07-19T00:00:00Z,2.994999885559082,3.003000020980835,2.9519999027252197,2.9670000076293945,0
2018-07-20,2018-07-20T00:00:00Z,2.9749999046325684,3.0329999923706055,2.9679999351501465,3.0309998989105225,0
2018-07-23,2018-07-23T00:00:00Z,3.0269999504089355,3.1040000915527344,3.0269999504089355,3.1040000915527344,0
2018-07-24,2018-07-24T00:00:00Z,3.0929999351501465,3.1059999465942383,3.072999954223633,3.0759999752044678,0
2018-07-25,2018-07-25T00:00:00Z,3.062000036239624,3.072000026702881,3.052999973297119,3.063999891281128,0
2018-07-26,2018-07-26T00:00:00Z,3.0959999561309814,3.0999999046325684,3.072000026702881,3.0999999046325684,0
2018-07-27,2018-07-27T00:00:00Z,3.1010000705718994,3.109999895095825,3.072999954223633,3.0880000591278076,0
2018-07-30,2018-07-30T00:00:00Z,3.111999988555908,3.115999937057495,3.0940001010894775,3.1059999465942383,0
2018-07-31,2018-07-31T00:00:00Z,3.078000068664551,3.0869998931884766,3.062000036239624,3.0829999446868896,0
2018-08-01,2018-08-01T00:00:00Z,3.114000082015991,3.1470000743865967,3.1110000610351562,3.127000093460083,0
2018-08-02,2018-08-02T00:00:00Z,3.115000009536743,3.135999917984009,3.109999895095825,3.119999885559082,0
2018-08-03,2018-08-03T00:00:00Z,3.111999988555908,3.118000030517578,3.0910000801086426,3.0929999351501465,0
2018-08-06,2018-08-06T00:00:00Z,3.0989999771118164,3.0989999771118164,3.065000057220459,3.0820000171661377,0
2018-08-07,2018-08-07T00:00:00Z,3.0989999771118164,3.127000093460083,3.0980000495910645,3.118000030517578,0
2018-08-08,2018-08-08T00:00:00Z,3.121999979019165,3.131999969482422,3.1050000190734863,3.118000030517578,0
2018-08-09,2018-08-09T00:00:00Z,3.1089999675750732,3.109999895095825,3.0739998817443848,3.0820000171661377,0
2018-08-10,2018-08-10T00:00:00Z,3.0420000553131104,3.046999931335449,3.013000011444092,3.0160000324249268,0
2018-08-13,2018-08-13T00:00:00Z,3.0339999198913574,3.055000066757202,3.0309998989105225,3.0460000038146973,0
2018-08-14,2018-08-14T00:00:00Z,3.052999973297119,3.062000036239624,3.0380001068115234,3.062000036239624,0
2018-08-15,2018-08-15T00:00:00Z,3.0399999618530273,3.0450000762939453,3.015000104904175,3.0239999294281006,0
2018-08-16,2018-08-16T00:00:00Z,3.0399999618530273,3.053999900817871,3.0239999294281006,3.0320000648498535,0
2018-08-17,2018-08-17T00:00:00Z,3.0179998874664307,3.0329999923706055,3.003999948501587,3.0290000438690186,0
2018-08-20,2018-08-20T00:00:00Z,3.007999897003174,3.007999897003174,2.9800000190734863,2.9830000400543213,0
2018-08-21,2018-08-21T00:00:00Z,3.009000062942505,3.0179998874664307,2.996999979019165,3.000999927520752,0
2018-08-22,2018-08-22T00:00:00Z,2.984999895095825,2.99399995803833,2.9730000495910645,2.9860000610351562,0
2018-08-23,2018-08-23T00:00:00Z,2.9820001125335693,2.986999988555908,2.9700000286102295,2.9730000495910645,0
2018-08-24,2018-08-24T00:00:00Z,2.9820001125335693,3.0,2.9630000591278076,2.9749999046325684,0
2018-08-27,2018-08-27T00:00:00Z,2.9749999046325684,2.997999906539917,2.9749999046325684,2.996999979019165,0
2018-08-28,2018-08-28T00:00:00Z,3.006999969482422,3.0390000343322754,3.00600004196167,3.0339999198913574,0
2018-08-29,2018-08-29T00:00:00Z,3.0220000743865967,3.0409998893737793,3.0160000324249268,3.0209999084472656,0
2018-08-30,2018-08-30T00:00:00Z,3.0179998874664307,3.0190000534057617,3.002000093460083,3.00600004196167,0
2018-08-31,2018-08-31T00:00:00Z,2.986999988555908,3.01200008392334,2.9779999256134033,3.009999990463257,0
2018-09-04,2018-09-04T00:00:00Z,3.0369999408721924,3.069999933242798,3.0350000858306885,3.069000005722046,0
2018-09-05,2018-09-05T00:00:00Z,3.053999900817871,3.0829999446868896,3.049999952316284,3.0739998817443848,0
2018-09-06,2018-09-06T00:00:00Z,3.0880000591278076,3.0889999866485596,3.049999952316284,3.053999900817871,0
2018-09-07,2018-09-07T00:00:00Z,3.065000057220459,3.109999895095825,3.062000036239624,3.1029999256134033,0
2018-09-10,2018-09-10T00:00:00Z,3.1010000705718994,3.1059999465942383,3.0829999446868896,3.0880000591278076,0
2018-09-11,2018-09-11T00:00:00Z,3.0959999561309814,3.125,3.0910000801086426,3.124000072479248,0
2018-09-12,2018-09-12T00:00:00Z,3.1080000400543213,3.114000082015991,3.0999999046325684,3.1059999465942383,0
2018-09-13,2018-09-13T00:00:00Z,3.119999885559082,3.121000051498413,3.0829999446868896,3.1010000705718994,0
2018-09-14,2018-09-14T00:00:00Z,3.124000072479248,3.1429998874664307,3.115000009536743,3.131999969482422,0
2018-09-17,2018-09-17T00:00:00Z,3.1570000648498535,3.1570000648498535,3.119999885559082,3.138000011444092,0
2018-09-18,2018-09-18T00:00:00Z,3.1519999504089355,3.194999933242798,3.1510000228881836,3.194999933242798,0
2018-09-19,2018-09-19T00:00:00Z,3.190999984741211,3.247999906539917,3.190999984741211,3.236999988555908,0
2018-09-20,2018-09-20T00:00:00Z,3.236999988555908,3.243000030517578,3.194999933242798,3.2149999141693115,0
2018-09-21,2018-09-21T00:00:00Z,3.2049999237060547,3.2219998836517334,3.196000099182129,3.2049999237060547,0
2018-09-24,2018-09-24T00:00:00Z,3.2119998931884766,3.2249999046325684,3.196000099182129,3.2100000381469727,0
2018-09-25,2018-09-25T00:00:00Z,3.2330000400543213,3.239000082015991,3.2260000705718994,3.2330000400543213,0
2018-09-26,2018-09-26T00:00:00Z,3.2160000801086426,3.2269999980926514,3.190999984741211,3.190999984741211,0
2018-09-27,2018-09-27T00:00:00Z,3.186000108718872,3.2060000896453857,3.180999994277954,3.183000087738037,0
2018-09-28,2018-09-28T00:00:00Z,3.1640000343322754,3.200000047683716,3.1619999408721924,3.197000026702881,0
2018-10-01,2018-10-01T00:00:00Z,3.2330000400543213,3.234999895095825,3.2090001106262207,3.2320001125335693,0
2018-10-02,2018-10-02T00:00:00Z,3.2209999561309814,3.2230000495910645,3.196000099182129,3.2070000171661377,0
2018-10-03,2018-10-03T00:00:00Z,3.23799991607666,3.3410000801086426,3.2339999675750732,3.319000005722046,0
2018-10-04,2018-10-04T00:00:00Z,3.3610000610351562,3.368000030517578,3.3340001106262207,3.3550000190734863,0
2018-10-05,2018-10-05T00:00:00Z,3.365999937057495,3.4240000247955322,3.3580000400543213,3.3949999809265137,0
2018-10-08,2018-10-08T00:00:00Z,3.4049999713897705,3.4049999713897705,3.4049999713897705,3.4049999713897705,0
2018-10-09,2018-10-09T00:00:00Z,3.4170000553131104,3.4179999828338623,3.368000030517578,3.369999885559082,0
2018-10-10,2018-10-10T00:00:00Z,3.385999917984009,3.4179999828338623,3.375999927520752,3.3980000019073486,0
2018-10-11,2018-10-11T00:00:00Z,3.369999885559082,3.372999906539917,3.303999900817871,3.306999921798706,0
2018-10-12,2018-10-12T00:00:00Z,3.3389999866485596,3.3440001010894775,3.309000015258789,3.315999984741211,0
2018-10-15,2018-10-15T00:00:00Z,3.3389999866485596,3.3429999351501465,3.319999933242798,3.3410000801086426,0
2018-10-16,2018-10-16T00:00:00Z,3.3510000705718994,3.3529999256134033,3.328000068664551,3.3299999237060547,0
2018-10-17,2018-10-17T00:00:00Z,3.3269999027252197,3.3489999771118164,3.312999963760376,3.3459999561309814,0
2018-10-18,2018-10-18T00:00:00Z,3.374000072479248,3.385999917984009,3.3440001010894775,3.3589999675750732,0
2018-10-19,2018-10-19T00:00:00Z,3.382999897003174,3.3929998874664307,3.365999937057495,3.384000062942505,0
2018-10-22,2018-10-22T00:00:00Z,3.371000051498413,3.384999990463257,3.3580000400543213,3.382999897003174,0
2018-10-23,2018-10-23T00:00:00Z,3.3440001010894775,3.364000082015991,3.312000036239624,3.364000082015991,0
2018-10-24,2018-10-24T00:00:00Z,3.3570001125335693,3.359999895095825,3.3310000896453857,3.3459999561309814,0
2018-10-25,2018-10-25T00:00:00Z,3.359999895095825,3.365000009536743,3.3310000896453857,3.3459999561309814,0
2018-10-26,2018-10-26T00:00:00Z,3.315999984741211,3.3299999237060547,3.299999952316284,3.316999912261963,0
2018-10-29,2018-10-29T00:00:00Z,3.3239998817443848,3.3550000190734863,3.318000078201294,3.3289999961853027,0
2018-10-30,2018-10-30T00:00:00Z,3.36299991607666,3.371000051498413,3.3420000076293945,3.3559999465942383,0
2018-10-31,2018-10-31T00:00:00Z,3.3919999599456787,3.4019999504089355,3.36899995803833,3.4019999504089355,0
2018-11-01,2018-11-01T00:00:00Z,3.4170000553131104,3.427000045776367,3.375999927520752,3.38700008392334,0
2018-11-02,2018-11-02T00:00:00Z,3.388000011444092,3.4549999237060547,3.388000011444092,3.453000068664551,0
2018-11-05,2018-11-05T00:00:00Z,3.447000026702881,3.447000026702881,3.4210000038146973,3.431999921798706,0
2018-11-06,2018-11-06T00:00:00Z,3.4189999103546143,3.440000057220459,3.4170000553131104,3.4260001182556152,0
2018-11-07,2018-11-07T00:00:00Z,3.4049999713897705,3.4260001182556152,3.384999990463257,3.424999952316284,0
2018-11-08,2018-11-08T00:00:00Z,3.421999931335449,3.436000108718872,3.4089999198913574,3.427000045776367,0
2018-11-09,2018-11-09T00:00:00Z,3.4089999198913574,3.431999921798706,3.382999897003174,3.3919999599456787,0
2018-11-12,2018-11-12T00:00:00Z,3.38700008392334,3.38700008392334,3.38700008392334,3.38700008392334,0
2018-11-13,2018-11-13T00:00:00Z,3.374000072479248,3.384999990463257,3.359999895095825,3.367000102996826,0
2018-11-14,2018-11-14T00:00:00Z,3.36299991607666,3.3949999809265137,3.3340001106262207,3.3540000915527344,0
2018-11-15,2018-11-15T00:00:00Z,3.3489999771118164,3.378000020980835,3.3340001106262207,3.368000030517578,0
2018-11-16,2018-11-16T00:00:00Z,3.3510000705718994,3.368000030517578,3.322999954223633,3.3269999027252197,0
2018-11-19,2018-11-19T00:00:00Z,3.3459999561309814,3.3589999675750732,3.315999984741211,3.315999984741211,0
2018-11-20,2018-11-20T00:00:00Z,3.299999952316284,3.318000078201294,3.2890000343322754,3.305000066757202,0
2018-11-21,2018-11-21T00:00:00Z,3.3299999237060547,3.3380000591278076,3.309999942779541,3.311000108718872,0
2018-11-23,2018-11-23T00:00:00Z,3.2980000972747803,3.311000108718872,3.2780001163482666,3.309999942779541,0
2018-11-26,2018-11-26T00:00:00Z,3.309000015258789,3.3259999752044678,3.302999973297119,3.319999933242798,0
2018-11-27,2018-11-27T00:00:00Z,3.311000108718872,3.3289999961853027,3.303999900817871,3.319000005722046,0
2018-11-28,2018-11-28T00:00:00Z,3.322999954223633,3.3499999046325684,3.315999984741211,3.3289999961853027,0
2018-11-29,2018-11-29T00:00:00Z,3.302999973297119,3.3410000801086426,3.2950000762939453,3.328000068664551,0
2018-11-30,2018-11-30T00:00:00Z,3.308000087738037,3.321000099182129,3.302999973297119,3.311000108718872,0
2018-12-03,2018-12-03T00:00:00Z,3.3310000896453857,3.3340001106262207,3.2720000743865967,3.2780001163482666,0
2018-12-04,2018-12-04T00:00:00Z,3.2330000400543213,3.2339999675750732,3.128999948501587,3.177999973297119,0
2018-12-06,2018-12-06T00:00:00Z,3.1419999599456787,3.1600000858306885,3.1070001125335693,3.135999917984009,0
2018-12-07,2018-12-07T00:00:00Z,3.1570000648498535,3.187999963760376,3.138000011444092,3.1429998874664307,0
2018-12-10,2018-12-10T00:00:00Z,3.1389999389648438,3.1429998874664307,3.1040000915527344,3.128999948501587,0
2018-12-11,2018-12-11T00:00:00Z,3.134999990463257,3.134999990463257,3.0999999046325684,3.128999948501587,0
2018-12-12,2018-12-12T00:00:00Z,3.1429998874664307,3.1540000438690186,3.13100004196167,3.1480000019073486,0
2018-12-13,2018-12-13T00:00:00Z,3.1549999713897705,3.1689999103546143,3.140000104904175,3.1630001068115234,0
2018-12-14,2018-12-14T00:00:00Z,3.1449999809265137,3.1589999198913574,3.132999897003174,3.1429998874664307,0
2018-12-17,2018-12-17T00:00:00Z,3.140000104904175,3.1470000743865967,3.1110000610351562,3.114000082015991,0
2018-12-18,2018-12-18T00:00:00Z,3.0869998931884766,3.1089999675750732,3.072999954223633,3.0789999961853027,0
2018-12-19,2018-12-19T00:00:00Z,3.069000005722046,3.069999933242798,3.00600004196167,3.015000104904175,0
2018-12-20,2018-12-20T00:00:00Z,2.9769999980926514,3.01200008392334,2.9570000171661377,3.01200008392334,0
2018-12-21,2018-12-21T00:00:00Z,3.0190000534057617,3.0420000553131104,3.00600004196167,3.0280001163482666,0
2018-12-24,2018-12-24T00:00:00Z,3.0,3.0199999809265137,2.997999906539917,3.003000020980835,0
2018-12-26,2018-12-26T00:00:00Z,3.0179998874664307,3.0480000972747803,3.0,3.0480000972747803,0
2018-12-27,2018-12-27T00:00:00Z,3.0260000228881836,3.0320000648498535,3.003000020980835,3.0299999713897705,0
2018-12-28,2018-12-28T00:00:00Z,3.0380001068115234,3.058000087738037,3.0280001163482666,3.0420000553131104,0
2018-12-31,2018-12-31T00:00:00Z,3.0360000133514404,3.052000045776367,3.005000114440918,3.0199999809265137,0
2019-01-02,2019-01-02T00:00:00Z,2.986999988555908,3.007999897003174,2.9820001125335693,2.9820001125335693,0
2019-01-03,2019-01-03T00:00:00Z,2.9709999561309814,2.9739999771118164,2.9000000953674316,2.9000000953674316,0
2019-01-04,2019-01-04T00:00:00Z,2.930000066757202,2.996000051498413,2.928999900817871,2.9739999771118164,0
2019-01-07,2019-01-07T00:00:00Z,2.937000036239624,2.984999895095825,2.936000108718872,2.9779999256134033,0
2019-01-08,2019-01-08T00:00:00Z,2.9809999465942383,2.996999979019165,2.9769999980926514,2.993000030517578,0
2019-01-09,2019-01-09T00:00:00Z,3.0290000438690186,3.0339999198913574,3.005000114440918,3.0239999294281006,0
2019-01-10,2019-01-10T00:00:00Z,3.0169999599456787,3.055000066757202,3.007999897003174,3.0510001182556152,0
2019-01-11,2019-01-11T00:00:00Z,3.0439999103546143,3.0460000038146973,3.0169999599456787,3.0369999408721924,0
2019-01-14,2019-01-14T00:00:00Z,3.0160000324249268,3.059999942779541,3.0160000324249268,3.059999942779541,0
2019-01-15,2019-01-15T00:00:00Z,3.056999921798706,3.0799999237060547,3.049999952316284,3.071000099182129,0
2019-01-16,2019-01-16T00:00:00Z,3.0989999771118164,3.1029999256134033,3.059999942779541,3.0769999027252197,0
2019-01-17,2019-01-17T00:00:00Z,3.055000066757202,3.0829999446868896,3.0480000972747803,3.0769999027252197,0
2019-01-18,2019-01-18T00:00:00Z,3.0869998931884766,3.1089999675750732,3.072999954223633,3.0980000495910645,0
2019-01-22,2019-01-22T00:00:00Z,3.069000005722046,3.0759999752044678,3.0460000038146973,3.053999900817871,0
2019-01-23,2019-01-23T00:00:00Z,3.0899999141693115,3.1010000705718994,3.052000045776367,3.069000005722046,0
2019-01-24,2019-01-24T00:00:00Z,3.0320000648498535,3.0510001182556152,3.0250000953674316,3.0329999923706055,0
2019-01-25,2019-01-25T00:00:00Z,3.055999994277954,3.066999912261963,3.0490000247955322,3.062000036239624,0
2019-01-28,2019-01-28T00:00:00Z,3.065000057220459,3.065000057220459,3.0399999618530273,3.061000108718872,0
2019-01-29,2019-01-29T00:00:00Z,3.065999984741211,3.0759999752044678,3.0390000343322754,3.0409998893737793,0
2019-01-30,2019-01-30T00:00:00Z,3.052000045776367,3.071000099182129,3.0429999828338623,3.052999973297119,0
2019-01-31,2019-01-31T00:00:00Z,3.0250000953674316,3.0280001163482666,2.989000082015991,3.005000114440918,0
2019-02-01,2019-02-01T00:00:00Z,2.99399995803833,3.0369999408721924,2.99399995803833,3.0320000648498535,0
2019-02-04,2019-02-04T00:00:00Z,3.0360000133514404,3.0739998817443848,3.0350000858306885,3.059999942779541,0
2019-02-05,2019-02-05T00:00:00Z,3.061000108718872,3.061000108718872,3.0179998874664307,3.0350000858306885,0
2019-02-06,2019-02-06T00:00:00Z,3.0260000228881836,3.0429999828338623,3.009000062942505,3.0380001068115234,0
2019-02-07,2019-02-07T00:00:00Z,3.010999917984009,3.0220000743865967,2.992000102996826,2.993000030517578,0
2019-02-08,2019-02-08T00:00:00Z,2.984999895095825,2.996000051498413,2.9709999561309814,2.9760000705718994,0
2019-02-11,2019-02-11T00:00:00Z,2.993000030517578,3.00600004196167,2.984999895095825,2.999000072479248,0
2019-02-12,2019-02-12T00:00:00Z,3.0179998874664307,3.0309998989105225,3.005000114440918,3.0220000743865967,0
2019-02-13,2019-02-13T00:00:00Z,3.0239999294281006,3.0450000762939453,3.0230000019073486,3.0339999198913574,0
2019-02-14,2019-02-14T00:00:00Z,3.0190000534057617,3.0190000534057617,2.9860000610351562,3.006999969482422,0
2019-02-15,2019-02-15T00:00:00Z,3.00600004196167,3.0230000019073486,2.99399995803833,2.996999979019165,0
2019-02-19,2019-02-19T00:00:00Z,3.002000093460083,3.003999948501587,2.9700000286102295,2.990999937057495,0
2019-02-20,2019-02-20T00:00:00Z,2.9769999980926514,3.0139999389648438,2.9760000705718994,3.0,0
2019-02-21,2019-02-21T00:00:00Z,3.0179998874664307,3.053999900817871,3.0179998874664307,3.0450000762939453,0
2019-02-22,2019-02-22T00:00:00Z,3.0360000133514404,3.0360000133514404,3.0,3.0199999809265137,0
2019-02-25,2019-02-25T00:00:00Z,3.0420000553131104,3.046999931335449,3.0299999713897705,3.0339999198913574,0
2019-02-26,2019-02-26T00:00:00Z,3.0260000228881836,3.0269999504089355,3.005000114440918,3.00600004196167,0
2019-02-27,2019-02-27T00:00:00Z,3.007999897003174,3.072000026702881,3.007999897003174,3.069000005722046,0
2019-02-28,2019-02-28T00:00:00Z,3.055999994277954,3.0980000495910645,3.053999900817871,3.0829999446868896,0
2019-03-01,2019-03-01T00:00:00Z,3.1040000915527344,3.128999948501587,3.0959999561309814,3.124000072479248,0
2019-03-04,2019-03-04T00:00:00Z,3.114000082015991,3.11899995803833,3.0880000591278076,3.0899999141693115,0
2019-03-05,2019-03-05T00:00:00Z,3.1050000190734863,3.1110000610351562,3.0869998931884766,3.0869998931884766,0
2019-03-06,2019-03-06T00:00:00Z,3.0799999237060547,3.0889999866485596,3.053999900817871,3.071000099182129,0
2019-03-07,2019-03-07T00:00:00Z,3.058000087738037,3.062000036239624,3.0250000953674316,3.0250000953674316,0
2019-03-08,2019-03-08T00:00:00Z,3.0220000743865967,3.0450000762939453,3.00600004196167,3.009000062942505,0
2019-03-11,2019-03-11T00:00:00Z,3.0309998989105225,3.0390000343322754,3.0190000534057617,3.0329999923706055,0
2019-03-12,2019-03-12T00:00:00Z,3.0420000553131104,3.0420000553131104,2.9830000400543213,2.98799991607666,0
2019-03-13,2019-03-13T00:00:00Z,3.01200008392334,3.0179998874664307,2.996999979019165,3.009999990463257,0
2019-03-14,2019-03-14T00:00:00Z,3.0179998874664307,3.0490000247955322,3.009999990463257,3.0450000762939453,0
2019-03-15,2019-03-15T00:00:00Z,3.0369999408721924,3.0369999408721924,3.003999948501587,3.0199999809265137,0
2019-03-18,2019-03-18T00:00:00Z,3.0260000228881836,3.0329999923706055,3.006999969482422,3.010999917984009,0
2019-03-19,2019-03-19T00:00:00Z,3.0260000228881836,3.052000045776367,3.0209999084472656,3.0280001163482666,0
2019-03-20,2019-03-20T00:00:00Z,3.01200008392334,3.0139999389648438,2.9709999561309814,2.9749999046325684,0
2019-03-21,2019-03-21T00:00:00Z,2.9549999237060547,2.9739999771118164,2.9549999237060547,2.9639999866485596,0
2019-03-22,2019-03-22T00:00:00Z,2.9100000858306885,2.9179999828338623,2.8570001125335693,2.8889999389648438,0
2019-03-25,2019-03-25T00:00:00Z,2.9019999504089355,2.9049999713897705,2.8299999237060547,2.867000102996826,0
2019-03-26,2019-03-26T00:00:00Z,2.9010000228881836,2.9019999504089355,2.865999937057495,2.867000102996826,0
2019-03-27,2019-03-27T00:00:00Z,2.8380000591278076,2.865999937057495,2.816999912261963,2.821000099182129,0
2019-03-28,2019-03-28T00:00:00Z,2.819999933242798,2.8299999237060547,2.7990000247955322,2.811000108718872,0
2019-03-29,2019-03-29T00:00:00Z,2.8350000381469727,2.8459999561309814,2.813999891281128,2.822000026702881,0
2019-04-01,2019-04-01T00:00:00Z,2.8469998836517334,2.8970000743865967,2.8350000381469727,2.890000104904175,0
2019-04-02,2019-04-02T00:00:00Z,2.871999979019165,2.8959999084472656,2.865999937057495,2.888000011444092,0
2019-04-03,2019-04-03T00:00:00Z,2.9200000762939453,2.933000087738037,2.9130001068115234,2.928999900817871,0
2019-04-04,2019-04-04T00:00:00Z,2.924999952316284,2.937999963760376,2.9140000343322754,2.921999931335449,0
2019-04-05,2019-04-05T00:00:00Z,2.937999963760376,2.9519999027252197,2.9019999504089355,2.9089999198913574,0
2019-04-08,2019-04-08T00:00:00Z,2.9159998893737793,2.927999973297119,2.9130001068115234,2.924999952316284,0
2019-04-09,2019-04-09T00:00:00Z,2.924999952316284,2.924999952316284,2.8949999809265137,2.9110000133514404,0
2019-04-10,2019-04-10T00:00:00Z,2.9149999618530273,2.9230000972747803,2.885999917984009,2.9040000438690186,0
2019-04-11,2019-04-11T00:00:00Z,2.9089999198913574,2.937999963760376,2.9089999198913574,2.937999963760376,0
2019-04-12,2019-04-12T00:00:00Z,2.9579999446868896,2.9749999046325684,2.9549999237060547,2.9709999561309814,0
2019-04-15,2019-04-15T00:00:00Z,2.9779999256134033,2.9790000915527344,2.9600000381469727,2.9630000591278076,0
2019-04-16,2019-04-16T00:00:00Z,2.9839999675750732,2.997999906539917,2.9769999980926514,2.993000030517578,0
2019-04-17,2019-04-17T00:00:00Z,2.996999979019165,3.010999917984009,2.9790000915527344,2.990999937057495,0
2019-04-18,2019-04-18T00:00:00Z,2.9749999046325684,2.990999937057495,2.9590001106262207,2.9590001106262207,0
2019-04-22,2019-04-22T00:00:00Z,2.9709999561309814,2.997999906539917,2.9709999561309814,2.99399995803833,0
2019-04-23,2019-04-23T00:00:00Z,2.999000072479248,3.000999927520752,2.9760000705718994,2.9809999465942383,0
2019-04-24,2019-04-24T00:00:00Z,2.9579999446868896,2.9590001106262207,2.940999984741211,2.940999984741211,0
2019-04-25,2019-04-25T00:00:00Z,2.944999933242798,2.9579999446868896,2.936000108718872,2.947000026702881,0
2019-04-26,2019-04-26T00:00:00Z,2.944000005722046,2.9549999237060547,2.9159998893737793,2.927000045776367,0
2019-04-29,2019-04-29T00:00:00Z,2.930000066757202,2.9709999561309814,2.928999900817871,2.9649999141693115,0
2019-04-30,2019-04-30T00:00:00Z,2.9619998931884766,2.9739999771118164,2.934000015258789,2.940000057220459,0
2019-05-01,2019-05-01T00:00:00Z,2.9260001182556152,2.928999900817871,2.884999990463257,2.9170000553131104,0
2019-05-02,2019-05-02T00:00:00Z,2.9040000438690186,2.947999954223633,2.9030001163482666,2.943000078201294,0
2019-05-03,2019-05-03T00:00:00Z,2.944999933242798,2.953000068664551,2.9119999408721924,2.9260001182556152,0
2019-05-06,2019-05-06T00:00:00Z,2.8970000743865967,2.9100000858306885,2.8889999389648438,2.9070000648498535,0
2019-05-07,2019-05-07T00:00:00Z,2.8889999389648438,2.8910000324249268,2.8570001125335693,2.861999988555908,0
2019-05-08,2019-05-08T00:00:00Z,2.8510000705718994,2.8910000324249268,2.8440001010894775,2.8889999389648438,0
2019-05-09,2019-05-09T00:00:00Z,2.864000082015991,2.8929998874664307,2.8510000705718994,2.877000093460083,0
2019-05-10,2019-05-10T00:00:00Z,2.869999885559082,2.88100004196167,2.8499999046325684,2.872999906539917,0
2019-05-13,2019-05-13T00:00:00Z,2.8540000915527344,2.859999895095825,2.828000068664551,2.8380000591278076,0
2019-05-14,2019-05-14T00:00:00Z,2.8480000495910645,2.859999895095825,2.8369998931884766,2.8519999980926514,0
2019-05-15,2019-05-15T00:00:00Z,2.813999891281128,2.8350000381469727,2.808000087738037,2.822999954223633,0
2019-05-16,2019-05-16T00:00:00Z,2.821000099182129,2.8469998836517334,2.818000078201294,2.8399999141693115,0
2019-05-17,2019-05-17T00:00:00Z,2.815000057220459,2.8380000591278076,2.805000066757202,2.8239998817443848,0
2019-05-20,2019-05-20T00:00:00Z,2.813999891281128,2.8389999866485596,2.808000087738037,2.8350000381469727,0
2019-05-21,2019-05-21T00:00:00Z,2.8450000286102295,2.8540000915527344,2.8359999656677246,2.8420000076293945,0
2019-05-22,2019-05-22T00:00:00Z,2.8329999446868896,2.8369998931884766,2.808000087738037,2.818000078201294,0
2019-05-23,2019-05-23T00:00:00Z,2.7860000133514404,2.7899999618530273,2.7309999465942383,2.7320001125335693,0
2019-05-24,2019-05-24T00:00:00Z,2.747999906539917,2.76200008392334,2.743000030517578,2.752000093460083,0
2019-05-28,2019-05-28T00:00:00Z,2.7309999465942383,2.7330000400543213,2.697999954223633,2.7070000171661377,0
2019-05-29,2019-05-29T00:00:00Z,2.6670000553131104,2.677999973297119,2.6549999713897705,2.6730000972747803,0
2019-05-30,2019-05-30T00:00:00Z,2.681999921798706,2.700000047683716,2.6530001163482666,2.6540000438690186,0
2019-05-31,2019-05-31T00:00:00Z,2.5980000495910645,2.617000102996826,2.5739998817443848,2.5829999446868896,0
2019-06-03,2019-06-03T00:00:00Z,2.565000057220459,2.5739998817443848,2.5480000972747803,2.5480000972747803,0
2019-06-04,2019-06-04T00:00:00Z,2.5789999961853027,2.615999937057495,2.565999984741211,2.6029999256134033,0
2019-06-05,2019-06-05T00:00:00Z,2.6059999465942383,2.638000011444092,2.5980000495910645,2.632999897003174,0
2019-06-06,2019-06-06T00:00:00Z,2.6029999256134033,2.630000114440918,2.5789999961853027,2.621999979019165,0
2019-06-07,2019-06-07T00:00:00Z,2.5950000286102295,2.5959999561309814,2.559999942779541,2.571000099182129,0
2019-06-10,2019-06-10T00:00:00Z,2.618000030517578,2.63100004196167,2.61299991607666,2.621999979019165,0
2019-06-11,2019-06-11T00:00:00Z,2.6519999504089355,2.6519999504089355,2.61299991607666,2.617000102996826,0
2019-06-12,2019-06-12T00:00:00Z,2.5999999046325684,2.631999969482422,2.5929999351501465,2.622999906539917,0
2019-06-13,2019-06-13T00:00:00Z,2.609999895095825,2.621000051498413,2.5959999561309814,2.6010000705718994,0
2019-06-14,2019-06-14T00:00:00Z,2.5840001106262207,2.6050000190734863,2.5759999752044678,2.5920000076293945,0
2019-06-17,2019-06-17T00:00:00Z,2.5910000801086426,2.5989999771118164,2.572999954223633,2.5769999027252197,0
2019-06-18,2019-06-18T00:00:00Z,2.5339999198913574,2.565000057220459,2.5250000953674316,2.552000045776367,0
2019-06-19,2019-06-19T00:00:00Z,2.563999891281128,2.578000068664551,2.5339999198913574,2.5399999618530273,0
2019-06-20,2019-06-20T00:00:00Z,2.5160000324249268,2.5390000343322754,2.502000093460083,2.5269999504089355,0
2019-06-21,2019-06-21T00:00:00Z,2.5360000133514404,2.5929999351501465,2.5309998989105225,2.5920000076293945,0
2019-06-24,2019-06-24T00:00:00Z,2.552999973297119,2.562999963760376,2.5439999103546143,2.549999952316284,0
2019-06-25,2019-06-25T00:00:00Z,2.5420000553131104,2.5439999103546143,2.5209999084472656,2.5260000228881836,0
2019-06-26,2019-06-26T00:00:00Z,2.5390000343322754,2.566999912261963,2.5329999923706055,2.565000057220459,0
2019-06-27,2019-06-27T00:00:00Z,2.559000015258789,2.568000078201294,2.5209999084472656,2.5239999294281006,0
2019-06-28,2019-06-28T00:00:00Z,2.5329999923706055,2.5490000247955322,2.5209999084472656,2.5280001163482666,0
2019-07-01,2019-07-01T00:00:00Z,2.5439999103546143,2.575000047683716,2.5280001163482666,2.559000015258789,0
2019-07-02,2019-07-02T00:00:00Z,2.549999952316284,2.549999952316284,2.502000093460083,2.506999969482422,0
2019-07-03,2019-07-03T00:00:00Z,2.490999937057495,2.502000093460083,2.4660000801086426,2.4700000286102295,0
2019-07-05,2019-07-05T00:00:00Z,2.4779999256134033,2.572000026702881,2.4779999256134033,2.5490000247955322,0
2019-07-08,2019-07-08T00:00:00Z,2.5269999504089355,2.5269999504089355,2.507999897003174,2.5199999809265137,0
2019-07-09,2019-07-09T00:00:00Z,2.5369999408721924,2.5510001182556152,2.5239999294281006,2.5309998989105225,0
2019-07-10,2019-07-10T00:00:00Z,2.5850000381469727,2.5869998931884766,2.5369999408721924,2.571000099182129,0
2019-07-11,2019-07-11T00:00:00Z,2.5850000381469727,2.6610000133514404,2.5789999961853027,2.6410000324249268,0
2019-07-12,2019-07-12T00:00:00Z,2.6449999809265137,2.6700000762939453,2.631999969482422,2.632999897003174,0
2019-07-15,2019-07-15T00:00:00Z,2.6419999599456787,2.6429998874664307,2.6080000400543213,2.611999988555908,0
2019-07-16,2019-07-16T00:00:00Z,2.609999895095825,2.6530001163482666,2.6080000400543213,2.631999969482422,0
2019-07-17,2019-07-17T00:00:00Z,2.6029999256134033,2.6080000400543213,2.569000005722046,2.572999954223633,0
2019-07-18,2019-07-18T00:00:00Z,2.5769999027252197,2.5999999046325684,2.565999984741211,2.568000078201294,0
2019-07-19,2019-07-19T00:00:00Z,2.575000047683716,2.5880000591278076,2.569000005722046,2.578000068664551,0
2019-07-22,2019-07-22T00:00:00Z,2.563999891281128,2.5739998817443848,2.5420000553131104,2.569999933242798,0
2019-07-23,2019-07-23T00:00:00Z,2.571000099182129,2.611999988555908,2.571000099182129,2.6080000400543213,0
2019-07-24,2019-07-24T00:00:00Z,2.5840001106262207,2.5920000076293945,2.578000068664551,2.578000068664551,0
2019-07-25,2019-07-25T00:00:00Z,2.549999952316284,2.632999897003174,2.546999931335449,2.6029999256134033,0
2019-07-26,2019-07-26T00:00:00Z,2.5920000076293945,2.615999937057495,2.578000068664551,2.6010000705718994,0
2019-07-29,2019-07-29T00:00:00Z,2.5789999961853027,2.5969998836517334,2.571000099182129,2.5829999446868896,0
2019-07-30,2019-07-30T00:00:00Z,2.5799999237060547,2.5940001010894775,2.565999984741211,2.5859999656677246,0
2019-07-31,2019-07-31T00:00:00Z,2.5739998817443848,2.5859999656677246,2.5260000228881836,2.5269999504089355,0
2019-08-01,2019-08-01T00:00:00Z,2.5290000438690186,2.5290000438690186,2.4230000972747803,2.440999984741211,0
2019-08-02,2019-08-02T00:00:00Z,2.4059998989105225,2.434999942779541,2.388000011444092,2.3910000324249268,0
2019-08-05,2019-08-05T00:00:00Z,2.305000066757202,2.3329999446868896,2.2869999408721924,2.2950000762939453,0
2019-08-06,2019-08-06T00:00:00Z,2.3010001182556152,2.322000026702881,2.25600004196167,2.2690000534057617,0
2019-08-07,2019-08-07T00:00:00Z,2.1530001163482666,2.1989998817443848,2.122999906539917,2.197000026702881,0
2019-08-08,2019-08-08T00:00:00Z,2.23799991607666,2.319000005722046,2.2260000705718994,2.2320001125335693,0
2019-08-09,2019-08-09T00:00:00Z,2.23799991607666,2.247999906539917,2.193000078201294,2.247999906539917,0
2019-08-12,2019-08-12T00:00:00Z,2.203000068664551,2.2060000896453857,2.11899995803833,2.130000114440918,0
2019-08-13,2019-08-13T00:00:00Z,2.114000082015991,2.1700000762939453,2.0989999771118164,2.13700008392334,0
2019-08-14,2019-08-14T00:00:00Z,2.0369999408721924,2.065000057220459,2.0250000953674316,2.0250000953674316,0
2019-08-15,2019-08-15T00:00:00Z,1.99399995803833,2.0329999923706055,1.9160000085830688,1.9800000190734863,0
2019-08-16,2019-08-16T00:00:00Z,1.9880000352859497,2.0510001182556152,1.9789999723434448,2.0,0
2019-08-19,2019-08-19T00:00:00Z,2.0850000381469727,2.1080000400543213,2.065000057220459,2.0850000381469727,0
2019-08-20,2019-08-20T00:00:00Z,2.062999963760376,2.062999963760376,2.0290000438690186,2.0439999103546143,0
2019-08-21,2019-08-21T00:00:00Z,2.062999963760376,2.071000099182129,2.0209999084472656,2.052999973297119,0
2019-08-22,2019-08-22T00:00:00Z,2.1019999980926514,2.1059999465942383,2.062999963760376,2.1019999980926514,0
2019-08-23,2019-08-23T00:00:00Z,2.1110000610351562,2.122999906539917,2.006999969482422,2.0250000953674316,0
2019-08-26,2019-08-26T00:00:00Z,2.009999990463257,2.0429999828338623,2.009000062942505,2.0399999618530273,0
2019-08-27,2019-08-27T00:00:00Z,1.9980000257492065,2.002000093460083,1.9529999494552612,1.968999981880188,0
2019-08-28,2019-08-28T00:00:00Z,1.9160000085830688,1.9490000009536743,1.9049999713897705,1.937999963760376,0
2019-08-29,2019-08-29T00:00:00Z,1.972000002861023,2.009000062942505,1.9529999494552612,1.9789999723434448,0
2019-08-30,2019-08-30T00:00:00Z,1.9889999628067017,1.9989999532699585,1.9609999656677246,1.9700000286102295,0
2019-09-03,2019-09-03T00:00:00Z,1.9450000524520874,1.9830000400543213,1.909000039100647,1.9490000009536743,0
2019-09-04,2019-09-04T00:00:00Z,1.9889999628067017,1.99399995803833,1.9509999752044678,1.9559999704360962,0
2019-09-05,2019-09-05T00:00:00Z,2.0160000324249268,2.0889999866485596,2.0139999389648438,2.053999900817871,0
2019-09-06,2019-09-06T00:00:00Z,2.0820000171661377,2.0869998931884766,2.0139999389648438,2.0199999809265137,0
2019-09-09,2019-09-09T00:00:00Z,2.069999933242798,2.115999937057495,2.063999891281128,2.0980000495910645,0
2019-09-10,2019-09-10T00:00:00Z,2.119999885559082,2.184999942779541,2.1059999465942383,2.181999921798706,0
2019-09-11,2019-09-11T00:00:00Z,2.2070000171661377,2.2330000400543213,2.196000099182129,2.2079999446868896,0
2019-09-12,2019-09-12T00:00:00Z,2.180999994277954,2.2799999713897705,2.1419999599456787,2.2639999389648438,0
2019-09-13,2019-09-13T00:00:00Z,2.2739999294281006,2.378000020980835,2.2720000743865967,2.378000020980835,0
2019-09-16,2019-09-16T00:00:00Z,2.302000045776367,2.3489999771118164,2.296999931335449,2.308000087738037,0
2019-09-17,2019-09-17T00:00:00Z,2.2860000133514404,2.315999984741211,2.255000114440918,2.2799999713897705,0
2019-09-18,2019-09-18T00:00:00Z,2.243000030517578,2.250999927520752,2.2109999656677246,2.2360000610351562,0
2019-09-19,2019-09-19T00:00:00Z,2.203000068664551,2.2320001125335693,2.193000078201294,2.2130000591278076,0
2019-09-20,2019-09-20T00:00:00Z,2.234999895095825,2.236999988555908,2.191999912261963,2.1989998817443848,0
2019-09-23,2019-09-23T00:00:00Z,2.1389999389648438,2.1559998989105225,2.11299991607666,2.1540000438690186,0
2019-09-24,2019-09-24T00:00:00Z,2.1480000019073486,2.1530001163482666,2.0920000076293945,2.0950000286102295,0
2019-09-25,2019-09-25T00:00:00Z,2.1019999980926514,2.186000108718872,2.0899999141693115,2.184000015258789,0
2019-09-26,2019-09-26T00:00:00Z,2.1640000343322754,2.1640000343322754,2.118000030517578,2.128000020980835,0
2019-09-27,2019-09-27T00:00:00Z,2.1670000553131104,2.1670000553131104,2.119999885559082,2.124000072479248,0
2019-09-30,2019-09-30T00:00:00Z,2.1500000953674316,2.1619999408721924,2.118000030517578,2.121000051498413,0
2019-10-01,2019-10-01T00:00:00Z,2.1760001182556152,2.2009999752044678,2.0769999027252197,2.1050000190734863,0
2019-10-02,2019-10-02T00:00:00Z,2.0969998836517334,2.1059999465942383,2.066999912261963,2.0859999656677246,0
2019-10-03,2019-10-03T00:00:00Z,2.068000078201294,2.0840001106262207,2.0169999599456787,2.0380001068115234,0
2019-10-04,2019-10-04T00:00:00Z,2.0329999923706055,2.0420000553131104,2.007999897003174,2.015000104904175,0
2019-10-07,2019-10-07T00:00:00Z,2.0380001068115234,2.0480000972747803,2.0239999294281006,2.0450000762939453,0
2019-10-08,2019-10-08T00:00:00Z,2.0179998874664307,2.056999921798706,2.007999897003174,2.0409998893737793,0
2019-10-09,2019-10-09T00:00:00Z,2.059999942779541,2.0999999046325684,2.0510001182556152,2.0869998931884766,0
2019-10-10,2019-10-10T00:00:00Z,2.0969998836517334,2.1740000247955322,2.0899999141693115,2.1519999504089355,0
2019-10-11,2019-10-11T00:00:00Z,2.193000078201294,2.242000102996826,2.177999973297119,2.2149999141693115,0
2019-10-14,2019-10-14T00:00:00Z,2.197000026702881,2.197000026702881,2.197000026702881,2.197000026702881,0
2019-10-15,2019-10-15T00:00:00Z,2.1700000762939453,2.243000030517578,2.1679999828338623,2.2330000400543213,0
2019-10-16,2019-10-16T00:00:00Z,2.2179999351501465,2.252000093460083,2.2119998931884766,2.2330000400543213,0
2019-10-17,2019-10-17T00:00:00Z,2.240000009536743,2.256999969482422,2.2149999141693115,2.243000030517578,0
2019-10-18,2019-10-18T00:00:00Z,2.25600004196167,2.257999897003174,2.2209999561309814,2.246000051498413,0
2019-10-21,2019-10-21T00:00:00Z,2.2829999923706055,2.2990000247955322,2.2699999809265137,2.2839999198913574,0
2019-10-22,2019-10-22T00:00:00Z,2.2669999599456787,2.2820000648498535,2.25,2.250999927520752,0
2019-10-23,2019-10-23T00:00:00Z,2.2239999771118164,2.255000114440918,2.2179999351501465,2.250999927520752,0
2019-10-24,2019-10-24T00:00:00Z,2.2360000610351562,2.2679998874664307,2.2219998836517334,2.259000062942505,0
2019-10-25,2019-10-25T00:00:00Z,2.263000011444092,2.2980000972747803,2.243000030517578,2.2920000553131104,0
2019-10-28,2019-10-28T00:00:00Z,2.319000005722046,2.3499999046325684,2.315999984741211,2.3480000495910645,0
2019-10-29,2019-10-29T00:00:00Z,2.3269999027252197,2.3440001010894775,2.319999933242798,2.3299999237060547,0
2019-10-30,2019-10-30T00:00:00Z,2.319000005722046,2.3469998836517334,2.2720000743865967,2.2720000743865967,0
2019-10-31,2019-10-31T00:00:00Z,2.191999912261963,2.197000026702881,2.1649999618530273,2.1760001182556152,0
2019-11-01,2019-11-01T00:00:00Z,2.1730000972747803,2.2300000190734863,2.1670000553131104,2.2119998931884766,0
2019-11-04,2019-11-04T00:00:00Z,2.2330000400543213,2.2829999923706055,2.2320001125335693,2.2730000019073486,0
2019-11-05,2019-11-05T00:00:00Z,2.313999891281128,2.3540000915527344,2.313999891281128,2.3480000495910645,0
2019-11-06,2019-11-06T00:00:00Z,2.315999984741211,2.322999954223633,2.2880001068115234,2.296999931335449,0
2019-11-07,2019-11-07T00:00:00Z,2.365999937057495,2.443000078201294,2.3610000610351562,2.4030001163482666,0
2019-11-08,2019-11-08T00:00:00Z,2.421999931335449,2.427000045776367,2.380000114440918,2.4170000553131104,0
2019-11-11,2019-11-11T00:00:00Z,2.427000045776367,2.427000045776367,2.427000045776367,2.427000045776367,0
2019-11-12,2019-11-12T00:00:00Z,2.4170000553131104,2.427000045776367,2.381999969482422,2.384000062942505,0
2019-11-13,2019-11-13T00:00:00Z,2.364000082015991,2.372999906539917,2.3410000801086426,2.3510000705718994,0
2019-11-14,2019-11-14T00:00:00Z,2.3259999752044678,2.3259999752044678,2.2869999408721924,2.296999931335449,0
2019-11-15,2019-11-15T00:00:00Z,2.318000078201294,2.3239998817443848,2.2950000762939453,2.311000108718872,0
2019-11-18,2019-11-18T00:00:00Z,2.319999933242798,2.319999933242798,2.2750000953674316,2.2929999828338623,0
2019-11-19,2019-11-19T00:00:00Z,2.2950000762939453,2.2960000038146973,2.249000072479248,2.255000114440918,0
2019-11-20,2019-11-20T00:00:00Z,2.2149999141693115,2.2269999980926514,2.194000005722046,2.203000068664551,0
2019-11-21,2019-11-21T00:00:00Z,2.2239999771118164,2.250999927520752,2.2149999141693115,2.2309999465942383,0
2019-11-22,2019-11-22T00:00:00Z,2.2060000896453857,2.2320001125335693,2.203000068664551,2.2230000495910645,0
2019-11-25,2019-11-25T00:00:00Z,2.2320001125335693,2.234999895095825,2.197999954223633,2.2070000171661377,0
2019-11-26,2019-11-26T00:00:00Z,2.184000015258789,2.184000015258789,2.1689999103546143,2.177999973297119,0
2019-11-27,2019-11-27T00:00:00Z,2.187000036239624,2.2139999866485596,2.184000015258789,2.193000078201294,0
2019-11-29,2019-11-29T00:00:00Z,2.194000005722046,2.2290000915527344,2.184999942779541,2.2019999027252197,0
2019-12-02,2019-12-02T00:00:00Z,2.2699999809265137,2.2899999618530273,2.265000104904175,2.2850000858306885,0
2019-12-03,2019-12-03T00:00:00Z,2.2339999675750732,2.234999895095825,2.1429998874664307,2.1600000858306885,0
2019-12-04,2019-12-04T00:00:00Z,2.187000036239624,2.242000102996826,2.187000036239624,2.2290000915527344,0
2019-12-05,2019-12-05T00:00:00Z,2.2239999771118164,2.2669999599456787,2.2239999771118164,2.246999979019165,0
2019-12-06,2019-12-06T00:00:00Z,2.240999937057495,2.3010001182556152,2.2360000610351562,2.2839999198913574,0
2019-12-09,2019-12-09T00:00:00Z,2.2669999599456787,2.2709999084472656,2.243000030517578,2.2639999389648438,0
2019-12-10,2019-12-10T00:00:00Z,2.240000009536743,2.2769999504089355,2.2330000400543213,2.253000020980835,0
2019-12-11,2019-12-11T00:00:00Z,2.250999927520752,2.256999969482422,2.2170000076293945,2.2200000286102295,0
2019-12-12,2019-12-12T00:00:00Z,2.2300000190734863,2.3499999046325684,2.2200000286102295,2.318000078201294,0
2019-12-13,2019-12-13T00:00:00Z,2.2990000247955322,2.3269999027252197,2.2360000610351562,2.25,0
2019-12-16,2019-12-16T00:00:00Z,2.2730000019073486,2.318000078201294,2.2690000534057617,2.309999942779541,0
2019-12-17,2019-12-17T00:00:00Z,2.2750000953674316,2.3259999752044678,2.2730000019073486,2.315999984741211,0
2019-12-18,2019-12-18T00:00:00Z,2.315000057220459,2.36299991607666,2.309999942779541,2.3510000705718994,0
2019-12-19,2019-12-19T00:00:00Z,2.374000072479248,2.375999927520752,2.3310000896453857,2.3440001010894775,0
2019-12-20,2019-12-20T00:00:00Z,2.361999988555908,2.371000051498413,2.3440001010894775,2.3459999561309814,0
2019-12-23,2019-12-23T00:00:00Z,2.3350000381469727,2.368000030517578,2.321000099182129,2.36299991607666,0
2019-12-24,2019-12-24T00:00:00Z,2.3589999675750732,2.375999927520752,2.328000068664551,2.3389999866485596,0
2019-12-26,2019-12-26T00:00:00Z,2.3440001010894775,2.3489999771118164,2.3269999027252197,2.3369998931884766,0
2019-12-27,2019-12-27T00:00:00Z,2.322999954223633,2.322999954223633,2.305000066757202,2.311000108718872,0
2019-12-30,2019-12-30T00:00:00Z,2.372999906539917,2.390000104904175,2.3420000076293945,2.3429999351501465,0
2019-12-31,2019-12-31T00:00:00Z,2.3519999980926514,2.3929998874664307,2.3480000495910645,2.3889999389648438,0
2020-01-02,2020-01-02T00:00:00Z,2.365000009536743,2.365999937057495,2.315999984741211,2.3410000801086426,0
2020-01-03,2020-01-03T00:00:00Z,2.2869999408721924,2.3010001182556152,2.249000072479248,2.249000072479248,0
2020-01-06,2020-01-06T00:00:00Z,2.24399995803833,2.2839999198913574,2.2279999256134033,2.2809998989105225,0
2020-01-07,2020-01-07T00:00:00Z,2.2780001163482666,2.309000015258789,2.2769999504089355,2.305000066757202,0
2020-01-08,2020-01-08T00:00:00Z,2.305000066757202,2.36299991607666,2.2829999923706055,2.3580000400543213,0
2020-01-09,2020-01-09T00:00:00Z,2.3519999980926514,2.381999969482422,2.325000047683716,2.3299999237060547,0
2020-01-10,2020-01-10T00:00:00Z,2.322999954223633,2.3369998931884766,2.2790000438690186,2.2839999198913574,0
2020-01-13,2020-01-13T00:00:00Z,2.2960000038146973,2.322999954223633,2.2950000762939453,2.306999921798706,0
2020-01-14,2020-01-14T00:00:00Z,2.302000045776367,2.312000036239624,2.2709999084472656,2.2750000953674316,0
2020-01-15,2020-01-15T00:00:00Z,2.253000020980835,2.260999917984009,2.2330000400543213,2.242000102996826,0
2020-01-16,2020-01-16T00:00:00Z,2.2330000400543213,2.2709999084472656,2.2290000915527344,2.260999917984009,0
2020-01-17,2020-01-17T00:00:00Z,2.2809998989105225,2.312000036239624,2.2809998989105225,2.2960000038146973,0
2020-01-21,2020-01-21T00:00:00Z,2.259000062942505,2.259000062942505,2.2239999771118164,2.2309999465942383,0
2020-01-22,2020-01-22T00:00:00Z,2.242000102996826,2.242000102996826,2.2070000171661377,2.2179999351501465,0
2020-01-23,2020-01-23T00:00:00Z,2.183000087738037,2.2009999752044678,2.1659998893737793,2.181999921798706,0
2020-01-24,2020-01-24T00:00:00Z,2.1760001182556152,2.181999921798706,2.121000051498413,2.128000020980835,0
2020-01-27,2020-01-27T00:00:00Z,2.068000078201294,2.0829999446868896,2.055000066757202,2.055000066757202,0
2020-01-28,2020-01-28T00:00:00Z,2.0739998817443848,2.109999895095825,2.062000036239624,2.0950000286102295,0
2020-01-29,2020-01-29T00:00:00Z,2.0929999351501465,2.0929999351501465,2.0439999103546143,2.052999973297119,0
2020-01-30,2020-01-30T00:00:00Z,2.0329999923706055,2.055000066757202,2.003999948501587,2.0280001163482666,0
2020-01-31,2020-01-31T00:00:00Z,2.0179998874664307,2.0299999713897705,1.9919999837875366,2.015000104904175,0
2020-02-03,2020-02-03T00:00:00Z,2.0420000553131104,2.052999973297119,1.9919999837875366,1.996999979019165,0
2020-02-04,2020-02-04T00:00:00Z,2.052999973297119,2.0910000801086426,2.052000045776367,2.0810000896453857,0
2020-02-05,2020-02-05T00:00:00Z,2.125999927520752,2.135999917984009,2.111999988555908,2.132999897003174,0
2020-02-06,2020-02-06T00:00:00Z,2.115000009536743,2.1410000324249268,2.109999895095825,2.114000082015991,0
2020-02-07,2020-02-07T00:00:00Z,2.075000047683716,2.0910000801086426,2.0350000858306885,2.0420000553131104,0
2020-02-10,2020-02-10T00:00:00Z,2.0329999923706055,2.0369999408721924,2.0160000324249268,2.0199999809265137,0
2020-02-11,2020-02-11T00:00:00Z,2.056999921798706,2.065000057220459,2.0360000133514404,2.0510001182556152,0
2020-02-12,2020-02-12T00:00:00Z,2.0850000381469727,2.0999999046325684,2.0789999961853027,2.0910000801086426,0
2020-02-13,2020-02-13T00:00:00Z,2.065999984741211,2.0899999141693115,2.055999994277954,2.071000099182129,0
2020-02-14,2020-02-14T00:00:00Z,2.052999973297119,2.052999973297119,2.0250000953674316,2.0429999828338623,0
2020-02-18,2020-02-18T00:00:00Z,1.9910000562667847,2.0290000438690186,1.9889999628067017,2.00600004196167,0
2020-02-19,2020-02-19T00:00:00Z,2.009999990463257,2.0329999923706055,2.003999948501587,2.0160000324249268,0
2020-02-20,2020-02-20T00:00:00Z,1.9819999933242798,1.9900000095367432,1.9570000171661377,1.972000002861023,0
2020-02-21,2020-02-21T00:00:00Z,1.9190000295639038,1.9299999475479126,1.8860000371932983,1.9179999828338623,0
2020-02-24,2020-02-24T00:00:00Z,1.8480000495910645,1.8530000448226929,1.8109999895095825,1.8370000123977661,0
2020-02-25,2020-02-25T00:00:00Z,1.8389999866485596,1.8420000076293945,1.7869999408721924,1.8040000200271606,0
2020-02-26,2020-02-26T00:00:00Z,1.8539999723434448,1.8630000352859497,1.7869999408721924,1.7960000038146973,0
2020-02-27,2020-02-27T00:00:00Z,1.7640000581741333,1.8209999799728394,1.7430000305175781,1.784000039100647,0
2020-02-28,2020-02-28T00:00:00Z,1.7139999866485596,1.7269999980926514,1.6460000276565552,1.6710000038146973,0
2020-03-02,2020-03-02T00:00:00Z,1.6239999532699585,1.659999966621399,1.6119999885559082,1.6460000276565552,0
2020-03-03,2020-03-03T00:00:00Z,1.6929999589920044,1.753000020980835,1.5080000162124634,1.6299999952316284,0
2020-03-04,2020-03-04T00:00:00Z,1.621000051498413,1.6480000019073486,1.5779999494552612,1.6349999904632568,0
2020-03-05,2020-03-05T00:00:00Z,1.6050000190734863,1.6050000190734863,1.5360000133514404,1.5709999799728394,0
2020-03-06,2020-03-06T00:00:00Z,1.2829999923706055,1.3450000286102295,1.1970000267028809,1.215000033378601,0
2020-03-09,2020-03-09T00:00:00Z,0.9120000004768372,1.0269999504089355,0.8370000123977661,0.9369999766349792,0
2020-03-10,2020-03-10T00:00:00Z,1.1399999856948853,1.2339999675750732,1.0149999856948853,1.218999981880188,0
2020-03-11,2020-03-11T00:00:00Z,1.215999960899353,1.3630000352859497,1.1770000457763672,1.3079999685287476,0
2020-03-12,2020-03-12T00:00:00Z,1.2209999561309814,1.4240000247955322,1.1720000505447388,1.406999945640564,0
2020-03-13,2020-03-13T00:00:00Z,1.6299999952316284,1.6299999952316284,1.4140000343322754,1.5520000457763672,0
2020-03-16,2020-03-16T00:00:00Z,1.4019999504089355,1.5080000162124634,1.284000039100647,1.3339999914169312,0
2020-03-17,2020-03-17T00:00:00Z,1.3949999809265137,1.5820000171661377,1.3320000171661377,1.5820000171661377,0
2020-03-18,2020-03-18T00:00:00Z,1.7020000219345093,1.940000057220459,1.5889999866485596,1.8969999551773071,0
2020-03-19,2020-03-19T00:00:00Z,1.746000051498413,1.8680000305175781,1.597000002861023,1.7400000095367432,0
2020-03-20,2020-03-20T00:00:00Z,1.6440000534057617,1.6649999618530273,1.4769999980926514,1.555999994277954,0
2020-03-23,2020-03-23T00:00:00Z,1.3250000476837158,1.534000039100647,1.312999963760376,1.343999981880188,0
2020-03-24,2020-03-24T00:00:00Z,1.4079999923706055,1.4620000123977661,1.3619999885559082,1.36899995803833,0
2020-03-25,2020-03-25T00:00:00Z,1.3960000276565552,1.4299999475479126,1.312999963760376,1.4229999780654907,0
2020-03-26,2020-03-26T00:00:00Z,1.3459999561309814,1.4040000438690186,1.3179999589920044,1.3949999809265137,0
2020-03-27,2020-03-27T00:00:00Z,1.3660000562667847,1.3680000305175781,1.2999999523162842,1.3370000123977661,0
2020-03-30,2020-03-30T00:00:00Z,1.246999979019165,1.2970000505447388,1.1829999685287476,1.281999945640564,0
2020-03-31,2020-03-31T00:00:00Z,1.3420000076293945,1.3630000352859497,1.2960000038146973,1.3509999513626099,0
2020-04-01,2020-04-01T00:00:00Z,1.2369999885559082,1.3079999685287476,1.2230000495910645,1.2890000343322754,0
2020-04-02,2020-04-02T00:00:00Z,1.2369999885559082,1.2790000438690186,1.2259999513626099,1.2699999809265137,0
2020-04-03,2020-04-03T00:00:00Z,1.2309999465942383,1.25600004196167,1.1929999589920044,1.2139999866485596,0
2020-04-06,2020-04-06T00:00:00Z,1.2610000371932983,1.2929999828338623,1.2480000257492065,1.284000039100647,0
2020-04-07,2020-04-07T00:00:00Z,1.3380000591278076,1.3880000114440918,1.3170000314712524,1.3320000171661377,0
2020-04-08,2020-04-08T00:00:00Z,1.3539999723434448,1.3639999628067017,1.3209999799728394,1.3639999628067017,0
2020-04-09,2020-04-09T00:00:00Z,1.340000033378601,1.3960000276565552,1.3329999446868896,1.3530000448226929,0
2020-04-13,2020-04-13T00:00:00Z,1.3559999465942383,1.3949999809265137,1.3420000076293945,1.3910000324249268,0
2020-04-14,2020-04-14T00:00:00Z,1.3969999551773071,1.4170000553131104,1.3760000467300415,1.4119999408721924,0
2020-04-15,2020-04-15T00:00:00Z,1.3289999961853027,1.3289999961853027,1.2580000162124634,1.274999976158142,0
2020-04-16,2020-04-16T00:00:00Z,1.2359999418258667,1.246999979019165,1.2020000219345093,1.2100000381469727,0
2020-04-17,2020-04-17T00:00:00Z,1.2430000305175781,1.277999997138977,1.1829999685287476,1.2760000228881836,0
2020-04-20,2020-04-20T00:00:00Z,1.2489999532699585,1.2599999904632568,1.2309999465942383,1.2369999885559082,0
2020-04-21,2020-04-21T00:00:00Z,1.1360000371932983,1.1690000295639038,1.1260000467300415,1.1619999408721924,0
2020-04-22,2020-04-22T00:00:00Z,1.1759999990463257,1.2380000352859497,1.1740000247955322,1.2200000286102295,0
2020-04-23,2020-04-23T00:00:00Z,1.2089999914169312,1.2139999866485596,1.1690000295639038,1.2039999961853027,0
2020-04-24,2020-04-24T00:00:00Z,1.1829999685287476,1.2070000171661377,1.1690000295639038,1.1770000457763672,0
2020-04-27,2020-04-27T00:00:00Z,1.2000000476837158,1.2569999694824219,1.1950000524520874,1.2510000467300415,0
2020-04-28,2020-04-28T00:00:00Z,1.2400000095367432,1.2419999837875366,1.190999984741211,1.2059999704360962,0
2020-04-29,2020-04-29T00:00:00Z,1.1859999895095825,1.253999948501587,1.1820000410079956,1.2450000047683716,0
2020-04-30,2020-04-30T00:00:00Z,1.2430000305175781,1.281999945640564,1.218999981880188,1.2660000324249268,0
2020-05-01,2020-05-01T00:00:00Z,1.2589999437332153,1.3029999732971191,1.2549999952316284,1.277999997138977,0
2020-05-04,2020-05-04T00:00:00Z,1.253000020980835,1.305999994277954,1.253000020980835,1.2970000505447388,0
2020-05-05,2020-05-05T00:00:00Z,1.3240000009536743,1.3420000076293945,1.312000036239624,1.3300000429153442,0
2020-05-06,2020-05-06T00:00:00Z,1.3539999723434448,1.4450000524520874,1.3480000495910645,1.4149999618530273,0
2020-05-07,2020-05-07T00:00:00Z,1.3980000019073486,1.4049999713897705,1.315999984741211,1.3220000267028809,0
2020-05-08,2020-05-08T00:00:00Z,1.3209999799728394,1.3880000114440918,1.3140000104904175,1.3860000371932983,0
2020-05-11,2020-05-11T00:00:00Z,1.406000018119812,1.4479999542236328,1.378000020980835,1.4450000524520874,0
2020-05-12,2020-05-12T00:00:00Z,1.4179999828338623,1.4210000038146973,1.3589999675750732,1.38100004196167,0
2020-05-13,2020-05-13T00:00:00Z,1.3530000448226929,1.3630000352859497,1.3170000314712524,1.340999960899353,0
2020-05-14,2020-05-14T00:00:00Z,1.2949999570846558,1.3040000200271606,1.2730000019073486,1.2960000038146973,0
2020-05-15,2020-05-15T00:00:00Z,1.2680000066757202,1.3320000171661377,1.2510000467300415,1.319000005722046,0
2020-05-18,2020-05-18T00:00:00Z,1.3619999885559082,1.4579999446868896,1.3580000400543213,1.4579999446868896,0
2020-05-19,2020-05-19T00:00:00Z,1.4500000476837158,1.465000033378601,1.4270000457763672,1.434999942779541,0
2020-05-20,2020-05-20T00:00:00Z,1.4259999990463257,1.4429999589920044,1.3880000114440918,1.3990000486373901,0
2020-05-21,2020-05-21T00:00:00Z,1.4019999504089355,1.4019999504089355,1.3680000305175781,1.3990000486373901,0
2020-05-22,2020-05-22T00:00:00Z,1.371000051498413,1.3919999599456787,1.3580000400543213,1.371000051498413,0
2020-05-26,2020-05-26T00:00:00Z,1.4170000553131104,1.4450000524520874,1.4079999923706055,1.4390000104904175,0
2020-05-27,2020-05-27T00:00:00Z,1.4709999561309814,1.4709999561309814,1.4170000553131104,1.434000015258789,0
2020-05-28,2020-05-28T00:00:00Z,1.4559999704360962,1.4850000143051147,1.4550000429153442,1.4739999771118164,0
2020-05-29,2020-05-29T00:00:00Z,1.430999994277954,1.4609999656677246,1.406000018119812,1.406999945640564,0
2020-06-01,2020-06-01T00:00:00Z,1.437000036239624,1.4739999771118164,1.4329999685287476,1.4550000429153442,0
2020-06-02,2020-06-02T00:00:00Z,1.4919999837875366,1.4930000305175781,1.465000033378601,1.4789999723434448,0
2020-06-03,2020-06-03T00:00:00Z,1.5180000066757202,1.569000005722046,1.5140000581741333,1.5509999990463257,0
2020-06-04,2020-06-04T00:00:00Z,1.5460000038146973,1.6269999742507935,1.5299999713897705,1.6239999532699585,0
2020-06-05,2020-06-05T00:00:00Z,1.6829999685287476,1.7610000371932983,1.6740000247955322,1.6779999732971191,0
2020-06-08,2020-06-08T00:00:00Z,1.6950000524520874,1.7100000381469727,1.6410000324249268,1.659999966621399,0
2020-06-09,2020-06-09T00:00:00Z,1.590000033378601,1.593000054359436,1.5479999780654907,1.5829999446868896,0
2020-06-10,2020-06-10T00:00:00Z,1.562999963760376,1.5709999799728394,1.5119999647140503,1.5199999809265137,0
2020-06-11,2020-06-11T00:00:00Z,1.465000033378601,1.468000054359436,1.4010000228881836,1.4010000228881836,0
2020-06-12,2020-06-12T00:00:00Z,1.4550000429153442,1.4670000076293945,1.4149999618530273,1.4500000476837158,0
2020-06-15,2020-06-15T00:00:00Z,1.406999945640564,1.465000033378601,1.3940000534057617,1.4479999542236328,0
2020-06-16,2020-06-16T00:00:00Z,1.5329999923706055,1.5809999704360962,1.5019999742507935,1.5390000343322754,0
2020-06-17,2020-06-17T00:00:00Z,1.5529999732971191,1.562000036239624,1.5169999599456787,1.5240000486373901,0
2020-06-18,2020-06-18T00:00:00Z,1.4859999418258667,1.4869999885559082,1.4609999656677246,1.4609999656677246,0
2020-06-19,2020-06-19T00:00:00Z,1.5130000114440918,1.527999997138977,1.4600000381469727,1.4700000286102295,0
2020-06-22,2020-06-22T00:00:00Z,1.4559999704360962,1.468000054359436,1.4279999732971191,1.4609999656677246,0
2020-06-23,2020-06-23T00:00:00Z,1.496999979019165,1.5049999952316284,1.4739999771118164,1.4889999628067017,0
2020-06-24,2020-06-24T00:00:00Z,1.503999948501587,1.5069999694824219,1.4420000314712524,1.4450000524520874,0
2020-06-25,2020-06-25T00:00:00Z,1.409999966621399,1.4229999780654907,1.4010000228881836,1.4179999828338623,0
2020-06-26,2020-06-26T00:00:00Z,1.409999966621399,1.4119999408721924,1.3700000047683716,1.371999979019165,0
2020-06-29,2020-06-29T00:00:00Z,1.38100004196167,1.3990000486373901,1.3730000257492065,1.3910000324249268,0
2020-06-30,2020-06-30T00:00:00Z,1.371999979019165,1.4279999732971191,1.3650000095367432,1.409000039100647,0
2020-07-01,2020-07-01T00:00:00Z,1.444000005722046,1.465999960899353,1.4220000505447388,1.4329999685287476,0
2020-07-02,2020-07-02T00:00:00Z,1.4240000247955322,1.4730000495910645,1.4210000038146973,1.4290000200271606,0
2020-07-06,2020-07-06T00:00:00Z,1.4620000123977661,1.4800000190734863,1.4429999589920044,1.4429999589920044,0
2020-07-07,2020-07-07T00:00:00Z,1.4270000457763672,1.434999942779541,1.38100004196167,1.3899999856948853,0
2020-07-08,2020-07-08T00:00:00Z,1.3919999599456787,1.4149999618530273,1.3799999952316284,1.3919999599456787,0
2020-07-09,2020-07-09T00:00:00Z,1.3940000534057617,1.3949999809265137,1.3009999990463257,1.3079999685287476,0
2020-07-10,2020-07-10T00:00:00Z,1.2589999437332153,1.3309999704360962,1.2480000257492065,1.3259999752044678,0
2020-07-13,2020-07-13T00:00:00Z,1.350000023841858,1.3669999837875366,1.3329999446868896,1.3370000123977661,0
2020-07-14,2020-07-14T00:00:00Z,1.315000057220459,1.3209999799728394,1.277999997138977,1.3020000457763672,0
2020-07-15,2020-07-15T00:00:00Z,1.347000002861023,1.3569999933242798,1.315999984741211,1.3309999704360962,0
2020-07-16,2020-07-16T00:00:00Z,1.3140000104904175,1.3170000314712524,1.2920000553131104,1.3009999990463257,0
2020-07-17,2020-07-17T00:00:00Z,1.2960000038146973,1.3329999446868896,1.2949999570846558,1.3289999961853027,0
2020-07-20,2020-07-20T00:00:00Z,1.3040000200271606,1.3240000009536743,1.2979999780654907,1.319000005722046,0
2020-07-21,2020-07-21T00:00:00Z,1.3170000314712524,1.3240000009536743,1.2979999780654907,1.312999963760376,0
2020-07-22,2020-07-22T00:00:00Z,1.2929999828338623,1.2979999780654907,1.2740000486373901,1.2890000343322754,0
2020-07-23,2020-07-23T00:00:00Z,1.274999976158142,1.281000018119812,1.2419999837875366,1.2489999532699585,0
2020-07-24,2020-07-24T00:00:00Z,1.2419999837875366,1.2640000581741333,1.2280000448226929,1.2389999628067017,0
2020-07-27,2020-07-27T00:00:00Z,1.2209999561309814,1.253999948501587,1.215999960899353,1.2519999742507935,0
2020-07-28,2020-07-28T00:00:00Z,1.253999948501587,1.25600004196167,1.2170000076293945,1.2230000495910645,0
2020-07-29,2020-07-29T00:00:00Z,1.2319999933242798,1.2580000162124634,1.215999960899353,1.2419999837875366,0
2020-07-30,2020-07-30T00:00:00Z,1.2139999866485596,1.2139999866485596,1.190000057220459,1.1979999542236328,0
2020-07-31,2020-07-31T00:00:00Z,1.1920000314712524,1.2319999933242798,1.1859999895095825,1.1979999542236328,0
2020-08-03,2020-08-03T00:00:00Z,1.246000051498413,1.25600004196167,1.2300000190734863,1.2450000047683716,0
2020-08-04,2020-08-04T00:00:00Z,1.2109999656677246,1.2109999656677246,1.180999994277954,1.190999984741211,0
2020-08-05,2020-08-05T00:00:00Z,1.2170000076293945,1.2410000562667847,1.215000033378601,1.218999981880188,0
2020-08-06,2020-08-06T00:00:00Z,1.1920000314712524,1.2109999656677246,1.1649999618530273,1.2009999752044678,0
2020-08-07,2020-08-07T00:00:00Z,1.187999963760376,1.2419999837875366,1.1859999895095825,1.2289999723434448,0
2020-08-10,2020-08-10T00:00:00Z,1.2300000190734863,1.253000020980835,1.218000054359436,1.2480000257492065,0
2020-08-11,2020-08-11T00:00:00Z,1.2879999876022339,1.3539999723434448,1.2879999876022339,1.3480000495910645,0
2020-08-12,2020-08-12T00:00:00Z,1.3669999837875366,1.3830000162124634,1.3480000495910645,1.3650000095367432,0
2020-08-13,2020-08-13T00:00:00Z,1.3700000047683716,1.444000005722046,1.3619999885559082,1.4259999990463257,0
2020-08-14,2020-08-14T00:00:00Z,1.4259999990463257,1.4459999799728394,1.4140000343322754,1.4420000314712524,0
2020-08-17,2020-08-17T00:00:00Z,1.4229999780654907,1.4359999895095825,1.406999945640564,1.4240000247955322,0
2020-08-18,2020-08-18T00:00:00Z,1.4140000343322754,1.4229999780654907,1.3910000324249268,1.3980000019073486,0
2020-08-19,2020-08-19T00:00:00Z,1.378000020980835,1.437000036239624,1.3639999628067017,1.4149999618530273,0
2020-08-20,2020-08-20T00:00:00Z,1.3769999742507935,1.3899999856948853,1.3669999837875366,1.3769999742507935,0
2020-08-21,2020-08-21T00:00:00Z,1.3589999675750732,1.3869999647140503,1.347000002861023,1.3530000448226929,0
2020-08-24,2020-08-24T00:00:00Z,1.3420000076293945,1.3580000400543213,1.3259999752044678,1.350000023841858,0
2020-08-25,2020-08-25T00:00:00Z,1.3960000276565552,1.4220000505447388,1.3830000162124634,1.3880000114440918,0
2020-08-26,2020-08-26T00:00:00Z,1.4299999475479126,1.437000036239624,1.4049999713897705,1.406000018119812,0
2020-08-27,2020-08-27T00:00:00Z,1.402999997138977,1.5019999742507935,1.3650000095367432,1.5,0
2020-08-28,2020-08-28T00:00:00Z,1.5099999904632568,1.5299999713897705,1.4819999933242798,1.5080000162124634,0
2020-08-31,2020-08-31T00:00:00Z,1.5160000324249268,1.5240000486373901,1.4520000219345093,1.4520000219345093,0
2020-09-01,2020-09-01T00:00:00Z,1.496000051498413,1.5089999437332153,1.4210000038146973,1.4249999523162842,0
2020-09-02,2020-09-02T00:00:00Z,1.4220000505447388,1.440999984741211,1.371999979019165,1.375,0
2020-09-03,2020-09-03T00:00:00Z,1.3860000371932983,1.3940000534057617,1.3220000267028809,1.340999960899353,0
2020-09-04,2020-09-04T00:00:00Z,1.3839999437332153,1.4700000286102295,1.3769999742507935,1.4700000286102295,0
2020-09-08,2020-09-08T00:00:00Z,1.4160000085830688,1.4240000247955322,1.3849999904632568,1.4229999780654907,0
2020-09-09,2020-09-09T00:00:00Z,1.4359999895095825,1.465000033378601,1.4149999618530273,1.4579999446868896,0
2020-09-10,2020-09-10T00:00:00Z,1.465999960899353,1.4930000305175781,1.4299999475479126,1.434000015258789,0
2020-09-11,2020-09-11T00:00:00Z,1.4390000104904175,1.4450000524520874,1.4119999408721924,1.4170000553131104,0
2020-09-14,2020-09-14T00:00:00Z,1.4220000505447388,1.4220000505447388,1.3980000019073486,1.409000039100647,0
2020-09-15,2020-09-15T00:00:00Z,1.434999942779541,1.440000057220459,1.4190000295639038,1.4320000410079956,0
2020-09-16,2020-09-16T00:00:00Z,1.4170000553131104,1.465999960899353,1.4049999713897705,1.4470000267028809,0
2020-09-17,2020-09-17T00:00:00Z,1.4179999828338623,1.440000057220459,1.3930000066757202,1.4290000200271606,0
2020-09-18,2020-09-18T00:00:00Z,1.4140000343322754,1.4559999704360962,1.4129999876022339,1.4529999494552612,0
2020-09-21,2020-09-21T00:00:00Z,1.402999997138977,1.4270000457763672,1.3899999856948853,1.4270000457763672,0
2020-09-22,2020-09-22T00:00:00Z,1.4129999876022339,1.4359999895095825,1.406000018119812,1.4140000343322754,0
2020-09-23,2020-09-23T00:00:00Z,1.4290000200271606,1.4490000009536743,1.4190000295639038,1.4249999523162842,0
2020-09-24,2020-09-24T00:00:00Z,1.4079999923706055,1.4140000343322754,1.3969999551773071,1.4010000228881836,0
2020-09-25,2020-09-25T00:00:00Z,1.3969999551773071,1.4129999876022339,1.3899999856948853,1.4049999713897705,0
2020-09-28,2020-09-28T00:00:00Z,1.4240000247955322,1.4249999523162842,1.406000018119812,1.4229999780654907,0
2020-09-29,2020-09-29T00:00:00Z,1.406999945640564,1.4220000505447388,1.3990000486373901,1.406000018119812,0
2020-09-30,2020-09-30T00:00:00Z,1.4170000553131104,1.4869999885559082,1.4160000085830688,1.4509999752044678,0
2020-10-01,2020-10-01T00:00:00Z,1.4780000448226929,1.496999979019165,1.4450000524520874,1.4539999961853027,0
2020-10-02,2020-10-02T00:00:00Z,1.440000057220459,1.4930000305175781,1.4270000457763672,1.4809999465942383,0
2020-10-05,2020-10-05T00:00:00Z,1.5110000371932983,1.5670000314712524,1.5110000371932983,1.5670000314712524,0
2020-10-06,2020-10-06T00:00:00Z,1.597000002861023,1.6089999675750732,1.5230000019073486,1.5360000133514404,0
2020-10-07,2020-10-07T00:00:00Z,1.5859999656677246,1.593999981880188,1.5529999732971191,1.5880000591278076,0
2020-10-08,2020-10-08T00:00:00Z,1.5779999494552612,1.5800000429153442,1.559999942779541,1.565999984741211,0
2020-10-09,2020-10-09T00:00:00Z,1.5800000429153442,1.6089999675750732,1.562000036239624,1.5740000009536743,0
2020-10-12,2020-10-12T00:00:00Z,1.5740000009536743,1.5740000009536743,1.5740000009536743,1.5740000009536743,0
2020-10-13,2020-10-13T00:00:00Z,1.5509999990463257,1.5509999990463257,1.5130000114440918,1.5130000114440918,0
2020-10-14,2020-10-14T00:00:00Z,1.4930000305175781,1.5069999694824219,1.4830000400543213,1.5,0
2020-10-15,2020-10-15T00:00:00Z,1.465999960899353,1.5130000114440918,1.4579999446868896,1.5069999694824219,0
2020-10-16,2020-10-16T00:00:00Z,1.5080000162124634,1.5479999780654907,1.5,1.5290000438690186,0
2020-10-19,2020-10-19T00:00:00Z,1.5579999685287476,1.5709999799728394,1.5420000553131104,1.5479999780654907,0
2020-10-20,2020-10-20T00:00:00Z,1.5740000009536743,1.6080000400543213,1.5729999542236328,1.6039999723434448,0
2020-10-21,2020-10-21T00:00:00Z,1.6260000467300415,1.6299999952316284,1.5959999561309814,1.628999948501587,0
2020-10-22,2020-10-22T00:00:00Z,1.6169999837875366,1.6670000553131104,1.6069999933242798,1.6579999923706055,0
2020-10-23,2020-10-23T00:00:00Z,1.6770000457763672,1.690000057220459,1.6380000114440918,1.6449999809265137,0
2020-10-26,2020-10-26T00:00:00Z,1.6100000143051147,1.6109999418258667,1.5789999961853027,1.593999981880188,0
2020-10-27,2020-10-27T00:00:00Z,1.5859999656677246,1.5880000591278076,1.5579999685287476,1.5709999799728394,0
2020-10-28,2020-10-28T00:00:00Z,1.5499999523162842,1.5750000476837158,1.527999997138977,1.5700000524520874,0
2020-10-29,2020-10-29T00:00:00Z,1.5520000457763672,1.6339999437332153,1.5499999523162842,1.625,0
2020-10-30,2020-10-30T00:00:00Z,1.597000002861023,1.6480000019073486,1.5920000076293945,1.6399999856948853,0
2020-11-02,2020-11-02T00:00:00Z,1.6440000534057617,1.6469999551773071,1.6069999933242798,1.6239999532699585,0
2020-11-03,2020-11-03T00:00:00Z,1.6469999551773071,1.6790000200271606,1.6469999551773071,1.6549999713897705,0
2020-11-04,2020-11-04T00:00:00Z,1.5390000343322754,1.565999984741211,1.50600004196167,1.5460000038146973,0
2020-11-05,2020-11-05T00:00:00Z,1.5290000438690186,1.5670000314712524,1.5089999437332153,1.5440000295639038,0
2020-11-06,2020-11-06T00:00:00Z,1.5570000410079956,1.61899995803833,1.5540000200271606,1.5989999771118164,0
2020-11-09,2020-11-09T00:00:00Z,1.7109999656677246,1.7669999599456787,1.690999984741211,1.7510000467300415,0
2020-11-10,2020-11-10T00:00:00Z,1.7380000352859497,1.7599999904632568,1.725000023841858,1.7599999904632568,0
2020-11-11,2020-11-11T00:00:00Z,1.7389999628067017,1.7389999628067017,1.7389999628067017,1.7389999628067017,0
2020-11-12,2020-11-12T00:00:00Z,1.7070000171661377,1.7079999446868896,1.6460000276565552,1.6510000228881836,0
2020-11-13,2020-11-13T00:00:00Z,1.6419999599456787,1.6519999504089355,1.6260000467300415,1.6480000019073486,0
2020-11-16,2020-11-16T00:00:00Z,1.6729999780654907,1.6790000200271606,1.6469999551773071,1.659999966621399,0
2020-11-17,2020-11-17T00:00:00Z,1.628000020980835,1.6360000371932983,1.6180000305175781,1.6260000467300415,0
2020-11-18,2020-11-18T00:00:00Z,1.5950000286102295,1.6360000371932983,1.5880000591278076,1.6180000305175781,0
2020-11-19,2020-11-19T00:00:00Z,1.5839999914169312,1.5920000076293945,1.5579999685287476,1.5779999494552612,0
2020-11-20,2020-11-20T00:00:00Z,1.5399999618530273,1.565000057220459,1.527999997138977,1.531999945640564,0
2020-11-23,2020-11-23T00:00:00Z,1.5540000200271606,1.569000005722046,1.5470000505447388,1.562000036239624,0
2020-11-24,2020-11-24T00:00:00Z,1.5829999446868896,1.6109999418258667,1.5750000476837158,1.6030000448226929,0
2020-11-25,2020-11-25T00:00:00Z,1.6119999885559082,1.6239999532699585,1.5839999914169312,1.6200000047683716,0
2020-11-27,2020-11-27T00:00:00Z,1.590999960899353,1.6030000448226929,1.5709999799728394,1.5740000009536743,0
2020-11-30,2020-11-30T00:00:00Z,1.5800000429153442,1.590999960899353,1.5640000104904175,1.5729999542236328,0
2020-12-01,2020-12-01T00:00:00Z,1.5950000286102295,1.684000015258789,1.5950000286102295,1.6759999990463257,0
2020-12-02,2020-12-02T00:00:00Z,1.6629999876022339,1.7239999771118164,1.659999966621399,1.7039999961853027,0
2020-12-03,2020-12-03T00:00:00Z,1.6920000314712524,1.6920000314712524,1.6579999923706055,1.6660000085830688,0
2020-12-04,2020-12-04T00:00:00Z,1.6720000505447388,1.7489999532699585,1.6490000486373901,1.7300000190734863,0
2020-12-07,2020-12-07T00:00:00Z,1.7059999704360962,1.7070000171661377,1.680999994277954,1.6859999895095825,0
2020-12-08,2020-12-08T00:00:00Z,1.680999994277954,1.6859999895095825,1.6440000534057617,1.659000039100647,0
2020-12-09,2020-12-09T00:00:00Z,1.6920000314712524,1.7109999656677246,1.6679999828338623,1.6890000104904175,0
2020-12-10,2020-12-10T00:00:00Z,1.6710000038146973,1.684000015258789,1.6339999437332153,1.6369999647140503,0
2020-12-11,2020-12-11T00:00:00Z,1.6169999837875366,1.6339999437332153,1.6009999513626099,1.6260000467300415,0
2020-12-14,2020-12-14T00:00:00Z,1.6720000505447388,1.6779999732971191,1.6239999532699585,1.628000020980835,0
2020-12-15,2020-12-15T00:00:00Z,1.6380000114440918,1.6679999828338623,1.6339999437332153,1.6649999618530273,0
2020-12-16,2020-12-16T00:00:00Z,1.6920000314712524,1.7070000171661377,1.6549999713897705,1.6660000085830688,0
2020-12-17,2020-12-17T00:00:00Z,1.656000018119812,1.6920000314712524,1.6260000467300415,1.6759999990463257,0
2020-12-18,2020-12-18T00:00:00Z,1.6740000247955322,1.7020000219345093,1.6629999876022339,1.7000000476837158,0
2020-12-21,2020-12-21T00:00:00Z,1.6399999856948853,1.6929999589920044,1.6339999437332153,1.684000015258789,0
2020-12-22,2020-12-22T00:00:00Z,1.6690000295639038,1.6720000505447388,1.649999976158142,1.652999997138977,0
2020-12-23,2020-12-23T00:00:00Z,1.6579999923706055,1.7259999513626099,1.652999997138977,1.6970000267028809,0
2020-12-24,2020-12-24T00:00:00Z,1.680999994277954,1.6859999895095825,1.6579999923706055,1.6640000343322754,0
2020-12-28,2020-12-28T00:00:00Z,1.7020000219345093,1.7109999656677246,1.6679999828338623,1.6690000295639038,0
2020-12-29,2020-12-29T00:00:00Z,1.6970000267028809,1.6979999542236328,1.6660000085830688,1.6740000247955322,0
2020-12-30,2020-12-30T00:00:00Z,1.684999942779541,1.6859999895095825,1.659999966621399,1.6619999408721924,0
2020-12-31,2020-12-31T00:00:00Z,1.6619999408721924,1.6749999523162842,1.6399999856948853,1.6460000276565552,0
2021-01-04,2021-01-04T00:00:00Z,1.6720000505447388,1.690999984741211,1.6380000114440918,1.656000018119812,0
2021-01-05,2021-01-05T00:00:00Z,1.684000015258789,1.722000002861023,1.6740000247955322,1.7050000429153442,0
2021-01-06,2021-01-06T00:00:00Z,1.7660000324249268,1.8370000123977661,1.7660000324249268,1.8209999799728394,0
2021-01-07,2021-01-07T00:00:00Z,1.8359999656677246,1.871999979019165,1.8320000171661377,1.8450000286102295,0
2021-01-08,2021-01-08T00:00:00Z,1.8530000448226929,1.8930000066757202,1.8320000171661377,1.8630000352859497,0
2021-01-11,2021-01-11T00:00:00Z,1.8700000047683716,1.8980000019073486,1.8509999513626099,1.8760000467300415,0
2021-01-12,2021-01-12T00:00:00Z,1.8930000066757202,1.9149999618530273,1.875,1.8849999904632568,0
2021-01-13,2021-01-13T00:00:00Z,1.8650000095367432,1.8700000047683716,1.8079999685287476,1.8179999589920044,0
2021-01-14,2021-01-14T00:00:00Z,1.8320000171661377,1.8880000114440918,1.8200000524520874,1.8739999532699585,0
2021-01-15,2021-01-15T00:00:00Z,1.843999981880188,1.8660000562667847,1.8350000381469727,1.8530000448226929,0
2021-01-19,2021-01-19T00:00:00Z,1.8580000400543213,1.8630000352859497,1.8350000381469727,1.840000033378601,0
2021-01-20,2021-01-20T00:00:00Z,1.8519999980926514,1.8539999723434448,1.8389999866485596,1.8420000076293945,0
2021-01-21,2021-01-21T00:00:00Z,1.8569999933242798,1.8799999952316284,1.8539999723434448,1.871999979019165,0
2021-01-22,2021-01-22T00:00:00Z,1.840000033378601,1.8660000562667847,1.8350000381469727,1.8569999933242798,0
2021-01-25,2021-01-25T00:00:00Z,1.8220000267028809,1.8250000476837158,1.7890000343322754,1.7979999780654907,0
2021-01-26,2021-01-26T00:00:00Z,1.805999994277954,1.815999984741211,1.7920000553131104,1.8020000457763672,0
2021-01-27,2021-01-27T00:00:00Z,1.7869999408721924,1.7879999876022339,1.7619999647140503,1.777999997138977,0
2021-01-28,2021-01-28T00:00:00Z,1.7599999904632568,1.8380000591278076,1.7599999904632568,1.8200000524520874,0
2021-01-29,2021-01-29T00:00:00Z,1.850000023841858,1.86899995803833,1.8259999752044678,1.8580000400543213,0
2021-02-01,2021-02-01T00:00:00Z,1.8459999561309814,1.8569999933242798,1.8259999752044678,1.847000002861023,0
2021-02-02,2021-02-02T00:00:00Z,1.8839999437332153,1.8930000066757202,1.871000051498413,1.8769999742507935,0
2021-02-03,2021-02-03T00:00:00Z,1.9010000228881836,1.9149999618530273,1.8880000114440918,1.9119999408721924,0
2021-02-04,2021-02-04T00:00:00Z,1.937000036239624,1.9509999752044678,1.9270000457763672,1.9329999685287476,0
2021-02-05,2021-02-05T00:00:00Z,1.968000054359436,1.9859999418258667,1.9279999732971191,1.9739999771118164,0
2021-02-08,2021-02-08T00:00:00Z,1.9910000562667847,1.9930000305175781,1.9329999685287476,1.9429999589920044,0
2021-02-09,2021-02-09T00:00:00Z,1.9279999732971191,1.9509999752044678,1.9190000295639038,1.9470000267028809,0
2021-02-10,2021-02-10T00:00:00Z,1.9639999866485596,1.968000054359436,1.9190000295639038,1.9240000247955322,0
2021-02-11,2021-02-11T00:00:00Z,1.9229999780654907,1.9539999961853027,1.909000039100647,1.9470000267028809,0
2021-02-12,2021-02-12T00:00:00Z,1.9789999723434448,2.003999948501587,1.9739999771118164,2.003000020980835,0
2021-02-16,2021-02-16T00:00:00Z,2.0510001182556152,2.0940001010894775,2.0510001182556152,2.0899999141693115,0
2021-02-17,2021-02-17T00:00:00Z,2.0820000171661377,2.0959999561309814,2.0320000648498535,2.069000005722046,0
2021-02-18,2021-02-18T00:00:00Z,2.0769999027252197,2.1010000705718994,2.056999921798706,2.0759999752044678,0
2021-02-19,2021-02-19T00:00:00Z,2.0980000495910645,2.1549999713897705,2.0910000801086426,2.140000104904175,0
2021-02-22,2021-02-22T00:00:00Z,2.1449999809265137,2.183000087738037,2.121000051498413,2.180000066757202,0
2021-02-23,2021-02-23T00:00:00Z,2.184000015258789,2.2170000076293945,2.1670000553131104,2.200000047683716,0
2021-02-24,2021-02-24T00:00:00Z,2.2639999389648438,2.2929999828338623,2.2160000801086426,2.242000102996826,0
2021-02-25,2021-02-25T00:00:00Z,2.309999942779541,2.4019999504089355,2.2639999389648438,2.308000087738037,0
2021-02-26,2021-02-26T00:00:00Z,2.2219998836517334,2.250999927520752,2.177000045776367,2.181999921798706,0
2021-03-01,2021-03-01T00:00:00Z,2.2279999256134033,2.2339999675750732,2.183000087738037,2.2200000286102295,0
2021-03-02,2021-03-02T00:00:00Z,2.2330000400543213,2.240000009536743,2.1989998817443848,2.2160000801086426,0
2021-03-03,2021-03-03T00:00:00Z,2.255000114440918,2.2809998989105225,2.2339999675750732,2.252000093460083,0
2021-03-04,2021-03-04T00:00:00Z,2.257999897003174,2.321000099182129,2.246000051498413,2.309000015258789,0
2021-03-05,2021-03-05T00:00:00Z,2.315999984741211,2.3510000705718994,2.2660000324249268,2.2880001068115234,0
2021-03-08,2021-03-08T00:00:00Z,2.299999952316284,2.318000078201294,2.2790000438690186,2.308000087738037,0
2021-03-09,2021-03-09T00:00:00Z,2.2660000324249268,2.2809998989105225,2.25,2.259000062942505,0
2021-03-10,2021-03-10T00:00:00Z,2.2720000743865967,2.2739999294281006,2.234999895095825,2.243000030517578,0
2021-03-11,2021-03-11T00:00:00Z,2.244999885559082,2.3010001182556152,2.244999885559082,2.2809998989105225,0
2021-03-12,2021-03-12T00:00:00Z,2.3559999465942383,2.4040000438690186,2.3489999771118164,2.4019999504089355,0
2021-03-15,2021-03-15T00:00:00Z,2.384999990463257,2.384999990463257,2.3499999046325684,2.368000030517578,0
2021-03-16,2021-03-16T00:00:00Z,2.3499999046325684,2.3989999294281006,2.3429999351501465,2.3910000324249268,0
2021-03-17,2021-03-17T00:00:00Z,2.4140000343322754,2.4630000591278076,2.4079999923706055,2.437000036239624,0
2021-03-18,2021-03-18T00:00:00Z,2.48799991607666,2.505000114440918,2.4690001010894775,2.4760000705718994,0
2021-03-19,2021-03-19T00:00:00Z,2.424999952316284,2.4739999771118164,2.4170000553131104,2.4509999752044678,0
2021-03-22,2021-03-22T00:00:00Z,2.4100000858306885,2.4119999408721924,2.378000020980835,2.382999897003174,0
2021-03-23,2021-03-23T00:00:00Z,2.361999988555908,2.384000062942505,2.3480000495910645,2.3480000495910645,0
2021-03-24,2021-03-24T00:00:00Z,2.3340001106262207,2.3540000915527344,2.312999963760376,2.313999891281128,0
2021-03-25,2021-03-25T00:00:00Z,2.302000045776367,2.3510000705718994,2.2929999828338623,2.3340001106262207,0
2021-03-26,2021-03-26T00:00:00Z,2.3919999599456787,2.3949999809265137,2.3469998836517334,2.367000102996826,0
2021-03-29,2021-03-29T00:00:00Z,2.3510000705718994,2.430000066757202,2.3440001010894775,2.4240000247955322,0
2021-03-30,2021-03-30T00:00:00Z,2.434000015258789,2.447999954223633,2.378000020980835,2.3959999084472656,0
2021-03-31,2021-03-31T00:00:00Z,2.380000114440918,2.428999900817871,2.367000102996826,2.424999952316284,0
2021-04-01,2021-04-01T00:00:00Z,2.36899995803833,2.378000020980835,2.3369998931884766,2.3399999141693115,0
2021-04-05,2021-04-05T00:00:00Z,2.3919999599456787,2.3919999599456787,2.359999895095825,2.36299991607666,0
2021-04-06,2021-04-06T00:00:00Z,2.3420000076293945,2.3510000705718994,2.312000036239624,2.315999984741211,0
2021-04-07,2021-04-07T00:00:00Z,2.3310000896453857,2.3440001010894775,2.311000108718872,2.3350000381469727,0
2021-04-08,2021-04-08T00:00:00Z,2.3499999046325684,2.3499999046325684,2.315000057220459,2.322000026702881,0
2021-04-09,2021-04-09T00:00:00Z,2.3469998836517334,2.361999988555908,2.313999891281128,2.3389999866485596,0
2021-04-12,2021-04-12T00:00:00Z,2.3380000591278076,2.3529999256134033,2.3289999961853027,2.3469998836517334,0
2021-04-13,2021-04-13T00:00:00Z,2.3469998836517334,2.36299991607666,2.302999973297119,2.306999921798706,0
2021-04-14,2021-04-14T00:00:00Z,2.308000087738037,2.3340001106262207,2.302000045776367,2.325000047683716,0
2021-04-15,2021-04-15T00:00:00Z,2.2860000133514404,2.2920000553131104,2.2070000171661377,2.2100000381469727,0
2021-04-16,2021-04-16T00:00:00Z,2.250999927520752,2.2880001068115234,2.250999927520752,2.260999917984009,0
2021-04-19,2021-04-19T00:00:00Z,2.2760000228881836,2.302000045776367,2.2730000019073486,2.2939999103546143,0
2021-04-20,2021-04-20T00:00:00Z,2.2890000343322754,2.309999942779541,2.253999948501587,2.259000062942505,0
2021-04-21,2021-04-21T00:00:00Z,2.265000104904175,2.2799999713897705,2.25,2.2639999389648438,0
2021-04-22,2021-04-22T00:00:00Z,2.2709999084472656,2.2739999294281006,2.2309999465942383,2.239000082015991,0
2021-04-23,2021-04-23T00:00:00Z,2.2300000190734863,2.2639999389648438,2.2170000076293945,2.250999927520752,0
2021-04-26,2021-04-26T00:00:00Z,2.2699999809265137,2.2699999809265137,2.2260000705718994,2.24399995803833,0
2021-04-27,2021-04-27T00:00:00Z,2.253999948501587,2.299999952316284,2.243000030517578,2.2939999103546143,0
2021-04-28,2021-04-28T00:00:00Z,2.306999921798706,2.319999933242798,2.2860000133514404,2.299999952316284,0
2021-04-29,2021-04-29T00:00:00Z,2.3310000896453857,2.3529999256134033,2.309999942779541,2.311000108718872,0
2021-04-30,2021-04-30T00:00:00Z,2.303999900817871,2.321000099182129,2.2929999828338623,2.3010001182556152,0
2021-05-03,2021-05-03T00:00:00Z,2.322999954223633,2.322999954223633,2.253000020980835,2.2880001068115234,0
2021-05-04,2021-05-04T00:00:00Z,2.2829999923706055,2.2839999198913574,2.2360000610351562,2.2660000324249268,0
2021-05-05,2021-05-05T00:00:00Z,2.2780001163482666,2.2960000038146973,2.255000114440918,2.259000062942505,0
2021-05-06,2021-05-06T00:00:00Z,2.257999897003174,2.2709999084472656,2.2330000400543213,2.2360000610351562,0
2021-05-07,2021-05-07T00:00:00Z,2.239000082015991,2.2820000648498535,2.1610000133514404,2.2769999504089355,0
2021-05-10,2021-05-10T00:00:00Z,2.2920000553131104,2.3269999027252197,2.2720000743865967,2.319000005722046,0
2021-05-11,2021-05-11T00:00:00Z,2.3299999237060547,2.364000082015991,2.328000068664551,2.3510000705718994,0
2021-05-12,2021-05-12T00:00:00Z,2.3320000171661377,2.4170000553131104,2.3320000171661377,2.4149999618530273,0
2021-05-13,2021-05-13T00:00:00Z,2.4000000953674316,2.4110000133514404,2.378000020980835,2.3959999084472656,0
2021-05-14,2021-05-14T00:00:00Z,2.365999937057495,2.377000093460083,2.3489999771118164,2.3550000190734863,0
2021-05-17,2021-05-17T00:00:00Z,2.3519999980926514,2.365000009536743,2.3389999866485596,2.3550000190734863,0
2021-05-18,2021-05-18T00:00:00Z,2.3570001125335693,2.381999969482422,2.3440001010894775,2.364000082015991,0
2021-05-19,2021-05-19T00:00:00Z,2.372999906539917,2.4000000953674316,2.3359999656677246,2.38700008392334,0
2021-05-20,2021-05-20T00:00:00Z,2.365999937057495,2.368000030517578,2.328000068664551,2.3420000076293945,0
2021-05-21,2021-05-21T00:00:00Z,2.3299999237060547,2.3459999561309814,2.321000099182129,2.3329999446868896,0
2021-05-24,2021-05-24T00:00:00Z,2.309999942779541,2.313999891281128,2.2880001068115234,2.302000045776367,0
2021-05-25,2021-05-25T00:00:00Z,2.2880001068115234,2.296999931335449,2.256999969482422,2.259999990463257,0
2021-05-26,2021-05-26T00:00:00Z,2.250999927520752,2.2750000953674316,2.236999988555908,2.259999990463257,0
2021-05-27,2021-05-27T00:00:00Z,2.2929999828338623,2.306999921798706,2.2799999713897705,2.2899999618530273,0
2021-05-28,2021-05-28T00:00:00Z,2.2850000858306885,2.2939999103546143,2.259999990463257,2.263000011444092,0
2021-06-01,2021-06-01T00:00:00Z,2.306999921798706,2.3289999961853027,2.2929999828338623,2.2960000038146973,0
2021-06-02,2021-06-02T00:00:00Z,2.2820000648498535,2.2899999618530273,2.2709999084472656,2.2799999713897705,0
2021-06-03,2021-06-03T00:00:00Z,2.2820000648498535,2.308000087738037,2.2720000743865967,2.2950000762939453,0
2021-06-04,2021-06-04T00:00:00Z,2.2950000762939453,2.319999933242798,2.23799991607666,2.239000082015991,0
2021-06-07,2021-06-07T00:00:00Z,2.257999897003174,2.259999990463257,2.240999937057495,2.250999927520752,0
2021-06-08,2021-06-08T00:00:00Z,2.2190001010894775,2.2209999561309814,2.194999933242798,2.2090001106262207,0
2021-06-09,2021-06-09T00:00:00Z,2.181999921798706,2.184000015258789,2.1500000953674316,2.1689999103546143,0
2021-06-10,2021-06-10T00:00:00Z,2.184999942779541,2.2109999656677246,2.1530001163482666,2.1530001163482666,0
2021-06-11,2021-06-11T00:00:00Z,2.1429998874664307,2.1619999408721924,2.1410000324249268,2.1519999504089355,0
2021-06-14,2021-06-14T00:00:00Z,2.1519999504089355,2.194000005722046,2.1459999084472656,2.190000057220459,0
2021-06-15,2021-06-15T00:00:00Z,2.190000057220459,2.2139999866485596,2.181999921798706,2.1989998817443848,0
2021-06-16,2021-06-16T00:00:00Z,2.187000036239624,2.2230000495910645,2.1710000038146973,2.2090001106262207,0
2021-06-17,2021-06-17T00:00:00Z,2.174999952316284,2.183000087738037,2.049999952316284,2.0999999046325684,0
2021-06-18,2021-06-18T00:00:00Z,2.1040000915527344,2.114000082015991,2.005000114440918,2.0269999504089355,0
2021-06-21,2021-06-21T00:00:00Z,2.046999931335449,2.1080000400543213,2.046999931335449,2.1040000915527344,0
2021-06-22,2021-06-22T00:00:00Z,2.128999948501587,2.1489999294281006,2.1010000705718994,2.1050000190734863,0
2021-06-23,2021-06-23T00:00:00Z,2.1019999980926514,2.128000020980835,2.0969998836517334,2.111999988555908,0
2021-06-24,2021-06-24T00:00:00Z,2.0989999771118164,2.1080000400543213,2.0850000381469727,2.0950000286102295,0
2021-06-25,2021-06-25T00:00:00Z,2.0880000591278076,2.177000045776367,2.0859999656677246,2.1689999103546143,0
2021-06-28,2021-06-28T00:00:00Z,2.134999990463257,2.140000104904175,2.0869998931884766,2.0980000495910645,0
2021-06-29,2021-06-29T00:00:00Z,2.1070001125335693,2.13100004196167,2.0950000286102295,2.0959999561309814,0
2021-06-30,2021-06-30T00:00:00Z,2.065000057220459,2.0799999237060547,2.0480000972747803,2.065000057220459,0
2021-07-01,2021-07-01T00:00:00Z,2.0929999351501465,2.0950000286102295,2.063999891281128,2.0859999656677246,0
2021-07-02,2021-07-02T00:00:00Z,2.0380001068115234,2.072999954223633,2.0339999198913574,2.0450000762939453,0
2021-07-06,2021-07-06T00:00:00Z,2.0409998893737793,2.0439999103546143,1.9730000495910645,2.003999948501587,0
2021-07-07,2021-07-07T00:00:00Z,1.9609999656677246,1.9639999866485596,1.9190000295639038,1.944000005722046,0
2021-07-08,2021-07-08T00:00:00Z,1.8919999599456787,1.9299999475479126,1.878000020980835,1.909999966621399,0
2021-07-09,2021-07-09T00:00:00Z,1.9730000495910645,1.9900000095367432,1.965000033378601,1.9819999933242798,0
2021-07-12,2021-07-12T00:00:00Z,1.968000054359436,2.002000093460083,1.965999960899353,1.9930000305175781,0
2021-07-13,2021-07-13T00:00:00Z,1.9769999980926514,2.053999900817871,1.9570000171661377,2.0380001068115234,0
2021-07-14,2021-07-14T00:00:00Z,2.006999969482422,2.0139999389648438,1.9859999418258667,1.9889999628067017,0
2021-07-15,2021-07-15T00:00:00Z,1.9450000524520874,1.972000002861023,1.9190000295639038,1.9199999570846558,0
2021-07-16,2021-07-16T00:00:00Z,1.944000005722046,1.9620000123977661,1.9299999475479126,1.930999994277954,0
2021-07-19,2021-07-19T00:00:00Z,1.843000054359436,1.8480000495910645,1.8029999732971191,1.815000057220459,0
2021-07-20,2021-07-20T00:00:00Z,1.8240000009536743,1.878000020980835,1.7799999713897705,1.86899995803833,0
2021-07-21,2021-07-21T00:00:00Z,1.9040000438690186,1.9670000076293945,1.8980000019073486,1.9299999475479126,0
2021-07-22,2021-07-22T00:00:00Z,1.934999942779541,1.940999984741211,1.8799999952316284,1.9019999504089355,0
2021-07-23,2021-07-23T00:00:00Z,1.9420000314712524,1.9500000476837158,1.9190000295639038,1.9249999523162842,0
2021-07-26,2021-07-26T00:00:00Z,1.899999976158142,1.9320000410079956,1.8940000534057617,1.9259999990463257,0
2021-07-27,2021-07-27T00:00:00Z,1.906999945640564,1.909999966621399,1.8849999904632568,1.8890000581741333,0
2021-07-28,2021-07-28T00:00:00Z,1.9229999780654907,1.9329999685287476,1.8990000486373901,1.9110000133514404,0
2021-07-29,2021-07-29T00:00:00Z,1.9149999618530273,1.9320000410079956,1.8990000486373901,1.9160000085830688,0
2021-07-30,2021-07-30T00:00:00Z,1.8880000114440918,1.906999945640564,1.8860000371932983,1.8969999551773071,0
2021-08-02,2021-08-02T00:00:00Z,1.9119999408721924,1.9129999876022339,1.8309999704360962,1.8530000448226929,0
2021-08-03,2021-08-03T00:00:00Z,1.8489999771118164,1.8569999933242798,1.8289999961853027,1.8519999980926514,0
2021-08-04,2021-08-04T00:00:00Z,1.843000054359436,1.878999948501587,1.8109999895095825,1.840000033378601,0
2021-08-05,2021-08-05T00:00:00Z,1.8309999704360962,1.871000051498413,1.8279999494552612,1.8630000352859497,0
2021-08-06,2021-08-06T00:00:00Z,1.8980000019073486,1.9459999799728394,1.8919999599456787,1.934000015258789,0
2021-08-09,2021-08-09T00:00:00Z,1.9329999685287476,1.965999960899353,1.9220000505447388,1.9630000591278076,0
2021-08-10,2021-08-10T00:00:00Z,1.9589999914169312,1.9900000095367432,1.9529999494552612,1.9839999675750732,0
2021-08-11,2021-08-11T00:00:00Z,2.009000062942505,2.0309998989105225,1.9700000286102295,1.996999979019165,0
2021-08-12,2021-08-12T00:00:00Z,2.009000062942505,2.0339999198913574,1.9989999532699585,2.013000011444092,0
2021-08-13,2021-08-13T00:00:00Z,2.007999897003174,2.013000011444092,1.944000005722046,1.9479999542236328,0
2021-08-16,2021-08-16T00:00:00Z,1.9320000410079956,1.940999984741211,1.8869999647140503,1.9240000247955322,0
2021-08-17,2021-08-17T00:00:00Z,1.8960000276565552,1.9359999895095825,1.8919999599456787,1.9190000295639038,0
2021-08-18,2021-08-18T00:00:00Z,1.937999963760376,1.9390000104904175,1.9049999713897705,1.9140000343322754,0
2021-08-19,2021-08-19T00:00:00Z,1.8700000047683716,1.8919999599456787,1.8639999628067017,1.8760000467300415,0
2021-08-20,2021-08-20T00:00:00Z,1.8559999465942383,1.8819999694824219,1.8530000448226929,1.8739999532699585,0
2021-08-23,2021-08-23T00:00:00Z,1.8849999904632568,1.8919999599456787,1.871999979019165,1.871999979019165,0
2021-08-24,2021-08-24T00:00:00Z,1.8869999647140503,1.909000039100647,1.8849999904632568,1.906999945640564,0
2021-08-25,2021-08-25T00:00:00Z,1.9220000505447388,1.968999981880188,1.9040000438690186,1.9589999914169312,0
2021-08-26,2021-08-26T00:00:00Z,1.965000033378601,1.9769999980926514,1.9359999895095825,1.940999984741211,0
2021-08-27,2021-08-27T00:00:00Z,1.937999963760376,1.940999984741211,1.9160000085830688,1.9179999828338623,0
2021-08-30,2021-08-30T00:00:00Z,1.9259999990463257,1.9299999475479126,1.8990000486373901,1.899999976158142,0
2021-08-31,2021-08-31T00:00:00Z,1.9040000438690186,1.9390000104904175,1.8839999437332153,1.9270000457763672,0
2021-09-01,2021-09-01T00:00:00Z,1.934000015258789,1.9459999799728394,1.9040000438690186,1.9190000295639038,0
2021-09-02,2021-09-02T00:00:00Z,1.906999945640564,1.9240000247955322,1.902999997138977,1.906999945640564,0
2021-09-03,2021-09-03T00:00:00Z,1.906999945640564,1.9539999961853027,1.8890000581741333,1.9429999589920044,0
2021-09-07,2021-09-07T00:00:00Z,1.9789999723434448,1.9980000257492065,1.968000054359436,1.9839999675750732,0
2021-09-08,2021-09-08T00:00:00Z,1.9559999704360962,1.972000002861023,1.944000005722046,1.9529999494552612,0
2021-09-09,2021-09-09T00:00:00Z,1.9520000219345093,1.9579999446868896,1.8860000371932983,1.8969999551773071,0
2021-09-10,2021-09-10T00:00:00Z,1.9170000553131104,1.9459999799728394,1.909000039100647,1.934000015258789,0
2021-09-13,2021-09-13T00:00:00Z,1.9199999570846558,1.9199999570846558,1.899999976158142,1.9049999713897705,0
2021-09-14,2021-09-14T00:00:00Z,1.9210000038146973,1.9429999589920044,1.8309999704360962,1.850000023841858,0
2021-09-15,2021-09-15T00:00:00Z,1.8339999914169312,1.8849999904632568,1.8229999542236328,1.86899995803833,0
2021-09-16,2021-09-16T00:00:00Z,1.871999979019165,1.8980000019073486,1.8669999837875366,1.88100004196167,0
2021-09-17,2021-09-17T00:00:00Z,1.88100004196167,1.9249999523162842,1.8760000467300415,1.909000039100647,0
2021-09-20,2021-09-20T00:00:00Z,1.843999981880188,1.8730000257492065,1.8339999914169312,1.8459999561309814,0
2021-09-21,2021-09-21T00:00:00Z,1.8669999837875366,1.8760000467300415,1.8480000495910645,1.8569999933242798,0
2021-09-22,2021-09-22T00:00:00Z,1.8660000562667847,1.8660000562667847,1.8300000429153442,1.8509999513626099,0
2021-09-23,2021-09-23T00:00:00Z,1.8359999656677246,1.934999942779541,1.8320000171661377,1.9240000247955322,0
2021-09-24,2021-09-24T00:00:00Z,1.934999942779541,1.9919999837875366,1.934999942779541,1.9880000352859497,0
2021-09-27,2021-09-27T00:00:00Z,2.0160000324249268,2.0439999103546143,1.9869999885559082,1.9950000047683716,0
2021-09-28,2021-09-28T00:00:00Z,2.068000078201294,2.1010000705718994,2.0510001182556152,2.069999933242798,0
2021-09-29,2021-09-29T00:00:00Z,2.071000099182129,2.0999999046325684,2.0390000343322754,2.0899999141693115,0
2021-09-30,2021-09-30T00:00:00Z,2.0820000171661377,2.1029999256134033,2.072999954223633,2.0920000076293945,0
2021-10-01,2021-10-01T00:00:00Z,2.059999942779541,2.078000068664551,2.0450000762939453,2.058000087738037,0
2021-10-04,2021-10-04T00:00:00Z,2.062000036239624,2.0810000896453857,2.0339999198913574,2.046999931335449,0
2021-10-05,2021-10-05T00:00:00Z,2.0510001182556152,2.1029999256134033,2.0510001182556152,2.0980000495910645,0
2021-10-06,2021-10-06T00:00:00Z,2.1080000400543213,2.1080000400543213,2.059000015258789,2.0759999752044678,0
2021-10-07,2021-10-07T00:00:00Z,2.0859999656677246,2.13700008392334,2.0859999656677246,2.131999969482422,0
2021-10-08,2021-10-08T00:00:00Z,2.13100004196167,2.177000045776367,2.125,2.1619999408721924,0
2021-10-11,2021-10-11T00:00:00Z,2.1659998893737793,2.1659998893737793,2.1659998893737793,2.1659998893737793,0
2021-10-12,2021-10-12T00:00:00Z,2.134999990463257,2.1429998874664307,2.0999999046325684,2.1059999465942383,0
2021-10-13,2021-10-13T00:00:00Z,2.065999984741211,2.0940001010894775,2.0309998989105225,2.0409998893737793,0
2021-10-14,2021-10-14T00:00:00Z,2.0399999618530273,2.059999942779541,2.015000104904175,2.0250000953674316,0
2021-10-15,2021-10-15T00:00:00Z,2.049999952316284,2.068000078201294,2.0360000133514404,2.0510001182556152,0
2021-10-18,2021-10-18T00:00:00Z,2.0339999198913574,2.058000087738037,2.009000062942505,2.0169999599456787,0
2021-10-19,2021-10-19T00:00:00Z,2.052999973297119,2.0880000591278076,2.052999973297119,2.0880000591278076,0
2021-10-20,2021-10-20T00:00:00Z,2.0799999237060547,2.13700008392334,2.078000068664551,2.1110000610351562,0
2021-10-21,2021-10-21T00:00:00Z,2.1500000953674316,2.1500000953674316,2.1110000610351562,2.128000020980835,0
2021-10-22,2021-10-22T00:00:00Z,2.128000020980835,2.131999969482422,2.069000005722046,2.0910000801086426,0
2021-10-25,2021-10-25T00:00:00Z,2.1010000705718994,2.121999979019165,2.072999954223633,2.0850000381469727,0
2021-10-26,2021-10-26T00:00:00Z,2.065999984741211,2.0910000801086426,2.0480000972747803,2.0510001182556152,0
2021-10-27,2021-10-27T00:00:00Z,2.009000062942505,2.015000104904175,1.9320000410079956,1.9420000314712524,0
2021-10-28,2021-10-28T00:00:00Z,1.9450000524520874,1.9780000448226929,1.9240000247955322,1.9630000591278076,0
2021-10-29,2021-10-29T00:00:00Z,2.003999948501587,2.00600004196167,1.9329999685287476,1.9420000314712524,0
2021-11-01,2021-11-01T00:00:00Z,1.9759999513626099,1.996999979019165,1.9600000381469727,1.968999981880188,0
2021-11-02,2021-11-02T00:00:00Z,1.9670000076293945,1.9830000400543213,1.937000036239624,1.9600000381469727,0
2021-11-03,2021-11-03T00:00:00Z,1.9459999799728394,2.003000020980835,1.9270000457763672,1.9859999418258667,0
2021-11-04,2021-11-04T00:00:00Z,2.009000062942505,2.0250000953674316,1.9490000009536743,1.9639999866485596,0
2021-11-05,2021-11-05T00:00:00Z,1.9500000476837158,1.9620000123977661,1.88100004196167,1.8860000371932983,0
2021-11-08,2021-11-08T00:00:00Z,1.906999945640564,1.9110000133514404,1.8819999694824219,1.8869999647140503,0
2021-11-09,2021-11-09T00:00:00Z,1.850000023841858,1.8550000190734863,1.7949999570846558,1.8220000267028809,0
2021-11-10,2021-11-10T00:00:00Z,1.8389999866485596,1.9830000400543213,1.819000005722046,1.9179999828338623,0
2021-11-11,2021-11-11T00:00:00Z,1.9160000085830688,1.9160000085830688,1.9160000085830688,1.9160000085830688,0
2021-11-12,2021-11-12T00:00:00Z,1.9299999475479126,1.968000054359436,1.906999945640564,1.9550000429153442,0
2021-11-15,2021-11-15T00:00:00Z,1.9320000410079956,2.0139999389648438,1.9270000457763672,2.006999969482422,0
2021-11-16,2021-11-16T00:00:00Z,1.9800000190734863,2.0230000019073486,1.9769999980926514,2.0179998874664307,0
2021-11-17,2021-11-17T00:00:00Z,2.0339999198913574,2.0490000247955322,1.996000051498413,1.996000051498413,0
2021-11-18,2021-11-18T00:00:00Z,1.9850000143051147,1.9989999532699585,1.9620000123977661,1.972000002861023,0
2021-11-19,2021-11-19T00:00:00Z,1.930999994277954,1.9520000219345093,1.9010000228881836,1.906999945640564,0
2021-11-22,2021-11-22T00:00:00Z,1.940000057220459,1.9780000448226929,1.9290000200271606,1.9780000448226929,0
2021-11-23,2021-11-23T00:00:00Z,2.003999948501587,2.0230000019073486,1.9869999885559082,2.0230000019073486,0
2021-11-24,2021-11-24T00:00:00Z,2.015000104904175,2.0360000133514404,1.9670000076293945,1.968999981880188,0
2021-11-26,2021-11-26T00:00:00Z,1.8960000276565552,1.9040000438690186,1.8229999542236328,1.8270000219345093,0
2021-11-29,2021-11-29T00:00:00Z,1.8910000324249268,1.909999966621399,1.8589999675750732,1.8799999952316284,0
2021-11-30,2021-11-30T00:00:00Z,1.8229999542236328,1.840000033378601,1.7760000228881836,1.7869999408721924,0
2021-12-01,2021-12-01T00:00:00Z,1.8200000524520874,1.8459999561309814,1.7760000228881836,1.777999997138977,0
2021-12-02,2021-12-02T00:00:00Z,1.7510000467300415,1.784000039100647,1.7369999885559082,1.7690000534057617,0
2021-12-03,2021-12-03T00:00:00Z,1.753999948501587,1.7940000295639038,1.6779999732971191,1.6779999732971191,0
2021-12-06,2021-12-06T00:00:00Z,1.718000054359436,1.7699999809265137,1.690999984741211,1.7569999694824219,0
2021-12-07,2021-12-07T00:00:00Z,1.7760000228881836,1.7960000038146973,1.7510000467300415,1.7960000038146973,0
2021-12-08,2021-12-08T00:00:00Z,1.8140000104904175,1.8880000114440918,1.812000036239624,1.875,0
2021-12-09,2021-12-09T00:00:00Z,1.8530000448226929,1.8940000534057617,1.843999981880188,1.8660000562667847,0
2021-12-10,2021-12-10T00:00:00Z,1.875,1.8869999647140503,1.8380000591278076,1.8839999437332153,0
2021-12-13,2021-12-13T00:00:00Z,1.8569999933242798,1.8589999675750732,1.8009999990463257,1.812000036239624,0
2021-12-14,2021-12-14T00:00:00Z,1.8229999542236328,1.86899995803833,1.8040000200271606,1.8179999589920044,0
2021-12-15,2021-12-15T00:00:00Z,1.8380000591278076,1.8639999628067017,1.8209999799728394,1.8550000190734863,0
2021-12-16,2021-12-16T00:00:00Z,1.8940000534057617,1.9049999713897705,1.8480000495910645,1.8609999418258667,0
2021-12-17,2021-12-17T00:00:00Z,1.8289999961853027,1.8370000123977661,1.809000015258789,1.8179999589920044,0
2021-12-20,2021-12-20T00:00:00Z,1.812000036239624,1.8519999980926514,1.8079999685287476,1.8489999771118164,0
2021-12-21,2021-12-21T00:00:00Z,1.878000020980835,1.9270000457763672,1.878000020980835,1.8969999551773071,0
2021-12-22,2021-12-22T00:00:00Z,1.88100004196167,1.88100004196167,1.8530000448226929,1.8569999933242798,0
2021-12-23,2021-12-23T00:00:00Z,1.871000051498413,1.9149999618530273,1.8539999723434448,1.9049999713897705,0
2021-12-27,2021-12-27T00:00:00Z,1.8940000534057617,1.9010000228881836,1.878000020980835,1.8860000371932983,0
2021-12-28,2021-12-28T00:00:00Z,1.8869999647140503,1.9149999618530273,1.8539999723434448,1.902999997138977,0
2021-12-29,2021-12-29T00:00:00Z,1.9259999990463257,1.9709999561309814,1.9259999990463257,1.9529999494552612,0
2021-12-30,2021-12-30T00:00:00Z,1.9420000314712524,1.968999981880188,1.9220000505447388,1.9249999523162842,0
2021-12-31,2021-12-31T00:00:00Z,1.9149999618530273,1.934000015258789,1.8830000162124634,1.9049999713897705,0
2022-01-03,2022-01-03T00:00:00Z,1.9179999828338623,2.0250000953674316,1.9170000553131104,2.0160000324249268,0
2022-01-04,2022-01-04T00:00:00Z,2.0490000247955322,2.1029999256134033,2.0480000972747803,2.0769999027252197,0
2022-01-05,2022-01-05T00:00:00Z,2.056999921798706,2.1059999465942383,2.0510001182556152,2.0880000591278076,0
2022-01-06,2022-01-06T00:00:00Z,2.115000009536743,2.121000051498413,2.0869998931884766,2.0929999351501465,0
2022-01-07,2022-01-07T00:00:00Z,2.0989999771118164,2.1500000953674316,2.0859999656677246,2.118000030517578,0
2022-01-10,2022-01-10T00:00:00Z,2.124000072479248,2.1510000228881836,2.1059999465942383,2.109999895095825,0
2022-01-11,2022-01-11T00:00:00Z,2.0799999237060547,2.1029999256134033,2.072999954223633,2.072999954223633,0
2022-01-12,2022-01-12T00:00:00Z,2.069000005722046,2.0889999866485596,2.046999931335449,2.0739998817443848,0
2022-01-13,2022-01-13T00:00:00Z,2.0799999237060547,2.0899999141693115,2.052000045776367,2.055000066757202,0
2022-01-14,2022-01-14T00:00:00Z,2.071000099182129,2.117000102996826,2.0510001182556152,2.114000082015991,0
2022-01-18,2022-01-18T00:00:00Z,2.1459999084472656,2.190000057220459,2.13700008392334,2.184000015258789,0
2022-01-19,2022-01-19T00:00:00Z,2.1710000038146973,2.191999912261963,2.138000011444092,2.138000011444092,0
2022-01-20,2022-01-20T00:00:00Z,2.1489999294281006,2.1600000858306885,2.13700008392334,2.140000104904175,0
2022-01-21,2022-01-21T00:00:00Z,2.0940001010894775,2.1050000190734863,2.052000045776367,2.063999891281128,0
2022-01-24,2022-01-24T00:00:00Z,2.053999900817871,2.0859999656677246,2.0399999618530273,2.0829999446868896,0
2022-01-25,2022-01-25T00:00:00Z,2.124000072479248,2.134999990463257,2.066999912261963,2.128999948501587,0
2022-01-26,2022-01-26T00:00:00Z,2.127000093460083,2.1740000247955322,2.1080000400543213,2.1670000553131104,0
2022-01-27,2022-01-27T00:00:00Z,2.121000051498413,2.130000114440918,2.075000047683716,2.0910000801086426,0
2022-01-28,2022-01-28T00:00:00Z,2.122999906539917,2.1429998874664307,2.078000068664551,2.0829999446868896,0
2022-01-31,2022-01-31T00:00:00Z,2.1080000400543213,2.125999927520752,2.0920000076293945,2.0980000495910645,0
2022-02-01,2022-02-01T00:00:00Z,2.0799999237060547,2.1519999504089355,2.0799999237060547,2.124000072479248,0
2022-02-02,2022-02-02T00:00:00Z,2.0959999561309814,2.134999990463257,2.061000108718872,2.0940001010894775,0
2022-02-03,2022-02-03T00:00:00Z,2.132999897003174,2.184000015258789,2.131999969482422,2.1449999809265137,0
2022-02-04,2022-02-04T00:00:00Z,2.125,2.236999988555908,2.121000051498413,2.2330000400543213,0
2022-02-07,2022-02-07T00:00:00Z,2.2230000495910645,2.244999885559082,2.2119998931884766,2.2179999351501465,0
2022-02-08,2022-02-08T00:00:00Z,2.240000009536743,2.2709999084472656,2.23799991607666,2.250999927520752,0
2022-02-09,2022-02-09T00:00:00Z,2.2360000610351562,2.246999979019165,2.2139999866485596,2.2320001125335693,0
2022-02-10,2022-02-10T00:00:00Z,2.2309999465942383,2.3459999561309814,2.2309999465942383,2.309000015258789,0
2022-02-11,2022-02-11T00:00:00Z,2.2880001068115234,2.3529999256134033,2.243000030517578,2.256999969482422,0
2022-02-14,2022-02-14T00:00:00Z,2.26200008392334,2.3299999237060547,2.257999897003174,2.3010001182556152,0
2022-02-15,2022-02-15T00:00:00Z,2.3340001106262207,2.364000082015991,2.3259999752044678,2.361999988555908,0
2022-02-16,2022-02-16T00:00:00Z,2.3429999351501465,2.38700008392334,2.318000078201294,2.365000009536743,0
2022-02-17,2022-02-17T00:00:00Z,2.316999912261963,2.3340001106262207,2.2669999599456787,2.312000036239624,0
2022-02-18,2022-02-18T00:00:00Z,2.2929999828338623,2.2929999828338623,2.239000082015991,2.250999927520752,0
2022-02-22,2022-02-22T00:00:00Z,2.259000062942505,2.2699999809265137,2.2239999771118164,2.253000020980835,0
2022-02-23,2022-02-23T00:00:00Z,2.2720000743865967,2.2950000762939453,2.249000072479248,2.2750000953674316,0
2022-02-24,2022-02-24T00:00:00Z,2.180999994277954,2.2990000247955322,2.1659998893737793,2.2929999828338623,0
2022-02-25,2022-02-25T00:00:00Z,2.3010001182556152,2.312000036239624,2.2639999389648438,2.2960000038146973,0
2022-02-28,2022-02-28T00:00:00Z,2.24399995803833,2.246000051498413,2.171999931335449,2.181999921798706,0
2022-03-01,2022-03-01T00:00:00Z,2.1029999256134033,2.1630001068115234,2.069999933242798,2.1040000915527344,0
2022-03-02,2022-03-02T00:00:00Z,2.1470000743865967,2.2360000610351562,2.125,2.2330000400543213,0
2022-03-03,2022-03-03T00:00:00Z,2.2339999675750732,2.2679998874664307,2.2039999961853027,2.2269999980926514,0
2022-03-04,2022-03-04T00:00:00Z,2.190000057220459,2.1989998817443848,2.128000020980835,2.1510000228881836,0
2022-03-07,2022-03-07T00:00:00Z,2.186000108718872,2.2119998931884766,2.131999969482422,2.1519999504089355,0
2022-03-08,2022-03-08T00:00:00Z,2.246000051498413,2.259000062942505,2.2260000705718994,2.24399995803833,0
2022-03-09,2022-03-09T00:00:00Z,2.2679998874664307,2.302000045776367,2.253999948501587,2.302000045776367,0
2022-03-10,2022-03-10T00:00:00Z,2.3459999561309814,2.4149999618530273,2.3259999752044678,2.3940000534057617,0
2022-03-11,2022-03-11T00:00:00Z,2.38100004196167,2.3970000743865967,2.3369998931884766,2.364000082015991,0
2022-03-14,2022-03-14T00:00:00Z,2.4260001182556152,2.4760000705718994,2.421999931335449,2.4760000705718994,0
2022-03-15,2022-03-15T00:00:00Z,2.4630000591278076,2.505000114440918,2.4260001182556152,2.505000114440918,0
2022-03-16,2022-03-16T00:00:00Z,2.490000009536743,2.5409998893737793,2.4549999237060547,2.4590001106262207,0
2022-03-17,2022-03-17T00:00:00Z,2.4119999408721924,2.4860000610351562,2.4119999408721924,2.484999895095825,0
2022-03-18,2022-03-18T00:00:00Z,2.440999984741211,2.4570000171661377,2.4100000858306885,2.4179999828338623,0
2022-03-21,2022-03-21T00:00:00Z,2.4630000591278076,2.5339999198913574,2.4609999656677246,2.5339999198913574,0
2022-03-22,2022-03-22T00:00:00Z,2.5810000896453857,2.6050000190734863,2.566999912261963,2.5929999351501465,0
2022-03-23,2022-03-23T00:00:00Z,2.6040000915527344,2.628999948501587,2.510999917984009,2.5190000534057617,0
2022-03-24,2022-03-24T00:00:00Z,2.553999900817871,2.572999954223633,2.502000093460083,2.510999917984009,0
2022-03-25,2022-03-25T00:00:00Z,2.5160000324249268,2.6440000534057617,2.510999917984009,2.6029999256134033,0
2022-03-28,2022-03-28T00:00:00Z,2.569999933242798,2.5840001106262207,2.5209999084472656,2.572999954223633,0
2022-03-29,2022-03-29T00:00:00Z,2.569000005722046,2.571000099182129,2.4839999675750732,2.5239999294281006,0
2022-03-30,2022-03-30T00:00:00Z,2.513000011444092,2.5429999828338623,2.4609999656677246,2.4800000190734863,0
2022-03-31,2022-03-31T00:00:00Z,2.4579999446868896,2.4709999561309814,2.437000036239624,2.447999954223633,0
2022-04-01,2022-04-01T00:00:00Z,2.496999979019165,2.5439999103546143,2.4149999618530273,2.4240000247955322,0
2022-04-04,2022-04-04T00:00:00Z,2.4769999980926514,2.503999948501587,2.438999891281128,2.4739999771118164,0
2022-04-05,2022-04-05T00:00:00Z,2.5420000553131104,2.5989999771118164,2.502000093460083,2.5840001106262207,0
2022-04-06,2022-04-06T00:00:00Z,2.6630001068115234,2.678999900817871,2.5989999771118164,2.631999969482422,0
2022-04-07,2022-04-07T00:00:00Z,2.6670000553131104,2.7190001010894775,2.631999969482422,2.687000036239624,0
2022-04-08,2022-04-08T00:00:00Z,2.7100000381469727,2.759999990463257,2.694999933242798,2.746000051498413,0
2022-04-11,2022-04-11T00:00:00Z,2.7909998893737793,2.8350000381469727,2.750999927520752,2.819999933242798,0
2022-04-12,2022-04-12T00:00:00Z,2.7909998893737793,2.8350000381469727,2.76200008392334,2.8259999752044678,0
2022-04-13,2022-04-13T00:00:00Z,2.8510000705718994,2.8559999465942383,2.763000011444092,2.7939999103546143,0
2022-04-14,2022-04-14T00:00:00Z,2.796999931335449,2.928999900817871,2.796999931335449,2.9189999103546143,0
2022-04-18,2022-04-18T00:00:00Z,2.9519999027252197,2.9690001010894775,2.9030001163482666,2.953000068664551,0
2022-04-19,2022-04-19T00:00:00Z,2.9700000286102295,3.0179998874664307,2.9700000286102295,2.990000009536743,0
2022-04-20,2022-04-20T00:00:00Z,2.947000026702881,2.9649999141693115,2.865000009536743,2.878999948501587,0
2022-04-21,2022-04-21T00:00:00Z,2.8910000324249268,2.986999988555908,2.885999917984009,2.933000087738037,0
2022-04-22,2022-04-22T00:00:00Z,2.944999933242798,2.9570000171661377,2.888000011444092,2.944000005722046,0
2022-04-25,2022-04-25T00:00:00Z,2.9049999713897705,2.9119999408721924,2.8570001125335693,2.8940000534057617,0
2022-04-26,2022-04-26T00:00:00Z,2.8499999046325684,2.874000072479248,2.822999954223633,2.86899995803833,0
2022-04-27,2022-04-27T00:00:00Z,2.8550000190734863,2.9200000762939453,2.8320000171661377,2.9079999923706055,0
2022-04-28,2022-04-28T00:00:00Z,2.9489998817443848,2.9709999561309814,2.9070000648498535,2.928999900817871,0
2022-04-29,2022-04-29T00:00:00Z,2.9170000553131104,2.990000009536743,2.9089999198913574,2.947000026702881,0
2022-05-02,2022-05-02T00:00:00Z,2.993000030517578,3.065999984741211,2.9800000190734863,3.061000108718872,0
2022-05-03,2022-05-03T00:00:00Z,3.007999897003174,3.0199999809265137,2.9679999351501465,3.00600004196167,0
2022-05-04,2022-05-04T00:00:00Z,2.999000072479248,3.053999900817871,2.989000082015991,3.003000020980835,0
2022-05-05,2022-05-05T00:00:00Z,3.015000104904175,3.2079999446868896,3.013000011444092,3.1600000858306885,0
2022-05-06,2022-05-06T00:00:00Z,3.1630001068115234,3.2230000495910645,3.135999917984009,3.2209999561309814,0
2022-05-09,2022-05-09T00:00:00Z,3.2739999294281006,3.2769999504089355,3.197999954223633,3.2079999446868896,0
2022-05-10,2022-05-10T00:00:00Z,3.121000051498413,3.138000011444092,3.062999963760376,3.130000114440918,0
2022-05-11,2022-05-11T00:00:00Z,3.0999999046325684,3.2139999866485596,3.0380001068115234,3.0439999103546143,0
2022-05-12,2022-05-12T00:00:00Z,2.989000082015991,3.0329999923706055,2.9739999771118164,2.984999895095825,0
2022-05-13,2022-05-13T00:00:00Z,3.061000108718872,3.0959999561309814,3.0460000038146973,3.0929999351501465,0
2022-05-16,2022-05-16T00:00:00Z,3.1010000705718994,3.1080000400543213,3.053999900817871,3.0840001106262207,0
2022-05-17,2022-05-17T00:00:00Z,3.1050000190734863,3.1740000247955322,3.1050000190734863,3.1619999408721924,0
2022-05-18,2022-05-18T00:00:00Z,3.187999963760376,3.2019999027252197,3.068000078201294,3.072000026702881,0
2022-05-19,2022-05-19T00:00:00Z,3.007999897003174,3.075000047683716,2.9749999046325684,3.065999984741211,0
2022-05-20,2022-05-20T00:00:00Z,3.059000015258789,3.069000005722046,2.9800000190734863,2.996000051498413,0
2022-05-23,2022-05-23T00:00:00Z,3.0329999923706055,3.072000026702881,3.009000062942505,3.065000057220459,0
2022-05-24,2022-05-24T00:00:00Z,3.0160000324249268,3.0320000648498535,2.940999984741211,2.9730000495910645,0
2022-05-25,2022-05-25T00:00:00Z,2.9509999752044678,2.992000102996826,2.9240000247955322,2.9649999141693115,0
2022-05-26,2022-05-26T00:00:00Z,2.9800000190734863,3.0269999504089355,2.9670000076293945,2.990999937057495,0
2022-05-27,2022-05-27T00:00:00Z,2.947000026702881,2.9800000190734863,2.940000057220459,2.9719998836517334,0
2022-05-31,2022-05-31T00:00:00Z,3.0260000228881836,3.0850000381469727,3.0260000228881836,3.056999921798706,0
2022-06-01,2022-06-01T00:00:00Z,3.069000005722046,3.1040000915527344,3.0299999713897705,3.0759999752044678,0
2022-06-02,2022-06-02T00:00:00Z,3.061000108718872,3.11299991607666,3.0480000972747803,3.0759999752044678,0
2022-06-03,2022-06-03T00:00:00Z,3.0929999351501465,3.1579999923706055,3.0910000801086426,3.114000082015991,0
2022-06-06,2022-06-06T00:00:00Z,3.130000114440918,3.196000099182129,3.115000009536743,3.190999984741211,0
2022-06-07,2022-06-07T00:00:00Z,3.180999994277954,3.180999994277954,3.1059999465942383,3.122999906539917,0
2022-06-08,2022-06-08T00:00:00Z,3.1570000648498535,3.186000108718872,3.1389999389648438,3.177000045776367,0
2022-06-09,2022-06-09T00:00:00Z,3.187000036239624,3.2100000381469727,3.1579999923706055,3.1710000038146973,0
2022-06-10,2022-06-10T00:00:00Z,3.1579999923706055,3.23799991607666,3.0980000495910645,3.196000099182129,0
2022-06-13,2022-06-13T00:00:00Z,3.2929999828338623,3.3889999389648438,3.2679998874664307,3.367000102996826,0
2022-06-14,2022-06-14T00:00:00Z,3.3499999046325684,3.446000099182129,3.313999891281128,3.431999921798706,0
2022-06-15,2022-06-15T00:00:00Z,3.377000093460083,3.4590001106262207,3.3580000400543213,3.4130001068115234,0
2022-06-16,2022-06-16T00:00:00Z,3.441999912261963,3.4719998836517334,3.3570001125335693,3.361999988555908,0
2022-06-17,2022-06-17T00:00:00Z,3.2929999828338623,3.3340001106262207,3.246000051498413,3.2939999103546143,0
2022-06-21,2022-06-21T00:00:00Z,3.3550000190734863,3.3949999809265137,3.3350000381469727,3.390000104904175,0
2022-06-22,2022-06-22T00:00:00Z,3.2869999408721924,3.2899999618530273,3.2279999256134033,3.243000030517578,0
2022-06-23,2022-06-23T00:00:00Z,3.2269999980926514,3.2339999675750732,3.1470000743865967,3.178999900817871,0
2022-06-24,2022-06-24T00:00:00Z,3.240999937057495,3.2669999599456787,3.194999933242798,3.256999969482422,0
2022-06-27,2022-06-27T00:00:00Z,3.309999942779541,3.3420000076293945,3.2869999408721924,3.305000066757202,0
2022-06-28,2022-06-28T00:00:00Z,3.3519999980926514,3.36299991607666,3.2909998893737793,3.309999942779541,0
2022-06-29,2022-06-29T00:00:00Z,3.2720000743865967,3.302999973297119,3.2119998931884766,3.2119998931884766,0
2022-06-30,2022-06-30T00:00:00Z,3.1649999618530273,3.178999900817871,3.11899995803833,3.11899995803833,0
2022-07-01,2022-07-01T00:00:00Z,3.1429998874664307,3.1440000534057617,3.0280001163482666,3.115999937057495,0
2022-07-05,2022-07-05T00:00:00Z,3.0989999771118164,3.0989999771118164,3.01200008392334,3.0320000648498535,0
2022-07-06,2022-07-06T00:00:00Z,3.0350000858306885,3.134000062942505,2.994999885559082,3.11899995803833,0
2022-07-07,2022-07-07T00:00:00Z,3.131999969482422,3.2060000896453857,3.121000051498413,3.194000005722046,0
2022-07-08,2022-07-08T00:00:00Z,3.184000015258789,3.2780001163482666,3.180000066757202,3.2690000534057617,0
2022-07-11,2022-07-11T00:00:00Z,3.2269999980926514,3.2269999980926514,3.1530001163482666,3.180000066757202,0
2022-07-12,2022-07-12T00:00:00Z,3.115000009536743,3.1489999294281006,3.0869998931884766,3.13700008392334,0
2022-07-13,2022-07-13T00:00:00Z,3.1530001163482666,3.2309999465942383,3.069000005722046,3.069000005722046,0
2022-07-14,2022-07-14T00:00:00Z,3.1050000190734863,3.1710000038146973,3.0920000076293945,3.1040000915527344,0
2022-07-15,2022-07-15T00:00:00Z,3.0880000591278076,3.117000102996826,3.062000036239624,3.0940001010894775,0
2022-07-18,2022-07-18T00:00:00Z,3.124000072479248,3.180000066757202,3.124000072479248,3.134999990463257,0
2022-07-19,2022-07-19T00:00:00Z,3.1559998989105225,3.2049999237060547,3.134000062942505,3.178999900817871,0
2022-07-20,2022-07-20T00:00:00Z,3.135999917984009,3.188999891281128,3.109999895095825,3.1700000762939453,0
2022-07-21,2022-07-21T00:00:00Z,3.2019999027252197,3.2079999446868896,3.063999891281128,3.072999954223633,0
2022-07-22,2022-07-22T00:00:00Z,3.009000062942505,3.0190000534057617,2.9519999027252197,2.997999906539917,0
2022-07-25,2022-07-25T00:00:00Z,3.049999952316284,3.0789999961853027,3.0280001163482666,3.0490000247955322,0
2022-07-26,2022-07-26T00:00:00Z,2.9769999980926514,3.0139999389648438,2.9519999027252197,3.009000062942505,0
2022-07-27,2022-07-27T00:00:00Z,3.0139999389648438,3.0329999923706055,2.9839999675750732,3.002000093460083,0
2022-07-28,2022-07-28T00:00:00Z,3.0739998817443848,3.0940001010894775,2.9700000286102295,3.0390000343322754,0
2022-07-29,2022-07-29T00:00:00Z,3.0510001182556152,3.063999891281128,2.9560000896453857,2.9739999771118164,0
2022-08-01,2022-08-01T00:00:00Z,3.0230000019073486,3.055999994277954,2.924999952316284,2.924999952316284,0
2022-08-02,2022-08-02T00:00:00Z,2.884999990463257,3.0,2.8550000190734863,2.984999895095825,0
2022-08-03,2022-08-03T00:00:00Z,3.0320000648498535,3.0799999237060547,2.9769999980926514,2.9769999980926514,0
2022-08-04,2022-08-04T00:00:00Z,2.944000005722046,2.986999988555908,2.927999973297119,2.9609999656677246,0
2022-08-05,2022-08-05T00:00:00Z,2.9820001125335693,3.1059999465942383,2.9730000495910645,3.065000057220459,0
2022-08-08,2022-08-08T00:00:00Z,3.0280001163482666,3.0390000343322754,2.98799991607666,2.997999906539917,0
2022-08-09,2022-08-09T00:00:00Z,3.0280001163482666,3.0299999713897705,2.990000009536743,3.005000114440918,0
2022-08-10,2022-08-10T00:00:00Z,3.0199999809265137,3.061000108718872,2.943000078201294,3.0420000553131104,0
2022-08-11,2022-08-11T00:00:00Z,3.0179998874664307,3.188999891281128,3.006999969482422,3.1730000972747803,0
2022-08-12,2022-08-12T00:00:00Z,3.125,3.1579999923706055,3.111999988555908,3.118000030517578,0
2022-08-15,2022-08-15T00:00:00Z,3.0840001106262207,3.0999999046325684,3.052999973297119,3.0959999561309814,0
2022-08-16,2022-08-16T00:00:00Z,3.1040000915527344,3.171999931335449,3.0999999046325684,3.11299991607666,0
2022-08-17,2022-08-17T00:00:00Z,3.1459999084472656,3.1649999618530273,3.124000072479248,3.1459999084472656,0
2022-08-18,2022-08-18T00:00:00Z,3.130000114440918,3.1549999713897705,3.1040000915527344,3.1389999389648438,0
2022-08-19,2022-08-19T00:00:00Z,3.196000099182129,3.2360000610351562,3.196000099182129,3.2249999046325684,0
2022-08-22,2022-08-22T00:00:00Z,3.2230000495910645,3.2679998874664307,3.2019999027252197,3.242000102996826,0
2022-08-23,2022-08-23T00:00:00Z,3.2290000915527344,3.2869999408721924,3.203000068664551,3.25600004196167,0
2022-08-24,2022-08-24T00:00:00Z,3.259000062942505,3.3299999237060547,3.25600004196167,3.321000099182129,0
2022-08-25,2022-08-25T00:00:00Z,3.311000108718872,3.3289999961853027,3.2279999256134033,3.2339999675750732,0
2022-08-26,2022-08-26T00:00:00Z,3.2799999713897705,3.2850000858306885,3.184000015258789,3.2049999237060547,0
2022-08-29,2022-08-29T00:00:00Z,3.240000009536743,3.2699999809265137,3.2290000915527344,3.246999979019165,0
2022-08-30,2022-08-30T00:00:00Z,3.2149999141693115,3.2639999389648438,3.2039999961853027,3.2200000286102295,0
2022-08-31,2022-08-31T00:00:00Z,3.246000051498413,3.25600004196167,3.2090001106262207,3.255000114440918,0
2022-09-01,2022-09-01T00:00:00Z,3.3350000381469727,3.4119999408721924,3.3350000381469727,3.374000072479248,0
2022-09-02,2022-09-02T00:00:00Z,3.371000051498413,3.4100000858306885,3.3359999656677246,3.3440001010894775,0
2022-09-06,2022-09-06T00:00:00Z,3.3940000534057617,3.48799991607666,3.377000093460083,3.4820001125335693,0
2022-09-07,2022-09-07T00:00:00Z,3.4739999771118164,3.4830000400543213,3.3919999599456787,3.4059998989105225,0
2022-09-08,2022-09-08T00:00:00Z,3.385999917984009,3.447999954223633,3.364000082015991,3.441999912261963,0
2022-09-09,2022-09-09T00:00:00Z,3.447000026702881,3.490999937057495,3.424999952316284,3.4560000896453857,0
2022-09-12,2022-09-12T00:00:00Z,3.4159998893737793,3.515000104904175,3.4130001068115234,3.513000011444092,0
2022-09-13,2022-09-13T00:00:00Z,3.4649999141693115,3.572000026702881,3.4539999961853027,3.506999969482422,0
2022-09-14,2022-09-14T00:00:00Z,3.5309998989105225,3.5439999103546143,3.4660000801086426,3.4690001010894775,0
2022-09-15,2022-09-15T00:00:00Z,3.496999979019165,3.497999906539917,3.453000068664551,3.4800000190734863,0
2022-09-16,2022-09-16T00:00:00Z,3.4839999675750732,3.5480000972747803,3.4709999561309814,3.5190000534057617,0
2022-09-19,2022-09-19T00:00:00Z,3.562000036239624,3.562000036239624,3.486999988555908,3.505000114440918,0
2022-09-20,2022-09-20T00:00:00Z,3.572999954223633,3.615000009536743,3.5369999408721924,3.5810000896453857,0
2022-09-21,2022-09-21T00:00:00Z,3.5360000133514404,3.622999906539917,3.51200008392334,3.5179998874664307,0
2022-09-22,2022-09-22T00:00:00Z,3.503999948501587,3.6559998989105225,3.500999927520752,3.6389999389648438,0
2022-09-23,2022-09-23T00:00:00Z,3.6700000762939453,3.677000045776367,3.565999984741211,3.611999988555908,0
2022-09-26,2022-09-26T00:00:00Z,3.671999931335449,3.7290000915527344,3.611999988555908,3.697999954223633,0
2022-09-27,2022-09-27T00:00:00Z,3.690000057220459,3.8469998836517334,3.690000057220459,3.8289999961853027,0
2022-09-28,2022-09-28T00:00:00Z,3.8380000591278076,3.8410000801086426,3.6679999828338623,3.680999994277954,0
2022-09-29,2022-09-29T00:00:00Z,3.7720000743865967,3.7809998989105225,3.6760001182556152,3.693000078201294,0
2022-09-30,2022-09-30T00:00:00Z,3.6659998893737793,3.765000104904175,3.6440000534057617,3.765000104904175,0
2022-10-03,2022-10-03T00:00:00Z,3.694000005722046,3.7179999351501465,3.6389999389648438,3.7060000896453857,0
2022-10-04,2022-10-04T00:00:00Z,3.6610000133514404,3.7190001010894775,3.6459999084472656,3.687000036239624,0
2022-10-05,2022-10-05T00:00:00Z,3.747999906539917,3.812999963760376,3.740000009536743,3.765000104904175,0
2022-10-06,2022-10-06T00:00:00Z,3.753999948501587,3.815999984741211,3.7330000400543213,3.7939999103546143,0
2022-10-07,2022-10-07T00:00:00Z,3.7850000858306885,3.877000093460083,3.7850000858306885,3.8410000801086426,0
2022-10-10,2022-10-10T00:00:00Z,3.8480000495910645,3.8480000495910645,3.8480000495910645,3.8480000495910645,0
2022-10-11,2022-10-11T00:00:00Z,3.875,3.9609999656677246,3.8529999256134033,3.9019999504089355,0
2022-10-12,2022-10-12T00:00:00Z,3.936000108718872,3.9570000171661377,3.874000072479248,3.884000062942505,0
2022-10-13,2022-10-13T00:00:00Z,3.8559999465942383,4.01200008392334,3.8459999561309814,3.931999921798706,0
2022-10-14,2022-10-14T00:00:00Z,3.878999948501587,4.0,3.8480000495910645,3.9779999256134033,0
2022-10-17,2022-10-17T00:00:00Z,3.946000099182129,4.019999980926514,3.9260001182556152,4.014999866485596,0
2022-10-18,2022-10-18T00:00:00Z,4.014999866485596,4.098999977111816,4.000999927520752,4.020999908447266,0
2022-10-19,2022-10-19T00:00:00Z,4.085000038146973,4.131999969482422,4.071000099182129,4.125999927520752,0
2022-10-20,2022-10-20T00:00:00Z,4.138999938964844,4.224999904632568,4.118000030517578,4.216000080108643,0
2022-10-21,2022-10-21T00:00:00Z,4.359000205993652,4.382999897003174,4.285999774932861,4.304999828338623,0
2022-10-24,2022-10-24T00:00:00Z,4.314000129699707,4.425000190734863,4.296999931335449,4.36299991607666,0
2022-10-25,2022-10-25T00:00:00Z,4.320000171661377,4.334000110626221,4.224999904632568,4.263000011444092,0
2022-10-26,2022-10-26T00:00:00Z,4.197999954223633,4.215000152587891,4.14300012588501,4.163000106811523,0
2022-10-27,2022-10-27T00:00:00Z,4.178999900817871,4.190000057220459,4.059999942779541,4.0920000076293945,0
2022-10-28,2022-10-28T00:00:00Z,4.118000030517578,4.170000076293945,4.076000213623047,4.129000186920166,0
2022-10-31,2022-10-31T00:00:00Z,4.130000114440918,4.210000038146973,4.130000114440918,4.203999996185303,0
2022-11-01,2022-11-01T00:00:00Z,4.065000057220459,4.1479997634887695,4.053999900817871,4.124000072479248,0
2022-11-02,2022-11-02T00:00:00Z,4.105000019073486,4.139999866485596,4.059000015258789,4.122000217437744,0
2022-11-03,2022-11-03T00:00:00Z,4.203999996185303,4.229000091552734,4.138999938964844,4.1519999504089355,0
2022-11-04,2022-11-04T00:00:00Z,4.203999996185303,4.267000198364258,4.182000160217285,4.245999813079834,0
2022-11-07,2022-11-07T00:00:00Z,4.2170000076293945,4.315000057220459,4.2170000076293945,4.313000202178955,0
2022-11-08,2022-11-08T00:00:00Z,4.309000015258789,4.310999870300293,4.23799991607666,4.257999897003174,0
2022-11-09,2022-11-09T00:00:00Z,4.294000148773193,4.334000110626221,4.247000217437744,4.320000171661377,0
2022-11-10,2022-11-10T00:00:00Z,4.26800012588501,4.281000137329102,4.078000068664551,4.080999851226807,0
2022-11-11,2022-11-11T00:00:00Z,4.058000087738037,4.058000087738037,4.058000087738037,4.058000087738037,0
2022-11-14,2022-11-14T00:00:00Z,4.072999954223633,4.086999893188477,4.0269999504089355,4.058000087738037,0
2022-11-15,2022-11-15T00:00:00Z,4.005000114440918,4.025000095367432,3.9609999656677246,3.9820001125335693,0
2022-11-16,2022-11-16T00:00:00Z,3.9509999752044678,3.9790000915527344,3.8570001125335693,3.859999895095825,0
2022-11-17,2022-11-17T00:00:00Z,3.8980000019073486,3.936000108718872,3.877000093460083,3.890000104904175,0
2022-11-18,2022-11-18T00:00:00Z,3.9059998989105225,3.934000015258789,3.859999895095825,3.927000045776367,0
2022-11-21,2022-11-21T00:00:00Z,3.9019999504089355,3.9149999618530273,3.8610000610351562,3.9049999713897705,0
2022-11-22,2022-11-22T00:00:00Z,3.8919999599456787,3.9019999504089355,3.819000005722046,3.8299999237060547,0
2022-11-23,2022-11-23T00:00:00Z,3.819999933242798,3.8359999656677246,3.736999988555908,3.739000082015991,0
2022-11-25,2022-11-25T00:00:00Z,3.759000062942505,3.7820000648498535,3.742000102996826,3.750999927520752,0
2022-11-28,2022-11-28T00:00:00Z,3.7179999351501465,3.7709999084472656,3.703000068664551,3.75,0
2022-11-29,2022-11-29T00:00:00Z,3.746999979019165,3.813999891281128,3.7339999675750732,3.802999973297119,0
2022-11-30,2022-11-30T00:00:00Z,3.7860000133514404,3.8469998836517334,3.7799999713897705,3.822000026702881,0
2022-12-01,2022-12-01T00:00:00Z,3.683000087738037,3.747999906539917,3.631999969482422,3.635999917984009,0
2022-12-02,2022-12-02T00:00:00Z,3.624000072479248,3.703000068664551,3.558000087738037,3.562000036239624,0
2022-12-05,2022-12-05T00:00:00Z,3.562999963760376,3.6500000953674316,3.555000066757202,3.615999937057495,0
2022-12-06,2022-12-06T00:00:00Z,3.568000078201294,3.5859999656677246,3.5209999084472656,3.5230000019073486,0
2022-12-07,2022-12-07T00:00:00Z,3.559999942779541,3.559999942779541,3.4130001068115234,3.4149999618530273,0
2022-12-08,2022-12-08T00:00:00Z,3.4560000896453857,3.4779999256134033,3.424999952316284,3.4549999237060547,0
2022-12-09,2022-12-09T00:00:00Z,3.4590001106262207,3.549999952316284,3.4489998817443848,3.5490000247955322,0
2022-12-12,2022-12-12T00:00:00Z,3.515000104904175,3.5980000495910645,3.489000082015991,3.5759999752044678,0
2022-12-13,2022-12-13T00:00:00Z,3.546999931335449,3.5480000972747803,3.4549999237060547,3.5280001163482666,0
2022-12-14,2022-12-14T00:00:00Z,3.559000015258789,3.5829999446868896,3.5269999504089355,3.5390000343322754,0
2022-12-15,2022-12-15T00:00:00Z,3.5490000247955322,3.565999984741211,3.4539999961853027,3.496000051498413,0
2022-12-16,2022-12-16T00:00:00Z,3.552999973297119,3.5950000286102295,3.51200008392334,3.5329999923706055,0
2022-12-19,2022-12-19T00:00:00Z,3.628000020980835,3.6579999923706055,3.61299991607666,3.622999906539917,0
2022-12-20,2022-12-20T00:00:00Z,3.7160000801086426,3.757999897003174,3.7019999027252197,3.736999988555908,0
2022-12-21,2022-12-21T00:00:00Z,3.7230000495910645,3.7660000324249268,3.691999912261963,3.743000030517578,0
2022-12-22,2022-12-22T00:00:00Z,3.7309999465942383,3.75600004196167,3.7190001010894775,3.7230000495910645,0
2022-12-23,2022-12-23T00:00:00Z,3.7699999809265137,3.8289999961853027,3.759999990463257,3.8269999027252197,0
2022-12-27,2022-12-27T00:00:00Z,3.86899995803833,3.947000026702881,3.86899995803833,3.944000005722046,0
2022-12-28,2022-12-28T00:00:00Z,3.8980000019073486,3.989000082015991,3.8929998874664307,3.9739999771118164,0
2022-12-29,2022-12-29T00:00:00Z,3.9619998931884766,3.9800000190734863,3.8980000019073486,3.9240000247955322,0
2022-12-30,2022-12-30T00:00:00Z,3.947999954223633,3.990000009536743,3.930000066757202,3.9749999046325684,0
2023-01-03,2023-01-03T00:00:00Z,3.861999988555908,3.9119999408721924,3.8289999961853027,3.8929998874664307,0
2023-01-04,2023-01-04T00:00:00Z,3.7869999408721924,3.8410000801086426,3.759999990463257,3.819999933242798,0
2023-01-05,2023-01-05T00:00:00Z,3.8299999237060547,3.875999927520752,3.7799999713897705,3.7980000972747803,0
2023-01-06,2023-01-06T00:00:00Z,3.809000015258789,3.8359999656677246,3.677000045776367,3.691999912261963,0
2023-01-09,2023-01-09T00:00:00Z,3.7239999771118164,3.7279999256134033,3.6419999599456787,3.6500000953674316,0
2023-01-10,2023-01-10T00:00:00Z,3.696000099182129,3.7750000953674316,3.688999891281128,3.756999969482422,0
2023-01-11,2023-01-11T00:00:00Z,3.690000057220459,3.7160000801086426,3.677000045776367,3.678999900817871,0
2023-01-12,2023-01-12T00:00:00Z,3.624000072479248,3.7230000495910645,3.569999933242798,3.575000047683716,0
2023-01-13,2023-01-13T00:00:00Z,3.622999906539917,3.631999969482422,3.558000087738037,3.622999906539917,0
2023-01-17,2023-01-17T00:00:00Z,3.686000108718872,3.696000099182129,3.615999937057495,3.6470000743865967,0
2023-01-18,2023-01-18T00:00:00Z,3.5850000381469727,3.6089999675750732,3.5220000743865967,3.5420000553131104,0
2023-01-19,2023-01-19T00:00:00Z,3.572999954223633,3.5980000495910645,3.552000045776367,3.568000078201294,0
2023-01-20,2023-01-20T00:00:00Z,3.6040000915527344,3.6679999828338623,3.5910000801086426,3.6559998989105225,0
2023-01-23,2023-01-23T00:00:00Z,3.680999994277954,3.7179999351501465,3.6710000038146973,3.690999984741211,0
2023-01-24,2023-01-24T00:00:00Z,3.680999994277954,3.7149999141693115,3.6019999980926514,3.622999906539917,0
2023-01-25,2023-01-25T00:00:00Z,3.5899999141693115,3.6459999084472656,3.5820000171661377,3.622999906539917,0
2023-01-26,2023-01-26T00:00:00Z,3.6410000324249268,3.691999912261963,3.5899999141693115,3.628000020980835,0
2023-01-27,2023-01-27T00:00:00Z,3.6700000762939453,3.677999973297119,3.628000020980835,3.632999897003174,0
2023-01-30,2023-01-30T00:00:00Z,3.6600000858306885,3.674999952316284,3.618000030517578,3.6600000858306885,0
2023-01-31,2023-01-31T00:00:00Z,3.6500000953674316,3.684000015258789,3.621000051498413,3.6610000133514404,0
2023-02-01,2023-02-01T00:00:00Z,3.6040000915527344,3.6449999809265137,3.5339999198913574,3.546999931335449,0
2023-02-02,2023-02-02T00:00:00Z,3.5420000553131104,3.562999963760376,3.497999906539917,3.555000066757202,0
2023-02-03,2023-02-03T00:00:00Z,3.5409998893737793,3.6640000343322754,3.5350000858306885,3.628000020980835,0
2023-02-06,2023-02-06T00:00:00Z,3.6579999923706055,3.688999891281128,3.6510000228881836,3.671999931335449,0
2023-02-07,2023-02-07T00:00:00Z,3.6989998817443848,3.7209999561309814,3.6619999408721924,3.7049999237060547,0
2023-02-08,2023-02-08T00:00:00Z,3.7049999237060547,3.752000093460083,3.687999963760376,3.7100000381469727,0
2023-02-09,2023-02-09T00:00:00Z,3.6470000743865967,3.747999906539917,3.628999948501587,3.74399995803833,0
2023-02-10,2023-02-10T00:00:00Z,3.763000011444092,3.8369998931884766,3.74399995803833,3.8269999027252197,0
2023-02-13,2023-02-13T00:00:00Z,3.808000087738037,3.822000026702881,3.7639999389648438,3.7909998893737793,0
2023-02-14,2023-02-14T00:00:00Z,3.7669999599456787,3.8420000076293945,3.7249999046325684,3.802000045776367,0
2023-02-15,2023-02-15T00:00:00Z,3.7760000228881836,3.872999906539917,3.7760000228881836,3.8540000915527344,0
2023-02-16,2023-02-16T00:00:00Z,3.865999937057495,3.9119999408721924,3.8580000400543213,3.9040000438690186,0
2023-02-17,2023-02-17T00:00:00Z,3.930000066757202,3.9519999027252197,3.878999948501587,3.888000011444092,0
2023-02-21,2023-02-21T00:00:00Z,3.934999942779541,3.9809999465942383,3.9230000972747803,3.9769999980926514,0
2023-02-22,2023-02-22T00:00:00Z,3.9549999237060547,3.9709999561309814,3.9059998989105225,3.927999973297119,0
2023-02-23,2023-02-23T00:00:00Z,3.940000057220459,3.9660000801086426,3.8540000915527344,3.877000093460083,0
2023-02-24,2023-02-24T00:00:00Z,3.9019999504089355,3.9619998931884766,3.878999948501587,3.937999963760376,0
2023-02-27,2023-02-27T00:00:00Z,3.9670000076293945,3.9679999351501465,3.8989999294281006,3.9179999828338623,0
2023-02-28,2023-02-28T00:00:00Z,3.9560000896453857,3.9779999256134033,3.9210000038146973,3.930999994277954,0
2023-03-01,2023-03-01T00:00:00Z,3.921999931335449,3.9839999675750732,3.9179999828338623,3.953000068664551,0
2023-03-02,2023-03-02T00:00:00Z,4.000999927520752,4.046999931335449,3.996999979019165,4.020999908447266,0
2023-03-03,2023-03-03T00:00:00Z,3.947999954223633,3.9509999752044678,3.884000062942505,3.88700008392334,0
2023-03-06,2023-03-06T00:00:00Z,3.8310000896453857,3.9189999103546143,3.8239998817443848,3.9130001068115234,0
2023-03-07,2023-03-07T00:00:00Z,3.874000072479248,3.931999921798706,3.8499999046325684,3.888000011444092,0
2023-03-08,2023-03-08T00:00:00Z,3.8580000400543213,3.9010000228881836,3.819999933242798,3.878000020980835,0
2023-03-09,2023-03-09T00:00:00Z,3.9170000553131104,3.921999931335449,3.8469998836517334,3.871000051498413,0
2023-03-10,2023-03-10T00:00:00Z,3.7990000247955322,3.8480000495910645,3.680000066757202,3.700000047683716,0
2023-03-13,2023-03-13T00:00:00Z,3.5820000171661377,3.684999942779541,3.5260000228881836,3.6659998893737793,0
2023-03-14,2023-03-14T00:00:00Z,3.7139999866485596,3.796999931335449,3.690000057220459,3.760999917984009,0
2023-03-15,2023-03-15T00:00:00Z,3.691999912261963,3.7260000705718994,3.6029999256134033,3.687000036239624,0
2023-03-16,2023-03-16T00:00:00Z,3.619999885559082,3.7219998836517334,3.5789999961853027,3.7139999866485596,0
2023-03-17,2023-03-17T00:00:00Z,3.6519999504089355,3.6519999504089355,3.5850000381469727,3.5980000495910645,0
2023-03-20,2023-03-20T00:00:00Z,3.624000072479248,3.684000015258789,3.615000009536743,3.6630001068115234,0
2023-03-21,2023-03-21T00:00:00Z,3.7279999256134033,3.747999906539917,3.697999954223633,3.736999988555908,0
2023-03-22,2023-03-22T00:00:00Z,3.7679998874664307,3.7699999809265137,3.6659998893737793,3.697999954223633,0
2023-03-23,2023-03-23T00:00:00Z,3.687000036239624,3.746000051498413,3.6700000762939453,3.681999921798706,0
2023-03-24,2023-03-24T00:00:00Z,3.621000051498413,3.671999931335449,3.61299991607666,3.6440000534057617,0
2023-03-27,2023-03-27T00:00:00Z,3.7070000171661377,3.7660000324249268,3.693000078201294,3.759999990463257,0
2023-03-28,2023-03-28T00:00:00Z,3.75600004196167,3.7899999618530273,3.744999885559082,3.7829999923706055,0
2023-03-29,2023-03-29T00:00:00Z,3.7790000438690186,3.815000057220459,3.7669999599456787,3.7780001163482666,0
2023-03-30,2023-03-30T00:00:00Z,3.759000062942505,3.7850000858306885,3.739000082015991,3.746000051498413,0
2023-03-31,2023-03-31T00:00:00Z,3.73799991607666,3.744999885559082,3.687999963760376,3.688999891281128,0
2023-04-03,2023-04-03T00:00:00Z,3.696000099182129,3.7009999752044678,3.61299991607666,3.6440000534057617,0
2023-04-04,2023-04-04T00:00:00Z,3.678999900817871,3.686000108718872,3.5799999237060547,3.5940001010894775,0
2023-04-05,2023-04-05T00:00:00Z,3.568000078201294,3.6050000190734863,3.555000066757202,3.558000087738037,0
2023-04-06,2023-04-06T00:00:00Z,3.558000087738037,3.565000057220459,3.5269999504089355,3.5399999618530273,0
2023-04-10,2023-04-10T00:00:00Z,3.5840001106262207,3.6459999084472656,3.569999933242798,3.625999927520752,0
2023-04-11,2023-04-11T00:00:00Z,3.619999885559082,3.6470000743865967,3.5980000495910645,3.621000051498413,0
2023-04-12,2023-04-12T00:00:00Z,3.640000104904175,3.7079999446868896,3.5850000381469727,3.6530001163482666,0
2023-04-13,2023-04-13T00:00:00Z,3.6540000438690186,3.690999984741211,3.614000082015991,3.687000036239624,0
2023-04-14,2023-04-14T00:00:00Z,3.7019999027252197,3.753999948501587,3.694000005722046,3.739000082015991,0
2023-04-17,2023-04-17T00:00:00Z,3.7639999389648438,3.812999963760376,3.75600004196167,3.805000066757202,0
2023-04-18,2023-04-18T00:00:00Z,3.7899999618530273,3.818000078201294,3.7690000534057617,3.7869999408721924,0
2023-04-19,2023-04-19T00:00:00Z,3.8310000896453857,3.8329999446868896,3.7880001068115234,3.7890000343322754,0
2023-04-20,2023-04-20T00:00:00Z,3.765000104904175,3.7790000438690186,3.7300000190734863,3.753000020980835,0
2023-04-21,2023-04-21T00:00:00Z,3.752000093460083,3.7860000133514404,3.7239999771118164,3.7780001163482666,0
2023-04-24,2023-04-24T00:00:00Z,3.753999948501587,3.753999948501587,3.7190001010894775,3.7279999256134033,0
2023-04-25,2023-04-25T00:00:00Z,3.677999973297119,3.681999921798706,3.632999897003174,3.6510000228881836,0
2023-04-26,2023-04-26T00:00:00Z,3.6589999198913574,3.7060000896453857,3.630000114440918,3.688999891281128,0
2023-04-27,2023-04-27T00:00:00Z,3.7119998931884766,3.7679998874664307,3.7090001106262207,3.75600004196167,0
2023-04-28,2023-04-28T00:00:00Z,3.7049999237060547,3.7170000076293945,3.6649999618530273,3.677999973297119,0
2023-05-01,2023-05-01T00:00:00Z,3.740000009536743,3.821000099182129,3.703000068664551,3.818000078201294,0
2023-05-02,2023-05-02T00:00:00Z,3.7809998989105225,3.805000066757202,3.7149999141693115,3.7330000400543213,0
2023-05-03,2023-05-03T00:00:00Z,3.7039999961853027,3.7239999771118164,3.6630001068115234,3.7149999141693115,0
2023-05-04,2023-05-04T00:00:00Z,3.7090001106262207,3.753999948501587,3.678999900817871,3.7230000495910645,0
2023-05-05,2023-05-05T00:00:00Z,3.746000051498413,3.7990000247955322,3.746000051498413,3.76200008392334,0
2023-05-08,2023-05-08T00:00:00Z,3.802999973297119,3.8350000381469727,3.802999973297119,3.8350000381469727,0
2023-05-09,2023-05-09T00:00:00Z,3.805999994277954,3.8550000190734863,3.8010001182556152,3.8480000495910645,0
2023-05-10,2023-05-10T00:00:00Z,3.819000005722046,3.8389999866485596,3.7909998893737793,3.7990000247955322,0
2023-05-11,2023-05-11T00:00:00Z,3.7699999809265137,3.7699999809265137,3.7170000076293945,3.747999906539917,0
2023-05-12,2023-05-12T00:00:00Z,3.760999917984009,3.7780001163482666,3.7290000915527344,3.7769999504089355,0
2023-05-15,2023-05-15T00:00:00Z,3.822000026702881,3.8450000286102295,3.799999952316284,3.8420000076293945,0
2023-05-16,2023-05-16T00:00:00Z,3.8369998931884766,3.9030001163482666,3.8369998931884766,3.871000051498413,0
2023-05-17,2023-05-17T00:00:00Z,3.8350000381469727,3.888000011444092,3.8350000381469727,3.878000020980835,0
2023-05-18,2023-05-18T00:00:00Z,3.890000104904175,3.9179999828338623,3.8889999389648438,3.9010000228881836,0
2023-05-19,2023-05-19T00:00:00Z,3.927999973297119,3.9600000381469727,3.9140000343322754,3.947999954223633,0
2023-05-22,2023-05-22T00:00:00Z,3.947999954223633,3.9730000495910645,3.9189999103546143,3.9700000286102295,0
2023-05-23,2023-05-23T00:00:00Z,3.9860000610351562,4.002999782562256,3.941999912261963,3.9509999752044678,0
2023-05-24,2023-05-24T00:00:00Z,3.9210000038146973,3.9779999256134033,3.9200000762939453,3.9649999141693115,0
2023-05-25,2023-05-25T00:00:00Z,3.9830000400543213,4.008999824523926,3.9570000171661377,4.002999782562256,0
2023-05-26,2023-05-26T00:00:00Z,3.9719998836517334,4.004000186920166,3.9539999961853027,3.9690001010894775,0
2023-05-30,2023-05-30T00:00:00Z,3.8929998874664307,3.937999963760376,3.880000114440918,3.9030001163482666,0
2023-05-31,2023-05-31T00:00:00Z,3.865000009536743,3.9030001163482666,3.8519999980926514,3.8559999465942383,0
2023-06-01,2023-06-01T00:00:00Z,3.8480000495910645,3.8529999256134033,3.802000045776367,3.8329999446868896,0
2023-06-02,2023-06-02T00:00:00Z,3.8329999446868896,3.885999917984009,3.828000068664551,3.881999969482422,0
2023-06-05,2023-06-05T00:00:00Z,3.938999891281128,3.946000099182129,3.861999988555908,3.890000104904175,0
2023-06-06,2023-06-06T00:00:00Z,3.88100004196167,3.9200000762939453,3.867000102996826,3.874000072479248,0
2023-06-07,2023-06-07T00:00:00Z,3.86899995803833,3.9519999027252197,3.865000009536743,3.941999912261963,0
2023-06-08,2023-06-08T00:00:00Z,3.9749999046325684,3.9800000190734863,3.88100004196167,3.881999969482422,0
2023-06-09,2023-06-09T00:00:00Z,3.924999952316284,3.924999952316284,3.872999906539917,3.88700008392334,0
2023-06-12,2023-06-12T00:00:00Z,3.868000030517578,3.937000036239624,3.8510000705718994,3.9070000648498535,0
2023-06-13,2023-06-13T00:00:00Z,3.8610000610351562,3.944999933242798,3.8369998931884766,3.940999984741211,0
2023-06-14,2023-06-14T00:00:00Z,3.927000045776367,3.943000078201294,3.871999979019165,3.88100004196167,0
2023-06-15,2023-06-15T00:00:00Z,3.8910000324249268,3.9070000648498535,3.802000045776367,3.8480000495910645,0
2023-06-16,2023-06-16T00:00:00Z,3.8529999256134033,3.888000011444092,3.8269999027252197,3.8550000190734863,0
2023-06-20,2023-06-20T00:00:00Z,3.8359999656677246,3.861999988555908,3.8010001182556152,3.818000078201294,0
2023-06-21,2023-06-21T00:00:00Z,3.8480000495910645,3.874000072479248,3.802999973297119,3.808000087738037,0
2023-06-22,2023-06-22T00:00:00Z,3.8259999752044678,3.880000114440918,3.809999942779541,3.871999979019165,0
2023-06-23,2023-06-23T00:00:00Z,3.815999984741211,3.8399999141693115,3.7869999408721924,3.821000099182129,0
2023-06-26,2023-06-26T00:00:00Z,3.7890000343322754,3.8289999961853027,3.7690000534057617,3.819000005722046,0
2023-06-27,2023-06-27T00:00:00Z,3.805000066757202,3.8499999046325684,3.7860000133514404,3.8399999141693115,0
2023-06-28,2023-06-28T00:00:00Z,3.812000036239624,3.8499999046325684,3.7950000762939453,3.802999973297119,0
2023-06-29,2023-06-29T00:00:00Z,3.8320000171661377,3.927000045776367,3.8320000171661377,3.9130001068115234,0
2023-06-30,2023-06-30T00:00:00Z,3.9059998989105225,3.9170000553131104,3.8489999771118164,3.8550000190734863,0
2023-07-03,2023-07-03T00:00:00Z,3.878999948501587,3.881999969482422,3.812000036239624,3.869999885559082,0
2023-07-05,2023-07-05T00:00:00Z,3.88700008392334,3.9519999027252197,3.884999990463257,3.944000005722046,0
2023-07-06,2023-07-06T00:00:00Z,3.9549999237060547,4.021999835968018,3.9549999237060547,4.002999782562256,0
2023-07-07,2023-07-07T00:00:00Z,4.026000022888184,4.060999870300293,3.9860000610351562,4.033999919891357,0
2023-07-10,2023-07-10T00:00:00Z,4.054999828338623,4.085000038146973,4.025000095367432,4.043000221252441,0
2023-07-11,2023-07-11T00:00:00Z,4.015999794006348,4.040999889373779,4.0,4.019000053405762,0
2023-07-12,2023-07-12T00:00:00Z,4.011000156402588,4.020999908447266,3.937000036239624,3.9509999752044678,0
2023-07-13,2023-07-13T00:00:00Z,3.940000057220459,3.953000068664551,3.8910000324249268,3.8949999809265137,0
2023-07-14,2023-07-14T00:00:00Z,3.9010000228881836,3.927000045776367,3.878999948501587,3.9230000972747803,0
2023-07-17,2023-07-17T00:00:00Z,3.8980000019073486,3.947999954223633,3.8980000019073486,3.9230000972747803,0
2023-07-18,2023-07-18T00:00:00Z,3.8989999294281006,3.9170000553131104,3.885999917984009,3.9010000228881836,0
2023-07-19,2023-07-19T00:00:00Z,3.865000009536743,3.9049999713897705,3.8380000591278076,3.8389999866485596,0
2023-07-20,2023-07-20T00:00:00Z,3.8589999675750732,3.927999973297119,3.8570001125335693,3.9100000858306885,0
2023-07-21,2023-07-21T00:00:00Z,3.88700008392334,3.9070000648498535,3.871000051498413,3.9070000648498535,0
2023-07-24,2023-07-24T00:00:00Z,3.884000062942505,3.927000045776367,3.878999948501587,3.9200000762939453,0
2023-07-25,2023-07-25T00:00:00Z,3.944000005722046,3.9590001106262207,3.9210000038146973,3.9549999237060547,0
2023-07-26,2023-07-26T00:00:00Z,3.936000108718872,3.9539999961853027,3.9059998989105225,3.927999973297119,0
2023-07-27,2023-07-27T00:00:00Z,3.947999954223633,4.068999767303467,3.937000036239624,4.058000087738037,0
2023-07-28,2023-07-28T00:00:00Z,4.026000022888184,4.057000160217285,4.011000156402588,4.03000020980835,0
2023-07-31,2023-07-31T00:00:00Z,4.0229997634887695,4.0370001792907715,3.989000082015991,4.019000053405762,0
2023-08-01,2023-08-01T00:00:00Z,4.046999931335449,4.114999771118164,4.046000003814697,4.105000019073486,0
2023-08-02,2023-08-02T00:00:00Z,4.104000091552734,4.208000183105469,4.10099983215332,4.164999961853027,0
2023-08-03,2023-08-03T00:00:00Z,4.255000114440918,4.324999809265137,4.247000217437744,4.303999900817871,0
2023-08-04,2023-08-04T00:00:00Z,4.288000106811523,4.326000213623047,4.211999893188477,4.214000225067139,0
2023-08-07,2023-08-07T00:00:00Z,4.270999908447266,4.270999908447266,4.229000091552734,4.257999897003174,0
2023-08-08,2023-08-08T00:00:00Z,4.184000015258789,4.2170000076293945,4.1570000648498535,4.203999996185303,0
2023-08-09,2023-08-09T00:00:00Z,4.206999778747559,4.206999778747559,4.164000034332275,4.178999900817871,0
2023-08-10,2023-08-10T00:00:00Z,4.158999919891357,4.25600004196167,4.144999980926514,4.241000175476074,0
2023-08-11,2023-08-11T00:00:00Z,4.267000198364258,4.290999889373779,4.242000102996826,4.271999835968018,0
2023-08-14,2023-08-14T00:00:00Z,4.270999908447266,4.300000190734863,4.239999771118164,4.281000137329102,0
2023-08-15,2023-08-15T00:00:00Z,4.330999851226807,4.388999938964844,4.288000106811523,4.318999767303467,0
2023-08-16,2023-08-16T00:00:00Z,4.318999767303467,4.361000061035156,4.310999870300293,4.361000061035156,0
2023-08-17,2023-08-17T00:00:00Z,4.3979997634887695,4.426000118255615,4.389999866485596,4.4120001792907715,0
2023-08-18,2023-08-18T00:00:00Z,4.364999771118164,4.4070000648498535,4.35099983215332,4.379000186920166,0
2023-08-21,2023-08-21T00:00:00Z,4.434999942779541,4.473999977111816,4.427000045776367,4.455999851226807,0
2023-08-22,2023-08-22T00:00:00Z,4.419000148773193,4.455999851226807,4.4039998054504395,4.409999847412109,0
2023-08-23,2023-08-23T00:00:00Z,4.373000144958496,4.376999855041504,4.283999919891357,4.283999919891357,0
2023-08-24,2023-08-24T00:00:00Z,4.300000190734863,4.308000087738037,4.264999866485596,4.301000118255615,0
2023-08-25,2023-08-25T00:00:00Z,4.296000003814697,4.323999881744385,4.267000198364258,4.294000148773193,0
2023-08-28,2023-08-28T00:00:00Z,4.267000198364258,4.302999973297119,4.252999782562256,4.290999889373779,0
2023-08-29,2023-08-29T00:00:00Z,4.293000221252441,4.313000202178955,4.210999965667725,4.236999988555908,0
2023-08-30,2023-08-30T00:00:00Z,4.254000186920166,4.270999908447266,4.214000225067139,4.228000164031982,0
2023-08-31,2023-08-31T00:00:00Z,4.209000110626221,4.223999977111816,4.179999828338623,4.203999996185303,0
2023-09-01,2023-09-01T00:00:00Z,4.215000152587891,4.313000202178955,4.199999809265137,4.284999847412109,0
2023-09-05,2023-09-05T00:00:00Z,4.3379998207092285,4.380000114440918,4.328000068664551,4.375999927520752,0
2023-09-06,2023-09-06T00:00:00Z,4.35099983215332,4.385000228881836,4.3429999351501465,4.359000205993652,0
2023-09-07,2023-09-07T00:00:00Z,4.363999843597412,4.376999855041504,4.34499979019165,4.3520002365112305,0
2023-09-08,2023-09-08T00:00:00Z,4.361999988555908,4.361999988555908,4.300000190734863,4.331999778747559,0
2023-09-11,2023-09-11T00:00:00Z,4.374000072479248,4.385000228881836,4.359000205993652,4.376999855041504,0
2023-09-12,2023-09-12T00:00:00Z,4.369999885559082,4.382999897003174,4.343999862670898,4.3460001945495605,0
2023-09-13,2023-09-13T00:00:00Z,4.375,4.396999835968018,4.327000141143799,4.336999893188477,0
2023-09-14,2023-09-14T00:00:00Z,4.335999965667725,4.396999835968018,4.327000141143799,4.385000228881836,0
2023-09-15,2023-09-15T00:00:00Z,4.4070000648498535,4.421999931335449,4.388999938964844,4.410999774932861,0
2023-09-18,2023-09-18T00:00:00Z,4.413000106811523,4.438000202178955,4.39300012588501,4.395999908447266,0
2023-09-19,2023-09-19T00:00:00Z,4.414000034332275,4.436999797821045,4.394000053405762,4.427999973297119,0
2023-09-20,2023-09-20T00:00:00Z,4.409999847412109,4.427999973297119,4.382999897003174,4.401000022888184,0
2023-09-21,2023-09-21T00:00:00Z,4.502999782562256,4.567999839782715,4.502999782562256,4.552000045776367,0
2023-09-22,2023-09-22T00:00:00Z,4.561999797821045,4.570000171661377,4.511000156402588,4.520999908447266,0
2023-09-25,2023-09-25T00:00:00Z,4.609000205993652,4.663000106811523,4.599999904632568,4.6579999923706055,0
2023-09-26,2023-09-26T00:00:00Z,4.605999946594238,4.699999809265137,4.605999946594238,4.696000099182129,0
2023-09-27,2023-09-27T00:00:00Z,4.64300012588501,4.739999771118164,4.623000144958496,4.73199987411499,0
2023-09-28,2023-09-28T00:00:00Z,4.748000144958496,4.808000087738037,4.715000152587891,4.729000091552734,0
2023-09-29,2023-09-29T00:00:00Z,4.690000057220459,4.7129998207092285,4.6479997634887695,4.710999965667725,0
2023-10-02,2023-10-02T00:00:00Z,4.75,4.818999767303467,4.73799991607666,4.795000076293945,0
2023-10-03,2023-10-03T00:00:00Z,4.861000061035156,4.949999809265137,4.828000068664551,4.936999797821045,0
2023-10-04,2023-10-04T00:00:00Z,4.881999969482422,4.920000076293945,4.85699987411499,4.876999855041504,0
2023-10-05,2023-10-05T00:00:00Z,4.881999969482422,4.928999900817871,4.86299991607666,4.886000156402588,0
2023-10-06,2023-10-06T00:00:00Z,4.9019999504089355,5.052999973297119,4.89900016784668,4.940999984741211,0
2023-10-09,2023-10-09T00:00:00Z,4.965000152587891,4.965000152587891,4.965000152587891,4.965000152587891,0
2023-10-10,2023-10-10T00:00:00Z,4.880000114440918,4.913000106811523,4.800000190734863,4.830999851226807,0
2023-10-11,2023-10-11T00:00:00Z,4.738999843597412,4.769999980926514,4.715000152587891,4.73799991607666,0
2023-10-12,2023-10-12T00:00:00Z,4.686999797821045,4.885000228881836,4.684999942779541,4.870999813079834,0
2023-10-13,2023-10-13T00:00:00Z,4.77400016784668,4.797999858856201,4.739999771118164,4.78000020980835,0
2023-10-16,2023-10-16T00:00:00Z,4.855999946594238,4.883999824523926,4.828999996185303,4.866000175476074,0
2023-10-17,2023-10-17T00:00:00Z,4.910999774932861,4.985000133514404,4.9039998054504395,4.949999809265137,0
2023-10-18,2023-10-18T00:00:00Z,4.940999984741211,5.0289998054504395,4.938000202178955,4.994999885559082,0
2023-10-19,2023-10-19T00:00:00Z,5.039000034332275,5.107999801635742,4.978000164031982,5.103000164031982,0
2023-10-20,2023-10-20T00:00:00Z,5.107999801635742,5.144000053405762,5.057000160217285,5.089000225067139,0
2023-10-23,2023-10-23T00:00:00Z,5.1519999504089355,5.1519999504089355,4.9679999351501465,4.988999843597412,0
2023-10-24,2023-10-24T00:00:00Z,5.013999938964844,5.0229997634887695,4.9629998207092285,4.9629998207092285,0
2023-10-25,2023-10-25T00:00:00Z,4.974999904632568,5.0980000495910645,4.974999904632568,5.0920000076293945,0
2023-10-26,2023-10-26T00:00:00Z,5.098999977111816,5.117000102996826,4.986000061035156,4.98799991607666,0
2023-10-27,2023-10-27T00:00:00Z,5.021999835968018,5.074999809265137,5.006999969482422,5.0229997634887695,0
2023-10-30,2023-10-30T00:00:00Z,5.059000015258789,5.09499979019165,5.0289998054504395,5.034999847412109,0
2023-10-31,2023-10-31T00:00:00Z,4.9629998207092285,5.0289998054504395,4.955999851226807,5.021999835968018,0
2023-11-01,2023-11-01T00:00:00Z,5.059999942779541,5.078000068664551,4.942999839782715,4.974999904632568,0
2023-11-02,2023-11-02T00:00:00Z,4.866000175476074,4.872000217437744,4.789000034332275,4.821000099182129,0
2023-11-03,2023-11-03T00:00:00Z,4.785999774932861,4.796000003814697,4.673999786376953,4.751999855041504,0
2023-11-06,2023-11-06T00:00:00Z,4.791999816894531,4.836999893188477,4.789999961853027,4.831999778747559,0
2023-11-07,2023-11-07T00:00:00Z,4.7829999923706055,4.789000034332275,4.706999778747559,4.735000133514404,0
2023-11-08,2023-11-08T00:00:00Z,4.702000141143799,4.715000152587891,4.632999897003174,4.656000137329102,0
2023-11-09,2023-11-09T00:00:00Z,4.697000026702881,4.835000038146973,4.675000190734863,4.7769999504089355,0
2023-11-10,2023-11-10T00:00:00Z,4.710999965667725,4.749000072479248,4.704999923706055,4.732999801635742,0
2023-11-13,2023-11-13T00:00:00Z,4.754000186920166,4.808000087738037,4.735000133514404,4.74399995803833,0
2023-11-14,2023-11-14T00:00:00Z,4.730000019073486,4.785999774932861,4.593999862670898,4.620999813079834,0
2023-11-15,2023-11-15T00:00:00Z,4.633999824523926,4.7170000076293945,4.626999855041504,4.691999912261963,0
2023-11-16,2023-11-16T00:00:00Z,4.656000137329102,4.660999774932861,4.60699987411499,4.622000217437744,0
2023-11-17,2023-11-17T00:00:00Z,4.589000225067139,4.625999927520752,4.572999954223633,4.5970001220703125,0
2023-11-20,2023-11-20T00:00:00Z,4.625999927520752,4.63700008392334,4.559000015258789,4.574999809265137,0
2023-11-21,2023-11-21T00:00:00Z,4.553999900817871,4.609000205993652,4.546999931335449,4.579999923706055,0
2023-11-22,2023-11-22T00:00:00Z,4.5229997634887695,4.578999996185303,4.51800012588501,4.546999931335449,0
2023-11-24,2023-11-24T00:00:00Z,4.5970001220703125,4.618000030517578,4.589000225067139,4.603000164031982,0
2023-11-27,2023-11-27T00:00:00Z,4.5970001220703125,4.598999977111816,4.53000020980835,4.5329999923706055,0
2023-11-28,2023-11-28T00:00:00Z,4.539000034332275,4.570000171661377,4.51200008392334,4.52400016784668,0
2023-11-29,2023-11-29T00:00:00Z,4.489999771118164,4.513000011444092,4.440000057220459,4.451000213623047,0
2023-11-30,2023-11-30T00:00:00Z,4.465000152587891,4.515999794006348,4.454999923706055,4.513000011444092,0
2023-12-01,2023-12-01T00:00:00Z,4.492000102996826,4.519000053405762,4.3979997634887695,4.418000221252441,0
2023-12-04,2023-12-04T00:00:00Z,4.414999961853027,4.459000110626221,4.413000106811523,4.438000202178955,0
2023-12-05,2023-12-05T00:00:00Z,4.381999969482422,4.382999897003174,4.301000118255615,4.304999828338623,0
2023-12-06,2023-12-06T00:00:00Z,4.309000015258789,4.310999870300293,4.210999965667725,4.223999977111816,0
2023-12-07,2023-12-07T00:00:00Z,4.27400016784668,4.281000137329102,4.211999893188477,4.245999813079834,0
2023-12-08,2023-12-08T00:00:00Z,4.2820000648498535,4.3480000495910645,4.2769999504089355,4.324999809265137,0
2023-12-11,2023-12-11T00:00:00Z,4.3520002365112305,4.374000072479248,4.317999839782715,4.329999923706055,0
2023-12-12,2023-12-12T00:00:00Z,4.271999835968018,4.354000091552734,4.257999897003174,4.303999900817871,0
2023-12-13,2023-12-13T00:00:00Z,4.288000106811523,4.295000076293945,4.168000221252441,4.183000087738037,0
2023-12-14,2023-12-14T00:00:00Z,4.127999782562256,4.142000198364258,4.031000137329102,4.053999900817871,0
2023-12-15,2023-12-15T00:00:00Z,4.048999786376953,4.073999881744385,4.00600004196167,4.0269999504089355,0
2023-12-18,2023-12-18T00:00:00Z,4.0269999504089355,4.085000038146973,4.019000053405762,4.068999767303467,0
2023-12-19,2023-12-19T00:00:00Z,4.010000228881836,4.039999961853027,4.008999824523926,4.034999847412109,0
2023-12-20,2023-12-20T00:00:00Z,4.002999782562256,4.048999786376953,3.992000102996826,4.005000114440918,0
2023-12-21,2023-12-21T00:00:00Z,4.0,4.039999961853027,3.9769999980926514,4.035999774932861,0
2023-12-22,2023-12-22T00:00:00Z,3.999000072479248,4.071000099182129,3.994999885559082,4.053999900817871,0
2023-12-26,2023-12-26T00:00:00Z,4.059000015258789,4.059000015258789,4.0370001792907715,4.043000221252441,0
2023-12-27,2023-12-27T00:00:00Z,4.000999927520752,4.005000114440918,3.943000078201294,3.944999933242798,0
2023-12-28,2023-12-28T00:00:00Z,3.9709999561309814,4.001999855041504,3.944000005722046,3.98799991607666,0
2023-12-29,2023-12-29T00:00:00Z,4.0329999923706055,4.047999858856201,3.986999988555908,4.019000053405762,0
2024-01-02,2024-01-02T00:00:00Z,4.116000175476074,4.118000030517578,4.057000160217285,4.085000038146973,0
2024-01-03,2024-01-03T00:00:00Z,4.119999885559082,4.150000095367432,4.046999931335449,4.056000232696533,0
2024-01-04,2024-01-04T00:00:00Z,4.123000144958496,4.15500020980835,4.11899995803833,4.13700008392334,0
2024-01-05,2024-01-05T00:00:00Z,4.185999870300293,4.232999801635742,4.120999813079834,4.199999809265137,0
2024-01-08,2024-01-08T00:00:00Z,4.2220001220703125,4.230999946594238,4.144000053405762,4.172999858856201,0
2024-01-09,2024-01-09T00:00:00Z,4.211999893188477,4.216000080108643,4.158999919891357,4.184999942779541,0
2024-01-10,2024-01-10T00:00:00Z,4.168000221252441,4.210999965667725,4.159999847412109,4.199999809265137,0
2024-01-11,2024-01-11T00:00:00Z,4.176000118255615,4.248000144958496,4.163000106811523,4.182000160217285,0
2024-01-12,2024-01-12T00:00:00Z,4.2129998207092285,4.2220001220703125,4.1539998054504395,4.197000026702881,0
2024-01-16,2024-01-16T00:00:00Z,4.234000205993652,4.318999767303467,4.230999946594238,4.302999973297119,0
2024-01-17,2024-01-17T00:00:00Z,4.300000190734863,4.343999862670898,4.291999816894531,4.311999797821045,0
2024-01-18,2024-01-18T00:00:00Z,4.314000129699707,4.38700008392334,4.311999797821045,4.370999813079834,0
2024-01-19,2024-01-19T00:00:00Z,4.35099983215332,4.4029998779296875,4.343999862670898,4.353000164031982,0
2024-01-22,2024-01-22T00:00:00Z,4.310999870300293,4.333000183105469,4.288000106811523,4.315999984741211,0
2024-01-23,2024-01-23T00:00:00Z,4.353000164031982,4.394999980926514,4.3429999351501465,4.377999782562256,0
2024-01-24,2024-01-24T00:00:00Z,4.3379998207092285,4.421999931335449,4.326000213623047,4.413000106811523,0
2024-01-25,2024-01-25T00:00:00Z,4.381999969482422,4.425000190734863,4.35699987411499,4.380000114440918,0
2024-01-26,2024-01-26T00:00:00Z,4.36899995803833,4.4019999504089355,4.35099983215332,4.389999866485596,0
2024-01-29,2024-01-29T00:00:00Z,4.3470001220703125,4.36299991607666,4.330999851226807,4.335000038146973,0
2024-01-30,2024-01-30T00:00:00Z,4.296000003814697,4.324999809265137,4.271999835968018,4.2779998779296875,0
2024-01-31,2024-01-31T00:00:00Z,4.256999969482422,4.267000198364258,4.190000057220459,4.215000152587891,0
2024-02-01,2024-02-01T00:00:00Z,4.177000045776367,4.177000045776367,4.065999984741211,4.103000164031982,0
2024-02-02,2024-02-02T00:00:00Z,4.125,4.249000072479248,4.116000175476074,4.2270002365112305,0
2024-02-05,2024-02-05T00:00:00Z,4.296999931335449,4.355999946594238,4.295000076293945,4.34499979019165,0
2024-02-06,2024-02-06T00:00:00Z,4.340000152587891,4.3520002365112305,4.289999961853027,4.296000003814697,0
2024-02-07,2024-02-07T00:00:00Z,4.328000068664551,4.328999996185303,4.2820000648498535,4.309999942779541,0
2024-02-08,2024-02-08T00:00:00Z,4.35099983215332,4.382999897003174,4.3429999351501465,4.375999927520752,0
2024-02-09,2024-02-09T00:00:00Z,4.367000102996826,4.386000156402588,4.333000183105469,4.38100004196167,0
2024-02-12,2024-02-12T00:00:00Z,4.35699987411499,4.39900016784668,4.355000019073486,4.369999885559082,0
2024-02-13,2024-02-13T00:00:00Z,4.35099983215332,4.466000080108643,4.349999904632568,4.466000080108643,0
2024-02-14,2024-02-14T00:00:00Z,4.473999977111816,4.486000061035156,4.427999973297119,4.447999954223633,0
2024-02-15,2024-02-15T00:00:00Z,4.4039998054504395,4.435999870300293,4.380000114440918,4.421000003814697,0
2024-02-16,2024-02-16T00:00:00Z,4.442999839782715,4.478000164031982,4.440000057220459,4.447999954223633,0
2024-02-20,2024-02-20T00:00:00Z,4.452000141143799,4.460999965667725,4.421000003814697,4.448999881744385,0
2024-02-21,2024-02-21T00:00:00Z,4.443999767303467,4.494999885559082,4.435999870300293,4.492000102996826,0
2024-02-22,2024-02-22T00:00:00Z,4.491000175476074,4.505000114440918,4.448999881744385,4.461999893188477,0
2024-02-23,2024-02-23T00:00:00Z,4.447000026702881,4.459000110626221,4.369999885559082,4.380000114440918,0
2024-02-26,2024-02-26T00:00:00Z,4.363999843597412,4.421000003814697,4.357999801635742,4.418000221252441,0
2024-02-27,2024-02-27T00:00:00Z,4.396999835968018,4.446000099182129,4.392000198364258,4.440999984741211,0
2024-02-28,2024-02-28T00:00:00Z,4.414000034332275,4.442999839782715,4.40500020980835,4.409999847412109,0
2024-02-29,2024-02-29T00:00:00Z,4.440000057220459,4.443999767303467,4.35699987411499,4.375,0
2024-03-01,2024-03-01T00:00:00Z,4.39900016784668,4.420000076293945,4.326000213623047,4.326000213623047,0
2024-03-04,2024-03-04T00:00:00Z,4.366000175476074,4.38100004196167,4.35099983215332,4.355000019073486,0
2024-03-05,2024-03-05T00:00:00Z,4.297999858856201,4.328000068664551,4.257999897003174,4.275000095367432,0
2024-03-06,2024-03-06T00:00:00Z,4.283999919891357,4.296000003814697,4.229000091552734,4.239999771118164,0
2024-03-07,2024-03-07T00:00:00Z,4.210000038146973,4.27400016784668,4.190000057220459,4.248000144958496,0
2024-03-08,2024-03-08T00:00:00Z,4.230000019073486,4.294000148773193,4.2210001945495605,4.26200008392334,0
2024-03-11,2024-03-11T00:00:00Z,4.248000144958496,4.284999847412109,4.242000102996826,4.2769999504089355,0
2024-03-12,2024-03-12T00:00:00Z,4.245999813079834,4.328000068664551,4.24399995803833,4.311999797821045,0
2024-03-13,2024-03-13T00:00:00Z,4.3480000495910645,4.359000205993652,4.328999996185303,4.348999977111816,0
2024-03-14,2024-03-14T00:00:00Z,4.348999977111816,4.443999767303467,4.3460001945495605,4.442999839782715,0
2024-03-15,2024-03-15T00:00:00Z,4.410999774932861,4.449999809265137,4.410999774932861,4.427999973297119,0
2024-03-18,2024-03-18T00:00:00Z,4.442999839782715,4.4710001945495605,4.434000015258789,4.466000080108643,0
2024-03-19,2024-03-19T00:00:00Z,4.454999923706055,4.464000225067139,4.428999900817871,4.440999984741211,0
2024-03-20,2024-03-20T00:00:00Z,4.428999900817871,4.489999771118164,4.410999774932861,4.454999923706055,0
2024-03-21,2024-03-21T00:00:00Z,4.418000221252441,4.466000080108643,4.415999889373779,4.441999912261963,0
2024-03-22,2024-03-22T00:00:00Z,4.39300012588501,4.400000095367432,4.366000175476074,4.392000198364258,0
2024-03-25,2024-03-25T00:00:00Z,4.4039998054504395,4.433000087738037,4.395999908447266,4.426000118255615,0
2024-03-26,2024-03-26T00:00:00Z,4.396999835968018,4.434999942779541,4.395999908447266,4.400000095367432,0
2024-03-27,2024-03-27T00:00:00Z,4.38700008392334,4.395999908447266,4.3520002365112305,4.359000205993652,0
2024-03-28,2024-03-28T00:00:00Z,4.375999927520752,4.380000114440918,4.327000141143799,4.348999977111816,0
2024-04-01,2024-04-01T00:00:00Z,4.392000198364258,4.468999862670898,4.392000198364258,4.4679999351501465,0
2024-04-02,2024-04-02T00:00:00Z,4.505000114440918,4.546000003814697,4.499000072479248,4.508999824523926,0
2024-04-03,2024-04-03T00:00:00Z,4.53000020980835,4.570000171661377,4.505000114440918,4.508999824523926,0
2024-04-04,2024-04-04T00:00:00Z,4.526000022888184,4.535999774932861,4.4629998207092285,4.4720001220703125,0
2024-04-05,2024-04-05T00:00:00Z,4.489999771118164,4.553999900817871,4.480999946594238,4.5320000648498535,0
2024-04-08,2024-04-08T00:00:00Z,4.598999977111816,4.60099983215332,4.543000221252441,4.552999973297119,0
2024-04-09,2024-04-09T00:00:00Z,4.51800012588501,4.531000137329102,4.494999885559082,4.499000072479248,0
2024-04-10,2024-04-10T00:00:00Z,4.486000061035156,4.645999908447266,4.48199987411499,4.635000228881836,0
2024-04-11,2024-04-11T00:00:00Z,4.658999919891357,4.684999942779541,4.616000175476074,4.659999847412109,0
2024-04-12,2024-04-12T00:00:00Z,4.619999885559082,4.635000228881836,4.5879998207092285,4.6020002365112305,0
2024-04-15,2024-04-15T00:00:00Z,4.679999828338623,4.751999855041504,4.675000190734863,4.741000175476074,0
2024-04-16,2024-04-16T00:00:00Z,4.755000114440918,4.804999828338623,4.744999885559082,4.757999897003174,0
2024-04-17,2024-04-17T00:00:00Z,4.761000156402588,4.767000198364258,4.693999767303467,4.698999881744385,0
2024-04-18,2024-04-18T00:00:00Z,4.705999851226807,4.748000144958496,4.701000213623047,4.744999885559082,0
2024-04-19,2024-04-19T00:00:00Z,4.684999942779541,4.72599983215332,4.677000045776367,4.710999965667725,0
2024-04-22,2024-04-22T00:00:00Z,4.745999813079834,4.749000072479248,4.716000080108643,4.723999977111816,0
2024-04-23,2024-04-23T00:00:00Z,4.751999855041504,4.75600004196167,4.690999984741211,4.7230000495910645,0
2024-04-24,2024-04-24T00:00:00Z,4.763999938964844,4.800000190734863,4.750999927520752,4.783999919891357,0
2024-04-25,2024-04-25T00:00:00Z,4.790999889373779,4.8460001945495605,4.765999794006348,4.820000171661377,0
2024-04-26,2024-04-26T00:00:00Z,4.789000034332275,4.796999931335449,4.758999824523926,4.781000137329102,0
2024-04-29,2024-04-29T00:00:00Z,4.741000175476074,4.769000053405762,4.734000205993652,4.73799991607666,0
2024-04-30,2024-04-30T00:00:00Z,4.735000133514404,4.791999816894531,4.735000133514404,4.789999961853027,0
2024-05-01,2024-05-01T00:00:00Z,4.776000022888184,4.78000020980835,4.702000141143799,4.7129998207092285,0
2024-05-02,2024-05-02T00:00:00Z,4.745999813079834,4.785999774932861,4.716000080108643,4.7179999351501465,0
2024-05-03,2024-05-03T00:00:00Z,4.701000213623047,4.7230000495910645,4.635000228881836,4.660999774932861,0
2024-05-06,2024-05-06T00:00:00Z,4.645999908447266,4.675000190734863,4.63100004196167,4.642000198364258,0
2024-05-07,2024-05-07T00:00:00Z,4.620999813079834,4.622000217437744,4.568999767303467,4.60699987411499,0
2024-05-08,2024-05-08T00:00:00Z,4.625,4.642000198364258,4.620999813079834,4.631999969482422,0
2024-05-09,2024-05-09T00:00:00Z,4.675000190734863,4.676000118255615,4.604000091552734,4.605999946594238,0
2024-05-10,2024-05-10T00:00:00Z,4.624000072479248,4.6539998054504395,4.617000102996826,4.645999908447266,0
2024-05-13,2024-05-13T00:00:00Z,4.632999897003174,4.632999897003174,4.605000019073486,4.623000144958496,0
2024-05-14,2024-05-14T00:00:00Z,4.626999855041504,4.670000076293945,4.5920000076293945,4.593999862670898,0
2024-05-15,2024-05-15T00:00:00Z,4.576000213623047,4.585999965667725,4.504000186920166,4.515999794006348,0
2024-05-16,2024-05-16T00:00:00Z,4.4770002365112305,4.520999908447266,4.4670000076293945,4.51800012588501,0
2024-05-17,2024-05-17T00:00:00Z,4.539000034332275,4.563000202178955,4.5329999923706055,4.559999942779541,0
2024-05-20,2024-05-20T00:00:00Z,4.560999870300293,4.59499979019165,4.559999942779541,4.572999954223633,0
2024-05-21,2024-05-21T00:00:00Z,4.570000171661377,4.572999954223633,4.539000034332275,4.553999900817871,0
2024-05-22,2024-05-22T00:00:00Z,4.583000183105469,4.590000152587891,4.538000106811523,4.551000118255615,0
2024-05-23,2024-05-23T00:00:00Z,4.539000034332275,4.603000164031982,4.510000228881836,4.579999923706055,0
2024-05-24,2024-05-24T00:00:00Z,4.590000152587891,4.604000091552734,4.563000202178955,4.572999954223633,0
2024-05-28,2024-05-28T00:00:00Z,4.568999767303467,4.659999847412109,4.565999984741211,4.656000137329102,0
2024-05-29,2024-05-29T00:00:00Z,4.684999942779541,4.75600004196167,4.681000232696533,4.74399995803833,0
2024-05-30,2024-05-30T00:00:00Z,4.71999979019165,4.72599983215332,4.675000190734863,4.684999942779541,0
2024-05-31,2024-05-31T00:00:00Z,4.678999900817871,4.681000232696533,4.626999855041504,4.6519999504089355,0
2024-06-03,2024-06-03T00:00:00Z,4.61899995803833,4.61899995803833,4.541999816894531,4.551000118255615,0
2024-06-04,2024-06-04T00:00:00Z,4.514999866485596,4.519999980926514,4.466000080108643,4.484000205993652,0
2024-06-05,2024-06-05T00:00:00Z,4.466000080108643,4.492000102996826,4.433000087738037,4.440999984741211,0
2024-06-06,2024-06-06T00:00:00Z,4.453999996185303,4.4720001220703125,4.427999973297119,4.429999828338623,0
2024-06-07,2024-06-07T00:00:00Z,4.442999839782715,4.558000087738037,4.438000202178955,4.547999858856201,0
2024-06-10,2024-06-10T00:00:00Z,4.579999923706055,4.605999946594238,4.574999809265137,4.59499979019165,0
2024-06-11,2024-06-11T00:00:00Z,4.572999954223633,4.5920000076293945,4.5329999923706055,4.5370001792907715,0
2024-06-12,2024-06-12T00:00:00Z,4.5229997634887695,4.5329999923706055,4.418000221252441,4.449999809265137,0
2024-06-13,2024-06-13T00:00:00Z,4.47599983215332,4.47599983215332,4.392000198364258,4.400000095367432,0
2024-06-14,2024-06-14T00:00:00Z,4.3379998207092285,4.373000144958496,4.331999778747559,4.35099983215332,0
2024-06-17,2024-06-17T00:00:00Z,4.406000137329102,4.434000015258789,4.39900016784668,4.409999847412109,0
2024-06-18,2024-06-18T00:00:00Z,4.414999961853027,4.416999816894531,4.35099983215332,4.354000091552734,0
2024-06-20,2024-06-20T00:00:00Z,4.372000217437744,4.429999828338623,4.364999771118164,4.392000198364258,0
2024-06-21,2024-06-21T00:00:00Z,4.369999885559082,4.416999816894531,4.361000061035156,4.3979997634887695,0
2024-06-24,2024-06-24T00:00:00Z,4.415999889373779,4.415999889373779,4.375999927520752,4.377999782562256,0
2024-06-25,2024-06-25T00:00:00Z,4.348999977111816,4.390999794006348,4.3429999351501465,4.372000217437744,0
2024-06-26,2024-06-26T00:00:00Z,4.4120001792907715,4.451000213623047,4.409999847412109,4.447000026702881,0
2024-06-27,2024-06-27T00:00:00Z,4.456999778747559,4.4670000076293945,4.415999889373779,4.427000045776367,0
2024-06-28,2024-06-28T00:00:00Z,4.447999954223633,4.515999794006348,4.413000106811523,4.501999855041504,0
2024-07-01,2024-07-01T00:00:00Z,4.581999778747559,4.65500020980835,4.578000068664551,4.64300012588501,0
2024-07-02,2024-07-02T00:00:00Z,4.60699987411499,4.635000228881836,4.5879998207092285,4.609000205993652,0
2024-07-03,2024-07-03T00:00:00Z,4.584000110626221,4.5879998207092285,4.515999794006348,4.5229997634887695,0
2024-07-05,2024-07-05T00:00:00Z,4.504000186920166,4.534999847412109,4.465000152587891,4.4679999351501465,0
2024-07-08,2024-07-08T00:00:00Z,4.498000144958496,4.498000144958496,4.458000183105469,4.458000183105469,0
2024-07-09,2024-07-09T00:00:00Z,4.482999801635742,4.51800012588501,4.46999979019165,4.494999885559082,0
2024-07-10,2024-07-10T00:00:00Z,4.4730000495910645,4.494999885559082,4.4679999351501465,4.46999979019165,0
2024-07-11,2024-07-11T00:00:00Z,4.4730000495910645,4.4730000495910645,4.375999927520752,4.4039998054504395,0
2024-07-12,2024-07-12T00:00:00Z,4.416999816894531,4.449999809265137,4.3979997634887695,4.4019999504089355,0
2024-07-15,2024-07-15T00:00:00Z,4.46999979019165,4.4730000495910645,4.431000232696533,4.453999996185303,0
2024-07-16,2024-07-16T00:00:00Z,4.4039998054504395,4.439000129699707,4.370999813079834,4.374000072479248,0
2024-07-17,2024-07-17T00:00:00Z,4.382999897003174,4.4019999504089355,4.359000205993652,4.359000205993652,0
2024-07-18,2024-07-18T00:00:00Z,4.396999835968018,4.409999847412109,4.375,4.406000137329102,0
2024-07-19,2024-07-19T00:00:00Z,4.436999797821045,4.460999965667725,4.436999797821045,4.449999809265137,0
2024-07-22,2024-07-22T00:00:00Z,4.425000190734863,4.495999813079834,4.414000034332275,4.478000164031982,0
2024-07-23,2024-07-23T00:00:00Z,4.456999778747559,4.474999904632568,4.447999954223633,4.4710001945495605,0
2024-07-24,2024-07-24T00:00:00Z,4.4720001220703125,4.552000045776367,4.460000038146973,4.547999858856201,0
2024-07-25,2024-07-25T00:00:00Z,4.4670000076293945,4.519999980926514,4.459000110626221,4.5,0
2024-07-26,2024-07-26T00:00:00Z,4.48199987411499,4.5229997634887695,4.443999767303467,4.455999851226807,0
2024-07-29,2024-07-29T00:00:00Z,4.414999961853027,4.439000129699707,4.400000095367432,4.433000087738037,0
2024-07-30,2024-07-30T00:00:00Z,4.427999973297119,4.435999870300293,4.386000156402588,4.400000095367432,0
2024-07-31,2024-07-31T00:00:00Z,4.388999938964844,4.389999866485596,4.3420000076293945,4.36899995803833,0
2024-08-01,2024-08-01T00:00:00Z,4.321000099182129,4.321000099182129,4.254000186920166,4.270999908447266,0
2024-08-02,2024-08-02T00:00:00Z,4.236000061035156,4.239999771118164,4.105000019073486,4.109000205993652,0
2024-08-05,2024-08-05T00:00:00Z,4.034999847412109,4.119999885559082,3.999000072479248,4.072000026702881,0
2024-08-06,2024-08-06T00:00:00Z,4.111000061035156,4.191999912261963,4.091000080108643,4.177000045776367,0
2024-08-07,2024-08-07T00:00:00Z,4.232999801635742,4.270999908447266,4.214000225067139,4.261000156402588,0
2024-08-08,2024-08-08T00:00:00Z,4.242000102996826,4.314000129699707,4.236999988555908,4.2870001792907715,0
2024-08-09,2024-08-09T00:00:00Z,4.236999988555908,4.236999988555908,4.208000183105469,4.224999904632568,0
2024-08-12,2024-08-12T00:00:00Z,4.224999904632568,4.247000217437744,4.188000202178955,4.197000026702881,0
2024-08-13,2024-08-13T00:00:00Z,4.198999881744385,4.199999809265137,4.1539998054504395,4.164999961853027,0
2024-08-14,2024-08-14T00:00:00Z,4.139999866485596,4.164999961853027,4.104000091552734,4.107999801635742,0
2024-08-15,2024-08-15T00:00:00Z,4.136000156402588,4.22599983215332,4.135000228881836,4.179999828338623,0
2024-08-16,2024-08-16T00:00:00Z,4.145999908447266,4.176000118255615,4.139999866485596,4.14900016784668,0
2024-08-19,2024-08-19T00:00:00Z,4.111000061035156,4.151000022888184,4.10099983215332,4.114999771118164,0
2024-08-20,2024-08-20T00:00:00Z,4.119999885559082,4.123000144958496,4.065999984741211,4.070000171661377,0
2024-08-21,2024-08-21T00:00:00Z,4.070000171661377,4.0970001220703125,4.039999961853027,4.051000118255615,0
2024-08-22,2024-08-22T00:00:00Z,4.10699987411499,4.151000022888184,4.093999862670898,4.133999824523926,0
2024-08-23,2024-08-23T00:00:00Z,4.119999885559082,4.127999782562256,4.078999996185303,4.1020002365112305,0
2024-08-26,2024-08-26T00:00:00Z,4.1020002365112305,4.117000102996826,4.071000099182129,4.107999801635742,0
2024-08-27,2024-08-27T00:00:00Z,4.139999866485596,4.159999847412109,4.114999771118164,4.127999782562256,0
2024-08-28,2024-08-28T00:00:00Z,4.114999771118164,4.133999824523926,4.110000133514404,4.13100004196167,0
2024-08-29,2024-08-29T00:00:00Z,4.120999813079834,4.176000118255615,4.120999813079834,4.151000022888184,0
2024-08-30,2024-08-30T00:00:00Z,4.13700008392334,4.203000068664551,4.126999855041504,4.196000099182129,0
2024-09-03,2024-09-03T00:00:00Z,4.196000099182129,4.205999851226807,4.111000061035156,4.13100004196167,0
2024-09-04,2024-09-04T00:00:00Z,4.114999771118164,4.135000228881836,4.065000057220459,4.066999912261963,0
2024-09-05,2024-09-05T00:00:00Z,4.048999786376953,4.070000171661377,4.015999794006348,4.0229997634887695,0
2024-09-06,2024-09-06T00:00:00Z,3.99399995803833,4.046999931335449,3.9549999237060547,4.019999980926514,0
2024-09-09,2024-09-09T00:00:00Z,4.051000118255615,4.051000118255615,3.993000030517578,3.999000072479248,0
2024-09-10,2024-09-10T00:00:00Z,4.019000053405762,4.019000053405762,3.9489998817443848,3.9549999237060547,0
2024-09-11,2024-09-11T00:00:00Z,3.933000087738037,3.98799991607666,3.930000066757202,3.9630000591278076,0
2024-09-12,2024-09-12T00:00:00Z,3.9769999980926514,4.020999908447266,3.9600000381469727,3.994999885559082,0
2024-09-13,2024-09-13T00:00:00Z,3.9839999675750732,4.014999866485596,3.9719998836517334,3.9769999980926514,0
2024-09-16,2024-09-16T00:00:00Z,3.9660000801086426,3.984999895095825,3.933000087738037,3.937000036239624,0
2024-09-17,2024-09-17T00:00:00Z,3.9159998893737793,3.9619998931884766,3.9059998989105225,3.953000068664551,0
2024-09-18,2024-09-18T00:00:00Z,3.99399995803833,4.01200008392334,3.9690001010894775,4.007999897003174,0
2024-09-19,2024-09-19T00:00:00Z,4.050000190734863,4.090000152587891,4.046000003814697,4.072000026702881,0
2024-09-20,2024-09-20T00:00:00Z,4.060999870300293,4.090000152587891,4.043000221252441,4.071000099182129,0
2024-09-23,2024-09-23T00:00:00Z,4.105999946594238,4.133999824523926,4.072000026702881,4.081999778747559,0
2024-09-24,2024-09-24T00:00:00Z,4.14300012588501,4.1539998054504395,4.081999778747559,4.089000225067139,0
2024-09-25,2024-09-25T00:00:00Z,4.125,4.138000011444092,4.107999801635742,4.133999824523926,0
2024-09-26,2024-09-26T00:00:00Z,4.113999843597412,4.165999889373779,4.111000061035156,4.124000072479248,0
2024-09-27,2024-09-27T00:00:00Z,4.111000061035156,4.119999885559082,4.085999965667725,4.0980000495910645,0
2024-09-30,2024-09-30T00:00:00Z,4.133999824523926,4.13700008392334,4.0920000076293945,4.133999824523926,0
2024-10-01,2024-10-01T00:00:00Z,4.071000099182129,4.086999893188477,4.033999919891357,4.079999923706055,0
2024-10-02,2024-10-02T00:00:00Z,4.129000186920166,4.168000221252441,4.125999927520752,4.131999969482422,0
2024-10-03,2024-10-03T00:00:00Z,4.150000095367432,4.179999828338623,4.138999938964844,4.179999828338623,0
2024-10-04,2024-10-04T00:00:00Z,4.190999984741211,4.27400016784668,4.190999984741211,4.267000198364258,0
2024-10-07,2024-10-07T00:00:00Z,4.276000022888184,4.309000015258789,4.276000022888184,4.306000232696533,0
2024-10-08,2024-10-08T00:00:00Z,4.320000171661377,4.341000080108643,4.309000015258789,4.321000099182129,0
2024-10-09,2024-10-09T00:00:00Z,4.328999996185303,4.355000019073486,4.313000202178955,4.339000225067139,0
2024-10-10,2024-10-10T00:00:00Z,4.3460001945495605,4.408999919891357,4.3379998207092285,4.386000156402588,0
2024-10-11,2024-10-11T00:00:00Z,4.394000053405762,4.420000076293945,4.373000144958496,4.382999897003174,0
2024-10-14,2024-10-14T00:00:00Z,4.408999919891357,4.408999919891357,4.408999919891357,4.408999919891357,0
2024-10-15,2024-10-15T00:00:00Z,4.363999843597412,4.369999885559082,4.320000171661377,4.328999996185303,0
2024-10-16,2024-10-16T00:00:00Z,4.296000003814697,4.309999942779541,4.2769999504089355,4.298999786376953,0
2024-10-17,2024-10-17T00:00:00Z,4.315999984741211,4.396999835968018,4.315000057220459,4.394999980926514,0
2024-10-18,2024-10-18T00:00:00Z,4.409999847412109,4.4120001792907715,4.36299991607666,4.380000114440918,0
2024-10-21,2024-10-21T00:00:00Z,4.447000026702881,4.489999771118164,4.434000015258789,4.486999988555908,0
2024-10-22,2024-10-22T00:00:00Z,4.486000061035156,4.510000228881836,4.465000152587891,4.493000030517578,0
2024-10-23,2024-10-23T00:00:00Z,4.52400016784668,4.535999774932861,4.493000030517578,4.515999794006348,0
2024-10-24,2024-10-24T00:00:00Z,4.4770002365112305,4.517000198364258,4.449999809265137,4.465000152587891,0
2024-10-25,2024-10-25T00:00:00Z,4.47599983215332,4.500999927520752,4.447999954223633,4.499000072479248,0
2024-10-28,2024-10-28T00:00:00Z,4.510000228881836,4.554999828338623,4.491000175476074,4.53000020980835,0
2024-10-29,2024-10-29T00:00:00Z,4.552000045776367,4.583000183105469,4.514999866485596,4.519000053405762,0
2024-10-30,2024-10-30T00:00:00Z,4.494999885559082,4.504000186920166,4.431000232696533,4.480000019073486,0
2024-10-31,2024-10-31T00:00:00Z,4.480000019073486,4.519000053405762,4.449999809265137,4.4730000495910645,0
2024-11-01,2024-11-01T00:00:00Z,4.486999988555908,4.567999839782715,4.433000087738037,4.558000087738037,0
2024-11-04,2024-11-04T00:00:00Z,4.4770002365112305,4.521999835968018,4.460000038146973,4.49399995803833,0
2024-11-05,2024-11-05T00:00:00Z,4.50600004196167,4.521999835968018,4.443999767303467,4.449999809265137,0
2024-11-06,2024-11-06T00:00:00Z,4.625,4.665999889373779,4.584000110626221,4.6020002365112305,0
2024-11-07,2024-11-07T00:00:00Z,4.598999977111816,4.620999813079834,4.540999889373779,4.543000221252441,0
2024-11-08,2024-11-08T00:00:00Z,4.511000156402588,4.5229997634887695,4.455999851226807,4.4770002365112305,0
2024-11-11,2024-11-11T00:00:00Z,4.474999904632568,4.474999904632568,4.474999904632568,4.474999904632568,0
2024-11-12,2024-11-12T00:00:00Z,4.520999908447266,4.5879998207092285,4.502999782562256,4.577000141143799,0
2024-11-13,2024-11-13T00:00:00Z,4.559999942779541,4.644000053405762,4.513000011444092,4.63700008392334,0
2024-11-14,2024-11-14T00:00:00Z,4.618000030517578,4.644000053405762,4.554999828338623,4.583000183105469,0
2024-11-15,2024-11-15T00:00:00Z,4.5929999351501465,4.656000137329102,4.580999851226807,4.60099983215332,0
2024-11-18,2024-11-18T00:00:00Z,4.671000003814697,4.677000045776367,4.579999923706055,4.605999946594238,0
2024-11-19,2024-11-19T00:00:00Z,4.556000232696533,4.580999851226807,4.5320000648498535,4.565000057220459,0
2024-11-20,2024-11-20T00:00:00Z,4.610000133514404,4.627999782562256,4.572000026702881,4.5920000076293945,0
2024-11-21,2024-11-21T00:00:00Z,4.5980000495910645,4.627999782562256,4.568999767303467,4.622000217437744,0
2024-11-22,2024-11-22T00:00:00Z,4.578000068664551,4.618000030517578,4.568999767303467,4.59499979019165,0
2024-11-25,2024-11-25T00:00:00Z,4.506999969482422,4.51800012588501,4.442999839782715,4.447000026702881,0
2024-11-26,2024-11-26T00:00:00Z,4.484000205993652,4.507999897003174,4.4730000495910645,4.480000019073486,0
2024-11-27,2024-11-27T00:00:00Z,4.441999912261963,4.453999996185303,4.408999919891357,4.427000045776367,0
2024-11-29,2024-11-29T00:00:00Z,4.4029998779296875,4.4070000648498535,4.361000061035156,4.366000175476074,0
2024-12-02,2024-12-02T00:00:00Z,4.380000114440918,4.414000034332275,4.3429999351501465,4.361000061035156,0
2024-12-03,2024-12-03T00:00:00Z,4.38700008392334,4.39900016784668,4.3420000076293945,4.394000053405762,0
2024-12-04,2024-12-04T00:00:00Z,4.446000099182129,4.451000213623047,4.341000080108643,4.3470001220703125,0
2024-12-05,2024-12-05T00:00:00Z,4.36299991607666,4.377999782562256,4.329999923706055,4.335999965667725,0
2024-12-06,2024-12-06T00:00:00Z,4.333000183105469,4.354000091552734,4.302999973297119,4.330999851226807,0
2024-12-09,2024-12-09T00:00:00Z,4.368000030517578,4.392000198364258,4.35099983215332,4.389999866485596,0
2024-12-10,2024-12-10T00:00:00Z,4.426000118255615,4.432000160217285,4.4039998054504395,4.4079999923706055,0
2024-12-11,2024-12-11T00:00:00Z,4.440000057220459,4.482999801635742,4.406000137329102,4.479000091552734,0
2024-12-12,2024-12-12T00:00:00Z,4.519000053405762,4.554999828338623,4.49399995803833,4.546999931335449,0
2024-12-13,2024-12-13T00:00:00Z,4.560999870300293,4.618000030517578,4.559000015258789,4.614999771118164,0
2024-12-16,2024-12-16T00:00:00Z,4.581999778747559,4.626999855041504,4.576000213623047,4.607999801635742,0
2024-12-17,2024-12-17T00:00:00Z,4.622000217437744,4.630000114440918,4.565999984741211,4.578999996185303,0
2024-12-18,2024-12-18T00:00:00Z,4.610000133514404,4.659999847412109,4.583000183105469,4.658999919891357,0
2024-12-19,2024-12-19T00:00:00Z,4.709000110626221,4.775000095367432,4.706999778747559,4.739999771118164,0
2024-12-20,2024-12-20T00:00:00Z,4.736000061035156,4.739999771118164,4.681000232696533,4.716000080108643,0
2024-12-23,2024-12-23T00:00:00Z,4.747000217437744,4.784999847412109,4.729000091552734,4.783999919891357,0
2024-12-24,2024-12-24T00:00:00Z,4.803999900817871,4.818999767303467,4.75600004196167,4.764999866485596,0
2024-12-26,2024-12-26T00:00:00Z,4.811999797821045,4.818999767303467,4.75600004196167,4.76200008392334,0
2024-12-27,2024-12-27T00:00:00Z,4.797999858856201,4.815000057220459,4.76800012588501,4.810999870300293,0
2024-12-30,2024-12-30T00:00:00Z,4.78000020980835,4.78000020980835,4.751999855041504,4.763000011444092,0
2024-12-31,2024-12-31T00:00:00Z,4.744999885559082,4.802000045776367,4.735000133514404,4.785999774932861,0
2025-01-02,2025-01-02T00:00:00Z,4.735000133514404,4.815000057220459,4.735000133514404,4.797999858856201,0
2025-01-03,2025-01-03T00:00:00Z,4.763000011444092,4.817999839782715,4.757999897003174,4.814000129699707,0
2025-01-06,2025-01-06T00:00:00Z,4.804999828338623,4.861000061035156,4.798999786376953,4.8379998207092285,0
2025-01-07,2025-01-07T00:00:00Z,4.85699987411499,4.926000118255615,4.848999977111816,4.909999847412109,0
2025-01-08,2025-01-08T00:00:00Z,4.949999809265137,4.961999893188477,4.9029998779296875,4.932000160217285,0
2025-01-10,2025-01-10T00:00:00Z,4.927000045776367,5.004000186920166,4.925000190734863,4.965000152587891,0
2025-01-13,2025-01-13T00:00:00Z,4.947000026702881,4.992000102996826,4.940999984741211,4.986000061035156,0
2025-01-14,2025-01-14T00:00:00Z,4.978000164031982,5.005000114440918,4.949999809265137,4.984000205993652,0
2025-01-15,2025-01-15T00:00:00Z,4.953000068664551,4.978000164031982,4.85699987411499,4.879000186920166,0
2025-01-16,2025-01-16T00:00:00Z,4.896999835968018,4.910999774932861,4.824999809265137,4.843999862670898,0
2025-01-17,2025-01-17T00:00:00Z,4.807000160217285,4.855000019073486,4.802000045776367,4.84499979019165,0
2025-01-21,2025-01-21T00:00:00Z,4.802999973297119,4.811999797821045,4.77400016784668,4.802000045776367,0
2025-01-22,2025-01-22T00:00:00Z,4.781000137329102,4.833000183105469,4.781000137329102,4.814000129699707,0
2025-01-23,2025-01-23T00:00:00Z,4.85699987411499,4.892000198364258,4.839000225067139,4.86899995803833,0
2025-01-24,2025-01-24T00:00:00Z,4.872000217437744,4.890999794006348,4.8420000076293945,4.8480000495910645,0
2025-01-27,2025-01-27T00:00:00Z,4.769999980926514,4.802000045776367,4.767000198364258,4.769999980926514,0
2025-01-28,2025-01-28T00:00:00Z,4.803999900817871,4.815000057220459,4.783999919891357,4.789999961853027,0
2025-01-29,2025-01-29T00:00:00Z,4.769000053405762,4.820000171661377,4.75,4.789999961853027,0
2025-01-30,2025-01-30T00:00:00Z,4.73799991607666,4.78000020980835,4.734000205993652,4.757999897003174,0
2025-01-31,2025-01-31T00:00:00Z,4.771999835968018,4.813000202178955,4.75,4.813000202178955,0
2025-02-03,2025-02-03T00:00:00Z,4.735000133514404,4.789000034332275,4.697000026702881,4.770999908447266,0
2025-02-04,2025-02-04T00:00:00Z,4.817999839782715,4.831999778747559,4.74399995803833,4.748000144958496,0
2025-02-05,2025-02-05T00:00:00Z,4.699999809265137,4.704999923706055,4.625999927520752,4.642000198364258,0
2025-02-06,2025-02-06T00:00:00Z,4.663000106811523,4.671000003814697,4.622000217437744,4.650000095367432,0
2025-02-07,2025-02-07T00:00:00Z,4.6479997634887695,4.714000225067139,4.622000217437744,4.690000057220459,0
2025-02-10,2025-02-10T00:00:00Z,4.703999996185303,4.716000080108643,4.672999858856201,4.710999965667725,0
2025-02-11,2025-02-11T00:00:00Z,4.747000217437744,4.75600004196167,4.732999801635742,4.75,0
2025-02-12,2025-02-12T00:00:00Z,4.749000072479248,4.86299991607666,4.739999771118164,4.835000038146973,0
2025-02-13,2025-02-13T00:00:00Z,4.806000232696533,4.822999954223633,4.7220001220703125,4.73199987411499,0
2025-02-14,2025-02-14T00:00:00Z,4.739999771118164,4.755000114440918,4.664000034332275,4.692999839782715,0
2025-02-18,2025-02-18T00:00:00Z,4.736999988555908,4.764999866485596,4.723999977111816,4.76200008392334,0
2025-02-19,2025-02-19T00:00:00Z,4.791999816894531,4.797999858856201,4.750999927520752,4.764999866485596,0
2025-02-20,2025-02-20T00:00:00Z,4.745999813079834,4.758999824523926,4.729000091552734,4.73799991607666,0
2025-02-21,2025-02-21T00:00:00Z,4.718999862670898,4.735000133514404,4.651000022888184,4.669000148773193,0
2025-02-24,2025-02-24T00:00:00Z,4.686999797821045,4.701000213623047,4.642000198364258,4.6479997634887695,0
2025-02-25,2025-02-25T00:00:00Z,4.5960001945495605,4.598999977111816,4.551000118255615,4.557000160217285,0
2025-02-26,2025-02-26T00:00:00Z,4.538000106811523,4.560999870300293,4.505000114440918,4.506999969482422,0
2025-02-27,2025-02-27T00:00:00Z,4.540999889373779,4.566999912261963,4.5229997634887695,4.553999900817871,0
2025-02-28,2025-02-28T00:00:00Z,4.535999774932861,4.579999923706055,4.50600004196167,4.515999794006348,0
2025-03-03,2025-03-03T00:00:00Z,4.534999847412109,4.535999774932861,4.453999996185303,4.464000225067139,0
2025-03-04,2025-03-04T00:00:00Z,4.447000026702881,4.521999835968018,4.436999797821045,4.517000198364258,0
2025-03-05,2025-03-05T00:00:00Z,4.543000221252441,4.578000068664551,4.5,4.557000160217285,0
2025-03-06,2025-03-06T00:00:00Z,4.585000038146973,4.633999824523926,4.565000057220459,4.579999923706055,0
2025-03-07,2025-03-07T00:00:00Z,4.556000232696533,4.622000217437744,4.531000137329102,4.616000175476074,0
2025-03-10,2025-03-10T00:00:00Z,4.539000034332275,4.559000015258789,4.513999938964844,4.539000034332275,0
2025-03-11,2025-03-11T00:00:00Z,4.557000160217285,4.611999988555908,4.521999835968018,4.603000164031982,0
2025-03-12,2025-03-12T00:00:00Z,4.611999988555908,4.640999794006348,4.572999954223633,4.632999897003174,0
2025-03-13,2025-03-13T00:00:00Z,4.6519999504089355,4.671000003814697,4.580999851226807,4.5970001220703125,0
2025-03-14,2025-03-14T00:00:00Z,4.638999938964844,4.645999908447266,4.604000091552734,4.614999771118164,0
2025-03-17,2025-03-17T00:00:00Z,4.585000038146973,4.625999927520752,4.556000232696533,4.598999977111816,0
2025-03-18,2025-03-18T00:00:00Z,4.624000072479248,4.640999794006348,4.568999767303467,4.578999996185303,0
2025-03-19,2025-03-19T00:00:00Z,4.589000225067139,4.642000198364258,4.563000202178955,4.567999839782715,0
2025-03-20,2025-03-20T00:00:00Z,4.501999855041504,4.560999870300293,4.489999771118164,4.557000160217285,0
2025-03-21,2025-03-21T00:00:00Z,4.5370001792907715,4.598999977111816,4.5289998054504395,4.5960001945495605,0
2025-03-24,2025-03-24T00:00:00Z,4.638999938964844,4.663000106811523,4.624000072479248,4.65500020980835,0
2025-03-25,2025-03-25T00:00:00Z,4.697999954223633,4.699999809265137,4.638999938964844,4.656000137329102,0
2025-03-26,2025-03-26T00:00:00Z,4.697000026702881,4.706999778747559,4.672999858856201,4.683000087738037,0
2025-03-27,2025-03-27T00:00:00Z,4.742000102996826,4.74399995803833,4.711999893188477,4.728000164031982,0
2025-03-28,2025-03-28T00:00:00Z,4.678999900817871,4.7230000495910645,4.626999855041504,4.632999897003174,0
2025-03-31,2025-03-31T00:00:00Z,4.579999923706055,4.626999855041504,4.561999797821045,4.61299991607666,0
2025-04-01,2025-04-01T00:00:00Z,4.526000022888184,4.546000003814697,4.5,4.515999794006348,0
2025-04-02,2025-04-02T00:00:00Z,4.501999855041504,4.581999778747559,4.4670000076293945,4.552999973297119,0
2025-04-03,2025-04-03T00:00:00Z,4.478000164031982,4.497000217437744,4.436999797821045,4.485000133514404,0
2025-04-04,2025-04-04T00:00:00Z,4.364999771118164,4.414999961853027,4.341000080108643,4.388000011444092,0
2025-04-07,2025-04-07T00:00:00Z,4.438000202178955,4.632999897003174,4.434999942779541,4.5929999351501465,0
2025-04-08,2025-04-08T00:00:00Z,4.639999866485596,4.744999885559082,4.614999771118164,4.715000152587891,0
2025-04-09,2025-04-09T00:00:00Z,4.919000148773193,4.932000160217285,4.736000061035156,4.793000221252441,0
2025-04-10,2025-04-10T00:00:00Z,4.763000011444092,4.854000091552734,4.75,4.848999977111816,0
2025-04-11,2025-04-11T00:00:00Z,4.885000228881836,4.989999771118164,4.817999839782715,4.876999855041504,0
2025-04-14,2025-04-14T00:00:00Z,4.8470001220703125,4.863999843597412,4.790999889373779,4.797999858856201,0
2025-04-15,2025-04-15T00:00:00Z,4.824999809265137,4.8480000495910645,4.758999824523926,4.776000022888184,0
2025-04-16,2025-04-16T00:00:00Z,4.77400016784668,4.808000087738037,4.736000061035156,4.747000217437744,0
2025-04-17,2025-04-17T00:00:00Z,4.760000228881836,4.828999996185303,4.743000030517578,4.809000015258789,0
2025-04-21,2025-04-21T00:00:00Z,4.888000011444092,4.914999961853027,4.843999862670898,4.910999774932861,0
2025-04-22,2025-04-22T00:00:00Z,4.888000011444092,4.892000198364258,4.848999977111816,4.879000186920166,0
2025-04-23,2025-04-23T00:00:00Z,4.738999843597412,4.8420000076293945,4.714000225067139,4.833000183105469,0
2025-04-24,2025-04-24T00:00:00Z,4.798999786376953,4.802999973297119,4.761000156402588,4.764999866485596,0
2025-04-25,2025-04-25T00:00:00Z,4.736999988555908,4.744999885559082,4.710999965667725,4.73799991607666,0
2025-04-28,2025-04-28T00:00:00Z,4.739999771118164,4.758999824523926,4.690999984741211,4.693999767303467,0
2025-04-29,2025-04-29T00:00:00Z,4.699999809265137,4.7170000076293945,4.64300012588501,4.6479997634887695,0
2025-04-30,2025-04-30T00:00:00Z,4.605000019073486,4.7210001945495605,4.603000164031982,4.681000232696533,0
2025-05-01,2025-05-01T00:00:00Z,4.668000221252441,4.744999885559082,4.650000095367432,4.736999988555908,0
2025-05-02,2025-05-02T00:00:00Z,4.7230000495910645,4.802999973297119,4.7230000495910645,4.795000076293945,0
2025-05-05,2025-05-05T00:00:00Z,4.796000003814697,4.857999801635742,4.795000076293945,4.829999923706055,0
2025-05-06,2025-05-06T00:00:00Z,4.835999965667725,4.86899995803833,4.809999942779541,4.813000202178955,0
2025-05-07,2025-05-07T00:00:00Z,4.800000190734863,4.804999828338623,4.758999824523926,4.7729997634887695,0
2025-05-08,2025-05-08T00:00:00Z,4.789999961853027,4.8460001945495605,4.769999980926514,4.835999965667725,0
2025-05-09,2025-05-09T00:00:00Z,4.864999771118164,4.873000144958496,4.818999767303467,4.833000183105469,0
2025-05-12,2025-05-12T00:00:00Z,4.894999980926514,4.894999980926514,4.861999988555908,4.888000011444092,0
2025-05-13,2025-05-13T00:00:00Z,4.9029998779296875,4.960999965667725,4.886000156402588,4.942999839782715,0
2025-05-14,2025-05-14T00:00:00Z,4.918000221252441,4.9710001945495605,4.918000221252441,4.9670000076293945,0
2025-05-15,2025-05-15T00:00:00Z,4.956999778747559,5.0,4.900000095367432,4.918000221252441,0
2025-05-16,2025-05-16T00:00:00Z,4.854000091552734,4.908999919891357,4.85099983215332,4.89900016784668,0
2025-05-19,2025-05-19T00:00:00Z,5.019000053405762,5.0370001792907715,4.934000015258789,4.940000057220459,0
2025-05-20,2025-05-20T00:00:00Z,4.945000171661377,4.999000072479248,4.945000171661377,4.9670000076293945,0
2025-05-21,2025-05-21T00:00:00Z,5.031000137329102,5.0980000495910645,5.0,5.090000152587891,0
2025-05-22,2025-05-22T00:00:00Z,5.144000053405762,5.1529998779296875,5.053999900817871,5.065000057220459,0
2025-05-23,2025-05-23T00:00:00Z,5.005000114440918,5.057000160217285,5.0,5.031000137329102,0
2025-05-27,2025-05-27T00:00:00Z,4.978000164031982,4.994999885559082,4.932000160217285,4.940000057220459,0
2025-05-28,2025-05-28T00:00:00Z,4.947999954223633,5.008999824523926,4.940999984741211,4.974999904632568,0
2025-05-29,2025-05-29T00:00:00Z,4.989999771118164,4.995999813079834,4.914999961853027,4.922999858856201,0
2025-05-30,2025-05-30T00:00:00Z,4.931000232696533,4.949999809265137,4.9019999504089355,4.928999900817871,0
2025-06-02,2025-06-02T00:00:00Z,4.973999977111816,5.001999855041504,4.953000068664551,4.994999885559082,0
2025-06-03,2025-06-03T00:00:00Z,4.936999797821045,4.997000217437744,4.933000087738037,4.982999801635742,0
2025-06-04,2025-06-04T00:00:00Z,4.954999923706055,4.954999923706055,4.86899995803833,4.88700008392334,0
2025-06-05,2025-06-05T00:00:00Z,4.8480000495910645,4.8979997634887695,4.834000110626221,4.883999824523926,0
2025-06-06,2025-06-06T00:00:00Z,4.886000156402588,4.964000225067139,4.886000156402588,4.9629998207092285,0
2025-06-09,2025-06-09T00:00:00Z,4.96999979019165,4.991000175476074,4.942999839782715,4.953999996185303,0
2025-06-10,2025-06-10T00:00:00Z,4.9120001792907715,4.953000068664551,4.9029998779296875,4.940000057220459,0
2025-06-11,2025-06-11T00:00:00Z,4.961999893188477,4.9679999351501465,4.892000198364258,4.9079999923706055,0
2025-06-12,2025-06-12T00:00:00Z,4.859000205993652,4.880000114440918,4.836999893188477,4.8420000076293945,0
2025-06-13,2025-06-13T00:00:00Z,4.828999996185303,4.940999984741211,4.827000141143799,4.914999961853027,0
2025-06-16,2025-06-16T00:00:00Z,4.934000015258789,4.955999851226807,4.894000053405762,4.953999996185303,0
2025-06-17,2025-06-17T00:00:00Z,4.915999889373779,4.945000171661377,4.880000114440918,4.89300012588501,0
2025-06-18,2025-06-18T00:00:00Z,4.861000061035156,4.8979997634887695,4.849999904632568,4.894999980926514,0
2025-06-20,2025-06-20T00:00:00Z,4.938000202178955,4.945000171661377,4.875,4.888999938964844,0
2025-06-23,2025-06-23T00:00:00Z,4.88100004196167,4.882999897003174,4.828999996185303,4.85699987411499,0
2025-06-24,2025-06-24T00:00:00Z,4.89900016784668,4.921999931335449,4.822000026702881,4.828999996185303,0
2025-06-25,2025-06-25T00:00:00Z,4.848999977111816,4.880000114440918,4.841000080108643,4.8420000076293945,0
2025-06-26,2025-06-26T00:00:00Z,4.829999923706055,4.854000091552734,4.814000129699707,4.815999984741211,0
2025-06-27,2025-06-27T00:00:00Z,4.823999881744385,4.853000164031982,4.789999961853027,4.84499979019165,0
2025-06-30,2025-06-30T00:00:00Z,4.809000015258789,4.828999996185303,4.7789998054504395,4.7789998054504395,0
2025-07-01,2025-07-01T00:00:00Z,4.748000144958496,4.806000232696533,4.747000217437744,4.7789998054504395,0
2025-07-02,2025-07-02T00:00:00Z,4.815000057220459,4.8470001220703125,4.808000087738037,4.822999954223633,0
2025-07-03,2025-07-03T00:00:00Z,4.789000034332275,4.889999866485596,4.7870001792907715,4.861999988555908,0
2025-07-07,2025-07-07T00:00:00Z,4.894999980926514,4.936999797821045,4.875999927520752,4.931000232696533,0
2025-07-08,2025-07-08T00:00:00Z,4.953000068664551,4.973999977111816,4.942999839782715,4.943999767303467,0
2025-07-09,2025-07-09T00:00:00Z,4.945000171661377,4.949999809265137,4.870999813079834,4.875999927520752,0
2025-07-10,2025-07-10T00:00:00Z,4.875999927520752,4.89900016784668,4.859000205993652,4.861000061035156,0
2025-07-11,2025-07-11T00:00:00Z,4.909999847412109,4.9629998207092285,4.9039998054504395,4.956999778747559,0
2025-07-14,2025-07-14T00:00:00Z,4.982999801635742,4.989999771118164,4.948999881744385,4.9730000495910645,0
2025-07-15,2025-07-15T00:00:00Z,4.964000225067139,5.021999835968018,4.933000087738037,5.01800012588501,0
2025-07-16,2025-07-16T00:00:00Z,5.002999782562256,5.077000141143799,4.9679999351501465,5.013999938964844,0
2025-07-17,2025-07-17T00:00:00Z,5.03000020980835,5.043000221252441,4.980000019073486,5.013999938964844,0
2025-07-18,2025-07-18T00:00:00Z,4.982999801635742,5.011000156402588,4.982999801635742,5.000999927520752,0
2025-07-21,2025-07-21T00:00:00Z,4.935999870300293,4.947000026702881,4.910999774932861,4.936999797821045,0
2025-07-22,2025-07-22T00:00:00Z,4.943999767303467,4.948999881744385,4.892000198364258,4.9019999504089355,0
2025-07-23,2025-07-23T00:00:00Z,4.932000160217285,4.964000225067139,4.932000160217285,4.948999881744385,0
2025-07-24,2025-07-24T00:00:00Z,4.966000080108643,4.989999771118164,4.934000015258789,4.948999881744385,0
2025-07-25,2025-07-25T00:00:00Z,4.960000038146973,4.979000091552734,4.921999931335449,4.928999900817871,0
2025-07-28,2025-07-28T00:00:00Z,4.946000099182129,4.966000080108643,4.936999797821045,4.964000225067139,0
2025-07-29,2025-07-29T00:00:00Z,4.921000003814697,4.946000099182129,4.86299991607666,4.870999813079834,0
2025-07-30,2025-07-30T00:00:00Z,4.886000156402588,4.914999961853027,4.874000072479248,4.910999774932861,0
2025-07-31,2025-07-31T00:00:00Z,4.870999813079834,4.890999794006348,4.857999801635742,4.886000156402588,0
2025-08-01,2025-08-01T00:00:00Z,4.940999984741211,4.946000099182129,4.801000118255615,4.807000160217285,0
2025-08-04,2025-08-04T00:00:00Z,4.828000068664551,4.828000068664551,4.785999774932861,4.796999931335449,0
2025-08-05,2025-08-05T00:00:00Z,4.806000232696533,4.814000129699707,4.765999794006348,4.769000053405762,0
2025-08-06,2025-08-06T00:00:00Z,4.807000160217285,4.873000144958496,4.795000076293945,4.810999870300293,0
2025-08-07,2025-08-07T00:00:00Z,4.808000087738037,4.830999851226807,4.7820000648498535,4.815999984741211,0
2025-08-08,2025-08-08T00:00:00Z,4.839000225067139,4.861999988555908,4.829999923706055,4.855000019073486,0
2025-08-11,2025-08-11T00:00:00Z,4.831999778747559,4.84499979019165,4.823999881744385,4.841000080108643,0
2025-08-12,2025-08-12T00:00:00Z,4.863999843597412,4.906000137329102,4.824999809265137,4.885000228881836,0
2025-08-13,2025-08-13T00:00:00Z,4.849999904632568,4.853000164031982,4.817999839782715,4.828000068664551,0
2025-08-14,2025-08-14T00:00:00Z,4.797999858856201,4.883999824523926,4.793000221252441,4.882999897003174,0
2025-08-15,2025-08-15T00:00:00Z,4.888000011444092,4.934000015258789,4.881999969482422,4.926000118255615,0
2025-08-18,2025-08-18T00:00:00Z,4.894000053405762,4.953999996185303,4.890999794006348,4.941999912261963,0
2025-08-19,2025-08-19T00:00:00Z,4.921999931335449,4.922999858856201,4.8979997634887695,4.9019999504089355,0
2025-08-20,2025-08-20T00:00:00Z,4.8979997634887695,4.9120001792907715,4.882999897003174,4.9039998054504395,0
2025-08-21,2025-08-21T00:00:00Z,4.921999931335449,4.946000099182129,4.9019999504089355,4.923999786376953,0
2025-08-22,2025-08-22T00:00:00Z,4.909999847412109,4.913000106811523,4.86299991607666,4.883999824523926,0
2025-08-25,2025-08-25T00:00:00Z,4.9029998779296875,4.910999774932861,4.881999969482422,4.888000011444092,0
2025-08-26,2025-08-26T00:00:00Z,4.913000106811523,4.941999912261963,4.9029998779296875,4.908999919891357,0
2025-08-27,2025-08-27T00:00:00Z,4.933000087738037,4.960000038146973,4.9120001792907715,4.913000106811523,0
2025-08-28,2025-08-28T00:00:00Z,4.9029998779296875,4.920000076293945,4.870999813079834,4.874000072479248,0
2025-08-29,2025-08-29T00:00:00Z,4.90500020980835,4.934000015258789,4.888999938964844,4.916999816894531,0
2025-09-02,2025-09-02T00:00:00Z,4.986999988555908,4.998000144958496,4.954999923706055,4.9710001945495605,0
2025-09-03,2025-09-03T00:00:00Z,4.959000110626221,4.9710001945495605,4.886000156402588,4.892000198364258,0
2025-09-04,2025-09-04T00:00:00Z,4.866000175476074,4.9029998779296875,4.859000205993652,4.874000072479248,0
2025-09-05,2025-09-05T00:00:00Z,4.839000225067139,4.885000228881836,4.76800012588501,4.775000095367432,0
2025-09-08,2025-09-08T00:00:00Z,4.754000186920166,4.76800012588501,4.685999870300293,4.689000129699707,0
2025-09-09,2025-09-09T00:00:00Z,4.714000225067139,4.739999771118164,4.703000068664551,4.7179999351501465,0
2025-09-10,2025-09-10T00:00:00Z,4.735000133514404,4.742000102996826,4.668000221252441,4.677999973297119,0
2025-09-11,2025-09-11T00:00:00Z,4.695000171661377,4.708000183105469,4.638000011444092,4.651000022888184,0
2025-09-12,2025-09-12T00:00:00Z,4.671000003814697,4.706999778747559,4.669000148773193,4.678999900817871,0
2025-09-15,2025-09-15T00:00:00Z,4.681000232696533,4.681000232696533,4.642000198364258,4.656000137329102,0
2025-09-16,2025-09-16T00:00:00Z,4.663000106811523,4.686999797821045,4.640999794006348,4.645999908447266,0
2025-09-17,2025-09-17T00:00:00Z,4.630000114440918,4.684000015258789,4.605999946594238,4.675000190734863,0
2025-09-18,2025-09-18T00:00:00Z,4.671999931335449,4.75,4.669000148773193,4.71999979019165,0
2025-09-19,2025-09-19T00:00:00Z,4.742000102996826,4.761000156402588,4.730999946594238,4.75600004196167,0
2025-09-22,2025-09-22T00:00:00Z,4.755000114440918,4.7789998054504395,4.748000144958496,4.761000156402588,0
2025-09-23,2025-09-23T00:00:00Z,4.758999824523926,4.765999794006348,4.7270002365112305,4.73799991607666,0
2025-09-24,2025-09-24T00:00:00Z,4.749000072479248,4.769999980926514,4.73799991607666,4.757999897003174,0
2025-09-25,2025-09-25T00:00:00Z,4.748000144958496,4.784999847412109,4.742000102996826,4.751999855041504,0
2025-09-26,2025-09-26T00:00:00Z,4.742000102996826,4.771999835968018,4.7170000076293945,4.765999794006348,0
2025-09-29,2025-09-29T00:00:00Z,4.71999979019165,4.734000205993652,4.701000213623047,4.703999996185303,0
2025-09-30,2025-09-30T00:00:00Z,4.706999778747559,4.736999988555908,4.681000232696533,4.73199987411499,0
2025-10-01,2025-10-01T00:00:00Z,4.705999851226807,4.7270002365112305,4.688000202178955,4.715000152587891,0
2025-10-02,2025-10-02T00:00:00Z,4.708000183105469,4.730000019073486,4.684999942779541,4.695000171661377,0
2025-10-03,2025-10-03T00:00:00Z,4.677999973297119,4.715000152587891,4.676000118255615,4.714000225067139,0
2025-10-06,2025-10-06T00:00:00Z,4.756999969482422,4.763000011444092,4.72599983215332,4.757999897003174,0
2025-10-07,2025-10-07T00:00:00Z,4.756999969482422,4.763000011444092,4.711999893188477,4.72599983215332,0
2025-10-08,2025-10-08T00:00:00Z,4.696000099182129,4.730999946594238,4.685999870300293,4.723999977111816,0
2025-10-09,2025-10-09T00:00:00Z,4.716000080108643,4.739999771118164,4.710999965667725,4.732999801635742,0
2025-10-10,2025-10-10T00:00:00Z,4.677000045776367,4.684999942779541,4.625999927520752,4.633999824523926,0
2025-10-13,2025-10-13T00:00:00Z,4.63100004196167,4.63100004196167,4.63100004196167,4.63100004196167,0
2025-10-14,2025-10-14T00:00:00Z,4.614999771118164,4.646999835968018,4.610000133514404,4.623000144958496,0
2025-10-15,2025-10-15T00:00:00Z,4.61899995803833,4.645999908447266,4.591000080108643,4.638999938964844,0
2025-10-16,2025-10-16T00:00:00Z,4.611000061035156,4.644000053405762,4.579999923706055,4.583000183105469,0
2025-10-17,2025-10-17T00:00:00Z,4.6020002365112305,4.616000175476074,4.591000080108643,4.603000164031982,0
2025-10-20,2025-10-20T00:00:00Z,4.5960001945495605,4.5980000495910645,4.574999809265137,4.576000213623047,0
2025-10-21,2025-10-21T00:00:00Z,4.565000057220459,4.565999984741211,4.5329999923706055,4.547999858856201,0
2025-10-22,2025-10-22T00:00:00Z,4.53000020980835,4.557000160217285,4.5279998779296875,4.539000034332275,0
2025-10-23,2025-10-23T00:00:00Z,4.574999809265137,4.5929999351501465,4.559000015258789,4.572999954223633,0
2025-10-24,2025-10-24T00:00:00Z,4.5929999351501465,4.61899995803833,4.553999900817871,4.585000038146973,0
2025-10-27,2025-10-27T00:00:00Z,4.605999946594238,4.611999988555908,4.565999984741211,4.570000171661377,0
2025-10-28,2025-10-28T00:00:00Z,4.552999973297119,4.565999984741211,4.535999774932861,4.546999931335449,0
2025-10-29,2025-10-29T00:00:00Z,4.560999870300293,4.604000091552734,4.552000045776367,4.599999904632568,0
2025-10-30,2025-10-30T00:00:00Z,4.6570000648498535,4.664000034332275,4.619999885559082,4.646999835968018,0
2025-10-31,2025-10-31T00:00:00Z,4.6620001792907715,4.671000003814697,4.640999794006348,4.670000076293945,0
2025-11-03,2025-11-03T00:00:00Z,4.685999870300293,4.705999851226807,4.678999900817871,4.689000129699707,0
2025-11-04,2025-11-04T00:00:00Z,4.682000160217285,4.688000202178955,4.6620001792907715,4.670000076293945,0
2025-11-05,2025-11-05T00:00:00Z,4.679999828338623,4.74399995803833,4.673999786376953,4.736000061035156,0
2025-11-06,2025-11-06T00:00:00Z,4.7210001945495605,4.7220001220703125,4.676000118255615,4.688000202178955,0
2025-11-07,2025-11-07T00:00:00Z,4.691999912261963,4.716000080108643,4.677000045776367,4.699999809265137,0
2025-11-10,2025-11-10T00:00:00Z,4.735000133514404,4.738999843597412,4.692999839782715,4.702000141143799,0
2025-11-11,2025-11-11T00:00:00Z,4.710000038146973,4.710000038146973,4.710000038146973,4.710000038146973,0
2025-11-12,2025-11-12T00:00:00Z,4.677999973297119,4.690000057220459,4.6479997634887695,4.660999774932861,0
2025-11-13,2025-11-13T00:00:00Z,4.683000087738037,4.703999996185303,4.673999786376953,4.702000141143799,0
2025-11-14,2025-11-14T00:00:00Z,4.671000003814697,4.750999927520752,4.668000221252441,4.747000217437744,0
2025-11-17,2025-11-17T00:00:00Z,4.743000030517578,4.749000072479248,4.7210001945495605,4.736000061035156,0
2025-11-18,2025-11-18T00:00:00Z,4.71999979019165,4.756999969482422,4.706999778747559,4.743000030517578,0
2025-11-19,2025-11-19T00:00:00Z,4.730999946594238,4.755000114440918,4.7230000495910645,4.751999855041504,0
2025-11-20,2025-11-20T00:00:00Z,4.758999824523926,4.7769999504089355,4.7170000076293945,4.73199987411499,0
2025-11-21,2025-11-21T00:00:00Z,4.718999862670898,4.734000205993652,4.698999881744385,4.715000152587891,0
2025-11-24,2025-11-24T00:00:00Z,4.690999984741211,4.697000026702881,4.673999786376953,4.677999973297119,0
2025-11-25,2025-11-25T00:00:00Z,4.6570000648498535,4.676000118255615,4.638000011444092,4.6579999923706055,0
2025-11-26,2025-11-26T00:00:00Z,4.6519999504089355,4.691999912261963,4.642000198364258,4.644000053405762,0
2025-11-28,2025-11-28T00:00:00Z,4.636000156402588,4.686999797821045,4.636000156402588,4.664999961853027,0
2025-12-01,2025-12-01T00:00:00Z,4.705999851226807,4.750999927520752,4.705999851226807,4.74399995803833,0
2025-12-02,2025-12-02T00:00:00Z,4.756999969482422,4.769000053405762,4.735000133514404,4.741000175476074,0
2025-12-03,2025-12-03T00:00:00Z,4.723999977111816,4.751999855041504,4.7230000495910645,4.724999904632568,0
2025-12-04,2025-12-04T00:00:00Z,4.75,4.767000198364258,4.73799991607666,4.764999866485596,0
2025-12-05,2025-12-05T00:00:00Z,4.775000095367432,4.800000190734863,4.758999824523926,4.791999816894531,0
2025-12-08,2025-12-08T00:00:00Z,4.791999816894531,4.835000038146973,4.789000034332275,4.815999984741211,0
2025-12-09,2025-12-09T00:00:00Z,4.797999858856201,4.814000129699707,4.775000095367432,4.809000015258789,0
2025-12-10,2025-12-10T00:00:00Z,4.820000171661377,4.822000026702881,4.770999908447266,4.796999931335449,0
2025-12-11,2025-12-11T00:00:00Z,4.7789998054504395,4.794000148773193,4.749000072479248,4.789999961853027,0
2025-12-12,2025-12-12T00:00:00Z,4.836999893188477,4.867000102996826,4.835000038146973,4.857999801635742,0
2025-12-15,2025-12-15T00:00:00Z,4.835000038146973,4.853000164031982,4.817999839782715,4.85099983215332,0
2025-12-16,2025-12-16T00:00:00Z,4.835999965667725,4.870999813079834,4.821000099182129,4.823999881744385,0
2025-12-17,2025-12-17T00:00:00Z,4.835000038146973,4.8429999351501465,4.813000202178955,4.828000068664551,0
2025-12-18,2025-12-18T00:00:00Z,4.810999870300293,4.826000213623047,4.7870001792907715,4.798999786376953,0
2025-12-19,2025-12-19T00:00:00Z,4.829999923706055,4.831999778747559,4.808000087738037,4.828000068664551,0
2025-12-22,2025-12-22T00:00:00Z,4.8429999351501465,4.8460001945495605,4.828999996185303,4.8420000076293945,0
2025-12-23,2025-12-23T00:00:00Z,4.826000213623047,4.863999843597412,4.823999881744385,4.830999851226807,0
2025-12-24,2025-12-24T00:00:00Z,4.828000068664551,4.828999996185303,4.790999889373779,4.797999858856201,0
2025-12-26,2025-12-26T00:00:00Z,4.789999961853027,4.826000213623047,4.781000137329102,4.820000171661377,0
2025-12-29,2025-12-29T00:00:00Z,4.798999786376953,4.815000057220459,4.794000148773193,4.804999828338623,0
2025-12-30,2025-12-30T00:00:00Z,4.826000213623047,4.826000213623047,4.798999786376953,4.813000202178955,0
2025-12-31,2025-12-31T00:00:00Z,4.813000202178955,4.85099983215332,4.809999942779541,4.840000152587891,0
2026-01-02,2026-01-02T00:00:00Z,4.84499979019165,4.875,4.8429999351501465,4.863999843597412,0
2026-01-05,2026-01-05T00:00:00Z,4.874000072479248,4.880000114440918,4.8429999351501465,4.854000091552734,0
2026-01-06,2026-01-06T00:00:00Z,4.864999771118164,4.88700008392334,4.854000091552734,4.866000175476074,0
2026-01-07,2026-01-07T00:00:00Z,4.816999912261963,4.843999862670898,4.807000160217285,4.815000057220459,0
2026-01-08,2026-01-08T00:00:00Z,4.849999904632568,4.861999988555908,4.8420000076293945,4.857999801635742,0
2026-01-09,2026-01-09T00:00:00Z,4.848999977111816,4.874000072479248,4.811999797821045,4.818999767303467,0
2026-01-12,2026-01-12T00:00:00Z,4.859000205993652,4.861000061035156,4.818999767303467,4.840000152587891,0
2026-01-13,2026-01-13T00:00:00Z,4.843999862670898,4.8480000495910645,4.821000099182129,4.828000068664551,0
2026-01-14,2026-01-14T00:00:00Z,4.822000026702881,4.833000183105469,4.789999961853027,4.795000076293945,0
2026-01-15,2026-01-15T00:00:00Z,4.781000137329102,4.800000190734863,4.771999835968018,4.7870001792907715,0
2026-01-16,2026-01-16T00:00:00Z,4.826000213623047,4.8429999351501465,4.800000190734863,4.840000152587891,0
2026-01-20,2026-01-20T00:00:00Z,4.914000034332275,4.947000026702881,4.892000198364258,4.920000076293945,0
2026-01-21,2026-01-21T00:00:00Z,4.920000076293945,4.938000202178955,4.861000061035156,4.870999813079834,0
2026-01-22,2026-01-22T00:00:00Z,4.873000144958496,4.886000156402588,4.8420000076293945,4.8470001220703125,0
2026-01-23,2026-01-23T00:00:00Z,4.824999809265137,4.861000061035156,4.818999767303467,4.833000183105469,0
2026-01-26,2026-01-26T00:00:00Z,4.806000232696533,4.818999767303467,4.791999816894531,4.804999828338623,0
2026-01-27,2026-01-27T00:00:00Z,4.831999778747559,4.8420000076293945,4.809000015258789,4.831999778747559,0
2026-01-28,2026-01-28T00:00:00Z,4.855000019073486,4.894000053405762,4.849999904632568,4.860000133514404,0
2026-01-29,2026-01-29T00:00:00Z,4.872000217437744,4.894999980926514,4.8480000495910645,4.854000091552734,0
2026-01-30,2026-01-30T00:00:00Z,4.88100004196167,4.89300012588501,4.863999843597412,4.872000217437744,0
2026-02-02,2026-02-02T00:00:00Z,4.870999813079834,4.9120001792907715,4.863999843597412,4.908999919891357,0
2026-02-03,2026-02-03T00:00:00Z,4.920000076293945,4.927999973297119,4.8979997634887695,4.906000137329102,0
2026-02-04,2026-02-04T00:00:00Z,4.89300012588501,4.921999931335449,4.890999794006348,4.914999961853027,0
2026-02-05,2026-02-05T00:00:00Z,4.9039998054504395,4.9079999923706055,4.85699987411499,4.861999988555908,0
2026-02-06,2026-02-06T00:00:00Z,4.857999801635742,4.872000217437744,4.848999977111816,4.855000019073486,0
2026-02-09,2026-02-09T00:00:00Z,4.888999938964844,4.889999866485596,4.8460001945495605,4.8480000495910645,0
2026-02-10,2026-02-10T00:00:00Z,4.823999881744385,4.823999881744385,4.7789998054504395,4.788000106811523,0
2026-02-11,2026-02-11T00:00:00Z,4.7729997634887695,4.834000110626221,4.765999794006348,4.814000129699707,0
2026-02-12,2026-02-12T00:00:00Z,4.7829999923706055,4.794000148773193,4.728000164031982,4.730999946594238,0
2026-02-13,2026-02-13T00:00:00Z,4.732999801635742,4.760000228881836,4.690999984741211,4.697999954223633,0
2026-02-17,2026-02-17T00:00:00Z,4.671999931335449,4.692999839782715,4.664000034332275,4.683000087738037,0
2026-02-18,2026-02-18T00:00:00Z,4.689000129699707,4.711999893188477,4.684999942779541,4.705999851226807,0
2026-02-19,2026-02-19T00:00:00Z,4.729000091552734,4.734000205993652,4.697999954223633,4.703999996185303,0
2026-02-20,2026-02-20T00:00:00Z,4.690999984741211,4.754000186920166,4.690000057220459,4.724999904632568,0
2026-02-23,2026-02-23T00:00:00Z,4.724999904632568,4.724999904632568,4.683000087738037,4.696000099182129,0
2026-02-24,2026-02-24T00:00:00Z,4.697999954223633,4.699999809265137,4.679999828338623,4.689000129699707,0
2026-02-25,2026-02-25T00:00:00Z,4.704999923706055,4.705999851226807,4.677999973297119,4.693999767303467,0
2026-02-26,2026-02-26T00:00:00Z,4.690000057220459,4.692999839782715,4.668000221252441,4.669000148773193,0
2026-02-27,2026-02-27T00:00:00Z,4.640999794006348,4.65500020980835,4.626999855041504,4.632999897003174,0
2026-03-02,2026-03-02T00:00:00Z,4.658999919891357,4.710000038146973,4.6570000648498535,4.697999954223633,0
2026-03-03,2026-03-03T00:00:00Z,4.7210001945495605,4.745999813079834,4.688000202178955,4.702000141143799,0
2026-03-04,2026-03-04T00:00:00Z,4.724999904632568,4.73199987411499,4.704999923706055,4.716000080108643,0
2026-03-05,2026-03-05T00:00:00Z,4.75600004196167,4.769000053405762,4.73799991607666,4.751999855041504,0
2026-03-06,2026-03-06T00:00:00Z,4.770999908447266,4.801000118255615,4.73199987411499,4.755000114440918,0
2026-03-09,2026-03-09T00:00:00Z,4.789999961853027,4.793000221252441,4.729000091552734,4.739999771118164,0
2026-03-10,2026-03-10T00:00:00Z,4.761000156402588,4.788000106811523,4.739999771118164,4.770999908447266,0
2026-03-11,2026-03-11T00:00:00Z,4.814000129699707,4.874000072479248,4.807000160217285,4.85699987411499,0
2026-03-12,2026-03-12T00:00:00Z,4.880000114440918,4.894999980926514,4.860000133514404,4.885000228881836,0
2026-03-13,2026-03-13T00:00:00Z,4.89900016784668,4.915999889373779,4.86899995803833,4.9079999923706055,0
2026-03-16,2026-03-16T00:00:00Z,4.877999782562256,4.883999824523926,4.854000091552734,4.859000205993652,0
2026-03-17,2026-03-17T00:00:00Z,4.866000175476074,4.867000102996826,4.841000080108643,4.8520002365112305,0
2026-03-18,2026-03-18T00:00:00Z,4.833000183105469,4.882999897003174,4.831999778747559,4.88100004196167,0
2026-03-19,2026-03-19T00:00:00Z,4.901000022888184,4.916999816894531,4.828999996185303,4.8520002365112305,0
2026-03-20,2026-03-20T00:00:00Z,4.879000186920166,4.961999893188477,4.86899995803833,4.960000038146973,0
2026-03-23,2026-03-23T00:00:00Z,4.931000232696533,4.948999881744385,4.892000198364258,4.9120001792907715,0
2026-03-24,2026-03-24T00:00:00Z,4.951000213623047,4.97599983215332,4.923999786376953,4.940999984741211,0
2026-03-25,2026-03-25T00:00:00Z,4.896999835968018,4.913000106811523,4.886000156402588,4.896999835968018,0
2026-03-26,2026-03-26T00:00:00Z,4.934999942779541,4.953999996185303,4.9070000648498535,4.935999870300293,0
2026-03-27,2026-03-27T00:00:00Z,4.97599983215332,4.999000072479248,4.945000171661377,4.98199987411499,0
2026-03-30,2026-03-30T00:00:00Z,4.926000118255615,4.934000015258789,4.88700008392334,4.90500020980835,0
2026-03-31,2026-03-31T00:00:00Z,4.882999897003174,4.915999889373779,4.876999855041504,4.890999794006348,0
2026-04-01,2026-04-01T00:00:00Z,4.892000198364258,4.919000148773193,4.883999824523926,4.900000095367432,0
2026-04-02,2026-04-02T00:00:00Z,4.936999797821045,4.941999912261963,4.876999855041504,4.889999866485596,0
2026-04-06,2026-04-06T00:00:00Z,4.921000003814697,4.926000118255615,4.877999782562256,4.890999794006348,0
2026-04-07,2026-04-07T00:00:00Z,4.909999847412109,4.947000026702881,4.895999908447266,4.921000003814697,0
2026-04-08,2026-04-08T00:00:00Z,4.8520002365112305,4.892000198364258,4.835999965667725,4.88700008392334,0
2026-04-09,2026-04-09T00:00:00Z,4.894999980926514,4.916999816894531,4.863999843597412,4.896999835968018,0
2026-04-10,2026-04-10T00:00:00Z,4.8979997634887695,4.936999797821045,4.89300012588501,4.914000034332275,0
2026-04-13,2026-04-13T00:00:00Z,4.941999912261963,4.943999767303467,4.89900016784668,4.900000095367432,0
2026-04-14,2026-04-14T00:00:00Z,4.901000022888184,4.906000137329102,4.866000175476074,4.868000030517578,0
2026-04-15,2026-04-15T00:00:00Z,4.88100004196167,4.900000095367432,4.875,4.890999794006348,0
2026-04-16,2026-04-16T00:00:00Z,4.894999980926514,4.940000057220459,4.882999897003174,4.928999900817871,0
2026-04-17,2026-04-17T00:00:00Z,4.921000003814697,4.921999931335449,4.861000061035156,4.885000228881836,0
2026-04-20,2026-04-20T00:00:00Z,4.894999980926514,4.9079999923706055,4.877999782562256,4.88100004196167,0
2026-04-21,2026-04-21T00:00:00Z,4.889999866485596,4.919000148773193,4.879000186920166,4.8979997634887695,0
2026-04-22,2026-04-22T00:00:00Z,4.879000186920166,4.908999919891357,4.876999855041504,4.9019999504089355,0
2026-04-23,2026-04-23T00:00:00Z,4.908999919891357,4.942999839782715,4.885000228881836,4.918000221252441,0
2026-04-24,2026-04-24T00:00:00Z,4.9029998779296875,4.943999767303467,4.89900016784668,4.915999889373779,0
2026-04-27,2026-04-27T00:00:00Z,4.921000003814697,4.951000213623047,4.918000221252441,4.941999912261963,0
2026-04-28,2026-04-28T00:00:00Z,4.966000080108643,4.973999977111816,4.940999984741211,4.943999767303467,0
2026-04-29,2026-04-29T00:00:00Z,4.949999809265137,4.995999813079834,4.948999881744385,4.986999988555908,0
2026-04-30,2026-04-30T00:00:00Z,4.978000164031982,4.991000175476074,4.9670000076293945,4.986999988555908,0
2026-05-01,2026-05-01T00:00:00Z,4.965000152587891,4.992000102996826,4.942999839782715,4.966000080108643,0
2026-05-04,2026-05-04T00:00:00Z,4.98199987411499,5.034999847412109,4.96999979019165,5.025000095367432,0
2026-05-05,2026-05-05T00:00:00Z,5.01200008392334,5.014999866485596,4.98199987411499,4.984000205993652,0
2026-05-06,2026-05-06T00:00:00Z,4.947000026702881,4.951000213623047,4.932000160217285,4.942999839782715,0
2026-05-07,2026-05-07T00:00:00Z,4.928999900817871,4.973999977111816,4.916999816894531,4.968999862670898,0
2026-05-08,2026-05-08T00:00:00Z,4.952000141143799,4.9710001945495605,4.929999828338623,4.947000026702881,0
2026-05-11,2026-05-11T00:00:00Z,4.9670000076293945,4.986000061035156,4.956999778747559,4.986000061035156,0
2026-05-12,2026-05-12T00:00:00Z,4.999000072479248,5.0320000648498535,4.989999771118164,5.031000137329102,0
2026-05-13,2026-05-13T00:00:00Z,5.026000022888184,5.057000160217285,5.02400016784668,5.046999931335449,0
2026-05-14,2026-05-14T00:00:00Z,5.00600004196167,5.014999866485596,4.994999885559082,5.01200008392334,0
2026-05-15,2026-05-15T00:00:00Z,5.09499979019165,5.13100004196167,5.0920000076293945,5.127999782562256,0
2026-05-18,2026-05-18T00:00:00Z,5.129000186920166,5.1539998054504395,5.104000091552734,5.146999835968018,0
2026-05-19,2026-05-19T00:00:00Z,5.146999835968018,5.197000026702881,5.144000053405762,5.181000232696533,0
2026-05-20,2026-05-20T00:00:00Z,5.165999889373779,5.177000045776367,5.105000019073486,5.116000175476074,0
2026-05-21,2026-05-21T00:00:00Z,5.138000011444092,5.1570000648498535,5.089000225067139,5.111999988555908,0
2026-05-22,2026-05-22T00:00:00Z,5.068999767303467,5.0960001945495605,5.056000232696533,5.064000129699707,0
2026-05-26,2026-05-26T00:00:00Z,5.010000228881836,5.039999961853027,5.002999782562256,5.026000022888184,0
2026-05-27,2026-05-27T00:00:00Z,5.00600004196167,5.0229997634887695,4.98799991607666,5.011000156402588,0
2026-05-28,2026-05-28T00:00:00Z,5.0289998054504395,5.052999973297119,4.973999977111816,4.985000133514404,0
2026-05-29,2026-05-29T00:00:00Z,4.9720001220703125,4.993000030517578,4.9670000076293945,4.993000030517578,0
2026-06-01,2026-06-01T00:00:00Z,4.980999946594238,5.0269999504089355,4.96999979019165,4.991000175476074,0
2026-06-02,2026-06-02T00:00:00Z,4.952000141143799,4.97599983215332,4.947000026702881,4.9670000076293945,0
2026-06-03,2026-06-03T00:00:00Z,4.989999771118164,5.005000114440918,4.98199987411499,4.989999771118164,0
2026-06-04,2026-06-04T00:00:00Z,4.964000225067139,4.982999801635742,4.956999778747559,4.978000164031982,0
2026-06-05,2026-06-05T00:00:00Z,4.9710001945495605,5.025000095367432,4.9679999351501465,4.999000072479248,0
2026-06-08,2026-06-08T00:00:00Z,5.007999897003174,5.026000022888184,4.993000030517578,5.02400016784668,0
2026-06-09,2026-06-09T00:00:00Z,5.025000095367432,5.033999919891357,5.00600004196167,5.011000156402588,0
2026-06-10,2026-06-10T00:00:00Z,5.013000011444092,5.039000034332275,4.998000144958496,5.025000095367432,0
2026-06-11,2026-06-11T00:00:00Z,5.000999927520752,5.021999835968018,4.946000099182129,4.951000213623047,0
2026-06-12,2026-06-12T00:00:00Z,4.966000080108643,4.992000102996826,4.960999965667725,4.974999904632568,0
2026-06-15,2026-06-15T00:00:00Z,4.955999851226807,4.974999904632568,4.942999839782715,4.9710001945495605,0
2026-06-16,2026-06-16T00:00:00Z,4.945000171661377,4.956999778747559,4.923999786376953,4.927999973297119,0
2026-06-17,2026-06-17T00:00:00Z,4.935999870300293,4.9670000076293945,4.909999847412109,4.926000118255615,0
2026-06-18,2026-06-18T00:00:00Z,4.870999813079834,4.9019999504089355,4.860000133514404,4.901000022888184,0
2026-06-22,2026-06-22T00:00:00Z,4.932000160217285,4.955999851226807,4.920000076293945,4.947000026702881,0
2026-06-23,2026-06-23T00:00:00Z,4.940000057220459,4.949999809265137,4.923999786376953,4.940000057220459,0
2026-06-24,2026-06-24T00:00:00Z,4.89900016784668,4.9019999504089355,4.848999977111816,4.855999946594238,0
2026-06-25,2026-06-25T00:00:00Z,4.85699987411499,4.861999988555908,4.822999954223633,4.857999801635742,0
2026-06-26,2026-06-26T00:00:00Z,4.870999813079834,4.895999908447266,4.861000061035156,4.863999843597412,0
2026-06-29,2026-06-29T00:00:00Z,4.861999988555908,4.873000144958496,4.85099983215332,4.860000133514404,0
2026-06-30,2026-06-30T00:00:00Z,4.874000072479248,4.9070000648498535,4.873000144958496,4.9019999504089355,0
2026-07-01,2026-07-01T00:00:00Z,4.9770002365112305,4.989999771118164,4.953999996185303,4.966000080108643,0
2026-07-02,2026-07-02T00:00:00Z,4.993000030517578,4.997000217437744,4.960000038146973,4.985000133514404,0
2026-07-06,2026-07-06T00:00:00Z,4.97599983215332,5.00600004196167,4.9710001945495605,4.993000030517578,0
2026-07-07,2026-07-07T00:00:00Z,5.011000156402588,5.045000076293945,5.001999855041504,5.043000221252441,0
2026-07-08,2026-07-08T00:00:00Z,5.064000129699707,5.090000152587891,5.061999797821045,5.065000057220459,0
2026-07-09,2026-07-09T00:00:00Z,5.085999965667725,5.0920000076293945,5.045000076293945,5.052999973297119,0
2026-07-10,2026-07-10T00:00:00Z,5.059999942779541,5.076000213623047,5.053999900817871,5.071000099182129,0
2026-07-13,2026-07-13T00:00:00Z,5.085000038146973,5.105000019073486,5.072999954223633,5.0980000495910645,0
2026-07-14,2026-07-14T00:00:00Z,5.105000019073486,5.105999946594238,5.051000118255615,5.093999862670898,0
2026-07-15,2026-07-15T00:00:00Z,5.124000072479248,5.125999927520752,5.072999954223633,5.083000183105469,0
2026-07-16,2026-07-16T00:00:00Z,5.11899995803833,5.130000114440918,5.091000080108643,5.0980000495910645,0
2026-07-17,2026-07-17T00:00:00Z,5.052999973297119,5.070000171661377,5.045000076293945,5.064000129699707,0
2026-07-20,2026-07-20T00:00:00Z,5.085000038146973,5.120999813079834,5.080999851226807,5.118000030517578,0
2026-07-21,2026-07-21T00:00:00Z,5.123000144958496,5.151000022888184,5.117000102996826,5.130000114440918,0
2026-07-22,2026-07-22T00:00:00Z,5.142000198364258,5.1479997634887695,5.13100004196167,5.146999835968018,0
2026-07-23,2026-07-23T00:00:00Z,5.182000160217285,5.192999839782715,5.164000034332275,5.171000003814697,0
2026-07-24,2026-07-24T00:00:00Z,5.160999774932861,5.166999816894531,5.133999824523926,5.1620001792907715,0
2026-07-27,2026-07-27T00:00:00Z,5.127999782562256,5.145999908447266,5.120999813079834,5.125,0
2026-07-28,2026-07-28T00:00:00Z,5.122000217437744,5.125999927520752,5.085000038146973,5.0960001945495605,0
2026-07-29,2026-07-29T00:00:00Z,5.109000205993652,5.150000095367432,5.098999977111816,5.14300012588501,0
2026-07-30,2026-07-30T00:00:00Z,5.198999881744385,5.228000164031982,5.191999912261963,5.208000183105469,0
2026-07-31,2026-07-31T00:00:00Z,5.214000225067139,5.281000137329102,5.210000038146973,5.275000095367432,0
2026-08-03,2026-08-03T00:00:00Z,5.216000080108643,5.243000030517578,5.214000225067139,5.230999946594238,0
2026-08-04,2026-08-04T00:00:00Z,5.218999862670898,5.224999904632568,5.184999942779541,5.190000057220459,0
2026-08-05,2026-08-05T00:00:00Z,5.160999774932861,5.188000202178955,5.1570000648498535,5.173999786376953,0
2026-08-06,2026-08-06T00:00:00Z,5.198999881744385,5.2179999351501465,5.179999828338623,5.2129998207092285,0
2026-08-07,2026-08-07T00:00:00Z,5.2170000076293945,5.230999946594238,5.171999931335449,5.210999965667725,0
2026-08-10,2026-08-10T00:00:00Z,5.205999851226807,5.247000217437744,5.204999923706055,5.243000030517578,0
2026-08-11,2026-08-11T00:00:00Z,5.243000030517578,5.251999855041504,5.218999862670898,5.236000061035156,0
2026-08-12,2026-08-12T00:00:00Z,5.214000225067139,5.250999927520752,5.206999778747559,5.247000217437744,0
2026-08-13,2026-08-13T00:00:00Z,5.236000061035156,5.238999843597412,5.181000232696533,5.2129998207092285,0
2026-08-14,2026-08-14T00:00:00Z,5.235000133514404,5.2729997634887695,5.2170000076293945,5.264999866485596,0
2026-08-17,2026-08-17T00:00:00Z,5.269000053405762,5.315999984741211,5.269000053405762,5.309000015258789,0
2026-08-18,2026-08-18T00:00:00Z,5.320000171661377,5.326000213623047,5.2820000648498535,5.284999847412109,0
2026-08-19,2026-08-19T00:00:00Z,5.269000053405762,5.269000053405762,5.183000087738037,5.193999767303467,0
2026-08-20,2026-08-20T00:00:00Z,5.256999969482422,5.267000198364258,5.210000038146973,5.236999988555908,0
2026-08-21,2026-08-21T00:00:00Z,5.242000102996826,5.2829999923706055,5.241000175476074,5.276000022888184,0
2026-08-24,2026-08-24T00:00:00Z,5.243000030517578,5.247000217437744,5.208000183105469,5.230999946594238,0
2026-08-25,2026-08-25T00:00:00Z,5.195000171661377,5.199999809265137,5.169000148773193,5.173999786376953,0
2026-08-26,2026-08-26T00:00:00Z,5.169000148773193,5.193999767303467,5.159999847412109,5.185999870300293,0
2026-08-27,2026-08-27T00:00:00Z,5.181000232696533,5.199999809265137,5.173999786376953,5.190999984741211,0
2026-08-28,2026-08-28T00:00:00Z,5.205999851226807,5.214000225067139,5.15500020980835,5.205999851226807,0
2026-08-31,2026-08-31T00:00:00Z,5.22599983215332,5.269999980926514,5.2230000495910645,5.249000072479248,0
2026-09-01,2026-09-01T00:00:00Z,5.27400016784668,5.275000095367432,5.230000019073486,5.26800012588501,0
2026-09-02,2026-09-02T00:00:00Z,5.245999813079834,5.2769999504089355,5.241000175476074,5.267000198364258,0
2026-09-03,2026-09-03T00:00:00Z,5.238999843597412,5.245999813079834,5.21999979019165,5.243000030517578,0
2026-09-04,2026-09-04T00:00:00Z,5.23199987411499,5.2729997634887695,5.2220001220703125,5.245999813079834,0
2026-09-08,2026-09-08T00:00:00Z,5.250999927520752,5.269999980926514,5.216000080108643,5.263999938964844,0
2026-09-09,2026-09-09T00:00:00Z,5.251999855041504,5.314000129699707,5.242000102996826,5.285999774932861,0
2026-09-10,2026-09-10T00:00:00Z,5.323999881744385,5.366000175476074,5.321000099182129,5.361000061035156,0
2026-09-11,2026-09-11T00:00:00Z,5.364999771118164,5.423999786376953,5.308000087738037,5.354000091552734,0
2026-09-14,2026-09-14T00:00:00Z,5.361000061035156,5.386000156402588,5.315999984741211,5.328999996185303,0
2026-09-15,2026-09-15T00:00:00Z,5.377999782562256,5.386000156402588,5.359000205993652,5.363999843597412,0
2026-09-16,2026-09-16T00:00:00Z,5.3520002365112305,5.357999801635742,5.304999828338623,5.348999977111816,0
2026-09-17,2026-09-17T00:00:00Z,5.308000087738037,5.320000171661377,5.290999889373779,5.296000003814697,0
2026-09-18,2026-09-18T00:00:00Z,5.310999870300293,5.3429999351501465,5.302999973297119,5.330999851226807,0
2026-09-21,2026-09-21T00:00:00Z,5.289000034332275,5.309000015258789,5.2870001792907715,5.296000003814697,0
2026-09-22,2026-09-22T00:00:00Z,5.265999794006348,5.309999942779541,5.26200008392334,5.302999973297119,0
2026-09-23,2026-09-23T00:00:00Z,5.323999881744385,5.414000034332275,5.313000202178955,5.401000022888184,0
2026-09-24,2026-09-24T00:00:00Z,5.421000003814697,5.473999977111816,5.38700008392334,5.460999965667725,0
2026-09-25,2026-09-25T00:00:00Z,5.479000091552734,5.5320000648498535,5.4679999351501465,5.504000186920166,0
2026-09-28,2026-09-28T00:00:00Z,5.520999908447266,5.581999778747559,5.519000053405762,5.560999870300293,0
2026-09-29,2026-09-29T00:00:00Z,5.539000034332275,5.620999813079834,5.538000106811523,5.593999862670898,0
2026-09-30,2026-09-30T00:00:00Z,5.575999736785889,5.629000186920166,5.552000045776367,5.61899995803833,0
