timestamp_utc,Open,High,Low,Close,Volume
2026-07-08T23:00:00Z,9.68610954284668,9.698909759521484,9.677900314331055,9.690239906311035,0
2026-07-09T00:00:00Z,9.690239906311035,9.69182014465332,9.673700332641602,9.682660102844238,0
2026-07-09T01:00:00Z,9.682660102844238,9.690939903259277,9.675609588623047,9.683759689331055,0
2026-07-09T02:00:00Z,9.683759689331055,9.687000274658203,9.677809715270996,9.68478012084961,0
2026-07-09T03:00:00Z,9.684869766235352,9.688699722290039,9.67261028289795,9.678230285644531,0
2026-07-09T04:00:00Z,9.678230285644531,9.685700416564941,9.677550315856934,9.678159713745117,0
2026-07-09T05:00:00Z,9.677809715270996,9.68019962310791,9.666449546813965,9.668510437011719,0
2026-07-09T06:00:00Z,9.669949531555176,9.671059608459473,9.651800155639648,9.657340049743652,0
2026-07-09T07:00:00Z,9.657150268554688,9.67354965209961,9.656499862670898,9.665849685668945,0
2026-07-09T08:00:00Z,9.666119575500488,9.679420471191406,9.659760475158691,9.676850318908691,0
2026-07-09T09:00:00Z,9.677419662475586,9.690600395202637,9.675490379333496,9.682299613952637,0
2026-07-09T10:00:00Z,9.682049751281738,9.70481014251709,9.679149627685547,9.700249671936035,0
2026-07-09T11:00:00Z,9.70044994354248,9.701709747314453,9.681400299072266,9.68140983581543,0
2026-07-09T12:00:00Z,9.681550025939941,9.692110061645508,9.672200202941895,9.689929962158203,0
2026-07-09T13:00:00Z,9.689499855041504,9.690730094909668,9.661640167236328,9.661660194396973,0
2026-07-09T14:00:00Z,9.661210060119629,9.673100471496582,9.652649879455566,9.662810325622559,0
2026-07-09T15:00:00Z,9.662210464477539,9.666740417480469,9.647850036621094,9.651960372924805,0
2026-07-09T16:00:00Z,9.651820182800293,9.659119606018066,9.645009994506836,9.659070014953613,0
2026-07-09T17:00:00Z,9.658160209655762,9.660869598388672,9.651590347290039,9.653860092163086,0
2026-07-09T18:00:00Z,9.653610229492188,9.661299705505371,9.651610374450684,9.658610343933105,0
2026-07-09T19:00:00Z,9.658510208129883,9.6673002243042,9.657309532165527,9.663009643554688,0
2026-07-09T20:00:00Z,9.663220405578613,9.663700103759766,9.65896987915039,9.661809921264648,0
2026-07-09T21:00:00Z,9.661809921264648,9.661809921264648,9.645990371704102,9.655540466308594,0
2026-07-09T22:00:00Z,9.650469779968262,9.664990425109863,9.649479866027832,9.661700248718262,0
2026-07-09T23:00:00Z,9.660940170288086,9.662500381469727,9.658280372619629,9.65958023071289,0
2026-07-10T00:00:00Z,9.66051959991455,9.666099548339844,9.649519920349121,9.652179718017578,0
2026-07-10T01:00:00Z,9.652270317077637,9.654600143432617,9.632360458374023,9.63694953918457,0
2026-07-10T02:00:00Z,9.637060165405273,9.637909889221191,9.620949745178223,9.62405014038086,0
2026-07-10T03:00:00Z,9.623820304870605,9.637009620666504,9.621649742126465,9.634650230407715,0
2026-07-10T04:00:00Z,9.634650230407715,9.644610404968262,9.634349822998047,9.641249656677246,0
2026-07-10T05:00:00Z,9.641249656677246,9.647820472717285,9.637590408325195,9.641249656677246,0
2026-07-10T06:00:00Z,9.641630172729492,9.649009704589844,9.634099960327148,9.644009590148926,0
2026-07-10T07:00:00Z,9.644100189208984,9.656299591064453,9.64391040802002,9.65404987335205,0
2026-07-10T08:00:00Z,9.654170036315918,9.662220001220703,9.648050308227539,9.657050132751465,0
2026-07-10T09:00:00Z,9.656869888305664,9.65880012512207,9.635470390319824,9.638699531555176,0
2026-07-10T10:00:00Z,9.638710021972656,9.63875961303711,9.625550270080566,9.628350257873535,0
2026-07-10T11:00:00Z,9.6287202835083,9.641900062561035,9.626399993896484,9.63407039642334,0
2026-07-10T12:00:00Z,9.634220123291016,9.64721965789795,9.618149757385254,9.637649536132812,0
2026-07-10T13:00:00Z,9.637649536132812,9.648420333862305,9.637249946594238,9.642609596252441,0
2026-07-10T14:00:00Z,9.642600059509277,9.659119606018066,9.634590148925781,9.654749870300293,0
2026-07-10T15:00:00Z,9.654749870300293,9.656550407409668,9.635990142822266,9.637350082397461,0
2026-07-10T16:00:00Z,9.63759994506836,9.645730018615723,9.630379676818848,9.645440101623535,0
2026-07-10T17:00:00Z,9.645660400390625,9.659219741821289,9.643509864807129,9.658320426940918,0
2026-07-10T18:00:00Z,9.658209800720215,9.666399955749512,9.656999588012695,9.662750244140625,0
2026-07-10T19:00:00Z,9.662750244140625,9.666899681091309,9.660699844360352,9.665249824523926,0
2026-07-10T20:00:00Z,9.66530990600586,9.671409606933594,9.65250015258789,9.654600143432617,0
2026-07-10T21:00:00Z,9.649800300598145,9.649800300598145,9.649800300598145,9.649800300598145,0
2026-07-12T23:00:00Z,9.685370445251465,9.690299987792969,9.67650032043457,9.678319931030273,0
2026-07-13T00:00:00Z,9.678319931030273,9.697549819946289,9.675399780273438,9.696510314941406,0
2026-07-13T01:00:00Z,9.69575023651123,9.704319953918457,9.689510345458984,9.690010070800781,0
2026-07-13T02:00:00Z,9.689820289611816,9.69629955291748,9.688309669494629,9.695150375366211,0
2026-07-13T03:00:00Z,9.695210456848145,9.703300476074219,9.693909645080566,9.695590019226074,0
2026-07-13T04:00:00Z,9.695590019226074,9.701510429382324,9.690950393676758,9.692609786987305,0
2026-07-13T05:00:00Z,9.69225025177002,9.699210166931152,9.683850288391113,9.693460464477539,0
2026-07-13T06:00:00Z,9.694519996643066,9.705400466918945,9.680950164794922,9.689149856567383,0
2026-07-13T07:00:00Z,9.689359664916992,9.689359664916992,9.66094970703125,9.663649559020996,0
2026-07-13T08:00:00Z,9.663450241088867,9.664600372314453,9.63914966583252,9.644149780273438,0
2026-07-13T09:00:00Z,9.644309997558594,9.656009674072266,9.640939712524414,9.650750160217285,0
2026-07-13T10:00:00Z,9.65054988861084,9.658900260925293,9.646069526672363,9.646069526672363,0
2026-07-13T11:00:00Z,9.646479606628418,9.654500007629395,9.639989852905273,9.648920059204102,0
2026-07-13T12:00:00Z,9.648449897766113,9.657830238342285,9.638449668884277,9.638750076293945,0
2026-07-13T13:00:00Z,9.638750076293945,9.659000396728516,9.634499549865723,9.658089637756348,0
2026-07-13T14:00:00Z,9.657950401306152,9.687899589538574,9.656649589538574,9.674750328063965,0
2026-07-13T15:00:00Z,9.674429893493652,9.685029983520508,9.672419548034668,9.678899765014648,0
2026-07-13T16:00:00Z,9.678910255432129,9.707719802856445,9.676810264587402,9.700400352478027,0
2026-07-13T17:00:00Z,9.700209617614746,9.707200050354004,9.699210166931152,9.706310272216797,0
2026-07-13T18:00:00Z,9.706339836120605,9.711099624633789,9.702280044555664,9.706809997558594,0
2026-07-13T19:00:00Z,9.706729888916016,9.717610359191895,9.705109596252441,9.717329978942871,0
2026-07-13T20:00:00Z,9.717020034790039,9.724969863891602,9.713069915771484,9.713069915771484,0
2026-07-13T22:00:00Z,9.711199760437012,9.714099884033203,9.706290245056152,9.712530136108398,0
2026-07-13T23:00:00Z,9.711970329284668,9.722749710083008,9.708780288696289,9.713170051574707,0
2026-07-14T00:00:00Z,9.713170051574707,9.727069854736328,9.709030151367188,9.713850021362305,0
2026-07-14T01:00:00Z,9.714079856872559,9.714670181274414,9.705419540405273,9.710209846496582,0
2026-07-14T02:00:00Z,9.709449768066406,9.711210250854492,9.700119972229004,9.706310272216797,0
2026-07-14T03:00:00Z,9.706250190734863,9.71150016784668,9.698209762573242,9.701849937438965,0
2026-07-14T04:00:00Z,9.701849937438965,9.707320213317871,9.699259757995605,9.703849792480469,0
2026-07-14T05:00:00Z,9.70365047454834,9.704680442810059,9.692970275878906,9.699609756469727,0
2026-07-14T06:00:00Z,9.699620246887207,9.714630126953125,9.697779655456543,9.714150428771973,0
2026-07-14T07:00:00Z,9.714150428771973,9.718290328979492,9.684539794921875,9.688759803771973,0
2026-07-14T08:00:00Z,9.688549995422363,9.699419975280762,9.680879592895508,9.686050415039062,0
2026-07-14T09:00:00Z,9.686249732971191,9.687990188598633,9.672789573669434,9.67969036102295,0
2026-07-14T10:00:00Z,9.67965030670166,9.6941499710083,9.678879737854004,9.691949844360352,0
2026-07-14T11:00:00Z,9.692509651184082,9.695850372314453,9.671600341796875,9.671879768371582,0
2026-07-14T12:00:00Z,9.671879768371582,9.677020072937012,9.594630241394043,9.627189636230469,0
2026-07-14T13:00:00Z,9.627050399780273,9.630470275878906,9.611590385437012,9.619620323181152,0
2026-07-14T14:00:00Z,9.619449615478516,9.63560962677002,9.605910301208496,9.627619743347168,0
2026-07-14T15:00:00Z,9.627449989318848,9.656999588012695,9.61655044555664,9.655269622802734,0
2026-07-14T16:00:00Z,9.655179977416992,9.665539741516113,9.648599624633789,9.64995002746582,0
2026-07-14T17:00:00Z,9.650420188903809,9.662799835205078,9.647310256958008,9.657219886779785,0
2026-07-14T18:00:00Z,9.657730102539062,9.66862964630127,9.653800010681152,9.657190322875977,0
2026-07-14T19:00:00Z,9.657050132751465,9.661009788513184,9.653079986572266,9.661009788513184,0
2026-07-14T20:00:00Z,9.661040306091309,9.668700218200684,9.657609939575195,9.660920143127441,0
2026-07-14T22:00:00Z,9.658679962158203,9.665519714355469,9.657119750976562,9.661290168762207,0
2026-07-14T23:00:00Z,9.659279823303223,9.661829948425293,9.654430389404297,9.655070304870605,0
2026-07-15T00:00:00Z,9.656009674072266,9.657210350036621,9.63821029663086,9.639909744262695,0
2026-07-15T01:00:00Z,9.638699531555176,9.645509719848633,9.636910438537598,9.641550064086914,0
2026-07-15T02:00:00Z,9.641550064086914,9.646300315856934,9.635649681091309,9.638609886169434,0
2026-07-15T03:00:00Z,9.6385498046875,9.64801025390625,9.63191032409668,9.641249656677246,0
2026-07-15T04:00:00Z,9.64115047454834,9.646200180053711,9.639410018920898,9.644550323486328,0
2026-07-15T05:00:00Z,9.644550323486328,9.64801025390625,9.636520385742188,9.641229629516602,0
2026-07-15T06:00:00Z,9.641759872436523,9.66051959991455,9.637060165405273,9.659099578857422,0
2026-07-15T07:00:00Z,9.659549713134766,9.671529769897461,9.649700164794922,9.664739608764648,0
2026-07-15T08:00:00Z,9.664739608764648,9.678620338439941,9.663789749145508,9.673910140991211,0
2026-07-15T09:00:00Z,9.672969818115234,9.679329872131348,9.670260429382324,9.678879737854004,0
2026-07-15T10:00:00Z,9.678620338439941,9.686400413513184,9.675200462341309,9.682100296020508,0
2026-07-15T11:00:00Z,9.682669639587402,9.682999610900879,9.672710418701172,9.674610137939453,0
2026-07-15T12:00:00Z,9.674209594726562,9.684450149536133,9.650190353393555,9.652159690856934,0
2026-07-15T13:00:00Z,9.652509689331055,9.662210464477539,9.643819808959961,9.650810241699219,0
2026-07-15T14:00:00Z,9.651320457458496,9.65250015258789,9.633049964904785,9.633279800415039,0
2026-07-15T15:00:00Z,9.63323974609375,9.641300201416016,9.626509666442871,9.633429527282715,0
2026-07-15T16:00:00Z,9.634090423583984,9.640000343322754,9.626910209655762,9.632800102233887,0
2026-07-15T17:00:00Z,9.63224983215332,9.632800102233887,9.588729858398438,9.59214973449707,0
2026-07-15T18:00:00Z,9.59218978881836,9.5927095413208,9.5733003616333,9.58800983428955,0
2026-07-15T19:00:00Z,9.58800983428955,9.595270156860352,9.572999954223633,9.58629035949707,0
2026-07-15T20:00:00Z,9.586799621582031,9.595800399780273,9.582329750061035,9.58568000793457,0
2026-07-15T22:00:00Z,9.588820457458496,9.59568977355957,9.586009979248047,9.589349746704102,0
2026-07-15T23:00:00Z,9.588729858398438,9.594429969787598,9.586770057678223,9.591629981994629,0
2026-07-16T00:00:00Z,9.591710090637207,9.598830223083496,9.585040092468262,9.591039657592773,0
2026-07-16T01:00:00Z,9.589010238647461,9.600839614868164,9.588540077209473,9.597100257873535,0
2026-07-16T02:00:00Z,9.598609924316406,9.608619689941406,9.597040176391602,9.597660064697266,0
2026-07-16T03:00:00Z,9.597660064697266,9.600799560546875,9.591839790344238,9.593649864196777,0
2026-07-16T04:00:00Z,9.592720031738281,9.599610328674316,9.591850280761719,9.59628963470459,0
2026-07-16T05:00:00Z,9.596309661865234,9.600700378417969,9.591099739074707,9.598170280456543,0
2026-07-16T06:00:00Z,9.597490310668945,9.598440170288086,9.581740379333496,9.584799766540527,0
2026-07-16T07:00:00Z,9.584799766540527,9.604559898376465,9.583319664001465,9.60278034210205,0
2026-07-16T08:00:00Z,9.602149963378906,9.615320205688477,9.596949577331543,9.610879898071289,0
2026-07-16T09:00:00Z,9.610639572143555,9.615920066833496,9.60673999786377,9.611140251159668,0
2026-07-16T10:00:00Z,9.610639572143555,9.622220039367676,9.60595989227295,9.621740341186523,0
2026-07-16T11:00:00Z,9.621339797973633,9.636070251464844,9.617239952087402,9.618570327758789,0
2026-07-16T12:00:00Z,9.618200302124023,9.64091968536377,9.61089038848877,9.640419960021973,0
2026-07-16T13:00:00Z,9.640520095825195,9.642419815063477,9.620229721069336,9.633270263671875,0
2026-07-16T14:00:00Z,9.634849548339844,9.644599914550781,9.62870979309082,9.641579627990723,0
2026-07-16T15:00:00Z,9.641440391540527,9.649840354919434,9.63440990447998,9.638629913330078,0
2026-07-16T16:00:00Z,9.638010025024414,9.654959678649902,9.637709617614746,9.654560089111328,0
2026-07-16T17:00:00Z,9.653519630432129,9.658550262451172,9.645609855651855,9.648639678955078,0
2026-07-16T18:00:00Z,9.6497802734375,9.651969909667969,9.64540958404541,9.649310111999512,0
2026-07-16T19:00:00Z,9.647990226745605,9.657890319824219,9.643989562988281,9.644610404968262,0
2026-07-16T20:00:00Z,9.64618968963623,9.648409843444824,9.6360502243042,9.638259887695312,0
2026-07-16T21:00:00Z,9.636919975280762,9.636919975280762,9.636919975280762,9.636919975280762,0
2026-07-16T22:00:00Z,9.638529777526855,9.643500328063965,9.63638973236084,9.641599655151367,0
2026-07-16T23:00:00Z,9.642459869384766,9.644000053405762,9.63821029663086,9.639389991760254,0
2026-07-17T00:00:00Z,9.641010284423828,9.649900436401367,9.6383695602417,9.640549659729004,0
2026-07-17T01:00:00Z,9.640660285949707,9.659429550170898,9.640029907226562,9.656410217285156,0
2026-07-17T02:00:00Z,9.656410217285156,9.662710189819336,9.65330982208252,9.66077995300293,0
2026-07-17T03:00:00Z,9.662300109863281,9.662690162658691,9.656109809875488,9.659560203552246,0
2026-07-17T04:00:00Z,9.658740043640137,9.667570114135742,9.658309936523438,9.664810180664062,0
2026-07-17T05:00:00Z,9.665149688720703,9.667070388793945,9.655799865722656,9.660539627075195,0
2026-07-17T06:00:00Z,9.659819602966309,9.660920143127441,9.642900466918945,9.647000312805176,0
2026-07-17T07:00:00Z,9.646280288696289,9.65231990814209,9.638139724731445,9.651220321655273,0
2026-07-17T08:00:00Z,9.651040077209473,9.659899711608887,9.644140243530273,9.65231990814209,0
2026-07-17T09:00:00Z,9.652910232543945,9.667579650878906,9.649049758911133,9.659720420837402,0
2026-07-17T10:00:00Z,9.659720420837402,9.667400360107422,9.658590316772461,9.660320281982422,0
2026-07-17T11:00:00Z,9.660420417785645,9.666319847106934,9.648420333862305,9.654820442199707,0
2026-07-17T12:00:00Z,9.654820442199707,9.661219596862793,9.649290084838867,9.658510208129883,0
2026-07-17T13:00:00Z,9.658720016479492,9.671119689941406,9.650750160217285,9.653420448303223,0
2026-07-17T14:00:00Z,9.65310001373291,9.65641975402832,9.644510269165039,9.646470069885254,0
2026-07-17T15:00:00Z,9.646759986877441,9.648770332336426,9.63541030883789,9.641900062561035,0
2026-07-17T16:00:00Z,9.64109992980957,9.65194034576416,9.640379905700684,9.648189544677734,0
2026-07-17T17:00:00Z,9.648110389709473,9.6533203125,9.645609855651855,9.652299880981445,0
2026-07-17T18:00:00Z,9.6522798538208,9.6533203125,9.646510124206543,9.648719787597656,0
2026-07-17T19:00:00Z,9.648509979248047,9.653129577636719,9.643989562988281,9.645959854125977,0
2026-07-17T20:00:00Z,9.646209716796875,9.656370162963867,9.644000053405762,9.645079612731934,0
2026-07-19T23:00:00Z,9.669269561767578,9.673700332641602,9.66746997833252,9.66746997833252,0
2026-07-20T00:00:00Z,9.66821002960205,9.669309616088867,9.656259536743164,9.6568603515625,0
2026-07-20T01:00:00Z,9.658160209655762,9.66096019744873,9.653229713439941,9.654540061950684,0
2026-07-20T02:00:00Z,9.654680252075195,9.656570434570312,9.64369010925293,9.646530151367188,0
2026-07-20T03:00:00Z,9.64661979675293,9.64993953704834,9.642999649047852,9.645549774169922,0
2026-07-20T04:00:00Z,9.64540958404541,9.646590232849121,9.636630058288574,9.641070365905762,0
2026-07-20T05:00:00Z,9.6427001953125,9.650899887084961,9.640899658203125,9.648969650268555,0
2026-07-20T06:00:00Z,9.648980140686035,9.65820026397705,9.647100448608398,9.653630256652832,0
2026-07-20T07:00:00Z,9.65371036529541,9.656700134277344,9.631919860839844,9.64048957824707,0
2026-07-20T08:00:00Z,9.64087963104248,9.651619911193848,9.637410163879395,9.65032958984375,0
2026-07-20T09:00:00Z,9.6502103805542,9.664310455322266,9.649479866027832,9.661069869995117,0
2026-07-20T10:00:00Z,9.660530090332031,9.663220405578613,9.65308952331543,9.660030364990234,0
2026-07-20T11:00:00Z,9.659859657287598,9.663689613342285,9.647529602050781,9.659000396728516,0
2026-07-20T12:00:00Z,9.65900993347168,9.678919792175293,9.658599853515625,9.668990135192871,0
2026-07-20T13:00:00Z,9.66880989074707,9.683509826660156,9.667229652404785,9.676839828491211,0
2026-07-20T14:00:00Z,9.6764497756958,9.693309783935547,9.672309875488281,9.681220054626465,0
2026-07-20T15:00:00Z,9.68120002746582,9.692700386047363,9.68064022064209,9.687310218811035,0
2026-07-20T16:00:00Z,9.687190055847168,9.692159652709961,9.678540229797363,9.688759803771973,0
2026-07-20T17:00:00Z,9.688899993896484,9.691740036010742,9.684320449829102,9.686570167541504,0
2026-07-20T18:00:00Z,9.68655014038086,9.687700271606445,9.677470207214355,9.6841402053833,0
2026-07-20T19:00:00Z,9.6841402053833,9.6885404586792,9.678359985351562,9.683369636535645,0
2026-07-20T20:00:00Z,9.68295955657959,9.688139915466309,9.67257022857666,9.67257022857666,0
2026-07-20T21:00:00Z,9.672579765319824,9.682299613952637,9.66100025177002,9.674240112304688,0
2026-07-20T22:00:00Z,9.674920082092285,9.692000389099121,9.660889625549316,9.685190200805664,0
2026-07-20T23:00:00Z,9.685259819030762,9.68970012664795,9.683099746704102,9.683509826660156,0
2026-07-21T00:00:00Z,9.684969902038574,9.6899995803833,9.677909851074219,9.682089805603027,0
2026-07-21T01:00:00Z,9.6839599609375,9.686929702758789,9.678119659423828,9.680190086364746,0
2026-07-21T02:00:00Z,9.682069778442383,9.685489654541016,9.678850173950195,9.68237018585205,0
2026-07-21T03:00:00Z,9.68237018585205,9.68494987487793,9.673859596252441,9.678609848022461,0
2026-07-21T04:00:00Z,9.67704963684082,9.679659843444824,9.672789573669434,9.673080444335938,0
2026-07-21T05:00:00Z,9.67313003540039,9.676230430603027,9.66746997833252,9.67234992980957,0
2026-07-21T06:00:00Z,9.671509742736816,9.672789573669434,9.660400390625,9.665630340576172,0
2026-07-21T07:00:00Z,9.66510009765625,9.665780067443848,9.657329559326172,9.663220405578613,0
2026-07-21T08:00:00Z,9.662830352783203,9.673259735107422,9.659899711608887,9.669859886169434,0
2026-07-21T09:00:00Z,9.668999671936035,9.67080020904541,9.659649848937988,9.666589736938477,0
2026-07-21T10:00:00Z,9.66631031036377,9.672900199890137,9.657099723815918,9.672089576721191,0
2026-07-21T11:00:00Z,9.671899795532227,9.676910400390625,9.669790267944336,9.673299789428711,0
2026-07-21T12:00:00Z,9.67354965209961,9.685290336608887,9.671090126037598,9.67654037475586,0
2026-07-21T13:00:00Z,9.676440238952637,9.712750434875488,9.676090240478516,9.701919555664062,0
2026-07-21T14:00:00Z,9.702110290527344,9.707619667053223,9.687490463256836,9.700329780578613,0
2026-07-21T15:00:00Z,9.700260162353516,9.702790260314941,9.686610221862793,9.692709922790527,0
2026-07-21T16:00:00Z,9.691969871520996,9.696200370788574,9.68960952758789,9.694999694824219,0
2026-07-21T17:00:00Z,9.695420265197754,9.702079772949219,9.693510055541992,9.70065975189209,0
2026-07-21T18:00:00Z,9.700920104980469,9.710860252380371,9.700309753417969,9.70320987701416,0
2026-07-21T19:00:00Z,9.70386028289795,9.707119941711426,9.701009750366211,9.704509735107422,0
2026-07-21T20:00:00Z,9.704850196838379,9.709600448608398,9.698909759521484,9.703700065612793,0
2026-07-21T21:00:00Z,9.703680038452148,9.703689575195312,9.678569793701172,9.69314956665039,0
2026-07-21T22:00:00Z,9.691889762878418,9.706040382385254,9.681119918823242,9.705719947814941,0
2026-07-21T23:00:00Z,9.703630447387695,9.709159851074219,9.703559875488281,9.70641040802002,0
2026-07-22T00:00:00Z,9.706689834594727,9.706979751586914,9.695899963378906,9.700149536132812,0
2026-07-22T01:00:00Z,9.700149536132812,9.708919525146484,9.695380210876465,9.702409744262695,0
2026-07-22T02:00:00Z,9.702409744262695,9.705160140991211,9.694950103759766,9.701580047607422,0
2026-07-22T03:00:00Z,9.700340270996094,9.704019546508789,9.698610305786133,9.700289726257324,0
2026-07-22T04:00:00Z,9.700189590454102,9.703330039978027,9.698690414428711,9.700940132141113,0
2026-07-22T05:00:00Z,9.701040267944336,9.706999778747559,9.699090003967285,9.701140403747559,0
2026-07-22T06:00:00Z,9.700079917907715,9.712920188903809,9.696510314941406,9.707900047302246,0
2026-07-22T07:00:00Z,9.70790958404541,9.720219612121582,9.699799537658691,9.717020034790039,0
2026-07-22T08:00:00Z,9.716580390930176,9.72031021118164,9.71150016784668,9.71226978302002,0
2026-07-22T09:00:00Z,9.712329864501953,9.714119911193848,9.702719688415527,9.712860107421875,0
2026-07-22T10:00:00Z,9.712610244750977,9.717729568481445,9.709480285644531,9.715270042419434,0
2026-07-22T11:00:00Z,9.715250015258789,9.723609924316406,9.71265983581543,9.712960243225098,0
2026-07-22T12:00:00Z,9.713359832763672,9.71638011932373,9.698650360107422,9.705499649047852,0
2026-07-22T13:00:00Z,9.705300331115723,9.706419944763184,9.682680130004883,9.69027042388916,0
2026-07-22T14:00:00Z,9.690190315246582,9.70121955871582,9.684280395507812,9.691920280456543,0
2026-07-22T15:00:00Z,9.691880226135254,9.694470405578613,9.685110092163086,9.686220169067383,0
2026-07-22T16:00:00Z,9.685870170593262,9.700030326843262,9.684309959411621,9.696880340576172,0
2026-07-22T17:00:00Z,9.69789981842041,9.702349662780762,9.691499710083008,9.700750350952148,0
2026-07-22T18:00:00Z,9.700920104980469,9.704190254211426,9.698829650878906,9.699230194091797,0
2026-07-22T19:00:00Z,9.699230194091797,9.702520370483398,9.696900367736816,9.69756031036377,0
2026-07-22T20:00:00Z,9.697509765625,9.6981201171875,9.689290046691895,9.691450119018555,0
2026-07-22T21:00:00Z,9.688819885253906,9.696619987487793,9.675700187683105,9.692079544067383,0
2026-07-22T22:00:00Z,9.690420150756836,9.699620246887207,9.683289527893066,9.692620277404785,0
2026-07-22T23:00:00Z,9.692560195922852,9.69729995727539,9.691080093383789,9.695810317993164,0
2026-07-23T00:00:00Z,9.697330474853516,9.697609901428223,9.683639526367188,9.68418025970459,0
2026-07-23T01:00:00Z,9.68572998046875,9.687789916992188,9.677669525146484,9.682310104370117,0
2026-07-23T02:00:00Z,9.684009552001953,9.685270309448242,9.673259735107422,9.674249649047852,0
2026-07-23T03:00:00Z,9.67432975769043,9.682640075683594,9.67236042022705,9.67667007446289,0
2026-07-23T04:00:00Z,9.677940368652344,9.679840087890625,9.668649673461914,9.67531967163086,0
2026-07-23T05:00:00Z,9.675430297851562,9.680410385131836,9.671119689941406,9.678520202636719,0
2026-07-23T06:00:00Z,9.679920196533203,9.685810089111328,9.675399780273438,9.68239974975586,0
2026-07-23T07:00:00Z,9.682820320129395,9.707119941711426,9.682160377502441,9.699020385742188,0
2026-07-23T08:00:00Z,9.69888973236084,9.711899757385254,9.697330474853516,9.70283031463623,0
2026-07-23T09:00:00Z,9.702810287475586,9.713549613952637,9.695719718933105,9.71265983581543,0
2026-07-23T10:00:00Z,9.712499618530273,9.724519729614258,9.712200164794922,9.71975040435791,0
2026-07-23T11:00:00Z,9.72033977508545,9.751520156860352,9.719759941101074,9.733579635620117,0
2026-07-23T12:00:00Z,9.733579635620117,9.760930061340332,9.729610443115234,9.74977970123291,0
2026-07-23T13:00:00Z,9.74977970123291,9.767849922180176,9.738109588623047,9.758060455322266,0
2026-07-23T14:00:00Z,9.75846004486084,9.76941967010498,9.754899978637695,9.759249687194824,0
2026-07-23T15:00:00Z,9.759469985961914,9.777999877929688,9.758509635925293,9.767000198364258,0
2026-07-23T16:00:00Z,9.766289710998535,9.767009735107422,9.757010459899902,9.760479927062988,0
2026-07-23T17:00:00Z,9.760530471801758,9.772109985351562,9.759499549865723,9.771050453186035,0
2026-07-23T18:00:00Z,9.771900177001953,9.772120475769043,9.7639799118042,9.76593017578125,0
2026-07-23T19:00:00Z,9.765509605407715,9.768819808959961,9.75117015838623,9.752809524536133,0
2026-07-23T20:00:00Z,9.753239631652832,9.754850387573242,9.746660232543945,9.749409675598145,0
2026-07-23T21:00:00Z,9.749409675598145,9.758119583129883,9.739020347595215,9.74567985534668,0
2026-07-23T22:00:00Z,9.749710083007812,9.754110336303711,9.7391996383667,9.746990203857422,0
2026-07-23T23:00:00Z,9.750089645385742,9.758899688720703,9.744959831237793,9.756489753723145,0
2026-07-24T00:00:00Z,9.758090019226074,9.759940147399902,9.745140075683594,9.745140075683594,0
2026-07-24T01:00:00Z,9.746339797973633,9.750720024108887,9.741100311279297,9.74705982208252,0
2026-07-24T02:00:00Z,9.746410369873047,9.754249572753906,9.74450969696045,9.75121021270752,0
2026-07-24T03:00:00Z,9.75214958190918,9.755900382995605,9.749309539794922,9.750650405883789,0
2026-07-24T04:00:00Z,9.750789642333984,9.75885009765625,9.747579574584961,9.754910469055176,0
2026-07-24T05:00:00Z,9.754210472106934,9.756119728088379,9.746809959411621,9.752420425415039,0
2026-07-24T06:00:00Z,9.753080368041992,9.756500244140625,9.73865032196045,9.739489555358887,0
2026-07-24T07:00:00Z,9.739629745483398,9.740220069885254,9.71815013885498,9.73289966583252,0
2026-07-24T08:00:00Z,9.73346996307373,9.737810134887695,9.729060173034668,9.732250213623047,0
2026-07-24T09:00:00Z,9.732410430908203,9.738360404968262,9.725580215454102,9.725580215454102,0
2026-07-24T10:00:00Z,9.725839614868164,9.72782039642334,9.714710235595703,9.721619606018066,0
2026-07-24T11:00:00Z,9.722220420837402,9.724900245666504,9.709699630737305,9.715510368347168,0
2026-07-24T12:00:00Z,9.71621036529541,9.729089736938477,9.71360969543457,9.72560977935791,0
2026-07-24T13:00:00Z,9.725810050964355,9.731619834899902,9.71796989440918,9.72189998626709,0
2026-07-24T14:00:00Z,9.722590446472168,9.728139877319336,9.703619956970215,9.70734977722168,0
2026-07-24T15:00:00Z,9.707130432128906,9.71072006225586,9.688980102539062,9.699430465698242,0
2026-07-24T16:00:00Z,9.699430465698242,9.708660125732422,9.69219970703125,9.70818042755127,0
2026-07-24T17:00:00Z,9.708620071411133,9.718819618225098,9.707409858703613,9.714759826660156,0
2026-07-24T18:00:00Z,9.715109825134277,9.717720031738281,9.711629867553711,9.714670181274414,0
2026-07-24T19:00:00Z,9.71461009979248,9.72091007232666,9.712699890136719,9.714920043945312,0
2026-07-24T20:00:00Z,9.715080261230469,9.720330238342285,9.69884967803955,9.71090030670166,0
2026-07-24T21:00:00Z,9.711700439453125,9.711700439453125,9.711700439453125,9.711700439453125,0
2026-07-26T23:00:00Z,9.685040473937988,9.688790321350098,9.663399696350098,9.676910400390625,0
2026-07-27T00:00:00Z,9.676919937133789,9.678409576416016,9.660300254821777,9.672419548034668,0
2026-07-27T01:00:00Z,9.672380447387695,9.676250457763672,9.661069869995117,9.661510467529297,0
2026-07-27T02:00:00Z,9.661640167236328,9.67549991607666,9.661049842834473,9.675009727478027,0
2026-07-27T03:00:00Z,9.674139976501465,9.67963981628418,9.672940254211426,9.6773099899292,0
2026-07-27T04:00:00Z,9.675640106201172,9.679670333862305,9.673709869384766,9.67533016204834,0
2026-07-27T05:00:00Z,9.674110412597656,9.6768798828125,9.665249824523926,9.666399955749512,0
2026-07-27T06:00:00Z,9.667309761047363,9.67251968383789,9.658289909362793,9.671509742736816,0
2026-07-27T07:00:00Z,9.67136001586914,9.688119888305664,9.669910430908203,9.687410354614258,0
2026-07-27T08:00:00Z,9.687520027160645,9.693499565124512,9.665459632873535,9.686019897460938,0
2026-07-27T09:00:00Z,9.685979843139648,9.690679550170898,9.677399635314941,9.681380271911621,0
2026-07-27T10:00:00Z,9.681529998779297,9.688119888305664,9.676219940185547,9.68712043762207,0
2026-07-27T11:00:00Z,9.68677043914795,9.69871997833252,9.685810089111328,9.698590278625488,0
2026-07-27T12:00:00Z,9.698229789733887,9.71321964263916,9.694129943847656,9.703700065612793,0
2026-07-27T13:00:00Z,9.704039573669434,9.722570419311523,9.70302963256836,9.720849990844727,0
2026-07-27T14:00:00Z,9.721019744873047,9.733110427856445,9.716950416564941,9.726659774780273,0
2026-07-27T15:00:00Z,9.726659774780273,9.734820365905762,9.718310356140137,9.721949577331543,0
2026-07-27T16:00:00Z,9.721949577331543,9.723950386047363,9.704360008239746,9.715140342712402,0
2026-07-27T17:00:00Z,9.71461009979248,9.733160018920898,9.714409828186035,9.727020263671875,0
2026-07-27T18:00:00Z,9.726659774780273,9.729720115661621,9.722970008850098,9.726679801940918,0
2026-07-27T19:00:00Z,9.726639747619629,9.727700233459473,9.7189302444458,9.721059799194336,0
2026-07-27T20:00:00Z,9.721090316772461,9.725600242614746,9.718839645385742,9.725600242614746,0
2026-07-27T21:00:00Z,9.712699890136719,9.73449993133545,9.704700469970703,9.707639694213867,0
2026-07-27T22:00:00Z,9.707639694213867,9.727829933166504,9.705949783325195,9.722949981689453,0
2026-07-27T23:00:00Z,9.722949981689453,9.7264404296875,9.71780014038086,9.720479965209961,0
2026-07-28T00:00:00Z,9.720479965209961,9.730409622192383,9.718509674072266,9.719599723815918,0
2026-07-28T01:00:00Z,9.719599723815918,9.727709770202637,9.716509819030762,9.723919868469238,0
2026-07-28T02:00:00Z,9.723790168762207,9.727860450744629,9.715649604797363,9.717439651489258,0
2026-07-28T03:00:00Z,9.717439651489258,9.722970008850098,9.714189529418945,9.721320152282715,0
2026-07-28T04:00:00Z,9.721309661865234,9.732029914855957,9.721309661865234,9.72959041595459,0
2026-07-28T05:00:00Z,9.729720115661621,9.738490104675293,9.728710174560547,9.730110168457031,0
2026-07-28T06:00:00Z,9.731840133666992,9.733220100402832,9.721599578857422,9.732720375061035,0
2026-07-28T07:00:00Z,9.732250213623047,9.736960411071777,9.722800254821777,9.732620239257812,0
2026-07-28T08:00:00Z,9.73235034942627,9.733320236206055,9.715609550476074,9.7212495803833,0
2026-07-28T09:00:00Z,9.721269607543945,9.744500160217285,9.7212495803833,9.743280410766602,0
2026-07-28T10:00:00Z,9.743940353393555,9.74960994720459,9.739089965820312,9.740889549255371,0
2026-07-28T11:00:00Z,9.740610122680664,9.747300148010254,9.731109619140625,9.733699798583984,0
2026-07-28T12:00:00Z,9.734009742736816,9.742520332336426,9.73009967803955,9.733779907226562,0
2026-07-28T13:00:00Z,9.733409881591797,9.73762035369873,9.722410202026367,9.726149559020996,0
2026-07-28T14:00:00Z,9.724800109863281,9.733779907226562,9.714420318603516,9.722610473632812,0
2026-07-28T15:00:00Z,9.72251033782959,9.723620414733887,9.67770004272461,9.677800178527832,0
2026-07-28T16:00:00Z,9.678730010986328,9.684679985046387,9.667149543762207,9.684370040893555,0
2026-07-28T17:00:00Z,9.684370040893555,9.6947603225708,9.679160118103027,9.692959785461426,0
2026-07-28T18:00:00Z,9.693260192871094,9.696080207824707,9.689840316772461,9.694120407104492,0
2026-07-28T19:00:00Z,9.693699836730957,9.694620132446289,9.687410354614258,9.692099571228027,0
2026-07-28T20:00:00Z,9.691789627075195,9.693229675292969,9.683609962463379,9.683879852294922,0
2026-07-28T21:00:00Z,9.683349609375,9.683349609375,9.660799980163574,9.676400184631348,0
2026-07-28T22:00:00Z,9.675049781799316,9.69320011138916,9.667019844055176,9.690890312194824,0
2026-07-28T23:00:00Z,9.690910339355469,9.69909954071045,9.687390327453613,9.691349983215332,0
2026-07-29T00:00:00Z,9.692239761352539,9.695699691772461,9.683449745178223,9.689149856567383,0
2026-07-29T01:00:00Z,9.690010070800781,9.69773006439209,9.68655014038086,9.692219734191895,0
2026-07-29T02:00:00Z,9.691349983215332,9.693320274353027,9.682109832763672,9.685640335083008,0
2026-07-29T03:00:00Z,9.685420036315918,9.687760353088379,9.6808500289917,9.68667984008789,0
2026-07-29T04:00:00Z,9.686650276184082,9.688300132751465,9.674590110778809,9.675749778747559,0
2026-07-29T05:00:00Z,9.675749778747559,9.680020332336426,9.673600196838379,9.677929878234863,0
2026-07-29T06:00:00Z,9.675470352172852,9.694879531860352,9.673410415649414,9.691789627075195,0
2026-07-29T07:00:00Z,9.691610336303711,9.693010330200195,9.678299903869629,9.691570281982422,0
2026-07-29T08:00:00Z,9.691570281982422,9.702329635620117,9.689009666442871,9.69534969329834,0
2026-07-29T09:00:00Z,9.695579528808594,9.704569816589355,9.694080352783203,9.70425033569336,0
2026-07-29T10:00:00Z,9.704119682312012,9.713210105895996,9.703749656677246,9.710689544677734,0
2026-07-29T11:00:00Z,9.710670471191406,9.71090030670166,9.702110290527344,9.702210426330566,0
2026-07-29T12:00:00Z,9.702939987182617,9.724410057067871,9.70121955871582,9.71465015411377,0
2026-07-29T13:00:00Z,9.714679718017578,9.71679973602295,9.700530052185059,9.700860023498535,0
2026-07-29T14:00:00Z,9.700860023498535,9.726119995117188,9.697959899902344,9.724309921264648,0
2026-07-29T15:00:00Z,9.724340438842773,9.72842025756836,9.718350410461426,9.72327995300293,0
2026-07-29T16:00:00Z,9.722769737243652,9.736499786376953,9.721150398254395,9.72284984588623,0
2026-07-29T17:00:00Z,9.722220420837402,9.723930358886719,9.702690124511719,9.709070205688477,0
2026-07-29T18:00:00Z,9.70479965209961,9.710350036621094,9.641039848327637,9.64249038696289,0
2026-07-29T19:00:00Z,9.64249038696289,9.662139892578125,9.621190071105957,9.660810470581055,0
2026-07-29T20:00:00Z,9.662039756774902,9.667590141296387,9.638190269470215,9.638190269470215,0
2026-07-29T21:00:00Z,9.634989738464355,9.645050048828125,9.618399620056152,9.63914966583252,0
2026-07-29T22:00:00Z,9.634650230407715,9.64879035949707,9.625499725341797,9.64309024810791,0
2026-07-29T23:00:00Z,9.642560005187988,9.646039962768555,9.631500244140625,9.64087963104248,0
2026-07-30T00:00:00Z,9.64307975769043,9.656579971313477,9.638910293579102,9.651249885559082,0
2026-07-30T01:00:00Z,9.651249885559082,9.655190467834473,9.643509864807129,9.650910377502441,0
2026-07-30T02:00:00Z,9.65155029296875,9.657320022583008,9.648249626159668,9.656359672546387,0
2026-07-30T03:00:00Z,9.656359672546387,9.666720390319824,9.653909683227539,9.663849830627441,0
2026-07-30T04:00:00Z,9.663849830627441,9.665900230407715,9.660050392150879,9.662750244140625,0
2026-07-30T05:00:00Z,9.662750244140625,9.663450241088867,9.652660369873047,9.662150382995605,0
2026-07-30T06:00:00Z,9.662409782409668,9.674519538879395,9.656669616699219,9.669249534606934,0
2026-07-30T07:00:00Z,9.668889999389648,9.674420356750488,9.655420303344727,9.67201042175293,0
2026-07-30T08:00:00Z,9.671660423278809,9.672760009765625,9.643549919128418,9.649620056152344,0
2026-07-30T09:00:00Z,9.646920204162598,9.649999618530273,9.61653995513916,9.620519638061523,0
2026-07-30T10:00:00Z,9.620559692382812,9.626119613647461,9.590749740600586,9.60161018371582,0
2026-07-30T11:00:00Z,9.601129531860352,9.608519554138184,9.59154987335205,9.592479705810547,0
2026-07-30T12:00:00Z,9.592140197753906,9.594340324401855,9.570460319519043,9.587570190429688,0
2026-07-30T13:00:00Z,9.588020324707031,9.588910102844238,9.519129753112793,9.52101993560791,0
2026-07-30T14:00:00Z,9.5204496383667,9.567540168762207,9.50730037689209,9.563949584960938,0
2026-07-30T15:00:00Z,9.564109802246094,9.571669578552246,9.526309967041016,9.534350395202637,0
2026-07-30T16:00:00Z,9.534350395202637,9.535110473632812,9.518509864807129,9.526920318603516,0
2026-07-30T17:00:00Z,9.526700019836426,9.542240142822266,9.522439956665039,9.524709701538086,0
2026-07-30T18:00:00Z,9.52472972869873,9.527009963989258,9.515669822692871,9.518110275268555,0
2026-07-30T19:00:00Z,9.518210411071777,9.52748966217041,9.516420364379883,9.523420333862305,0
2026-07-30T20:00:00Z,9.523249626159668,9.5314302444458,9.522430419921875,9.52612018585205,0
2026-07-30T21:00:00Z,9.52295970916748,9.556489944458008,9.508199691772461,9.53026008605957,0
2026-07-30T22:00:00Z,9.519140243530273,9.534540176391602,9.51196002960205,9.531299591064453,0
2026-07-30T23:00:00Z,9.529840469360352,9.541000366210938,9.528519630432129,9.538020133972168,0
2026-07-31T00:00:00Z,9.538410186767578,9.541769981384277,9.530949592590332,9.537150382995605,0
2026-07-31T01:00:00Z,9.537369728088379,9.54994010925293,9.530670166015625,9.54794979095459,0
2026-07-31T02:00:00Z,9.548370361328125,9.549710273742676,9.538649559020996,9.545909881591797,0
2026-07-31T03:00:00Z,9.545720100402832,9.552020072937012,9.542810440063477,9.544449806213379,0
2026-07-31T04:00:00Z,9.544449806213379,9.554289817810059,9.54224967956543,9.549850463867188,0
2026-07-31T05:00:00Z,9.549909591674805,9.553600311279297,9.546449661254883,9.551250457763672,0
2026-07-31T06:00:00Z,9.551870346069336,9.55383014678955,9.531949996948242,9.534709930419922,0
2026-07-31T07:00:00Z,9.534950256347656,9.544879913330078,9.521349906921387,9.531769752502441,0
2026-07-31T08:00:00Z,9.5318603515625,9.540960311889648,9.509610176086426,9.511650085449219,0
2026-07-31T09:00:00Z,9.511739730834961,9.54619026184082,9.50469970703125,9.540019989013672,0
2026-07-31T10:00:00Z,9.539759635925293,9.542610168457031,9.534649848937988,9.539660453796387,0
2026-07-31T11:00:00Z,9.539649963378906,9.562419891357422,9.539649963378906,9.562049865722656,0
2026-07-31T12:00:00Z,9.562049865722656,9.577320098876953,9.559009552001953,9.576399803161621,0
2026-07-31T13:00:00Z,9.57610034942627,9.598130226135254,9.55115032196045,9.595919609069824,0
2026-07-31T14:00:00Z,9.59673023223877,9.605420112609863,9.53715991973877,9.539190292358398,0
2026-07-31T15:00:00Z,9.540200233459473,9.547300338745117,9.524999618530273,9.526749610900879,0
2026-07-31T16:00:00Z,9.526800155639648,9.534819602966309,9.525110244750977,9.531000137329102,0
2026-07-31T17:00:00Z,9.531000137329102,9.534130096435547,9.510560035705566,9.517749786376953,0
2026-07-31T18:00:00Z,9.518340110778809,9.526300430297852,9.513010025024414,9.518509864807129,0
2026-07-31T19:00:00Z,9.518879890441895,9.522390365600586,9.511910438537598,9.519949913024902,0
2026-07-31T20:00:00Z,9.52040958404541,9.527179718017578,9.48466968536377,9.516679763793945,0
2026-07-31T21:00:00Z,9.509300231933594,9.509300231933594,9.509300231933594,9.509300231933594,0
2026-08-02T23:00:00Z,9.502220153808594,9.509340286254883,9.494850158691406,9.503680229187012,0
2026-08-03T00:00:00Z,9.504260063171387,9.509090423583984,9.472900390625,9.490850448608398,0
2026-08-03T01:00:00Z,9.490850448608398,9.5104398727417,9.486709594726562,9.505550384521484,0
2026-08-03T02:00:00Z,9.505550384521484,9.514630317687988,9.502269744873047,9.509679794311523,0
2026-08-03T03:00:00Z,9.51041030883789,9.51609992980957,9.50883960723877,9.51261043548584,0
2026-08-03T04:00:00Z,9.511850357055664,9.514909744262695,9.503609657287598,9.506250381469727,0
2026-08-03T05:00:00Z,9.506250381469727,9.510299682617188,9.49685001373291,9.49685001373291,0
2026-08-03T06:00:00Z,9.49685001373291,9.527290344238281,9.495840072631836,9.526350021362305,0
2026-08-03T07:00:00Z,9.526350021362305,9.54092025756836,9.520540237426758,9.53458023071289,0
2026-08-03T08:00:00Z,9.53458023071289,9.539019584655762,9.525970458984375,9.53300952911377,0
2026-08-03T09:00:00Z,9.532919883728027,9.539019584655762,9.524140357971191,9.53855037689209,0
2026-08-03T10:00:00Z,9.539019584655762,9.54500961303711,9.537890434265137,9.540349960327148,0
2026-08-03T11:00:00Z,9.540419578552246,9.5408296585083,9.523750305175781,9.523880004882812,0
2026-08-03T12:00:00Z,9.52394962310791,9.547019958496094,9.520549774169922,9.53754997253418,0
2026-08-03T13:00:00Z,9.537819862365723,9.546500205993652,9.533149719238281,9.534339904785156,0
2026-08-03T14:00:00Z,9.537130355834961,9.549830436706543,9.53240966796875,9.546429634094238,0
2026-08-03T15:00:00Z,9.54640007019043,9.56879997253418,9.546290397644043,9.551609992980957,0
2026-08-03T16:00:00Z,9.55148983001709,9.561030387878418,9.551250457763672,9.557519912719727,0
2026-08-03T17:00:00Z,9.55741024017334,9.577099800109863,9.556440353393555,9.574999809265137,0
2026-08-03T18:00:00Z,9.575010299682617,9.57505989074707,9.552720069885254,9.554710388183594,0
2026-08-03T19:00:00Z,9.553959846496582,9.561129570007324,9.553770065307617,9.560359954833984,0
2026-08-03T20:00:00Z,9.560620307922363,9.568220138549805,9.552459716796875,9.55381965637207,0
2026-08-03T21:00:00Z,9.550849914550781,9.550849914550781,9.550849914550781,9.550849914550781,0
2026-08-03T22:00:00Z,9.55659008026123,9.562999725341797,9.55618953704834,9.562199592590332,0
2026-08-03T23:00:00Z,9.562419891357422,9.569860458374023,9.559000015258789,9.566450119018555,0
2026-08-04T00:00:00Z,9.567660331726074,9.567660331726074,9.556050300598145,9.566120147705078,0
2026-08-04T01:00:00Z,9.56564998626709,9.570929527282715,9.554149627685547,9.557049751281738,0
2026-08-04T02:00:00Z,9.558099746704102,9.565360069274902,9.5558500289917,9.563349723815918,0
2026-08-04T03:00:00Z,9.563349723815918,9.564920425415039,9.552410125732422,9.561209678649902,0
2026-08-04T04:00:00Z,9.56155014038086,9.566610336303711,9.560609817504883,9.562430381774902,0
2026-08-04T05:00:00Z,9.561849594116211,9.571479797363281,9.559009552001953,9.561650276184082,0
2026-08-04T06:00:00Z,9.562370300292969,9.567959785461426,9.554349899291992,9.563150405883789,0
2026-08-04T07:00:00Z,9.563420295715332,9.564840316772461,9.544119834899902,9.558950424194336,0
2026-08-04T08:00:00Z,9.558639526367188,9.566909790039062,9.554750442504883,9.565449714660645,0
2026-08-04T09:00:00Z,9.565600395202637,9.573280334472656,9.558699607849121,9.563770294189453,0
2026-08-04T10:00:00Z,9.563850402832031,9.56486988067627,9.54347038269043,9.553099632263184,0
2026-08-04T11:00:00Z,9.553019523620605,9.556710243225098,9.536660194396973,9.542349815368652,0
2026-08-04T12:00:00Z,9.54224967956543,9.552900314331055,9.539429664611816,9.546560287475586,0
2026-08-04T13:00:00Z,9.546819686889648,9.550589561462402,9.524399757385254,9.5277099609375,0
2026-08-04T14:00:00Z,9.528300285339355,9.542570114135742,9.524189949035645,9.539290428161621,0
2026-08-04T15:00:00Z,9.539460182189941,9.54751968383789,9.52929973602295,9.530010223388672,0
2026-08-04T16:00:00Z,9.530050277709961,9.536700248718262,9.527810096740723,9.531920433044434,0
2026-08-04T17:00:00Z,9.531820297241211,9.532529830932617,9.522310256958008,9.527210235595703,0
2026-08-04T18:00:00Z,9.528209686279297,9.529580116271973,9.51791000366211,9.518349647521973,0
2026-08-04T19:00:00Z,9.518349647521973,9.523300170898438,9.51611042022705,9.522379875183105,0
2026-08-04T20:00:00Z,9.522419929504395,9.52280044555664,9.510459899902344,9.515060424804688,0
2026-08-04T21:00:00Z,9.515669822692871,9.515669822692871,9.515669822692871,9.515669822692871,0
2026-08-04T22:00:00Z,9.517510414123535,9.521780014038086,9.51140022277832,9.514619827270508,0
2026-08-04T23:00:00Z,9.513910293579102,9.517250061035156,9.509599685668945,9.514679908752441,0
2026-08-05T00:00:00Z,9.515850067138672,9.523509979248047,9.512510299682617,9.519769668579102,0
2026-08-05T01:00:00Z,9.518750190734863,9.526129722595215,9.518150329589844,9.521949768066406,0
2026-08-05T02:00:00Z,9.521949768066406,9.524459838867188,9.50724983215332,9.513250350952148,0
2026-08-05T03:00:00Z,9.513250350952148,9.514710426330566,9.502449989318848,9.506710052490234,0
2026-08-05T04:00:00Z,9.507120132446289,9.515999794006348,9.505450248718262,9.513349533081055,0
2026-08-05T05:00:00Z,9.513349533081055,9.518810272216797,9.506449699401855,9.507650375366211,0
2026-08-05T06:00:00Z,9.508199691772461,9.519319534301758,9.504110336303711,9.504980087280273,0
2026-08-05T07:00:00Z,9.505290031433105,9.523369789123535,9.503870010375977,9.520400047302246,0
2026-08-05T08:00:00Z,9.520509719848633,9.536540031433105,9.51902961730957,9.53499984741211,0
2026-08-05T09:00:00Z,9.535079956054688,9.536499977111816,9.51968002319336,9.521349906921387,0
2026-08-05T10:00:00Z,9.521140098571777,9.529540061950684,9.516949653625488,9.517550468444824,0
2026-08-05T11:00:00Z,9.517330169677734,9.517749786376953,9.489250183105469,9.490309715270996,0
2026-08-05T12:00:00Z,9.490360260009766,9.493109703063965,9.4693603515625,9.483650207519531,0
2026-08-05T13:00:00Z,9.483719825744629,9.488670349121094,9.472530364990234,9.4856595993042,0
2026-08-05T14:00:00Z,9.484789848327637,9.488320350646973,9.469710350036621,9.476360321044922,0
2026-08-05T15:00:00Z,9.476360321044922,9.498590469360352,9.470600128173828,9.497170448303223,0
2026-08-05T16:00:00Z,9.497710227966309,9.502420425415039,9.49215030670166,9.496649742126465,0
2026-08-05T17:00:00Z,9.496649742126465,9.499290466308594,9.480210304260254,9.480850219726562,0
2026-08-05T18:00:00Z,9.480950355529785,9.483630180358887,9.474510192871094,9.481749534606934,0
2026-08-05T19:00:00Z,9.481849670410156,9.489119529724121,9.480429649353027,9.488849639892578,0
2026-08-05T20:00:00Z,9.489060401916504,9.490070343017578,9.480810165405273,9.482540130615234,0
2026-08-05T21:00:00Z,9.48153018951416,9.48153018951416,9.48153018951416,9.48153018951416,0
2026-08-05T22:00:00Z,9.480990409851074,9.485179901123047,9.480389595031738,9.483699798583984,0
2026-08-05T23:00:00Z,9.482549667358398,9.48561954498291,9.4795503616333,9.48031997680664,0
2026-08-06T00:00:00Z,9.481369972229004,9.485520362854004,9.475669860839844,9.481209754943848,0
2026-08-06T01:00:00Z,9.481049537658691,9.486200332641602,9.479069709777832,9.482950210571289,0
2026-08-06T02:00:00Z,9.482950210571289,9.485230445861816,9.476519584655762,9.483880043029785,0
2026-08-06T03:00:00Z,9.483920097351074,9.492980003356934,9.483880043029785,9.490249633789062,0
2026-08-06T04:00:00Z,9.490249633789062,9.495059967041016,9.489450454711914,9.49155044555664,0
2026-08-06T05:00:00Z,9.49155044555664,9.498109817504883,9.484709739685059,9.487460136413574,0
2026-08-06T06:00:00Z,9.485509872436523,9.493619918823242,9.470549583435059,9.486550331115723,0
2026-08-06T07:00:00Z,9.48701000213623,9.487319946289062,9.466930389404297,9.475799560546875,0
2026-08-06T08:00:00Z,9.476019859313965,9.47821044921875,9.468449592590332,9.471929550170898,0
2026-08-06T09:00:00Z,9.471209526062012,9.477899551391602,9.467949867248535,9.473819732666016,0
2026-08-06T10:00:00Z,9.474149703979492,9.479280471801758,9.471010208129883,9.473050117492676,0
2026-08-06T11:00:00Z,9.473050117492676,9.476619720458984,9.464719772338867,9.465319633483887,0
2026-08-06T12:00:00Z,9.465319633483887,9.478070259094238,9.45950984954834,9.475709915161133,0
2026-08-06T13:00:00Z,9.475740432739258,9.488360404968262,9.473589897155762,9.477020263671875,0
2026-08-06T14:00:00Z,9.47665023803711,9.499119758605957,9.475099563598633,9.488800048828125,0
2026-08-06T15:00:00Z,9.488750457763672,9.516429901123047,9.487059593200684,9.515049934387207,0
2026-08-06T16:00:00Z,9.515810012817383,9.521010398864746,9.509209632873535,9.511580467224121,0
2026-08-06T17:00:00Z,9.511030197143555,9.514699935913086,9.504509925842285,9.505220413208008,0
2026-08-06T18:00:00Z,9.505020141601562,9.508199691772461,9.50220012664795,9.506110191345215,0
2026-08-06T19:00:00Z,9.506059646606445,9.514920234680176,9.503250122070312,9.509309768676758,0
2026-08-06T20:00:00Z,9.509309768676758,9.519659996032715,9.506380081176758,9.508099555969238,0
2026-08-06T21:00:00Z,9.507619857788086,9.511469841003418,9.504969596862793,9.506790161132812,0
2026-08-06T22:00:00Z,9.508560180664062,9.515190124511719,9.502129554748535,9.511870384216309,0
2026-08-06T23:00:00Z,9.51159954071045,9.515259742736816,9.507599830627441,9.511739730834961,0
2026-08-07T00:00:00Z,9.511739730834961,9.522049903869629,9.509590148925781,9.51965045928955,0
2026-08-07T01:00:00Z,9.519550323486328,9.520339965820312,9.51261043548584,9.518050193786621,0
2026-08-07T02:00:00Z,9.518280029296875,9.520429611206055,9.514180183410645,9.518449783325195,0
2026-08-07T03:00:00Z,9.518549919128418,9.520480155944824,9.51515007019043,9.517849922180176,0
2026-08-07T04:00:00Z,9.517749786376953,9.520059585571289,9.514900207519531,9.516850471496582,0
2026-08-07T05:00:00Z,9.51675033569336,9.520759582519531,9.509610176086426,9.51082992553711,0
2026-08-07T06:00:00Z,9.510370254516602,9.513199806213379,9.503899574279785,9.505339622497559,0
2026-08-07T07:00:00Z,9.505499839782715,9.511819839477539,9.497349739074707,9.499420166015625,0
2026-08-07T08:00:00Z,9.499150276184082,9.505200386047363,9.494250297546387,9.495349884033203,0
2026-08-07T09:00:00Z,9.495050430297852,9.496990203857422,9.482609748840332,9.48628044128418,0
2026-08-07T10:00:00Z,9.486149787902832,9.49940013885498,9.48604965209961,9.496720314025879,0
2026-08-07T11:00:00Z,9.496350288391113,9.500120162963867,9.487850189208984,9.488249778747559,0
2026-08-07T12:00:00Z,9.488249778747559,9.49845027923584,9.43612003326416,9.450480461120605,0
2026-08-07T13:00:00Z,9.450130462646484,9.476019859313965,9.44911003112793,9.473719596862793,0
2026-08-07T14:00:00Z,9.473699569702148,9.481220245361328,9.463789939880371,9.477370262145996,0
2026-08-07T15:00:00Z,9.477800369262695,9.482379913330078,9.466950416564941,9.47484016418457,0
2026-08-07T16:00:00Z,9.47484016418457,9.479100227355957,9.465909957885742,9.47854995727539,0
2026-08-07T17:00:00Z,9.47854995727539,9.479869842529297,9.468500137329102,9.472209930419922,0
2026-08-07T18:00:00Z,9.472330093383789,9.475379943847656,9.466509819030762,9.467909812927246,0
2026-08-07T19:00:00Z,9.4677095413208,9.475390434265137,9.458390235900879,9.473679542541504,0
2026-08-07T20:00:00Z,9.474200248718262,9.48097038269043,9.467849731445312,9.475520133972168,0
2026-08-09T23:00:00Z,9.475370407104492,9.484609603881836,9.467679977416992,9.483559608459473,0
2026-08-10T00:00:00Z,9.484450340270996,9.49071979522705,9.47821044921875,9.486169815063477,0
2026-08-10T01:00:00Z,9.485349655151367,9.493980407714844,9.483309745788574,9.487350463867188,0
2026-08-10T02:00:00Z,9.488289833068848,9.494029998779297,9.4864501953125,9.492810249328613,0
2026-08-10T03:00:00Z,9.4931001663208,9.497710227966309,9.49174976348877,9.494119644165039,0
2026-08-10T04:00:00Z,9.493249893188477,9.497170448303223,9.49215030670166,9.493149757385254,0
2026-08-10T05:00:00Z,9.493149757385254,9.496109962463379,9.482359886169434,9.482359886169434,0
2026-08-10T06:00:00Z,9.482589721679688,9.488200187683105,9.476590156555176,9.481550216674805,0
2026-08-10T07:00:00Z,9.481439590454102,9.48386001586914,9.461509704589844,9.470250129699707,0
2026-08-10T08:00:00Z,9.470219612121582,9.483909606933594,9.469030380249023,9.479499816894531,0
2026-08-10T09:00:00Z,9.479519844055176,9.481439590454102,9.471400260925293,9.48132038116455,0
2026-08-10T10:00:00Z,9.480950355529785,9.484560012817383,9.473549842834473,9.48134994506836,0
2026-08-10T11:00:00Z,9.48134994506836,9.49390983581543,9.480560302734375,9.48250961303711,0
2026-08-10T12:00:00Z,9.482930183410645,9.506119728088379,9.48235034942627,9.501709938049316,0
2026-08-10T13:00:00Z,9.501779556274414,9.515560150146484,9.492400169372559,9.509719848632812,0
2026-08-10T14:00:00Z,9.509499549865723,9.509960174560547,9.482999801635742,9.488309860229492,0
2026-08-10T15:00:00Z,9.488619804382324,9.493980407714844,9.483110427856445,9.48429012298584,0
2026-08-10T16:00:00Z,9.48429012298584,9.5001802444458,9.483449935913086,9.494150161743164,0
2026-08-10T17:00:00Z,9.494110107421875,9.50253963470459,9.493510246276855,9.501649856567383,0
2026-08-10T18:00:00Z,9.501649856567383,9.502519607543945,9.495109558105469,9.500650405883789,0
2026-08-10T19:00:00Z,9.500269889831543,9.502300262451172,9.495909690856934,9.49740982055664,0
2026-08-10T20:00:00Z,9.497759819030762,9.498459815979004,9.481010437011719,9.489100456237793,0
2026-08-10T21:00:00Z,9.489100456237793,9.502019882202148,9.471199989318848,9.480400085449219,0
2026-08-10T22:00:00Z,9.480400085449219,9.497039794921875,9.478119850158691,9.493889808654785,0
2026-08-10T23:00:00Z,9.492259979248047,9.495369911193848,9.48600959777832,9.487250328063965,0
2026-08-11T00:00:00Z,9.487730026245117,9.490300178527832,9.4798002243042,9.48563003540039,0
2026-08-11T01:00:00Z,9.48684024810791,9.490449905395508,9.478650093078613,9.485349655151367,0
2026-08-11T02:00:00Z,9.485349655151367,9.494850158691406,9.484609603881836,9.491829872131348,0
2026-08-11T03:00:00Z,9.491700172424316,9.493539810180664,9.48484992980957,9.489450454711914,0
2026-08-11T04:00:00Z,9.489450454711914,9.494449615478516,9.484649658203125,9.488849639892578,0
2026-08-11T05:00:00Z,9.488849639892578,9.494389533996582,9.488750457763672,9.489709854125977,0
2026-08-11T06:00:00Z,9.489649772644043,9.508219718933105,9.487950325012207,9.501839637756348,0
2026-08-11T07:00:00Z,9.501520156860352,9.51338005065918,9.494549751281738,9.511839866638184,0
2026-08-11T08:00:00Z,9.51179027557373,9.515299797058105,9.504190444946289,9.508489608764648,0
2026-08-11T09:00:00Z,9.50864028930664,9.511300086975098,9.504449844360352,9.506349563598633,0
2026-08-11T10:00:00Z,9.506150245666504,9.51138973236084,9.502209663391113,9.509819984436035,0
2026-08-11T11:00:00Z,9.510129928588867,9.512499809265137,9.496139526367188,9.506580352783203,0
2026-08-11T12:00:00Z,9.506380081176758,9.512689590454102,9.495909690856934,9.499850273132324,0
2026-08-11T13:00:00Z,9.500149726867676,9.502619743347168,9.490730285644531,9.496769905090332,0
2026-08-11T14:00:00Z,9.493800163269043,9.51278018951416,9.493300437927246,9.510869979858398,0
2026-08-11T15:00:00Z,9.510700225830078,9.52180004119873,9.50724983215332,9.516079902648926,0
2026-08-11T16:00:00Z,9.51572036743164,9.518400192260742,9.512809753417969,9.517230033874512,0
2026-08-11T17:00:00Z,9.517239570617676,9.526559829711914,9.514309883117676,9.521400451660156,0
2026-08-11T18:00:00Z,9.521289825439453,9.529500007629395,9.520899772644043,9.52400016784668,0
2026-08-11T19:00:00Z,9.523650169372559,9.524319648742676,9.517609596252441,9.518610000610352,0
2026-08-11T20:00:00Z,9.518610000610352,9.522109985351562,9.510210037231445,9.517330169677734,0
2026-08-11T21:00:00Z,9.515219688415527,9.520310401916504,9.498270034790039,9.510700225830078,0
2026-08-11T22:00:00Z,9.516819953918457,9.521849632263184,9.496199607849121,9.516189575195312,0
2026-08-11T23:00:00Z,9.516400337219238,9.520170211791992,9.514069557189941,9.5177001953125,0
2026-08-12T00:00:00Z,9.51786994934082,9.524809837341309,9.516770362854004,9.5216703414917,0
2026-08-12T01:00:00Z,9.5216703414917,9.527299880981445,9.521180152893066,9.525890350341797,0
2026-08-12T02:00:00Z,9.525919914245605,9.532010078430176,9.52550983428955,9.525750160217285,0
2026-08-12T03:00:00Z,9.525750160217285,9.533599853515625,9.525750160217285,9.532659530639648,0
2026-08-12T04:00:00Z,9.532039642333984,9.53557014465332,9.530110359191895,9.531209945678711,0
2026-08-12T05:00:00Z,9.531209945678711,9.536100387573242,9.526949882507324,9.528949737548828,0
2026-08-12T06:00:00Z,9.527250289916992,9.53052043914795,9.525609970092773,9.52595043182373,0
2026-08-12T07:00:00Z,9.52612018585205,9.53905963897705,9.524250030517578,9.535039901733398,0
2026-08-12T08:00:00Z,9.535900115966797,9.543669700622559,9.533550262451172,9.536870002746582,0
2026-08-12T09:00:00Z,9.537249565124512,9.542200088500977,9.50391960144043,9.53717041015625,0
2026-08-12T10:00:00Z,9.537050247192383,9.540980339050293,9.529060363769531,9.535490036010742,0
2026-08-12T11:00:00Z,9.535599708557129,9.536999702453613,9.521989822387695,9.523500442504883,0
2026-08-12T12:00:00Z,9.523500442504883,9.539299964904785,9.486709594726562,9.502750396728516,0
2026-08-12T13:00:00Z,9.502820014953613,9.524259567260742,9.497650146484375,9.517660140991211,0
2026-08-12T14:00:00Z,9.517609596252441,9.542220115661621,9.513910293579102,9.538350105285645,0
2026-08-12T15:00:00Z,9.538200378417969,9.55642032623291,9.536049842834473,9.553400039672852,0
2026-08-12T16:00:00Z,9.552789688110352,9.574919700622559,9.550350189208984,9.570710182189941,0
2026-08-12T17:00:00Z,9.570710182189941,9.586600303649902,9.5656099319458,9.584609985351562,0
2026-08-12T18:00:00Z,9.584420204162598,9.58821964263916,9.577210426330566,9.584810256958008,0
2026-08-12T19:00:00Z,9.584810256958008,9.591899871826172,9.581339836120605,9.587849617004395,0
2026-08-12T20:00:00Z,9.587849617004395,9.590510368347168,9.559800148010254,9.572640419006348,0
2026-08-12T21:00:00Z,9.568519592285156,9.584059715270996,9.553899765014648,9.57588005065918,0
2026-08-12T22:00:00Z,9.57588005065918,9.586039543151855,9.571590423583984,9.582650184631348,0
2026-08-12T23:00:00Z,9.583149909973145,9.58530044555664,9.5733003616333,9.57903003692627,0
2026-08-13T00:00:00Z,9.57761001586914,9.578920364379883,9.572549819946289,9.573610305786133,0
2026-08-13T01:00:00Z,9.57427978515625,9.58154010772705,9.569950103759766,9.579050064086914,0
2026-08-13T02:00:00Z,9.579050064086914,9.587120056152344,9.577850341796875,9.581350326538086,0
2026-08-13T03:00:00Z,9.581350326538086,9.588139533996582,9.578849792480469,9.586709976196289,0
2026-08-13T04:00:00Z,9.586709976196289,9.592300415039062,9.582449913024902,9.583649635314941,0
2026-08-13T05:00:00Z,9.583649635314941,9.586150169372559,9.577910423278809,9.579620361328125,0
2026-08-13T06:00:00Z,9.579660415649414,9.598950386047363,9.575750350952148,9.58218002319336,0
2026-08-13T07:00:00Z,9.582229614257812,9.583809852600098,9.56029987335205,9.566559791564941,0
2026-08-13T08:00:00Z,9.567850112915039,9.572919845581055,9.553290367126465,9.563850402832031,0
2026-08-13T09:00:00Z,9.56425952911377,9.568829536437988,9.553750038146973,9.554550170898438,0
2026-08-13T10:00:00Z,9.554349899291992,9.56017017364502,9.552450180053711,9.558329582214355,0
2026-08-13T11:00:00Z,9.558150291442871,9.563759803771973,9.55465030670166,9.562150001525879,0
2026-08-13T12:00:00Z,9.562150001525879,9.571029663085938,9.538089752197266,9.538869857788086,0
2026-08-13T13:00:00Z,9.538849830627441,9.562769889831543,9.532389640808105,9.556150436401367,0
2026-08-13T14:00:00Z,9.556249618530273,9.556249618530273,9.539310455322266,9.548850059509277,0
2026-08-13T15:00:00Z,9.548500061035156,9.569230079650879,9.547820091247559,9.56814956665039,0
2026-08-13T16:00:00Z,9.568099975585938,9.57433032989502,9.563810348510742,9.567070007324219,0
2026-08-13T17:00:00Z,9.567079544067383,9.572159767150879,9.563509941101074,9.56842041015625,0
2026-08-13T18:00:00Z,9.56842041015625,9.570610046386719,9.562310218811035,9.566749572753906,0
2026-08-13T19:00:00Z,9.566749572753906,9.569259643554688,9.56270980834961,9.565719604492188,0
2026-08-13T20:00:00Z,9.565449714660645,9.5693998336792,9.560480117797852,9.563850402832031,0
2026-08-13T21:00:00Z,9.556719779968262,9.560890197753906,9.537779808044434,9.551969528198242,0
2026-08-13T22:00:00Z,9.553319931030273,9.56564998626709,9.541899681091309,9.563070297241211,0
2026-08-13T23:00:00Z,9.560839653015137,9.563150405883789,9.552909851074219,9.558460235595703,0
2026-08-14T00:00:00Z,9.558389663696289,9.560159683227539,9.55331039428711,9.554530143737793,0
2026-08-14T01:00:00Z,9.553910255432129,9.564359664916992,9.553709983825684,9.561750411987305,0
2026-08-14T02:00:00Z,9.562080383300781,9.562729835510254,9.555150032043457,9.560319900512695,0
2026-08-14T03:00:00Z,9.559410095214844,9.561880111694336,9.553009986877441,9.556050300598145,0
2026-08-14T04:00:00Z,9.55636978149414,9.557809829711914,9.55066967010498,9.553279876708984,0
2026-08-14T05:00:00Z,9.553279876708984,9.554659843444824,9.545550346374512,9.545610427856445,0
2026-08-14T06:00:00Z,9.545550346374512,9.553400039672852,9.542949676513672,9.543060302734375,0
2026-08-14T07:00:00Z,9.543149948120117,9.54580020904541,9.532679557800293,9.534449577331543,0
2026-08-14T08:00:00Z,9.534250259399414,9.542699813842773,9.529009819030762,9.531999588012695,0
2026-08-14T09:00:00Z,9.53225040435791,9.53518009185791,9.522069931030273,9.531049728393555,0
2026-08-14T10:00:00Z,9.531180381774902,9.536919593811035,9.52750015258789,9.532349586486816,0
2026-08-14T11:00:00Z,9.532349586486816,9.534330368041992,9.506400108337402,9.512049674987793,0
2026-08-14T12:00:00Z,9.512419700622559,9.518059730529785,9.484720230102539,9.514479637145996,0
2026-08-14T13:00:00Z,9.513790130615234,9.527700424194336,9.496199607849121,9.503190040588379,0
2026-08-14T14:00:00Z,9.503210067749023,9.511919975280762,9.494999885559082,9.503959655761719,0
2026-08-14T15:00:00Z,9.503950119018555,9.512999534606934,9.497309684753418,9.511899948120117,0
2026-08-14T16:00:00Z,9.51121997833252,9.522520065307617,9.509110450744629,9.521360397338867,0
2026-08-14T17:00:00Z,9.521510124206543,9.531020164489746,9.520609855651855,9.525859832763672,0
2026-08-14T18:00:00Z,9.525859832763672,9.528900146484375,9.521909713745117,9.523289680480957,0
2026-08-14T19:00:00Z,9.523309707641602,9.524809837341309,9.51671028137207,9.518340110778809,0
2026-08-14T20:00:00Z,9.518340110778809,9.524740219116211,9.508150100708008,9.519949913024902,0
2026-08-14T21:00:00Z,9.51609992980957,9.51609992980957,9.51609992980957,9.51609992980957,0
2026-08-16T23:00:00Z,9.516949653625488,9.518380165100098,9.51060962677002,9.515649795532227,0
2026-08-17T00:00:00Z,9.516260147094727,9.517620086669922,9.5066499710083,9.507060050964355,0
2026-08-17T01:00:00Z,9.50691032409668,9.512720108032227,9.50374984741211,9.504110336303711,0
2026-08-17T02:00:00Z,9.50391960144043,9.511159896850586,9.502209663391113,9.509770393371582,0
2026-08-17T03:00:00Z,9.509770393371582,9.512109756469727,9.504050254821777,9.504249572753906,0
2026-08-17T04:00:00Z,9.504249572753906,9.50629997253418,9.49901008605957,9.500349998474121,0
2026-08-17T05:00:00Z,9.500349998474121,9.504400253295898,9.495349884033203,9.495739936828613,0
2026-08-17T06:00:00Z,9.495789527893066,9.504719734191895,9.487150192260742,9.489310264587402,0
2026-08-17T07:00:00Z,9.489310264587402,9.494219779968262,9.477700233459473,9.492199897766113,0
2026-08-17T08:00:00Z,9.491950035095215,9.495420455932617,9.475410461425781,9.488160133361816,0
2026-08-17T09:00:00Z,9.48805046081543,9.49254035949707,9.480090141296387,9.48384952545166,0
2026-08-17T10:00:00Z,9.48384952545166,9.493619918823242,9.476300239562988,9.492939949035645,0
2026-08-17T11:00:00Z,9.492850303649902,9.495220184326172,9.48550033569336,9.48865032196045,0
2026-08-17T12:00:00Z,9.488920211791992,9.497400283813477,9.481539726257324,9.481949806213379,0
2026-08-17T13:00:00Z,9.481710433959961,9.496319770812988,9.4762601852417,9.483530044555664,0
2026-08-17T14:00:00Z,9.483180046081543,9.496919631958008,9.47700023651123,9.493590354919434,0
2026-08-17T15:00:00Z,9.493550300598145,9.50100040435791,9.489179611206055,9.491780281066895,0
2026-08-17T16:00:00Z,9.491250038146973,9.497480392456055,9.490300178527832,9.494930267333984,0
2026-08-17T17:00:00Z,9.495389938354492,9.514120101928711,9.494409561157227,9.51321029663086,0
2026-08-17T18:00:00Z,9.513150215148926,9.522899627685547,9.512100219726562,9.518309593200684,0
2026-08-17T19:00:00Z,9.518150329589844,9.522700309753418,9.507909774780273,9.512419700622559,0
2026-08-17T20:00:00Z,9.512470245361328,9.51675033569336,9.507570266723633,9.507570266723633,0
2026-08-17T21:00:00Z,9.510939598083496,9.516200065612793,9.507189750671387,9.507619857788086,0
2026-08-17T22:00:00Z,9.511030197143555,9.519049644470215,9.509119987487793,9.510990142822266,0
2026-08-17T23:00:00Z,9.511460304260254,9.514289855957031,9.505559921264648,9.5064697265625,0
2026-08-18T00:00:00Z,9.508179664611816,9.516329765319824,9.503829956054688,9.509110450744629,0
2026-08-18T01:00:00Z,9.508040428161621,9.515979766845703,9.504240036010742,9.514069557189941,0
2026-08-18T02:00:00Z,9.51416015625,9.52025032043457,9.511449813842773,9.512519836425781,0
2026-08-18T03:00:00Z,9.51183032989502,9.52140998840332,9.511659622192383,9.519800186157227,0
2026-08-18T04:00:00Z,9.518950462341309,9.524499893188477,9.517049789428711,9.52085018157959,0
2026-08-18T05:00:00Z,9.52085018157959,9.526869773864746,9.518549919128418,9.52101993560791,0
2026-08-18T06:00:00Z,9.520279884338379,9.53052043914795,9.516850471496582,9.517040252685547,0
2026-08-18T07:00:00Z,9.516850471496582,9.527449607849121,9.51360034942627,9.526809692382812,0
2026-08-18T08:00:00Z,9.526809692382812,9.533510208129883,9.524459838867188,9.526479721069336,0
2026-08-18T09:00:00Z,9.525420188903809,9.5306396484375,9.516280174255371,9.51924991607666,0
2026-08-18T10:00:00Z,9.51924991607666,9.52910041809082,9.516389846801758,9.527409553527832,0
2026-08-18T11:00:00Z,9.527409553527832,9.532349586486816,9.525879859924316,9.526100158691406,0
2026-08-18T12:00:00Z,9.526260375976562,9.531299591064453,9.51710033416748,9.519309997558594,0
2026-08-18T13:00:00Z,9.519729614257812,9.531410217285156,9.509209632873535,9.52040958404541,0
2026-08-18T14:00:00Z,9.521039962768555,9.530900001525879,9.515600204467773,9.529359817504883,0
2026-08-18T15:00:00Z,9.529179573059082,9.534979820251465,9.519309997558594,9.531189918518066,0
2026-08-18T16:00:00Z,9.531189918518066,9.535920143127441,9.525520324707031,9.535309791564941,0
2026-08-18T17:00:00Z,9.535019874572754,9.540679931640625,9.534709930419922,9.538339614868164,0
2026-08-18T18:00:00Z,9.538339614868164,9.541799545288086,9.534919738769531,9.538430213928223,0
2026-08-18T19:00:00Z,9.538430213928223,9.54069995880127,9.531120300292969,9.537579536437988,0
2026-08-18T20:00:00Z,9.537610054016113,9.540229797363281,9.527560234069824,9.528149604797363,0
2026-08-18T21:00:00Z,9.526300430297852,9.533300399780273,9.526229858398438,9.52931022644043,0
2026-08-18T22:00:00Z,9.530679702758789,9.537569999694824,9.52698040008545,9.533699989318848,0
2026-08-18T23:00:00Z,9.532299995422363,9.538920402526855,9.530599594116211,9.534549713134766,0
2026-08-19T00:00:00Z,9.534420013427734,9.54071044921875,9.527009963989258,9.538960456848145,0
2026-08-19T01:00:00Z,9.539190292358398,9.544870376586914,9.532299995422363,9.532910346984863,0
2026-08-19T02:00:00Z,9.532910346984863,9.534879684448242,9.521860122680664,9.527199745178223,0
2026-08-19T03:00:00Z,9.527689933776855,9.534799575805664,9.524700164794922,9.534199714660645,0
2026-08-19T04:00:00Z,9.533729553222656,9.536009788513184,9.527910232543945,9.529450416564941,0
2026-08-19T05:00:00Z,9.529450416564941,9.533120155334473,9.525300025939941,9.52748966217041,0
2026-08-19T06:00:00Z,9.527520179748535,9.529020309448242,9.514880180358887,9.519379615783691,0
2026-08-19T07:00:00Z,9.51924991607666,9.529520034790039,9.51653003692627,9.522910118103027,0
2026-08-19T08:00:00Z,9.523119926452637,9.525529861450195,9.51200008392334,9.515569686889648,0
2026-08-19T09:00:00Z,9.514479637145996,9.51609992980957,9.504590034484863,9.505849838256836,0
2026-08-19T10:00:00Z,9.505849838256836,9.510700225830078,9.501299858093262,9.509909629821777,0
2026-08-19T11:00:00Z,9.51002025604248,9.519109725952148,9.506409645080566,9.515419960021973,0
2026-08-19T12:00:00Z,9.51576042175293,9.517020225524902,9.468799591064453,9.480030059814453,0
2026-08-19T13:00:00Z,9.480330467224121,9.480460166931152,9.441370010375977,9.447099685668945,0
2026-08-19T14:00:00Z,9.446599960327148,9.453129768371582,9.42870044708252,9.449009895324707,0
2026-08-19T15:00:00Z,9.44890022277832,9.456819534301758,9.4406099319458,9.446709632873535,0
2026-08-19T16:00:00Z,9.44651985168457,9.446920394897461,9.434410095214844,9.441490173339844,0
2026-08-19T17:00:00Z,9.441189765930176,9.45403003692627,9.436010360717773,9.452910423278809,0
2026-08-19T18:00:00Z,9.453410148620605,9.453800201416016,9.434309959411621,9.437250137329102,0
2026-08-19T19:00:00Z,9.437250137329102,9.442700386047363,9.433300018310547,9.436229705810547,0
2026-08-19T20:00:00Z,9.43651008605957,9.43970012664795,9.431710243225098,9.435009956359863,0
2026-08-19T21:00:00Z,9.43362045288086,9.43362045288086,9.42588996887207,9.43080997467041,0
2026-08-19T22:00:00Z,9.43082046508789,9.436949729919434,9.426870346069336,9.434200286865234,0
2026-08-19T23:00:00Z,9.434820175170898,9.441749572753906,9.430939674377441,9.440549850463867,0
2026-08-20T00:00:00Z,9.441189765930176,9.444419860839844,9.43278980255127,9.44260025024414,0
2026-08-20T01:00:00Z,9.44225025177002,9.448780059814453,9.43181037902832,9.438300132751465,0
2026-08-20T02:00:00Z,9.438460350036621,9.442469596862793,9.42549991607666,9.439949989318848,0
2026-08-20T03:00:00Z,9.439949989318848,9.440699577331543,9.432310104370117,9.434499740600586,0
2026-08-20T04:00:00Z,9.433850288391113,9.442330360412598,9.43080997467041,9.440309524536133,0
2026-08-20T05:00:00Z,9.440400123596191,9.443519592285156,9.433609962463379,9.435110092163086,0
2026-08-20T06:00:00Z,9.434849739074707,9.438699722290039,9.417510032653809,9.420519828796387,0
2026-08-20T07:00:00Z,9.420680046081543,9.451990127563477,9.41819953918457,9.43910026550293,0
2026-08-20T08:00:00Z,9.438949584960938,9.459549903869629,9.438899993896484,9.446499824523926,0
2026-08-20T09:00:00Z,9.446499824523926,9.455730438232422,9.435099601745605,9.447150230407715,0
2026-08-20T10:00:00Z,9.447620391845703,9.474989891052246,9.440899848937988,9.469809532165527,0
2026-08-20T11:00:00Z,9.469980239868164,9.48762035369873,9.463299751281738,9.483969688415527,0
2026-08-20T12:00:00Z,9.483499526977539,9.494119644165039,9.469719886779785,9.473270416259766,0
2026-08-20T13:00:00Z,9.473409652709961,9.48740005493164,9.465229988098145,9.484809875488281,0
2026-08-20T14:00:00Z,9.485360145568848,9.490920066833496,9.476499557495117,9.485219955444336,0
2026-08-20T15:00:00Z,9.485099792480469,9.495710372924805,9.465100288391113,9.487739562988281,0
2026-08-20T16:00:00Z,9.487739562988281,9.49802017211914,9.485639572143555,9.492300033569336,0
2026-08-20T17:00:00Z,9.492300033569336,9.497920036315918,9.489500045776367,9.491000175476074,0
2026-08-20T18:00:00Z,9.491000175476074,9.497220039367676,9.48859977722168,9.489819526672363,0
2026-08-20T19:00:00Z,9.489740371704102,9.492910385131836,9.482549667358398,9.486029624938965,0
2026-08-20T20:00:00Z,9.485300064086914,9.48882007598877,9.47815990447998,9.483530044555664,0
2026-08-20T21:00:00Z,9.474320411682129,9.474419593811035,9.474320411682129,9.474419593811035,0
2026-08-20T22:00:00Z,9.476519584655762,9.481380462646484,9.474570274353027,9.479990005493164,0
2026-08-20T23:00:00Z,9.479450225830078,9.481789588928223,9.474309921264648,9.47488021850586,0
2026-08-21T00:00:00Z,9.474820137023926,9.48034954071045,9.470410346984863,9.479310035705566,0
2026-08-21T01:00:00Z,9.479410171508789,9.480500221252441,9.465800285339355,9.469019889831543,0
2026-08-21T02:00:00Z,9.468449592590332,9.471570014953613,9.455209732055664,9.464449882507324,0
2026-08-21T03:00:00Z,9.464449882507324,9.470629692077637,9.461609840393066,9.465149879455566,0
2026-08-21T04:00:00Z,9.465149879455566,9.469050407409668,9.462610244750977,9.464449882507324,0
2026-08-21T05:00:00Z,9.465069770812988,9.469670295715332,9.454010009765625,9.45592975616455,0
2026-08-21T06:00:00Z,9.456330299377441,9.465929985046387,9.453630447387695,9.45853042602539,0
2026-08-21T07:00:00Z,9.458399772644043,9.474530220031738,9.454500198364258,9.47035026550293,0
2026-08-21T08:00:00Z,9.469650268554688,9.475910186767578,9.456709861755371,9.459480285644531,0
2026-08-21T09:00:00Z,9.45946979522705,9.464690208435059,9.453100204467773,9.464189529418945,0
2026-08-21T10:00:00Z,9.464489936828613,9.46679973602295,9.455900192260742,9.463800430297852,0
2026-08-21T11:00:00Z,9.463769912719727,9.465020179748535,9.446410179138184,9.45753002166748,0
2026-08-21T12:00:00Z,9.457460403442383,9.4689302444458,9.448909759521484,9.45580005645752,0
2026-08-21T13:00:00Z,9.455820083618164,9.469550132751465,9.450699806213379,9.456520080566406,0
2026-08-21T14:00:00Z,9.456009864807129,9.47566032409668,9.454400062561035,9.467249870300293,0
2026-08-21T15:00:00Z,9.467399597167969,9.472009658813477,9.460410118103027,9.463459968566895,0
2026-08-21T16:00:00Z,9.463199615478516,9.468669891357422,9.447110176086426,9.462909698486328,0
2026-08-21T17:00:00Z,9.463589668273926,9.470000267028809,9.461910247802734,9.46420955657959,0
2026-08-21T18:00:00Z,9.464150428771973,9.464889526367188,9.459409713745117,9.461810111999512,0
2026-08-21T19:00:00Z,9.461810111999512,9.47070026397705,9.46010971069336,9.470250129699707,0
2026-08-21T20:00:00Z,9.470109939575195,9.474140167236328,9.464380264282227,9.470800399780273,0
2026-08-21T21:00:00Z,9.462200164794922,9.462200164794922,9.462200164794922,9.462200164794922,0
2026-08-23T23:00:00Z,9.47642993927002,9.478219985961914,9.466910362243652,9.467009544372559,0
2026-08-24T00:00:00Z,9.467490196228027,9.470279693603516,9.460909843444824,9.462550163269043,0
2026-08-24T01:00:00Z,9.463669776916504,9.47716999053955,9.4618501663208,9.470009803771973,0
2026-08-24T02:00:00Z,9.470009803771973,9.473420143127441,9.464309692382812,9.468059539794922,0
2026-08-24T03:00:00Z,9.468890190124512,9.475130081176758,9.468009948730469,9.472350120544434,0
2026-08-24T04:00:00Z,9.472900390625,9.477359771728516,9.468549728393555,9.468609809875488,0
2026-08-24T05:00:00Z,9.468549728393555,9.477649688720703,9.467209815979004,9.470890045166016,0
2026-08-24T06:00:00Z,9.469949722290039,9.478919982910156,9.466090202331543,9.473429679870605,0
2026-08-24T07:00:00Z,9.473219871520996,9.48721981048584,9.466959953308105,9.482150077819824,0
2026-08-24T08:00:00Z,9.482099533081055,9.491479873657227,9.477510452270508,9.482950210571289,0
2026-08-24T09:00:00Z,9.482500076293945,9.492019653320312,9.480119705200195,9.488730430603027,0
2026-08-24T10:00:00Z,9.4889497756958,9.50076961517334,9.486749649047852,9.499099731445312,0
2026-08-24T11:00:00Z,9.499039649963379,9.50841999053955,9.488409996032715,9.496390342712402,0
2026-08-24T12:00:00Z,9.49612045288086,9.504059791564941,9.484310150146484,9.492870330810547,0
2026-08-24T13:00:00Z,9.492420196533203,9.49551010131836,9.484210014343262,9.494709968566895,0
2026-08-24T14:00:00Z,9.494850158691406,9.500570297241211,9.48904037475586,9.498299598693848,0
2026-08-24T15:00:00Z,9.498350143432617,9.499640464782715,9.485400199890137,9.494609832763672,0
2026-08-24T16:00:00Z,9.496419906616211,9.499079704284668,9.473409652709961,9.494379997253418,0
2026-08-24T17:00:00Z,9.4939603805542,9.506010055541992,9.489709854125977,9.500320434570312,0
2026-08-24T18:00:00Z,9.50022029876709,9.502809524536133,9.492509841918945,9.495380401611328,0
2026-08-24T19:00:00Z,9.495699882507324,9.500659942626953,9.494110107421875,9.4970703125,0
2026-08-24T20:00:00Z,9.497830390930176,9.49921989440918,9.48904037475586,9.49213981628418,0
2026-08-24T21:00:00Z,9.49213981628418,9.49213981628418,9.474590301513672,9.481829643249512,0
2026-08-24T22:00:00Z,9.481829643249512,9.49487018585205,9.480600357055664,9.494039535522461,0
2026-08-24T23:00:00Z,9.493809700012207,9.496620178222656,9.490209579467773,9.490710258483887,0
2026-08-25T00:00:00Z,9.490710258483887,9.493430137634277,9.485710144042969,9.49114990234375,0
2026-08-25T01:00:00Z,9.491419792175293,9.498530387878418,9.489410400390625,9.496450424194336,0
2026-08-25T02:00:00Z,9.496450424194336,9.503339767456055,9.493709564208984,9.500909805297852,0
2026-08-25T03:00:00Z,9.501440048217773,9.501790046691895,9.496210098266602,9.498350143432617,0
2026-08-25T04:00:00Z,9.498769760131836,9.505069732666016,9.49806022644043,9.503350257873535,0
2026-08-25T05:00:00Z,9.504119873046875,9.505069732666016,9.498909950256348,9.501150131225586,0
2026-08-25T06:00:00Z,9.502010345458984,9.51926040649414,9.498470306396484,9.517339706420898,0
2026-08-25T07:00:00Z,9.517660140991211,9.519920349121094,9.508399963378906,9.517120361328125,0
2026-08-25T08:00:00Z,9.51786994934082,9.522720336914062,9.50609016418457,9.506219863891602,0
2026-08-25T09:00:00Z,9.506529808044434,9.508319854736328,9.48270034790039,9.488120079040527,0
2026-08-25T10:00:00Z,9.488260269165039,9.498600006103516,9.484700202941895,9.490920066833496,0
2026-08-25T11:00:00Z,9.490920066833496,9.498769760131836,9.481209754943848,9.493300437927246,0
2026-08-25T12:00:00Z,9.493289947509766,9.493300437927246,9.478509902954102,9.478790283203125,0
2026-08-25T13:00:00Z,9.478790283203125,9.480819702148438,9.458880424499512,9.467129707336426,0
2026-08-25T14:00:00Z,9.467470169067383,9.47620964050293,9.46129035949707,9.46969985961914,0
2026-08-25T15:00:00Z,9.47012996673584,9.473620414733887,9.460309982299805,9.467499732971191,0
2026-08-25T16:00:00Z,9.46741008758545,9.476619720458984,9.465410232543945,9.472020149230957,0
2026-08-25T17:00:00Z,9.472330093383789,9.475460052490234,9.466830253601074,9.467840194702148,0
2026-08-25T18:00:00Z,9.467840194702148,9.470330238342285,9.463210105895996,9.46481990814209,0
2026-08-25T19:00:00Z,9.465189933776855,9.467510223388672,9.451589584350586,9.45324993133545,0
2026-08-25T20:00:00Z,9.453319549560547,9.456450462341309,9.441360473632812,9.449210166931152,0
2026-08-25T21:00:00Z,9.445469856262207,9.452850341796875,9.434300422668457,9.445599555969238,0
2026-08-25T22:00:00Z,9.445599555969238,9.454429626464844,9.432000160217285,9.44987964630127,0
2026-08-25T23:00:00Z,9.450079917907715,9.455289840698242,9.44480037689209,9.452619552612305,0
2026-08-26T00:00:00Z,9.452619552612305,9.456890106201172,9.448209762573242,9.455710411071777,0
2026-08-26T01:00:00Z,9.45656967163086,9.461970329284668,9.454110145568848,9.457850456237793,0
2026-08-26T02:00:00Z,9.458889961242676,9.459309577941895,9.453109741210938,9.457220077514648,0
2026-08-26T03:00:00Z,9.45753002166748,9.463410377502441,9.456299781799316,9.462249755859375,0
2026-08-26T04:00:00Z,9.462249755859375,9.467550277709961,9.460309982299805,9.466230392456055,0
2026-08-26T05:00:00Z,9.46541976928711,9.468330383300781,9.457710266113281,9.460800170898438,0
2026-08-26T06:00:00Z,9.461970329284668,9.476059913635254,9.459099769592285,9.47542953491211,0
2026-08-26T07:00:00Z,9.475310325622559,9.491419792175293,9.468799591064453,9.484180450439453,0
2026-08-26T08:00:00Z,9.484180450439453,9.49209976196289,9.482399940490723,9.488909721374512,0
2026-08-26T09:00:00Z,9.488900184631348,9.491840362548828,9.484199523925781,9.486639976501465,0
2026-08-26T10:00:00Z,9.486499786376953,9.494839668273926,9.48589038848877,9.494529724121094,0
2026-08-26T11:00:00Z,9.494460105895996,9.500519752502441,9.488510131835938,9.491820335388184,0
2026-08-26T12:00:00Z,9.491510391235352,9.521989822387695,9.476349830627441,9.521659851074219,0
2026-08-26T13:00:00Z,9.521920204162598,9.523599624633789,9.50691032409668,9.517129898071289,0
2026-08-26T14:00:00Z,9.516969680786133,9.542400360107422,9.514969825744629,9.536160469055176,0
2026-08-26T15:00:00Z,9.536370277404785,9.5378999710083,9.522109985351562,9.536800384521484,0
2026-08-26T16:00:00Z,9.537659645080566,9.541799545288086,9.531780242919922,9.538459777832031,0
2026-08-26T17:00:00Z,9.538459777832031,9.540300369262695,9.529410362243652,9.53052043914795,0
2026-08-26T18:00:00Z,9.530949592590332,9.533980369567871,9.527009963989258,9.53184986114502,0
2026-08-26T19:00:00Z,9.531840324401855,9.534070014953613,9.529210090637207,9.53024959564209,0
2026-08-26T20:00:00Z,9.530130386352539,9.533729553222656,9.514809608459473,9.530699729919434,0
2026-08-26T21:00:00Z,9.5281400680542,9.5281400680542,9.495260238647461,9.512350082397461,0
2026-08-26T22:00:00Z,9.511019706726074,9.529069900512695,9.511019706726074,9.526630401611328,0
2026-08-26T23:00:00Z,9.526410102844238,9.527739524841309,9.519789695739746,9.524510383605957,0
2026-08-27T00:00:00Z,9.52538013458252,9.528579711914062,9.521550178527832,9.524620056152344,0
2026-08-27T01:00:00Z,9.525580406188965,9.527560234069824,9.520170211791992,9.522199630737305,0
2026-08-27T02:00:00Z,9.52239990234375,9.527950286865234,9.52040958404541,9.524539947509766,0
2026-08-27T03:00:00Z,9.525400161743164,9.526869773864746,9.523309707641602,9.525989532470703,0
2026-08-27T04:00:00Z,9.525989532470703,9.529339790344238,9.523309707641602,9.527050018310547,0
2026-08-27T05:00:00Z,9.527569770812988,9.530019760131836,9.521400451660156,9.525480270385742,0
2026-08-27T06:00:00Z,9.52637004852295,9.528519630432129,9.52001953125,9.523130416870117,0
2026-08-27T07:00:00Z,9.523130416870117,9.535499572753906,9.520709991455078,9.532859802246094,0
2026-08-27T08:00:00Z,9.53378963470459,9.5416898727417,9.530200004577637,9.532130241394043,0
2026-08-27T09:00:00Z,9.5322904586792,9.537650108337402,9.527770042419434,9.533040046691895,0
2026-08-27T10:00:00Z,9.533040046691895,9.536299705505371,9.524800300598145,9.526579856872559,0
2026-08-27T11:00:00Z,9.52649974822998,9.529890060424805,9.517569541931152,9.520779609680176,0
2026-08-27T12:00:00Z,9.521400451660156,9.526829719543457,9.515199661254883,9.5206298828125,0
2026-08-27T13:00:00Z,9.520369529724121,9.521849632263184,9.501500129699707,9.507490158081055,0
2026-08-27T14:00:00Z,9.50745964050293,9.521209716796875,9.50706958770752,9.518810272216797,0
2026-08-27T15:00:00Z,9.519450187683105,9.519749641418457,9.511110305786133,9.513919830322266,0
2026-08-27T16:00:00Z,9.513919830322266,9.519499778747559,9.51161003112793,9.514909744262695,0
2026-08-27T17:00:00Z,9.514829635620117,9.521820068359375,9.51220989227295,9.519780158996582,0
2026-08-27T18:00:00Z,9.51968002319336,9.525699615478516,9.518810272216797,9.521539688110352,0
2026-08-27T19:00:00Z,9.520950317382812,9.521360397338867,9.516610145568848,9.518610000610352,0
2026-08-27T20:00:00Z,9.519539833068848,9.520009994506836,9.511870384216309,9.513569831848145,0
2026-08-27T21:00:00Z,9.51356029510498,9.513569831848145,9.494500160217285,9.50175952911377,0
2026-08-27T22:00:00Z,9.503979682922363,9.514909744262695,9.50298023223877,9.5139799118042,0
2026-08-27T23:00:00Z,9.514309883117676,9.51632022857666,9.511199951171875,9.5139799118042,0
2026-08-28T00:00:00Z,9.514450073242188,9.519399642944336,9.512909889221191,9.515350341796875,0
2026-08-28T01:00:00Z,9.515350341796875,9.52003002166748,9.511810302734375,9.519350051879883,0
2026-08-28T02:00:00Z,9.51984977722168,9.521920204162598,9.515250205993652,9.515339851379395,0
2026-08-28T03:00:00Z,9.515339851379395,9.522520065307617,9.514389991760254,9.521160125732422,0
2026-08-28T04:00:00Z,9.521249771118164,9.52517032623291,9.520210266113281,9.524250030517578,0
2026-08-28T05:00:00Z,9.524250030517578,9.528900146484375,9.519709587097168,9.524419784545898,0
2026-08-28T06:00:00Z,9.523380279541016,9.527050018310547,9.503910064697266,9.5068998336792,0
2026-08-28T07:00:00Z,9.507519721984863,9.521679878234863,9.503800392150879,9.517550468444824,0
2026-08-28T08:00:00Z,9.517829895019531,9.523750305175781,9.514530181884766,9.522150039672852,0
2026-08-28T09:00:00Z,9.522150039672852,9.527819633483887,9.518409729003906,9.52711009979248,0
2026-08-28T10:00:00Z,9.526749610900879,9.5272798538208,9.514679908752441,9.515430450439453,0
2026-08-28T11:00:00Z,9.515359878540039,9.522520065307617,9.514209747314453,9.51891040802002,0
2026-08-28T12:00:00Z,9.518919944763184,9.530619621276855,9.516420364379883,9.519720077514648,0
2026-08-28T13:00:00Z,9.519439697265625,9.530989646911621,9.513810157775879,9.52672004699707,0
2026-08-28T14:00:00Z,9.524209976196289,9.592399597167969,9.486200332641602,9.567009925842285,0
2026-08-28T15:00:00Z,9.566949844360352,9.596719741821289,9.56305980682373,9.594229698181152,0
2026-08-28T16:00:00Z,9.594059944152832,9.622200012207031,9.593620300292969,9.611109733581543,0
2026-08-28T17:00:00Z,9.611040115356445,9.620519638061523,9.604470252990723,9.614789962768555,0
2026-08-28T18:00:00Z,9.614100456237793,9.619029998779297,9.608409881591797,9.612719535827637,0
2026-08-28T19:00:00Z,9.612839698791504,9.61376953125,9.600410461425781,9.605010032653809,0
2026-08-28T20:00:00Z,9.60573959350586,9.61283016204834,9.598489761352539,9.601659774780273,0
2026-08-28T21:00:00Z,9.591699600219727,9.593999862670898,9.591699600219727,9.593999862670898,0
2026-08-30T23:00:00Z,9.60731029510498,9.609919548034668,9.602479934692383,9.605879783630371,0
2026-08-31T00:00:00Z,9.606019973754883,9.612110137939453,9.600790023803711,9.60414981842041,0
2026-08-31T01:00:00Z,9.604769706726074,9.613189697265625,9.601449966430664,9.605010032653809,0
2026-08-31T02:00:00Z,9.605010032653809,9.610770225524902,9.602510452270508,9.604450225830078,0
2026-08-31T03:00:00Z,9.604450225830078,9.60750961303711,9.601499557495117,9.604610443115234,0
2026-08-31T04:00:00Z,9.6045503616333,9.609479904174805,9.601920127868652,9.607359886169434,0
2026-08-31T05:00:00Z,9.60768985748291,9.61128044128418,9.60381031036377,9.6068696975708,0
2026-08-31T06:00:00Z,9.607210159301758,9.613439559936523,9.604379653930664,9.605449676513672,0
2026-08-31T07:00:00Z,9.60534954071045,9.606450080871582,9.586000442504883,9.587750434875488,0
2026-08-31T08:00:00Z,9.588549613952637,9.594719886779785,9.581159591674805,9.592269897460938,0
2026-08-31T09:00:00Z,9.592300415039062,9.592860221862793,9.582200050354004,9.585220336914062,0
2026-08-31T10:00:00Z,9.585249900817871,9.588629722595215,9.580900192260742,9.587329864501953,0
2026-08-31T11:00:00Z,9.587329864501953,9.588540077209473,9.570710182189941,9.578399658203125,0
2026-08-31T12:00:00Z,9.576930046081543,9.600569725036621,9.576109886169434,9.597840309143066,0
2026-08-31T13:00:00Z,9.598190307617188,9.599220275878906,9.58745002746582,9.587679862976074,0
2026-08-31T14:00:00Z,9.587499618530273,9.603819847106934,9.583510398864746,9.590239524841309,0
2026-08-31T15:00:00Z,9.590120315551758,9.5906400680542,9.573800086975098,9.579689979553223,0
2026-08-31T16:00:00Z,9.579620361328125,9.58041000366211,9.568010330200195,9.568650245666504,0
2026-08-31T17:00:00Z,9.568710327148438,9.577010154724121,9.568610191345215,9.571999549865723,0
2026-08-31T18:00:00Z,9.571880340576172,9.576120376586914,9.56941032409668,9.575750350952148,0
2026-08-31T19:00:00Z,9.575819969177246,9.577230453491211,9.571310043334961,9.575980186462402,0
2026-08-31T20:00:00Z,9.576519966125488,9.581740379333496,9.570249557495117,9.574190139770508,0
2026-08-31T21:00:00Z,9.574410438537598,9.574410438537598,9.571020126342773,9.571479797363281,0
2026-08-31T22:00:00Z,9.572150230407715,9.582059860229492,9.570320129394531,9.580719947814941,0
2026-08-31T23:00:00Z,9.580659866333008,9.583359718322754,9.574310302734375,9.57470989227295,0
2026-09-01T00:00:00Z,9.574790000915527,9.580120086669922,9.566410064697266,9.57882022857666,0
2026-09-01T01:00:00Z,9.578900337219238,9.589699745178223,9.575510025024414,9.585820198059082,0
2026-09-01T02:00:00Z,9.585550308227539,9.590499877929688,9.58230972290039,9.58495044708252,0
2026-09-01T03:00:00Z,9.585530281066895,9.591899871826172,9.584850311279297,9.591480255126953,0
2026-09-01T04:00:00Z,9.591300010681152,9.59570026397705,9.589030265808105,9.590660095214844,0
2026-09-01T05:00:00Z,9.590649604797363,9.59335994720459,9.582550048828125,9.585989952087402,0
2026-09-01T06:00:00Z,9.584970474243164,9.595959663391113,9.584019660949707,9.589449882507324,0
2026-09-01T07:00:00Z,9.589570045471191,9.603919982910156,9.583499908447266,9.594679832458496,0
2026-09-01T08:00:00Z,9.594610214233398,9.605130195617676,9.590250015258789,9.597539901733398,0
2026-09-01T09:00:00Z,9.598600387573242,9.601420402526855,9.582099914550781,9.5902099609375,0
2026-09-01T10:00:00Z,9.590089797973633,9.594220161437988,9.581899642944336,9.590649604797363,0
2026-09-01T11:00:00Z,9.590649604797363,9.59451961517334,9.582659721374512,9.586409568786621,0
2026-09-01T12:00:00Z,9.586409568786621,9.591790199279785,9.574139595031738,9.576040267944336,0
2026-09-01T13:00:00Z,9.576120376586914,9.584309577941895,9.571310043334961,9.574130058288574,0
2026-09-01T14:00:00Z,9.57328987121582,9.590920448303223,9.567970275878906,9.58584976196289,0
2026-09-01T15:00:00Z,9.585920333862305,9.599029541015625,9.582670211791992,9.595820426940918,0
2026-09-01T16:00:00Z,9.595499992370605,9.617389678955078,9.594510078430176,9.615349769592285,0
2026-09-01T17:00:00Z,9.615349769592285,9.620019912719727,9.605509757995605,9.617890357971191,0
2026-09-01T18:00:00Z,9.617810249328613,9.625,9.614709854125977,9.618009567260742,0
2026-09-01T19:00:00Z,9.617819786071777,9.621600151062012,9.613349914550781,9.620770454406738,0
2026-09-01T20:00:00Z,9.620269775390625,9.623209953308105,9.609809875488281,9.610600471496582,0
2026-09-01T21:00:00Z,9.610119819641113,9.611359596252441,9.60614013671875,9.60614013671875,0
2026-09-01T22:00:00Z,9.613080024719238,9.618659973144531,9.609319686889648,9.616140365600586,0
2026-09-01T23:00:00Z,9.616530418395996,9.62028980255127,9.615779876708984,9.61931037902832,0
2026-09-02T00:00:00Z,9.61931037902832,9.626580238342285,9.61320972442627,9.62637996673584,0
2026-09-02T01:00:00Z,9.625690460205078,9.63679027557373,9.62399959564209,9.631609916687012,0
2026-09-02T02:00:00Z,9.631609916687012,9.64011001586914,9.62971019744873,9.631750106811523,0
2026-09-02T03:00:00Z,9.631750106811523,9.638999938964844,9.630109786987305,9.635350227355957,0
2026-09-02T04:00:00Z,9.63545036315918,9.643719673156738,9.63545036315918,9.641400337219238,0
2026-09-02T05:00:00Z,9.641400337219238,9.646280288696289,9.628649711608887,9.63092041015625,0
2026-09-02T06:00:00Z,9.63070011138916,9.639800071716309,9.622509956359863,9.636969566345215,0
2026-09-02T07:00:00Z,9.637020111083984,9.641819953918457,9.620829582214355,9.62816047668457,0
2026-09-02T08:00:00Z,9.627679824829102,9.647899627685547,9.621199607849121,9.647459983825684,0
2026-09-02T09:00:00Z,9.64745044708252,9.664119720458984,9.642399787902832,9.662389755249023,0
2026-09-02T10:00:00Z,9.662360191345215,9.668100357055664,9.65680980682373,9.657859802246094,0
2026-09-02T11:00:00Z,9.657099723815918,9.660099983215332,9.636509895324707,9.636810302734375,0
2026-09-02T12:00:00Z,9.636919975280762,9.650099754333496,9.624879837036133,9.648969650268555,0
2026-09-02T13:00:00Z,9.649189949035645,9.651390075683594,9.606470108032227,9.608280181884766,0
2026-09-02T14:00:00Z,9.607319831848145,9.630499839782715,9.605500221252441,9.625800132751465,0
2026-09-02T15:00:00Z,9.626279830932617,9.62771987915039,9.616809844970703,9.620209693908691,0
2026-09-02T16:00:00Z,9.620209693908691,9.625320434570312,9.612810134887695,9.625320434570312,0
2026-09-02T17:00:00Z,9.624910354614258,9.631210327148438,9.617609977722168,9.625300407409668,0
2026-09-02T18:00:00Z,9.624810218811035,9.628399848937988,9.609210014343262,9.624190330505371,0
2026-09-02T19:00:00Z,9.623929977416992,9.630000114440918,9.623100280761719,9.62697982788086,0
2026-09-02T20:00:00Z,9.626930236816406,9.627300262451172,9.618249893188477,9.621219635009766,0
2026-09-02T21:00:00Z,9.621999740600586,9.62382984161377,9.61950969696045,9.621899604797363,0
2026-09-02T22:00:00Z,9.621649742126465,9.631799697875977,9.61952018737793,9.62874984741211,0
2026-09-02T23:00:00Z,9.62874984741211,9.63290023803711,9.627900123596191,9.63049030303955,0
2026-09-03T00:00:00Z,9.63049030303955,9.63440990447998,9.624199867248535,9.627349853515625,0
2026-09-03T01:00:00Z,9.627349853515625,9.629469871520996,9.617409706115723,9.627209663391113,0
2026-09-03T02:00:00Z,9.627140045166016,9.628310203552246,9.615509986877441,9.621620178222656,0
2026-09-03T03:00:00Z,9.621150016784668,9.621910095214844,9.61301040649414,9.614450454711914,0
2026-09-03T04:00:00Z,9.614450454711914,9.616080284118652,9.604909896850586,9.610600471496582,0
2026-09-03T05:00:00Z,9.610509872436523,9.61520004272461,9.604949951171875,9.60575008392334,0
2026-09-03T06:00:00Z,9.606209754943848,9.61139965057373,9.593199729919434,9.599800109863281,0
2026-09-03T07:00:00Z,9.60004997253418,9.602669715881348,9.586509704589844,9.593110084533691,0
2026-09-03T08:00:00Z,9.593629837036133,9.59570026397705,9.576700210571289,9.584280014038086,0
2026-09-03T09:00:00Z,9.584650039672852,9.59570026397705,9.578909873962402,9.592020034790039,0
2026-09-03T10:00:00Z,9.59160041809082,9.594900131225586,9.581809997558594,9.58236026763916,0
2026-09-03T11:00:00Z,9.582369804382324,9.585399627685547,9.569640159606934,9.576310157775879,0
2026-09-03T12:00:00Z,9.576310157775879,9.586620330810547,9.547599792480469,9.554220199584961,0
2026-09-03T13:00:00Z,9.554220199584961,9.569999694824219,9.548009872436523,9.548049926757812,0
2026-09-03T14:00:00Z,9.546500205993652,9.575810432434082,9.546070098876953,9.565299987792969,0
2026-09-03T15:00:00Z,9.565150260925293,9.565239906311035,9.546210289001465,9.550009727478027,0
2026-09-03T16:00:00Z,9.550379753112793,9.551899909973145,9.529709815979004,9.535090446472168,0
2026-09-03T17:00:00Z,9.535440444946289,9.541899681091309,9.533109664916992,9.539910316467285,0
2026-09-03T18:00:00Z,9.539970397949219,9.541199684143066,9.531209945678711,9.535409927368164,0
2026-09-03T19:00:00Z,9.535499572753906,9.548100471496582,9.522970199584961,9.524609565734863,0
2026-09-03T20:00:00Z,9.524609565734863,9.541020393371582,9.523599624633789,9.53888988494873,0
2026-09-03T22:00:00Z,9.533960342407227,9.539899826049805,9.531840324401855,9.538519859313965,0
2026-09-03T23:00:00Z,9.53931999206543,9.539660453796387,9.533709526062012,9.533940315246582,0
2026-09-04T00:00:00Z,9.535149574279785,9.539159774780273,9.528039932250977,9.5337495803833,0
2026-09-04T01:00:00Z,9.5337495803833,9.537980079650879,9.529109954833984,9.529319763183594,0
2026-09-04T02:00:00Z,9.529680252075195,9.534910202026367,9.523200035095215,9.531749725341797,0
2026-09-04T03:00:00Z,9.531749725341797,9.53573989868164,9.525810241699219,9.535149574279785,0
2026-09-04T04:00:00Z,9.535149574279785,9.535630226135254,9.526309967041016,9.528409957885742,0
2026-09-04T05:00:00Z,9.528719902038574,9.532560348510742,9.526960372924805,9.5314302444458,0
2026-09-04T06:00:00Z,9.530440330505371,9.533909797668457,9.5247802734375,9.531049728393555,0
2026-09-04T07:00:00Z,9.530909538269043,9.545100212097168,9.5302095413208,9.543919563293457,0
2026-09-04T08:00:00Z,9.54384994506836,9.556349754333496,9.541740417480469,9.542409896850586,0
2026-09-04T09:00:00Z,9.541740417480469,9.558349609375,9.541199684143066,9.557760238647461,0
2026-09-04T10:00:00Z,9.557550430297852,9.562020301818848,9.552000045776367,9.55659008026123,0
2026-09-04T11:00:00Z,9.556550025939941,9.56089973449707,9.551850318908691,9.554420471191406,0
2026-09-04T12:00:00Z,9.554719924926758,9.592900276184082,9.542409896850586,9.569890022277832,0
2026-09-04T13:00:00Z,9.569890022277832,9.582019805908203,9.54209041595459,9.557869911193848,0
2026-09-04T14:00:00Z,9.55700969696045,9.573450088500977,9.551199913024902,9.568929672241211,0
2026-09-04T15:00:00Z,9.569060325622559,9.575200080871582,9.559510231018066,9.564430236816406,0
2026-09-04T16:00:00Z,9.564669609069824,9.56779956817627,9.557510375976562,9.561260223388672,0
2026-09-04T17:00:00Z,9.561710357666016,9.575799942016602,9.560810089111328,9.574210166931152,0
2026-09-04T18:00:00Z,9.574749946594238,9.57975959777832,9.573209762573242,9.576399803161621,0
2026-09-04T19:00:00Z,9.576009750366211,9.577070236206055,9.568209648132324,9.57091999053955,0
2026-09-04T20:00:00Z,9.57118034362793,9.575420379638672,9.559690475463867,9.565500259399414,0
2026-09-06T23:00:00Z,9.573269844055176,9.577159881591797,9.55659008026123,9.576069831848145,0
2026-09-07T00:00:00Z,9.57621955871582,9.578590393066406,9.566909790039062,9.57034969329834,0
2026-09-07T01:00:00Z,9.571020126342773,9.58368968963623,9.570249557495117,9.581219673156738,0
2026-09-07T02:00:00Z,9.581219673156738,9.58843994140625,9.579910278320312,9.585169792175293,0
2026-09-07T03:00:00Z,9.58545970916748,9.587499618530273,9.58076000213623,9.583600044250488,0
2026-09-07T04:00:00Z,9.584070205688477,9.588410377502441,9.582650184631348,9.585740089416504,0
2026-09-07T05:00:00Z,9.5860595703125,9.589170455932617,9.572310447692871,9.577289581298828,0
2026-09-07T06:00:00Z,9.577150344848633,9.603119850158691,9.564599990844727,9.597860336303711,0
2026-09-07T07:00:00Z,9.598600387573242,9.611559867858887,9.582599639892578,9.584659576416016,0
2026-09-07T08:00:00Z,9.584420204162598,9.603899955749512,9.576939582824707,9.602080345153809,0
2026-09-07T09:00:00Z,9.60116958618164,9.603899955749512,9.587499618530273,9.59550952911377,0
2026-09-07T10:00:00Z,9.595439910888672,9.603520393371582,9.59043025970459,9.598699569702148,0
2026-09-07T11:00:00Z,9.598660469055176,9.606599807739258,9.595000267028809,9.603110313415527,0
2026-09-07T12:00:00Z,9.602609634399414,9.609109878540039,9.59531021118164,9.602899551391602,0
2026-09-07T13:00:00Z,9.603050231933594,9.603050231933594,9.593500137329102,9.595800399780273,0
2026-09-07T14:00:00Z,9.595640182495117,9.596949577331543,9.586219787597656,9.589550018310547,0
2026-09-07T15:00:00Z,9.589619636535645,9.594900131225586,9.584569931030273,9.591560363769531,0
2026-09-07T16:00:00Z,9.5908203125,9.595399856567383,9.58450984954834,9.586739540100098,0
2026-09-07T17:00:00Z,9.587149620056152,9.592639923095703,9.586310386657715,9.590539932250977,0
2026-09-07T18:00:00Z,9.590920448303223,9.594200134277344,9.589909553527832,9.592049598693848,0
2026-09-07T19:00:00Z,9.592379570007324,9.595999717712402,9.591650009155273,9.593310356140137,0
2026-09-07T20:00:00Z,9.593640327453613,9.596059799194336,9.581700325012207,9.592570304870605,0
2026-09-07T21:00:00Z,9.591509819030762,9.59574031829834,9.5770902633667,9.58683967590332,0
2026-09-07T22:00:00Z,9.583510398864746,9.596489906311035,9.580360412597656,9.593239784240723,0
2026-09-07T23:00:00Z,9.59447956085205,9.59512996673584,9.589400291442871,9.591850280761719,0
2026-09-08T00:00:00Z,9.591850280761719,9.595560073852539,9.585809707641602,9.593409538269043,0
2026-09-08T01:00:00Z,9.593460083007812,9.59630012512207,9.585650444030762,9.585650444030762,0
2026-09-08T02:00:00Z,9.585709571838379,9.59850025177002,9.584750175476074,9.597149848937988,0
2026-09-08T03:00:00Z,9.597149848937988,9.59945011138916,9.592909812927246,9.596440315246582,0
2026-09-08T04:00:00Z,9.596879959106445,9.600279808044434,9.59490966796875,9.597249984741211,0
2026-09-08T05:00:00Z,9.597990036010742,9.601119995117188,9.590450286865234,9.590550422668457,0
2026-09-08T06:00:00Z,9.590550422668457,9.610300064086914,9.586119651794434,9.606980323791504,0
2026-09-08T07:00:00Z,9.607049942016602,9.617329597473145,9.60319995880127,9.613120079040527,0
2026-09-08T08:00:00Z,9.613200187683105,9.618499755859375,9.608209609985352,9.61581039428711,0
2026-09-08T09:00:00Z,9.615650177001953,9.617600440979004,9.601499557495117,9.606610298156738,0
2026-09-08T10:00:00Z,9.606860160827637,9.610799789428711,9.597169876098633,9.60768985748291,0
2026-09-08T11:00:00Z,9.607850074768066,9.609700202941895,9.592499732971191,9.599249839782715,0
2026-09-08T12:00:00Z,9.599249839782715,9.609199523925781,9.593709945678711,9.593899726867676,0
2026-09-08T13:00:00Z,9.594440460205078,9.60000991821289,9.584839820861816,9.596870422363281,0
2026-09-08T14:00:00Z,9.597450256347656,9.605819702148438,9.584650039672852,9.584779739379883,0
2026-09-08T15:00:00Z,9.584790229797363,9.58745002746582,9.578289985656738,9.586000442504883,0
2026-09-08T16:00:00Z,9.586319923400879,9.592700004577637,9.583499908447266,9.585410118103027,0
2026-09-08T17:00:00Z,9.585980415344238,9.58611011505127,9.57761001586914,9.5794095993042,0
2026-09-08T18:00:00Z,9.579919815063477,9.592209815979004,9.575810432434082,9.580519676208496,0
2026-09-08T19:00:00Z,9.581299781799316,9.589799880981445,9.577520370483398,9.585439682006836,0
2026-09-08T20:00:00Z,9.585260391235352,9.589940071105957,9.56875991821289,9.56875991821289,0
2026-09-08T21:00:00Z,9.567850112915039,9.58512020111084,9.561960220336914,9.567620277404785,0
2026-09-08T22:00:00Z,9.579830169677734,9.58687973022461,9.56680965423584,9.585370063781738,0
2026-09-08T23:00:00Z,9.585100173950195,9.587050437927246,9.572500228881836,9.582289695739746,0
2026-09-09T00:00:00Z,9.582289695739746,9.584580421447754,9.576310157775879,9.5797700881958,0
2026-09-09T01:00:00Z,9.579629898071289,9.587369918823242,9.579010009765625,9.583209991455078,0
2026-09-09T02:00:00Z,9.583439826965332,9.589320182800293,9.582010269165039,9.58318042755127,0
2026-09-09T03:00:00Z,9.583720207214355,9.586700439453125,9.582010269165039,9.585000038146973,0
2026-09-09T04:00:00Z,9.585000038146973,9.586130142211914,9.579910278320312,9.580719947814941,0
2026-09-09T05:00:00Z,9.58113956451416,9.582489967346191,9.573809623718262,9.578740119934082,0
2026-09-09T06:00:00Z,9.578009605407715,9.579400062561035,9.565010070800781,9.571709632873535,0
2026-09-09T07:00:00Z,9.571990013122559,9.584219932556152,9.563619613647461,9.582119941711426,0
2026-09-09T08:00:00Z,9.582440376281738,9.594799995422363,9.581119537353516,9.592909812927246,0
2026-09-09T09:00:00Z,9.592809677124023,9.603540420532227,9.588350296020508,9.602470397949219,0
2026-09-09T10:00:00Z,9.602250099182129,9.604909896850586,9.586589813232422,9.592720031738281,0
2026-09-09T11:00:00Z,9.593230247497559,9.593259811401367,9.567609786987305,9.574020385742188,0
2026-09-09T12:00:00Z,9.574259757995605,9.575699806213379,9.566020011901855,9.570409774780273,0
2026-09-09T13:00:00Z,9.570079803466797,9.578829765319824,9.565910339355469,9.572810173034668,0
2026-09-09T14:00:00Z,9.572979927062988,9.581700325012207,9.567779541015625,9.575149536132812,0
2026-09-09T15:00:00Z,9.575119972229004,9.610899925231934,9.569899559020996,9.600040435791016,0
2026-09-09T16:00:00Z,9.599720001220703,9.60200023651123,9.587519645690918,9.595410346984863,0
2026-09-09T17:00:00Z,9.59611988067627,9.597020149230957,9.5833101272583,9.588930130004883,0
2026-09-09T18:00:00Z,9.588549613952637,9.60204029083252,9.585410118103027,9.60000991821289,0
2026-09-09T19:00:00Z,9.600099563598633,9.603300094604492,9.593810081481934,9.597749710083008,0
2026-09-09T20:00:00Z,9.598219871520996,9.600899696350098,9.585410118103027,9.585410118103027,0
2026-09-09T21:00:00Z,9.587519645690918,9.587590217590332,9.56521987915039,9.584039688110352,0
2026-09-09T22:00:00Z,9.584429740905762,9.590020179748535,9.572019577026367,9.58611011505127,0
2026-09-09T23:00:00Z,9.585399627685547,9.590239524841309,9.583600044250488,9.589489936828613,0
2026-09-10T00:00:00Z,9.589240074157715,9.596280097961426,9.589110374450684,9.593509674072266,0
2026-09-10T01:00:00Z,9.594449996948242,9.595549583435059,9.58290958404541,9.583209991455078,0
2026-09-10T02:00:00Z,9.583209991455078,9.58965015411377,9.58141040802002,9.583709716796875,0
2026-09-10T03:00:00Z,9.583979606628418,9.589019775390625,9.583600044250488,9.584349632263184,0
2026-09-10T04:00:00Z,9.584970474243164,9.588500022888184,9.582209587097168,9.58726978302002,0
2026-09-10T05:00:00Z,9.587240219116211,9.588020324707031,9.577509880065918,9.580389976501465,0
2026-09-10T06:00:00Z,9.580329895019531,9.585820198059082,9.572409629821777,9.580309867858887,0
2026-09-10T07:00:00Z,9.579529762268066,9.592100143432617,9.579529762268066,9.589099884033203,0
2026-09-10T08:00:00Z,9.588600158691406,9.602160453796387,9.587809562683105,9.599949836730957,0
2026-09-10T09:00:00Z,9.600000381469727,9.60947036743164,9.595379829406738,9.598750114440918,0
2026-09-10T10:00:00Z,9.598649978637695,9.614830017089844,9.59296989440918,9.612669944763184,0
2026-09-10T11:00:00Z,9.612350463867188,9.637499809265137,9.611920356750488,9.63418960571289,0
2026-09-10T12:00:00Z,9.63418960571289,9.682889938354492,9.627670288085938,9.667240142822266,0
2026-09-10T13:00:00Z,9.667369842529297,9.681300163269043,9.654899597167969,9.663100242614746,0
2026-09-10T14:00:00Z,9.663220405578613,9.666219711303711,9.64799976348877,9.658590316772461,0
2026-09-10T15:00:00Z,9.658129692077637,9.665499687194824,9.6533203125,9.65863037109375,0
2026-09-10T16:00:00Z,9.65863037109375,9.675250053405762,9.656410217285156,9.673480033874512,0
2026-09-10T17:00:00Z,9.673110008239746,9.676600456237793,9.66411018371582,9.673620223999023,0
2026-09-10T18:00:00Z,9.673620223999023,9.683349609375,9.672209739685059,9.677129745483398,0
2026-09-10T19:00:00Z,9.677249908447266,9.687419891357422,9.676010131835938,9.687219619750977,0
2026-09-10T20:00:00Z,9.687379837036133,9.691920280456543,9.663410186767578,9.673620223999023,0
2026-09-10T21:00:00Z,9.674619674682617,9.679120063781738,9.648850440979004,9.670080184936523,0
2026-09-10T22:00:00Z,9.677069664001465,9.68690013885498,9.663399696350098,9.684399604797363,0
2026-09-10T23:00:00Z,9.684379577636719,9.688190460205078,9.683300018310547,9.684410095214844,0
2026-09-11T00:00:00Z,9.684760093688965,9.686240196228027,9.679710388183594,9.679849624633789,0
2026-09-11T01:00:00Z,9.679949760437012,9.696640014648438,9.678509712219238,9.695500373840332,0
2026-09-11T02:00:00Z,9.695819854736328,9.702190399169922,9.6950101852417,9.6981201171875,0
2026-09-11T03:00:00Z,9.6981201171875,9.70835018157959,9.697609901428223,9.702010154724121,0
2026-09-11T04:00:00Z,9.702210426330566,9.703829765319824,9.686010360717773,9.689149856567383,0
2026-09-11T05:00:00Z,9.689149856567383,9.690329551696777,9.67350959777832,9.67350959777832,0
2026-09-11T06:00:00Z,9.67665958404541,9.683819770812988,9.669249534606934,9.674699783325195,0
2026-09-11T07:00:00Z,9.675459861755371,9.678899765014648,9.666600227355957,9.673319816589355,0
2026-09-11T08:00:00Z,9.673150062561035,9.685400009155273,9.670689582824707,9.682849884033203,0
2026-09-11T09:00:00Z,9.682760238647461,9.690919876098633,9.6773099899292,9.686059951782227,0
2026-09-11T10:00:00Z,9.686309814453125,9.694720268249512,9.68019962310791,9.692469596862793,0
2026-09-11T11:00:00Z,9.692469596862793,9.69402027130127,9.685500144958496,9.691439628601074,0
2026-09-11T12:00:00Z,9.691439628601074,9.72173023223877,9.674699783325195,9.676190376281738,0
2026-09-11T13:00:00Z,9.675999641418457,9.693900108337402,9.665410041809082,9.674799919128418,0
2026-09-11T14:00:00Z,9.675620079040527,9.691490173339844,9.664019584655762,9.683380126953125,0
2026-09-11T15:00:00Z,9.683449745178223,9.697400093078613,9.681610107421875,9.69221019744873,0
2026-09-11T16:00:00Z,9.69320011138916,9.701040267944336,9.6881103515625,9.699549674987793,0
2026-09-11T17:00:00Z,9.699549674987793,9.70460033416748,9.694510459899902,9.697779655456543,0
2026-09-11T18:00:00Z,9.697779655456543,9.708809852600098,9.695210456848145,9.70261001586914,0
2026-09-11T19:00:00Z,9.70304012298584,9.70641040802002,9.699609756469727,9.703390121459961,0
2026-09-11T20:00:00Z,9.704119682312012,9.70718002319336,9.682780265808105,9.688899993896484,0
2026-09-11T21:00:00Z,9.684499740600586,9.684499740600586,9.684499740600586,9.684499740600586,0
2026-09-13T23:00:00Z,9.689029693603516,9.706450462341309,9.678600311279297,9.70326042175293,0
2026-09-14T00:00:00Z,9.70326042175293,9.719889640808105,9.699509620666504,9.714320182800293,0
2026-09-14T01:00:00Z,9.713709831237793,9.7222900390625,9.712909698486328,9.717430114746094,0
2026-09-14T02:00:00Z,9.717300415039062,9.724720001220703,9.714509963989258,9.723139762878418,0
2026-09-14T03:00:00Z,9.723190307617188,9.73678970336914,9.722999572753906,9.734709739685059,0
2026-09-14T04:00:00Z,9.734709739685059,9.737799644470215,9.732000350952148,9.734689712524414,0
2026-09-14T05:00:00Z,9.734689712524414,9.736700057983398,9.72821044921875,9.730330467224121,0
2026-09-14T06:00:00Z,9.72996997833252,9.74940013885498,9.706720352172852,9.746709823608398,0
2026-09-14T07:00:00Z,9.746820449829102,9.757659912109375,9.739800453186035,9.756719589233398,0
2026-09-14T08:00:00Z,9.7568998336792,9.772720336914062,9.755900382995605,9.7701997756958,0
2026-09-14T09:00:00Z,9.770009994506836,9.778420448303223,9.759980201721191,9.769729614257812,0
2026-09-14T10:00:00Z,9.769200325012207,9.77929973602295,9.769100189208984,9.776249885559082,0
2026-09-14T11:00:00Z,9.77612018585205,9.778039932250977,9.764769554138184,9.769499778747559,0
2026-09-14T12:00:00Z,9.769539833068848,9.795120239257812,9.763520240783691,9.793410301208496,0
2026-09-14T13:00:00Z,9.793410301208496,9.8016996383667,9.78341007232666,9.796480178833008,0
2026-09-14T14:00:00Z,9.796480178833008,9.798419952392578,9.774399757385254,9.784560203552246,0
2026-09-14T15:00:00Z,9.7843599319458,9.785320281982422,9.744609832763672,9.748310089111328,0
2026-09-14T16:00:00Z,9.749460220336914,9.751720428466797,9.726810455322266,9.73153018951416,0
2026-09-14T17:00:00Z,9.73157024383545,9.741720199584961,9.729510307312012,9.740320205688477,0
2026-09-14T18:00:00Z,9.740619659423828,9.743889808654785,9.735309600830078,9.740610122680664,0
2026-09-14T19:00:00Z,9.740249633789062,9.760210037231445,9.73861026763916,9.759129524230957,0
2026-09-14T20:00:00Z,9.759519577026367,9.763819694519043,9.746959686279297,9.746959686279297,0
2026-09-14T21:00:00Z,9.751319885253906,9.751319885253906,9.686140060424805,9.748689651489258,0
2026-09-14T22:00:00Z,9.741009712219238,9.752630233764648,9.723380088806152,9.750029563903809,0
2026-09-14T23:00:00Z,9.752120018005371,9.763239860534668,9.74470043182373,9.76039981842041,0
2026-09-15T00:00:00Z,9.759389877319336,9.766460418701172,9.757610321044922,9.762519836425781,0
2026-09-15T01:00:00Z,9.762519836425781,9.77184009552002,9.760319709777832,9.77025032043457,0
2026-09-15T02:00:00Z,9.769949913024902,9.773249626159668,9.768010139465332,9.768950462341309,0
2026-09-15T03:00:00Z,9.768950462341309,9.776700019836426,9.768010139465332,9.775750160217285,0
2026-09-15T04:00:00Z,9.775750160217285,9.778949737548828,9.773900032043457,9.77715015411377,0
2026-09-15T05:00:00Z,9.77715015411377,9.781900405883789,9.773799896240234,9.777250289916992,0
2026-09-15T06:00:00Z,9.777680397033691,9.789970397949219,9.7752103805542,9.78225040435791,0
2026-09-15T07:00:00Z,9.782320022583008,9.788999557495117,9.772379875183105,9.777549743652344,0
2026-09-15T08:00:00Z,9.777589797973633,9.786100387573242,9.767350196838379,9.776280403137207,0
2026-09-15T09:00:00Z,9.77610969543457,9.781900405883789,9.767350196838379,9.770310401916504,0
2026-09-15T10:00:00Z,9.770620346069336,9.77560043334961,9.764129638671875,9.768699645996094,0
2026-09-15T11:00:00Z,9.768899917602539,9.771349906921387,9.761799812316895,9.765780448913574,0
2026-09-15T12:00:00Z,9.765780448913574,9.775460243225098,9.759200096130371,9.769229888916016,0
2026-09-15T13:00:00Z,9.769319534301758,9.784919738769531,9.759400367736816,9.7631196975708,0
2026-09-15T14:00:00Z,9.762909889221191,9.782099723815918,9.762249946594238,9.775469779968262,0
2026-09-15T15:00:00Z,9.775400161743164,9.782600402832031,9.772500038146973,9.776789665222168,0
2026-09-15T16:00:00Z,9.776209831237793,9.784799575805664,9.774109840393066,9.777589797973633,0
2026-09-15T17:00:00Z,9.77772045135498,9.785400390625,9.775010108947754,9.782309532165527,0
2026-09-15T18:00:00Z,9.782670021057129,9.78499984741211,9.774410247802734,9.776189804077148,0
2026-09-15T19:00:00Z,9.77616024017334,9.78203010559082,9.774909973144531,9.781200408935547,0
2026-09-15T20:00:00Z,9.781129837036133,9.785300254821777,9.765130043029785,9.772879600524902,0
2026-09-15T21:00:00Z,9.76399040222168,9.773249626159668,9.747570037841797,9.761380195617676,0
2026-09-15T22:00:00Z,9.757619857788086,9.774720191955566,9.745490074157715,9.7737398147583,0
2026-09-15T23:00:00Z,9.773260116577148,9.782119750976562,9.773260116577148,9.778610229492188,0
2026-09-16T00:00:00Z,9.77991008758545,9.782719612121582,9.774809837341309,9.780909538269043,0
2026-09-16T01:00:00Z,9.781060218811035,9.785619735717773,9.777910232543945,9.785420417785645,0
2026-09-16T02:00:00Z,9.784589767456055,9.785440444946289,9.772760391235352,9.7735595703125,0
2026-09-16T03:00:00Z,9.773209571838379,9.77750015258789,9.771809577941895,9.7752103805542,0
2026-09-16T04:00:00Z,9.77612018585205,9.776570320129395,9.771309852600098,9.772480010986328,0
2026-09-16T05:00:00Z,9.772480010986328,9.772899627685547,9.759710311889648,9.764410018920898,0
2026-09-16T06:00:00Z,9.763779640197754,9.779800415039062,9.759849548339844,9.773719787597656,0
2026-09-16T07:00:00Z,9.773469924926758,9.779899597167969,9.767510414123535,9.777580261230469,0
2026-09-16T08:00:00Z,9.777939796447754,9.781920433044434,9.770500183105469,9.77810001373291,0
2026-09-16T09:00:00Z,9.778840065002441,9.793700218200684,9.777799606323242,9.790300369262695,0
2026-09-16T10:00:00Z,9.790940284729004,9.795700073242188,9.784390449523926,9.786700248718262,0
2026-09-16T11:00:00Z,9.785599708557129,9.788979530334473,9.77538013458252,9.783220291137695,0
2026-09-16T12:00:00Z,9.783069610595703,9.796899795532227,9.779350280761719,9.794340133666992,0
2026-09-16T13:00:00Z,9.793970108032227,9.800200462341309,9.78462028503418,9.791379928588867,0
2026-09-16T14:00:00Z,9.79071044921875,9.79712963104248,9.777070045471191,9.777429580688477,0
2026-09-16T15:00:00Z,9.77733039855957,9.781299591064453,9.765600204467773,9.77711009979248,0
2026-09-16T16:00:00Z,9.77711009979248,9.778599739074707,9.768810272216797,9.774689674377441,0
2026-09-16T17:00:00Z,9.774649620056152,9.779319763183594,9.753069877624512,9.75352954864502,0
2026-09-16T18:00:00Z,9.75667953491211,9.859219551086426,9.74038028717041,9.858570098876953,0
2026-09-16T19:00:00Z,9.858110427856445,9.874090194702148,9.83860969543457,9.85159969329834,0
2026-09-16T20:00:00Z,9.851739883422852,9.869230270385742,9.850410461425781,9.860750198364258,0
2026-09-16T21:00:00Z,9.849820137023926,9.856040000915527,9.829620361328125,9.848549842834473,0
2026-09-16T22:00:00Z,9.847450256347656,9.862719535827637,9.836440086364746,9.857640266418457,0
2026-09-16T23:00:00Z,9.858380317687988,9.860360145568848,9.84220027923584,9.852649688720703,0
2026-09-17T00:00:00Z,9.853349685668945,9.857819557189941,9.844610214233398,9.848810195922852,0
2026-09-17T01:00:00Z,9.849720001220703,9.855790138244629,9.841710090637207,9.854069709777832,0
2026-09-17T02:00:00Z,9.853739738464355,9.858960151672363,9.846610069274902,9.85630989074707,0
2026-09-17T03:00:00Z,9.856229782104492,9.858099937438965,9.84691047668457,9.848340034484863,0
2026-09-17T04:00:00Z,9.847800254821777,9.849900245666504,9.840709686279297,9.842049598693848,0
2026-09-17T05:00:00Z,9.841919898986816,9.84469985961914,9.83899974822998,9.842350006103516,0
2026-09-17T06:00:00Z,9.842169761657715,9.843740463256836,9.810600280761719,9.81620979309082,0
2026-09-17T07:00:00Z,9.815460205078125,9.832200050354004,9.815460205078125,9.825799942016602,0
2026-09-17T08:00:00Z,9.829090118408203,9.835220336914062,9.820099830627441,9.821610450744629,0
2026-09-17T09:00:00Z,9.821610450744629,9.82800006866455,9.812899589538574,9.82666015625,0
2026-09-17T10:00:00Z,9.826519966125488,9.831100463867188,9.819100379943848,9.826370239257812,0
2026-09-17T11:00:00Z,9.826040267944336,9.833279609680176,9.819299697875977,9.820759773254395,0
2026-09-17T12:00:00Z,9.82096004486084,9.82450008392334,9.786860466003418,9.80381965637207,0
2026-09-17T13:00:00Z,9.804280281066895,9.812620162963867,9.792799949645996,9.793939590454102,0
2026-09-17T14:00:00Z,9.793100357055664,9.816229820251465,9.785730361938477,9.814800262451172,0
2026-09-17T15:00:00Z,9.814920425415039,9.82390022277832,9.810040473937988,9.819809913635254,0
2026-09-17T16:00:00Z,9.820679664611816,9.828300476074219,9.81881046295166,9.824799537658691,0
2026-09-17T17:00:00Z,9.824780464172363,9.827930450439453,9.8200101852417,9.8220796585083,0
2026-09-17T18:00:00Z,9.821720123291016,9.828900337219238,9.820110321044922,9.824009895324707,0
2026-09-17T19:00:00Z,9.824549674987793,9.824919700622559,9.816309928894043,9.821410179138184,0
2026-09-17T20:00:00Z,9.82211971282959,9.825630187988281,9.806900024414062,9.807120323181152,0
2026-09-17T21:00:00Z,9.816880226135254,9.816880226135254,9.792630195617676,9.804369926452637,0
2026-09-17T22:00:00Z,9.803999900817871,9.818920135498047,9.80055046081543,9.816010475158691,0
2026-09-17T23:00:00Z,9.816229820251465,9.823780059814453,9.81470012664795,9.823010444641113,0
2026-09-18T00:00:00Z,9.823010444641113,9.825160026550293,9.817310333251953,9.818860054016113,0
2026-09-18T01:00:00Z,9.818860054016113,9.823220252990723,9.814510345458984,9.814729690551758,0
2026-09-18T02:00:00Z,9.815279960632324,9.820480346679688,9.813799858093262,9.817219734191895,0
2026-09-18T03:00:00Z,9.816390037536621,9.81803035736084,9.80331039428711,9.80364990234375,0
2026-09-18T04:00:00Z,9.80364990234375,9.80679988861084,9.799599647521973,9.806059837341309,0
2026-09-18T05:00:00Z,9.806739807128906,9.812560081481934,9.805000305175781,9.809820175170898,0
2026-09-18T06:00:00Z,9.810750007629395,9.812910079956055,9.796699523925781,9.800089836120605,0
2026-09-18T07:00:00Z,9.800089836120605,9.815799713134766,9.797300338745117,9.812649726867676,0
2026-09-18T08:00:00Z,9.812600135803223,9.822099685668945,9.803000450134277,9.813559532165527,0
2026-09-18T09:00:00Z,9.813559532165527,9.822609901428223,9.810999870300293,9.819549560546875,0
2026-09-18T10:00:00Z,9.819649696350098,9.835399627685547,9.817890167236328,9.830690383911133,0
2026-09-18T11:00:00Z,9.830400466918945,9.855719566345215,9.82742977142334,9.847640037536621,0
2026-09-18T12:00:00Z,9.8477201461792,9.865220069885254,9.84138011932373,9.852580070495605,0
2026-09-18T13:00:00Z,9.852499961853027,9.864620208740234,9.8502197265625,9.863519668579102,0
2026-09-18T14:00:00Z,9.862799644470215,9.868729591369629,9.850509643554688,9.867839813232422,0
2026-09-18T15:00:00Z,9.867280006408691,9.873299598693848,9.856300354003906,9.862159729003906,0
2026-09-18T16:00:00Z,9.861849784851074,9.862520217895508,9.841910362243652,9.843079566955566,0
2026-09-18T17:00:00Z,9.843079566955566,9.843400001525879,9.829509735107422,9.834609985351562,0
2026-09-18T18:00:00Z,9.834259986877441,9.83530044555664,9.828669548034668,9.83191967010498,0
2026-09-18T19:00:00Z,9.83191967010498,9.833000183105469,9.824399948120117,9.830909729003906,0
2026-09-18T20:00:00Z,9.83135986328125,9.831999778747559,9.821000099182129,9.826109886169434,0
2026-09-18T21:00:00Z,9.828800201416016,9.828800201416016,9.828800201416016,9.828800201416016,0
2026-09-20T23:00:00Z,9.824799537658691,9.836540222167969,9.824339866638184,9.835709571838379,0
2026-09-21T00:00:00Z,9.835929870605469,9.841620445251465,9.82960033416748,9.834710121154785,0
2026-09-21T01:00:00Z,9.835350036621094,9.835350036621094,9.824609756469727,9.829110145568848,0
2026-09-21T02:00:00Z,9.829350471496582,9.840800285339355,9.828949928283691,9.83920955657959,0
2026-09-21T03:00:00Z,9.839400291442871,9.842080116271973,9.835410118103027,9.83687973022461,0
2026-09-21T04:00:00Z,9.836810111999512,9.838500022888184,9.832710266113281,9.83446979522705,0
2026-09-21T05:00:00Z,9.83446979522705,9.839659690856934,9.832110404968262,9.8377103805542,0
2026-09-21T06:00:00Z,9.838150024414062,9.841939926147461,9.833060264587402,9.836299896240234,0
2026-09-21T07:00:00Z,9.835599899291992,9.841910362243652,9.827739715576172,9.830450057983398,0
2026-09-21T08:00:00Z,9.830650329589844,9.831299781799316,9.818140029907227,9.825559616088867,0
2026-09-21T09:00:00Z,9.825400352478027,9.833459854125977,9.819809913635254,9.82859992980957,0
2026-09-21T10:00:00Z,9.828550338745117,9.833800315856934,9.825400352478027,9.82936954498291,0
2026-09-21T11:00:00Z,9.829540252685547,9.829580307006836,9.81110954284668,9.812219619750977,0
2026-09-21T12:00:00Z,9.812140464782715,9.824919700622559,9.804149627685547,9.820730209350586,0
2026-09-21T13:00:00Z,9.82036018371582,9.836020469665527,9.817009925842285,9.83390998840332,0
2026-09-21T14:00:00Z,9.834259986877441,9.842869758605957,9.825460433959961,9.828590393066406,0
2026-09-21T15:00:00Z,9.828550338745117,9.842100143432617,9.82544994354248,9.841119766235352,0
2026-09-21T16:00:00Z,9.840829849243164,9.843400001525879,9.829000473022461,9.833740234375,0
2026-09-21T17:00:00Z,9.833740234375,9.839500427246094,9.831399917602539,9.838310241699219,0
2026-09-21T18:00:00Z,9.838310241699219,9.84412956237793,9.836230278015137,9.838749885559082,0
2026-09-21T19:00:00Z,9.838919639587402,9.842720031738281,9.83230972290039,9.842599868774414,0
2026-09-21T20:00:00Z,9.842519760131836,9.845499992370605,9.834589958190918,9.836739540100098,0
2026-09-21T21:00:00Z,9.836999893188477,9.836999893188477,9.836999893188477,9.836999893188477,0
2026-09-21T22:00:00Z,9.836050033569336,9.839879989624023,9.8329496383667,9.836199760437012,0
2026-09-21T23:00:00Z,9.836259841918945,9.839929580688477,9.835800170898438,9.839200019836426,0
2026-09-22T00:00:00Z,9.839010238647461,9.83944034576416,9.830610275268555,9.83413028717041,0
2026-09-22T01:00:00Z,9.83413028717041,9.848099708557129,9.833189964294434,9.846240043640137,0
2026-09-22T02:00:00Z,9.845970153808594,9.847000122070312,9.831629753112793,9.833550453186035,0
2026-09-22T03:00:00Z,9.833550453186035,9.83489990234375,9.824649810791016,9.82721996307373,0
2026-09-22T04:00:00Z,9.82721996307373,9.83041000366211,9.825480461120605,9.826709747314453,0
2026-09-22T05:00:00Z,9.826789855957031,9.832980155944824,9.825200080871582,9.82824993133545,0
2026-09-22T06:00:00Z,9.828840255737305,9.846400260925293,9.827899932861328,9.834380149841309,0
2026-09-22T07:00:00Z,9.834380149841309,9.851519584655762,9.830109596252441,9.851320266723633,0
2026-09-22T08:00:00Z,9.850939750671387,9.86775016784668,9.805620193481445,9.824899673461914,0
2026-09-22T09:00:00Z,9.825149536132812,9.83446979522705,9.803139686584473,9.804659843444824,0
2026-09-22T10:00:00Z,9.804320335388184,9.813520431518555,9.791640281677246,9.798689842224121,0
2026-09-22T11:00:00Z,9.798709869384766,9.816200256347656,9.798029899597168,9.809120178222656,0
2026-09-22T12:00:00Z,9.809320449829102,9.820599555969238,9.799099922180176,9.81898021697998,0
2026-09-22T13:00:00Z,9.81879997253418,9.834400177001953,9.8085298538208,9.833219528198242,0
2026-09-22T14:00:00Z,9.833239555358887,9.852609634399414,9.825300216674805,9.850500106811523,0
2026-09-22T15:00:00Z,9.850950241088867,9.873350143432617,9.847599983215332,9.871520042419434,0
2026-09-22T16:00:00Z,9.871410369873047,9.878430366516113,9.85789966583252,9.85986042022705,0
2026-09-22T17:00:00Z,9.859789848327637,9.864999771118164,9.845159530639648,9.849780082702637,0
2026-09-22T18:00:00Z,9.849780082702637,9.852219581604004,9.843899726867676,9.8477201461792,0
2026-09-22T19:00:00Z,9.847419738769531,9.848199844360352,9.825349807739258,9.835419654846191,0
2026-09-22T20:00:00Z,9.835320472717285,9.836819648742676,9.828310012817383,9.829219818115234,0
2026-09-22T21:00:00Z,9.826419830322266,9.828330039978027,9.826419830322266,9.82781982421875,0
2026-09-22T22:00:00Z,9.828319549560547,9.833620071411133,9.825699806213379,9.831040382385254,0
2026-09-22T23:00:00Z,9.830499649047852,9.834250450134277,9.829000473022461,9.833789825439453,0
2026-09-23T00:00:00Z,9.833919525146484,9.837599754333496,9.831239700317383,9.835570335388184,0
2026-09-23T01:00:00Z,9.835570335388184,9.848139762878418,9.835570335388184,9.84512996673584,0
2026-09-23T02:00:00Z,9.845330238342285,9.854399681091309,9.844490051269531,9.851750373840332,0
2026-09-23T03:00:00Z,9.851750373840332,9.855409622192383,9.849909782409668,9.854840278625488,0
2026-09-23T04:00:00Z,9.854840278625488,9.856049537658691,9.846220016479492,9.850119590759277,0
2026-09-23T05:00:00Z,9.850170135498047,9.857099533081055,9.847789764404297,9.854410171508789,0
2026-09-23T06:00:00Z,9.854940414428711,9.859600067138672,9.846699714660645,9.856220245361328,0
2026-09-23T07:00:00Z,9.856340408325195,9.86812973022461,9.854999542236328,9.862759590148926,0
2026-09-23T08:00:00Z,9.862409591674805,9.863149642944336,9.840689659118652,9.84887981414795,0
2026-09-23T09:00:00Z,9.849120140075684,9.875479698181152,9.846570014953613,9.873720169067383,0
2026-09-23T10:00:00Z,9.873430252075195,9.876520156860352,9.86299991607666,9.865249633789062,0
2026-09-23T11:00:00Z,9.865249633789062,9.883899688720703,9.861300468444824,9.871899604797363,0
2026-09-23T12:00:00Z,9.872320175170898,9.896989822387695,9.870499610900879,9.884200096130371,0
2026-09-23T13:00:00Z,9.884830474853516,9.918700218200684,9.877300262451172,9.90414047241211,0
2026-09-23T14:00:00Z,9.904769897460938,9.917309761047363,9.885109901428223,9.898520469665527,0
2026-09-23T15:00:00Z,9.898650169372559,9.917369842529297,9.896309852600098,9.910840034484863,0
2026-09-23T16:00:00Z,9.910470008850098,9.935040473937988,9.9066801071167,9.93340015411377,0
2026-09-23T17:00:00Z,9.933429718017578,9.946220397949219,9.910490036010742,9.912059783935547,0
2026-09-23T18:00:00Z,9.912059783935547,9.923819541931152,9.908140182495117,9.915889739990234,0
2026-09-23T19:00:00Z,9.915399551391602,9.918219566345215,9.90857982635498,9.910900115966797,0
2026-09-23T20:00:00Z,9.911219596862793,9.920960426330566,9.90530014038086,9.917440414428711,0
2026-09-23T21:00:00Z,9.916250228881836,9.921299934387207,9.912910461425781,9.912910461425781,0
2026-09-23T22:00:00Z,9.916839599609375,9.917229652404785,9.90839958190918,9.912949562072754,0
2026-09-23T23:00:00Z,9.913820266723633,9.918519973754883,9.911399841308594,9.917510032653809,0
2026-09-24T00:00:00Z,9.917510032653809,9.934849739074707,9.909600257873535,9.927510261535645,0
2026-09-24T01:00:00Z,9.927860260009766,9.929420471191406,9.917610168457031,9.92605972290039,0
2026-09-24T02:00:00Z,9.926779747009277,9.935770034790039,9.912810325622559,9.914719581604004,0
2026-09-24T03:00:00Z,9.914030075073242,9.923649787902832,9.910810470581055,9.920439720153809,0
2026-09-24T04:00:00Z,9.920439720153809,9.923910140991211,9.913069725036621,9.915109634399414,0
2026-09-24T05:00:00Z,9.915419578552246,9.927599906921387,9.912110328674316,9.926289558410645,0
2026-09-24T06:00:00Z,9.926199913024902,9.927809715270996,9.90254020690918,9.909700393676758,0
2026-09-24T07:00:00Z,9.909700393676758,9.915410041809082,9.866700172424316,9.88424015045166,0
2026-09-24T08:00:00Z,9.88403034210205,9.912919998168945,9.870719909667969,9.908209800720215,0
2026-09-24T09:00:00Z,9.90839958190918,9.917799949645996,9.882439613342285,9.882530212402344,0
2026-09-24T10:00:00Z,9.883179664611816,9.908120155334473,9.878800392150879,9.898420333862305,0
2026-09-24T11:00:00Z,9.898579597473145,9.913299560546875,9.890600204467773,9.906609535217285,0
2026-09-24T12:00:00Z,9.905900001525879,9.9197998046875,9.898940086364746,9.89976978302002,0
2026-09-24T13:00:00Z,9.89955997467041,9.91450023651123,9.893380165100098,9.901809692382812,0
2026-09-24T14:00:00Z,9.903209686279297,9.9341402053833,9.898300170898438,9.932250022888184,0
2026-09-24T15:00:00Z,9.932250022888184,9.956219673156738,9.931550025939941,9.93960952758789,0
2026-09-24T16:00:00Z,9.940460205078125,9.943940162658691,9.900019645690918,9.915080070495605,0
2026-09-24T17:00:00Z,9.915229797363281,9.934399604797363,9.906609535217285,9.930009841918945,0
2026-09-24T18:00:00Z,9.930669784545898,9.944510459899902,9.915610313415527,9.921609878540039,0
2026-09-24T19:00:00Z,9.920709609985352,9.929320335388184,9.916810035705566,9.920049667358398,0
2026-09-24T20:00:00Z,9.91880989074707,9.928520202636719,9.91316032409668,9.913559913635254,0
2026-09-24T22:00:00Z,9.914990425109863,9.924010276794434,9.914329528808594,9.923219680786133,0
2026-09-24T23:00:00Z,9.92416000366211,9.930060386657715,9.920999526977539,9.92965030670166,0
2026-09-25T00:00:00Z,9.929129600524902,9.931170463562012,9.920539855957031,9.92218017578125,0
2026-09-25T01:00:00Z,9.92218017578125,9.923800468444824,9.912220001220703,9.920700073242188,0
2026-09-25T02:00:00Z,9.920700073242188,9.928939819335938,9.915499687194824,9.927550315856934,0
2026-09-25T03:00:00Z,9.927550315856934,9.930299758911133,9.925000190734863,9.928059577941895,0
2026-09-25T04:00:00Z,9.928409576416016,9.931389808654785,9.925919532775879,9.926989555358887,0
2026-09-25T05:00:00Z,9.926989555358887,9.928299903869629,9.914050102233887,9.916359901428223,0
2026-09-25T06:00:00Z,9.916230201721191,9.918549537658691,9.902190208435059,9.906049728393555,0
2026-09-25T07:00:00Z,9.906049728393555,9.923319816589355,9.902600288391113,9.911649703979492,0
2026-09-25T08:00:00Z,9.911720275878906,9.917220115661621,9.897720336914062,9.902520179748535,0
2026-09-25T09:00:00Z,9.902660369873047,9.910440444946289,9.898500442504883,9.907179832458496,0
2026-09-25T10:00:00Z,9.90783977508545,9.912850379943848,9.895560264587402,9.91001033782959,0
2026-09-25T11:00:00Z,9.910710334777832,9.910710334777832,9.8916597366333,9.902770042419434,0
2026-09-25T12:00:00Z,9.903019905090332,9.907480239868164,9.89186954498291,9.903289794921875,0
2026-09-25T13:00:00Z,9.902669906616211,9.911660194396973,9.888680458068848,9.898449897766113,0
2026-09-25T14:00:00Z,9.898690223693848,9.9197998046875,9.896089553833008,9.909529685974121,0
2026-09-25T15:00:00Z,9.909589767456055,9.929220199584961,9.904069900512695,9.904069900512695,0
2026-09-25T16:00:00Z,9.904919624328613,9.91493034362793,9.88640022277832,9.91096019744873,0
2026-09-25T17:00:00Z,9.911239624023438,9.921899795532227,9.907320022583008,9.916020393371582,0
2026-09-25T18:00:00Z,9.915619850158691,9.916899681091309,9.9002103805542,9.903590202331543,0
2026-09-25T19:00:00Z,9.903590202331543,9.908049583435059,9.899519920349121,9.906620025634766,0
2026-09-25T20:00:00Z,9.907119750976562,9.916709899902344,9.902950286865234,9.914299964904785,0
2026-09-25T21:00:00Z,9.91450023651123,9.91450023651123,9.91450023651123,9.91450023651123,0
2026-09-27T23:00:00Z,9.928709983825684,9.938590049743652,9.92039966583252,9.932740211486816,0
2026-09-28T00:00:00Z,9.932740211486816,9.940299987792969,9.929100036621094,9.930830001831055,0
2026-09-28T01:00:00Z,9.930959701538086,9.93375015258789,9.922800064086914,9.925580024719238,0
2026-09-28T02:00:00Z,9.925399780273438,9.92866039276123,9.923689842224121,9.926759719848633,0
2026-09-28T03:00:00Z,9.926759719848633,9.931900024414062,9.921339988708496,9.929699897766113,0
2026-09-28T04:00:00Z,9.929840087890625,9.931360244750977,9.92156982421875,9.926070213317871,0
2026-09-28T05:00:00Z,9.926349639892578,9.940959930419922,9.924099922180176,9.934189796447754,0
2026-09-28T06:00:00Z,9.934060096740723,9.944700241088867,9.932530403137207,9.9412202835083,0
2026-09-28T07:00:00Z,9.941120147705078,9.947489738464355,9.929550170898438,9.934650421142578,0
2026-09-28T08:00:00Z,9.934510231018066,9.955739974975586,9.92609977722168,9.953399658203125,0
2026-09-28T09:00:00Z,9.953969955444336,9.964699745178223,9.950499534606934,9.962120056152344,0
2026-09-28T10:00:00Z,9.962180137634277,9.97152042388916,9.956500053405762,9.959540367126465,0
2026-09-28T11:00:00Z,9.959540367126465,9.967519760131836,9.95110034942627,9.952099800109863,0
2026-09-28T12:00:00Z,9.952099800109863,9.95971965789795,9.943300247192383,9.953330039978027,0
2026-09-28T13:00:00Z,9.952810287475586,9.965999603271484,9.94159984588623,9.951419830322266,0
2026-09-28T14:00:00Z,9.951120376586914,9.99020004272461,9.9443998336792,9.965760231018066,0
2026-09-28T15:00:00Z,9.965370178222656,9.971260070800781,9.95479965209961,9.961739540100098,0
2026-09-28T16:00:00Z,9.961739540100098,9.965669631958008,9.925169944763184,9.952859878540039,0
2026-09-28T17:00:00Z,9.952520370483398,9.957110404968262,9.93008041381836,9.945440292358398,0
2026-09-28T18:00:00Z,9.945440292358398,9.9579496383667,9.94340991973877,9.953089714050293,0
2026-09-28T19:00:00Z,9.95320987701416,9.9618501663208,9.95044994354248,9.961259841918945,0
2026-09-28T20:00:00Z,9.96090030670166,9.96403980255127,9.955610275268555,9.959549903869629,0
2026-09-28T21:00:00Z,9.946900367736816,9.95602035522461,9.93058967590332,9.937809944152832,0
2026-09-28T22:00:00Z,9.954509735107422,9.959309577941895,9.93008041381836,9.956709861755371,0
2026-09-28T23:00:00Z,9.956310272216797,9.960339546203613,9.95300006866455,9.959309577941895,0
2026-09-29T00:00:00Z,9.959320068359375,9.96992015838623,9.955659866333008,9.964630126953125,0
2026-09-29T01:00:00Z,9.96543025970459,9.96642017364502,9.96049976348877,9.962550163269043,0
2026-09-29T02:00:00Z,9.962320327758789,9.963199615478516,9.955499649047852,9.961629867553711,0
2026-09-29T03:00:00Z,9.961629867553711,9.974499702453613,9.960200309753418,9.972550392150879,0
2026-09-29T04:00:00Z,9.972550392150879,9.980779647827148,9.969019889831543,9.979330062866211,0
2026-09-29T05:00:00Z,9.979330062866211,9.994739532470703,9.97599983215332,9.987039566040039,0
2026-09-29T06:00:00Z,9.987369537353516,9.98820972442627,9.968600273132324,9.969420433044434,0
2026-09-29T07:00:00Z,9.970820426940918,9.998519897460938,9.967650413513184,9.99705982208252,0
2026-09-29T08:00:00Z,9.99746036529541,10.001729965209961,9.987489700317383,9.9975004196167,0
2026-09-29T09:00:00Z,9.99783992767334,10.016819953918457,9.996700286865234,10.00514030456543,0
2026-09-29T10:00:00Z,10.005419731140137,10.005999565124512,9.976630210876465,9.977680206298828,0
2026-09-29T11:00:00Z,9.97758960723877,9.98289966583252,9.966300010681152,9.973259925842285,0
2026-09-29T12:00:00Z,9.973259925842285,9.981900215148926,9.962400436401367,9.980999946594238,0
2026-09-29T13:00:00Z,9.981220245361328,9.995309829711914,9.976699829101562,9.986430168151855,0
2026-09-29T14:00:00Z,9.98561954498291,10.001299858093262,9.977100372314453,10.001150131225586,0
2026-09-29T15:00:00Z,10.001090049743652,10.021340370178223,9.999990463256836,10.008339881896973,0
2026-09-29T16:00:00Z,10.007619857788086,10.03439998626709,10.006319999694824,10.031379699707031,0
2026-09-29T17:00:00Z,10.031200408935547,10.032819747924805,10.018010139465332,10.025019645690918,0
2026-09-29T18:00:00Z,10.024479866027832,10.024909973144531,9.982419967651367,9.988229751586914,0
2026-09-29T19:00:00Z,9.988160133361816,9.99940013885498,9.986510276794434,9.994150161743164,0
2026-09-29T20:00:00Z,9.99407958984375,10.002400398254395,9.985320091247559,9.989290237426758,0
2026-09-29T21:00:00Z,9.986820220947266,9.987190246582031,9.96051025390625,9.973990440368652,0
2026-09-29T22:00:00Z,9.984020233154297,9.992130279541016,9.970999717712402,9.989279747009277,0
2026-09-29T23:00:00Z,9.99096965789795,9.994250297546387,9.982970237731934,9.991869926452637,0
2026-09-30T00:00:00Z,9.990099906921387,9.995070457458496,9.988189697265625,9.991209983825684,0
2026-09-30T01:00:00Z,9.992030143737793,9.997969627380371,9.985810279846191,9.995610237121582,0
2026-09-30T02:00:00Z,9.995650291442871,9.997389793395996,9.987409591674805,9.990509986877441,0
2026-09-30T03:00:00Z,9.990610122680664,9.998140335083008,9.98921012878418,9.997770309448242,0
2026-09-30T04:00:00Z,9.996649742126465,10.000809669494629,9.994609832763672,9.9962797164917,0
2026-09-30T05:00:00Z,9.996310234069824,9.998720169067383,9.979809761047363,9.985250473022461,0
2026-09-30T06:00:00Z,9.983710289001465,9.99351978302002,9.975199699401855,9.980850219726562,0
2026-09-30T07:00:00Z,9.981200218200684,9.985750198364258,9.969559669494629,9.978949546813965,0
2026-09-30T08:00:00Z,9.97854995727539,9.981639862060547,9.968729972839355,9.973529815673828,0
2026-09-30T09:00:00Z,9.974220275878906,9.988129615783691,9.97266960144043,9.977950096130371,0
2026-09-30T10:00:00Z,9.977950096130371,9.983799934387207,9.968999862670898,9.972089767456055,0
2026-09-30T11:00:00Z,9.97212028503418,9.986599922180176,9.971799850463867,9.980159759521484,0
2026-09-30T12:00:00Z,9.9795503616333,9.986700057983398,9.944700241088867,9.970890045166016,0
2026-09-30T13:00:00Z,9.970849990844727,9.987709999084473,9.963129997253418,9.98600959777832,0
2026-09-30T14:00:00Z,9.986000061035156,9.996600151062012,9.974020004272461,9.977149963378906,0
2026-09-30T15:00:00Z,9.977339744567871,9.999099731445312,9.976929664611816,9.996210098266602,0
2026-09-30T16:00:00Z,9.997130393981934,10.006400108337402,9.996299743652344,9.999059677124023,0
2026-09-30T17:00:00Z,9.998889923095703,10.001500129699707,9.994000434875488,10.000349998474121,0
