session_date,timestamp_utc,Open,High,Low,Close,Volume
2016-09-30,2016-09-30T00:00:00Z,8.570070266723633,8.628479957580566,8.558449745178223,8.572500228881836,0
2016-10-03,2016-10-03T00:00:00Z,8.578700065612793,8.589309692382812,8.523900032043457,8.581600189208984,0
2016-10-04,2016-10-04T00:00:00Z,8.571310043334961,8.63191032409668,8.56488037109375,8.571279525756836,0
2016-10-05,2016-10-05T00:00:00Z,8.596710205078125,8.614700317382812,8.55582046508789,8.597240447998047,0
2016-10-06,2016-10-06T00:00:00Z,8.588029861450195,8.629690170288086,8.582799911499023,8.591690063476562,0
2016-10-07,2016-10-07T00:00:00Z,8.632710456848145,8.674960136413574,8.601570129394531,8.624130249023438,0
2016-10-10,2016-10-10T00:00:00Z,8.631979942321777,8.667160034179688,8.62421989440918,8.6316499710083,0
2016-10-11,2016-10-11T00:00:00Z,8.647930145263672,8.822549819946289,8.647270202636719,8.64801025390625,0
2016-10-12,2016-10-12T00:00:00Z,8.81328010559082,8.846260070800781,8.802300453186035,8.81425952911377,0
2016-10-13,2016-10-13T00:00:00Z,8.854999542236328,8.870610237121582,8.796939849853516,8.854120254516602,0
2016-10-14,2016-10-14T00:00:00Z,8.792719841003418,8.836999893188477,8.779999732971191,8.795999526977539,0
2016-10-17,2016-10-17T00:00:00Z,8.843429565429688,8.844510078430176,8.804800033569336,8.843870162963867,0
2016-10-18,2016-10-18T00:00:00Z,8.801850318908691,8.833490371704102,8.783100128173828,8.79800033569336,0
2016-10-19,2016-10-19T00:00:00Z,8.831100463867188,8.850830078125,8.805100440979004,8.828880310058594,0
2016-10-20,2016-10-20T00:00:00Z,8.834919929504395,8.884510040283203,8.812620162963867,8.833700180053711,0
2016-10-21,2016-10-21T00:00:00Z,8.865579605102539,8.938570022583008,8.865579605102539,8.8677396774292,0
2016-10-24,2016-10-24T00:00:00Z,8.915599822998047,8.932629585266113,8.894800186157227,8.912199974060059,0
2016-10-25,2016-10-25T00:00:00Z,8.912670135498047,8.959830284118652,8.897700309753418,8.912969589233398,0
2016-10-26,2016-10-26T00:00:00Z,8.92704963684082,8.934309959411621,8.896599769592285,8.927160263061523,0
2016-10-27,2016-10-27T00:00:00Z,8.906970024108887,9.065970420837402,8.875840187072754,8.904840469360352,0
2016-10-28,2016-10-28T00:00:00Z,9.078539848327637,9.079790115356445,9.005800247192383,9.076149940490723,0
2016-10-31,2016-10-31T00:00:00Z,9.008600234985352,9.033809661865234,8.988200187683105,9.006699562072754,0
2016-11-01,2016-11-01T00:00:00Z,9.035300254821777,9.049110412597656,8.93690013885498,9.037139892578125,0
2016-11-02,2016-11-02T00:00:00Z,8.962249755859375,8.96858024597168,8.892009735107422,8.961700439453125,0
2016-11-03,2016-11-03T00:00:00Z,8.918399810791016,8.957079887390137,8.886099815368652,8.923600196838379,0
2016-11-04,2016-11-04T00:00:00Z,8.970939636230469,8.994540214538574,8.935290336608887,8.967900276184082,0
2016-11-07,2016-11-07T00:00:00Z,8.967040061950684,9.050149917602539,8.949310302734375,8.961859703063965,0
2016-11-08,2016-11-08T00:00:00Z,9.01414966583252,9.027210235595703,8.972000122070312,9.014519691467285,0
2016-11-09,2016-11-09T00:00:00Z,8.972800254821777,9.118470191955566,8.898859977722168,8.973600387573242,0
2016-11-10,2016-11-10T00:00:00Z,9.052900314331055,9.110300064086914,9.025799751281738,9.053339958190918,0
2016-11-11,2016-11-11T00:00:00Z,9.040769577026367,9.113100051879883,9.020000457763672,9.037199974060059,0
2016-11-14,2016-11-14T00:00:00Z,9.107629776000977,9.17710018157959,9.088600158691406,9.10750961303711,0
2016-11-15,2016-11-15T00:00:00Z,9.146499633789062,9.188719749450684,9.065930366516113,9.146610260009766,0
2016-11-16,2016-11-16T00:00:00Z,9.182900428771973,9.211509704589844,9.150799751281738,9.184009552001953,0
2016-11-17,2016-11-17T00:00:00Z,9.179100036621094,9.216730117797852,9.151399612426758,9.17805004119873,0
2016-11-18,2016-11-18T00:00:00Z,9.238900184631348,9.282119750976562,9.225930213928223,9.239370346069336,0
2016-11-21,2016-11-21T00:00:00Z,9.258939743041992,9.264289855957031,9.202300071716309,9.26123046875,0
2016-11-22,2016-11-22T00:00:00Z,9.209380149841309,9.260680198669434,9.190299987792969,9.209500312805176,0
2016-11-23,2016-11-23T00:00:00Z,9.21088981628418,9.291609764099121,9.200400352478027,9.21150016784668,0
2016-11-24,2016-11-24T00:00:00Z,9.285200119018555,9.306300163269043,9.214200019836426,9.282899856567383,0
2016-11-25,2016-11-25T00:00:00Z,9.24489974975586,9.263130187988281,9.205180168151855,9.243499755859375,0
2016-11-28,2016-11-28T00:00:00Z,9.231399536132812,9.248250007629395,9.167699813842773,9.229660034179688,0
2016-11-29,2016-11-29T00:00:00Z,9.198539733886719,9.243430137634277,9.189200401306152,9.194600105285645,0
2016-11-30,2016-11-30T00:00:00Z,9.174739837646484,9.239399909973145,9.13759994506836,9.175140380859375,0
2016-12-01,2016-12-01T00:00:00Z,9.228750228881836,9.252400398254395,9.196399688720703,9.227700233459473,0
2016-12-02,2016-12-02T00:00:00Z,9.217450141906738,9.224430084228516,9.186949729919434,9.21619987487793,0
2016-12-05,2016-12-05T00:00:00Z,9.24962043762207,9.267900466918945,9.136300086975098,9.236749649047852,0
2016-12-06,2016-12-06T00:00:00Z,9.124659538269043,9.141810417175293,9.109649658203125,9.125399589538574,0
2016-12-07,2016-12-07T00:00:00Z,9.130889892578125,9.140179634094238,9.05780029296875,9.128829956054688,0
2016-12-08,2016-12-08T00:00:00Z,9.069939613342285,9.163909912109375,9.01315975189209,9.067449569702148,0
2016-12-09,2016-12-09T00:00:00Z,9.12279987335205,9.198789596557617,9.119799613952637,9.122400283813477,0
2016-12-12,2016-12-12T00:00:00Z,9.19968032836914,9.210209846496582,9.155200004577637,9.197979927062988,0
2016-12-13,2016-12-13T00:00:00Z,9.158659934997559,9.173810005187988,9.137299537658691,9.160929679870605,0
2016-12-14,2016-12-14T00:00:00Z,9.16487979888916,9.177209854125977,9.133299827575684,9.165900230407715,0
2016-12-15,2016-12-15T00:00:00Z,9.277609825134277,9.404219627380371,9.26550006866455,9.278340339660645,0
2016-12-16,2016-12-16T00:00:00Z,9.40414047241211,9.44616985321045,9.348310470581055,9.40250015258789,0
2016-12-19,2016-12-19T00:00:00Z,9.35552978515625,9.394049644470215,9.327460289001465,9.353910446166992,0
2016-12-20,2016-12-20T00:00:00Z,9.373550415039062,9.407609939575195,9.349900245666504,9.372650146484375,0
2016-12-21,2016-12-21T00:00:00Z,9.349900245666504,9.356220245361328,9.219300270080566,9.348699569702148,0
2016-12-22,2016-12-22T00:00:00Z,9.22659969329834,9.22659969329834,9.148819923400879,9.223099708557129,0
2016-12-23,2016-12-23T00:00:00Z,9.221010208129883,9.240779876708984,9.190210342407227,9.218790054321289,0
2016-12-26,2016-12-26T00:00:00Z,9.212200164794922,9.240750312805176,9.169320106506348,9.211099624633789,0
2016-12-27,2016-12-27T00:00:00Z,9.19970989227295,9.249039649963379,9.19970989227295,9.200510025024414,0
2016-12-28,2016-12-28T00:00:00Z,9.220000267028809,9.22350025177002,9.185700416564941,9.220580101013184,0
2016-12-29,2016-12-29T00:00:00Z,9.19180965423584,9.19180965423584,9.111709594726562,9.19009017944336,0
2016-12-30,2016-12-30T00:00:00Z,9.066510200500488,9.11616039276123,9.031200408935547,9.066109657287598,0
2017-01-02,2017-01-02T00:00:00Z,9.091699600219727,9.132100105285645,9.078969955444336,9.081809997558594,0
2017-01-03,2017-01-03T00:00:00Z,9.121910095214844,9.199740409851074,9.09961986541748,9.121399879455566,0
2017-01-04,2017-01-04T00:00:00Z,9.15330982208252,9.174240112304688,9.104729652404785,9.151749610900879,0
2017-01-05,2017-01-05T00:00:00Z,9.095439910888672,9.095439910888672,9.003560066223145,9.093879699707031,0
2017-01-06,2017-01-06T00:00:00Z,8.997400283813477,9.075360298156738,8.992400169372559,8.996800422668457,0
2017-01-09,2017-01-09T00:00:00Z,9.06210994720459,9.090570449829102,9.049500465393066,9.061809539794922,0
2017-01-10,2017-01-10T00:00:00Z,9.034529685974121,9.058159828186035,9.002140045166016,9.034279823303223,0
2017-01-11,2017-01-11T00:00:00Z,9.081029891967773,9.152029991149902,9.054149627685547,9.080710411071777,0
2017-01-12,2017-01-12T00:00:00Z,9.014909744262695,9.031169891357422,8.899399757385254,9.0169095993042,0
2017-01-13,2017-01-13T00:00:00Z,8.947110176086426,8.957200050354004,8.895700454711914,8.947699546813965,0
2017-01-16,2017-01-16T00:00:00Z,8.923700332641602,8.9724702835083,8.907859802246094,8.925140380859375,0
2017-01-17,2017-01-17T00:00:00Z,8.948209762573242,8.951709747314453,8.872540473937988,8.948209762573242,0
2017-01-18,2017-01-18T00:00:00Z,8.896920204162598,8.941410064697266,8.888299942016602,8.897100448608398,0
2017-01-19,2017-01-19T00:00:00Z,8.94729995727539,9.020520210266113,8.92317008972168,8.951709747314453,0
2017-01-20,2017-01-20T00:00:00Z,8.95028018951416,8.956629753112793,8.894100189208984,8.950830459594727,0
2017-01-23,2017-01-23T00:00:00Z,8.88014030456543,8.880880355834961,8.830900192260742,8.876099586486816,0
2017-01-24,2017-01-24T00:00:00Z,8.834309577941895,8.852219581604004,8.816900253295898,8.832710266113281,0
2017-01-25,2017-01-25T00:00:00Z,8.851519584655762,8.868860244750977,8.806139945983887,8.850830078125,0
2017-01-26,2017-01-26T00:00:00Z,8.812809944152832,8.86100959777832,8.798399925231934,8.814929962158203,0
2017-01-27,2017-01-27T00:00:00Z,8.841279983520508,8.86931037902832,8.814470291137695,8.840399742126465,0
2017-01-30,2017-01-30T00:00:00Z,8.830599784851074,8.884499549865723,8.811699867248535,8.834050178527832,0
2017-01-31,2017-01-31T00:00:00Z,8.821009635925293,8.839810371398926,8.73727035522461,8.82056999206543,0
2017-02-01,2017-02-01T00:00:00Z,8.743969917297363,8.775609970092773,8.715900421142578,8.743410110473633,0
2017-02-03,2017-02-03T00:00:00Z,8.744400024414062,8.801690101623535,8.736000061035156,8.74878978729248,0
2017-02-06,2017-02-06T00:00:00Z,8.7669095993042,8.848409652709961,8.755319595336914,8.763799667358398,0
2017-02-07,2017-02-07T00:00:00Z,8.828909873962402,8.899410247802734,8.825900077819824,8.828359603881836,0
2017-02-08,2017-02-08T00:00:00Z,8.874099731445312,8.891759872436523,8.835809707641602,8.876930236816406,0
2017-02-09,2017-02-09T00:00:00Z,8.837499618530273,8.904009819030762,8.834400177001953,8.840709686279297,0
2017-02-10,2017-02-10T00:00:00Z,8.904809951782227,8.932479858398438,8.892900466918945,8.899700164794922,0
2017-02-13,2017-02-13T00:00:00Z,8.933309555053711,8.940170288085938,8.895700454711914,8.932310104370117,0
2017-02-14,2017-02-14T00:00:00Z,8.934300422668457,8.950550079345703,8.900400161743164,8.934100151062012,0
2017-02-15,2017-02-15T00:00:00Z,8.932550430297852,8.984910011291504,8.922189712524414,8.933679580688477,0
2017-02-16,2017-02-16T00:00:00Z,8.916600227355957,8.922430038452148,8.85984992980957,8.916500091552734,0
2017-02-17,2017-02-17T00:00:00Z,8.858499526977539,8.908510208129883,8.850099563598633,8.855400085449219,0
2017-02-20,2017-02-20T00:00:00Z,8.904170036315918,8.932609558105469,8.895299911499023,8.903450012207031,0
2017-02-21,2017-02-21T00:00:00Z,8.936980247497559,8.997159957885742,8.931900024414062,8.936409950256348,0
2017-02-22,2017-02-22T00:00:00Z,8.969220161437988,9.026410102844238,8.956700325012207,8.971320152282715,0
2017-02-23,2017-02-23T00:00:00Z,8.97089958190918,8.997719764709473,8.96090030670166,8.972100257873535,0
2017-02-24,2017-02-24T00:00:00Z,8.988699913024902,9.026510238647461,8.961000442504883,8.992449760437012,0
2017-02-27,2017-02-27T00:00:00Z,9.045249938964844,9.053810119628906,9.008399963378906,9.045209884643555,0
2017-02-28,2017-02-28T00:00:00Z,9.065290451049805,9.071969985961914,9.004509925842285,9.061699867248535,0
2017-03-01,2017-03-01T00:00:00Z,9.044910430908203,9.07567024230957,9.022279739379883,9.046509742736816,0
2017-03-02,2017-03-02T00:00:00Z,9.054880142211914,9.073780059814453,9.027999877929688,9.059189796447754,0
2017-03-03,2017-03-03T00:00:00Z,9.082489967346191,9.086179733276367,9.009599685668945,9.078399658203125,0
2017-03-06,2017-03-06T00:00:00Z,8.978799819946289,9.011810302734375,8.964300155639648,8.980210304260254,0
2017-03-07,2017-03-07T00:00:00Z,9.017129898071289,9.026809692382812,8.992400169372559,9.021149635314941,0
2017-03-08,2017-03-08T00:00:00Z,9.012009620666504,9.0377197265625,8.999699592590332,9.010970115661621,0
2017-03-09,2017-03-09T00:00:00Z,9.046899795532227,9.063360214233398,9.002799987792969,9.049209594726562,0
2017-03-13,2017-03-13T00:00:00Z,8.996950149536133,9.002209663391113,8.941100120544434,8.99491024017334,0
2017-03-14,2017-03-14T00:00:00Z,8.937459945678711,8.963020324707031,8.910810470581055,8.940710067749023,0
2017-03-15,2017-03-15T00:00:00Z,8.957550048828125,9.00967025756836,8.945699691772461,8.964110374450684,0
2017-03-16,2017-03-16T00:00:00Z,8.871100425720215,8.88385009765625,8.81620979309082,8.87147045135498,0
2017-03-17,2017-03-17T00:00:00Z,8.812310218811035,8.826310157775879,8.785200119018555,8.809300422668457,0
2017-03-20,2017-03-20T00:00:00Z,8.826160430908203,8.850509643554688,8.798199653625488,8.82664966583252,0
2017-03-21,2017-03-21T00:00:00Z,8.821539878845215,8.823410034179688,8.771599769592285,8.823129653930664,0
2017-03-22,2017-03-22T00:00:00Z,8.796600341796875,8.840069770812988,8.769450187683105,8.795989990234375,0
2017-03-23,2017-03-23T00:00:00Z,8.798370361328125,8.822210311889648,8.785079956054688,8.79677963256836,0
2017-03-24,2017-03-24T00:00:00Z,8.82289981842041,8.846719741821289,8.80370044708252,8.824159622192383,0
2017-03-27,2017-03-27T00:00:00Z,8.782750129699707,8.787850379943848,8.760210037231445,8.7816801071167,0
2017-03-28,2017-03-28T00:00:00Z,8.78361988067627,8.793769836425781,8.765600204467773,8.785550117492676,0
2017-03-29,2017-03-29T00:00:00Z,8.827369689941406,8.900190353393555,8.816880226135254,8.827170372009277,0
2017-03-30,2017-03-30T00:00:00Z,8.868840217590332,8.9173002243042,8.868840217590332,8.870739936828613,0
2017-03-31,2017-03-31T00:00:00Z,8.929420471191406,8.94851016998291,8.914999961853027,8.932729721069336,0
2017-04-03,2017-04-03T00:00:00Z,8.959199905395508,8.97760009765625,8.908900260925293,8.958649635314941,0
2017-04-04,2017-04-04T00:00:00Z,8.957189559936523,9.03335952758789,8.95419979095459,8.95580005645752,0
2017-04-05,2017-04-05T00:00:00Z,8.996509552001953,9.006660461425781,8.951399803161621,8.99219036102295,0
2017-04-06,2017-04-06T00:00:00Z,8.978400230407715,9.0131196975708,8.970490455627441,8.97992992401123,0
2017-04-07,2017-04-07T00:00:00Z,9.0201997756958,9.06620979309082,9.000900268554688,9.022850036621094,0
2017-04-10,2017-04-10T00:00:00Z,9.077210426330566,9.095959663391113,9.05840015411377,9.07688045501709,0
2017-04-11,2017-04-11T00:00:00Z,9.0720796585083,9.098199844360352,9.02750015258789,9.0731201171875,0
2017-04-12,2017-04-12T00:00:00Z,9.05228042602539,9.057660102844238,9.005200386047363,9.052519798278809,0
2017-04-13,2017-04-13T00:00:00Z,8.96969985961914,9.034350395202637,8.945099830627441,8.97068977355957,0
2017-04-14,2017-04-14T00:00:00Z,9.035340309143066,9.045809745788574,9.018250465393066,9.03551959991455,0
2017-04-17,2017-04-17T00:00:00Z,9.036109924316406,9.039340019226074,8.976240158081055,9.03656005859375,0
2017-04-18,2017-04-18T00:00:00Z,8.998310089111328,9.008779525756836,8.951199531555176,8.998970031738281,0
2017-04-19,2017-04-19T00:00:00Z,8.96133041381836,8.988499641418457,8.942000389099121,8.960659980773926,0
2017-04-20,2017-04-20T00:00:00Z,8.969949722290039,8.97821044921875,8.921839714050293,8.968810081481934,0
2017-04-21,2017-04-21T00:00:00Z,8.98523998260498,9.03197956085205,8.970600128173828,8.98684024810791,0
2017-04-24,2017-04-24T00:00:00Z,8.837409973144531,8.884340286254883,8.798399925231934,8.83810043334961,0
2017-04-25,2017-04-25T00:00:00Z,8.85653018951416,8.875439643859863,8.771900177001953,8.857500076293945,0
2017-04-26,2017-04-26T00:00:00Z,8.7678804397583,8.798480033874512,8.747719764709473,8.768750190734863,0
2017-04-27,2017-04-27T00:00:00Z,8.756400108337402,8.872010231018066,8.747480392456055,8.75570011138916,0
2017-04-28,2017-04-28T00:00:00Z,8.836090087890625,8.864689826965332,8.80210018157959,8.837160110473633,0
2017-05-01,2017-05-01T00:00:00Z,8.843420028686523,8.857270240783691,8.811100006103516,8.843159675598145,0
2017-05-02,2017-05-02T00:00:00Z,8.83987045288086,8.855330467224121,8.817899703979492,8.840999603271484,0
2017-05-03,2017-05-03T00:00:00Z,8.797060012817383,8.830400466918945,8.793800354003906,8.797800064086914,0
2017-05-04,2017-05-04T00:00:00Z,8.843420028686523,8.85888957977295,8.80679988861084,8.842399597167969,0
2017-05-05,2017-05-05T00:00:00Z,8.830120086669922,8.8471097946167,8.783599853515625,8.831769943237305,0
2017-05-08,2017-05-08T00:00:00Z,8.818869590759277,8.847740173339844,8.782500267028809,8.821450233459473,0
2017-05-09,2017-05-09T00:00:00Z,8.836620330810547,8.901570320129395,8.831600189208984,8.837719917297363,0
2017-05-10,2017-05-10T00:00:00Z,8.877220153808594,8.926369667053223,8.86620044708252,8.877400398254395,0
2017-05-11,2017-05-11T00:00:00Z,8.924819946289062,8.929309844970703,8.843009948730469,8.922120094299316,0
2017-05-12,2017-05-12T00:00:00Z,8.879260063171387,8.899109840393066,8.83080005645752,8.88047981262207,0
2017-05-15,2017-05-15T00:00:00Z,8.837820053100586,8.855910301208496,8.808600425720215,8.837590217590332,0
2017-05-16,2017-05-16T00:00:00Z,8.826419830322266,8.862099647521973,8.769980430603027,8.826510429382324,0
2017-05-17,2017-05-17T00:00:00Z,8.775799751281738,8.78849983215332,8.738109588623047,8.775839805603027,0
2017-05-18,2017-05-18T00:00:00Z,8.735309600830078,8.793339729309082,8.723299980163574,8.734000205993652,0
2017-05-19,2017-05-19T00:00:00Z,8.793399810791016,8.804730415344238,8.73486042022705,8.79561996459961,0
2017-05-22,2017-05-22T00:00:00Z,8.722800254821777,8.739190101623535,8.692520141601562,8.724410057067871,0
2017-05-23,2017-05-23T00:00:00Z,8.692899703979492,8.708979606628418,8.65386962890625,8.690879821777344,0
2017-05-24,2017-05-24T00:00:00Z,8.707050323486328,8.722880363464355,8.683500289916992,8.708419799804688,0
2017-05-25,2017-05-25T00:00:00Z,8.659600257873535,8.681229591369629,8.639699935913086,8.661230087280273,0
2017-05-26,2017-05-26T00:00:00Z,8.689399719238281,8.710209846496582,8.659600257873535,8.689709663391113,0
2017-05-29,2017-05-29T00:00:00Z,8.686450004577637,8.705389976501465,8.678330421447754,8.686320304870605,0
2017-05-30,2017-05-30T00:00:00Z,8.73134994506836,8.765569686889648,8.720000267028809,8.731200218200684,0
2017-05-31,2017-05-31T00:00:00Z,8.730030059814453,8.743049621582031,8.672380447387695,8.731100082397461,0
2017-06-01,2017-06-01T00:00:00Z,8.694169998168945,8.722869873046875,8.67590045928955,8.692529678344727,0
2017-06-02,2017-06-02T00:00:00Z,8.681380271911621,8.695090293884277,8.630599975585938,8.680379867553711,0
2017-06-05,2017-06-05T00:00:00Z,8.626609802246094,8.685589790344238,8.620200157165527,8.623220443725586,0
2017-06-06,2017-06-06T00:00:00Z,8.652130126953125,8.684539794921875,8.63640022277832,8.652939796447754,0
2017-06-07,2017-06-07T00:00:00Z,8.671680450439453,8.73488998413086,8.661800384521484,8.671649932861328,0
2017-06-08,2017-06-08T00:00:00Z,8.684800148010254,8.733380317687988,8.673600196838379,8.687040328979492,0
2017-06-09,2017-06-09T00:00:00Z,8.725099563598633,8.754659652709961,8.706100463867188,8.732430458068848,0
2017-06-12,2017-06-12T00:00:00Z,8.710570335388184,8.748889923095703,8.69629955291748,8.712430000305176,0
2017-06-13,2017-06-13T00:00:00Z,8.74625015258789,8.756139755249023,8.67039966583252,8.748140335083008,0
2017-06-14,2017-06-14T00:00:00Z,8.689169883728027,8.699629783630371,8.623499870300293,8.690199851989746,0
2017-06-15,2017-06-15T00:00:00Z,8.70359992980957,8.767250061035156,8.691800117492676,8.705690383911133,0
2017-06-16,2017-06-16T00:00:00Z,8.750909805297852,8.764639854431152,8.68589973449707,8.751669883728027,0
2017-06-19,2017-06-19T00:00:00Z,8.693499565124512,8.735989570617676,8.68690013885498,8.694270133972168,0
2017-06-20,2017-06-20T00:00:00Z,8.746509552001953,8.798850059509277,8.722299575805664,8.746370315551758,0
2017-06-21,2017-06-21T00:00:00Z,8.778989791870117,8.78950023651123,8.752699851989746,8.775099754333496,0
2017-06-22,2017-06-22T00:00:00Z,8.746310234069824,8.754190444946289,8.72439956665039,8.74705982208252,0
2017-06-23,2017-06-23T00:00:00Z,8.754549980163574,8.7601900100708,8.703900337219238,8.75100040435791,0
2017-06-26,2017-06-26T00:00:00Z,8.711799621582031,8.733110427856445,8.696769714355469,8.712980270385742,0
2017-06-27,2017-06-27T00:00:00Z,8.718339920043945,8.724209785461426,8.612540245056152,8.715100288391113,0
2017-06-28,2017-06-28T00:00:00Z,8.609769821166992,8.632200241088867,8.5447998046875,8.606599807739258,0
2017-06-29,2017-06-29T00:00:00Z,8.541110038757324,8.541239738464355,8.479599952697754,8.53773021697998,0
2017-06-30,2017-06-30T00:00:00Z,8.454999923706055,8.481889724731445,8.41759967803955,8.455300331115723,0
2017-07-03,2017-07-03T00:00:00Z,8.423469543457031,8.486570358276367,8.420499801635742,8.423609733581543,0
2017-07-04,2017-07-04T00:00:00Z,8.482799530029297,8.547800064086914,8.477999687194824,8.484029769897461,0
2017-07-05,2017-07-05T00:00:00Z,8.512120246887207,8.529359817504883,8.48550033569336,8.509300231933594,0
2017-07-06,2017-07-06T00:00:00Z,8.495050430297852,8.504260063171387,8.446599960327148,8.49209976196289,0
2017-07-07,2017-07-07T00:00:00Z,8.439979553222656,8.45248031616211,8.41709041595459,8.437150001525879,0
2017-07-10,2017-07-10T00:00:00Z,8.420100212097168,8.451959609985352,8.416500091552734,8.423199653625488,0
2017-07-12,2017-07-12T00:00:00Z,8.392200469970703,8.439909934997559,8.382800102233887,8.397290229797363,0
2017-07-13,2017-07-13T00:00:00Z,8.409600257873535,8.409600257873535,8.351900100708008,8.405599594116211,0
2017-07-14,2017-07-14T00:00:00Z,8.350199699401855,8.362680435180664,8.314640045166016,8.353171348571777,0
2017-07-17,2017-07-17T00:00:00Z,8.303299903869629,8.340330123901367,8.296600341796875,8.30640983581543,0
2017-07-18,2017-07-18T00:00:00Z,8.294099807739258,8.297439575195312,8.247900009155273,8.296520233154297,0
2017-07-19,2017-07-19T00:00:00Z,8.303890228271484,8.309720039367676,8.274200439453125,8.303409576416016,0
2017-07-20,2017-07-20T00:00:00Z,8.304909706115723,8.335439682006836,8.222999572753906,8.305500030517578,0
2017-07-21,2017-07-21T00:00:00Z,8.2222900390625,8.268400192260742,8.203920364379883,8.221480369567871,0
2017-07-24,2017-07-24T00:00:00Z,8.229789733886719,8.255149841308594,8.217300415039062,8.230130195617676,0
2017-07-25,2017-07-25T00:00:00Z,8.215680122375488,8.219820022583008,8.164799690246582,8.215789794921875,0
2017-07-26,2017-07-26T00:00:00Z,8.207169532775879,8.233699798583984,8.196900367736816,8.207579612731934,0
2017-07-27,2017-07-27T00:00:00Z,8.171799659729004,8.234479904174805,8.138910293579102,8.174489974975586,0
2017-07-28,2017-07-28T00:00:00Z,8.208769798278809,8.221349716186523,8.10569953918457,8.210200309753418,0
2017-07-31,2017-07-31T00:00:00Z,8.10785961151123,8.139849662780762,8.075811386108398,8.106760025024414,0
2017-08-01,2017-08-01T00:00:00Z,8.07651138305664,8.118849754333496,8.066900253295898,8.077380180358887,0
2017-08-02,2017-08-02T00:00:00Z,8.110509872436523,8.12263011932373,8.085029602050781,8.109609603881836,0
2017-08-03,2017-08-03T00:00:00Z,8.102479934692383,8.117939949035645,8.080160140991211,8.101499557495117,0
2017-08-04,2017-08-04T00:00:00Z,8.092530250549316,8.17080020904541,8.07919979095459,8.092140197753906,0
2017-08-07,2017-08-07T00:00:00Z,8.146889686584473,8.165740013122559,8.121439933776855,8.143619537353516,0
2017-08-08,2017-08-08T00:00:00Z,8.146289825439453,8.196800231933594,8.111109733581543,8.144969940185547,0
2017-08-09,2017-08-09T00:00:00Z,8.172670364379883,8.22562026977539,8.16919994354248,8.173620223999023,0
2017-08-10,2017-08-10T00:00:00Z,8.17199993133545,8.19299030303955,8.140899658203125,8.173629760742188,0
2017-08-11,2017-08-11T00:00:00Z,8.13582992553711,8.17350959777832,8.124930381774902,8.136289596557617,0
2017-08-14,2017-08-14T00:00:00Z,8.120200157165527,8.129610061645508,8.099200248718262,8.120030403137207,0
2017-08-15,2017-08-15T00:00:00Z,8.116920471191406,8.144309997558594,8.057950019836426,8.114700317382812,0
2017-08-16,2017-08-16T00:00:00Z,8.06980037689209,8.120809555053711,8.062230110168457,8.071430206298828,0
2017-08-17,2017-08-17T00:00:00Z,8.069620132446289,8.145339965820312,8.057100296020508,8.073610305786133,0
2017-08-18,2017-08-18T00:00:00Z,8.142250061035156,8.14531135559082,8.100299835205078,8.143320083618164,0
2017-08-21,2017-08-21T00:00:00Z,8.10984992980957,8.121910095214844,8.056500434875488,8.111470222473145,0
2017-08-22,2017-08-22T00:00:00Z,8.076080322265625,8.120229721069336,8.064499855041504,8.076009750366211,0
2017-08-23,2017-08-23T00:00:00Z,8.09850025177002,8.115610122680664,8.067299842834473,8.100680351257324,0
2017-08-24,2017-08-24T00:00:00Z,8.053119659423828,8.07919979095459,8.049830436706543,8.053409576416016,0
2017-08-25,2017-08-25T00:00:00Z,8.069430351257324,8.092109680175781,7.987730026245117,8.068499565124512,0
2017-08-29,2017-08-29T00:00:00Z,7.975649833679199,7.986519813537598,7.907110214233398,7.97760009765625,0
2017-08-30,2017-08-30T00:00:00Z,7.94005012512207,7.993130207061768,7.926599979400635,7.939610004425049,0
2017-08-31,2017-08-31T00:00:00Z,7.97298002243042,8.019430160522461,7.944610118865967,7.9710001945495605,0
2017-09-01,2017-09-01T00:00:00Z,7.938039779663086,8.00648021697998,7.913050174713135,7.937839984893799,0
2017-09-04,2017-09-04T00:00:00Z,7.974999904632568,7.987989902496338,7.946800231933594,7.978099822998047,0
2017-09-05,2017-09-05T00:00:00Z,7.962900161743164,7.9749298095703125,7.938529968261719,7.962409973144531,0
2017-09-06,2017-09-06T00:00:00Z,7.959740161895752,7.974520206451416,7.940000057220459,7.955399990081787,0
2017-09-07,2017-09-07T00:00:00Z,7.971189975738525,7.989749908447266,7.900390148162842,7.968090057373047,0
2017-09-08,2017-09-08T00:00:00Z,7.916100025177002,7.950990200042725,7.888169765472412,7.9186601638793945,0
2017-09-11,2017-09-11T00:00:00Z,7.9432501792907715,8.008310317993164,7.928999900817871,7.9417500495910645,0
2017-09-12,2017-09-12T00:00:00Z,8.00667953491211,8.022150039672852,7.957359790802002,8.003800392150879,0
2017-09-13,2017-09-13T00:00:00Z,7.9651899337768555,8.036809921264648,7.952829837799072,7.9654998779296875,0
2017-09-14,2017-09-14T00:00:00Z,8.029809951782227,8.05597972869873,8.003899574279785,8.030170440673828,0
2017-09-15,2017-09-15T00:00:00Z,7.988679885864258,8.00331974029541,7.936200141906738,7.986599922180176,0
2017-09-18,2017-09-18T00:00:00Z,7.966579914093018,7.9806599617004395,7.942080020904541,7.968939781188965,0
2017-09-19,2017-09-19T00:00:00Z,7.9573798179626465,7.969220161437988,7.931700229644775,7.953800201416016,0
2017-09-20,2017-09-20T00:00:00Z,7.95242977142334,7.9600701332092285,7.93149995803833,7.952630043029785,0
2017-09-21,2017-09-21T00:00:00Z,8.02556037902832,8.029560089111328,7.96435022354126,8.026350021362305,0
2017-09-22,2017-09-22T00:00:00Z,7.965360164642334,7.975500106811523,7.941699981689453,7.967289924621582,0
2017-09-25,2017-09-25T00:00:00Z,7.991879940032959,8.04811954498291,7.978400230407715,7.989299774169922,0
2017-09-26,2017-09-26T00:00:00Z,8.032999992370605,8.149700164794922,8.031100273132324,8.03633975982666,0
2017-09-27,2017-09-27T00:00:00Z,8.129130363464355,8.179759979248047,8.121899604797363,8.125639915466309,0
2017-09-28,2017-09-28T00:00:00Z,8.140800476074219,8.175200462341309,8.124799728393555,8.14428997039795,0
2017-09-29,2017-09-29T00:00:00Z,8.112799644470215,8.189990043640137,8.097009658813477,8.115209579467773,0
2017-10-02,2017-10-02T00:00:00Z,8.14503002166748,8.190159797668457,8.144000053405762,8.146989822387695,0
2017-10-03,2017-10-03T00:00:00Z,8.168511390686035,8.196220397949219,8.120699882507324,8.167280197143555,0
2017-10-04,2017-10-04T00:00:00Z,8.130270004272461,8.130270004272461,8.093079566955566,8.130260467529297,0
2017-10-05,2017-10-05T00:00:00Z,8.096500396728516,8.139419555664062,8.08180046081543,8.093700408935547,0
2017-10-06,2017-10-06T00:00:00Z,8.130900382995605,8.169699668884277,8.116100311279297,8.135040283203125,0
2017-10-09,2017-10-09T00:00:00Z,8.110320091247559,8.1326904296875,8.105199813842773,8.110560417175293,0
2017-10-10,2017-10-10T00:00:00Z,8.11989974975586,8.125300407409668,8.064680099487305,8.122710227966309,0
2017-10-11,2017-10-11T00:00:00Z,8.068329811096191,8.081330299377441,8.041000366210938,8.064800262451172,0
2017-10-12,2017-10-12T00:00:00Z,8.040969848632812,8.11201000213623,8.023799896240234,8.040840148925781,0
2017-10-13,2017-10-13T00:00:00Z,8.118300437927246,8.140509605407715,8.082730293273926,8.12228012084961,0
2017-10-16,2017-10-16T00:00:00Z,8.117239952087402,8.143409729003906,8.0968599319458,8.117440223693848,0
2017-10-17,2017-10-17T00:00:00Z,8.098899841308594,8.175580024719238,8.098899841308594,8.102259635925293,0
2017-10-18,2017-10-18T00:00:00Z,8.150910377502441,8.182551383972168,8.143400192260742,8.151639938354492,0
2017-10-19,2017-10-19T00:00:00Z,8.136540412902832,8.178799629211426,8.12228012084961,8.136211395263672,0
2017-10-20,2017-10-20T00:00:00Z,8.122810363769531,8.181389808654785,8.119199752807617,8.125510215759277,0
2017-10-23,2017-10-23T00:00:00Z,8.177651405334473,8.22284984588623,8.165300369262695,8.178279876708984,0
2017-10-24,2017-10-24T00:00:00Z,8.198381423950195,8.21360969543457,8.185500144958496,8.197699546813965,0
2017-10-25,2017-10-25T00:00:00Z,8.223690032958984,8.256500244140625,8.205900192260742,8.223719596862793,0
2017-10-26,2017-10-26T00:00:00Z,8.205900192260742,8.330209732055664,8.191450119018555,8.21045970916748,0
2017-10-27,2017-10-27T00:00:00Z,8.362520217895508,8.399740219116211,8.343689918518066,8.364649772644043,0
2017-10-30,2017-10-30T00:00:00Z,8.364370346069336,8.372719764709473,8.329999923706055,8.366729736328125,0
2017-10-31,2017-10-31T00:00:00Z,8.350520133972168,8.379890441894531,8.34220027923584,8.348409652709961,0
2017-11-01,2017-11-01T00:00:00Z,8.373881340026855,8.405659675598145,8.359640121459961,8.370499610900879,0
2017-11-02,2017-11-02T00:00:00Z,8.393899917602539,8.403429985046387,8.360090255737305,8.397299766540527,0
2017-11-03,2017-11-03T00:00:00Z,8.39291000366211,8.442000389099121,8.380000114440918,8.392609596252441,0
2017-11-06,2017-11-06T00:00:00Z,8.429889678955078,8.445699691772461,8.39523983001709,8.427200317382812,0
2017-11-07,2017-11-07T00:00:00Z,8.39507007598877,8.440739631652832,8.387499809265137,8.394339561462402,0
2017-11-08,2017-11-08T00:00:00Z,8.383879661560059,8.4002103805542,8.375200271606445,8.381799697875977,0
2017-11-09,2017-11-09T00:00:00Z,8.379989624023438,8.396180152893066,8.35319995880127,8.381629943847656,0
2017-11-10,2017-11-10T00:00:00Z,8.374500274658203,8.388790130615234,8.348600387573242,8.373279571533203,0
2017-11-13,2017-11-13T00:00:00Z,8.35632038116455,8.397839546203613,8.352899551391602,8.35708999633789,0
2017-11-14,2017-11-14T00:00:00Z,8.386619567871094,8.446490287780762,8.37185001373291,8.383199691772461,0
2017-11-15,2017-11-15T00:00:00Z,8.402139663696289,8.452210426330566,8.37852954864502,8.400440216064453,0
2017-11-17,2017-11-17T00:00:00Z,8.396610260009766,8.457320213317871,8.367300033569336,8.396089553833008,0
2017-11-20,2017-11-20T00:00:00Z,8.452099800109863,8.484880447387695,8.419300079345703,8.455679893493652,0
2017-11-21,2017-11-21T00:00:00Z,8.478759765625,8.526399612426758,8.418399810791016,8.47819995880127,0
2017-11-22,2017-11-22T00:00:00Z,8.425000190734863,8.442390441894531,8.373900413513184,8.431039810180664,0
2017-11-23,2017-11-23T00:00:00Z,8.340680122375488,8.341891288757324,8.293600082397461,8.340740203857422,0
2017-11-24,2017-11-24T00:00:00Z,8.294949531555176,8.31460952758789,8.27180004119873,8.294480323791504,0
2017-11-27,2017-11-27T00:00:00Z,8.282279968261719,8.311860084533691,8.273699760437012,8.283920288085938,0
2017-11-28,2017-11-28T00:00:00Z,8.28971004486084,8.345479965209961,8.282600402832031,8.289050102233887,0
2017-11-29,2017-11-29T00:00:00Z,8.339799880981445,8.385720252990723,8.313420295715332,8.340700149536133,0
2017-11-30,2017-11-30T00:00:00Z,8.369669914245605,8.396169662475586,8.315299987792969,8.368659973144531,0
2017-12-01,2017-12-01T00:00:00Z,8.379199981689453,8.384320259094238,8.341400146484375,8.382479667663574,0
2017-12-04,2017-12-04T00:00:00Z,8.38677978515625,8.42770004272461,8.366499900817871,8.385560035705566,0
2017-12-05,2017-12-05T00:00:00Z,8.419489860534668,8.456279754638672,8.376059532165527,8.419179916381836,0
2017-12-06,2017-12-06T00:00:00Z,8.3643798828125,8.438039779663086,8.329251289367676,8.362930297851562,0
2017-12-07,2017-12-07T00:00:00Z,8.420260429382324,8.469759941101074,8.416899681091309,8.417099952697754,0
2017-12-08,2017-12-08T00:00:00Z,8.484439849853516,8.515250205993652,8.453189849853516,8.486430168151855,0
2017-12-11,2017-12-11T00:00:00Z,8.457900047302246,8.498909950256348,8.434000015258789,8.461970329284668,0
2017-12-12,2017-12-12T00:00:00Z,8.49722957611084,8.522029876708984,8.405099868774414,8.499360084533691,0
2017-12-13,2017-12-13T00:00:00Z,8.415200233459473,8.458970069885254,8.401800155639648,8.415900230407715,0
2017-12-14,2017-12-14T00:00:00Z,8.409660339355469,8.445240020751953,8.353899955749512,8.406999588012695,0
2017-12-15,2017-12-15T00:00:00Z,8.439640045166016,8.518899917602539,8.414899826049805,8.439709663391113,0
2017-12-18,2017-12-18T00:00:00Z,8.499300003051758,8.506500244140625,8.406900405883789,8.498700141906738,0
2017-12-19,2017-12-19T00:00:00Z,8.435440063476562,8.44540023803711,8.405500411987305,8.433830261230469,0
2017-12-20,2017-12-20T00:00:00Z,8.406109809875488,8.409939765930176,8.318900108337402,8.402099609375,0
2017-12-21,2017-12-21T00:00:00Z,8.387960433959961,8.419930458068848,8.383600234985352,8.391969680786133,0
2017-12-22,2017-12-22T00:00:00Z,8.38772964477539,8.408309936523438,8.344969749450684,8.383749961853027,0
2017-12-25,2017-12-25T00:00:00Z,8.338199615478516,8.394700050354004,8.064040184020996,8.337300300598145,0
2017-12-26,2017-12-26T00:00:00Z,8.3185396194458,8.362509727478027,8.293930053710938,8.324199676513672,0
2017-12-27,2017-12-27T00:00:00Z,8.347800254821777,8.354419708251953,8.270159721374512,8.348779678344727,0
2017-12-28,2017-12-28T00:00:00Z,8.265299797058105,8.27007007598877,8.229999542236328,8.265270233154297,0
2017-12-29,2017-12-29T00:00:00Z,8.247400283813477,8.249170303344727,8.17063045501709,8.245719909667969,0
2018-01-01,2018-01-01T00:00:00Z,8.179900169372559,8.192399978637695,7.927949905395508,8.179900169372559,0
2018-01-02,2018-01-02T00:00:00Z,8.18021011352539,8.188870429992676,8.128299713134766,8.179450035095215,0
2018-01-03,2018-01-03T00:00:00Z,8.155900001525879,8.188699722290039,8.155799865722656,8.156900405883789,0
2018-01-04,2018-01-04T00:00:00Z,8.179900169372559,8.183989524841309,8.12279987335205,8.1806001663208,0
2018-01-05,2018-01-05T00:00:00Z,8.132749557495117,8.163921356201172,8.123200416564941,8.132089614868164,0
2018-01-08,2018-01-08T00:00:00Z,8.144599914550781,8.219880104064941,8.131699562072754,8.145621299743652,0
2018-01-09,2018-01-09T00:00:00Z,8.204569816589355,8.250280380249023,8.191100120544434,8.203499794006348,0
2018-01-10,2018-01-10T00:00:00Z,8.23528003692627,8.23723030090332,8.160240173339844,8.235600471496582,0
2018-01-11,2018-01-11T00:00:00Z,8.194680213928223,8.20398998260498,8.123900413513184,8.192000389099121,0
2018-01-12,2018-01-12T00:00:00Z,8.124070167541504,8.128589630126953,8.085800170898438,8.124110221862793,0
2018-01-15,2018-01-15T00:00:00Z,8.046199798583984,8.05916976928711,8.001999855041504,8.042400360107422,0
2018-01-16,2018-01-16T00:00:00Z,8.014180183410645,8.054300308227539,8.00391960144043,8.01216983795166,0
2018-01-17,2018-01-17T00:00:00Z,8.029800415039062,8.070819854736328,8.00625991821289,8.031901359558105,0
2018-01-18,2018-01-18T00:00:00Z,8.050530433654785,8.05700969696045,8.005800247192383,8.047869682312012,0
2018-01-19,2018-01-19T00:00:00Z,8.017510414123535,8.04224967956543,7.99822998046875,8.015299797058105,0
2018-01-22,2018-01-22T00:00:00Z,8.022199630737305,8.048230171203613,8.01200008392334,8.02280044555664,0
2018-01-23,2018-01-23T00:00:00Z,8.025099754333496,8.046449661254883,8.007699966430664,8.022600173950195,0
2018-01-24,2018-01-24T00:00:00Z,7.998479843139648,8.00829029083252,7.923799991607666,7.997230052947998,0
2018-01-25,2018-01-25T00:00:00Z,7.927189826965332,7.932549953460693,7.82859992980957,7.930799961090088,0
2018-01-26,2018-01-26T00:00:00Z,7.926770210266113,7.929890155792236,7.852859973907471,7.9265899658203125,0
2018-01-29,2018-01-29T00:00:00Z,7.865499973297119,7.912960052490234,7.862299919128418,7.869410037994385,0
2018-01-30,2018-01-30T00:00:00Z,7.883880138397217,7.9250102043151855,7.859399795532227,7.881400108337402,0
2018-01-31,2018-01-31T00:00:00Z,7.887629985809326,7.891260147094727,7.826630115509033,7.885459899902344,0
2018-02-01,2018-02-01T00:00:00Z,7.879759788513184,7.902609825134277,7.854000091552734,7.876299858093262,0
2018-02-02,2018-02-02T00:00:00Z,7.840109825134277,7.925730228424072,7.837600231170654,7.841819763183594,0
2018-02-05,2018-02-05T00:00:00Z,7.903850078582764,7.938660144805908,7.8780999183654785,7.903850078582764,0
2018-02-06,2018-02-06T00:00:00Z,7.979249954223633,8.007399559020996,7.927680015563965,7.979420185089111,0
2018-02-07,2018-02-07T00:00:00Z,7.945000171661377,8.042099952697754,7.934999942779541,7.947800159454346,0
2018-02-08,2018-02-08T00:00:00Z,8.081170082092285,8.139610290527344,8.04407024383545,8.07859992980957,0
2018-02-09,2018-02-09T00:00:00Z,8.103699684143066,8.156350135803223,8.087900161743164,8.10416030883789,0
2018-02-12,2018-02-12T00:00:00Z,8.089400291442871,8.111459732055664,8.059000015258789,8.089960098266602,0
2018-02-13,2018-02-13T00:00:00Z,8.057180404663086,8.067150115966797,8.02379035949707,8.053000450134277,0
2018-02-14,2018-02-14T00:00:00Z,8.027159690856934,8.103610038757324,7.987450122833252,8.025489807128906,0
2018-02-15,2018-02-15T00:00:00Z,7.940939903259277,7.973440170288086,7.912399768829346,7.941669940948486,0
2018-02-16,2018-02-16T00:00:00Z,7.921299934387207,7.971960067749023,7.896969795227051,7.926660060882568,0
2018-02-19,2018-02-19T00:00:00Z,7.963689804077148,8.004679679870605,7.947500228881836,7.964630126953125,0
2018-02-20,2018-02-20T00:00:00Z,7.988399982452393,8.101980209350586,7.984000205993652,7.990499973297119,0
2018-02-21,2018-02-21T00:00:00Z,8.095930099487305,8.111639976501465,8.07859992980957,8.096799850463867,0
2018-02-22,2018-02-22T00:00:00Z,8.118049621582031,8.147029876708984,8.097599983215332,8.119460105895996,0
2018-02-23,2018-02-23T00:00:00Z,8.118659973144531,8.184109687805176,8.117600440979004,8.120771408081055,0
2018-02-26,2018-02-26T00:00:00Z,8.178739547729492,8.182990074157715,8.121700286865234,8.179200172424316,0
2018-02-27,2018-02-27T00:00:00Z,8.150959968566895,8.23313045501709,8.13230037689209,8.151140213012695,0
2018-02-28,2018-02-28T00:00:00Z,8.229260444641113,8.310700416564941,8.217399597167969,8.225099563598633,0
2018-03-01,2018-03-01T00:00:00Z,8.291879653930664,8.316780090332031,8.256730079650879,8.292710304260254,0
2018-03-02,2018-03-02T00:00:00Z,8.243800163269043,8.286700248718262,8.22803020477295,8.244250297546387,0
2018-03-05,2018-03-05T00:00:00Z,8.245400428771973,8.28921127319336,8.236100196838379,8.247599601745605,0
2018-03-06,2018-03-06T00:00:00Z,8.25846004486084,8.273650169372559,8.20259952545166,8.257599830627441,0
2018-03-07,2018-03-07T00:00:00Z,8.204070091247559,8.259949684143066,8.201700210571289,8.204130172729492,0
2018-03-08,2018-03-08T00:00:00Z,8.225600242614746,8.276200294494629,8.211970329284668,8.227009773254395,0
2018-03-09,2018-03-09T00:00:00Z,8.271400451660156,8.274609565734863,8.226570129394531,8.268899917602539,0
2018-03-12,2018-03-12T00:00:00Z,8.2391996383667,8.266501426696777,8.218600273132324,8.24258041381836,0
2018-03-13,2018-03-13T00:00:00Z,8.237019538879395,8.250800132751465,8.19137954711914,8.236379623413086,0
2018-03-14,2018-03-14T00:00:00Z,8.21144962310791,8.21819019317627,8.174369812011719,8.210599899291992,0
2018-03-15,2018-03-15T00:00:00Z,8.179980278015137,8.189310073852539,8.152560234069824,8.180370330810547,0
2018-03-16,2018-03-16T00:00:00Z,8.182551383972168,8.20950984954834,8.171099662780762,8.181090354919434,0
2018-03-19,2018-03-19T00:00:00Z,8.193610191345215,8.225790023803711,8.16858959197998,8.191900253295898,0
2018-03-20,2018-03-20T00:00:00Z,8.161299705505371,8.205940246582031,8.15530014038086,8.163629531860352,0
2018-03-21,2018-03-21T00:00:00Z,8.215620040893555,8.227849960327148,8.195280075073242,8.215780258178711,0
2018-03-22,2018-03-22T00:00:00Z,8.186739921569824,8.249119758605957,8.158249855041504,8.185700416564941,0
2018-03-23,2018-03-23T00:00:00Z,8.239330291748047,8.2818603515625,8.22659969329834,8.239819526672363,0
2018-03-26,2018-03-26T00:00:00Z,8.2431001663208,8.24450969696045,8.177499771118164,8.239299774169922,0
2018-03-27,2018-03-27T00:00:00Z,8.185379981994629,8.255069732666016,8.169500350952148,8.177300453186035,0
2018-03-28,2018-03-28T00:00:00Z,8.22659969329834,8.330789566040039,8.217399597167969,8.22500991821289,0
2018-03-29,2018-03-29T00:00:00Z,8.352640151977539,8.383090019226074,8.331999778747559,8.354780197143555,0
2018-03-30,2018-03-30T00:00:00Z,8.357000350952148,8.361319541931152,8.324419975280762,8.354700088500977,0
2018-04-02,2018-04-02T00:00:00Z,8.350919723510742,8.396639823913574,8.32509994506836,8.35072135925293,0
2018-04-03,2018-04-03T00:00:00Z,8.394800186157227,8.400429725646973,8.354499816894531,8.395099639892578,0
2018-04-04,2018-04-04T00:00:00Z,8.387981414794922,8.415840148925781,8.37621021270752,8.388500213623047,0
2018-04-05,2018-04-05T00:00:00Z,8.389690399169922,8.440070152282715,8.38010025024414,8.390130043029785,0
2018-04-06,2018-04-06T00:00:00Z,8.421199798583984,8.450690269470215,8.38247013092041,8.421910285949707,0
2018-04-09,2018-04-09T00:00:00Z,8.391119956970215,8.39801025390625,8.342700004577637,8.392390251159668,0
2018-04-10,2018-04-10T00:00:00Z,8.357489585876465,8.366339683532715,8.289600372314453,8.357919692993164,0
2018-04-11,2018-04-11T00:00:00Z,8.29773998260498,8.329429626464844,8.292320251464844,8.297329902648926,0
2018-04-12,2018-04-12T00:00:00Z,8.3235502243042,8.44752025604248,8.315699577331543,8.324210166931152,0
2018-04-13,2018-04-13T00:00:00Z,8.406590461730957,8.455510139465332,8.398300170898438,8.405839920043945,0
2018-04-16,2018-04-16T00:00:00Z,8.469799995422363,8.485759735107422,8.397100448608398,8.471699714660645,0
2018-04-17,2018-04-17T00:00:00Z,8.413240432739258,8.42765998840332,8.396300315856934,8.412830352783203,0
2018-04-18,2018-04-18T00:00:00Z,8.400529861450195,8.425609588623047,8.373169898986816,8.400659561157227,0
2018-04-19,2018-04-19T00:00:00Z,8.3997802734375,8.409919738769531,8.370030403137207,8.3985595703125,0
2018-04-20,2018-04-20T00:00:00Z,8.405989646911621,8.463520050048828,8.399999618530273,8.404959678649902,0
2018-04-23,2018-04-23T00:00:00Z,8.453909873962402,8.50409984588623,8.444499969482422,8.451899528503418,0
2018-04-24,2018-04-24T00:00:00Z,8.515299797058105,8.527689933776855,8.490180015563965,8.517189979553223,0
2018-04-25,2018-04-25T00:00:00Z,8.508399963378906,8.565469741821289,8.503800392150879,8.506799697875977,0
2018-04-26,2018-04-26T00:00:00Z,8.556300163269043,8.66450023651123,8.527770042419434,8.555459976196289,0
2018-04-27,2018-04-27T00:00:00Z,8.656689643859863,8.738840103149414,8.640999794006348,8.654339790344238,0
2018-04-30,2018-04-30T00:00:00Z,8.671609878540039,8.768210411071777,8.647299766540527,8.66985034942627,0
2018-05-01,2018-05-01T00:00:00Z,8.745490074157715,8.868379592895508,8.737199783325195,8.742199897766113,0
2018-05-02,2018-05-02T00:00:00Z,8.839559555053711,8.930939674377441,8.819510459899902,8.841429710388184,0
2018-05-03,2018-05-03T00:00:00Z,8.91586971282959,8.916790008544922,8.831819534301758,8.914199829101562,0
2018-05-04,2018-05-04T00:00:00Z,8.808239936828613,8.860910415649414,8.79520034790039,8.805100440979004,0
2018-05-07,2018-05-07T00:00:00Z,8.81089973449707,8.86122989654541,8.786399841308594,8.813520431518555,0
2018-05-08,2018-05-08T00:00:00Z,8.828339576721191,8.851869583129883,8.789569854736328,8.824799537658691,0
2018-05-09,2018-05-09T00:00:00Z,8.807299613952637,8.853540420532227,8.679900169372559,8.806400299072266,0
2018-05-10,2018-05-10T00:00:00Z,8.704400062561035,8.710439682006836,8.611430168151855,8.708700180053711,0
2018-05-11,2018-05-11T00:00:00Z,8.644200325012207,8.662520408630371,8.567859649658203,8.64678955078125,0
2018-05-14,2018-05-14T00:00:00Z,8.586770057678223,8.615260124206543,8.56779956817627,8.586810111999512,0
2018-05-15,2018-05-15T00:00:00Z,8.634900093078613,8.755840301513672,8.60608959197998,8.638699531555176,0
2018-05-16,2018-05-16T00:00:00Z,8.694939613342285,8.759269714355469,8.668399810791016,8.69419002532959,0
2018-05-17,2018-05-17T00:00:00Z,8.693099975585938,8.753789901733398,8.678199768066406,8.695099830627441,0
2018-05-18,2018-05-18T00:00:00Z,8.739439964294434,8.765999794006348,8.716019630432129,8.736900329589844,0
2018-05-21,2018-05-21T00:00:00Z,8.761119842529297,8.7810697555542,8.69180965423584,8.75883960723877,0
2018-05-22,2018-05-22T00:00:00Z,8.673990249633789,8.703789710998535,8.63599967956543,8.673600196838379,0
2018-05-23,2018-05-23T00:00:00Z,8.68124008178711,8.801959991455078,8.679100036621094,8.680769920349121,0
2018-05-24,2018-05-24T00:00:00Z,8.74744987487793,8.771050453186035,8.720490455627441,8.746549606323242,0
2018-05-25,2018-05-25T00:00:00Z,8.761420249938965,8.785479545593262,8.674369812011719,8.758899688720703,0
2018-05-28,2018-05-28T00:00:00Z,8.739890098571777,8.821359634399414,8.710599899291992,8.734800338745117,0
2018-05-29,2018-05-29T00:00:00Z,8.82349967956543,8.97227954864502,8.806699752807617,8.822400093078613,0
2018-05-30,2018-05-30T00:00:00Z,8.97031021118164,8.986029624938965,8.797109603881836,8.9689302444458,0
2018-05-31,2018-05-31T00:00:00Z,8.809309959411621,8.850370407104492,8.747200012207031,8.811969757080078,0
2018-06-01,2018-06-01T00:00:00Z,8.8118896484375,8.87106990814209,8.774809837341309,8.812470436096191,0
2018-06-04,2018-06-04T00:00:00Z,8.817899703979492,8.817899703979492,8.733630180358887,8.81470012664795,0
2018-06-05,2018-06-05T00:00:00Z,8.753959655761719,8.791339874267578,8.731419563293457,8.750900268554688,0
2018-06-06,2018-06-06T00:00:00Z,8.740409851074219,8.751279830932617,8.70259952545166,8.740799903869629,0
2018-06-07,2018-06-07T00:00:00Z,8.724740028381348,8.725379943847656,8.65250015258789,8.722999572753906,0
2018-06-08,2018-06-08T00:00:00Z,8.702199935913086,8.772729873657227,8.689499855041504,8.703780174255371,0
2018-06-11,2018-06-11T00:00:00Z,8.697779655456543,8.714710235595703,8.643600463867188,8.694899559020996,0
2018-06-12,2018-06-12T00:00:00Z,8.667739868164062,8.687899589538574,8.591400146484375,8.663000106811523,0
2018-06-13,2018-06-13T00:00:00Z,8.636210441589355,8.6525297164917,8.59850025177002,8.633999824523926,0
2018-06-14,2018-06-14T00:00:00Z,8.604519844055176,8.720000267028809,8.57765007019043,8.605500221252441,0
2018-06-15,2018-06-15T00:00:00Z,8.748089790344238,8.820770263671875,8.733400344848633,8.744799613952637,0
2018-06-18,2018-06-18T00:00:00Z,8.796699523925781,8.86946964263916,8.7947998046875,8.798100471496582,0
2018-06-19,2018-06-19T00:00:00Z,8.817669868469238,8.94888973236084,8.806170463562012,8.816410064697266,0
2018-06-20,2018-06-20T00:00:00Z,8.890259742736816,8.92566967010498,8.859999656677246,8.89074993133545,0
2018-06-21,2018-06-21T00:00:00Z,8.875399589538574,8.947759628295898,8.869709968566895,8.877459526062012,0
2018-06-22,2018-06-22T00:00:00Z,8.887530326843262,8.89070987701416,8.825759887695312,8.88833999633789,0
2018-06-25,2018-06-25T00:00:00Z,8.856200218200684,8.915719985961914,8.848999977111816,8.859149932861328,0
2018-06-26,2018-06-26T00:00:00Z,8.842519760131836,8.873849868774414,8.81997013092041,8.844490051269531,0
2018-06-27,2018-06-27T00:00:00Z,8.878800392150879,8.939599990844727,8.872699737548828,8.877260208129883,0
2018-06-28,2018-06-28T00:00:00Z,8.972149848937988,9.035300254821777,8.957900047302246,8.968500137329102,0
2018-07-03,2018-07-03T00:00:00Z,8.963299751281738,8.978630065917969,8.817399978637695,8.961190223693848,0
2018-07-04,2018-07-04T00:00:00Z,8.831100463867188,8.832260131835938,8.76509952545166,8.83076000213623,0
2018-07-05,2018-07-05T00:00:00Z,8.780340194702148,8.797260284423828,8.727999687194824,8.777560234069824,0
2018-07-06,2018-07-06T00:00:00Z,8.763699531555176,8.791749954223633,8.716790199279785,8.7669095993042,0
2018-07-09,2018-07-09T00:00:00Z,8.718480110168457,8.751489639282227,8.679800033569336,8.715499877929688,0
2018-07-10,2018-07-10T00:00:00Z,8.714929580688477,8.771200180053711,8.70757007598877,8.715330123901367,0
2018-07-11,2018-07-11T00:00:00Z,8.748220443725586,8.788390159606934,8.738320350646973,8.750550270080566,0
2018-07-12,2018-07-12T00:00:00Z,8.816510200500488,8.881719589233398,8.77455997467041,8.813899993896484,0
2018-07-13,2018-07-13T00:00:00Z,8.875399589538574,8.935310363769531,8.856160163879395,8.873970031738281,0
2018-07-16,2018-07-16T00:00:00Z,8.89286994934082,8.89286994934082,8.808799743652344,8.889699935913086,0
2018-07-17,2018-07-17T00:00:00Z,8.816169738769531,8.830450057983398,8.771100044250488,8.81797981262207,0
2018-07-18,2018-07-18T00:00:00Z,8.840999603271484,8.885319709777832,8.833499908447266,8.83899974822998,0
2018-07-19,2018-07-19T00:00:00Z,8.85770034790039,8.953020095825195,8.846400260925293,8.861160278320312,0
2018-07-20,2018-07-20T00:00:00Z,8.896479606628418,8.926170349121094,8.857000350952148,8.897199630737305,0
2018-07-23,2018-07-23T00:00:00Z,8.844559669494629,8.859100341796875,8.827300071716309,8.843199729919434,0
2018-07-24,2018-07-24T00:00:00Z,8.858440399169922,8.890729904174805,8.805500030517578,8.858420372009277,0
2018-07-25,2018-07-25T00:00:00Z,8.820710182189941,8.829700469970703,8.777400016784668,8.819950103759766,0
2018-07-26,2018-07-26T00:00:00Z,8.745140075683594,8.80819034576416,8.737569808959961,8.745960235595703,0
2018-07-27,2018-07-27T00:00:00Z,8.807100296020508,8.866900444030762,8.794890403747559,8.809920310974121,0
2018-07-30,2018-07-30T00:00:00Z,8.830300331115723,8.846449851989746,8.7470703125,8.832869529724121,0
2018-07-31,2018-07-31T00:00:00Z,8.751749992370605,8.794599533081055,8.734700202941895,8.75275993347168,0
2018-08-01,2018-08-01T00:00:00Z,8.789400100708008,8.82234001159668,8.78320026397705,8.786999702453613,0
2018-08-02,2018-08-02T00:00:00Z,8.805780410766602,8.876259803771973,8.797800064086914,8.802559852600098,0
2018-08-03,2018-08-03T00:00:00Z,8.885000228881836,8.939530372619629,8.8774995803833,8.887040138244629,0
2018-08-06,2018-08-06T00:00:00Z,8.918600082397461,8.939040184020996,8.906000137329102,8.919130325317383,0
2018-08-07,2018-08-07T00:00:00Z,8.936229705810547,8.939709663391113,8.887700080871582,8.935600280761719,0
2018-08-08,2018-08-08T00:00:00Z,8.907719612121582,8.97251033782959,8.890199661254883,8.906000137329102,0
2018-08-09,2018-08-09T00:00:00Z,8.95199966430664,8.989899635314941,8.944199562072754,8.94890022277832,0
2018-08-10,2018-08-10T00:00:00Z,9.007710456848145,9.140800476074219,8.995800018310547,9.00469970703125,0
2018-08-13,2018-08-13T00:00:00Z,9.138299942016602,9.18120002746582,9.093600273132324,9.139699935913086,0
2018-08-14,2018-08-14T00:00:00Z,9.1220703125,9.132080078125,9.07880973815918,9.121800422668457,0
2018-08-15,2018-08-15T00:00:00Z,9.14169979095459,9.244720458984375,9.138999938964844,9.142900466918945,0
2018-08-16,2018-08-16T00:00:00Z,9.207429885864258,9.2156400680542,9.157699584960938,9.213000297546387,0
2018-08-17,2018-08-17T00:00:00Z,9.19176959991455,9.222029685974121,9.162500381469727,9.190799713134766,0
2018-08-20,2018-08-20T00:00:00Z,9.153840065002441,9.199090003967285,9.145400047302246,9.152000427246094,0
2018-08-21,2018-08-21T00:00:00Z,9.148690223693848,9.150520324707031,9.089030265808105,9.14706039428711,0
2018-08-22,2018-08-22T00:00:00Z,9.090200424194336,9.114060401916504,9.03969955444336,9.092060089111328,0
2018-08-23,2018-08-23T00:00:00Z,9.063360214233398,9.122909545898438,9.061100006103516,9.06488037109375,0
2018-08-24,2018-08-24T00:00:00Z,9.140609741210938,9.146300315856934,9.09850025177002,9.140199661254883,0
2018-08-27,2018-08-27T00:00:00Z,9.105790138244629,9.154640197753906,9.092100143432617,9.10004997253418,0
2018-08-28,2018-08-28T00:00:00Z,9.090920448303223,9.152350425720215,9.082300186157227,9.089690208435059,0
2018-08-29,2018-08-29T00:00:00Z,9.129500389099121,9.186599731445312,9.122599601745605,9.13368034362793,0
2018-08-30,2018-08-30T00:00:00Z,9.131589889526367,9.154629707336426,9.094300270080566,9.128999710083008,0
2018-08-31,2018-08-31T00:00:00Z,9.114100456237793,9.159819602966309,9.092849731445312,9.11832046508789,0
2018-09-03,2018-09-03T00:00:00Z,9.147199630737305,9.155400276184082,9.086799621582031,9.146300315856934,0
2018-09-04,2018-09-04T00:00:00Z,9.09572982788086,9.152250289916992,9.090700149536133,9.093549728393555,0
2018-09-05,2018-09-05T00:00:00Z,9.079629898071289,9.131170272827148,9.05109977722168,9.08076000213623,0
2018-09-06,2018-09-06T00:00:00Z,9.049519538879395,9.119979858398438,9.035920143127441,9.047900199890137,0
2018-09-07,2018-09-07T00:00:00Z,9.111209869384766,9.11929988861084,9.035360336303711,9.112059593200684,0
2018-09-10,2018-09-10T00:00:00Z,9.049180030822754,9.074760437011719,9.020600318908691,9.051050186157227,0
2018-09-11,2018-09-11T00:00:00Z,9.064229965209961,9.076930046081543,9.007499694824219,9.060700416564941,0
2018-09-12,2018-09-12T00:00:00Z,9.049389839172363,9.068940162658691,8.960040092468262,9.04990005493164,0
2018-09-13,2018-09-13T00:00:00Z,8.979490280151367,8.993419647216797,8.92609977722168,8.979780197143555,0
2018-09-14,2018-09-14T00:00:00Z,8.950200080871582,9.052989959716797,8.945699691772461,8.952619552612305,0
2018-09-17,2018-09-17T00:00:00Z,9.04580020904541,9.05049991607666,8.906609535217285,9.043600082397461,0
2018-09-19,2018-09-19T00:00:00Z,8.897970199584961,8.916760444641113,8.863789558410645,8.900659561157227,0
2018-09-20,2018-09-20T00:00:00Z,8.866129875183105,8.883500099182129,8.76099967956543,8.869290351867676,0
2018-09-21,2018-09-21T00:00:00Z,8.772259712219238,8.799300193786621,8.75586986541748,8.771750450134277,0
2018-09-24,2018-09-24T00:00:00Z,8.782449722290039,8.814849853515625,8.749500274658203,8.779600143432617,0
2018-09-25,2018-09-25T00:00:00Z,8.794949531555176,8.80426025390625,8.75879955291748,8.795140266418457,0
2018-09-26,2018-09-26T00:00:00Z,8.81389045715332,8.840800285339355,8.788599967956543,8.813949584960938,0
2018-09-27,2018-09-27T00:00:00Z,8.804750442504883,8.850709915161133,8.793800354003906,8.800399780273438,0
2018-09-28,2018-09-28T00:00:00Z,8.852339744567871,8.911840438842773,8.836799621582031,8.851940155029297,0
2018-10-01,2018-10-01T00:00:00Z,8.88599967956543,8.95143985748291,8.879599571228027,8.888799667358398,0
2018-10-03,2018-10-03T00:00:00Z,9.008700370788574,9.034720420837402,8.957839965820312,9.006999969482422,0
2018-10-04,2018-10-04T00:00:00Z,9.062529563903809,9.072030067443848,9.026689529418945,9.060199737548828,0
2018-10-05,2018-10-05T00:00:00Z,9.0556001663208,9.09922981262207,9.046019554138184,9.05447006225586,0
2018-10-08,2018-10-08T00:00:00Z,9.063909530639648,9.126749992370605,9.058799743652344,9.069000244140625,0
2018-10-09,2018-10-09T00:00:00Z,9.08178997039795,9.144539833068848,9.068329811096191,9.079299926757812,0
2018-10-10,2018-10-10T00:00:00Z,9.089099884033203,9.11868953704834,9.074999809265137,9.087909698486328,0
2018-10-11,2018-10-11T00:00:00Z,9.12720012664795,9.12720012664795,8.966079711914062,9.125940322875977,0
2018-10-12,2018-10-12T00:00:00Z,8.973489761352539,8.98231029510498,8.937410354614258,8.973600387573242,0
2018-10-15,2018-10-15T00:00:00Z,8.968600273132324,8.997739791870117,8.929400444030762,8.967860221862793,0
2018-10-16,2018-10-16T00:00:00Z,8.946709632873535,8.961979866027832,8.880399703979492,8.944100379943848,0
2018-10-17,2018-10-17T00:00:00Z,8.90824031829834,8.95343017578125,8.888699531555176,8.909720420837402,0
2018-10-18,2018-10-18T00:00:00Z,8.964070320129395,9.01984977722168,8.950149536132812,8.964920043945312,0
2018-10-19,2018-10-19T00:00:00Z,9.03987979888916,9.052650451660156,8.98268985748291,9.041899681091309,0
2018-10-22,2018-10-22T00:00:00Z,8.984100341796875,9.005499839782715,8.950019836425781,8.985699653625488,0
2018-10-23,2018-10-23T00:00:00Z,8.999990463256836,9.059969902038574,8.99590015411377,8.998430252075195,0
2018-10-24,2018-10-24T00:00:00Z,9.023070335388184,9.103659629821777,9.011580467224121,9.022270202636719,0
2018-10-25,2018-10-25T00:00:00Z,9.110600471496582,9.140230178833008,9.086299896240234,9.109000205993652,0
2018-10-26,2018-10-26T00:00:00Z,9.111599922180176,9.175399780273438,9.107890129089355,9.113200187683105,0
2018-10-29,2018-10-29T00:00:00Z,9.129159927368164,9.155540466308594,9.09749984741211,9.12913990020752,0
2018-10-30,2018-10-30T00:00:00Z,9.149310111999512,9.182649612426758,9.131999969482422,9.148659706115723,0
2018-10-31,2018-10-31T00:00:00Z,9.171939849853516,9.198399543762207,9.135510444641113,9.169300079345703,0
2018-11-01,2018-11-01T00:00:00Z,9.162210464477539,9.163100242614746,9.033679962158203,9.1596097946167,0
2018-11-02,2018-11-02T00:00:00Z,9.048580169677734,9.078740119934082,8.992409706115723,9.043800354003906,0
2018-11-05,2018-11-05T00:00:00Z,9.044400215148926,9.09788990020752,9.041600227355957,9.042499542236328,0
2018-11-06,2018-11-06T00:00:00Z,9.053799629211426,9.07787036895752,9.040300369262695,9.053400039672852,0
2018-11-07,2018-11-07T00:00:00Z,9.027999877929688,9.062910079956055,8.977399826049805,9.034720420837402,0
2018-11-08,2018-11-08T00:00:00Z,9.019499778747559,9.025199890136719,8.961649894714355,9.01749038696289,0
2018-11-09,2018-11-09T00:00:00Z,9.017550468444824,9.072549819946289,9.013299942016602,9.017979621887207,0
2018-11-12,2018-11-12T00:00:00Z,9.078900337219238,9.14501953125,9.073599815368652,9.081720352172852,0
2018-11-13,2018-11-13T00:00:00Z,9.149860382080078,9.149900436401367,9.047530174255371,9.144539833068848,0
2018-11-14,2018-11-14T00:00:00Z,9.038330078125,9.123600006103516,9.03380012512207,9.038700103759766,0
2018-11-15,2018-11-15T00:00:00Z,9.078499794006348,9.111499786376953,9.034589767456055,9.082679748535156,0
2018-11-16,2018-11-16T00:00:00Z,9.066880226135254,9.06875991821289,8.997249603271484,9.064299583435059,0
2018-11-19,2018-11-19T00:00:00Z,9.005209922790527,9.022170066833496,8.982279777526855,9.003000259399414,0
2018-11-20,2018-11-20T00:00:00Z,8.99530029296875,9.078900337219238,8.98486042022705,8.99779987335205,0
2018-11-21,2018-11-21T00:00:00Z,9.094490051269531,9.097829818725586,9.016799926757812,9.095390319824219,0
2018-11-22,2018-11-22T00:00:00Z,9.031149864196777,9.058289527893066,9.019949913024902,9.030280113220215,0
2018-11-23,2018-11-23T00:00:00Z,9.039560317993164,9.093029975891113,9.02161979675293,9.039159774780273,0
2018-11-26,2018-11-26T00:00:00Z,9.087699890136719,9.098310470581055,9.031000137329102,9.088780403137207,0
2018-11-27,2018-11-27T00:00:00Z,9.083700180053711,9.1141996383667,9.069700241088867,9.087180137634277,0
2018-11-28,2018-11-28T00:00:00Z,9.100110054016113,9.119460105895996,9.076800346374512,9.099499702453613,0
2018-11-29,2018-11-29T00:00:00Z,9.034669876098633,9.084099769592285,9.0006103515625,9.032480239868164,0
2018-11-30,2018-11-30T00:00:00Z,9.067760467529297,9.112770080566406,9.05795955657959,9.064000129699707,0
2018-12-03,2018-12-03T00:00:00Z,9.065699577331543,9.077230453491211,9.011699676513672,9.065500259399414,0
2018-12-04,2018-12-04T00:00:00Z,9.013400077819824,9.015600204467773,8.951169967651367,9.011670112609863,0
2018-12-05,2018-12-05T00:00:00Z,9.021200180053711,9.043499946594238,8.948260307312012,9.018959999084473,0
2018-12-06,2018-12-06T00:00:00Z,8.977270126342773,9.031900405883789,8.97070026397705,8.972399711608887,0
2018-12-07,2018-12-07T00:00:00Z,8.986189842224121,9.033519744873047,8.979100227355957,8.987380027770996,0
2018-12-10,2018-12-10T00:00:00Z,9.036890029907227,9.097979545593262,9.005350112915039,9.038900375366211,0
2018-12-11,2018-12-11T00:00:00Z,9.091500282287598,9.09712028503418,9.024399757385254,9.086899757385254,0
2018-12-12,2018-12-12T00:00:00Z,9.084010124206543,9.159899711608887,9.068400382995605,9.084230422973633,0
2018-12-13,2018-12-13T00:00:00Z,9.0862398147583,9.094099998474121,9.035369873046875,9.085700035095215,0
2018-12-14,2018-12-14T00:00:00Z,9.054140090942383,9.113120079040527,9.048910140991211,9.054530143737793,0
2018-12-17,2018-12-17T00:00:00Z,9.058919906616211,9.088399887084961,9.03339958190918,9.058899879455566,0
2018-12-18,2018-12-18T00:00:00Z,9.05210018157959,9.08450984954834,9.021599769592285,9.055020332336426,0
2018-12-19,2018-12-19T00:00:00Z,9.056739807128906,9.076760292053223,9.03279972076416,9.056139945983887,0
2018-12-20,2018-12-20T00:00:00Z,9.087499618530273,9.097749710083008,8.9266996383667,9.088239669799805,0
2018-12-21,2018-12-21T00:00:00Z,8.96522045135498,9.038949966430664,8.92555046081543,8.966130256652832,0
2018-12-24,2018-12-24T00:00:00Z,9.041799545288086,9.072779655456543,9.01099967956543,9.041190147399902,0
2018-12-25,2018-12-25T00:00:00Z,9.036430358886719,9.077199935913086,8.947790145874023,9.048100471496582,0
2018-12-26,2018-12-26T00:00:00Z,9.05698013305664,9.104809761047363,9.032569885253906,9.054389953613281,0
2018-12-27,2018-12-27T00:00:00Z,9.09175968170166,9.09175968170166,8.999199867248535,9.091010093688965,0
2018-12-31,2018-12-31T00:00:00Z,8.970399856567383,8.982199668884277,8.854860305786133,8.98009967803955,0
2019-01-01,2019-01-01T00:00:00Z,8.836910247802734,8.853899955749512,8.836910247802734,8.836910247802734,0
2019-01-02,2019-01-02T00:00:00Z,8.865309715270996,9.003820419311523,8.849699974060059,8.863499641418457,0
2019-01-03,2019-01-03T00:00:00Z,9.037010192871094,9.072710037231445,8.995499610900879,9.038000106811523,0
2019-01-04,2019-01-04T00:00:00Z,9.004579544067383,9.015990257263184,8.934200286865234,9.001399993896484,0
2019-01-08,2019-01-08T00:00:00Z,8.888400077819824,8.938249588012695,8.874600410461426,8.891949653625488,0
2019-01-09,2019-01-09T00:00:00Z,8.9102201461792,8.944519996643066,8.87279987335205,8.908699989318848,0
2019-01-10,2019-01-10T00:00:00Z,8.858389854431152,8.896699905395508,8.853899955749512,8.86320972442627,0
2019-01-11,2019-01-11T00:00:00Z,8.89229965209961,8.942290306091309,8.859800338745117,8.895400047302246,0
2019-01-14,2019-01-14T00:00:00Z,8.937190055847168,8.958970069885254,8.9170503616333,8.938590049743652,0
2019-01-15,2019-01-15T00:00:00Z,8.944490432739258,8.98721981048584,8.922659873962402,8.942999839782715,0
2019-01-16,2019-01-16T00:00:00Z,8.965290069580078,9.007769584655762,8.954899787902832,8.962800025939941,0
2019-01-17,2019-01-17T00:00:00Z,8.988579750061035,9.049369812011719,8.983699798583984,8.989500045776367,0
2019-01-18,2019-01-18T00:00:00Z,9.014240264892578,9.02318000793457,8.9822998046875,9.014220237731934,0
2019-01-21,2019-01-21T00:00:00Z,9.02299976348877,9.027830123901367,8.996700286865234,9.025699615478516,0
2019-01-22,2019-01-22T00:00:00Z,9.01183032989502,9.042119979858398,9.007800102233887,9.012680053710938,0
2019-01-23,2019-01-23T00:00:00Z,9.023119926452637,9.033909797668457,9.004210472106934,9.020299911499023,0
2019-01-24,2019-01-24T00:00:00Z,9.013299942016602,9.093560218811035,9.005200386047363,9.011300086975098,0
2019-01-25,2019-01-25T00:00:00Z,9.069729804992676,9.093460083007812,9.03689956665039,9.067890167236328,0
2019-01-28,2019-01-28T00:00:00Z,9.040949821472168,9.07925033569336,9.023300170898438,9.041449546813965,0
2019-01-29,2019-01-29T00:00:00Z,9.04990005493164,9.078840255737305,9.034709930419922,9.049799919128418,0
2019-01-30,2019-01-30T00:00:00Z,9.063909530639648,9.09829044342041,9.046099662780762,9.063739776611328,0
2019-01-31,2019-01-31T00:00:00Z,9.034850120544434,9.055549621582031,9.01039981842041,9.031999588012695,0
2019-02-01,2019-02-01T00:00:00Z,9.042559623718262,9.058589935302734,9.024410247802734,9.042989730834961,0
2019-02-04,2019-02-04T00:00:00Z,9.054450035095215,9.12427043914795,9.047300338745117,9.055899620056152,0
2019-02-05,2019-02-05T00:00:00Z,9.10713005065918,9.138310432434082,9.087200164794922,9.106809616088867,0
2019-02-07,2019-02-07T00:00:00Z,9.199560165405273,9.258170127868652,9.195099830627441,9.198590278625488,0
2019-02-08,2019-02-08T00:00:00Z,9.259969711303711,9.2837495803833,9.240819931030273,9.259969711303711,0
2019-02-11,2019-02-11T00:00:00Z,9.267999649047852,9.301409721374512,9.254980087280273,9.270719528198242,0
2019-02-12,2019-02-12T00:00:00Z,9.303199768066406,9.308300018310547,9.254400253295898,9.30364990234375,0
2019-02-13,2019-02-13T00:00:00Z,9.253899574279785,9.28285026550293,9.183509826660156,9.252519607543945,0
2019-02-14,2019-02-14T00:00:00Z,9.269180297851562,9.322790145874023,9.239899635314941,9.266500473022461,0
2019-02-15,2019-02-15T00:00:00Z,9.290940284729004,9.33253002166748,9.28207015991211,9.29004955291748,0
2019-02-18,2019-02-18T00:00:00Z,9.2739896774292,9.276200294494629,9.232199668884277,9.270500183105469,0
2019-02-19,2019-02-19T00:00:00Z,9.250530242919922,9.413000106811523,9.245400428771973,9.25059986114502,0
2019-02-20,2019-02-20T00:00:00Z,9.309679985046387,9.334199905395508,9.289199829101562,9.309630393981934,0
2019-02-21,2019-02-21T00:00:00Z,9.306779861450195,9.362750053405762,9.298999786376953,9.30370044708252,0
2019-02-22,2019-02-22T00:00:00Z,9.365349769592285,9.37024974822998,9.329000473022461,9.365240097045898,0
2019-02-25,2019-02-25T00:00:00Z,9.328800201416016,9.33882999420166,9.300040245056152,9.327199935913086,0
2019-02-26,2019-02-26T00:00:00Z,9.30840015411377,9.329460144042969,9.297599792480469,9.306309700012207,0
2019-02-27,2019-02-27T00:00:00Z,9.277190208435059,9.296879768371582,9.240839958190918,9.276639938354492,0
2019-02-28,2019-02-28T00:00:00Z,9.265769958496094,9.27278995513916,9.167699813842773,9.263529777526855,0
2019-03-01,2019-03-01T00:00:00Z,9.239700317382812,9.262749671936035,9.214200019836426,9.23550033569336,0
2019-03-04,2019-03-04T00:00:00Z,9.25100040435791,9.347430229187012,9.25100040435791,9.253820419311523,0
2019-03-05,2019-03-05T00:00:00Z,9.343279838562012,9.36793041229248,9.3016996383667,9.344329833984375,0
2019-03-06,2019-03-06T00:00:00Z,9.306900024414062,9.336549758911133,9.280619621276855,9.306229591369629,0
2019-03-07,2019-03-07T00:00:00Z,9.287099838256836,9.441160202026367,9.283900260925293,9.289239883422852,0
2019-03-08,2019-03-08T00:00:00Z,9.449799537658691,9.497610092163086,9.435099601745605,9.449700355529785,0
2019-03-11,2019-03-11T00:00:00Z,9.421799659729004,9.430259704589844,9.395959854125977,9.420299530029297,0
2019-03-12,2019-03-12T00:00:00Z,9.37108039855957,9.408120155334473,9.347999572753906,9.365400314331055,0
2019-03-13,2019-03-13T00:00:00Z,9.36719036102295,9.376899719238281,9.300519943237305,9.363300323486328,0
2019-03-14,2019-03-14T00:00:00Z,9.29104995727539,9.338069915771484,9.274900436401367,9.292119979858398,0
2019-03-15,2019-03-15T00:00:00Z,9.301289558410645,9.30303955078125,9.231499671936035,9.300479888916016,0
2019-03-18,2019-03-18T00:00:00Z,9.23490047454834,9.255279541015625,9.207300186157227,9.237899780273438,0
2019-03-19,2019-03-19T00:00:00Z,9.225899696350098,9.23779010772705,9.183699607849121,9.225299835205078,0
2019-03-20,2019-03-20T00:00:00Z,9.20479965209961,9.215499877929688,9.168600082397461,9.198100090026855,0
2019-03-21,2019-03-21T00:00:00Z,9.121899604797363,9.185179710388184,9.111000061035156,9.12339973449707,0
2019-03-22,2019-03-22T00:00:00Z,9.17218017578125,9.306480407714844,9.152099609375,9.16819953918457,0
2019-03-25,2019-03-25T00:00:00Z,9.265999794006348,9.281900405883789,9.211099624633789,9.263199806213379,0
2019-03-26,2019-03-26T00:00:00Z,9.238539695739746,9.248940467834473,9.21310043334961,9.23490047454834,0
2019-03-27,2019-03-27T00:00:00Z,9.234040260314941,9.28242015838623,9.225509643554688,9.233699798583984,0
2019-03-28,2019-03-28T00:00:00Z,9.27357006072998,9.346579551696777,9.262999534606934,9.270600318908691,0
2019-03-29,2019-03-29T00:00:00Z,9.285900115966797,9.293620109558105,9.242719650268555,9.285499572753906,0
2019-04-01,2019-04-01T00:00:00Z,9.273799896240234,9.285860061645508,9.23330020904541,9.276200294494629,0
2019-04-02,2019-04-02T00:00:00Z,9.287919998168945,9.341659545898438,9.281200408935547,9.284899711608887,0
2019-04-03,2019-04-03T00:00:00Z,9.32705020904541,9.32876968383789,9.254300117492676,9.32349967956543,0
2019-04-04,2019-04-04T00:00:00Z,9.258749961853027,9.284079551696777,9.252400398254395,9.25979995727539,0
2019-04-05,2019-04-05T00:00:00Z,9.280699729919434,9.297860145568848,9.258199691772461,9.281940460205078,0
2019-04-08,2019-04-08T00:00:00Z,9.291000366210938,9.305259704589844,9.231499671936035,9.293760299682617,0
2019-04-09,2019-04-09T00:00:00Z,9.263099670410156,9.266989707946777,9.226369857788086,9.266670227050781,0
2019-04-10,2019-04-10T00:00:00Z,9.251199722290039,9.291290283203125,9.231800079345703,9.249300003051758,0
2019-04-11,2019-04-11T00:00:00Z,9.261540412902832,9.277359962463379,9.230899810791016,9.257399559020996,0
2019-04-12,2019-04-12T00:00:00Z,9.283269882202148,9.289589881896973,9.244319915771484,9.282299995422363,0
2019-04-15,2019-04-15T00:00:00Z,9.261170387268066,9.263199806213379,9.240900039672852,9.258500099182129,0
2019-04-16,2019-04-16T00:00:00Z,9.267829895019531,9.280170440673828,9.241000175476074,9.263799667358398,0
2019-04-17,2019-04-17T00:00:00Z,9.260299682617188,9.26515007019043,9.212400436401367,9.256600379943848,0
2019-04-18,2019-04-18T00:00:00Z,9.24120044708252,9.332449913024902,9.236100196838379,9.241499900817871,0
2019-04-19,2019-04-19T00:00:00Z,9.303099632263184,9.308349609375,9.288299560546875,9.306360244750977,0
2019-04-22,2019-04-22T00:00:00Z,9.304900169372559,9.312800407409668,9.291399955749512,9.307979583740234,0
2019-04-23,2019-04-23T00:00:00Z,9.299799919128418,9.39076042175293,9.299799919128418,9.303389549255371,0
2019-04-24,2019-04-24T00:00:00Z,9.354299545288086,9.403380393981934,9.34469985961914,9.357250213623047,0
2019-04-25,2019-04-25T00:00:00Z,9.428899765014648,9.573430061340332,9.408499717712402,9.428999900817871,0
2019-04-26,2019-04-26T00:00:00Z,9.532919883728027,9.542409896850586,9.468589782714844,9.529399871826172,0
2019-04-29,2019-04-29T00:00:00Z,9.510299682617188,9.527999877929688,9.491299629211426,9.509300231933594,0
2019-04-30,2019-04-30T00:00:00Z,9.509969711303711,9.523759841918945,9.469300270080566,9.510069847106934,0
2019-05-01,2019-05-01T00:00:00Z,9.493180274963379,9.516510009765625,9.484000205993652,9.49332046508789,0
2019-05-02,2019-05-02T00:00:00Z,9.534870147705078,9.567440032958984,9.50879955291748,9.53639030456543,0
2019-05-03,2019-05-03T00:00:00Z,9.576299667358398,9.608260154724121,9.536239624023438,9.576849937438965,0
2019-05-06,2019-05-06T00:00:00Z,9.56814956665039,9.602109909057617,9.556500434875488,9.568320274353027,0
2019-05-07,2019-05-07T00:00:00Z,9.562399864196777,9.600769996643066,9.53969955444336,9.562800407409668,0
2019-05-08,2019-05-08T00:00:00Z,9.593130111694336,9.602860450744629,9.555100440979004,9.589300155639648,0
2019-05-09,2019-05-09T00:00:00Z,9.61046028137207,9.661720275878906,9.60569953918457,9.610230445861816,0
2019-05-10,2019-05-10T00:00:00Z,9.645770072937012,9.65900993347168,9.60299015045166,9.65032958984375,0
2019-05-13,2019-05-13T00:00:00Z,9.613900184631348,9.663780212402344,9.60165023803711,9.614100456237793,0
2019-05-14,2019-05-14T00:00:00Z,9.632209777832031,9.632699966430664,9.581100463867188,9.630499839782715,0
2019-05-15,2019-05-15T00:00:00Z,9.60789966583252,9.63722038269043,9.576499938964844,9.606100082397461,0
2019-05-16,2019-05-16T00:00:00Z,9.601300239562988,9.63185977935791,9.575599670410156,9.603230476379395,0
2019-05-17,2019-05-17T00:00:00Z,9.642900466918945,9.653420448303223,9.616479873657227,9.63949966430664,0
2019-05-20,2019-05-20T00:00:00Z,9.639129638671875,9.662489891052246,9.626399993896484,9.639849662780762,0
2019-05-21,2019-05-21T00:00:00Z,9.661100387573242,9.685879707336426,9.640600204467773,9.660099983215332,0
2019-05-23,2019-05-23T00:00:00Z,9.630399703979492,9.675200462341309,9.621370315551758,9.630149841308594,0
2019-05-24,2019-05-24T00:00:00Z,9.613710403442383,9.620940208435059,9.543709754943848,9.610099792480469,0
2019-05-27,2019-05-27T00:00:00Z,9.534420013427734,9.588820457458496,9.526300430297852,9.529500007629395,0
2019-05-28,2019-05-28T00:00:00Z,9.576899528503418,9.586939811706543,9.538999557495117,9.578200340270996,0
2019-05-29,2019-05-29T00:00:00Z,9.582489967346191,9.61301040649414,9.573100090026855,9.578900337219238,0
2019-05-30,2019-05-30T00:00:00Z,9.546520233154297,9.563170433044434,9.526599884033203,9.547209739685059,0
2019-05-31,2019-05-31T00:00:00Z,9.534749984741211,9.562640190124512,9.50220012664795,9.534049987792969,0
2019-06-03,2019-06-03T00:00:00Z,9.483099937438965,9.50825023651123,9.463700294494629,9.485779762268066,0
2019-06-04,2019-06-04T00:00:00Z,9.447409629821777,9.46854019165039,9.419119834899902,9.441699981689453,0
2019-06-05,2019-06-05T00:00:00Z,9.434209823608398,9.449210166931152,9.395959854125977,9.435020446777344,0
2019-06-06,2019-06-06T00:00:00Z,9.43649959564209,9.446260452270508,9.396699905395508,9.435999870300293,0
2019-06-07,2019-06-07T00:00:00Z,9.419099807739258,9.46537971496582,9.371760368347168,9.421030044555664,0
2019-06-10,2019-06-10T00:00:00Z,9.405790328979492,9.437410354614258,9.394599914550781,9.406240463256836,0
2019-06-11,2019-06-11T00:00:00Z,9.414870262145996,9.452659606933594,9.40466022491455,9.416199684143066,0
2019-06-12,2019-06-12T00:00:00Z,9.446109771728516,9.454350471496582,9.414170265197754,9.446040153503418,0
2019-06-13,2019-06-13T00:00:00Z,9.463709831237793,9.4939603805542,9.461099624633789,9.46660041809082,0
2019-06-14,2019-06-14T00:00:00Z,9.479299545288086,9.497949600219727,9.421910285949707,9.475799560546875,0
2019-06-17,2019-06-17T00:00:00Z,9.481849670410156,9.503700256347656,9.46500015258789,9.48108959197998,0
2019-06-18,2019-06-18T00:00:00Z,9.47070026397705,9.5287504196167,9.454899787902832,9.473810195922852,0
2019-06-19,2019-06-19T00:00:00Z,9.52688980102539,9.550749778747559,9.515999794006348,9.52853012084961,0
2019-06-20,2019-06-20T00:00:00Z,9.479740142822266,9.479740142822266,9.39352035522461,9.477299690246582,0
2019-06-21,2019-06-21T00:00:00Z,9.407600402832031,9.450420379638672,9.378020286560059,9.405019760131836,0
2019-06-24,2019-06-24T00:00:00Z,9.342960357666016,9.345319747924805,9.290399551391602,9.339599609375,0
2019-06-25,2019-06-25T00:00:00Z,9.275830268859863,9.29226016998291,9.237799644470215,9.276599884033203,0
2019-06-26,2019-06-26T00:00:00Z,9.284509658813477,9.297140121459961,9.243499755859375,9.28318977355957,0
2019-06-27,2019-06-27T00:00:00Z,9.25844955444336,9.288040161132812,9.249199867248535,9.258959770202637,0
2019-06-28,2019-06-28T00:00:00Z,9.2701997756958,9.291339874267578,9.251500129699707,9.267999649047852,0
2019-07-01,2019-07-01T00:00:00Z,9.290900230407715,9.33882999420166,9.277870178222656,9.290399551391602,0
2019-07-02,2019-07-02T00:00:00Z,9.358499526977539,9.361740112304688,9.314900398254395,9.356559753417969,0
2019-07-03,2019-07-03T00:00:00Z,9.330909729003906,9.36139965057373,9.290630340576172,9.330169677734375,0
2019-07-04,2019-07-04T00:00:00Z,9.304699897766113,9.334639549255371,9.293600082397461,9.302000045776367,0
2019-07-05,2019-07-05T00:00:00Z,9.318860054016113,9.461000442504883,9.31659984588623,9.319490432739258,0
2019-07-08,2019-07-08T00:00:00Z,9.436169624328613,9.463159561157227,9.419879913330078,9.433500289916992,0
2019-07-09,2019-07-09T00:00:00Z,9.459099769592285,9.497810363769531,9.450900077819824,9.458399772644043,0
2019-07-10,2019-07-10T00:00:00Z,9.472100257873535,9.479379653930664,9.407099723815918,9.467900276184082,0
2019-07-11,2019-07-11T00:00:00Z,9.412039756774902,9.412429809570312,9.367600440979004,9.40880012512207,0
2019-07-12,2019-07-12T00:00:00Z,9.383350372314453,9.389479637145996,9.356800079345703,9.37969970703125,0
2019-07-15,2019-07-15T00:00:00Z,9.36400032043457,9.377090454101562,9.34850025177002,9.366379737854004,0
2019-07-16,2019-07-16T00:00:00Z,9.347789764404297,9.400739669799805,9.343999862670898,9.34768009185791,0
2019-07-17,2019-07-17T00:00:00Z,9.389869689941406,9.403619766235352,9.351900100708008,9.386300086975098,0
2019-07-18,2019-07-18T00:00:00Z,9.364370346069336,9.37405014038086,9.347900390625,9.359800338745117,0
2019-07-19,2019-07-19T00:00:00Z,9.315879821777344,9.38346004486084,9.307900428771973,9.31624984741211,0
2019-07-22,2019-07-22T00:00:00Z,9.386590003967285,9.41366958618164,9.38010025024414,9.383399963378906,0
2019-07-23,2019-07-23T00:00:00Z,9.417309761047363,9.474769592285156,9.41349983215332,9.413599967956543,0
2019-07-24,2019-07-24T00:00:00Z,9.471599578857422,9.486339569091797,9.425200462341309,9.47089958190918,0
2019-07-26,2019-07-26T00:00:00Z,9.446900367736816,9.50298023223877,9.442899703979492,9.44540023803711,0
2019-07-29,2019-07-29T00:00:00Z,9.499870300292969,9.517069816589355,9.482259750366211,9.502099990844727,0
2019-07-30,2019-07-30T00:00:00Z,9.4862699508667,9.572930335998535,9.480899810791016,9.482399940490723,0
2019-07-31,2019-07-31T00:00:00Z,9.564379692077637,9.596329689025879,9.549599647521973,9.56427001953125,0
2019-08-01,2019-08-01T00:00:00Z,9.663430213928223,9.696880340576172,9.637700080871582,9.662520408630371,0
2019-08-02,2019-08-02T00:00:00Z,9.654000282287598,9.672849655151367,9.635100364685059,9.659130096435547,0
2019-08-05,2019-08-05T00:00:00Z,9.630419731140137,9.649680137634277,9.604900360107422,9.62660026550293,0
2019-08-06,2019-08-06T00:00:00Z,9.573740005493164,9.605369567871094,9.565199851989746,9.56980037689209,0
2019-08-07,2019-08-07T00:00:00Z,9.5720796585083,9.63955020904541,9.559900283813477,9.573229789733887,0
2019-08-08,2019-08-08T00:00:00Z,9.628689765930176,9.629500389099121,9.569700241088867,9.626299858093262,0
2019-08-09,2019-08-09T00:00:00Z,9.593740463256836,9.595199584960938,9.52340030670166,9.594200134277344,0
2019-08-12,2019-08-12T00:00:00Z,9.541430473327637,9.601799964904785,9.535900115966797,9.53948974609375,0
2019-08-13,2019-08-13T00:00:00Z,9.555899620056152,9.587380409240723,9.530200004577637,9.557259559631348,0
2019-08-14,2019-08-14T00:00:00Z,9.538089752197266,9.63640022277832,9.517200469970703,9.538299560546875,0
2019-08-15,2019-08-15T00:00:00Z,9.624199867248535,9.654390335083008,9.597999572753906,9.623459815979004,0
2019-08-16,2019-08-16T00:00:00Z,9.634499549865723,9.692899703979492,9.633500099182129,9.634699821472168,0
2019-08-19,2019-08-19T00:00:00Z,9.661499977111816,9.679389953613281,9.654899597167969,9.665340423583984,0
2019-08-20,2019-08-20T00:00:00Z,9.683440208435059,9.73157024383545,9.674599647521973,9.682909965515137,0
2019-08-21,2019-08-21T00:00:00Z,9.684300422668457,9.691929817199707,9.613699913024902,9.684700012207031,0
2019-08-22,2019-08-22T00:00:00Z,9.612750053405762,9.688759803771973,9.5933198928833,9.615599632263184,0
2019-08-23,2019-08-23T00:00:00Z,9.673190116882324,9.696579933166504,9.617799758911133,9.672920227050781,0
2019-08-26,2019-08-26T00:00:00Z,9.636099815368652,9.676389694213867,9.614500045776367,9.634200096130371,0
2019-08-27,2019-08-27T00:00:00Z,9.672940254211426,9.684840202331543,9.62440013885498,9.67020034790039,0
2019-08-28,2019-08-28T00:00:00Z,9.672039985656738,9.728309631347656,9.665800094604492,9.667799949645996,0
2019-08-29,2019-08-29T00:00:00Z,9.715499877929688,9.7706298828125,9.7121000289917,9.71875,0
2019-08-30,2019-08-30T00:00:00Z,9.77338981628418,9.837129592895508,9.767849922180176,9.77256965637207,0
2019-09-02,2019-09-02T00:00:00Z,9.815099716186523,9.828399658203125,9.791799545288086,9.815099716186523,0
2019-09-03,2019-09-03T00:00:00Z,9.827300071716309,9.891079902648926,9.827300071716309,9.829719543457031,0
2019-09-04,2019-09-04T00:00:00Z,9.814800262451172,9.817500114440918,9.744119644165039,9.814800262451172,0
2019-09-05,2019-09-05T00:00:00Z,9.731980323791504,9.74015998840332,9.649999618530273,9.72920036315918,0
2019-09-06,2019-09-06T00:00:00Z,9.682499885559082,9.691849708557129,9.596599578857422,9.682900428771973,0
2019-09-09,2019-09-09T00:00:00Z,9.642040252685547,9.668370246887207,9.628499984741211,9.63949966430664,0
2019-09-10,2019-09-10T00:00:00Z,9.6568603515625,9.756939888000488,9.652270317077637,9.656599998474121,0
2019-09-11,2019-09-11T00:00:00Z,9.680150032043457,9.705789566040039,9.65999984741211,9.677200317382812,0
2019-09-12,2019-09-12T00:00:00Z,9.673419952392578,9.7291898727417,9.616060256958008,9.671699523925781,0
2019-09-16,2019-09-16T00:00:00Z,9.59280014038086,9.690099716186523,9.59280014038086,9.596549987792969,0
2019-09-17,2019-09-17T00:00:00Z,9.659770011901855,9.725259780883789,9.647500038146973,9.656499862670898,0
2019-09-18,2019-09-18T00:00:00Z,9.664389610290527,9.726900100708008,9.662500381469727,9.66448974609375,0
2019-09-19,2019-09-19T00:00:00Z,9.720580101013184,9.737520217895508,9.680100440979004,9.721110343933105,0
2019-09-20,2019-09-20T00:00:00Z,9.68589973449707,9.731399536132812,9.660200119018555,9.686949729919434,0
2019-09-23,2019-09-23T00:00:00Z,9.696499824523926,9.775589942932129,9.690799713134766,9.695300102233887,0
2019-09-24,2019-09-24T00:00:00Z,9.705300331115723,9.7393798828125,9.6766996383667,9.705599784851074,0
2019-09-25,2019-09-25T00:00:00Z,9.671810150146484,9.755200386047363,9.666199684143066,9.669300079345703,0
2019-09-26,2019-09-26T00:00:00Z,9.746479988098145,9.764900207519531,9.721599578857422,9.7431001663208,0
2019-09-27,2019-09-27T00:00:00Z,9.759099960327148,9.815230369567871,9.747599601745605,9.760760307312012,0
2019-10-01,2019-10-01T00:00:00Z,9.842109680175781,9.928810119628906,9.8371000289917,9.839599609375,0
2019-10-02,2019-10-02T00:00:00Z,9.870920181274414,9.918160438537598,9.85509967803955,9.871089935302734,0
2019-10-03,2019-10-03T00:00:00Z,9.873800277709961,9.909709930419922,9.832169532775879,9.870100021362305,0
2019-10-04,2019-10-04T00:00:00Z,9.855560302734375,9.870820045471191,9.828300476074219,9.85492992401123,0
2019-10-07,2019-10-07T00:00:00Z,9.839099884033203,9.918749809265137,9.831199645996094,9.839400291442871,0
2019-10-08,2019-10-08T00:00:00Z,9.907699584960938,9.951560020446777,9.87339973449707,9.911580085754395,0
2019-10-09,2019-10-09T00:00:00Z,9.936249732971191,9.962719917297363,9.916810035705566,9.93848991394043,0
2019-10-10,2019-10-10T00:00:00Z,9.944510459899902,9.949270248413086,9.818329811096191,9.944700241088867,0
2019-10-11,2019-10-11T00:00:00Z,9.838199615478516,9.839900016784668,9.781700134277344,9.833800315856934,0
2019-10-14,2019-10-14T00:00:00Z,9.810500144958496,9.859299659729004,9.800000190734863,9.809700012207031,0
2019-10-15,2019-10-15T00:00:00Z,9.81659984588623,9.842780113220215,9.777700424194336,9.817680358886719,0
2019-10-16,2019-10-16T00:00:00Z,9.80642032623291,9.828619956970215,9.779459953308105,9.803199768066406,0
2019-10-17,2019-10-17T00:00:00Z,9.773799896240234,9.81686019897461,9.683699607849121,9.773699760437012,0
2019-10-18,2019-10-18T00:00:00Z,9.707300186157227,9.708600044250488,9.656599998474121,9.704899787902832,0
2019-10-21,2019-10-21T00:00:00Z,9.661470413208008,9.66405963897705,9.594900131225586,9.660750389099121,0
2019-10-22,2019-10-22T00:00:00Z,9.639039993286133,9.649459838867188,9.61989974975586,9.63895034790039,0
2019-10-23,2019-10-23T00:00:00Z,9.640230178833008,9.670940399169922,9.633000373840332,9.640270233154297,0
2019-10-24,2019-10-24T00:00:00Z,9.638520240783691,9.654970169067383,9.55718994140625,9.63871955871582,0
2019-10-25,2019-10-25T00:00:00Z,9.655269622802734,9.696470260620117,9.64900016784668,9.654979705810547,0
2019-10-28,2019-10-28T00:00:00Z,9.67770004272461,9.70713996887207,9.66487979888916,9.677800178527832,0
2019-10-29,2019-10-29T00:00:00Z,9.708020210266113,9.746319770812988,9.701600074768066,9.707599639892578,0
2019-10-30,2019-10-30T00:00:00Z,9.703590393066406,9.732850074768066,9.685999870300293,9.700200080871582,0
2019-10-31,2019-10-31T00:00:00Z,9.64346981048584,9.6664400100708,9.616000175476074,9.644109725952148,0
2019-11-01,2019-11-01T00:00:00Z,9.646100044250488,9.655159950256348,9.550700187683105,9.648119926452637,0
2019-11-04,2019-11-04T00:00:00Z,9.555700302124023,9.610810279846191,9.537699699401855,9.55840015411377,0
2019-11-05,2019-11-05T00:00:00Z,9.61797046661377,9.67101001739502,9.582260131835938,9.617010116577148,0
2019-11-06,2019-11-06T00:00:00Z,9.653849601745605,9.663069725036621,9.59280014038086,9.65371036529541,0
2019-11-07,2019-11-07T00:00:00Z,9.617890357971191,9.639630317687988,9.578300476074219,9.619000434875488,0
2019-11-08,2019-11-08T00:00:00Z,9.626970291137695,9.712220191955566,9.621800422668457,9.624699592590332,0
2019-11-11,2019-11-11T00:00:00Z,9.701370239257812,9.722820281982422,9.696200370788574,9.70226001739502,0
2019-11-12,2019-11-12T00:00:00Z,9.694000244140625,9.723130226135254,9.688699722290039,9.692350387573242,0
2019-11-13,2019-11-13T00:00:00Z,9.710599899291992,9.76259994506836,9.704899787902832,9.711190223693848,0
2019-11-14,2019-11-14T00:00:00Z,9.72859001159668,9.753239631652832,9.690999984741211,9.725199699401855,0
2019-11-15,2019-11-15T00:00:00Z,9.675000190734863,9.680339813232422,9.625300407409668,9.677729606628418,0
2019-11-18,2019-11-18T00:00:00Z,9.630820274353027,9.64896011352539,9.605310440063477,9.628769874572754,0
2019-11-19,2019-11-19T00:00:00Z,9.639519691467285,9.652210235595703,9.603300094604492,9.638239860534668,0
2019-11-20,2019-11-20T00:00:00Z,9.633259773254395,9.716970443725586,9.61952018737793,9.632780075073242,0
2019-11-21,2019-11-21T00:00:00Z,9.633769989013672,9.651399612426758,9.600299835205078,9.633199691772461,0
2019-11-22,2019-11-22T00:00:00Z,9.615139961242676,9.639229774475098,9.588800430297852,9.617179870605469,0
2019-11-25,2019-11-25T00:00:00Z,9.625980377197266,9.65149974822998,9.566519737243652,9.625200271606445,0
2019-11-26,2019-11-26T00:00:00Z,9.640600204467773,9.642829895019531,9.5868501663208,9.639800071716309,0
2019-11-27,2019-11-27T00:00:00Z,9.585129737854004,9.599579811096191,9.57229995727539,9.582500457763672,0
2019-11-28,2019-11-28T00:00:00Z,9.57960033416748,9.593810081481934,9.560099601745605,9.57826042175293,0
2019-11-29,2019-11-29T00:00:00Z,9.548700332641602,9.57511043548584,9.535940170288086,9.548500061035156,0
2019-12-02,2019-12-02T00:00:00Z,9.571629524230957,9.58743953704834,9.523799896240234,9.569339752197266,0
2019-12-03,2019-12-03T00:00:00Z,9.541430473327637,9.550999641418457,9.491999626159668,9.541110038757324,0
2019-12-04,2019-12-04T00:00:00Z,9.526300430297852,9.55558967590332,9.488160133361816,9.524700164794922,0
2019-12-05,2019-12-05T00:00:00Z,9.494150161743164,9.510540008544922,9.481459617614746,9.499699592590332,0
2019-12-06,2019-12-06T00:00:00Z,9.489459991455078,9.51572036743164,9.46560001373291,9.487629890441895,0
2019-12-09,2019-12-09T00:00:00Z,9.50022029876709,9.532329559326172,9.492799758911133,9.498889923095703,0
2019-12-10,2019-12-10T00:00:00Z,9.530170440673828,9.543649673461914,9.491700172424316,9.529769897460938,0
2019-12-11,2019-12-11T00:00:00Z,9.491840362548828,9.498629570007324,9.418999671936035,9.49193000793457,0
2019-12-12,2019-12-12T00:00:00Z,9.379870414733887,9.414290428161621,9.372030258178711,9.381999969482422,0
2019-12-13,2019-12-13T00:00:00Z,9.338560104370117,9.406880378723145,9.333000183105469,9.34041976928711,0
2019-12-16,2019-12-16T00:00:00Z,9.380160331726074,9.385749816894531,9.336099624633789,9.38012981414795,0
2019-12-17,2019-12-17T00:00:00Z,9.36793041229248,9.401220321655273,9.354100227355957,9.365900039672852,0
2019-12-18,2019-12-18T00:00:00Z,9.377869606018066,9.427109718322754,9.375399589538574,9.37777042388916,0
2019-12-19,2019-12-19T00:00:00Z,9.416580200195312,9.441240310668945,9.383740425109863,9.416720390319824,0
2019-12-20,2019-12-20T00:00:00Z,9.408720016479492,9.424070358276367,9.389200210571289,9.40530014038086,0
2019-12-23,2019-12-23T00:00:00Z,9.401559829711914,9.443989753723145,9.392600059509277,9.40310001373291,0
2019-12-24,2019-12-24T00:00:00Z,9.430609703063965,9.441499710083008,9.406900405883789,9.430870056152344,0
2019-12-25,2019-12-25T00:00:00Z,9.39441967010498,9.445810317993164,9.2052001953125,9.40939998626709,0
2019-12-26,2019-12-26T00:00:00Z,9.399640083312988,9.442700386047363,9.393500328063965,9.397199630737305,0
2019-12-27,2019-12-27T00:00:00Z,9.404290199279785,9.411120414733887,9.329700469970703,9.404350280761719,0
2019-12-30,2019-12-30T00:00:00Z,9.326210021972656,9.34535026550293,9.298800468444824,9.326040267944336,0
2019-12-31,2019-12-31T00:00:00Z,9.344869613647461,9.363499641418457,9.291000366210938,9.344679832458496,0
2020-01-01,2020-01-01T00:00:00Z,9.170109748840332,9.221710205078125,9.137350082397461,9.170809745788574,0
2020-01-02,2020-01-02T00:00:00Z,9.344499588012695,9.374320030212402,9.319000244140625,9.339400291442871,0
2020-01-03,2020-01-03T00:00:00Z,9.366060256958008,9.458319664001465,9.349630355834961,9.36139965057373,0
2020-01-06,2020-01-06T00:00:00Z,9.409339904785156,9.430100440979004,9.385600090026855,9.409680366516113,0
2020-01-07,2020-01-07T00:00:00Z,9.400679588317871,9.463520050048828,9.388489723205566,9.403499603271484,0
2020-01-08,2020-01-08T00:00:00Z,9.4681396484375,9.474900245666504,9.42255973815918,9.468910217285156,0
2020-01-09,2020-01-09T00:00:00Z,9.44890022277832,9.499919891357422,9.440199851989746,9.451530456542969,0
2020-01-10,2020-01-10T00:00:00Z,9.484740257263184,9.519379615783691,9.4753999710083,9.485600471496582,0
2020-01-13,2020-01-13T00:00:00Z,9.500249862670898,9.527259826660156,9.463399887084961,9.50160026550293,0
2020-01-14,2020-01-14T00:00:00Z,9.465020179748535,9.477490425109863,9.446100234985352,9.464630126953125,0
2020-01-15,2020-01-15T00:00:00Z,9.4621000289917,9.485150337219238,9.439599990844727,9.46150016784668,0
2020-01-16,2020-01-16T00:00:00Z,9.456199645996094,9.497679710388184,9.449529647827148,9.456299781799316,0
2020-01-17,2020-01-17T00:00:00Z,9.487540245056152,9.523530006408691,9.478300094604492,9.485699653625488,0
2020-01-20,2020-01-20T00:00:00Z,9.51636028289795,9.533419609069824,9.499500274658203,9.515549659729004,0
2020-01-21,2020-01-21T00:00:00Z,9.512800216674805,9.537220001220703,9.486599922180176,9.516599655151367,0
2020-01-22,2020-01-22T00:00:00Z,9.51791000366211,9.53302001953125,9.498000144958496,9.51509952545166,0
2020-01-23,2020-01-23T00:00:00Z,9.496139526367188,9.553299903869629,9.492199897766113,9.496210098266602,0
2020-01-24,2020-01-24T00:00:00Z,9.53026008605957,9.572420120239258,9.526049613952637,9.52750015258789,0
2020-01-27,2020-01-27T00:00:00Z,9.576539993286133,9.62971019744873,9.562399864196777,9.575579643249512,0
2020-01-28,2020-01-28T00:00:00Z,9.624150276184082,9.641200065612793,9.610799789428711,9.620599746704102,0
2020-01-29,2020-01-29T00:00:00Z,9.606169700622559,9.628669738769531,9.595000267028809,9.606149673461914,0
2020-01-30,2020-01-30T00:00:00Z,9.61359977722168,9.659290313720703,9.613300323486328,9.613499641418457,0
2020-01-31,2020-01-31T00:00:00Z,9.642000198364258,9.68336009979248,9.625049591064453,9.640800476074219,0
2020-02-03,2020-02-03T00:00:00Z,9.633170127868652,9.669560432434082,9.61359977722168,9.632610321044922,0
2020-02-04,2020-02-04T00:00:00Z,9.644700050354004,9.652259826660156,9.593939781188965,9.646300315856934,0
2020-02-05,2020-02-05T00:00:00Z,9.585800170898438,9.599679946899414,9.551899909973145,9.585399627685547,0
2020-02-06,2020-02-06T00:00:00Z,9.586130142211914,9.643980026245117,9.573200225830078,9.583499908447266,0
2020-02-07,2020-02-07T00:00:00Z,9.620989799499512,9.65149974822998,9.60319995880127,9.619099617004395,0
2020-02-10,2020-02-10T00:00:00Z,9.6596097946167,9.683540344238281,9.632800102233887,9.658900260925293,0
2020-02-11,2020-02-11T00:00:00Z,9.654999732971191,9.673580169677734,9.625,9.657899856567383,0
2020-02-12,2020-02-12T00:00:00Z,9.627599716186523,9.640729904174805,9.581729888916016,9.628000259399414,0
2020-02-13,2020-02-13T00:00:00Z,9.637720108032227,9.680379867553711,9.626669883728027,9.636930465698242,0
2020-02-17,2020-02-17T00:00:00Z,9.707579612731934,9.729120254516602,9.689399719238281,9.707050323486328,0
2020-02-18,2020-02-18T00:00:00Z,9.68529987335205,9.777299880981445,9.68529987335205,9.685600280761719,0
2020-02-19,2020-02-19T00:00:00Z,9.77871036529541,9.812170028686523,9.714400291442871,9.778539657592773,0
2020-02-20,2020-02-20T00:00:00Z,9.777999877929688,9.832329750061035,9.765580177307129,9.775810241699219,0
2020-02-21,2020-02-21T00:00:00Z,9.812040328979492,9.829700469970703,9.712900161743164,9.81155014038086,0
2020-02-24,2020-02-24T00:00:00Z,9.743940353393555,9.80010986328125,9.72461986541748,9.743330001831055,0
2020-02-25,2020-02-25T00:00:00Z,9.729900360107422,9.757379531860352,9.705499649047852,9.729649543762207,0
2020-02-26,2020-02-26T00:00:00Z,9.717029571533203,9.749340057373047,9.70186996459961,9.7191801071167,0
2020-02-27,2020-02-27T00:00:00Z,9.732720375061035,9.732720375061035,9.628009796142578,9.732390403747559,0
2020-02-28,2020-02-28T00:00:00Z,9.661510467529297,9.753430366516113,9.625069618225098,9.66117000579834,0
2020-03-02,2020-03-02T00:00:00Z,9.616689682006836,9.629579544067383,9.489310264587402,9.618300437927246,0
2020-03-03,2020-03-03T00:00:00Z,9.538020133972168,9.555919647216797,9.365400314331055,9.536600112915039,0
2020-03-04,2020-03-04T00:00:00Z,9.456009864807129,9.524550437927246,9.423999786376953,9.451849937438965,0
2020-03-05,2020-03-05T00:00:00Z,9.464960098266602,9.487719535827637,9.437040328979492,9.469300270080566,0
2020-03-06,2020-03-06T00:00:00Z,9.440679550170898,9.463109970092773,9.3326997756958,9.442099571228027,0
2020-03-09,2020-03-09T00:00:00Z,9.380000114440918,9.444100379943848,9.154230117797852,9.382479667663574,0
2020-03-10,2020-03-10T00:00:00Z,9.466019630432129,9.502799987792969,9.41569995880127,9.463339805603027,0
2020-03-11,2020-03-11T00:00:00Z,9.512720108032227,9.522350311279297,9.427530288696289,9.512140274047852,0
2020-03-12,2020-03-12T00:00:00Z,9.530030250549316,9.846819877624512,9.471830368041992,9.52931022644043,0
2020-03-13,2020-03-13T00:00:00Z,9.737719535827637,9.813790321350098,9.596559524536133,9.736849784851074,0
2020-03-16,2020-03-16T00:00:00Z,9.693750381469727,9.872170448303223,9.6210298538208,9.689840316772461,0
2020-03-17,2020-03-17T00:00:00Z,9.775309562683105,10.007209777832031,9.34177017211914,9.780269622802734,0
2020-03-18,2020-03-18T00:00:00Z,9.875060081481934,10.302339553833008,9.680100440979004,9.874699592590332,0
2020-03-19,2020-03-19T00:00:00Z,10.213899612426758,10.456419944763184,9.315950393676758,10.197400093078613,0
2020-03-20,2020-03-20T00:00:00Z,10.167960166931152,10.426759719848633,9.934269905090332,10.01906967163086,0
2020-03-23,2020-03-23T00:00:00Z,10.423250198364258,10.462430000305176,10.21187973022461,10.438770294189453,0
2020-03-24,2020-03-24T00:00:00Z,10.28147029876709,10.305049896240234,10.120360374450684,10.281270027160645,0
2020-03-25,2020-03-25T00:00:00Z,10.116570472717285,10.20911979675293,10.035209655761719,10.099109649658203,0
2020-03-26,2020-03-26T00:00:00Z,10.064510345458984,10.150699615478516,9.946080207824707,10.0620698928833,0
2020-03-27,2020-03-27T00:00:00Z,9.931839942932129,10.074600219726562,9.861310005187988,9.939689636230469,0
2020-03-30,2020-03-30T00:00:00Z,9.924960136413574,10.066579818725586,9.875980377197266,9.919260025024414,0
2020-03-31,2020-03-31T00:00:00Z,10.034040451049805,10.130499839782715,9.8851900100708,10.026820182800293,0
2020-04-01,2020-04-01T00:00:00Z,9.893289566040039,10.070030212402344,9.89109992980957,9.896419525146484,0
2020-04-02,2020-04-02T00:00:00Z,10.018449783325195,10.15485954284668,9.983659744262695,10.026900291442871,0
2020-04-03,2020-04-03T00:00:00Z,10.091919898986816,10.196550369262695,10.08036994934082,10.089409828186035,0
2020-04-06,2020-04-06T00:00:00Z,10.1806001663208,10.20248031616211,10.107410430908203,10.176340103149414,0
2020-04-07,2020-04-07T00:00:00Z,10.101510047912598,10.127900123596191,9.94950008392334,10.104960441589355,0
2020-04-08,2020-04-08T00:00:00Z,10.042320251464844,10.11439037322998,10.014639854431152,10.038299560546875,0
2020-04-09,2020-04-09T00:00:00Z,10.068840026855469,10.098299980163574,9.934149742126465,10.070899963378906,0
2020-04-10,2020-04-10T00:00:00Z,9.939680099487305,9.95680046081543,9.914259910583496,9.944470405578613,0
2020-04-13,2020-04-13T00:00:00Z,9.938980102539062,9.999159812927246,9.907150268554688,9.937170028686523,0
2020-04-14,2020-04-14T00:00:00Z,9.984160423278809,9.995670318603516,9.93529987335205,9.987700462341309,0
2020-04-15,2020-04-15T00:00:00Z,9.919309616088867,10.062580108642578,9.901619911193848,9.92432975769043,0
2020-04-16,2020-04-16T00:00:00Z,10.04440975189209,10.07859992980957,9.977319717407227,10.040809631347656,0
2020-04-17,2020-04-17T00:00:00Z,9.99800968170166,10.051300048828125,9.97150993347168,9.998749732971191,0
2020-04-20,2020-04-20T00:00:00Z,9.986700057983398,10.022350311279297,9.960040092468262,9.985939979553223,0
2020-04-22,2020-04-22T00:00:00Z,10.092900276184082,10.109259605407715,10.040599822998047,10.093799591064453,0
2020-04-23,2020-04-23T00:00:00Z,10.109100341796875,10.131380081176758,10.017560005187988,10.114700317382812,0
2020-04-24,2020-04-24T00:00:00Z,10.061149597167969,10.111330032348633,10.043290138244629,10.065489768981934,0
2020-04-27,2020-04-27T00:00:00Z,10.033699989318848,10.060230255126953,9.981499671936035,10.032999992370605,0
2020-04-28,2020-04-28T00:00:00Z,10.00802993774414,10.042770385742188,9.857589721679688,10.005350112915039,0
2020-04-29,2020-04-29T00:00:00Z,9.876819610595703,9.899749755859375,9.840100288391113,9.876500129699707,0
2020-04-30,2020-04-30T00:00:00Z,9.840080261230469,9.856439590454102,9.75137996673584,9.840780258178711,0
2020-05-04,2020-05-04T00:00:00Z,9.911540031433105,9.931159973144531,9.876259803771973,9.909560203552246,0
2020-05-05,2020-05-05T00:00:00Z,9.85789966583252,9.9033203125,9.801369667053223,9.855429649353027,0
2020-05-06,2020-05-06T00:00:00Z,9.817999839782715,9.874019622802734,9.802000045776367,9.818690299987793,0
2020-05-07,2020-05-07T00:00:00Z,9.847129821777344,9.862239837646484,9.804120063781738,9.849140167236328,0
2020-05-08,2020-05-08T00:00:00Z,9.800959587097168,9.810099601745605,9.733169555664062,9.806830406188965,0
2020-05-11,2020-05-11T00:00:00Z,9.783499717712402,9.875459671020508,9.748909950256348,9.781299591064453,0
2020-05-12,2020-05-12T00:00:00Z,9.87063980102539,9.905400276184082,9.710689544677734,9.870670318603516,0
2020-05-13,2020-05-13T00:00:00Z,9.780900001525879,9.809189796447754,9.71638011932373,9.775500297546387,0
2020-05-14,2020-05-14T00:00:00Z,9.806929588317871,9.892450332641602,9.805339813232422,9.808799743652344,0
2020-05-15,2020-05-15T00:00:00Z,9.789739608764648,9.8887300491333,9.787799835205078,9.79259967803955,0
2020-05-18,2020-05-18T00:00:00Z,9.865610122680664,9.867300033569336,9.713669776916504,9.862540245056152,0
2020-05-19,2020-05-19T00:00:00Z,9.697799682617188,9.723540306091309,9.633760452270508,9.70009994506836,0
2020-05-20,2020-05-20T00:00:00Z,9.679619789123535,9.682740211486816,9.567259788513184,9.681300163269043,0
2020-05-21,2020-05-21T00:00:00Z,9.58335018157959,9.633609771728516,9.558500289916992,9.582859992980957,0
2020-05-22,2020-05-22T00:00:00Z,9.616129875183105,9.695579528808594,9.612990379333496,9.619099617004395,0
2020-05-25,2020-05-25T00:00:00Z,9.65604019165039,9.696479797363281,9.654210090637207,9.657299995422363,0
2020-05-26,2020-05-26T00:00:00Z,9.6708402633667,9.674690246582031,9.60791015625,9.67216968536377,0
2020-05-27,2020-05-27T00:00:00Z,9.61520004272461,9.657939910888672,9.562660217285156,9.614450454711914,0
2020-05-28,2020-05-28T00:00:00Z,9.595399856567383,9.61868953704834,9.503100395202637,9.591500282287598,0
2020-05-29,2020-05-29T00:00:00Z,9.517860412597656,9.524880409240723,9.401049613952637,9.51550006866455,0
2020-06-01,2020-06-01T00:00:00Z,9.426509857177734,9.428979873657227,9.353850364685059,9.419500350952148,0
2020-06-02,2020-06-02T00:00:00Z,9.372300148010254,9.386199951171875,9.31305980682373,9.372039794921875,0
2020-06-03,2020-06-03T00:00:00Z,9.324020385742188,9.3577299118042,9.253199577331543,9.322859764099121,0
2020-06-04,2020-06-04T00:00:00Z,9.28792953491211,9.347869873046875,9.149589538574219,9.28678035736084,0
2020-06-05,2020-06-05T00:00:00Z,9.1983003616333,9.219120025634766,9.1283597946167,9.194379806518555,0
2020-06-08,2020-06-08T00:00:00Z,9.14210033416748,9.229680061340332,9.14210033416748,9.150010108947754,0
2020-06-09,2020-06-09T00:00:00Z,9.190230369567871,9.295120239257812,9.158699989318848,9.18690013885498,0
2020-06-10,2020-06-10T00:00:00Z,9.212779998779297,9.249119758605957,9.156620025634766,9.210129737854004,0
2020-06-11,2020-06-11T00:00:00Z,9.188329696655273,9.26963996887207,9.168880462646484,9.198220252990723,0
2020-06-12,2020-06-12T00:00:00Z,9.333880424499512,9.369009971618652,9.233409881591797,9.334019660949707,0
2020-06-15,2020-06-15T00:00:00Z,9.34375,9.419750213623047,9.320639610290527,9.345749855041504,0
2020-06-16,2020-06-16T00:00:00Z,9.26410961151123,9.407529830932617,9.241499900817871,9.26416015625,0
2020-06-17,2020-06-17T00:00:00Z,9.362899780273438,9.394499778747559,9.322409629821777,9.362199783325195,0
2020-06-18,2020-06-18T00:00:00Z,9.327400207519531,9.424189567565918,9.305919647216797,9.326410293579102,0
2020-06-19,2020-06-19T00:00:00Z,9.404769897460938,9.459790229797363,9.386710166931152,9.404500007629395,0
2020-06-22,2020-06-22T00:00:00Z,9.461520195007324,9.465729713439941,9.354769706726074,9.463509559631348,0
2020-06-23,2020-06-23T00:00:00Z,9.341790199279785,9.413080215454102,9.254859924316406,9.339949607849121,0
2020-06-24,2020-06-24T00:00:00Z,9.27964973449707,9.340829849243164,9.245149612426758,9.281020164489746,0
2020-06-25,2020-06-25T00:00:00Z,9.373869895935059,9.38109016418457,9.317999839782715,9.374930381774902,0
2020-06-26,2020-06-26T00:00:00Z,9.322279930114746,9.375829696655273,9.299110412597656,9.319000244140625,0
2020-06-29,2020-06-29T00:00:00Z,9.336219787597656,9.338629722595215,9.273579597473145,9.332599639892578,0
2020-06-30,2020-06-30T00:00:00Z,9.32643985748291,9.386199951171875,9.280320167541504,9.323149681091309,0
2020-07-01,2020-07-01T00:00:00Z,9.318550109863281,9.375,9.28345012664795,9.318300247192383,0
2020-07-02,2020-07-02T00:00:00Z,9.307669639587402,9.336130142211914,9.232999801635742,9.30972957611084,0
2020-07-03,2020-07-03T00:00:00Z,9.31760025024414,9.330169677734375,9.29341983795166,9.315790176391602,0
2020-07-06,2020-07-06T00:00:00Z,9.32217025756836,9.322330474853516,9.239230155944824,9.319899559020996,0
2020-07-07,2020-07-07T00:00:00Z,9.23192024230957,9.310290336608887,9.20718002319336,9.238180160522461,0
2020-07-08,2020-07-08T00:00:00Z,9.2533597946167,9.27101993560791,9.179019927978516,9.25979995727539,0
2020-07-09,2020-07-09T00:00:00Z,9.168999671936035,9.231340408325195,9.138050079345703,9.163700103759766,0
2020-07-10,2020-07-10T00:00:00Z,9.234000205993652,9.278329849243164,9.168499946594238,9.232600212097168,0
2020-07-13,2020-07-13T00:00:00Z,9.19596004486084,9.20386028289795,9.128840446472168,9.192999839782715,0
2020-07-14,2020-07-14T00:00:00Z,9.186599731445312,9.20160961151123,9.094300270080566,9.1837797164917,0
2020-07-15,2020-07-15T00:00:00Z,9.079050064086914,9.092499732971191,9.034040451049805,9.088809967041016,0
2020-07-16,2020-07-16T00:00:00Z,9.070770263671875,9.105549812316895,9.031900405883789,9.067159652709961,0
2020-07-17,2020-07-17T00:00:00Z,9.074729919433594,9.085149765014648,9.021100044250488,9.059370040893555,0
2020-07-20,2020-07-20T00:00:00Z,9.029890060424805,9.050129890441895,8.97146987915039,9.027509689331055,0
2020-07-21,2020-07-21T00:00:00Z,8.959179878234863,8.976889610290527,8.89210033416748,8.960100173950195,0
2020-07-22,2020-07-22T00:00:00Z,8.868769645690918,8.910189628601074,8.838199615478516,8.863149642944336,0
2020-07-23,2020-07-23T00:00:00Z,8.86870002746582,8.909150123596191,8.82942008972168,8.86929988861084,0
2020-07-24,2020-07-24T00:00:00Z,8.858699798583984,8.875140190124512,8.82975959777832,8.8571195602417,0
2020-07-27,2020-07-27T00:00:00Z,8.83672046661377,8.83672046661377,8.717220306396484,8.83329963684082,0
2020-07-28,2020-07-28T00:00:00Z,8.714710235595703,8.791680335998535,8.69890022277832,8.713339805603027,0
2020-07-29,2020-07-29T00:00:00Z,8.766989707946777,8.782400131225586,8.720720291137695,8.77400016784668,0
2020-07-30,2020-07-30T00:00:00Z,8.730010032653809,8.78954029083252,8.713540077209473,8.727700233459473,0
2020-07-31,2020-07-31T00:00:00Z,8.681619644165039,8.753179550170898,8.643850326538086,8.681099891662598,0
2020-08-03,2020-08-03T00:00:00Z,8.774200439453125,8.803460121154785,8.752799987792969,8.76729965209961,0
2020-08-04,2020-08-04T00:00:00Z,8.742059707641602,8.783670425415039,8.715900421142578,8.735750198364258,0
2020-08-05,2020-08-05T00:00:00Z,8.71757984161377,8.724080085754395,8.646160125732422,8.71741008758545,0
2020-08-06,2020-08-06T00:00:00Z,8.65662956237793,8.721229553222656,8.622289657592773,8.652999877929688,0
2020-08-07,2020-08-07T00:00:00Z,8.688619613647461,8.773619651794434,8.684849739074707,8.687939643859863,0
2020-08-10,2020-08-10T00:00:00Z,8.745100021362305,8.761699676513672,8.710200309753418,8.747650146484375,0
2020-08-11,2020-08-11T00:00:00Z,8.751139640808105,8.771519660949707,8.702099800109863,8.754300117492676,0
2020-08-12,2020-08-12T00:00:00Z,8.756810188293457,8.788700103759766,8.6739501953125,8.762189865112305,0
2020-08-13,2020-08-13T00:00:00Z,8.678549766540527,8.686479568481445,8.646240234375,8.68008041381836,0
2020-08-14,2020-08-14T00:00:00Z,8.682550430297852,8.729479789733887,8.672340393066406,8.687210083007812,0
2020-08-17,2020-08-17T00:00:00Z,8.67590045928955,8.704890251159668,8.658300399780273,8.674200057983398,0
2020-08-18,2020-08-18T00:00:00Z,8.684029579162598,8.6850004196167,8.610520362854004,8.680899620056152,0
2020-08-19,2020-08-19T00:00:00Z,8.632499694824219,8.673970222473145,8.623209953308105,8.630800247192383,0
2020-08-20,2020-08-20T00:00:00Z,8.692070007324219,8.773039817810059,8.685529708862305,8.695859909057617,0
2020-08-21,2020-08-21T00:00:00Z,8.696390151977539,8.816499710083008,8.68593978881836,8.691049575805664,0
2020-08-24,2020-08-24T00:00:00Z,8.788140296936035,8.800149917602539,8.73882007598877,8.788800239562988,0
2020-08-25,2020-08-25T00:00:00Z,8.788249969482422,8.791319847106934,8.730199813842773,8.779580116271973,0
2020-08-26,2020-08-26T00:00:00Z,8.745229721069336,8.787540435791016,8.725359916687012,8.744190216064453,0
2020-08-27,2020-08-27T00:00:00Z,8.696020126342773,8.771309852600098,8.663000106811523,8.711640357971191,0
2020-08-28,2020-08-28T00:00:00Z,8.72482967376709,8.729040145874023,8.599579811096191,8.7247896194458,0
2020-08-31,2020-08-31T00:00:00Z,8.618680000305176,8.650199890136719,8.60554027557373,8.615699768066406,0
2020-09-01,2020-09-01T00:00:00Z,8.641810417175293,8.674400329589844,8.593910217285156,8.647199630737305,0
2020-09-02,2020-09-02T00:00:00Z,8.669839859008789,8.732290267944336,8.664790153503418,8.67389965057373,0
2020-09-04,2020-09-04T00:00:00Z,8.732749938964844,8.796990394592285,8.719329833984375,8.741220474243164,0
2020-09-07,2020-09-07T00:00:00Z,8.735989570617676,8.776920318603516,8.721819877624512,8.736889839172363,0
2020-09-08,2020-09-08T00:00:00Z,8.761739730834961,8.829509735107422,8.760709762573242,8.767200469970703,0
2020-09-09,2020-09-09T00:00:00Z,8.827420234680176,8.854330062866211,8.751279830932617,8.833000183105469,0
2020-09-10,2020-09-10T00:00:00Z,8.742890357971191,8.757760047912598,8.68340015411377,8.73511028289795,0
2020-09-11,2020-09-11T00:00:00Z,8.753890037536621,8.783699989318848,8.72700023651123,8.762929916381836,0
2020-09-14,2020-09-14T00:00:00Z,8.76630973815918,8.786499977111816,8.751500129699707,8.778200149536133,0
2020-09-15,2020-09-15T00:00:00Z,8.771200180053711,8.795860290527344,8.734869956970215,8.763699531555176,0
2020-09-16,2020-09-16T00:00:00Z,8.795559883117676,8.80994987487793,8.761799812316895,8.787659645080566,0
2020-09-17,2020-09-17T00:00:00Z,8.804409980773926,8.860300064086914,8.797699928283691,8.808710098266602,0
2020-09-18,2020-09-18T00:00:00Z,8.770529747009277,8.789999961853027,8.748600006103516,8.77379035949707,0
2020-09-21,2020-09-21T00:00:00Z,8.768059730529785,8.886750221252441,8.718299865722656,8.763899803161621,0
2020-09-22,2020-09-22T00:00:00Z,8.844280242919922,8.910829544067383,8.836580276489258,8.841340065002441,0
2020-09-23,2020-09-23T00:00:00Z,8.912850379943848,8.98289966583252,8.901840209960938,8.902790069580078,0
2020-09-24,2020-09-24T00:00:00Z,9.009320259094238,9.146380424499512,8.987319946289062,8.991290092468262,0
2020-09-25,2020-09-25T00:00:00Z,9.102129936218262,9.16277027130127,9.075570106506348,9.095479965209961,0
2020-09-28,2020-09-28T00:00:00Z,9.129639625549316,9.1393404006958,9.028019905090332,9.124939918518066,0
2020-09-29,2020-09-29T00:00:00Z,9.02810001373291,9.051989555358887,8.964850425720215,9.027759552001953,0
2020-09-30,2020-09-30T00:00:00Z,8.964799880981445,9.03285026550293,8.936019897460938,8.965649604797363,0
2020-10-01,2020-10-01T00:00:00Z,8.923480033874512,8.963000297546387,8.900030136108398,8.922109603881836,0
2020-10-02,2020-10-02T00:00:00Z,8.893150329589844,8.963800430297852,8.882599830627441,8.894000053405762,0
2020-10-05,2020-10-05T00:00:00Z,8.914600372314453,8.921680450439453,8.877739906311035,8.919340133666992,0
2020-10-06,2020-10-06T00:00:00Z,8.890270233154297,8.92710018157959,8.877909660339355,8.88640022277832,0
2020-10-07,2020-10-07T00:00:00Z,8.936220169067383,8.961750030517578,8.878089904785156,8.943300247192383,0
2020-10-08,2020-10-08T00:00:00Z,8.87732982635498,8.89346981048584,8.857199668884277,8.876199722290039,0
2020-10-09,2020-10-09T00:00:00Z,8.853750228881836,8.861089706420898,8.784139633178711,8.851200103759766,0
2020-10-12,2020-10-12T00:00:00Z,8.801070213317871,8.821260452270508,8.777779579162598,8.798689842224121,0
2020-10-13,2020-10-13T00:00:00Z,8.790599822998047,8.827079772949219,8.753199577331543,8.794309616088867,0
2020-10-14,2020-10-14T00:00:00Z,8.82052993774414,8.840169906616211,8.794309616088867,8.82135009765625,0
2020-10-15,2020-10-15T00:00:00Z,8.820630073547363,8.891960144042969,8.807220458984375,8.824600219726562,0
2020-10-16,2020-10-16T00:00:00Z,8.862979888916016,8.887229919433594,8.812060356140137,8.876879692077637,0
2020-10-19,2020-10-19T00:00:00Z,8.844030380249023,8.850910186767578,8.779899597167969,8.842100143432617,0
2020-10-20,2020-10-20T00:00:00Z,8.827930450439453,8.838390350341797,8.741600036621094,8.829139709472656,0
2020-10-21,2020-10-21T00:00:00Z,8.73921012878418,8.752129554748535,8.698599815368652,8.740599632263184,0
2020-10-22,2020-10-22T00:00:00Z,8.74332046508789,8.784090042114258,8.724200248718262,8.743720054626465,0
2020-10-23,2020-10-23T00:00:00Z,8.761099815368652,8.792110443115234,8.732199668884277,8.762330055236816,0
2020-10-26,2020-10-26T00:00:00Z,8.7564697265625,8.782010078430176,8.729399681091309,8.756930351257324,0
2020-10-27,2020-10-27T00:00:00Z,8.740750312805176,8.761690139770508,8.696200370788574,8.740670204162598,0
2020-10-28,2020-10-28T00:00:00Z,8.738249778747559,8.861499786376953,8.719200134277344,8.737959861755371,0
2020-10-29,2020-10-29T00:00:00Z,8.845149993896484,8.944939613342285,8.821599960327148,8.84453010559082,0
2020-10-30,2020-10-30T00:00:00Z,8.907679557800293,8.945210456848145,8.848999977111816,8.914210319519043,0
2020-11-02,2020-11-02T00:00:00Z,8.907130241394043,8.930190086364746,8.877099990844727,8.907999992370605,0
2020-11-03,2020-11-03T00:00:00Z,8.902199745178223,8.91431999206543,8.820899963378906,8.902600288391113,0
2020-11-04,2020-11-04T00:00:00Z,8.773240089416504,8.936800003051758,8.767950057983398,8.773329734802246,0
2020-11-05,2020-11-05T00:00:00Z,8.774589538574219,8.801190376281738,8.665430068969727,8.780699729919434,0
2020-11-06,2020-11-06T00:00:00Z,8.69242000579834,8.718350410461426,8.623550415039062,8.69044017791748,0
2020-11-09,2020-11-09T00:00:00Z,8.624469757080078,8.649450302124023,8.552610397338867,8.624910354614258,0
2020-11-10,2020-11-10T00:00:00Z,8.619279861450195,8.650429725646973,8.603619575500488,8.61814022064209,0
2020-11-11,2020-11-11T00:00:00Z,8.607179641723633,8.673669815063477,8.594120025634766,8.607339859008789,0
2020-11-12,2020-11-12T00:00:00Z,8.6318998336792,8.669380187988281,8.595800399780273,8.634499549865723,0
2020-11-13,2020-11-13T00:00:00Z,8.642290115356445,8.703390121459961,8.626409530639648,8.638440132141113,0
2020-11-16,2020-11-16T00:00:00Z,8.67063045501709,8.677789688110352,8.622900009155273,8.668700218200684,0
2020-11-17,2020-11-17T00:00:00Z,8.609749794006348,8.63634967803955,8.586899757385254,8.609939575195312,0
2020-11-18,2020-11-18T00:00:00Z,8.616700172424316,8.633520126342773,8.57800006866455,8.620100021362305,0
2020-11-19,2020-11-19T00:00:00Z,8.594300270080566,8.655960083007812,8.586119651794434,8.600199699401855,0
2020-11-20,2020-11-20T00:00:00Z,8.590970039367676,8.623370170593262,8.572640419006348,8.595979690551758,0
2020-11-23,2020-11-23T00:00:00Z,8.610429763793945,8.66858959197998,8.577449798583984,8.608599662780762,0
2020-11-24,2020-11-24T00:00:00Z,8.622590065002441,8.628199577331543,8.56116008758545,8.622329711914062,0
2020-11-25,2020-11-25T00:00:00Z,8.535110473632812,8.54854965209961,8.502510070800781,8.530879974365234,0
2020-11-26,2020-11-26T00:00:00Z,8.493650436401367,8.547820091247559,8.478449821472168,8.486499786376953,0
2020-11-27,2020-11-27T00:00:00Z,8.51902961730957,8.53717041015625,8.489500045776367,8.5252103805542,0
2020-11-30,2020-11-30T00:00:00Z,8.498459815979004,8.562379837036133,8.443099975585938,8.496789932250977,0
2020-12-01,2020-12-01T00:00:00Z,8.564279556274414,8.572959899902344,8.482629776000977,8.564550399780273,0
2020-12-02,2020-12-02T00:00:00Z,8.478280067443848,8.546429634094238,8.464570045471191,8.484040260314941,0
2020-12-03,2020-12-03T00:00:00Z,8.465060234069824,8.495030403137207,8.422479629516602,8.455860137939453,0
2020-12-04,2020-12-04T00:00:00Z,8.448539733886719,8.456199645996094,8.415200233459473,8.445300102233887,0
2020-12-07,2020-12-07T00:00:00Z,8.459420204162598,8.520170211791992,8.353269577026367,8.456350326538086,0
2020-12-08,2020-12-08T00:00:00Z,8.402810096740723,8.491379737854004,8.38755989074707,8.397589683532715,0
2020-12-09,2020-12-09T00:00:00Z,8.463569641113281,8.503769874572754,8.430930137634277,8.460800170898438,0
2020-12-10,2020-12-10T00:00:00Z,8.493639945983887,8.49685001373291,8.427550315856934,8.493760108947754,0
2020-12-11,2020-12-11T00:00:00Z,8.443309783935547,8.487150192260742,8.414799690246582,8.443059921264648,0
2020-12-14,2020-12-14T00:00:00Z,8.428979873657227,8.460800170898438,8.364299774169922,8.428389549255371,0
2020-12-15,2020-12-15T00:00:00Z,8.400650024414062,8.418950080871582,8.372099876403809,8.399700164794922,0
2020-12-16,2020-12-16T00:00:00Z,8.380029678344727,8.388349533081055,8.3270902633667,8.376399993896484,0
2020-12-17,2020-12-17T00:00:00Z,8.343609809875488,8.352129936218262,8.241620063781738,8.344030380249023,0
2020-12-18,2020-12-18T00:00:00Z,8.277059555053711,8.304450035095215,8.241600036621094,8.276869773864746,0
2020-12-21,2020-12-21T00:00:00Z,8.285900115966797,8.429530143737793,8.253789901733398,8.283539772033691,0
2020-12-22,2020-12-22T00:00:00Z,8.251079559326172,8.340299606323242,8.239500045776367,8.251110076904297,0
2020-12-23,2020-12-23T00:00:00Z,8.322270393371582,8.342690467834473,8.275460243225098,8.32660961151123,0
2020-12-25,2020-12-25T00:00:00Z,8.209609985351562,8.291560173034668,7.979750156402588,8.207710266113281,0
2020-12-28,2020-12-28T00:00:00Z,8.255849838256836,8.290730476379395,8.213500022888184,8.256449699401855,0
2020-12-29,2020-12-29T00:00:00Z,8.260809898376465,8.266799926757812,8.177149772644043,8.260510444641113,0
2020-12-30,2020-12-30T00:00:00Z,8.200690269470215,8.209750175476074,8.162759780883789,8.20464038848877,0
2020-12-31,2020-12-31T00:00:00Z,8.189669609069824,8.217550277709961,8.148150444030762,8.188770294189453,0
2021-01-01,2021-01-01T00:00:00Z,7.763689994812012,8.260100364685059,7.763689994812012,8.152629852294922,0
2021-01-04,2021-01-04T00:00:00Z,8.196999549865723,8.248379707336426,8.16077995300293,8.195910453796387,0
2021-01-05,2021-01-05T00:00:00Z,8.23705005645752,8.251709938049316,8.17870044708252,8.249130249023438,0
2021-01-06,2021-01-06T00:00:00Z,8.179200172424316,8.211569786071777,8.122750282287598,8.174400329589844,0
2021-01-07,2021-01-07T00:00:00Z,8.159219741821289,8.230620384216309,8.110810279846191,8.158300399780273,0
2021-01-08,2021-01-08T00:00:00Z,8.188850402832031,8.234640121459961,8.172760009765625,8.188369750976562,0
2021-01-11,2021-01-11T00:00:00Z,8.258810043334961,8.324919700622559,8.243749618530273,8.259699821472168,0
2021-01-12,2021-01-12T00:00:00Z,8.293359756469727,8.31742000579834,8.268059730529785,8.294150352478027,0
2021-01-13,2021-01-13T00:00:00Z,8.240750312805176,8.356189727783203,8.228630065917969,8.241589546203613,0
2021-01-14,2021-01-14T00:00:00Z,8.341899871826172,8.356240272521973,8.303549766540527,8.334529876708984,0
2021-01-15,2021-01-15T00:00:00Z,8.312350273132324,8.399689674377441,8.29757022857666,8.309499740600586,0
2021-01-18,2021-01-18T00:00:00Z,8.406510353088379,8.429169654846191,8.382800102233887,8.405929565429688,0
2021-01-19,2021-01-19T00:00:00Z,8.395750045776367,8.395750045776367,8.311200141906738,8.394820213317871,0
2021-01-20,2021-01-20T00:00:00Z,8.333999633789062,8.38329029083252,8.3149995803833,8.325510025024414,0
2021-01-21,2021-01-21T00:00:00Z,8.338279724121094,8.342029571533203,8.262720108032227,8.3372802734375,0
2021-01-22,2021-01-22T00:00:00Z,8.270730018615723,8.300459861755371,8.258270263671875,8.268839836120605,0
2021-01-25,2021-01-25T00:00:00Z,8.294779777526855,8.321539878845215,8.251009941101074,8.296600341796875,0
2021-01-26,2021-01-26T00:00:00Z,8.282150268554688,8.332300186157227,8.268230438232422,8.28320026397705,0
2021-01-27,2021-01-27T00:00:00Z,8.29751968383789,8.398630142211914,8.285619735717773,8.298439979553223,0
2021-01-28,2021-01-28T00:00:00Z,8.358420372009277,8.396559715270996,8.320469856262207,8.367110252380371,0
2021-01-29,2021-01-29T00:00:00Z,8.338800430297852,8.378549575805664,8.314220428466797,8.343700408935547,0
2021-02-01,2021-02-01T00:00:00Z,8.378899574279785,8.426529884338379,8.349989891052246,8.378020286560059,0
2021-02-02,2021-02-02T00:00:00Z,8.41724967956543,8.445369720458984,8.391240119934082,8.41670036315918,0
2021-02-03,2021-02-03T00:00:00Z,8.39739990234375,8.436949729919434,8.377530097961426,8.39663028717041,0
2021-02-04,2021-02-04T00:00:00Z,8.39663028717041,8.465330123901367,8.385180473327637,8.394000053405762,0
2021-02-05,2021-02-05T00:00:00Z,8.455690383911133,8.4783296585083,8.377400398254395,8.455780029296875,0
2021-02-08,2021-02-08T00:00:00Z,8.372719764709473,8.41569995880127,8.368510246276855,8.373290061950684,0
2021-02-09,2021-02-09T00:00:00Z,8.389599800109863,8.389699935913086,8.330120086669922,8.388649940490723,0
2021-02-10,2021-02-10T00:00:00Z,8.324600219726562,8.33191967010498,8.278599739074707,8.321800231933594,0
2021-02-11,2021-02-11T00:00:00Z,8.318470001220703,8.32859992980957,8.294500350952148,8.315549850463867,0
2021-02-12,2021-02-12T00:00:00Z,8.312199592590332,8.346770286560059,8.299409866333008,8.318670272827148,0
2021-02-15,2021-02-15T00:00:00Z,8.300700187683105,8.305000305175781,8.263839721679688,8.3018798828125,0
2021-02-16,2021-02-16T00:00:00Z,8.27003002166748,8.296950340270996,8.251899719238281,8.27927017211914,0
2021-02-17,2021-02-17T00:00:00Z,8.292940139770508,8.349419593811035,8.289190292358398,8.299519538879395,0
2021-02-18,2021-02-18T00:00:00Z,8.321700096130371,8.349349975585938,8.296489715576172,8.318699836730957,0
2021-02-19,2021-02-19T00:00:00Z,8.30741024017334,8.318349838256836,8.260720252990723,8.307319641113281,0
2021-02-22,2021-02-22T00:00:00Z,8.268340110778809,8.307250022888184,8.248069763183594,8.266079902648926,0
2021-02-23,2021-02-23T00:00:00Z,8.269020080566406,8.310330390930176,8.249019622802734,8.26768970489502,0
2021-02-24,2021-02-24T00:00:00Z,8.277600288391113,8.333749771118164,8.250539779663086,8.277629852294922,0
2021-02-25,2021-02-25T00:00:00Z,8.26786994934082,8.282699584960938,8.202400207519531,8.266260147094727,0
2021-02-26,2021-02-26T00:00:00Z,8.288640022277832,8.422140121459961,8.279549598693848,8.304490089416504,0
2021-03-01,2021-03-01T00:00:00Z,8.418780326843262,8.491820335388184,8.392729759216309,8.41759967803955,0
2021-03-02,2021-03-02T00:00:00Z,8.414369583129883,8.469209671020508,8.387399673461914,8.408049583435059,0
2021-03-03,2021-03-03T00:00:00Z,8.371419906616211,8.416580200195312,8.355259895324707,8.37067985534668,0
2021-03-04,2021-03-04T00:00:00Z,8.431730270385742,8.455089569091797,8.410719871520996,8.430350303649902,0
2021-03-08,2021-03-08T00:00:00Z,8.520210266113281,8.588789939880371,8.513199806213379,8.51902961730957,0
2021-03-09,2021-03-09T00:00:00Z,8.578100204467773,8.594329833984375,8.493940353393555,8.578399658203125,0
2021-03-10,2021-03-10T00:00:00Z,8.49905014038086,8.536410331726074,8.485549926757812,8.497819900512695,0
2021-03-11,2021-03-11T00:00:00Z,8.479769706726074,8.503000259399414,8.44087028503418,8.479350090026855,0
2021-03-12,2021-03-12T00:00:00Z,8.448030471801758,8.524860382080078,8.42516040802002,8.44629955291748,0
2021-03-15,2021-03-15T00:00:00Z,8.484450340270996,8.547039985656738,8.461030006408691,8.484000205993652,0
2021-03-16,2021-03-16T00:00:00Z,8.51377010345459,8.53596019744873,8.479419708251953,8.511699676513672,0
2021-03-17,2021-03-17T00:00:00Z,8.497719764709473,8.52964973449707,8.471839904785156,8.500140190124512,0
2021-03-18,2021-03-18T00:00:00Z,8.440770149230957,8.527739524841309,8.432029724121094,8.445650100708008,0
2021-03-19,2021-03-19T00:00:00Z,8.514809608459473,8.577199935913086,8.48643970489502,8.506850242614746,0
2021-03-22,2021-03-22T00:00:00Z,8.556989669799805,8.576539993286133,8.504300117492676,8.557530403137207,0
2021-03-23,2021-03-23T00:00:00Z,8.51021957397461,8.58092975616455,8.488739967346191,8.506850242614746,0
2021-03-24,2021-03-24T00:00:00Z,8.603500366210938,8.634960174560547,8.575799942016602,8.60354995727539,0
2021-03-25,2021-03-25T00:00:00Z,8.616860389709473,8.670499801635742,8.581640243530273,8.612719535827637,0
2021-03-26,2021-03-26T00:00:00Z,8.639639854431152,8.658929824829102,8.628560066223145,8.645529747009277,0
2021-03-29,2021-03-29T00:00:00Z,8.639800071716309,8.708390235900879,8.635860443115234,8.644309997558594,0
2021-03-30,2021-03-30T00:00:00Z,8.67908000946045,8.762960433959961,8.674090385437012,8.680890083312988,0
2021-03-31,2021-03-31T00:00:00Z,8.730620384216309,8.751330375671387,8.706060409545898,8.717829704284668,0
2021-04-01,2021-04-01T00:00:00Z,8.728429794311523,8.760250091552734,8.711700439453125,8.729510307312012,0
2021-04-02,2021-04-02T00:00:00Z,8.715250015258789,8.73639965057373,8.70460033416748,8.714790344238281,0
2021-04-05,2021-04-05T00:00:00Z,8.720789909362793,8.757769584655762,8.696419715881348,8.71947956085205,0
2021-04-06,2021-04-06T00:00:00Z,8.698249816894531,8.719010353088379,8.63405990600586,8.692520141601562,0
2021-04-07,2021-04-07T00:00:00Z,8.597430229187012,8.631329536437988,8.591469764709473,8.612239837646484,0
2021-04-08,2021-04-08T00:00:00Z,8.628279685974121,8.63385009765625,8.54757022857666,8.62720012664795,0
2021-04-09,2021-04-09T00:00:00Z,8.536140441894531,8.575980186462402,8.52299976348877,8.536310195922852,0
2021-04-12,2021-04-12T00:00:00Z,8.542349815368652,8.580300331115723,8.524519920349121,8.540559768676758,0
2021-04-13,2021-04-13T00:00:00Z,8.568909645080566,8.595459938049316,8.505470275878906,8.572540283203125,0
2021-04-14,2021-04-14T00:00:00Z,8.508899688720703,8.509790420532227,8.450209617614746,8.504929542541504,0
2021-04-15,2021-04-15T00:00:00Z,8.46420955657959,8.478619575500488,8.439499855041504,8.458849906921387,0
2021-04-16,2021-04-16T00:00:00Z,8.44021987915039,8.465020179748535,8.417160034179688,8.441360473632812,0
2021-04-19,2021-04-19T00:00:00Z,8.445249557495117,8.474889755249023,8.373100280761719,8.444910049438477,0
2021-04-20,2021-04-20T00:00:00Z,8.38506031036377,8.439530372619629,8.35509967803955,8.39208984375,0
2021-04-21,2021-04-21T00:00:00Z,8.43787956237793,8.478599548339844,8.409299850463867,8.431159973144531,0
2021-04-22,2021-04-22T00:00:00Z,8.40365982055664,8.443220138549805,8.385860443115234,8.40388011932373,0
2021-04-23,2021-04-23T00:00:00Z,8.42788028717041,8.433509826660156,8.393899917602539,8.42527961730957,0
2021-04-26,2021-04-26T00:00:00Z,8.391300201416016,8.396650314331055,8.363710403442383,8.391650199890137,0
2021-04-27,2021-04-27T00:00:00Z,8.386199951171875,8.418540000915527,8.371199607849121,8.384989738464355,0
2021-04-28,2021-04-28T00:00:00Z,8.367039680480957,8.395990371704102,8.353500366210938,8.371399879455566,0
2021-04-29,2021-04-29T00:00:00Z,8.332200050354004,8.382209777832031,8.309619903564453,8.331600189208984,0
2021-04-30,2021-04-30T00:00:00Z,8.367659568786621,8.45851993560791,8.35105037689209,8.366490364074707,0
2021-05-03,2021-05-03T00:00:00Z,8.465800285339355,8.477259635925293,8.409199714660645,8.463729858398438,0
2021-05-04,2021-05-04T00:00:00Z,8.418530464172363,8.494190216064453,8.414039611816406,8.41901969909668,0
2021-05-05,2021-05-05T00:00:00Z,8.474300384521484,8.505149841308594,8.46226978302002,8.466580390930176,0
2021-05-06,2021-05-06T00:00:00Z,8.475159645080566,8.501319885253906,8.433699607849121,8.480830192565918,0
2021-05-07,2021-05-07T00:00:00Z,8.423669815063477,8.432100296020508,8.310199737548828,8.419520378112793,0
2021-05-10,2021-05-10T00:00:00Z,8.304309844970703,8.335229873657227,8.300600051879883,8.303339958190918,0
2021-05-11,2021-05-11T00:00:00Z,8.332670211791992,8.356229782104492,8.295430183410645,8.31764030456543,0
2021-05-12,2021-05-12T00:00:00Z,8.319700241088867,8.418149948120117,8.306599617004395,8.319330215454102,0
2021-05-13,2021-05-13T00:00:00Z,8.425370216369629,8.453530311584473,8.390419960021973,8.424469947814941,0
2021-05-14,2021-05-14T00:00:00Z,8.400489807128906,8.417200088500977,8.338700294494629,8.404720306396484,0
2021-05-18,2021-05-18T00:00:00Z,8.330280303955078,8.33178997039795,8.27556037902832,8.32841968536377,0
2021-05-19,2021-05-19T00:00:00Z,8.278470039367676,8.339360237121582,8.263489723205566,8.283180236816406,0
2021-05-20,2021-05-20T00:00:00Z,8.35177993774414,8.357430458068848,8.29580020904541,8.35336971282959,0
2021-05-21,2021-05-21T00:00:00Z,8.305410385131836,8.325409889221191,8.27025032043457,8.290989875793457,0
2021-05-24,2021-05-24T00:00:00Z,8.318699836730957,8.336939811706543,8.306320190429688,8.318550109863281,0
2021-05-25,2021-05-25T00:00:00Z,8.31659984588623,8.31814956665039,8.24590015411377,8.309040069580078,0
2021-05-26,2021-05-26T00:00:00Z,8.257630348205566,8.317020416259766,8.241290092468262,8.253399848937988,0
2021-05-27,2021-05-27T00:00:00Z,8.317179679870605,8.325819969177246,8.281800270080566,8.31682014465332,0
2021-05-28,2021-05-28T00:00:00Z,8.2778902053833,8.342000007629395,8.27437973022461,8.27670955657959,0
2021-05-31,2021-05-31T00:00:00Z,8.308500289916992,8.319390296936035,8.285400390625,8.309410095214844,0
2021-06-01,2021-06-01T00:00:00Z,8.278349876403809,8.293510437011719,8.245599746704102,8.27853012084961,0
2021-06-02,2021-06-02T00:00:00Z,8.264389991760254,8.298450469970703,8.25825023651123,8.266400337219238,0
2021-06-03,2021-06-03T00:00:00Z,8.269579887390137,8.338549613952637,8.25961971282959,8.268980026245117,0
2021-06-04,2021-06-04T00:00:00Z,8.325300216674805,8.35342025756836,8.266050338745117,8.328410148620605,0
2021-06-07,2021-06-07T00:00:00Z,8.275409698486328,8.29343032836914,8.254300117492676,8.273699760437012,0
2021-06-08,2021-06-08T00:00:00Z,8.261590003967285,8.285860061645508,8.253299713134766,8.257710456848145,0
2021-06-09,2021-06-09T00:00:00Z,8.271519660949707,8.27853012084961,8.23466968536377,8.271340370178223,0
2021-06-10,2021-06-10T00:00:00Z,8.266550064086914,8.28734016418457,8.24314022064209,8.265850067138672,0
2021-06-11,2021-06-11T00:00:00Z,8.24573040008545,8.326539993286133,8.233110427856445,8.250410079956055,0
2021-06-14,2021-06-14T00:00:00Z,8.317460060119629,8.33568000793457,8.304699897766113,8.31760025024414,0
2021-06-15,2021-06-15T00:00:00Z,8.317000389099121,8.338669776916504,8.292200088500977,8.317299842834473,0
2021-06-16,2021-06-16T00:00:00Z,8.319700241088867,8.376029968261719,8.318519592285156,8.322580337524414,0
2021-06-17,2021-06-17T00:00:00Z,8.443140029907227,8.552069664001465,8.438679695129395,8.442259788513184,0
2021-06-18,2021-06-18T00:00:00Z,8.549139976501465,8.638910293579102,8.53695011138916,8.54878044128418,0
2021-06-21,2021-06-21T00:00:00Z,8.607219696044922,8.637709617614746,8.530269622802734,8.607029914855957,0
2021-06-22,2021-06-22T00:00:00Z,8.532910346984863,8.565580368041992,8.500499725341797,8.535730361938477,0
2021-06-23,2021-06-23T00:00:00Z,8.474470138549805,8.4960298538208,8.45602035522461,8.47920036315918,0
2021-06-24,2021-06-24T00:00:00Z,8.475899696350098,8.489179611206055,8.452340126037598,8.480159759521484,0
2021-06-25,2021-06-25T00:00:00Z,8.476420402526855,8.486390113830566,8.443519592285156,8.473819732666016,0
2021-06-28,2021-06-28T00:00:00Z,8.48921012878418,8.516380310058594,8.459980010986328,8.48898983001709,0
2021-06-29,2021-06-29T00:00:00Z,8.50730037689209,8.55204963684082,8.504599571228027,8.510149955749512,0
2021-06-30,2021-06-30T00:00:00Z,8.518500328063965,8.562859535217285,8.4989595413208,8.517889976501465,0
2021-07-02,2021-07-02T00:00:00Z,8.580679893493652,8.600170135498047,8.547499656677246,8.58080005645752,0
2021-07-05,2021-07-05T00:00:00Z,8.549739837646484,8.560649871826172,8.534099578857422,8.546299934387207,0
2021-07-06,2021-07-06T00:00:00Z,8.54563045501709,8.589200019836426,8.518369674682617,8.544699668884277,0
2021-07-07,2021-07-07T00:00:00Z,8.5906400680542,8.645310401916504,8.569939613342285,8.588020324707031,0
2021-07-08,2021-07-08T00:00:00Z,8.618559837341309,8.640270233154297,8.565540313720703,8.624090194702148,0
2021-07-09,2021-07-09T00:00:00Z,8.577409744262695,8.613149642944336,8.574020385742188,8.592300415039062,0
2021-07-12,2021-07-12T00:00:00Z,8.577099800109863,8.618949890136719,8.559800148010254,8.580400466918945,0
2021-07-13,2021-07-13T00:00:00Z,8.581700325012207,8.647310256958008,8.5649995803833,8.582859992980957,0
2021-07-14,2021-07-14T00:00:00Z,8.649230003356934,8.668519973754883,8.61693000793457,8.654620170593262,0
2021-07-15,2021-07-15T00:00:00Z,8.616800308227539,8.669610023498535,8.6141996383667,8.619770050048828,0
2021-07-16,2021-07-16T00:00:00Z,8.663299560546875,8.688010215759277,8.651700019836426,8.663979530334473,0
2021-07-19,2021-07-19T00:00:00Z,8.679750442504883,8.72599983215332,8.669289588928223,8.67846965789795,0
2021-07-20,2021-07-20T00:00:00Z,8.687620162963867,8.73173999786377,8.675640106201172,8.6899995803833,0
2021-07-21,2021-07-21T00:00:00Z,8.694910049438477,8.732749938964844,8.683770179748535,8.69480037689209,0
2021-07-22,2021-07-22T00:00:00Z,8.68634033203125,8.696700096130371,8.64286994934082,8.685879707336426,0
2021-07-23,2021-07-23T00:00:00Z,8.679710388183594,8.701959609985352,8.66919994354248,8.677229881286621,0
2021-07-26,2021-07-26T00:00:00Z,8.692150115966797,8.698829650878906,8.621129989624023,8.692480087280273,0
2021-07-27,2021-07-27T00:00:00Z,8.6245698928833,8.658069610595703,8.593400001525879,8.619759559631348,0
2021-07-28,2021-07-28T00:00:00Z,8.619150161743164,8.65215015411377,8.615050315856934,8.620019912719727,0
2021-07-29,2021-07-29T00:00:00Z,8.591389656066895,8.598320007324219,8.544400215148926,8.591899871826172,0
2021-07-30,2021-07-30T00:00:00Z,8.55321979522705,8.606710433959961,8.54010009765625,8.551589965820312,0
2021-08-02,2021-08-02T00:00:00Z,8.598039627075195,8.60774040222168,8.5649995803833,8.5972900390625,0
2021-08-03,2021-08-03T00:00:00Z,8.590800285339355,8.614480018615723,8.568300247192383,8.592510223388672,0
2021-08-04,2021-08-04T00:00:00Z,8.602069854736328,8.61139965057373,8.562299728393555,8.601309776306152,0
2021-08-05,2021-08-05T00:00:00Z,8.60863971710205,8.616959571838379,8.595800399780273,8.60873031616211,0
2021-08-06,2021-08-06T00:00:00Z,8.612000465393066,8.664770126342773,8.604849815368652,8.61139965057373,0
2021-08-09,2021-08-09T00:00:00Z,8.679340362548828,8.708450317382812,8.65999984741211,8.679840087890625,0
2021-08-10,2021-08-10T00:00:00Z,8.705860137939453,8.722689628601074,8.699040412902832,8.704629898071289,0
2021-08-11,2021-08-11T00:00:00Z,8.719860076904297,8.734149932861328,8.684320449829102,8.719099998474121,0
2021-08-12,2021-08-12T00:00:00Z,8.67201042175293,8.694080352783203,8.65719985961914,8.68082046508789,0
2021-08-13,2021-08-13T00:00:00Z,8.680899620056152,8.695449829101562,8.632379531860352,8.6845703125,0
2021-08-16,2021-08-16T00:00:00Z,8.634400367736816,8.666950225830078,8.63086986541748,8.634499549865723,0
2021-08-17,2021-08-17T00:00:00Z,8.646300315856934,8.748430252075195,8.646300315856934,8.648870468139648,0
2021-08-18,2021-08-18T00:00:00Z,8.749629974365234,8.761199951171875,8.710280418395996,8.757399559020996,0
2021-08-19,2021-08-19T00:00:00Z,8.735950469970703,8.808770179748535,8.72638988494873,8.735980033874512,0
2021-08-20,2021-08-20T00:00:00Z,8.80459976196289,8.85276985168457,8.787969589233398,8.800959587097168,0
2021-08-23,2021-08-23T00:00:00Z,8.804450035095215,8.806900024414062,8.711039543151855,8.805259704589844,0
2021-08-24,2021-08-24T00:00:00Z,8.712989807128906,8.723299980163574,8.674200057983398,8.713479995727539,0
2021-08-25,2021-08-25T00:00:00Z,8.687379837036133,8.720820426940918,8.680520057678223,8.682609558105469,0
2021-08-26,2021-08-26T00:00:00Z,8.686260223388672,8.728079795837402,8.680060386657715,8.68513011932373,0
2021-08-27,2021-08-27T00:00:00Z,8.699930191040039,8.722180366516113,8.64009952545166,8.705089569091797,0
2021-08-30,2021-08-30T00:00:00Z,8.634099960327148,8.651390075683594,8.610799789428711,8.634960174560547,0
2021-08-31,2021-08-31T00:00:00Z,8.624600410461426,8.642169952392578,8.578499794006348,8.624600410461426,0
2021-09-01,2021-09-01T00:00:00Z,8.617300033569336,8.645440101623535,8.595820426940918,8.61709976196289,0
2021-09-02,2021-09-02T00:00:00Z,8.612070083618164,8.618650436401367,8.573049545288086,8.613539695739746,0
2021-09-03,2021-09-03T00:00:00Z,8.571399688720703,8.578069686889648,8.532739639282227,8.567529678344727,0
2021-09-06,2021-09-06T00:00:00Z,8.547679901123047,8.577919960021973,8.542900085449219,8.54557991027832,0
2021-09-07,2021-09-07T00:00:00Z,8.556639671325684,8.583829879760742,8.54146957397461,8.556989669799805,0
2021-09-08,2021-09-08T00:00:00Z,8.590450286865234,8.628560066223145,8.581999778747559,8.590800285339355,0
2021-09-09,2021-09-09T00:00:00Z,8.627420425415039,8.642620086669922,8.597700119018555,8.623649597167969,0
2021-09-10,2021-09-10T00:00:00Z,8.609999656677246,8.624099731445312,8.584190368652344,8.60925006866455,0
2021-09-13,2021-09-13T00:00:00Z,8.633649826049805,8.657500267028809,8.60004997253418,8.630900382995605,0
2021-09-14,2021-09-14T00:00:00Z,8.600299835205078,8.61122989654541,8.553159713745117,8.598380088806152,0
2021-09-15,2021-09-15T00:00:00Z,8.604220390319824,8.614709854125977,8.566010475158691,8.603690147399902,0
2021-09-16,2021-09-16T00:00:00Z,8.577349662780762,8.649909973144531,8.575739860534668,8.577300071716309,0
2021-09-17,2021-09-17T00:00:00Z,8.619779586791992,8.68733024597168,8.60243034362793,8.617799758911133,0
2021-09-20,2021-09-20T00:00:00Z,8.674619674682617,8.745140075683594,8.672300338745117,8.673649787902832,0
2021-09-21,2021-09-21T00:00:00Z,8.67255973815918,8.68257999420166,8.649399757385254,8.671199798583984,0
2021-09-22,2021-09-22T00:00:00Z,8.687399864196777,8.698049545288086,8.639880180358887,8.687899589538574,0
2021-09-23,2021-09-23T00:00:00Z,8.695240020751953,8.700519561767578,8.618149757385254,8.690540313720703,0
2021-09-24,2021-09-24T00:00:00Z,8.629179954528809,8.667099952697754,8.617650032043457,8.626999855041504,0
2021-09-27,2021-09-27T00:00:00Z,8.636899948120117,8.706549644470215,8.617440223693848,8.636799812316895,0
2021-09-28,2021-09-28T00:00:00Z,8.70028018951416,8.748929977416992,8.689189910888672,8.706000328063965,0
2021-09-29,2021-09-29T00:00:00Z,8.729649543762207,8.791239738464355,8.719289779663086,8.730600357055664,0
2021-09-30,2021-09-30T00:00:00Z,8.793840408325195,8.808549880981445,8.736490249633789,8.793319702148438,0
2021-10-01,2021-10-01T00:00:00Z,8.75802993774414,8.78738021850586,8.739139556884766,8.76272964477539,0
2021-10-04,2021-10-04T00:00:00Z,8.737000465393066,8.755860328674316,8.69909954071045,8.737489700317383,0
2021-10-05,2021-10-05T00:00:00Z,8.728059768676758,8.755029678344727,8.714799880981445,8.722430229187012,0
2021-10-06,2021-10-06T00:00:00Z,8.73684024810791,8.826080322265625,8.733759880065918,8.741009712219238,0
2021-10-07,2021-10-07T00:00:00Z,8.799400329589844,8.807680130004883,8.764800071716309,8.799099922180176,0
2021-10-08,2021-10-08T00:00:00Z,8.77910041809082,8.804070472717285,8.710029602050781,8.775130271911621,0
2021-10-11,2021-10-11T00:00:00Z,8.742270469665527,8.760600090026855,8.713629722595215,8.742870330810547,0
2021-10-12,2021-10-12T00:00:00Z,8.771599769592285,8.778129577636719,8.740169525146484,8.771220207214355,0
2021-10-13,2021-10-13T00:00:00Z,8.781829833984375,8.784859657287598,8.704819679260254,8.782899856567383,0
2021-10-14,2021-10-14T00:00:00Z,8.685600280761719,8.691749572753906,8.599720001220703,8.683919906616211,0
2021-10-15,2021-10-15T00:00:00Z,8.631349563598633,8.649129867553711,8.60768985748291,8.630610466003418,0
2021-10-20,2021-10-20T00:00:00Z,8.621700286865234,8.635290145874023,8.587149620056152,8.62714958190918,0
2021-10-21,2021-10-21T00:00:00Z,8.585260391235352,8.609720230102539,8.564860343933105,8.585100173950195,0
2021-10-22,2021-10-22T00:00:00Z,8.602649688720703,8.604450225830078,8.560290336608887,8.599800109863281,0
2021-10-25,2021-10-25T00:00:00Z,8.57787036895752,8.62522029876709,8.556739807128906,8.583200454711914,0
2021-10-26,2021-10-26T00:00:00Z,8.600000381469727,8.626890182495117,8.587900161743164,8.606100082397461,0
2021-10-27,2021-10-27T00:00:00Z,8.611929893493652,8.628899574279785,8.56879997253418,8.608329772949219,0
2021-10-28,2021-10-28T00:00:00Z,8.587579727172852,8.603489875793457,8.523249626159668,8.583900451660156,0
2021-10-29,2021-10-29T00:00:00Z,8.50944995880127,8.598219871520996,8.493590354919434,8.496109962463379,0
2021-11-01,2021-11-01T00:00:00Z,8.593099594116211,8.61376953125,8.511549949645996,8.596750259399414,0
2021-11-02,2021-11-02T00:00:00Z,8.513500213623047,8.571980476379395,8.508569717407227,8.513930320739746,0
2021-11-03,2021-11-03T00:00:00Z,8.567099571228027,8.579649925231934,8.540550231933594,8.569100379943848,0
2021-11-04,2021-11-04T00:00:00Z,8.528539657592773,8.593170166015625,8.517939567565918,8.527739524841309,0
2021-11-05,2021-11-05T00:00:00Z,8.582989692687988,8.606749534606934,8.55862045288086,8.58572006225586,0
2021-11-08,2021-11-08T00:00:00Z,8.567899703979492,8.622779846191406,8.557589530944824,8.567700386047363,0
2021-11-09,2021-11-09T00:00:00Z,8.568900108337402,8.585599899291992,8.524550437927246,8.575050354003906,0
2021-11-10,2021-11-10T00:00:00Z,8.558870315551758,8.672269821166992,8.557660102844238,8.573200225830078,0
2021-11-11,2021-11-11T00:00:00Z,8.699819564819336,8.731670379638672,8.680310249328613,8.699199676513672,0
2021-11-12,2021-11-12T00:00:00Z,8.70617961883545,8.758560180664062,8.69064998626709,8.711000442504883,0
2021-11-15,2021-11-15T00:00:00Z,8.75866985321045,8.774510383605957,8.73330020904541,8.758910179138184,0
2021-11-16,2021-11-16T00:00:00Z,8.802949905395508,8.87123966217041,8.778200149536133,8.797450065612793,0
2021-11-17,2021-11-17T00:00:00Z,8.897740364074707,8.93295955657959,8.837550163269043,8.897210121154785,0
2021-11-18,2021-11-18T00:00:00Z,8.857339859008789,8.900250434875488,8.83922004699707,8.857439994812012,0
2021-11-19,2021-11-19T00:00:00Z,8.862629890441895,8.97362995147705,8.852609634399414,8.862360000610352,0
2021-11-22,2021-11-22T00:00:00Z,8.956330299377441,9.012009620666504,8.937899589538574,8.956390380859375,0
2021-11-23,2021-11-23T00:00:00Z,8.984600067138672,9.031160354614258,8.970080375671387,8.991450309753418,0
2021-11-24,2021-11-24T00:00:00Z,9.038049697875977,9.132390022277832,9.019969940185547,9.03678035736084,0
2021-11-25,2021-11-25T00:00:00Z,9.122469902038574,9.122469902038574,9.054400444030762,9.120200157165527,0
2021-11-26,2021-11-26T00:00:00Z,9.113249778747559,9.178999900817871,9.06470012664795,9.110600471496582,0
2021-11-29,2021-11-29T00:00:00Z,9.148759841918945,9.158530235290527,9.074799537658691,9.14657974243164,0
2021-11-30,2021-11-30T00:00:00Z,9.060839653015137,9.108699798583984,9.0072603225708,9.06134033203125,0
2021-12-01,2021-12-01T00:00:00Z,9.02573013305664,9.050950050354004,8.985429763793945,9.02593994140625,0
2021-12-02,2021-12-02T00:00:00Z,9.085280418395996,9.092740058898926,9.025179862976074,9.087949752807617,0
2021-12-03,2021-12-03T00:00:00Z,9.048299789428711,9.179360389709473,9.041259765625,9.049799919128418,0
2021-12-06,2021-12-06T00:00:00Z,9.148900032043457,9.169699668884277,9.071379661560059,9.14700984954834,0
2021-12-07,2021-12-07T00:00:00Z,9.093999862670898,9.13794994354248,9.050200462341309,9.093729972839355,0
2021-12-08,2021-12-08T00:00:00Z,9.09630012512207,9.099329948425293,9.039429664611816,9.097149848937988,0
2021-12-09,2021-12-09T00:00:00Z,9.034979820251465,9.09453010559082,9.004989624023438,9.027859687805176,0
2021-12-10,2021-12-10T00:00:00Z,9.058520317077637,9.096240043640137,9.031940460205078,9.063850402832031,0
2021-12-13,2021-12-13T00:00:00Z,9.056550025939941,9.10867977142334,9.048040390014648,9.056469917297363,0
2021-12-14,2021-12-14T00:00:00Z,9.085659980773926,9.146769523620605,9.064379692077637,9.09119987487793,0
2021-12-15,2021-12-15T00:00:00Z,9.133859634399414,9.15149974822998,9.091899871826172,9.135199546813965,0
2021-12-16,2021-12-16T00:00:00Z,9.070380210876465,9.098139762878418,9.003809928894043,9.078399658203125,0
2021-12-17,2021-12-17T00:00:00Z,9.032309532165527,9.113080024719238,9.011280059814453,9.030099868774414,0
2021-12-20,2021-12-20T00:00:00Z,9.151200294494629,9.164549827575684,9.112489700317383,9.1493501663208,0
2021-12-21,2021-12-21T00:00:00Z,9.142290115356445,9.166910171508789,9.10984992980957,9.14441967010498,0
2021-12-22,2021-12-22T00:00:00Z,9.120240211486816,9.160360336303711,9.077230453491211,9.128009796142578,0
2021-12-23,2021-12-23T00:00:00Z,9.08489990234375,9.130330085754395,9.062219619750977,9.080160140991211,0
2021-12-24,2021-12-24T00:00:00Z,9.082320213317871,9.127300262451172,9.045729637145996,9.078490257263184,0
2021-12-27,2021-12-27T00:00:00Z,9.115900039672852,9.13877010345459,9.096159934997559,9.113479614257812,0
2021-12-28,2021-12-28T00:00:00Z,9.103879928588867,9.110210418701172,9.038599967956543,9.088970184326172,0
2021-12-29,2021-12-29T00:00:00Z,9.049019813537598,9.087650299072266,9.017399787902832,9.04712963104248,0
2021-12-30,2021-12-30T00:00:00Z,9.026490211486816,9.07196044921875,9.017230033874512,9.02556037902832,0
2021-12-31,2021-12-31T00:00:00Z,9.046710014343262,9.076740264892578,9.025899887084961,9.046810150146484,0
2022-01-03,2022-01-03T00:00:00Z,9.047380447387695,9.125570297241211,9.031120300292969,9.044739723205566,0
2022-01-04,2022-01-04T00:00:00Z,9.105299949645996,9.125349998474121,9.064929962158203,9.099650382995605,0
2022-01-05,2022-01-05T00:00:00Z,9.096710205078125,9.107049942016602,9.040749549865723,9.094200134277344,0
2022-01-06,2022-01-06T00:00:00Z,9.113530158996582,9.160840034484863,9.103619575500488,9.112350463867188,0
2022-01-07,2022-01-07T00:00:00Z,9.139300346374512,9.152299880981445,9.059470176696777,9.145299911499023,0
2022-01-10,2022-01-10T00:00:00Z,9.057720184326172,9.147950172424316,9.045720100402832,9.055569648742676,0
2022-01-11,2022-01-11T00:00:00Z,9.098600387573242,9.102519989013672,9.048100471496582,9.1002197265625,0
2022-01-12,2022-01-12T00:00:00Z,9.027239799499512,9.051650047302246,8.950440406799316,9.035420417785645,0
2022-01-13,2022-01-13T00:00:00Z,8.9450101852417,8.950559616088867,8.898300170898438,8.933250427246094,0
2022-01-14,2022-01-14T00:00:00Z,8.931500434875488,9.01261043548584,8.896149635314941,8.923179626464844,0
2022-01-17,2022-01-17T00:00:00Z,9.023249626159668,9.043020248413086,9.002209663391113,9.026049613952637,0
2022-01-18,2022-01-18T00:00:00Z,9.019269943237305,9.122949600219727,8.995779991149902,9.016850471496582,0
2022-01-19,2022-01-19T00:00:00Z,9.12658977508545,9.155130386352539,9.093629837036133,9.125860214233398,0
2022-01-20,2022-01-20T00:00:00Z,9.112449645996094,9.14680004119873,9.084799766540527,9.112099647521973,0
2022-01-21,2022-01-21T00:00:00Z,9.223199844360352,9.240889549255371,9.152099609375,9.218759536743164,0
2022-01-24,2022-01-24T00:00:00Z,9.191089630126953,9.334819793701172,9.184619903564453,9.191069602966309,0
2022-01-25,2022-01-25T00:00:00Z,9.258399963378906,9.319999694824219,9.250329971313477,9.25471019744873,0
2022-01-26,2022-01-26T00:00:00Z,9.244219779968262,9.279820442199707,9.241299629211426,9.255999565124512,0
2022-01-27,2022-01-27T00:00:00Z,9.30620002746582,9.383090019226074,9.298649787902832,9.299610137939453,0
2022-01-28,2022-01-28T00:00:00Z,9.375630378723145,9.479310035705566,9.360989570617676,9.376049995422363,0
2022-01-31,2022-01-31T00:00:00Z,9.422300338745117,9.428549766540527,9.308639526367188,9.422189712524414,0
2022-02-01,2022-02-01T00:00:00Z,9.32565975189209,9.34218978881836,9.249190330505371,9.33041000366211,0
2022-02-02,2022-02-02T00:00:00Z,9.232890129089355,9.262550354003906,9.152830123901367,9.232410430908203,0
2022-02-03,2022-02-03T00:00:00Z,9.1835298538208,9.2253999710083,9.08887004852295,9.20009994506836,0
2022-02-04,2022-02-04T00:00:00Z,9.090080261230469,9.170820236206055,9.055959701538086,9.097149848937988,0
2022-02-07,2022-02-07T00:00:00Z,9.143879890441895,9.172719955444336,9.116950035095215,9.142800331115723,0
2022-02-08,2022-02-08T00:00:00Z,9.124349594116211,9.177610397338867,9.109609603881836,9.117799758911133,0
2022-02-09,2022-02-09T00:00:00Z,9.135100364685059,9.149120330810547,9.07627010345459,9.132960319519043,0
2022-02-10,2022-02-10T00:00:00Z,9.11299991607666,9.282830238342285,9.047869682312012,9.107560157775879,0
2022-02-11,2022-02-11T00:00:00Z,9.31445026397705,9.351670265197754,9.23840045928955,9.313150405883789,0
2022-02-14,2022-02-14T00:00:00Z,9.30305004119873,9.446149826049805,9.30305004119873,9.30381965637207,0
2022-02-16,2022-02-16T00:00:00Z,9.2852201461792,9.314849853515625,9.246359825134277,9.286319732666016,0
2022-02-17,2022-02-17T00:00:00Z,9.273599624633789,9.37201976776123,9.265009880065918,9.274900436401367,0
2022-02-18,2022-02-18T00:00:00Z,9.336589813232422,9.401140213012695,9.274359703063965,9.320770263671875,0
2022-02-21,2022-02-21T00:00:00Z,9.401659965515137,9.413200378417969,9.308670043945312,9.402199745178223,0
2022-02-22,2022-02-22T00:00:00Z,9.43082046508789,9.472869873046875,9.302129745483398,9.427639961242676,0
2022-02-23,2022-02-23T00:00:00Z,9.326899528503418,9.3818998336792,9.298529624938965,9.331310272216797,0
2022-02-25,2022-02-25T00:00:00Z,9.497300148010254,9.537529945373535,9.401599884033203,9.484550476074219,0
2022-02-28,2022-02-28T00:00:00Z,9.53108024597168,9.581230163574219,9.42803955078125,9.532469749450684,0
2022-03-01,2022-03-01T00:00:00Z,9.465900421142578,9.647720336914062,9.439979553222656,9.454299926757812,0
2022-03-03,2022-03-03T00:00:00Z,9.671719551086426,9.785829544067383,9.668129920959473,9.672209739685059,0
2022-03-04,2022-03-04T00:00:00Z,9.726770401000977,9.960619926452637,9.726770401000977,9.742630004882812,0
2022-03-07,2022-03-07T00:00:00Z,9.921930313110352,10.068940162658691,9.890000343322754,9.921210289001465,0
2022-03-08,2022-03-08T00:00:00Z,9.9827299118042,10.031140327453613,9.913189888000488,9.98369026184082,0
2022-03-09,2022-03-09T00:00:00Z,9.935779571533203,9.9412202835083,9.653900146484375,9.939000129699707,0
2022-03-10,2022-03-10T00:00:00Z,9.668720245361328,9.771679878234863,9.622790336608887,9.667909622192383,0
2022-03-11,2022-03-11T00:00:00Z,9.655949592590332,9.742650032043457,9.608929634094238,9.656559944152832,0
2022-03-14,2022-03-14T00:00:00Z,9.721830368041992,9.754130363464355,9.557120323181152,9.722439765930176,0
2022-03-15,2022-03-15T00:00:00Z,9.604350090026855,9.62401008605957,9.548700332641602,9.616999626159668,0
2022-03-16,2022-03-16T00:00:00Z,9.599849700927734,9.618929862976074,9.415800094604492,9.598099708557129,0
2022-03-17,2022-03-17T00:00:00Z,9.409720420837402,9.47130012512207,9.391389846801758,9.41038990020752,0
2022-03-18,2022-03-18T00:00:00Z,9.41353988647461,9.479419708251953,9.387680053710938,9.413330078125,0
2022-03-21,2022-03-21T00:00:00Z,9.42296028137207,9.46282958984375,9.407710075378418,9.421119689941406,0
2022-03-22,2022-03-22T00:00:00Z,9.490659713745117,9.534629821777344,9.39480972290039,9.479009628295898,0
2022-03-23,2022-03-23T00:00:00Z,9.440409660339355,9.48921012878418,9.412389755249023,9.4414701461792,0
2022-03-24,2022-03-24T00:00:00Z,9.445369720458984,9.46957015991211,9.377790451049805,9.433300018310547,0
2022-03-25,2022-03-25T00:00:00Z,9.389260292053223,9.430939674377441,9.363450050354004,9.38914966583252,0
2022-03-28,2022-03-28T00:00:00Z,9.412839889526367,9.551619529724121,9.402810096740723,9.412839889526367,0
2022-03-29,2022-03-29T00:00:00Z,9.481889724731445,9.504690170288086,9.25885009765625,9.481889724731445,0
2022-03-30,2022-03-30T00:00:00Z,9.324020385742188,9.324899673461914,9.243550300598145,9.324020385742188,0
2022-03-31,2022-03-31T00:00:00Z,9.235610008239746,9.369720458984375,9.216830253601074,9.235610008239746,0
2022-04-01,2022-04-01T00:00:00Z,9.372699737548828,9.407919883728027,9.336810111999512,9.372699737548828,0
2022-04-04,2022-04-04T00:00:00Z,9.369000434875488,9.448450088500977,9.34712028503418,9.369000434875488,0
2022-04-05,2022-04-05T00:00:00Z,9.420599937438965,9.43472957611084,9.34801959991455,9.420599937438965,0
2022-04-06,2022-04-06T00:00:00Z,9.423700332641602,9.461730003356934,9.393950462341309,9.423700332641602,0
2022-04-07,2022-04-07T00:00:00Z,9.485489845275879,9.491660118103027,9.422730445861816,9.485489845275879,0
2022-04-08,2022-04-08T00:00:00Z,9.462650299072266,9.493820190429688,9.431300163269043,9.462650299072266,0
2022-04-11,2022-04-11T00:00:00Z,9.438770294189453,9.484580039978027,9.417010307312012,9.438770294189453,0
2022-04-12,2022-04-12T00:00:00Z,9.511730194091797,9.538700103759766,9.447099685668945,9.511730194091797,0
2022-04-13,2022-04-13T00:00:00Z,9.520790100097656,9.564020156860352,9.492070198059082,9.520790100097656,0
2022-04-14,2022-04-14T00:00:00Z,9.468099594116211,9.576040267944336,9.415960311889648,9.468099594116211,0
2022-04-15,2022-04-15T00:00:00Z,9.52614974975586,9.569219589233398,9.508339881896973,9.52614974975586,0
2022-04-18,2022-04-18T00:00:00Z,9.56509017944336,9.598569869995117,9.552900314331055,9.56509017944336,0
2022-04-19,2022-04-19T00:00:00Z,9.592000007629395,9.617560386657715,9.550450325012207,9.592000007629395,0
2022-04-20,2022-04-20T00:00:00Z,9.531649589538574,9.55055046081543,9.421850204467773,9.531649589538574,0
2022-04-21,2022-04-21T00:00:00Z,9.42908000946045,9.493080139160156,9.36989974975586,9.42908000946045,0
2022-04-22,2022-04-22T00:00:00Z,9.511630058288574,9.55620002746582,9.456720352172852,9.511630058288574,0
2022-04-25,2022-04-25T00:00:00Z,9.520790100097656,9.743610382080078,9.512009620666504,9.5246000289917,0
2022-04-26,2022-04-26T00:00:00Z,9.712089538574219,9.812040328979492,9.675919532775879,9.712089538574219,0
2022-04-27,2022-04-27T00:00:00Z,9.837900161743164,9.881119728088379,9.774450302124023,9.837900161743164,0
2022-04-28,2022-04-28T00:00:00Z,9.825699806213379,9.898059844970703,9.706720352172852,9.825699806213379,0
2022-05-02,2022-05-02T00:00:00Z,9.819199562072754,9.91592025756836,9.793800354003906,9.819199562072754,0
2022-05-03,2022-05-03T00:00:00Z,9.899419784545898,9.918709754943848,9.83018970489502,9.899419784545898,0
2022-05-04,2022-05-04T00:00:00Z,9.850500106811523,9.899069786071777,9.838930130004883,9.850500106811523,0
2022-05-05,2022-05-05T00:00:00Z,9.728249549865723,9.966320037841797,9.717329978942871,9.728249549865723,0
2022-05-06,2022-05-06T00:00:00Z,9.945099830627441,10.017780303955078,9.85241985321045,9.945099830627441,0
2022-05-09,2022-05-09T00:00:00Z,9.971590042114258,10.125109672546387,9.957340240478516,9.971590042114258,0
2022-05-10,2022-05-10T00:00:00Z,10.074440002441406,10.113699913024902,9.973230361938477,10.074440002441406,0
2022-05-11,2022-05-11T00:00:00Z,10.060990333557129,10.074179649353027,9.93595027923584,10.060990333557129,0
2022-05-12,2022-05-12T00:00:00Z,10.077899932861328,10.166179656982422,10.055450439453125,10.077899932861328,0
2022-05-13,2022-05-13T00:00:00Z,10.154600143432617,10.161649703979492,10.048640251159668,10.154600143432617,0
2022-05-16,2022-05-16T00:00:00Z,10.06760025024414,10.102310180664062,10.03777027130127,10.06760025024414,0
2022-05-17,2022-05-17T00:00:00Z,10.056940078735352,10.057880401611328,9.877090454101562,10.056940078735352,0
2022-05-18,2022-05-18T00:00:00Z,9.925399780273438,10.018589973449707,9.8956298828125,9.925399780273438,0
2022-05-20,2022-05-20T00:00:00Z,9.92471981048584,9.966520309448242,9.880319595336914,9.92471981048584,0
2022-05-23,2022-05-23T00:00:00Z,9.933850288391113,9.935079574584961,9.802330017089844,9.933850288391113,0
2022-05-24,2022-05-24T00:00:00Z,9.826390266418457,9.852270126342773,9.750699996948242,9.826390266418457,0
2022-05-25,2022-05-25T00:00:00Z,9.7575101852417,9.903739929199219,9.743840217590332,9.7575101852417,0
2022-05-26,2022-05-26T00:00:00Z,9.858799934387207,9.918769836425781,9.813090324401855,9.858799934387207,0
2022-05-27,2022-05-27T00:00:00Z,9.857930183410645,9.861120223999023,9.79716968536377,9.857930183410645,0
2022-05-30,2022-05-30T00:00:00Z,9.820899963378906,9.825360298156738,9.72974967956543,9.820899963378906,0
2022-05-31,2022-05-31T00:00:00Z,9.746450424194336,9.845120429992676,9.742830276489258,9.746450424194336,0
2022-06-01,2022-06-01T00:00:00Z,9.743289947509766,9.871959686279297,9.737150192260742,9.743289947509766,0
2022-06-02,2022-06-02T00:00:00Z,9.845999717712402,9.85531997680664,9.720390319824219,9.845999717712402,0
2022-06-03,2022-06-03T00:00:00Z,9.694669723510742,9.77830982208252,9.663419723510742,9.694669723510742,0
2022-06-06,2022-06-06T00:00:00Z,9.764399528503418,9.793680191040039,9.72249984741211,9.764399528503418,0
2022-06-07,2022-06-07T00:00:00Z,9.795299530029297,9.861350059509277,9.77692985534668,9.795299530029297,0
2022-06-08,2022-06-08T00:00:00Z,9.793350219726562,9.830499649047852,9.761070251464844,9.793350219726562,0
2022-06-09,2022-06-09T00:00:00Z,9.82229995727539,9.886679649353027,9.760040283203125,9.82229995727539,0
2022-06-10,2022-06-10T00:00:00Z,9.905380249023438,10.038629531860352,9.863189697265625,9.905380249023438,0
2022-06-13,2022-06-13T00:00:00Z,10.0549898147583,10.196889877319336,10.028889656066895,10.0549898147583,0
2022-06-14,2022-06-14T00:00:00Z,10.185720443725586,10.212949752807617,9.930419921875,10.185720443725586,0
2022-06-15,2022-06-15T00:00:00Z,10.176609992980957,10.255439758300781,10.06488037109375,10.176609992980957,0
2022-06-16,2022-06-16T00:00:00Z,10.16681957244873,10.305109977722168,10.129870414733887,10.16681957244873,0
2022-06-17,2022-06-17T00:00:00Z,10.150639533996582,10.244000434875488,10.072150230407715,10.150639533996582,0
2022-06-20,2022-06-20T00:00:00Z,10.179539680480957,10.182029724121094,10.058770179748535,10.179539680480957,0
2022-06-21,2022-06-21T00:00:00Z,10.106069564819336,10.118499755859375,10.026419639587402,10.106069564819336,0
2022-06-22,2022-06-22T00:00:00Z,10.10651969909668,10.189530372619629,10.045689582824707,10.10651969909668,0
2022-06-23,2022-06-23T00:00:00Z,10.104479789733887,10.206549644470215,10.034250259399414,10.104479789733887,0
2022-06-24,2022-06-24T00:00:00Z,10.172200202941895,10.18805980682373,10.103569984436035,10.172200202941895,0
2022-06-27,2022-06-27T00:00:00Z,10.117280006408691,10.140480041503906,10.047419548034668,10.117280006408691,0
2022-06-28,2022-06-28T00:00:00Z,10.084569931030273,10.141400337219238,10.03654956817627,10.084569931030273,0
2022-06-29,2022-06-29T00:00:00Z,10.142210006713867,10.21558952331543,10.12621021270752,10.142210006713867,0
2022-06-30,2022-06-30T00:00:00Z,10.218179702758789,10.344369888305664,10.185090065002441,10.218179702758789,0
2022-07-01,2022-07-01T00:00:00Z,10.232669830322266,10.374409675598145,10.217619895935059,10.232669830322266,0
2022-07-04,2022-07-04T00:00:00Z,10.305290222167969,10.361040115356445,10.275699615478516,10.297200202941895,0
2022-07-05,2022-07-05T00:00:00Z,10.33257007598877,10.5418701171875,10.274749755859375,10.33257007598877,0
2022-07-06,2022-07-06T00:00:00Z,10.516249656677246,10.574210166931152,10.467519760131836,10.516249656677246,0
2022-07-07,2022-07-07T00:00:00Z,10.538649559020996,10.561929702758789,10.474960327148438,10.538649559020996,0
2022-07-08,2022-07-08T00:00:00Z,10.515299797058105,10.6220703125,10.473919868469238,10.515299797058105,0
2022-07-11,2022-07-11T00:00:00Z,10.536709785461426,10.646349906921387,10.509699821472168,10.536709785461426,0
2022-07-12,2022-07-12T00:00:00Z,10.61443042755127,10.682129859924316,10.532179832458496,10.61443042755127,0
2022-07-13,2022-07-13T00:00:00Z,10.564000129699707,10.620140075683594,10.475749969482422,10.564000129699707,0
2022-07-14,2022-07-14T00:00:00Z,10.586250305175781,10.663590431213379,9.795709609985352,10.586250305175781,0
2022-07-15,2022-07-15T00:00:00Z,10.572580337524414,10.59216022491455,10.46366024017334,10.572580337524414,0
2022-07-18,2022-07-18T00:00:00Z,10.463600158691406,10.479000091552734,10.314900398254395,10.463600158691406,0
2022-07-19,2022-07-19T00:00:00Z,10.380610466003418,10.415590286254883,10.190019607543945,10.380610466003418,0
2022-07-20,2022-07-20T00:00:00Z,10.224539756774902,10.288949966430664,10.182270050048828,10.224539756774902,0
2022-07-21,2022-07-21T00:00:00Z,10.240530014038086,10.270210266113281,10.151009559631348,10.240530014038086,0
2022-07-22,2022-07-22T00:00:00Z,10.195549964904785,10.279620170593262,10.1743803024292,10.195549964904785,0
2022-07-25,2022-07-25T00:00:00Z,10.225299835205078,10.25436019897461,10.140000343322754,10.225299835205078,0
2022-07-26,2022-07-26T00:00:00Z,10.18235969543457,10.330909729003906,10.144339561462402,10.18235969543457,0
2022-07-27,2022-07-27T00:00:00Z,10.307499885559082,10.349200248718262,10.270380020141602,10.307499885559082,0
2022-07-28,2022-07-28T00:00:00Z,10.2191801071167,10.329270362854004,10.179579734802246,10.2191801071167,0
2022-07-29,2022-07-29T00:00:00Z,10.204839706420898,10.240169525146484,10.129130363464355,10.204839706420898,0
2022-08-01,2022-08-01T00:00:00Z,10.16940975189209,10.170330047607422,10.06620979309082,10.16940975189209,0
2022-08-02,2022-08-02T00:00:00Z,10.118160247802734,10.215720176696777,10.072059631347656,10.118160247802734,0
2022-08-03,2022-08-03T00:00:00Z,10.255229949951172,10.266200065612793,10.186189651489258,10.255229949951172,0
2022-08-04,2022-08-04T00:00:00Z,10.2181396484375,10.224430084228516,10.117300033569336,10.2181396484375,0
2022-08-05,2022-08-05T00:00:00Z,10.106030464172363,10.232950210571289,10.097519874572754,10.106030464172363,0
2022-08-08,2022-08-08T00:00:00Z,10.204999923706055,10.209930419921875,10.12736988067627,10.204999923706055,0
2022-08-09,2022-08-09T00:00:00Z,10.126090049743652,10.165670394897461,10.125349998474121,10.126090049743652,0
2022-08-10,2022-08-10T00:00:00Z,10.16250991821289,10.181750297546387,10.004059791564941,10.16250991821289,0
2022-08-11,2022-08-11T00:00:00Z,10.043009757995605,10.080100059509277,9.997200012207031,10.043009757995605,0
2022-08-12,2022-08-12T00:00:00Z,10.06029987335205,10.218469619750977,10.04485034942627,10.06029987335205,0
2022-08-15,2022-08-15T00:00:00Z,10.204540252685547,10.329830169677734,10.18397045135498,10.204540252685547,0
2022-08-16,2022-08-16T00:00:00Z,10.325929641723633,10.404609680175781,10.322830200195312,10.325929641723633,0
2022-08-17,2022-08-17T00:00:00Z,10.334210395812988,10.412309646606445,10.304240226745605,10.334210395812988,0
2022-08-18,2022-08-18T00:00:00Z,10.391599655151367,10.488940238952637,10.371800422668457,10.391599655151367,0
2022-08-19,2022-08-19T00:00:00Z,10.506730079650879,10.597339630126953,10.502790451049805,10.506730079650879,0
2022-08-22,2022-08-22T00:00:00Z,10.595239639282227,10.733429908752441,10.517210006713867,10.595239639282227,0
2022-08-23,2022-08-23T00:00:00Z,10.70680046081543,10.760120391845703,10.56797981262207,10.70680046081543,0
2022-08-24,2022-08-24T00:00:00Z,10.630120277404785,10.680439949035645,10.560999870300293,10.630120277404785,0
2022-08-25,2022-08-25T00:00:00Z,10.609399795532227,10.614669799804688,10.522130012512207,10.609399795532227,0
2022-08-26,2022-08-26T00:00:00Z,10.581450462341309,10.642200469970703,10.480219841003418,10.581450462341309,0
2022-08-29,2022-08-29T00:00:00Z,10.645480155944824,10.733710289001465,10.612099647521973,10.645480155944824,0
2022-08-30,2022-08-30T00:00:00Z,10.651399612426758,10.709320068359375,10.597800254821777,10.651399612426758,0
2022-08-31,2022-08-31T00:00:00Z,10.669059753417969,10.715200424194336,10.614150047302246,10.669059753417969,0
2022-09-01,2022-09-01T00:00:00Z,10.67531967163086,10.8294095993042,10.6697998046875,10.67531967163086,0
2022-09-02,2022-09-02T00:00:00Z,10.787890434265137,10.79164981842041,10.68809986114502,10.787890434265137,0
2022-09-05,2022-09-05T00:00:00Z,10.830900192260742,10.87814998626709,10.784159660339355,10.830900192260742,0
2022-09-06,2022-09-06T00:00:00Z,10.781780242919922,10.852310180664062,10.713419914245605,10.781780242919922,0
2022-09-07,2022-09-07T00:00:00Z,10.801400184631348,10.839280128479004,10.73684024810791,10.801400184631348,0
2022-09-08,2022-09-08T00:00:00Z,10.702779769897461,10.786680221557617,10.61001968383789,10.702779769897461,0
2022-09-09,2022-09-09T00:00:00Z,10.694729804992676,10.696999549865723,10.517080307006836,10.694729804992676,0
2022-09-12,2022-09-12T00:00:00Z,10.579350471496582,10.598589897155762,10.437459945678711,10.579350471496582,0
2022-09-13,2022-09-13T00:00:00Z,10.475379943847656,10.653670310974121,10.41349983215332,10.475379943847656,0
2022-09-14,2022-09-14T00:00:00Z,10.683699607849121,10.705710411071777,10.619600296020508,10.683699607849121,0
2022-09-15,2022-09-15T00:00:00Z,10.691530227661133,10.735489845275879,10.670120239257812,10.691530227661133,0
2022-09-16,2022-09-16T00:00:00Z,10.742449760437012,10.820460319519043,10.711600303649902,10.742449760437012,0
2022-09-19,2022-09-19T00:00:00Z,10.728230476379395,10.834850311279297,10.722769737243652,10.733699798583984,0
2022-09-20,2022-09-20T00:00:00Z,10.763349533081055,10.897259712219238,10.62732982635498,10.763349533081055,0
2022-09-21,2022-09-21T00:00:00Z,10.891400337219238,11.036649703979492,10.887740135192871,10.891400337219238,0
2022-09-22,2022-09-22T00:00:00Z,11.09274959564209,11.13366985321045,10.973429679870605,11.09274959564209,0
2022-09-23,2022-09-23T00:00:00Z,11.064499855041504,11.26632022857666,11.051030158996582,11.064499855041504,0
2022-09-26,2022-09-26T00:00:00Z,11.296979904174805,11.42743968963623,11.23213005065918,11.296979904174805,0
2022-09-27,2022-09-27T00:00:00Z,11.320690155029297,11.371410369873047,11.223739624023438,11.320690155029297,0
2022-09-28,2022-09-28T00:00:00Z,11.361200332641602,11.492899894714355,11.226269721984863,11.361200332641602,0
2022-09-29,2022-09-29T00:00:00Z,11.225529670715332,11.371979713439941,11.17611026763916,11.225529670715332,0
2022-09-30,2022-09-30T00:00:00Z,11.137189865112305,11.194230079650879,11.07759952545166,11.137189865112305,0
2022-10-03,2022-10-03T00:00:00Z,11.100350379943848,11.179089546203613,10.978219985961914,11.100350379943848,0
2022-10-04,2022-10-04T00:00:00Z,11.00331974029541,11.037449836730957,10.852499961853027,11.00331974029541,0
2022-10-05,2022-10-05T00:00:00Z,10.847800254821777,11.03600025177002,10.820690155029297,10.847800254821777,0
2022-10-06,2022-10-06T00:00:00Z,10.921870231628418,11.156370162963867,10.895979881286621,10.921870231628418,0
2022-10-07,2022-10-07T00:00:00Z,11.139579772949219,11.194709777832031,11.078450202941895,11.139579772949219,0
2022-10-10,2022-10-10T00:00:00Z,11.226320266723633,11.336739540100098,11.19989013671875,11.226320266723633,0
2022-10-11,2022-10-11T00:00:00Z,11.294249534606934,11.372099876403809,11.264559745788574,11.294249534606934,0
2022-10-12,2022-10-12T00:00:00Z,11.348050117492676,11.389510154724121,11.303629875183105,11.348050117492676,0
2022-10-13,2022-10-13T00:00:00Z,11.327690124511719,11.472100257873535,11.217439651489258,11.327690124511719,0
2022-10-14,2022-10-14T00:00:00Z,11.246620178222656,11.34292984008789,11.193289756774902,11.246620178222656,0
2022-10-17,2022-10-17T00:00:00Z,11.273699760437012,11.31902027130127,11.13938045501709,11.273699760437012,0
2022-10-18,2022-10-18T00:00:00Z,11.129859924316406,11.160320281982422,11.041569709777832,11.129859924316406,0
2022-10-19,2022-10-19T00:00:00Z,11.07172966003418,11.222350120544434,11.068750381469727,11.07172966003418,0
2022-10-20,2022-10-20T00:00:00Z,11.2247896194458,11.245579719543457,11.155759811401367,11.2247896194458,0
2022-10-21,2022-10-21T00:00:00Z,11.269740104675293,11.426170349121094,11.212349891662598,11.269740104675293,0
2022-10-24,2022-10-24T00:00:00Z,11.190389633178711,11.29358959197998,11.161290168762207,11.190389633178711,0
2022-10-25,2022-10-25T00:00:00Z,11.143919944763184,11.177149772644043,10.051289558410645,11.143919944763184,0
2022-10-26,2022-10-26T00:00:00Z,10.967229843139648,10.99293041229248,10.852700233459473,10.967229843139648,0
2022-10-27,2022-10-27T00:00:00Z,10.840229988098145,10.944930076599121,10.836400032043457,10.840229988098145,0
2022-10-28,2022-10-28T00:00:00Z,10.955699920654297,11.025890350341797,10.923430442810059,10.955699920654297,0
2022-10-31,2022-10-31T00:00:00Z,10.965840339660645,11.064149856567383,10.941969871520996,10.965840339660645,0
2022-11-01,2022-11-01T00:00:00Z,11.018019676208496,11.042969703674316,10.913780212402344,11.018019676208496,0
2022-11-02,2022-11-02T00:00:00Z,11.007590293884277,11.043760299682617,10.977829933166504,11.007590293884277,0
2022-11-03,2022-11-03T00:00:00Z,11.109219551086426,11.239879608154297,11.069629669189453,11.109219551086426,0
2022-11-04,2022-11-04T00:00:00Z,11.189499855041504,11.190560340881348,10.899530410766602,11.189499855041504,0
2022-11-07,2022-11-07T00:00:00Z,10.93196964263916,10.954019546508789,10.811140060424805,10.93196964263916,0
2022-11-08,2022-11-08T00:00:00Z,10.843600273132324,10.892609596252441,10.713399887084961,10.843600273132324,0
2022-11-09,2022-11-09T00:00:00Z,10.747380256652832,10.855660438537598,10.717720031738281,10.747380256652832,0
2022-11-10,2022-11-10T00:00:00Z,10.877699851989746,10.950860023498535,10.615429878234863,10.877699851989746,0
2022-11-11,2022-11-11T00:00:00Z,10.59574031829834,10.634269714355469,10.35103988647461,10.59574031829834,0
2022-11-14,2022-11-14T00:00:00Z,10.39507007598877,10.493410110473633,10.335809707641602,10.39507007598877,0
2022-11-15,2022-11-15T00:00:00Z,10.489720344543457,10.500029563903809,10.308910369873047,10.489720344543457,0
2022-11-16,2022-11-16T00:00:00Z,10.459400177001953,10.511819839477539,10.400500297546387,10.459400177001953,0
2022-11-17,2022-11-17T00:00:00Z,10.484640121459961,10.66786003112793,10.468420028686523,10.484640121459961,0
2022-11-18,2022-11-18T00:00:00Z,10.595219612121582,10.634849548339844,10.49507999420166,10.595219612121582,0
2022-11-21,2022-11-21T00:00:00Z,10.624449729919434,10.746000289916992,10.593600273132324,10.624449729919434,0
2022-11-22,2022-11-22T00:00:00Z,10.70164966583252,10.710599899291992,10.645299911499023,10.70164966583252,0
2022-11-23,2022-11-23T00:00:00Z,10.627860069274902,10.646860122680664,10.463529586791992,10.627860069274902,0
2022-11-24,2022-11-24T00:00:00Z,10.43179988861084,10.481419563293457,10.377249717712402,10.43179988861084,0
2022-11-25,2022-11-25T00:00:00Z,10.386360168457031,10.462739944458008,10.375840187072754,10.386360168457031,0
2022-11-28,2022-11-28T00:00:00Z,10.45557975769043,10.501399993896484,10.365599632263184,10.45557975769043,0
2022-11-29,2022-11-29T00:00:00Z,10.548469543457031,10.584449768066406,10.47758960723877,10.548469543457031,0
2022-11-30,2022-11-30T00:00:00Z,10.594050407409668,10.670350074768066,10.514769554138184,10.594050407409668,0
2022-12-01,2022-12-01T00:00:00Z,10.474360466003418,10.511930465698242,10.312820434570312,10.474360466003418,0
2022-12-02,2022-12-02T00:00:00Z,10.296950340270996,10.460040092468262,10.285750389099121,10.296950340270996,0
2022-12-05,2022-12-05T00:00:00Z,10.31482982635498,10.406620025634766,10.25236988067627,10.31482982635498,0
2022-12-06,2022-12-06T00:00:00Z,10.399239540100098,10.437990188598633,10.336830139160156,10.399239540100098,0
2022-12-07,2022-12-07T00:00:00Z,10.407710075378418,10.43943977355957,10.317970275878906,10.407710075378418,0
2022-12-08,2022-12-08T00:00:00Z,10.3748197555542,10.414389610290527,10.32271957397461,10.3748197555542,0
2022-12-09,2022-12-09T00:00:00Z,10.323229789733887,10.37833023071289,10.262470245361328,10.323229789733887,0
2022-12-12,2022-12-12T00:00:00Z,10.331990242004395,10.36890983581543,10.291179656982422,10.331990242004395,0
2022-12-13,2022-12-13T00:00:00Z,10.323200225830078,10.338299751281738,10.164750099182129,10.323200225830078,0
2022-12-14,2022-12-14T00:00:00Z,10.21461009979248,10.236000061035156,10.172809600830078,10.21461009979248,0
2022-12-15,2022-12-15T00:00:00Z,10.161669731140137,10.335530281066895,10.121060371398926,10.161669731140137,0
2022-12-16,2022-12-16T00:00:00Z,10.34220027923584,10.39993953704834,10.287210464477539,10.34220027923584,0
2022-12-19,2022-12-19T00:00:00Z,10.279279708862305,10.422269821166992,10.276399612426758,10.279279708862305,0
2022-12-20,2022-12-20T00:00:00Z,10.385970115661621,10.447879791259766,10.338669776916504,10.385970115661621,0
2022-12-21,2022-12-21T00:00:00Z,10.416500091552734,10.440309524536133,10.380900382995605,10.416500091552734,0
2022-12-22,2022-12-22T00:00:00Z,10.414910316467285,10.479100227355957,10.337690353393555,10.414910316467285,0
2022-12-23,2022-12-23T00:00:00Z,10.454489707946777,10.535400390625,10.413470268249512,10.454489707946777,0
2022-12-26,2022-12-26T00:00:00Z,10.499549865722656,10.528400421142578,10.449810028076172,10.499549865722656,0
2022-12-27,2022-12-27T00:00:00Z,10.482569694519043,10.488309860229492,10.414299964904785,10.482569694519043,0
2022-12-28,2022-12-28T00:00:00Z,10.466349601745605,10.485099792480469,10.364620208740234,10.466349601745605,0
2022-12-29,2022-12-29T00:00:00Z,10.450730323791504,10.491100311279297,10.43297004699707,10.450730323791504,0
2022-12-30,2022-12-30T00:00:00Z,10.452199935913086,10.488349914550781,10.373180389404297,10.452199935913086,0
2023-01-02,2023-01-02T00:00:00Z,10.398200035095215,10.473649978637695,10.393139839172363,10.398200035095215,0
2023-01-03,2023-01-03T00:00:00Z,10.436490058898926,10.583239555358887,10.424619674682617,10.436490058898926,0
2023-01-04,2023-01-04T00:00:00Z,10.567159652709961,10.569600105285645,10.479949951171875,10.567159652709961,0
2023-01-05,2023-01-05T00:00:00Z,10.503060340881348,10.699399948120117,10.47959041595459,10.503060340881348,0
2023-01-06,2023-01-06T00:00:00Z,10.674480438232422,10.747220039367676,10.542059898376465,10.674480438232422,0
2023-01-10,2023-01-10T00:00:00Z,10.396989822387695,10.453319549560547,10.358960151672363,10.396989822387695,0
2023-01-11,2023-01-11T00:00:00Z,10.413399696350098,10.509149551391602,10.389100074768066,10.413399696350098,0
2023-01-12,2023-01-12T00:00:00Z,10.458609580993652,10.513449668884277,10.370710372924805,10.458609580993652,0
2023-01-13,2023-01-13T00:00:00Z,10.4052095413208,10.46282958984375,10.365030288696289,10.4052095413208,0
2023-01-16,2023-01-16T00:00:00Z,10.355500221252441,10.448229789733887,10.328129768371582,10.355500221252441,0
2023-01-17,2023-01-17T00:00:00Z,10.392800331115723,10.452930450439453,10.32433032989502,10.392800331115723,0
2023-01-18,2023-01-18T00:00:00Z,10.417779922485352,10.437600135803223,10.243189811706543,10.417779922485352,0
2023-01-19,2023-01-19T00:00:00Z,10.32610034942627,10.380450248718262,10.25115966796875,10.32610034942627,0
2023-01-20,2023-01-20T00:00:00Z,10.308030128479004,10.352899551391602,10.279850006103516,10.308030128479004,0
2023-01-24,2023-01-24T00:00:00Z,10.236499786376953,10.26375961303711,10.18062973022461,10.236499786376953,0
2023-01-25,2023-01-25T00:00:00Z,10.199580192565918,10.279760360717773,10.173080444335938,10.199580192565918,0
2023-01-26,2023-01-26T00:00:00Z,10.191120147705078,10.326459884643555,10.17572021484375,10.191120147705078,0
2023-01-27,2023-01-27T00:00:00Z,10.26509952545166,10.349740028381348,10.248319625854492,10.26509952545166,0
2023-01-30,2023-01-30T00:00:00Z,10.296850204467773,10.388660430908203,10.231610298156738,10.296850204467773,0
2023-01-31,2023-01-31T00:00:00Z,10.394200325012207,10.519820213317871,10.380610466003418,10.394200325012207,0
2023-02-01,2023-02-01T00:00:00Z,10.426349639892578,10.46310043334961,10.397489547729492,10.426349639892578,0
2023-02-02,2023-02-02T00:00:00Z,10.303950309753418,10.418889999389648,10.261590003967285,10.303950309753418,0
2023-02-03,2023-02-03T00:00:00Z,10.37969970703125,10.529170036315918,10.350449562072754,10.37969970703125,0
2023-02-07,2023-02-07T00:00:00Z,10.611000061035156,10.671449661254883,10.573160171508789,10.611000061035156,0
2023-02-08,2023-02-08T00:00:00Z,10.569049835205078,10.615670204162598,10.497579574584961,10.569049835205078,0
2023-02-09,2023-02-09T00:00:00Z,10.584500312805176,10.587249755859375,10.296250343322754,10.584500312805176,0
2023-02-10,2023-02-10T00:00:00Z,10.339400291442871,10.4662504196167,10.303319931030273,10.339400291442871,0
2023-02-13,2023-02-13T00:00:00Z,10.449799537658691,10.491299629211426,10.372269630432129,10.452400207519531,0
2023-02-14,2023-02-14T00:00:00Z,10.37090015411377,10.405349731445312,10.25609016418457,10.37090015411377,0
2023-02-15,2023-02-15T00:00:00Z,10.354700088500977,10.456899642944336,10.339879989624023,10.354700088500977,0
2023-02-16,2023-02-16T00:00:00Z,10.413880348205566,10.493789672851562,10.371450424194336,10.413880348205566,0
2023-02-17,2023-02-17T00:00:00Z,10.45419979095459,10.551090240478516,10.448650360107422,10.45419979095459,0
2023-02-20,2023-02-20T00:00:00Z,10.459320068359375,10.476320266723633,10.325400352478027,10.459320068359375,0
2023-02-21,2023-02-21T00:00:00Z,10.337550163269043,10.397029876708984,10.289799690246582,10.337550163269043,0
2023-02-22,2023-02-22T00:00:00Z,10.363539695739746,10.405659675598145,10.321109771728516,10.363539695739746,0
2023-02-23,2023-02-23T00:00:00Z,10.413829803466797,10.468239784240723,10.373880386352539,10.413829803466797,0
2023-02-24,2023-02-24T00:00:00Z,10.426989555358887,10.491270065307617,10.37936019897461,10.426989555358887,0
2023-02-27,2023-02-27T00:00:00Z,10.482000350952148,10.515700340270996,10.387700080871582,10.482000350952148,0
2023-02-28,2023-02-28T00:00:00Z,10.388199806213379,10.455860137939453,10.375399589538574,10.388199806213379,0
2023-03-01,2023-03-01T00:00:00Z,10.464059829711914,10.485779762268066,10.374699592590332,10.464059829711914,0
2023-03-02,2023-03-02T00:00:00Z,10.430290222167969,10.532150268554688,10.427519798278809,10.430290222167969,0
2023-03-03,2023-03-03T00:00:00Z,10.502570152282715,10.522919654846191,10.46599006652832,10.502570152282715,0
2023-03-06,2023-03-06T00:00:00Z,10.47819995880127,10.504110336303711,10.436079978942871,10.47819995880127,0
2023-03-07,2023-03-07T00:00:00Z,10.437210083007812,10.706060409545898,10.409000396728516,10.437210083007812,0
2023-03-08,2023-03-08T00:00:00Z,10.721639633178711,10.758899688720703,10.654959678649902,10.721639633178711,0
2023-03-09,2023-03-09T00:00:00Z,10.721759796142578,10.74053955078125,10.6743803024292,10.721759796142578,0
2023-03-10,2023-03-10T00:00:00Z,10.721360206604004,10.777509689331055,10.608420372009277,10.721360206604004,0
2023-03-13,2023-03-13T00:00:00Z,10.646869659423828,10.755590438842773,10.539409637451172,10.646869659423828,0
2023-03-14,2023-03-14T00:00:00Z,10.604040145874023,10.660639762878418,10.461939811706543,10.604040145874023,0
2023-03-15,2023-03-15T00:00:00Z,10.468700408935547,10.637310028076172,10.394399642944336,10.468700408935547,0
2023-03-16,2023-03-16T00:00:00Z,10.592180252075195,10.612119674682617,10.495789527893066,10.592180252075195,0
2023-03-17,2023-03-17T00:00:00Z,10.499480247497559,10.547590255737305,10.411529541015625,10.499480247497559,0
2023-03-20,2023-03-20T00:00:00Z,10.478599548339844,10.539730072021484,10.370800018310547,10.50059986114502,0
2023-03-21,2023-03-21T00:00:00Z,10.366390228271484,10.40507984161377,10.278949737548828,10.366390228271484,0
2023-03-22,2023-03-22T00:00:00Z,10.326370239257812,10.368450164794922,10.297220230102539,10.326370239257812,0
2023-03-23,2023-03-23T00:00:00Z,10.29302978515625,10.331999778747559,10.217120170593262,10.29302978515625,0
2023-03-24,2023-03-24T00:00:00Z,10.332489967346191,10.467860221862793,10.265279769897461,10.332489967346191,0
2023-03-27,2023-03-27T00:00:00Z,10.417900085449219,10.438389778137207,10.374099731445312,10.40060043334961,0
2023-03-28,2023-03-28T00:00:00Z,10.362039566040039,10.379460334777832,10.307220458984375,10.362039566040039,0
2023-03-29,2023-03-29T00:00:00Z,10.343790054321289,10.430060386657715,10.33810043334961,10.343790054321289,0
2023-03-30,2023-03-30T00:00:00Z,10.394749641418457,10.444990158081055,10.334759712219238,10.394749641418457,0
2023-03-31,2023-03-31T00:00:00Z,10.353500366210938,10.38131046295166,10.332980155944824,10.353500366210938,0
2023-04-03,2023-04-03T00:00:00Z,10.423600196838379,10.438799858093262,10.353679656982422,10.423600196838379,0
2023-04-04,2023-04-04T00:00:00Z,10.36340045928955,10.395299911499023,10.261690139770508,10.36340045928955,0
2023-04-05,2023-04-05T00:00:00Z,10.270600318908691,10.4068603515625,10.257200241088867,10.270600318908691,0
2023-04-06,2023-04-06T00:00:00Z,10.410860061645508,10.470560073852539,10.400070190429688,10.410860061645508,0
2023-04-07,2023-04-07T00:00:00Z,10.421119689941406,10.473779678344727,10.415740013122559,10.421119689941406,0
2023-04-10,2023-04-10T00:00:00Z,10.46500015258789,10.561590194702148,10.448800086975098,10.46500015258789,0
2023-04-11,2023-04-11T00:00:00Z,10.507610321044922,10.51200008392334,10.428899765014648,10.507610321044922,0
2023-04-12,2023-04-12T00:00:00Z,10.444999694824219,10.450499534606934,10.293899536132812,10.444999694824219,0
2023-04-13,2023-04-13T00:00:00Z,10.32964038848877,10.354960441589355,10.247690200805664,10.32964038848877,0
2023-04-14,2023-04-14T00:00:00Z,10.261899948120117,10.338800430297852,10.171250343322754,10.261899948120117,0
2023-04-17,2023-04-17T00:00:00Z,10.333100318908691,10.375,10.299280166625977,10.333100318908691,0
2023-04-18,2023-04-18T00:00:00Z,10.350480079650879,10.35770034790039,10.266409873962402,10.350480079650879,0
2023-04-19,2023-04-19T00:00:00Z,10.302419662475586,10.374290466308594,10.29988956451416,10.302419662475586,0
2023-04-20,2023-04-20T00:00:00Z,10.353500366210938,10.362919807434082,10.295869827270508,10.353500366210938,0
2023-04-21,2023-04-21T00:00:00Z,10.302009582519531,10.358400344848633,10.293700218200684,10.302009582519531,0
2023-04-24,2023-04-24T00:00:00Z,10.300129890441895,10.330229759216309,10.248299598693848,10.300129890441895,0
2023-04-25,2023-04-25T00:00:00Z,10.238200187683105,10.31863021850586,10.22544002532959,10.238200187683105,0
2023-04-26,2023-04-26T00:00:00Z,10.301170349121094,10.350139617919922,10.235300064086914,10.301170349121094,0
2023-04-27,2023-04-27T00:00:00Z,10.314000129699707,10.345319747924805,10.282620429992676,10.314000129699707,0
2023-04-28,2023-04-28T00:00:00Z,10.281550407409668,10.35243034362793,10.238800048828125,10.281550407409668,0
2023-05-01,2023-05-01T00:00:00Z,10.258959770202637,10.334219932556152,10.246500015258789,10.258959770202637,0
2023-05-02,2023-05-02T00:00:00Z,10.327529907226562,10.343850135803223,10.265990257263184,10.327529907226562,0
2023-05-03,2023-05-03T00:00:00Z,10.302800178527832,10.306900024414062,10.241700172424316,10.302800178527832,0
2023-05-04,2023-05-04T00:00:00Z,10.254300117492676,10.291830062866211,10.190919876098633,10.254300117492676,0
2023-05-05,2023-05-05T00:00:00Z,10.219050407409668,10.235919952392578,10.154399871826172,10.219050407409668,0
2023-05-08,2023-05-08T00:00:00Z,10.174200057983398,10.174599647521973,10.131500244140625,10.174200057983398,0
2023-05-09,2023-05-09T00:00:00Z,10.17080020904541,10.213669776916504,10.151439666748047,10.17080020904541,0
2023-05-10,2023-05-10T00:00:00Z,10.188909530639648,10.239069938659668,10.155989646911621,10.188909530639648,0
2023-05-11,2023-05-11T00:00:00Z,10.21660041809082,10.338769912719727,10.197540283203125,10.21660041809082,0
2023-05-12,2023-05-12T00:00:00Z,10.31978988647461,10.385319709777832,10.28989028930664,10.31978988647461,0
2023-05-15,2023-05-15T00:00:00Z,10.385700225830078,10.406160354614258,10.339550018310547,10.385700225830078,0
2023-05-16,2023-05-16T00:00:00Z,10.343890190124512,10.424420356750488,10.317020416259766,10.343890190124512,0
2023-05-17,2023-05-17T00:00:00Z,10.408169746398926,10.48876953125,10.387519836425781,10.408169746398926,0
2023-05-18,2023-05-18T00:00:00Z,10.443900108337402,10.585929870605469,10.437049865722656,10.443900108337402,0
2023-05-19,2023-05-19T00:00:00Z,10.562250137329102,10.579999923706055,10.505249977111816,10.562250137329102,0
2023-05-22,2023-05-22T00:00:00Z,10.50469970703125,10.572270393371582,10.493410110473633,10.50469970703125,0
2023-05-23,2023-05-23T00:00:00Z,10.560779571533203,10.633130073547363,10.536510467529297,10.560779571533203,0
2023-05-24,2023-05-24T00:00:00Z,10.613380432128906,10.728090286254883,10.600150108337402,10.613380432128906,0
2023-05-25,2023-05-25T00:00:00Z,10.709870338439941,10.832770347595215,10.706939697265625,10.709870338439941,0
2023-05-26,2023-05-26T00:00:00Z,10.81659984588623,10.830300331115723,10.704330444335938,10.81659984588623,0
2023-05-29,2023-05-29T00:00:00Z,10.798800468444824,10.843259811401367,10.78499984741211,10.798800468444824,0
2023-05-30,2023-05-30T00:00:00Z,10.814579963684082,10.879819869995117,10.79541015625,10.814579963684082,0
2023-05-31,2023-05-31T00:00:00Z,10.86283016204834,10.956319808959961,10.846870422363281,10.86283016204834,0
2023-06-01,2023-06-01T00:00:00Z,10.840200424194336,10.906880378723145,10.811300277709961,10.840200424194336,0
2023-06-05,2023-06-05T00:00:00Z,10.813199996948242,10.91670036315918,10.808300018310547,10.813199996948242,0
2023-06-06,2023-06-06T00:00:00Z,10.84490966796875,10.929420471191406,10.805899620056152,10.84490966796875,0
2023-06-07,2023-06-07T00:00:00Z,10.913999557495117,10.943059921264648,10.815309524536133,10.913999557495117,0
2023-06-08,2023-06-08T00:00:00Z,10.8889799118042,10.89192008972168,10.789679527282715,10.8889799118042,0
2023-06-09,2023-06-09T00:00:00Z,10.800299644470215,10.857930183410645,10.778940200805664,10.800299644470215,0
2023-06-12,2023-06-12T00:00:00Z,10.821590423583984,10.85243034362793,10.740949630737305,10.821590423583984,0
2023-06-13,2023-06-13T00:00:00Z,10.81110954284668,10.821330070495605,10.69828987121582,10.81110954284668,0
2023-06-14,2023-06-14T00:00:00Z,10.678509712219238,10.720709800720215,10.646100044250488,10.678509712219238,0
2023-06-15,2023-06-15T00:00:00Z,10.70110034942627,10.766960144042969,10.596400260925293,10.70110034942627,0
2023-06-16,2023-06-16T00:00:00Z,10.593879699707031,10.655739784240723,10.555899620056152,10.593879699707031,0
2023-06-19,2023-06-19T00:00:00Z,10.640199661254883,10.745450019836426,10.632120132446289,10.640199661254883,0
2023-06-20,2023-06-20T00:00:00Z,10.735320091247559,10.843790054321289,10.709569931030273,10.735320091247559,0
2023-06-21,2023-06-21T00:00:00Z,10.785309791564941,10.820039749145508,10.685799598693848,10.785309791564941,0
2023-06-22,2023-06-22T00:00:00Z,10.643420219421387,10.706399917602539,10.621350288391113,10.643420219421387,0
2023-06-23,2023-06-23T00:00:00Z,10.687399864196777,10.803460121154785,10.680100440979004,10.687399864196777,0
2023-06-26,2023-06-26T00:00:00Z,10.72072982788086,10.730489730834961,10.691699981689453,10.72072982788086,0
2023-06-27,2023-06-27T00:00:00Z,10.710379600524902,10.740189552307129,10.536490440368652,10.710379600524902,0
2023-06-28,2023-06-28T00:00:00Z,10.723939895629883,10.824239730834961,10.709199905395508,10.723939895629883,0
2023-06-29,2023-06-29T00:00:00Z,10.77206039428711,10.908109664916992,10.733480453491211,10.77206039428711,0
2023-06-30,2023-06-30T00:00:00Z,10.859350204467773,10.908439636230469,10.772259712219238,10.859350204467773,0
2023-07-03,2023-07-03T00:00:00Z,10.787400245666504,10.87261962890625,10.757570266723633,10.787400245666504,0
2023-07-04,2023-07-04T00:00:00Z,10.840800285339355,10.850449562072754,10.799400329589844,10.840800285339355,0
2023-07-05,2023-07-05T00:00:00Z,10.807060241699219,10.896759986877441,10.788789749145508,10.807060241699219,0
2023-07-06,2023-07-06T00:00:00Z,10.9483003616333,10.991620063781738,10.92117977142334,10.9483003616333,0
2023-07-07,2023-07-07T00:00:00Z,10.929229736328125,10.960559844970703,10.82783031463623,10.929229736328125,0
2023-07-10,2023-07-10T00:00:00Z,10.82960033416748,10.867620468139648,10.787599563598633,10.82960033416748,0
2023-07-11,2023-07-11T00:00:00Z,10.758390426635742,10.75979995727539,10.668049812316895,10.758390426635742,0
2023-07-12,2023-07-12T00:00:00Z,10.648909568786621,10.665650367736816,10.381699562072754,10.648909568786621,0
2023-07-13,2023-07-13T00:00:00Z,10.365610122680664,10.376190185546875,10.187549591064453,10.365610122680664,0
2023-07-14,2023-07-14T00:00:00Z,10.200019836425781,10.275099754333496,10.160470008850098,10.200019836425781,0
2023-07-17,2023-07-17T00:00:00Z,10.235810279846191,10.286700248718262,10.174150466918945,10.235810279846191,0
2023-07-18,2023-07-18T00:00:00Z,10.24155044555664,10.264100074768066,10.170700073242188,10.24155044555664,0
2023-07-19,2023-07-19T00:00:00Z,10.203789710998535,10.289660453796387,10.191499710083008,10.203789710998535,0
2023-07-20,2023-07-20T00:00:00Z,10.270279884338379,10.360520362854004,10.217209815979004,10.270279884338379,0
2023-07-21,2023-07-21T00:00:00Z,10.346070289611816,10.416379928588867,10.325360298156738,10.346070289611816,0
2023-07-24,2023-07-24T00:00:00Z,10.409199714660645,10.433219909667969,10.364899635314941,10.386500358581543,0
2023-07-25,2023-07-25T00:00:00Z,10.403429985046387,10.45164966583252,10.348870277404785,10.403429985046387,0
2023-07-26,2023-07-26T00:00:00Z,10.369540214538574,10.456620216369629,10.331250190734863,10.369540214538574,0
2023-07-27,2023-07-27T00:00:00Z,10.402219772338867,10.506150245666504,10.297800064086914,10.402219772338867,0
2023-07-28,2023-07-28T00:00:00Z,10.49153995513916,10.587400436401367,10.438779830932617,10.49153995513916,0
2023-07-31,2023-07-31T00:00:00Z,10.52750015258789,10.556509971618652,10.476659774780273,10.52750015258789,0
2023-08-01,2023-08-01T00:00:00Z,10.521730422973633,10.641480445861816,10.51488971710205,10.521730422973633,0
2023-08-02,2023-08-02T00:00:00Z,10.556059837341309,10.752249717712402,10.542840003967285,10.556059837341309,0
2023-08-03,2023-08-03T00:00:00Z,10.699230194091797,10.75376033782959,10.682270050048828,10.699230194091797,0
2023-08-04,2023-08-04T00:00:00Z,10.664899826049805,10.715470314025879,10.53699016571045,10.664899826049805,0
2023-08-07,2023-08-07T00:00:00Z,10.592840194702148,10.653570175170898,10.569499969482422,10.592840194702148,0
2023-08-08,2023-08-08T00:00:00Z,10.586939811706543,10.752730369567871,10.564359664916992,10.586939811706543,0
2023-08-09,2023-08-09T00:00:00Z,10.718460083007812,10.725410461425781,10.640890121459961,10.718460083007812,0
2023-08-10,2023-08-10T00:00:00Z,10.667900085449219,10.67831039428711,10.551799774169922,10.667900085449219,0
2023-08-11,2023-08-11T00:00:00Z,10.702099800109863,10.847900390625,10.680020332336426,10.702099800109863,0
2023-08-14,2023-08-14T00:00:00Z,10.828940391540527,10.884360313415527,10.795700073242188,10.828940391540527,0
2023-08-15,2023-08-15T00:00:00Z,10.799799919128418,10.864190101623535,10.738320350646973,10.799799919128418,0
2023-08-16,2023-08-16T00:00:00Z,10.860420227050781,10.88405990600586,10.821700096130371,10.860420227050781,0
2023-08-17,2023-08-17T00:00:00Z,10.91897964477539,10.946100234985352,10.855799674987793,10.91897964477539,0
2023-08-18,2023-08-18T00:00:00Z,10.930580139160156,11.002059936523438,10.897600173950195,10.930580139160156,0
2023-08-21,2023-08-21T00:00:00Z,10.966139793395996,10.9966402053833,10.897600173950195,10.966139793395996,0
2023-08-22,2023-08-22T00:00:00Z,10.947999954223633,10.968400001525879,10.879599571228027,10.947999954223633,0
2023-08-23,2023-08-23T00:00:00Z,10.926899909973145,11.032279968261719,10.901599884033203,10.926899909973145,0
2023-08-24,2023-08-24T00:00:00Z,10.91117000579834,11.02280044555664,10.901599884033203,10.91117000579834,0
2023-08-25,2023-08-25T00:00:00Z,11.006569862365723,11.097049713134766,10.971639633178711,11.006569862365723,0
2023-08-28,2023-08-28T00:00:00Z,11.045510292053223,11.048689842224121,10.989749908447266,11.045510292053223,0
2023-08-29,2023-08-29T00:00:00Z,10.966850280761719,11.02632999420166,10.89365005493164,10.966850280761719,0
2023-08-30,2023-08-30T00:00:00Z,10.878250122070312,10.909629821777344,10.779500007629395,10.878250122070312,0
2023-08-31,2023-08-31T00:00:00Z,10.833959579467773,10.959600448608398,10.813380241394043,10.833959579467773,0
2023-09-01,2023-09-01T00:00:00Z,10.947099685668945,11.048760414123535,10.899200439453125,10.947099685668945,0
2023-09-04,2023-09-04T00:00:00Z,11.035599708557129,11.041549682617188,10.995140075683594,11.035599708557129,0
2023-09-05,2023-09-05T00:00:00Z,10.998600006103516,11.129989624023438,10.994850158691406,10.998600006103516,0
2023-09-06,2023-09-06T00:00:00Z,11.091830253601074,11.139200210571289,11.052220344543457,11.091830253601074,0
2023-09-07,2023-09-07T00:00:00Z,11.10752010345459,11.164380073547363,11.057900428771973,11.10752010345459,0
2023-09-08,2023-09-08T00:00:00Z,11.140199661254883,11.148469924926758,11.05681037902832,11.140199661254883,0
2023-09-11,2023-09-11T00:00:00Z,11.084389686584473,11.098400115966797,11.043829917907715,11.084389686584473,0
2023-09-12,2023-09-12T00:00:00Z,11.083999633789062,11.123689651489258,11.07289981842041,11.083999633789062,0
2023-09-13,2023-09-13T00:00:00Z,11.095529556274414,11.157270431518555,11.082900047302246,11.095529556274414,0
2023-09-14,2023-09-14T00:00:00Z,11.128890037536621,11.196399688720703,11.07234001159668,11.128890037536621,0
2023-09-15,2023-09-15T00:00:00Z,11.187749862670898,11.189200401306152,11.124750137329102,11.187749862670898,0
2023-09-18,2023-09-18T00:00:00Z,11.15779972076416,11.247329711914062,11.147899627685547,11.15779972076416,0
2023-09-19,2023-09-19T00:00:00Z,11.140480041503906,11.160209655761719,11.084620475769043,11.140480041503906,0
2023-09-20,2023-09-20T00:00:00Z,11.154529571533203,11.171310424804688,11.032609939575195,11.154529571533203,0
2023-09-21,2023-09-21T00:00:00Z,11.150469779968262,11.249650001525879,11.041629791259766,11.150469779968262,0
2023-09-22,2023-09-22T00:00:00Z,11.170040130615234,11.203570365905762,11.101920127868652,11.170040130615234,0
2023-09-25,2023-09-25T00:00:00Z,11.120369911193848,11.144590377807617,11.010919570922852,11.120369911193848,0
2023-09-26,2023-09-26T00:00:00Z,11.06365966796875,11.099379539489746,10.954469680786133,11.06365966796875,0
2023-09-27,2023-09-27T00:00:00Z,11.0033597946167,11.059120178222656,10.941889762878418,11.0033597946167,0
2023-09-28,2023-09-28T00:00:00Z,11.06233024597168,11.069490432739258,10.90585994720459,11.06233024597168,0
2023-09-29,2023-09-29T00:00:00Z,10.921319961547852,10.935290336608887,10.816829681396484,10.921319961547852,0
2023-10-02,2023-10-02T00:00:00Z,10.924070358276367,11.043060302734375,10.891070365905762,10.919699668884277,0
2023-10-03,2023-10-03T00:00:00Z,11.049880027770996,11.138640403747559,11.027400016784668,11.049880027770996,0
2023-10-04,2023-10-04T00:00:00Z,11.075590133666992,11.117810249328613,10.994500160217285,11.075590133666992,0
2023-10-05,2023-10-05T00:00:00Z,11.056079864501953,11.071020126342773,10.99940013885498,11.056079864501953,0
2023-10-06,2023-10-06T00:00:00Z,11.003899574279785,11.090270042419434,10.928569793701172,11.003899574279785,0
2023-10-09,2023-10-09T00:00:00Z,10.974029541015625,11.051969528198242,10.96094036102295,10.974029541015625,0
2023-10-10,2023-10-10T00:00:00Z,10.937800407409668,10.984419822692871,10.857319831848145,10.937800407409668,0
2023-10-11,2023-10-11T00:00:00Z,10.869540214538574,10.924200057983398,10.852009773254395,10.869540214538574,0
2023-10-12,2023-10-12T00:00:00Z,10.899299621582031,10.97422981262207,10.860199928283691,10.899299621582031,0
2023-10-13,2023-10-13T00:00:00Z,10.981160163879395,11.042220115661621,10.906290054321289,10.981160163879395,0
2023-10-16,2023-10-16T00:00:00Z,11.008299827575684,11.014289855957031,10.916799545288086,11.008299827575684,0
2023-10-17,2023-10-17T00:00:00Z,10.920720100402832,10.963190078735352,10.886030197143555,10.920720100402832,0
2023-10-18,2023-10-18T00:00:00Z,10.915109634399414,11.036089897155762,10.893919944763184,10.915109634399414,0
2023-10-19,2023-10-19T00:00:00Z,11.02340030670166,11.060819625854492,10.935649871826172,11.02340030670166,0
2023-10-20,2023-10-20T00:00:00Z,10.941969871520996,11.016420364379883,10.862500190734863,10.941969871520996,0
2023-10-23,2023-10-23T00:00:00Z,10.977540016174316,11.064680099487305,10.974370002746582,10.977540016174316,0
2023-10-24,2023-10-24T00:00:00Z,10.974129676818848,11.115799903869629,10.919300079345703,10.974129676818848,0
2023-10-25,2023-10-25T00:00:00Z,11.119150161743164,11.173620223999023,11.087499618530273,11.119150161743164,0
2023-10-26,2023-10-26T00:00:00Z,11.140480041503906,11.211030006408691,11.139559745788574,11.140480041503906,0
2023-10-27,2023-10-27T00:00:00Z,11.142200469970703,11.225540161132812,11.118249893188477,11.142200469970703,0
2023-10-30,2023-10-30T00:00:00Z,11.156729698181152,11.1798095703125,11.119230270385742,11.156729698181152,0
2023-10-31,2023-10-31T00:00:00Z,11.141779899597168,11.187629699707031,11.080599784851074,11.141779899597168,0
2023-11-01,2023-11-01T00:00:00Z,11.168140411376953,11.236189842224121,11.153400421142578,11.168140411376953,0
2023-11-02,2023-11-02T00:00:00Z,11.154399871826172,11.156909942626953,11.068949699401855,11.154399871826172,0
2023-11-03,2023-11-03T00:00:00Z,11.11538028717041,11.12306022644043,10.903570175170898,11.11538028717041,0
2023-11-06,2023-11-06T00:00:00Z,10.877829551696777,10.912969589233398,10.836899757385254,10.877829551696777,0
2023-11-07,2023-11-07T00:00:00Z,10.915900230407715,10.963399887084961,10.912280082702637,10.915900230407715,0
2023-11-08,2023-11-08T00:00:00Z,10.919249534606934,10.97838020324707,10.876199722290039,10.919249534606934,0
2023-11-09,2023-11-09T00:00:00Z,10.887519836425781,10.905170440673828,10.830349922180176,10.887519836425781,0
2023-11-10,2023-11-10T00:00:00Z,10.919300079345703,10.939410209655762,10.878860473632812,10.919300079345703,0
2023-11-13,2023-11-13T00:00:00Z,10.881110191345215,10.912630081176758,10.828889846801758,10.881110191345215,0
2023-11-14,2023-11-14T00:00:00Z,10.834110260009766,10.892069816589355,10.607199668884277,10.834110260009766,0
2023-11-15,2023-11-15T00:00:00Z,10.586400032043457,10.603529930114746,10.51574993133545,10.586400032043457,0
2023-11-16,2023-11-16T00:00:00Z,10.534870147705078,10.616800308227539,10.509969711303711,10.534870147705078,0
2023-11-17,2023-11-17T00:00:00Z,10.581740379333496,10.611149787902832,10.536399841308594,10.581740379333496,0
2023-11-20,2023-11-20T00:00:00Z,10.525349617004395,10.541669845581055,10.449239730834961,10.525349617004395,0
2023-11-21,2023-11-21T00:00:00Z,10.437529563903809,10.451470375061035,10.375149726867676,10.437529563903809,0
2023-11-22,2023-11-22T00:00:00Z,10.44359016418457,10.543499946594238,10.432149887084961,10.44359016418457,0
2023-11-23,2023-11-23T00:00:00Z,10.476099967956543,10.517350196838379,10.389989852905273,10.476099967956543,0
2023-11-24,2023-11-24T00:00:00Z,10.484729766845703,10.504500389099121,10.442500114440918,10.484729766845703,0
2023-11-27,2023-11-27T00:00:00Z,10.446550369262695,10.483480453491211,10.40310001373291,10.446550369262695,0
2023-11-28,2023-11-28T00:00:00Z,10.417140007019043,10.443619728088379,10.321470260620117,10.417140007019043,0
2023-11-29,2023-11-29T00:00:00Z,10.309769630432129,10.389510154724121,10.258979797363281,10.309769630432129,0
2023-11-30,2023-11-30T00:00:00Z,10.349470138549805,10.535380363464355,10.329680442810059,10.349470138549805,0
2023-12-01,2023-12-01T00:00:00Z,10.458829879760742,10.485969543457031,10.362500190734863,10.458829879760742,0
2023-12-05,2023-12-05T00:00:00Z,10.426179885864258,10.502400398254395,10.411809921264648,10.426179885864258,0
2023-12-06,2023-12-06T00:00:00Z,10.479669570922852,10.498889923095703,10.42593002319336,10.479669570922852,0
2023-12-07,2023-12-07T00:00:00Z,10.470179557800293,10.484310150146484,10.3954496383667,10.470179557800293,0
2023-12-08,2023-12-08T00:00:00Z,10.383560180664062,10.516289710998535,10.36653995513916,10.383560180664062,0
2023-12-11,2023-12-11T00:00:00Z,10.460769653320312,10.511030197143555,10.451199531555176,10.460769653320312,0
2023-12-12,2023-12-12T00:00:00Z,10.486109733581543,10.511019706726074,10.418569564819336,10.486109733581543,0
2023-12-13,2023-12-13T00:00:00Z,10.428000450134277,10.464460372924805,10.403400421142578,10.428000450134277,0
2023-12-14,2023-12-14T00:00:00Z,10.305049896240234,10.306679725646973,10.192700386047363,10.305049896240234,0
2023-12-15,2023-12-15T00:00:00Z,10.240599632263184,10.318840026855469,10.203889846801758,10.240599632263184,0
2023-12-18,2023-12-18T00:00:00Z,10.264699935913086,10.281510353088379,10.179189682006836,10.264699935913086,0
2023-12-19,2023-12-19T00:00:00Z,10.21560001373291,10.229630470275879,10.150839805603027,10.21560001373291,0
2023-12-20,2023-12-20T00:00:00Z,10.156000137329102,10.182239532470703,10.132100105285645,10.156000137329102,0
2023-12-21,2023-12-21T00:00:00Z,10.159839630126953,10.183979988098145,10.059889793395996,10.159839630126953,0
2023-12-22,2023-12-22T00:00:00Z,10.090940475463867,10.110329627990723,9.967869758605957,10.090940475463867,0
2023-12-25,2023-12-25T00:00:00Z,9.982649803161621,10.065110206604004,9.779979705810547,9.982649803161621,0
2023-12-26,2023-12-26T00:00:00Z,9.98544979095459,10.073530197143555,9.973910331726074,9.98544979095459,0
2023-12-27,2023-12-27T00:00:00Z,9.98486042022705,10.013790130615234,9.906000137329102,9.98486042022705,0
2023-12-28,2023-12-28T00:00:00Z,9.928019523620605,9.976160049438477,9.905489921569824,9.928019523620605,0
2023-12-29,2023-12-29T00:00:00Z,9.971090316772461,10.083450317382812,9.963299751281738,9.971090316772461,0
2024-01-01,2024-01-01T00:00:00Z,10.070549964904785,10.083900451660156,10.070549964904785,10.070549964904785,0
2024-01-02,2024-01-02T00:00:00Z,10.054499626159668,10.210240364074707,10.04951000213623,10.054499626159668,0
2024-01-03,2024-01-03T00:00:00Z,10.204939842224121,10.324130058288574,10.175860404968262,10.204939842224121,0
2024-01-04,2024-01-04T00:00:00Z,10.279509544372559,10.291460037231445,10.201399803161621,10.279509544372559,0
2024-01-05,2024-01-05T00:00:00Z,10.207260131835938,10.337630271911621,10.162130355834961,10.207260131835938,0
2024-01-08,2024-01-08T00:00:00Z,10.259360313415527,10.309670448303223,10.210100173950195,10.259360313415527,0
2024-01-09,2024-01-09T00:00:00Z,10.222399711608887,10.276100158691406,10.200240135192871,10.222399711608887,0
2024-01-10,2024-01-10T00:00:00Z,10.24666976928711,10.258979797363281,10.218199729919434,10.24666976928711,0
2024-01-11,2024-01-11T00:00:00Z,10.215999603271484,10.310890197753906,10.176360130310059,10.215999603271484,0
2024-01-12,2024-01-12T00:00:00Z,10.241049766540527,10.30459976196289,10.226300239562988,10.241049766540527,0
2024-01-17,2024-01-17T00:00:00Z,10.43280029296875,10.511890411376953,10.425999641418457,10.43280029296875,0
2024-01-18,2024-01-18T00:00:00Z,10.440560340881348,10.493470191955566,10.41469955444336,10.440560340881348,0
2024-01-19,2024-01-19T00:00:00Z,10.481490135192871,10.503629684448242,10.44694995880127,10.481490135192871,0
2024-01-22,2024-01-22T00:00:00Z,10.45557975769043,10.481559753417969,10.416500091552734,10.45557975769043,0
2024-01-23,2024-01-23T00:00:00Z,10.465479850769043,10.504500389099121,10.40762996673584,10.465479850769043,0
2024-01-24,2024-01-24T00:00:00Z,10.475839614868164,10.491900444030762,10.366769790649414,10.475839614868164,0
2024-01-25,2024-01-25T00:00:00Z,10.434869766235352,10.456669807434082,10.39900016784668,10.434869766235352,0
2024-01-26,2024-01-26T00:00:00Z,10.436800003051758,10.464900016784668,10.388179779052734,10.436800003051758,0
2024-01-30,2024-01-30T00:00:00Z,10.440250396728516,10.451600074768066,10.393739700317383,10.440250396728516,0
2024-01-31,2024-01-31T00:00:00Z,10.405349731445312,10.436079978942871,10.318260192871094,10.405349731445312,0
2024-02-01,2024-02-01T00:00:00Z,10.400360107421875,10.485429763793945,10.377619743347168,10.400360107421875,0
2024-02-02,2024-02-02T00:00:00Z,10.375459671020508,10.507329940795898,10.342690467834473,10.375459671020508,0
2024-02-05,2024-02-05T00:00:00Z,10.503979682922363,10.628049850463867,10.491040229797363,10.503979682922363,0
2024-02-06,2024-02-06T00:00:00Z,10.601200103759766,10.630499839782715,10.525500297546387,10.601200103759766,0
2024-02-07,2024-02-07T00:00:00Z,10.499679565429688,10.509730339050293,10.43455982208252,10.499679565429688,0
2024-02-08,2024-02-08T00:00:00Z,10.467089653015137,10.500149726867676,10.444879531860352,10.467089653015137,0
2024-02-09,2024-02-09T00:00:00Z,10.469779968261719,10.485179901123047,10.441399574279785,10.469779968261719,0
2024-02-12,2024-02-12T00:00:00Z,10.442850112915039,10.453490257263184,10.41234016418457,10.442850112915039,0
2024-02-13,2024-02-13T00:00:00Z,10.397159576416016,10.581769943237305,10.378219604492188,10.397159576416016,0
2024-02-14,2024-02-14T00:00:00Z,10.580060005187988,10.591099739074707,10.521530151367188,10.580060005187988,0
2024-02-15,2024-02-15T00:00:00Z,10.50590991973877,10.531310081481934,10.417559623718262,10.50590991973877,0
2024-02-16,2024-02-16T00:00:00Z,10.446510314941406,10.508170127868652,10.430370330810547,10.446510314941406,0
2024-02-19,2024-02-19T00:00:00Z,10.416569709777832,10.446660041809082,10.393070220947266,10.417180061340332,0
2024-02-20,2024-02-20T00:00:00Z,10.390629768371582,10.424650192260742,10.334759712219238,10.390629768371582,0
2024-02-21,2024-02-21T00:00:00Z,10.357210159301758,10.393119812011719,10.327759742736816,10.357210159301758,0
2024-02-22,2024-02-22T00:00:00Z,10.357159614562988,10.362250328063965,10.251409530639648,10.357159614562988,0
2024-02-23,2024-02-23T00:00:00Z,10.315899848937988,10.351369857788086,10.288450241088867,10.315899848937988,0
2024-02-26,2024-02-26T00:00:00Z,10.316740036010742,10.3302001953125,10.273329734802246,10.316740036010742,0
2024-02-27,2024-02-27T00:00:00Z,10.274869918823242,10.324370384216309,10.259260177612305,10.274869918823242,0
2024-02-28,2024-02-28T00:00:00Z,10.303460121154785,10.3760404586792,10.291009902954102,10.303460121154785,0
2024-02-29,2024-02-29T00:00:00Z,10.331649780273438,10.368940353393555,10.274809837341309,10.331649780273438,0
2024-03-01,2024-03-01T00:00:00Z,10.368550300598145,10.38029956817627,10.308770179748535,10.368550300598145,0
2024-03-04,2024-03-04T00:00:00Z,10.30659008026123,10.380900382995605,10.293560028076172,10.30659008026123,0
2024-03-05,2024-03-05T00:00:00Z,10.364399909973145,10.40293025970459,10.349300384521484,10.364399909973145,0
2024-03-06,2024-03-06T00:00:00Z,10.37771987915039,10.396380424499512,10.2639799118042,10.37771987915039,0
2024-03-07,2024-03-07T00:00:00Z,10.27534008026123,10.308549880981445,10.222299575805664,10.27534008026123,0
2024-03-08,2024-03-08T00:00:00Z,10.218910217285156,10.23738956451416,10.149680137634277,10.218910217285156,0
2024-03-11,2024-03-11T00:00:00Z,10.209489822387695,10.255940437316895,10.203399658203125,10.209489822387695,0
2024-03-12,2024-03-12T00:00:00Z,10.23462963104248,10.270830154418945,10.176569938659668,10.23462963104248,0
2024-03-13,2024-03-13T00:00:00Z,10.231719970703125,10.256159782409668,10.213800430297852,10.231719970703125,0
2024-03-14,2024-03-14T00:00:00Z,10.215700149536133,10.34412956237793,10.212039947509766,10.215700149536133,0
2024-03-15,2024-03-15T00:00:00Z,10.346030235290527,10.377559661865234,10.324399948120117,10.346030235290527,0
2024-03-18,2024-03-18T00:00:00Z,10.362520217895508,10.428190231323242,10.34749984741211,10.362520217895508,0
2024-03-19,2024-03-19T00:00:00Z,10.420980453491211,10.508569717407227,10.40962028503418,10.420980453491211,0
2024-03-20,2024-03-20T00:00:00Z,10.428239822387695,10.499250411987305,10.426600456237793,10.428239822387695,0
2024-03-21,2024-03-21T00:00:00Z,10.363249778747559,10.464300155639648,10.350299835205078,10.363249778747559,0
2024-03-22,2024-03-22T00:00:00Z,10.46288013458252,10.562809944152832,10.454400062561035,10.46288013458252,0
2024-03-25,2024-03-25T00:00:00Z,10.563159942626953,10.597519874572754,10.536149978637695,10.563159942626953,0
2024-03-26,2024-03-26T00:00:00Z,10.572759628295898,10.586359977722168,10.532659530639648,10.572759628295898,0
2024-03-27,2024-03-27T00:00:00Z,10.584440231323242,10.639389991760254,10.579649925231934,10.584440231323242,0
2024-03-28,2024-03-28T00:00:00Z,10.638039588928223,10.71362018585205,10.609160423278809,10.638039588928223,0
2024-03-29,2024-03-29T00:00:00Z,10.687660217285156,10.717379570007324,10.663649559020996,10.687660217285156,0
2024-04-01,2024-04-01T00:00:00Z,10.677499771118164,10.823650360107422,10.66528034210205,10.677499771118164,0
2024-04-02,2024-04-02T00:00:00Z,10.801790237426758,10.808079719543457,10.6943998336792,10.801790237426758,0
2024-04-03,2024-04-03T00:00:00Z,10.738889694213867,10.758310317993164,10.632140159606934,10.738889694213867,0
2024-04-04,2024-04-04T00:00:00Z,10.640080451965332,10.644229888916016,10.553170204162598,10.640080451965332,0
2024-04-05,2024-04-05T00:00:00Z,10.644319534301758,10.706870079040527,10.616889953613281,10.644319534301758,0
2024-04-08,2024-04-08T00:00:00Z,10.648870468139648,10.662529945373535,10.536270141601562,10.648870468139648,0
2024-04-09,2024-04-09T00:00:00Z,10.553799629211426,10.571499824523926,10.497090339660645,10.553799629211426,0
2024-04-10,2024-04-10T00:00:00Z,10.545299530029297,10.735389709472656,10.529000282287598,10.545299530029297,0
2024-04-11,2024-04-11T00:00:00Z,10.720999717712402,10.787249565124512,10.61581039428711,10.720999717712402,0
2024-04-12,2024-04-12T00:00:00Z,10.721570014953613,10.924579620361328,10.710599899291992,10.721570014953613,0
2024-04-15,2024-04-15T00:00:00Z,10.856499671936035,10.90509033203125,10.831890106201172,10.856499671936035,0
2024-04-16,2024-04-16T00:00:00Z,10.876899719238281,10.960769653320312,10.870039939880371,10.876899719238281,0
2024-04-17,2024-04-17T00:00:00Z,10.937310218811035,11.000399589538574,10.909299850463867,10.937310218811035,0
2024-04-18,2024-04-18T00:00:00Z,10.940699577331543,10.966389656066895,10.873299598693848,10.940699577331543,0
2024-04-19,2024-04-19T00:00:00Z,10.970979690551758,11.026689529418945,10.887680053710938,10.970979690551758,0
2024-04-22,2024-04-22T00:00:00Z,10.923100471496582,10.930069923400879,10.882519721984863,10.922800064086914,0
2024-04-23,2024-04-23T00:00:00Z,10.881389617919922,10.900500297546387,10.808110237121582,10.881389617919922,0
2024-04-24,2024-04-24T00:00:00Z,10.807379722595215,10.895039558410645,10.779999732971191,10.807379722595215,0
2024-04-25,2024-04-25T00:00:00Z,10.879579544067383,10.965660095214844,10.83530044555664,10.879579544067383,0
2024-04-26,2024-04-26T00:00:00Z,10.88129997253418,10.967080116271973,10.844200134277344,10.88129997253418,0
2024-04-29,2024-04-29T00:00:00Z,10.923859596252441,10.946089744567871,10.86454963684082,10.923859596252441,0
2024-05-01,2024-05-01T00:00:00Z,11.01688003540039,11.046879768371582,10.963199615478516,11.01688003540039,0
2024-05-02,2024-05-02T00:00:00Z,10.910090446472168,10.943460464477539,10.889100074768066,10.910090446472168,0
2024-05-03,2024-05-03T00:00:00Z,10.8543701171875,10.870490074157715,10.73466968536377,10.8543701171875,0
2024-05-06,2024-05-06T00:00:00Z,10.819060325622559,10.843899726867676,10.755900382995605,10.819060325622559,0
2024-05-07,2024-05-07T00:00:00Z,10.808429718017578,10.86028003692627,10.789299964904785,10.808429718017578,0
2024-05-08,2024-05-08T00:00:00Z,10.864800453186035,10.946330070495605,10.844610214233398,10.864800453186035,0
2024-05-09,2024-05-09T00:00:00Z,10.908539772033691,10.938549995422363,10.842390060424805,10.908539772033691,0
2024-05-10,2024-05-10T00:00:00Z,10.840579986572266,10.869709968566895,10.81190013885498,10.840579986572266,0
2024-05-13,2024-05-13T00:00:00Z,10.845080375671387,10.866459846496582,10.813799858093262,10.845080375671387,0
2024-05-14,2024-05-14T00:00:00Z,10.835559844970703,10.887829780578613,10.810779571533203,10.835559844970703,0
2024-05-15,2024-05-15T00:00:00Z,10.794949531555176,10.80840015411377,10.675459861755371,10.794949531555176,0
2024-05-16,2024-05-16T00:00:00Z,10.64719009399414,10.727479934692383,10.634360313415527,10.64719009399414,0
2024-05-17,2024-05-17T00:00:00Z,10.704150199890137,10.767009735107422,10.699549674987793,10.704150199890137,0
2024-05-20,2024-05-20T00:00:00Z,10.700010299682617,10.712590217590332,10.666000366210938,10.700010299682617,0
2024-05-21,2024-05-21T00:00:00Z,10.678139686584473,10.705249786376953,10.645359992980957,10.678139686584473,0
2024-05-22,2024-05-22T00:00:00Z,10.687199592590332,10.758689880371094,10.667719841003418,10.687199592590332,0
2024-05-23,2024-05-23T00:00:00Z,10.734000205993652,10.739489555358887,10.672900199890137,10.734000205993652,0
2024-05-24,2024-05-24T00:00:00Z,10.73427963256836,10.750789642333984,10.63778018951416,10.73427963256836,0
2024-05-27,2024-05-27T00:00:00Z,10.660099983215332,10.66250991821289,10.60319995880127,10.660099983215332,0
2024-05-28,2024-05-28T00:00:00Z,10.604920387268066,10.610879898071289,10.522729873657227,10.604920387268066,0
2024-05-29,2024-05-29T00:00:00Z,10.577300071716309,10.667289733886719,10.560500144958496,10.577300071716309,0
2024-05-30,2024-05-30T00:00:00Z,10.669139862060547,10.694519996643066,10.583700180053711,10.669139862060547,0
2024-05-31,2024-05-31T00:00:00Z,10.587039947509766,10.609199523925781,10.495559692382812,10.587039947509766,0
2024-06-03,2024-06-03T00:00:00Z,10.523200035095215,10.533869743347168,10.405960083007812,10.523200035095215,0
2024-06-04,2024-06-04T00:00:00Z,10.405960083007812,10.487919807434082,10.393199920654297,10.405960083007812,0
2024-06-05,2024-06-05T00:00:00Z,10.419839859008789,10.438260078430176,10.372400283813477,10.419839859008789,0
2024-06-06,2024-06-06T00:00:00Z,10.38539981842041,10.428959846496582,10.348770141601562,10.38539981842041,0
2024-06-07,2024-06-07T00:00:00Z,10.384710311889648,10.543219566345215,10.349900245666504,10.384710311889648,0
2024-06-10,2024-06-10T00:00:00Z,10.55739974975586,10.586930274963379,10.489540100097656,10.55739974975586,0
2024-06-11,2024-06-11T00:00:00Z,10.475700378417969,10.519869804382324,10.458470344543457,10.475700378417969,0
2024-06-12,2024-06-12T00:00:00Z,10.481599807739258,10.492950439453125,10.280500411987305,10.481599807739258,0
2024-06-13,2024-06-13T00:00:00Z,10.377599716186523,10.47935962677002,10.362460136413574,10.377599716186523,0
2024-06-14,2024-06-14T00:00:00Z,10.478099822998047,10.587639808654785,10.454469680786133,10.478099822998047,0
2024-06-17,2024-06-17T00:00:00Z,10.520480155944824,10.561180114746094,10.507840156555176,10.520480155944824,0
2024-06-18,2024-06-18T00:00:00Z,10.467849731445312,10.510430335998535,10.433690071105957,10.467849731445312,0
2024-06-19,2024-06-19T00:00:00Z,10.434000015258789,10.444009780883789,10.41100025177002,10.434000015258789,0
2024-06-20,2024-06-20T00:00:00Z,10.436699867248535,10.471389770507812,10.409390449523926,10.436699867248535,0
2024-06-21,2024-06-21T00:00:00Z,10.493200302124023,10.541740417480469,10.476380348205566,10.493200302124023,0
2024-06-24,2024-06-24T00:00:00Z,10.51272964477539,10.523360252380371,10.43649959564209,10.51272964477539,0
2024-06-25,2024-06-25T00:00:00Z,10.471599578857422,10.519800186157227,10.453740119934082,10.471599578857422,0
2024-06-26,2024-06-26T00:00:00Z,10.508899688720703,10.615989685058594,10.4964599609375,10.508899688720703,0
2024-06-27,2024-06-27T00:00:00Z,10.576720237731934,10.623929977416992,10.545100212097168,10.576720237731934,0
2024-06-28,2024-06-28T00:00:00Z,10.623290061950684,10.661179542541504,10.578749656677246,10.623290061950684,0
2024-07-01,2024-07-01T00:00:00Z,10.566100120544434,10.641300201416016,10.47173023223877,10.566100120544434,0
2024-07-02,2024-07-02T00:00:00Z,10.615679740905762,10.667619705200195,10.602689743041992,10.615679740905762,0
2024-07-03,2024-07-03T00:00:00Z,10.57229995727539,10.58887004852295,10.464799880981445,10.57229995727539,0
2024-07-04,2024-07-04T00:00:00Z,10.482640266418457,10.513319969177246,10.48169994354248,10.482640266418457,0
2024-07-05,2024-07-05T00:00:00Z,10.502690315246582,10.514189720153809,10.461560249328613,10.502690315246582,0
2024-07-09,2024-07-09T00:00:00Z,10.581000328063965,10.591560363769531,10.537799835205078,10.581000328063965,0
2024-07-10,2024-07-10T00:00:00Z,10.54916000366211,10.568429946899414,10.497520446777344,10.54916000366211,0
2024-07-11,2024-07-11T00:00:00Z,10.544010162353516,10.548379898071289,10.423089981079102,10.544010162353516,0
2024-07-12,2024-07-12T00:00:00Z,10.488309860229492,10.576109886169434,10.48270034790039,10.488309860229492,0
2024-07-15,2024-07-15T00:00:00Z,10.558609962463379,10.595479965209961,10.352910041809082,10.558609962463379,0
2024-07-16,2024-07-16T00:00:00Z,10.599570274353027,10.63914966583252,10.589309692382812,10.599570274353027,0
2024-07-17,2024-07-17T00:00:00Z,10.57544994354248,10.610859870910645,10.503800392150879,10.57544994354248,0
2024-07-18,2024-07-18T00:00:00Z,10.544899940490723,10.580069541931152,10.529040336608887,10.544899940490723,0
2024-07-19,2024-07-19T00:00:00Z,10.58942985534668,10.692370414733887,10.558079719543457,10.58942985534668,0
2024-07-23,2024-07-23T00:00:00Z,10.722940444946289,10.78207015991211,10.707619667053223,10.722940444946289,0
2024-07-24,2024-07-24T00:00:00Z,10.766730308532715,10.827899932861328,10.726570129394531,10.766730308532715,0
2024-07-25,2024-07-25T00:00:00Z,10.773799896240234,10.860260009765625,10.769909858703613,10.773799896240234,0
2024-07-26,2024-07-26T00:00:00Z,10.824029922485352,10.826860427856445,10.740269660949707,10.824029922485352,0
2024-07-29,2024-07-29T00:00:00Z,10.815640449523926,10.862210273742676,10.7885103225708,10.815640449523926,0
2024-07-30,2024-07-30T00:00:00Z,10.829950332641602,10.848299980163574,10.269599914550781,10.829950332641602,0
2024-07-31,2024-07-31T00:00:00Z,10.76060962677002,10.771739959716797,10.675749778747559,10.76060962677002,0
2024-08-01,2024-08-01T00:00:00Z,10.68865966796875,10.716489791870117,10.644709587097168,10.68865966796875,0
2024-08-02,2024-08-02T00:00:00Z,10.727899551391602,10.743670463562012,10.550299644470215,10.727899551391602,0
2024-08-05,2024-08-05T00:00:00Z,10.588760375976562,10.68278980255127,10.478850364685059,10.557000160217285,0
2024-08-06,2024-08-06T00:00:00Z,10.525870323181152,10.60534954071045,10.453920364379883,10.525870323181152,0
2024-08-07,2024-08-07T00:00:00Z,10.529430389404297,10.538579940795898,10.422499656677246,10.529430389404297,0
2024-08-08,2024-08-08T00:00:00Z,10.470430374145508,10.572999954223633,10.41841983795166,10.470430374145508,0
2024-08-09,2024-08-09T00:00:00Z,10.51039981842041,10.541879653930664,10.393799781799316,10.51039981842041,0
2024-08-12,2024-08-12T00:00:00Z,10.51688003540039,10.547599792480469,10.45967960357666,10.51688003540039,0
2024-08-13,2024-08-13T00:00:00Z,10.512579917907715,10.547769546508789,10.494339942932129,10.512579917907715,0
2024-08-14,2024-08-14T00:00:00Z,10.451669692993164,10.482379913330078,10.37833023071289,10.451669692993164,0
2024-08-15,2024-08-15T00:00:00Z,10.467300415039062,10.53612995147705,10.404789924621582,10.467300415039062,0
2024-08-16,2024-08-16T00:00:00Z,10.54069995880127,10.541999816894531,10.480299949645996,10.54069995880127,0
2024-08-19,2024-08-19T00:00:00Z,10.435099601745605,10.440449714660645,10.322270393371582,10.435099601745605,0
2024-08-20,2024-08-20T00:00:00Z,10.304699897766113,10.328619956970215,10.232489585876465,10.304699897766113,0
2024-08-22,2024-08-22T00:00:00Z,10.173870086669922,10.257180213928223,10.156259536743164,10.173870086669922,0
2024-08-23,2024-08-23T00:00:00Z,10.23250961303711,10.307149887084961,10.149849891662598,10.23250961303711,0
2024-08-26,2024-08-26T00:00:00Z,10.199299812316895,10.233209609985352,10.13778018951416,10.199299812316895,0
2024-08-27,2024-08-27T00:00:00Z,10.211870193481445,10.218000411987305,10.16819953918457,10.211870193481445,0
2024-08-28,2024-08-28T00:00:00Z,10.150639533996582,10.213629722595215,10.131279945373535,10.150639533996582,0
2024-08-29,2024-08-29T00:00:00Z,10.194620132446289,10.264670372009277,10.15604019165039,10.194620132446289,0
2024-08-30,2024-08-30T00:00:00Z,10.219630241394043,10.281060218811035,10.196269989013672,10.219630241394043,0
2024-09-02,2024-09-02T00:00:00Z,10.2704496383667,10.274640083312988,10.227179527282715,10.2704496383667,0
2024-09-03,2024-09-03T00:00:00Z,10.248250007629395,10.321820259094238,10.239789962768555,10.248250007629395,0
2024-09-04,2024-09-04T00:00:00Z,10.2958402633667,10.339550018310547,10.2524995803833,10.2958402633667,0
2024-09-05,2024-09-05T00:00:00Z,10.213359832763672,10.294429779052734,10.009129524230957,10.213359832763672,0
2024-09-06,2024-09-06T00:00:00Z,10.249420166015625,10.288419723510742,9.860509872436523,10.249420166015625,0
2024-09-09,2024-09-09T00:00:00Z,10.29817008972168,10.384599685668945,10.235199928283691,10.29817008972168,0
2024-09-10,2024-09-10T00:00:00Z,10.372529983520508,10.401639938354492,10.347399711608887,10.372529983520508,0
2024-09-11,2024-09-11T00:00:00Z,10.347729682922363,10.412569999694824,10.313650131225586,10.347729682922363,0
2024-09-12,2024-09-12T00:00:00Z,10.388270378112793,10.403070449829102,10.30601978302002,10.388270378112793,0
2024-09-13,2024-09-13T00:00:00Z,10.261320114135742,10.281700134277344,10.187760353088379,10.261320114135742,0
2024-09-16,2024-09-16T00:00:00Z,10.211270332336426,10.214340209960938,10.133040428161621,10.211270332336426,0
2024-09-17,2024-09-17T00:00:00Z,10.177499771118164,10.206299781799316,10.10912036895752,10.177499771118164,0
2024-09-18,2024-09-18T00:00:00Z,10.177129745483398,10.216839790344238,9.987890243530273,10.177129745483398,0
2024-09-19,2024-09-19T00:00:00Z,10.202939987182617,10.2495698928833,10.111200332641602,10.202939987182617,0
2024-09-20,2024-09-20T00:00:00Z,10.150930404663086,10.231399536132812,10.11950969696045,10.150930404663086,0
2024-09-23,2024-09-23T00:00:00Z,10.164509773254395,10.248749732971191,10.150899887084961,10.164509773254395,0
2024-09-24,2024-09-24T00:00:00Z,10.19159984588623,10.20009994506836,10.111599922180176,10.19159984588623,0
2024-09-25,2024-09-25T00:00:00Z,10.079529762268066,10.176090240478516,10.07073974609375,10.079529762268066,0
2024-09-26,2024-09-26T00:00:00Z,10.179900169372559,10.182290077209473,10.092399597167969,10.179900169372559,0
2024-09-27,2024-09-27T00:00:00Z,10.117899894714355,10.161609649658203,10.03969955444336,10.117899894714355,0
2024-09-30,2024-09-30T00:00:00Z,10.082639694213867,10.154459953308105,10.06626033782959,10.082639694213867,0
2024-10-01,2024-10-01T00:00:00Z,10.152569770812988,10.2923002243042,10.117110252380371,10.152569770812988,0
2024-10-02,2024-10-02T00:00:00Z,10.27163028717041,10.286120414733887,10.196749687194824,10.27163028717041,0
2024-10-03,2024-10-03T00:00:00Z,10.261449813842773,10.326600074768066,10.209980010986328,10.261449813842773,0
2024-10-04,2024-10-04T00:00:00Z,10.292929649353027,10.39264965057373,10.238909721374512,10.292929649353027,0
2024-10-07,2024-10-07T00:00:00Z,10.372529983520508,10.379619598388672,10.308349609375,10.372529983520508,0
2024-10-08,2024-10-08T00:00:00Z,10.34788990020752,10.373430252075195,10.318499565124512,10.34788990020752,0
2024-10-09,2024-10-09T00:00:00Z,10.32625961303711,10.398409843444824,10.30012035369873,10.32625961303711,0
2024-10-10,2024-10-10T00:00:00Z,10.391830444335938,10.410969734191895,10.369119644165039,10.391830444335938,0
2024-10-11,2024-10-11T00:00:00Z,10.389570236206055,10.41493034362793,10.354900360107422,10.389570236206055,0
2024-10-14,2024-10-14T00:00:00Z,10.392999649047852,10.439559936523438,10.364749908447266,10.392999649047852,0
2024-10-15,2024-10-15T00:00:00Z,10.422240257263184,10.442930221557617,10.352310180664062,10.422240257263184,0
2024-10-16,2024-10-16T00:00:00Z,10.419599533081055,10.500370025634766,10.398289680480957,10.419599533081055,0
2024-10-17,2024-10-17T00:00:00Z,10.505200386047363,10.546540260314941,10.49647045135498,10.505200386047363,0
2024-10-18,2024-10-18T00:00:00Z,10.543259620666504,10.54679012298584,10.499600410461426,10.543259620666504,0
2024-10-21,2024-10-21T00:00:00Z,10.520830154418945,10.56229019165039,10.511580467224121,10.520830154418945,0
2024-10-22,2024-10-22T00:00:00Z,10.557929992675781,10.566060066223145,10.517999649047852,10.557929992675781,0
2024-10-23,2024-10-23T00:00:00Z,10.541600227355957,10.610679626464844,10.534199714660645,10.541600227355957,0
2024-10-24,2024-10-24T00:00:00Z,10.5943603515625,10.597809791564941,10.548049926757812,10.5943603515625,0
2024-10-25,2024-10-25T00:00:00Z,10.56190013885498,10.59552001953125,10.553739547729492,10.56190013885498,0
2024-10-28,2024-10-28T00:00:00Z,10.61128044128418,10.640620231628418,10.588399887084961,10.61128044128418,0
2024-10-29,2024-10-29T00:00:00Z,10.643349647521973,10.694939613342285,10.6260404586792,10.643349647521973,0
2024-10-30,2024-10-30T00:00:00Z,10.631790161132812,10.705699920654297,10.461540222167969,10.631790161132812,0
2024-10-31,2024-10-31T00:00:00Z,10.675350189208984,10.722270011901855,10.663459777832031,10.675350189208984,0
2024-11-01,2024-11-01T00:00:00Z,10.646400451660156,10.730299949645996,10.634570121765137,10.646400451660156,0
2024-11-04,2024-11-04T00:00:00Z,10.684450149536133,10.711319923400879,10.651700019836426,10.684450149536133,0
2024-11-05,2024-11-05T00:00:00Z,10.72113037109375,10.731459617614746,10.680100440979004,10.72113037109375,0
2024-11-06,2024-11-06T00:00:00Z,10.67926025390625,10.913100242614746,10.612990379333496,10.67926025390625,0
2024-11-07,2024-11-07T00:00:00Z,10.849459648132324,10.860910415649414,10.673669815063477,10.849459648132324,0
2024-11-08,2024-11-08T00:00:00Z,10.684980392456055,10.843779563903809,10.680230140686035,10.684980392456055,0
2024-11-11,2024-11-11T00:00:00Z,10.819419860839844,10.899270057678223,10.813400268554688,10.819419860839844,0
2024-11-12,2024-11-12T00:00:00Z,10.834380149841309,10.934490203857422,10.807720184326172,10.834380149841309,0
2024-11-13,2024-11-13T00:00:00Z,10.904789924621582,10.992870330810547,10.8714599609375,10.904789924621582,0
2024-11-14,2024-11-14T00:00:00Z,10.979530334472656,11.063119888305664,10.929699897766113,10.979530334472656,0
2024-11-15,2024-11-15T00:00:00Z,10.995599746704102,11.018239974975586,10.937359809875488,10.995599746704102,0
2024-11-18,2024-11-18T00:00:00Z,10.979049682617188,11.017230033874512,10.933799743652344,10.979049682617188,0
2024-11-19,2024-11-19T00:00:00Z,10.896080017089844,11.001319885253906,10.842829704284668,10.896080017089844,0
2024-11-20,2024-11-20T00:00:00Z,10.90725040435791,11.058819770812988,10.896080017089844,10.90725040435791,0
2024-11-21,2024-11-21T00:00:00Z,11.022049903869629,11.089280128479004,10.982099533081055,11.022049903869629,0
2024-11-22,2024-11-22T00:00:00Z,11.063070297241211,11.17113971710205,11.037619590759277,11.063070297241211,0
2024-11-25,2024-11-25T00:00:00Z,10.967530250549316,11.015480041503906,10.924759864807129,10.967530250549316,0
2024-11-26,2024-11-26T00:00:00Z,11.04977035522461,11.078669548034668,10.921339988708496,11.04977035522461,0
2024-11-27,2024-11-27T00:00:00Z,10.981749534606934,10.996390342712402,10.886890411376953,10.981749534606934,0
2024-11-28,2024-11-28T00:00:00Z,10.911270141601562,10.95324993133545,10.880339622497559,10.911270141601562,0
2024-11-29,2024-11-29T00:00:00Z,10.915410041809082,10.930930137634277,10.8571195602417,10.915410041809082,0
2024-12-02,2024-12-02T00:00:00Z,10.926580429077148,11.037910461425781,10.891449928283691,10.927069664001465,0
2024-12-03,2024-12-03T00:00:00Z,10.985509872436523,11.023579597473145,10.968000411987305,10.985509872436523,0
2024-12-04,2024-12-04T00:00:00Z,10.985739707946777,11.039259910583496,10.836230278015137,10.985739707946777,0
2024-12-05,2024-12-05T00:00:00Z,10.920820236206055,10.943650245666504,10.848899841308594,10.920820236206055,0
2024-12-06,2024-12-06T00:00:00Z,10.847999572753906,10.94048023223877,10.825860023498535,10.847999572753906,0
2024-12-09,2024-12-09T00:00:00Z,10.922240257263184,10.966019630432129,10.882840156555176,10.922240257263184,0
2024-12-10,2024-12-10T00:00:00Z,10.901300430297852,10.994629859924316,10.896240234375,10.901300430297852,0
2024-12-11,2024-12-11T00:00:00Z,10.959400177001953,11.014229774475098,10.818209648132324,10.959400177001953,0
2024-12-12,2024-12-12T00:00:00Z,10.963479995727539,11.0110502243042,10.916580200195312,10.963479995727539,0
2024-12-13,2024-12-13T00:00:00Z,11.011240005493164,11.033980369567871,10.928939819335938,11.011240005493164,0
2024-12-16,2024-12-16T00:00:00Z,10.968819618225098,10.978580474853516,10.876299858093262,10.968819618225098,0
2024-12-17,2024-12-17T00:00:00Z,10.877099990844727,10.950699806213379,10.866060256958008,10.877099990844727,0
2024-12-18,2024-12-18T00:00:00Z,10.953499794006348,10.97566032409668,10.9375,10.953499794006348,0
2024-12-20,2024-12-20T00:00:00Z,11.027299880981445,11.0600004196167,10.994790077209473,11.027299880981445,0
2024-12-23,2024-12-23T00:00:00Z,11.023309707641602,11.0656099319458,11.004329681396484,11.023309707641602,0
2024-12-24,2024-12-24T00:00:00Z,11.042380332946777,11.120940208435059,11.029500007629395,11.042380332946777,0
2024-12-25,2024-12-25T00:00:00Z,11.04839038848877,11.112649917602539,10.600090026855469,11.04839038848877,0
2024-12-27,2024-12-27T00:00:00Z,11.043020248413086,11.065719604492188,10.978360176086426,11.043020248413086,0
2024-12-30,2024-12-30T00:00:00Z,10.993639945983887,11.059840202331543,10.96660041809082,10.993639945983887,0
2024-12-31,2024-12-31T00:00:00Z,11.02383041381836,11.07112979888916,10.978400230407715,11.02383041381836,0
2025-01-02,2025-01-02T00:00:00Z,11.062370300292969,11.179900169372559,11.0314302444458,11.032190322875977,0
2025-01-03,2025-01-03T00:00:00Z,11.142080307006836,11.152099609375,11.098549842834473,11.142080307006836,0
2025-01-06,2025-01-06T00:00:00Z,11.115249633789062,11.12621021270752,10.987589836120605,11.115249633789062,0
2025-01-07,2025-01-07T00:00:00Z,11.04800033569336,11.105569839477539,10.990019798278809,11.04800033569336,0
2025-01-08,2025-01-08T00:00:00Z,11.110600471496582,11.201740264892578,11.095109939575195,11.110600471496582,0
2025-01-09,2025-01-09T00:00:00Z,11.147859573364258,11.18062973022461,11.128339767456055,11.147859573364258,0
2025-01-10,2025-01-10T00:00:00Z,11.157139778137207,11.24724006652832,11.133999824523926,11.157139778137207,0
2025-01-13,2025-01-13T00:00:00Z,11.215080261230469,11.313650131225586,11.200960159301758,11.215080261230469,0
2025-01-14,2025-01-14T00:00:00Z,11.221099853515625,11.249369621276855,11.16940975189209,11.221099853515625,0
2025-01-15,2025-01-15T00:00:00Z,11.167309761047363,11.192139625549316,11.09591007232666,11.167309761047363,0
2025-01-16,2025-01-16T00:00:00Z,11.143899917602539,11.192819595336914,11.130020141601562,11.143899917602539,0
2025-01-17,2025-01-17T00:00:00Z,11.146599769592285,11.205730438232422,11.120400428771973,11.146599769592285,0
2025-01-20,2025-01-20T00:00:00Z,11.17339038848877,11.180410385131836,10.999670028686523,11.17339038848877,0
2025-01-21,2025-01-21T00:00:00Z,11.003399848937988,11.103930473327637,10.989800453186035,11.003399848937988,0
2025-01-22,2025-01-22T00:00:00Z,10.992790222167969,11.015589714050293,10.959699630737305,10.992790222167969,0
2025-01-23,2025-01-23T00:00:00Z,11.003669738769531,11.038849830627441,10.989049911499023,11.003669738769531,0
2025-01-24,2025-01-24T00:00:00Z,10.997730255126953,11.008600234985352,10.89939022064209,10.997730255126953,0
2025-01-27,2025-01-27T00:00:00Z,10.955349922180176,10.989330291748047,10.915550231933594,10.955349922180176,0
2025-01-28,2025-01-28T00:00:00Z,10.9716796875,11.023639678955078,10.958239555358887,10.9716796875,0
2025-01-29,2025-01-29T00:00:00Z,10.993490219116211,11.035900115966797,10.97107982635498,10.993490219116211,0
2025-01-30,2025-01-30T00:00:00Z,10.993630409240723,11.036259651184082,10.975799560546875,10.993630409240723,0
2025-01-31,2025-01-31T00:00:00Z,11.047160148620605,11.090299606323242,11.01729965209961,11.047160148620605,0
2025-02-03,2025-02-03T00:00:00Z,11.216819763183594,11.267200469970703,11.096790313720703,11.216819763183594,0
2025-02-04,2025-02-04T00:00:00Z,11.082710266113281,11.15233039855957,10.956000328063965,11.082710266113281,0
2025-02-05,2025-02-05T00:00:00Z,10.97655963897705,10.981209754943848,10.872900009155273,10.97655963897705,0
2025-02-06,2025-02-06T00:00:00Z,10.904800415039062,10.939550399780273,10.900050163269043,10.904800415039062,0
2025-02-07,2025-02-07T00:00:00Z,10.89900016784668,10.945489883422852,10.83158016204834,10.89900016784668,0
2025-02-10,2025-02-10T00:00:00Z,10.978389739990234,10.9856595993042,10.903599739074707,10.978389739990234,0
2025-02-11,2025-02-11T00:00:00Z,10.920669555664062,10.943160057067871,10.857959747314453,10.920669555664062,0
2025-02-12,2025-02-12T00:00:00Z,10.854049682617188,10.951580047607422,10.845549583435059,10.854049682617188,0
2025-02-13,2025-02-13T00:00:00Z,10.865920066833496,10.872400283813477,10.767999649047852,10.865920066833496,0
2025-02-14,2025-02-14T00:00:00Z,10.73490047454834,10.745610237121582,10.683659553527832,10.73490047454834,0
2025-02-17,2025-02-17T00:00:00Z,10.701669692993164,10.720829963684082,10.67846965789795,10.701669692993164,0
2025-02-18,2025-02-18T00:00:00Z,10.692740440368652,10.733189582824707,10.691780090332031,10.692740440368652,0
2025-02-19,2025-02-19T00:00:00Z,10.716300010681152,10.756569862365723,10.690810203552246,10.716300010681152,0
2025-02-20,2025-02-20T00:00:00Z,10.723899841308594,10.729410171508789,10.655190467834473,10.723899841308594,0
2025-02-21,2025-02-21T00:00:00Z,10.62909984588623,10.659500122070312,10.618619918823242,10.62909984588623,0
2025-02-24,2025-02-24T00:00:00Z,10.623370170593262,10.672269821166992,10.581899642944336,10.623370170593262,0
2025-02-25,2025-02-25T00:00:00Z,10.668600082397461,10.669560432434082,10.59689998626709,10.668600082397461,0
2025-02-26,2025-02-26T00:00:00Z,10.589369773864746,10.641380310058594,10.580809593200684,10.589369773864746,0
2025-02-27,2025-02-27T00:00:00Z,10.63759994506836,10.745949745178223,10.632169723510742,10.63759994506836,0
2025-02-28,2025-02-28T00:00:00Z,10.757650375366211,10.783929824829102,10.705739974975586,10.757650375366211,0
2025-03-03,2025-03-03T00:00:00Z,10.726900100708008,10.739239692687988,10.351349830627441,10.726900100708008,0
2025-03-04,2025-03-04T00:00:00Z,10.509160041809082,10.582429885864258,10.494319915771484,10.509160041809082,0
2025-03-05,2025-03-05T00:00:00Z,10.412449836730957,10.452210426330566,10.223799705505371,10.412449836730957,0
2025-03-06,2025-03-06T00:00:00Z,10.187560081481934,10.194230079650879,9.98445987701416,10.187560081481934,0
2025-03-07,2025-03-07T00:00:00Z,10.158390045166016,10.170999526977539,10.04736042022705,10.158390045166016,0
2025-03-10,2025-03-10T00:00:00Z,10.070240020751953,10.141989707946777,10.059300422668457,10.070240020751953,0
2025-03-11,2025-03-11T00:00:00Z,10.120280265808105,10.126850128173828,9.99573040008545,10.120280265808105,0
2025-03-12,2025-03-12T00:00:00Z,10.009209632873535,10.118029594421387,10.00553035736084,10.009209632873535,0
2025-03-13,2025-03-13T00:00:00Z,10.09000015258789,10.230819702148438,10.014209747314453,10.09000015258789,0
2025-03-14,2025-03-14T00:00:00Z,10.191550254821777,10.219550132751465,10.10951042175293,10.191550254821777,0
2025-03-17,2025-03-17T00:00:00Z,10.124300003051758,10.149909973144531,10.069339752197266,10.124300003051758,0
2025-03-18,2025-03-18T00:00:00Z,10.086259841918945,10.113659858703613,10.032039642333984,10.086259841918945,0
2025-03-19,2025-03-19T00:00:00Z,10.049500465393066,10.134590148925781,10.042240142822266,10.049500465393066,0
2025-03-20,2025-03-20T00:00:00Z,10.087630271911621,10.208600044250488,10.077699661254883,10.087630271911621,0
2025-03-21,2025-03-21T00:00:00Z,10.110300064086914,10.168990135192871,10.0514497756958,10.110300064086914,0
2025-03-24,2025-03-24T00:00:00Z,10.114660263061523,10.14365005493164,10.075530052185059,10.114660263061523,0
2025-03-25,2025-03-25T00:00:00Z,10.096480369567871,10.103679656982422,9.94851016998291,10.096480369567871,0
2025-03-26,2025-03-26T00:00:00Z,10.037569999694824,10.067270278930664,10.017499923706055,10.037569999694824,0
2025-03-27,2025-03-27T00:00:00Z,10.070500373840332,10.077199935913086,10.000240325927734,10.070500373840332,0
2025-03-28,2025-03-28T00:00:00Z,9.98855972290039,10.063139915466309,9.972430229187012,9.98855972290039,0
2025-03-31,2025-03-31T00:00:00Z,10.00825023651123,10.063960075378418,9.978010177612305,10.00825023651123,0
2025-04-01,2025-04-01T00:00:00Z,10.039979934692383,10.049630165100098,9.977109909057617,10.039979934692383,0
2025-04-02,2025-04-02T00:00:00Z,10.010319709777832,10.019700050354004,9.893790245056152,10.010319709777832,0
2025-04-03,2025-04-03T00:00:00Z,9.861300468444824,9.877249717712402,9.609060287475586,9.861300468444824,0
2025-04-04,2025-04-04T00:00:00Z,9.790140151977539,10.088890075683594,9.738419532775879,9.790140151977539,0
2025-04-07,2025-04-07T00:00:00Z,10.010890007019043,10.13109016418457,9.958620071411133,10.010890007019043,0
2025-04-09,2025-04-09T00:00:00Z,10.005009651184082,10.048469543457031,9.911140441894531,10.005009651184082,0
2025-04-10,2025-04-10T00:00:00Z,9.959870338439941,9.991279602050781,9.80171012878418,9.959870338439941,0
2025-04-11,2025-04-11T00:00:00Z,9.825360298156738,9.9099702835083,9.6873197555542,9.825360298156738,0
2025-04-14,2025-04-14T00:00:00Z,9.7669095993042,9.778590202331543,9.642160415649414,9.7669095993042,0
2025-04-15,2025-04-15T00:00:00Z,9.772540092468262,9.86886978149414,9.714599609375,9.772540092468262,0
2025-04-16,2025-04-16T00:00:00Z,9.87240982055664,9.872599601745605,9.751049995422363,9.87240982055664,0
2025-04-17,2025-04-17T00:00:00Z,9.75216007232666,9.820690155029297,9.61670970916748,9.75216007232666,0
2025-04-22,2025-04-22T00:00:00Z,9.519189834594727,9.582389831542969,9.464750289916992,9.519189834594727,0
2025-04-23,2025-04-23T00:00:00Z,9.600749969482422,9.659879684448242,9.532270431518555,9.600749969482422,0
2025-04-24,2025-04-24T00:00:00Z,9.68809986114502,9.692399978637695,9.564929962158203,9.68809986114502,0
2025-04-25,2025-04-25T00:00:00Z,9.617199897766113,9.737899780273438,9.595720291137695,9.617199897766113,0
2025-04-28,2025-04-28T00:00:00Z,9.68200969696045,9.715410232543945,9.597949981689453,9.68200969696045,0
2025-04-29,2025-04-29T00:00:00Z,9.593489646911621,9.655909538269043,9.401639938354492,9.593489646911621,0
2025-04-30,2025-04-30T00:00:00Z,9.643799781799316,9.685420036315918,9.600839614868164,9.643799781799316,0
2025-05-01,2025-05-01T00:00:00Z,9.643580436706543,9.781060218811035,9.627610206604004,9.643580436706543,0
2025-05-02,2025-05-02T00:00:00Z,9.751199722290039,9.763620376586914,9.590279579162598,9.751199722290039,0
2025-05-05,2025-05-05T00:00:00Z,9.633769989013672,9.671509742736816,9.59570026397705,9.633769989013672,0
2025-05-06,2025-05-06T00:00:00Z,9.662590026855469,9.696669578552246,9.555910110473633,9.662590026855469,0
2025-05-07,2025-05-07T00:00:00Z,9.572400093078613,9.628890037536621,8.98231029510498,9.572400093078613,0
2025-05-08,2025-05-08T00:00:00Z,9.661800384521484,9.715660095214844,9.598779678344727,9.661800384521484,0
2025-05-09,2025-05-09T00:00:00Z,9.744039535522461,9.765700340270996,9.301529884338379,9.744039535522461,0
2025-05-12,2025-05-12T00:00:00Z,9.711979866027832,9.853280067443848,9.694930076599121,9.711979866027832,0
2025-05-14,2025-05-14T00:00:00Z,9.719770431518555,9.737299919128418,9.643219947814941,9.719770431518555,0
2025-05-15,2025-05-15T00:00:00Z,9.749640464782715,9.757499694824219,9.701950073242188,9.749640464782715,0
2025-05-16,2025-05-16T00:00:00Z,9.731820106506348,9.801770210266113,9.697460174560547,9.731820106506348,0
2025-05-19,2025-05-19T00:00:00Z,9.731200218200684,9.77970027923584,9.66409969329834,9.731200218200684,0
2025-05-20,2025-05-20T00:00:00Z,9.684700012207031,9.701319694519043,9.645130157470703,9.684700012207031,0
2025-05-21,2025-05-21T00:00:00Z,9.633230209350586,9.634719848632812,9.54203987121582,9.633230209350586,0
2025-05-22,2025-05-22T00:00:00Z,9.571599960327148,9.643500328063965,9.55403995513916,9.571599960327148,0
2025-05-23,2025-05-23T00:00:00Z,9.637760162353516,9.642020225524902,9.501999855041504,9.637760162353516,0
2025-05-26,2025-05-26T00:00:00Z,9.505999565124512,9.52810001373291,9.425430297851562,9.505999565124512,0
2025-05-27,2025-05-27T00:00:00Z,9.504500389099121,9.659379959106445,9.479780197143555,9.504500389099121,0
2025-05-28,2025-05-28T00:00:00Z,9.618499755859375,9.655099868774414,9.584309577941895,9.618499755859375,0
2025-05-29,2025-05-29T00:00:00Z,9.694419860839844,9.705849647521973,9.552350044250488,9.694419860839844,0
2025-05-30,2025-05-30T00:00:00Z,9.547900199890137,9.631239891052246,9.29321002960205,9.547900199890137,0
2025-06-02,2025-06-02T00:00:00Z,9.577400207519531,9.582320213317871,9.444129943847656,9.577400207519531,0
2025-06-03,2025-06-03T00:00:00Z,9.515660285949707,9.639389991760254,9.32802963256836,9.515660285949707,0
2025-06-04,2025-06-04T00:00:00Z,9.612299919128418,9.627129554748535,9.569330215454102,9.612299919128418,0
2025-06-05,2025-06-05T00:00:00Z,9.577130317687988,9.60770034790039,9.515999794006348,9.577130317687988,0
2025-06-06,2025-06-06T00:00:00Z,9.565500259399414,9.65427017211914,9.561710357666016,9.565500259399414,0
2025-06-09,2025-06-09T00:00:00Z,9.626959800720215,9.643830299377441,9.58920955657959,9.626959800720215,0
2025-06-10,2025-06-10T00:00:00Z,9.56742000579834,9.63541030883789,9.563509941101074,9.56742000579834,0
2025-06-11,2025-06-11T00:00:00Z,9.584549903869629,9.61655044555664,9.545780181884766,9.584549903869629,0
2025-06-12,2025-06-12T00:00:00Z,9.533060073852539,9.543800354003906,9.380970001220703,9.533060073852539,0
2025-06-13,2025-06-13T00:00:00Z,9.43220043182373,9.559530258178711,9.41946029663086,9.43220043182373,0
2025-06-16,2025-06-16T00:00:00Z,9.472200393676758,9.52295970916748,9.434630393981934,9.472200393676758,0
2025-06-17,2025-06-17T00:00:00Z,9.49020004272461,9.513930320739746,9.439299583435059,9.49020004272461,0
2025-06-18,2025-06-18T00:00:00Z,9.54677963256836,9.621089935302734,9.515399932861328,9.54677963256836,0
2025-06-19,2025-06-19T00:00:00Z,9.641779899597168,9.694729804992676,9.628600120544434,9.641779899597168,0
2025-06-20,2025-06-20T00:00:00Z,9.623769760131836,9.694609642028809,9.597539901733398,9.623769760131836,0
2025-06-23,2025-06-23T00:00:00Z,9.681960105895996,9.744389533996582,9.627799987792969,9.70164966583252,0
2025-06-24,2025-06-24T00:00:00Z,9.577930450439453,9.585840225219727,9.498029708862305,9.577930450439453,0
2025-06-25,2025-06-25T00:00:00Z,9.508190155029297,9.549039840698242,9.492400169372559,9.508190155029297,0
2025-06-26,2025-06-26T00:00:00Z,9.456560134887695,9.503820419311523,9.418219566345215,9.456560134887695,0
2025-06-27,2025-06-27T00:00:00Z,9.508000373840332,9.555999755859375,9.44478988647461,9.508000373840332,0
2025-06-30,2025-06-30T00:00:00Z,9.468669891357422,9.53993034362793,9.315640449523926,9.468669891357422,0
2025-07-01,2025-07-01T00:00:00Z,9.451510429382324,9.50767993927002,9.397749900817871,9.451510429382324,0
2025-07-02,2025-07-02T00:00:00Z,9.472249984741211,9.577930450439453,9.462909698486328,9.472249984741211,0
2025-07-03,2025-07-03T00:00:00Z,9.509220123291016,9.605609893798828,9.496399879455566,9.509220123291016,0
2025-07-04,2025-07-04T00:00:00Z,9.566340446472168,9.58117961883545,9.534500122070312,9.566340446472168,0
2025-07-07,2025-07-07T00:00:00Z,9.55681037902832,9.579520225524902,9.491800308227539,9.55681037902832,0
2025-07-08,2025-07-08T00:00:00Z,9.507699966430664,9.565670013427734,9.482159614562988,9.507699966430664,0
2025-07-09,2025-07-09T00:00:00Z,9.521080017089844,9.552009582519531,9.507399559020996,9.521080017089844,0
2025-07-10,2025-07-10T00:00:00Z,9.502599716186523,9.565750122070312,9.477879524230957,9.502599716186523,0
2025-07-14,2025-07-14T00:00:00Z,9.569199562072754,9.625579833984375,9.551509857177734,9.569199562072754,0
2025-07-15,2025-07-15T00:00:00Z,9.6141996383667,9.724459648132324,9.596099853515625,9.6141996383667,0
2025-07-16,2025-07-16T00:00:00Z,9.714960098266602,9.797200202941895,9.644599914550781,9.714960098266602,0
2025-07-18,2025-07-18T00:00:00Z,9.726200103759766,9.730449676513672,9.636540412902832,9.726200103759766,0
2025-07-21,2025-07-21T00:00:00Z,9.656689643859863,9.680299758911133,9.552129745483398,9.656689643859863,0
2025-07-22,2025-07-22T00:00:00Z,9.567720413208008,9.605549812316895,9.521490097045898,9.567720413208008,0
2025-07-23,2025-07-23T00:00:00Z,9.513540267944336,9.533889770507812,9.475159645080566,9.513540267944336,0
2025-07-24,2025-07-24T00:00:00Z,9.504110336303711,9.539990425109863,9.4891996383667,9.504110336303711,0
2025-07-25,2025-07-25T00:00:00Z,9.526670455932617,9.549059867858887,9.516650199890137,9.526670455932617,0
2025-07-28,2025-07-28T00:00:00Z,9.50220012664795,9.60027027130127,9.48490047454834,9.50220012664795,0
2025-07-29,2025-07-29T00:00:00Z,9.604740142822266,9.69009017944336,9.60280990600586,9.604740142822266,0
2025-07-30,2025-07-30T00:00:00Z,9.64840030670166,9.746660232543945,9.621740341186523,9.64840030670166,0
2025-07-31,2025-07-31T00:00:00Z,9.779720306396484,9.801199913024902,9.726900100708008,9.779720306396484,0
2025-08-01,2025-08-01T00:00:00Z,9.784540176391602,9.83450984954834,9.643219947814941,9.784540176391602,0
2025-08-04,2025-08-04T00:00:00Z,9.64739990234375,9.689780235290527,9.640000343322754,9.64739990234375,0
2025-08-05,2025-08-05T00:00:00Z,9.643739700317383,9.6912202835083,9.635259628295898,9.643739700317383,0
2025-08-06,2025-08-06T00:00:00Z,9.66864013671875,9.68239974975586,9.614800453186035,9.66864013671875,0
2025-08-07,2025-08-07T00:00:00Z,9.602089881896973,9.622489929199219,9.580820083618164,9.602089881896973,0
2025-08-08,2025-08-08T00:00:00Z,9.554530143737793,9.60962963104248,9.551039695739746,9.554530143737793,0
2025-08-11,2025-08-11T00:00:00Z,9.566080093383789,9.658960342407227,9.537469863891602,9.566080093383789,0
2025-08-12,2025-08-12T00:00:00Z,9.633700370788574,9.655179977416992,9.530400276184082,9.633700370788574,0
2025-08-13,2025-08-13T00:00:00Z,9.540800094604492,9.554539680480957,9.50160026550293,9.540800094604492,0
2025-08-14,2025-08-14T00:00:00Z,9.534319877624512,9.605019569396973,9.531200408935547,9.534319877624512,0
2025-08-15,2025-08-15T00:00:00Z,9.581500053405762,9.585630416870117,9.534720420837402,9.581500053405762,0
2025-08-18,2025-08-18T00:00:00Z,9.551730155944824,9.581330299377441,9.540969848632812,9.551730155944824,0
2025-08-19,2025-08-19T00:00:00Z,9.55819034576416,9.589739799499512,9.519399642944336,9.55819034576416,0
2025-08-20,2025-08-20T00:00:00Z,9.60221004486084,9.618729591369629,9.57511043548584,9.60221004486084,0
2025-08-21,2025-08-21T00:00:00Z,9.58491039276123,9.633899688720703,9.575730323791504,9.58491039276123,0
2025-08-22,2025-08-22T00:00:00Z,9.613129615783691,9.64430046081543,9.492879867553711,9.613129615783691,0
2025-08-25,2025-08-25T00:00:00Z,9.506429672241211,9.552689552307129,9.49413013458252,9.506429672241211,0
2025-08-26,2025-08-26T00:00:00Z,9.58887004852295,9.614290237426758,9.54850959777832,9.58887004852295,0
2025-08-27,2025-08-27T00:00:00Z,9.55700969696045,9.616510391235352,9.550390243530273,9.55700969696045,0
2025-08-28,2025-08-28T00:00:00Z,9.527480125427246,9.531599998474121,9.470780372619629,9.527480125427246,0
2025-08-29,2025-08-29T00:00:00Z,9.478349685668945,9.500020027160645,9.458479881286621,9.478349685668945,0
2025-09-01,2025-09-01T00:00:00Z,9.456729888916016,9.463669776916504,9.379240036010742,9.456729888916016,0
2025-09-03,2025-09-03T00:00:00Z,9.461939811706543,9.478349685668945,9.410750389099121,9.461939811706543,0
2025-09-04,2025-09-04T00:00:00Z,9.422410011291504,9.494119644165039,9.414979934692383,9.422410011291504,0
2025-09-05,2025-09-05T00:00:00Z,9.453180313110352,9.458120346069336,9.335160255432129,9.453180313110352,0
2025-09-08,2025-09-08T00:00:00Z,9.38280963897705,9.399849891662598,9.352499961853027,9.38280963897705,0
2025-09-09,2025-09-09T00:00:00Z,9.351119995117188,9.388910293579102,9.33823013305664,9.351119995117188,0
2025-09-10,2025-09-10T00:00:00Z,9.384010314941406,9.394530296325684,9.30521011352539,9.384010314941406,0
2025-09-11,2025-09-11T00:00:00Z,9.340740203857422,9.380470275878906,9.307900428771973,9.340740203857422,0
2025-09-12,2025-09-12T00:00:00Z,9.307780265808105,9.358360290527344,9.306529998779297,9.307780265808105,0
2025-09-15,2025-09-15T00:00:00Z,9.325550079345703,9.334369659423828,9.262999534606934,9.325550079345703,0
2025-09-16,2025-09-16T00:00:00Z,9.278630256652832,9.284979820251465,9.231220245361328,9.278630256652832,0
2025-09-17,2025-09-17T00:00:00Z,9.223039627075195,9.279390335083008,9.22249984741211,9.223039627075195,0
2025-09-18,2025-09-18T00:00:00Z,9.28363037109375,9.394450187683105,9.264100074768066,9.28363037109375,0
2025-09-19,2025-09-19T00:00:00Z,9.343720436096191,9.44655990600586,9.33092975616455,9.343720436096191,0
2025-09-22,2025-09-22T00:00:00Z,9.415109634399414,9.432350158691406,9.370200157165527,9.415109634399414,0
2025-09-23,2025-09-23T00:00:00Z,9.357339859008789,9.380749702453613,9.298640251159668,9.357339859008789,0
2025-09-24,2025-09-24T00:00:00Z,9.33456039428711,9.417149543762207,9.331480026245117,9.33456039428711,0
2025-09-25,2025-09-25T00:00:00Z,9.39995002746582,9.481829643249512,9.376540184020996,9.39995002746582,0
2025-09-26,2025-09-26T00:00:00Z,9.463000297546387,9.473649978637695,9.41592025756836,9.463000297546387,0
2025-09-29,2025-09-29T00:00:00Z,9.402600288391113,9.423870086669922,9.36892032623291,9.402600288391113,0
2025-09-30,2025-09-30T00:00:00Z,9.416990280151367,9.431260108947754,9.395359992980957,9.416990280151367,0
2025-10-01,2025-10-01T00:00:00Z,9.416620254516602,9.424360275268555,9.35282039642334,9.416620254516602,0
2025-10-02,2025-10-02T00:00:00Z,9.37341022491455,9.444700241088867,9.338299751281738,9.37341022491455,0
2025-10-03,2025-10-03T00:00:00Z,9.39348030090332,9.412449836730957,9.349550247192383,9.39348030090332,0
2025-10-06,2025-10-06T00:00:00Z,9.384849548339844,9.427209854125977,9.362870216369629,9.384849548339844,0
2025-10-07,2025-10-07T00:00:00Z,9.38167953491211,9.408060073852539,9.369199752807617,9.38167953491211,0
2025-10-09,2025-10-09T00:00:00Z,9.429169654846191,9.557319641113281,9.409239768981934,9.429169654846191,0
2025-10-10,2025-10-10T00:00:00Z,9.531920433044434,9.53654956817627,9.494400024414062,9.531920433044434,0
2025-10-13,2025-10-13T00:00:00Z,9.508609771728516,9.530909538269043,9.481619834899902,9.508609771728516,0
2025-10-14,2025-10-14T00:00:00Z,9.507539749145508,9.571990013122559,9.49569034576416,9.507539749145508,0
2025-10-16,2025-10-16T00:00:00Z,9.469840049743652,9.482179641723633,9.414799690246582,9.469840049743652,0
2025-10-17,2025-10-17T00:00:00Z,9.415630340576172,9.474820137023926,9.393360137939453,9.415630340576172,0
2025-10-20,2025-10-20T00:00:00Z,9.42467975616455,9.435029983520508,9.401399612426758,9.42467975616455,0
2025-10-21,2025-10-21T00:00:00Z,9.415650367736816,9.444519996643066,9.404239654541016,9.415650367736816,0
2025-10-22,2025-10-22T00:00:00Z,9.427350044250488,9.448980331420898,9.384900093078613,9.427350044250488,0
2025-10-23,2025-10-23T00:00:00Z,9.408849716186523,9.427619934082031,9.379289627075195,9.408849716186523,0
2025-10-24,2025-10-24T00:00:00Z,9.376420021057129,9.402079582214355,9.34823989868164,9.376420021057129,0
2025-10-27,2025-10-27T00:00:00Z,9.382220268249512,9.394969940185547,9.364540100097656,9.382220268249512,0
2025-10-28,2025-10-28T00:00:00Z,9.376620292663574,9.392029762268066,9.348699569702148,9.376620292663574,0
2025-10-29,2025-10-29T00:00:00Z,9.370610237121582,9.397239685058594,9.343999862670898,9.370610237121582,0
2025-10-30,2025-10-30T00:00:00Z,9.404899597167969,9.474849700927734,9.370240211486816,9.404899597167969,0
2025-10-31,2025-10-31T00:00:00Z,9.43593978881836,9.499520301818848,9.426300048828125,9.43593978881836,0
2025-11-03,2025-11-03T00:00:00Z,9.493780136108398,9.509420394897461,9.46975040435791,9.493780136108398,0
2025-11-05,2025-11-05T00:00:00Z,9.580869674682617,9.598750114440918,9.558289527893066,9.580869674682617,0
2025-11-06,2025-11-06T00:00:00Z,9.551199913024902,9.606989860534668,9.522859573364258,9.551199913024902,0
2025-11-07,2025-11-07T00:00:00Z,9.568360328674316,9.584670066833496,9.528650283813477,9.568360328674316,0
2025-11-11,2025-11-11T00:00:00Z,9.509710311889648,9.524189949035645,9.443960189819336,9.509260177612305,0
2025-11-12,2025-11-12T00:00:00Z,9.447400093078613,9.471150398254395,9.435669898986816,9.446929931640625,0
2025-11-13,2025-11-13T00:00:00Z,9.444000244140625,9.457730293273926,9.379480361938477,9.443160057067871,0
2025-11-14,2025-11-14T00:00:00Z,9.404470443725586,9.472149848937988,9.384920120239258,9.404459953308105,0
2025-11-17,2025-11-17T00:00:00Z,9.449359893798828,9.475899696350098,9.429349899291992,9.44756031036377,0
2025-11-18,2025-11-18T00:00:00Z,9.475310325622559,9.499340057373047,9.466300010681152,9.477370262145996,0
2025-11-19,2025-11-19T00:00:00Z,9.47072982788086,9.554869651794434,9.462940216064453,9.470970153808594,0
2025-11-20,2025-11-20T00:00:00Z,9.537110328674316,9.563139915466309,9.514030456542969,9.537260055541992,0
2025-11-21,2025-11-21T00:00:00Z,9.535400390625,9.596980094909668,9.52931022644043,9.536860466003418,0
2025-11-24,2025-11-24T00:00:00Z,9.540390014648438,9.562569618225098,9.522299766540527,9.539529800415039,0
2025-11-25,2025-11-25T00:00:00Z,9.547380447387695,9.597049713134766,9.5337495803833,9.547430038452148,0
2025-11-26,2025-11-26T00:00:00Z,9.52750015258789,9.544509887695312,9.48865032196045,9.529370307922363,0
2025-11-27,2025-11-27T00:00:00Z,9.486590385437012,9.506660461425781,9.468239784240723,9.486900329589844,0
2025-11-28,2025-11-28T00:00:00Z,9.469400405883789,9.50864028930664,9.338509559631348,9.470569610595703,0
2025-12-01,2025-12-01T00:00:00Z,9.445429801940918,9.464130401611328,9.407970428466797,9.445170402526855,0
2025-12-02,2025-12-02T00:00:00Z,9.450949668884277,9.466739654541016,9.437809944152832,9.450929641723633,0
2025-12-03,2025-12-03T00:00:00Z,9.426939964294434,9.427370071411133,9.370200157165527,9.42611026763916,0
2025-12-04,2025-12-04T00:00:00Z,9.377099990844727,9.41055965423584,9.370499610900879,9.37639045715332,0
2025-12-08,2025-12-08T00:00:00Z,9.399169921875,9.42969036102295,9.372269630432129,9.399359703063965,0
2025-12-09,2025-12-09T00:00:00Z,9.39225959777832,9.397910118103027,9.335470199584961,9.393050193786621,0
2025-12-10,2025-12-10T00:00:00Z,9.354269981384277,9.371000289916992,9.306400299072266,9.353890419006348,0
2025-12-11,2025-12-11T00:00:00Z,9.261019706726074,9.285690307617188,9.226280212402344,9.26161003112793,0
2025-12-12,2025-12-12T00:00:00Z,9.249059677124023,9.298930168151855,9.238499641418457,9.250530242919922,0
2025-12-15,2025-12-15T00:00:00Z,9.264849662780762,9.308440208435059,9.252140045166016,9.265789985656738,0
2025-12-16,2025-12-16T00:00:00Z,9.282219886779785,9.315170288085938,9.263609886169434,9.280159950256348,0
2025-12-17,2025-12-17T00:00:00Z,9.298660278320312,9.346969604492188,9.279850006103516,9.297229766845703,0
2025-12-18,2025-12-18T00:00:00Z,9.298430442810059,9.310270309448242,9.263850212097168,9.298609733581543,0
2025-12-19,2025-12-19T00:00:00Z,9.279970169067383,9.321800231933594,9.259300231933594,9.28085994720459,0
2025-12-22,2025-12-22T00:00:00Z,9.264769554138184,9.26887035369873,9.215049743652344,9.266559600830078,0
2025-12-23,2025-12-23T00:00:00Z,9.229820251464844,9.229820251464844,9.16919994354248,9.228599548339844,0
2025-12-24,2025-12-24T00:00:00Z,9.161970138549805,9.173150062561035,9.142900466918945,9.162400245666504,0
2025-12-26,2025-12-26T00:00:00Z,9.171449661254883,9.190070152282715,9.144000053405762,9.169489860534668,0
2025-12-29,2025-12-29T00:00:00Z,9.140040397644043,9.198650360107422,9.140040397644043,9.141770362854004,0
2025-12-30,2025-12-30T00:00:00Z,9.176950454711914,9.219289779663086,9.1587495803833,9.175169944763184,0
2025-12-31,2025-12-31T00:00:00Z,9.193320274353027,9.228400230407715,9.186100006103516,9.194740295410156,0
2026-01-02,2026-01-02T00:00:00Z,9.191679954528809,9.237669944763184,9.180970191955566,9.189510345458984,0
2026-01-05,2026-01-05T00:00:00Z,9.226140022277832,9.255240440368652,9.180879592895508,9.226409912109375,0
2026-01-06,2026-01-06T00:00:00Z,9.174539566040039,9.23069953918457,9.147270202636719,9.174599647521973,0
2026-01-07,2026-01-07T00:00:00Z,9.20166015625,9.221819877624512,9.172100067138672,9.200349807739258,0
2026-01-08,2026-01-08T00:00:00Z,9.182999610900879,9.237750053405762,9.170209884643555,9.183059692382812,0
2026-01-09,2026-01-09T00:00:00Z,9.218199729919434,9.235750198364258,9.198399543762207,9.217000007629395,0
2026-01-12,2026-01-12T00:00:00Z,9.217470169067383,9.218469619750977,9.147700309753418,9.216150283813477,0
2026-01-13,2026-01-13T00:00:00Z,9.167630195617676,9.219070434570312,9.162440299987793,9.166379928588867,0
2026-01-14,2026-01-14T00:00:00Z,9.220379829406738,9.227970123291016,9.17609977722168,9.221590042114258,0
2026-01-15,2026-01-15T00:00:00Z,9.19219970703125,9.24158000946045,9.174699783325195,9.192850112915039,0
2026-01-16,2026-01-16T00:00:00Z,9.213089942932129,9.248319625854492,9.196499824523926,9.212969779968262,0
2026-01-19,2026-01-19T00:00:00Z,9.200980186462402,9.24232006072998,9.189200401306152,9.200860023498535,0
2026-01-20,2026-01-20T00:00:00Z,9.203510284423828,9.215229988098145,9.11128044128418,9.202890396118164,0
2026-01-21,2026-01-21T00:00:00Z,9.1216402053833,9.138750076293945,9.062339782714844,9.121990203857422,0
2026-01-22,2026-01-22T00:00:00Z,9.115699768066406,9.11614990234375,9.012900352478027,9.114890098571777,0
2026-01-23,2026-01-23T00:00:00Z,9.002340316772461,9.037240028381348,8.990360260009766,9.00238037109375,0
2026-01-26,2026-01-26T00:00:00Z,8.902139663696289,8.979419708251953,8.884140014648438,8.911060333251953,0
2026-01-27,2026-01-27T00:00:00Z,8.940360069274902,8.961870193481445,8.808650016784668,8.937820434570312,0
2026-01-28,2026-01-28T00:00:00Z,8.782039642333984,8.883549690246582,8.774609565734863,8.78439998626709,0
2026-01-29,2026-01-29T00:00:00Z,8.815730094909668,8.873729705810547,8.78689956665039,8.815130233764648,0
2026-01-30,2026-01-30T00:00:00Z,8.802980422973633,8.873319625854492,8.789340019226074,8.802579879760742,0
2026-02-02,2026-02-02T00:00:00Z,8.917360305786133,8.974249839782715,8.885430335998535,8.917909622192383,0
2026-02-03,2026-02-03T00:00:00Z,8.959770202636719,8.966449737548828,8.889300346374512,8.960490226745605,0
2026-02-04,2026-02-04T00:00:00Z,8.900070190429688,9.01220989227295,8.879830360412598,8.898249626159668,0
2026-02-05,2026-02-05T00:00:00Z,8.983070373535156,9.053239822387695,8.976149559020996,8.982930183410645,0
2026-02-06,2026-02-06T00:00:00Z,9.060859680175781,9.085700035095215,9.005840301513672,9.055379867553711,0
2026-02-09,2026-02-09T00:00:00Z,9.00160026550293,9.014490127563477,8.917349815368652,8.9993896484375,0
2026-02-10,2026-02-10T00:00:00Z,8.919930458068848,8.944250106811523,8.874130249023438,8.920740127563477,0
2026-02-11,2026-02-11T00:00:00Z,8.889860153198242,8.931220054626465,8.84037971496582,8.885109901428223,0
2026-02-12,2026-02-12T00:00:00Z,8.89169979095459,8.935079574584961,8.864999771118164,8.888059616088867,0
2026-02-13,2026-02-13T00:00:00Z,8.92378044128418,8.962010383605957,8.91094970703125,8.923110008239746,0
2026-02-16,2026-02-16T00:00:00Z,8.89972972869873,8.96819019317627,8.899069786071777,8.905179977416992,0
2026-02-17,2026-02-17T00:00:00Z,8.936189651489258,9.03320026397705,8.936079978942871,8.938400268554688,0
2026-02-18,2026-02-18T00:00:00Z,8.964500427246094,9.002340316772461,8.956859588623047,8.963239669799805,0
2026-02-19,2026-02-19T00:00:00Z,9.031959533691406,9.105050086975098,9.007320404052734,9.036250114440918,0
2026-02-20,2026-02-20T00:00:00Z,9.06820011138916,9.091950416564941,9.017849922180176,9.065389633178711,0
2026-02-23,2026-02-23T00:00:00Z,9.008749961853027,9.094510078430176,9.005180358886719,9.005990028381348,0
2026-02-24,2026-02-24T00:00:00Z,9.061400413513184,9.087160110473633,9.036149978637695,9.059800148010254,0
2026-02-25,2026-02-25T00:00:00Z,9.045169830322266,9.08452033996582,9.008830070495605,9.043869972229004,0
2026-02-26,2026-02-26T00:00:00Z,9.01692008972168,9.079270362854004,9.002280235290527,9.014969825744629,0
2026-02-27,2026-02-27T00:00:00Z,9.047889709472656,9.067299842834473,9.014630317687988,9.048199653625488,0
2026-03-02,2026-03-02T00:00:00Z,9.076089859008789,9.181879997253418,9.035059928894043,9.072059631347656,0
2026-03-03,2026-03-03T00:00:00Z,9.156100273132324,9.348270416259766,9.146599769592285,9.155030250549316,0
2026-03-04,2026-03-04T00:00:00Z,9.25652027130127,9.294899940490723,9.150520324707031,9.255009651184082,0
2026-03-05,2026-03-05T00:00:00Z,9.172800064086914,9.26498031616211,9.160369873046875,9.170439720153809,0
2026-03-06,2026-03-06T00:00:00Z,9.224969863891602,9.270339965820312,9.178970336914062,9.221190452575684,0
2026-03-09,2026-03-09T00:00:00Z,9.263819694519043,9.295760154724121,9.194899559020996,9.2672700881958,0
2026-03-10,2026-03-10T00:00:00Z,9.140950202941895,9.15923023223877,9.098569869995117,9.141960144042969,0
2026-03-11,2026-03-11T00:00:00Z,9.162779808044434,9.222410202026367,9.134869575500488,9.162229537963867,0
2026-03-13,2026-03-13T00:00:00Z,9.343899726867676,9.43655014038086,9.334989547729492,9.34302043914795,0
2026-03-16,2026-03-16T00:00:00Z,9.445779800415039,9.458359718322754,9.34000015258789,9.446920394897461,0
2026-03-17,2026-03-17T00:00:00Z,9.336600303649902,9.382349967956543,9.260600090026855,9.333459854125977,0
2026-03-18,2026-03-18T00:00:00Z,9.270350456237793,9.377650260925293,9.259499549865723,9.272809982299805,0
2026-03-19,2026-03-19T00:00:00Z,9.398260116577148,9.424860000610352,9.328450202941895,9.397870063781738,0
2026-03-20,2026-03-20T00:00:00Z,9.289959907531738,9.388930320739746,9.27614974975586,9.287039756774902,0
2026-03-23,2026-03-23T00:00:00Z,9.343700408935547,9.494199752807617,9.269350051879883,9.342849731445312,0
2026-03-24,2026-03-24T00:00:00Z,9.328700065612793,9.38267993927002,9.286250114440918,9.328149795532227,0
2026-03-25,2026-03-25T00:00:00Z,9.300629615783691,9.346750259399414,9.267350196838379,9.303000450134277,0
2026-03-26,2026-03-26T00:00:00Z,9.348899841308594,9.420160293579102,9.331979751586914,9.348690032958984,0
2026-03-27,2026-03-27T00:00:00Z,9.421319961547852,9.45514965057373,9.412449836730957,9.421500205993652,0
2026-03-30,2026-03-30T00:00:00Z,9.473990440368652,9.564940452575684,9.446999549865723,9.475330352783203,0
2026-03-31,2026-03-31T00:00:00Z,9.557049751281738,9.58096981048584,9.473690032958984,9.557049751281738,0
2026-04-01,2026-04-01T00:00:00Z,9.447279930114746,9.461299896240234,9.354849815368652,9.445590019226074,0
2026-04-02,2026-04-02T00:00:00Z,9.407389640808105,9.510849952697754,9.383230209350586,9.405139923095703,0
2026-04-03,2026-04-03T00:00:00Z,9.407139778137207,9.47449016571045,9.400449752807617,9.408439636230469,0
2026-04-06,2026-04-06T00:00:00Z,9.47262954711914,9.48859977722168,9.380249977111816,9.473509788513184,0
2026-04-07,2026-04-07T00:00:00Z,9.447070121765137,9.559049606323242,9.445469856262207,9.447440147399902,0
2026-04-08,2026-04-08T00:00:00Z,9.328789710998535,9.345210075378418,9.172889709472656,9.330470085144043,0
2026-04-09,2026-04-09T00:00:00Z,9.31937026977539,9.34000015258789,9.277029991149902,9.3154296875,0
2026-04-10,2026-04-10T00:00:00Z,9.283419609069824,9.322030067443848,9.208849906921387,9.283040046691895,0
2026-04-13,2026-04-13T00:00:00Z,9.329580307006836,9.336350440979004,9.20044994354248,9.324589729309082,0
2026-04-14,2026-04-14T00:00:00Z,9.181400299072266,9.193779945373535,9.143819808959961,9.176730155944824,0
2026-04-15,2026-04-15T00:00:00Z,9.172149658203125,9.222940444946289,9.151800155639648,9.171310424804688,0
2026-04-16,2026-04-16T00:00:00Z,9.148050308227539,9.193360328674316,9.117030143737793,9.150489807128906,0
2026-04-17,2026-04-17T00:00:00Z,9.192090034484863,9.197290420532227,9.084449768066406,9.191889762878418,0
2026-04-20,2026-04-20T00:00:00Z,9.190810203552246,9.194290161132812,9.11769962310791,9.19242000579834,0
2026-04-21,2026-04-21T00:00:00Z,9.122639656066895,9.1668701171875,9.111390113830566,9.119660377502441,0
2026-04-22,2026-04-22T00:00:00Z,9.178279876708984,9.199219703674316,9.14188003540039,9.179929733276367,0
2026-04-23,2026-04-23T00:00:00Z,9.2076997756958,9.250249862670898,9.196069717407227,9.202190399169922,0
2026-04-24,2026-04-24T00:00:00Z,9.256790161132812,9.27632999420166,9.217000007629395,9.256400108337402,0
2026-04-28,2026-04-28T00:00:00Z,9.211970329284668,9.295249938964844,9.207599639892578,9.211050033569336,0
2026-04-29,2026-04-29T00:00:00Z,9.258179664611816,9.307430267333984,9.254199981689453,9.257719993591309,0
2026-04-30,2026-04-30T00:00:00Z,9.30270004272461,9.337249755859375,9.233200073242188,9.304550170898438,0
2026-05-01,2026-05-01T00:00:00Z,9.231719970703125,9.251150131225586,9.161060333251953,9.23073959350586,0
2026-05-04,2026-05-04T00:00:00Z,9.21111011505127,9.284549713134766,9.193079948425293,9.211480140686035,0
2026-05-05,2026-05-05T00:00:00Z,9.28950023651123,9.315329551696777,9.236729621887207,9.28654956817627,0
2026-05-06,2026-05-06T00:00:00Z,9.239270210266113,9.254050254821777,9.16510009765625,9.238160133361816,0
2026-05-07,2026-05-07T00:00:00Z,9.237950325012207,9.249449729919434,9.188150405883789,9.237549781799316,0
2026-05-08,2026-05-08T00:00:00Z,9.274829864501953,9.285940170288086,9.19064998626709,9.27692985534668,0
2026-05-11,2026-05-11T00:00:00Z,9.239910125732422,9.264949798583984,9.206700325012207,9.242670059204102,0
2026-05-13,2026-05-13T00:00:00Z,9.293009757995605,9.334699630737305,9.26963996887207,9.292770385742188,0
2026-05-14,2026-05-14T00:00:00Z,9.322919845581055,9.351070404052734,9.30331039428711,9.321080207824707,0
2026-05-15,2026-05-15T00:00:00Z,9.401049613952637,9.457969665527344,9.384710311889648,9.40155029296875,0
2026-05-18,2026-05-18T00:00:00Z,9.450750350952148,9.469579696655273,9.375650405883789,9.451689720153809,0
2026-05-19,2026-05-19T00:00:00Z,9.382650375366211,9.435919761657715,9.37522029876709,9.378450393676758,0
2026-05-20,2026-05-20T00:00:00Z,9.401849746704102,9.418680191040039,9.312199592590332,9.397000312805176,0
2026-05-21,2026-05-21T00:00:00Z,9.336219787597656,9.399900436401367,9.314809799194336,9.328169822692871,0
2026-05-22,2026-05-22T00:00:00Z,9.34136962890625,9.374349594116211,9.323909759521484,9.336770057678223,0
2026-05-25,2026-05-25T00:00:00Z,9.311249732971191,9.317700386047363,9.262200355529785,9.310250282287598,0
2026-05-26,2026-05-26T00:00:00Z,9.295350074768066,9.33745002746582,9.278280258178711,9.294819831848145,0
2026-05-27,2026-05-27T00:00:00Z,9.288399696350098,9.30385971069336,9.235199928283691,9.287659645080566,0
2026-05-28,2026-05-28T00:00:00Z,9.30408000946045,9.34904956817627,9.250140190124512,9.298720359802246,0
2026-05-29,2026-05-29T00:00:00Z,9.248390197753906,9.265850067138672,9.208749771118164,9.249110221862793,0
2026-06-01,2026-06-01T00:00:00Z,9.239540100097656,9.32938003540039,9.221389770507812,9.239130020141602,0
2026-06-02,2026-06-02T00:00:00Z,9.306750297546387,9.312410354614258,9.271599769592285,9.306750297546387,0
2026-06-03,2026-06-03T00:00:00Z,9.329440116882324,9.396650314331055,9.306010246276855,9.328780174255371,0
2026-06-04,2026-06-04T00:00:00Z,9.390890121459961,9.396949768066406,9.330960273742676,9.387129783630371,0
2026-06-05,2026-06-05T00:00:00Z,9.37440013885498,9.461050033569336,9.321109771728516,9.37440013885498,0
2026-06-08,2026-06-08T00:00:00Z,9.462380409240723,9.482170104980469,9.397850036621094,9.461950302124023,0
2026-06-09,2026-06-09T00:00:00Z,9.439820289611816,9.468090057373047,9.391730308532715,9.440130233764648,0
2026-06-10,2026-06-10T00:00:00Z,9.479769706726074,9.506750106811523,9.447919845581055,9.482990264892578,0
2026-06-11,2026-06-11T00:00:00Z,9.51099967956543,9.55640983581543,9.471480369567871,9.516039848327637,0
2026-06-12,2026-06-12T00:00:00Z,9.446990013122559,9.477049827575684,9.394100189208984,9.44221019744873,0
2026-06-15,2026-06-15T00:00:00Z,9.376899719238281,9.388250350952148,9.336219787597656,9.384420394897461,0
2026-06-16,2026-06-16T00:00:00Z,9.395589828491211,9.42294979095459,9.353890419006348,9.396869659423828,0
2026-06-17,2026-06-17T00:00:00Z,9.360899925231934,9.407910346984863,9.339269638061523,9.357489585876465,0
2026-06-18,2026-06-18T00:00:00Z,9.499810218811035,9.591859817504883,9.460820198059082,9.508660316467285,0
2026-06-19,2026-06-19T00:00:00Z,9.57411003112793,9.629549980163574,9.559749603271484,9.582220077514648,0
2026-06-22,2026-06-22T00:00:00Z,9.584790229797363,9.616140365600586,9.565549850463867,9.588760375976562,0
2026-06-23,2026-06-23T00:00:00Z,9.621210098266602,9.736419677734375,9.587750434875488,9.619629859924316,0
2026-06-24,2026-06-24T00:00:00Z,9.73466968536377,9.793450355529785,9.707380294799805,9.734390258789062,0
2026-06-25,2026-06-25T00:00:00Z,9.755470275878906,9.76945972442627,9.703949928283691,9.7535400390625,0
2026-06-26,2026-06-26T00:00:00Z,9.737030029296875,9.76194953918457,9.682499885559082,9.74032974243164,0
2026-06-29,2026-06-29T00:00:00Z,9.735799789428711,9.741499900817871,9.699399948120117,9.734749794006348,0
2026-06-30,2026-06-30T00:00:00Z,9.714189529418945,9.748350143432617,9.67492961883545,9.70895004272461,0
2026-07-01,2026-07-01T00:00:00Z,9.706600189208984,9.7666597366333,9.695679664611816,9.705710411071777,0
2026-07-02,2026-07-02T00:00:00Z,9.719619750976562,9.73069953918457,9.63502025604248,9.719539642333984,0
2026-07-03,2026-07-03T00:00:00Z,9.683380126953125,9.690739631652832,9.628700256347656,9.683899879455566,0
2026-07-06,2026-07-06T00:00:00Z,9.64013957977295,9.672630310058594,9.624629974365234,9.640239715576172,0
2026-07-07,2026-07-07T00:00:00Z,9.623950004577637,9.674469947814941,9.609820365905762,9.62460994720459,0
2026-07-08,2026-07-08T00:00:00Z,9.70341968536377,9.740949630737305,9.668120384216309,9.699130058288574,0
2026-07-09,2026-07-09T00:00:00Z,9.666449546813965,9.703359603881836,9.646929740905762,9.690239906311035,0
2026-07-10,2026-07-10T00:00:00Z,9.660149574279785,9.665249824523926,9.610210418701172,9.65941047668457,0
2026-07-13,2026-07-13T00:00:00Z,9.679670333862305,9.704649925231934,9.637049674987793,9.678930282592773,0
2026-07-14,2026-07-14T00:00:00Z,9.713170051574707,9.725150108337402,9.596879959106445,9.71448040008545,0
2026-07-15,2026-07-15T00:00:00Z,9.653129577636719,9.685859680175781,9.617600440979004,9.655759811401367,0
2026-07-16,2026-07-16T00:00:00Z,9.588600158691406,9.648420333862305,9.577589988708496,9.591070175170898,0
2026-07-17,2026-07-17T00:00:00Z,9.639389991760254,9.67002010345459,9.631389617919922,9.639880180358887,0
2026-07-20,2026-07-20T00:00:00Z,9.666600227355957,9.691740036010742,9.632519721984863,9.66746997833252,0
2026-07-21,2026-07-21T00:00:00Z,9.683219909667969,9.711469650268555,9.656900405883789,9.684800148010254,0
2026-07-22,2026-07-22T00:00:00Z,9.703370094299316,9.721650123596191,9.683050155639648,9.705940246582031,0
2026-07-23,2026-07-23T00:00:00Z,9.693940162658691,9.776240348815918,9.664779663085938,9.695799827575684,0
2026-07-24,2026-07-24T00:00:00Z,9.757840156555176,9.757840156555176,9.689789772033691,9.756489753723145,0
2026-07-27,2026-07-27T00:00:00Z,9.6739501953125,9.733989715576172,9.654330253601074,9.675809860229492,0
2026-07-28,2026-07-28T00:00:00Z,9.72504997253418,9.748760223388672,9.677599906921387,9.720479965209961,0
2026-07-29,2026-07-29T00:00:00Z,9.694350242614746,9.727669715881348,9.665599822998047,9.691349983215332,0
2026-07-30,2026-07-30T00:00:00Z,9.640549659729004,9.67354965209961,9.51101016998291,9.64087963104248,0
2026-07-31,2026-07-31T00:00:00Z,9.53915023803711,9.603899955749512,9.508000373840332,9.5381498336792,0
2026-08-03,2026-08-03T00:00:00Z,9.503459930419922,9.566869735717773,9.47677993774414,9.502530097961426,0
2026-08-04,2026-08-04T00:00:00Z,9.565449714660645,9.572480201721191,9.524829864501953,9.566450119018555,0
2026-08-05,2026-08-05T00:00:00Z,9.517499923706055,9.535869598388672,9.470049858093262,9.514679908752441,0
2026-08-06,2026-08-06T00:00:00Z,9.482950210571289,9.515680313110352,9.456669807434082,9.48031997680664,0
2026-08-07,2026-08-07T00:00:00Z,9.512590408325195,9.520549774169922,9.43655014038086,9.511739730834961,0
2026-08-10,2026-08-10T00:00:00Z,9.483559608459473,9.514399528503418,9.465720176696777,9.482950210571289,0
2026-08-11,2026-08-11T00:00:00Z,9.487250328063965,9.521080017089844,9.47577953338623,9.485099792480469,0
2026-08-12,2026-08-12T00:00:00Z,9.51928997039795,9.556320190429688,9.496899604797363,9.517069816589355,0
2026-08-13,2026-08-13T00:00:00Z,9.576250076293945,9.598150253295898,9.533329963684082,9.57761001586914,0
2026-08-14,2026-08-14T00:00:00Z,9.557310104370117,9.562950134277344,9.496600151062012,9.557160377502441,0
2026-08-18,2026-08-18T00:00:00Z,9.5064697265625,9.534110069274902,9.494500160217285,9.506699562072754,0
2026-08-19,2026-08-19T00:00:00Z,9.534950256347656,9.544190406799316,9.429459571838379,9.534549713134766,0
2026-08-20,2026-08-20T00:00:00Z,9.440549850463867,9.494429588317871,9.419320106506348,9.440699577331543,0
2026-08-21,2026-08-21T00:00:00Z,9.475930213928223,9.47974967956543,9.444700241088867,9.47488021850586,0
2026-08-24,2026-08-24T00:00:00Z,9.464099884033203,9.507010459899902,9.455880165100098,9.469619750976562,0
2026-08-25,2026-08-25T00:00:00Z,9.490679740905762,9.5206298828125,9.460769653320312,9.49055004119873,0
2026-08-26,2026-08-26T00:00:00Z,9.452619552612305,9.540960311889648,9.440380096435547,9.452150344848633,0
2026-08-27,2026-08-27T00:00:00Z,9.524519920349121,9.540749549865723,9.500200271606445,9.523189544677734,0
2026-08-28,2026-08-28T00:00:00Z,9.509909629821777,9.595749855041504,9.503729820251465,9.513970375061035,0
2026-08-31,2026-08-31T00:00:00Z,9.606030464172363,9.61223030090332,9.571100234985352,9.60634994506836,0
2026-09-01,2026-09-01T00:00:00Z,9.576379776000977,9.6045503616333,9.55912971496582,9.576009750366211,0
2026-09-02,2026-09-02T00:00:00Z,9.618399620056152,9.667380332946777,9.607600212097168,9.615300178527832,0
2026-09-03,2026-09-03T00:00:00Z,9.630439758300781,9.63245964050293,9.547200202941895,9.630809783935547,0
2026-09-04,2026-09-04T00:00:00Z,9.53400993347168,9.59154987335205,9.515270233154297,9.53402042388916,0
2026-09-07,2026-09-07T00:00:00Z,9.575300216674805,9.61122989654541,9.56760025024414,9.575119972229004,0
2026-09-08,2026-09-08T00:00:00Z,9.591279983520508,9.617679595947266,9.577340126037598,9.589900016784668,0
2026-09-09,2026-09-09T00:00:00Z,9.579669952392578,9.609439849853516,9.562359809875488,9.583259582519531,0
2026-09-10,2026-09-10T00:00:00Z,9.592320442199707,9.682330131530762,9.57411003112793,9.590180397033691,0
2026-09-11,2026-09-11T00:00:00Z,9.684849739074707,9.719539642333984,9.666999816894531,9.685759544372559,0
2026-09-14,2026-09-14T00:00:00Z,9.703300476074219,9.80033016204834,9.703300476074219,9.70341968536377,0
2026-09-15,2026-09-15T00:00:00Z,9.7595796585083,9.788849830627441,9.758099555969238,9.76123046875,0
2026-09-16,2026-09-16T00:00:00Z,9.779500007629395,9.799449920654297,9.758959770202637,9.77910041809082,0
2026-09-17,2026-09-17T00:00:00Z,9.853349685668945,9.85867977142334,9.786470413208008,9.85237979888916,0
2026-09-18,2026-09-18T00:00:00Z,9.823809623718262,9.872650146484375,9.792240142822266,9.821610450744629,0
2026-09-21,2026-09-21T00:00:00Z,9.835880279541016,9.842659950256348,9.806400299072266,9.834839820861816,0
2026-09-22,2026-09-22T00:00:00Z,9.838640213012695,9.87279987335205,9.792340278625488,9.835599899291992,0
2026-09-23,2026-09-23T00:00:00Z,9.834609985351562,9.917449951171875,9.822090148925781,9.830240249633789,0
2026-09-24,2026-09-24T00:00:00Z,9.91804027557373,9.954580307006836,9.866999626159668,9.915080070495605,0
2026-09-25,2026-09-25T00:00:00Z,9.931059837341309,9.931059837341309,9.892279624938965,9.927709579467773,0
2026-09-28,2026-09-28T00:00:00Z,9.933170318603516,9.986289978027344,9.9139404296875,9.933520317077637,0
2026-09-29,2026-09-29T00:00:00Z,9.951290130615234,10.020589828491211,9.946419715881348,9.959309577941895,0
2026-09-30,2026-09-30T00:00:00Z,9.968310356140137,10.006400108337402,9.944700241088867,9.997209548950195,0
